(1779054377.352800) can0 0000E005#1761480003B60591
(1779054377.353382) can0 1806E5F4#13DC010003B6023A
(1779054377.354244) can0 0000E000#13DC13DC020E0000
(1779054377.355225) can0 0000E004#1A1A03B603B601E3
(1779054377.356225) can0 0000E006#0CD90CD90CD90CD9
(1779054377.357258) can0 0000E007#0CD90CD90CD90CD9
(1779054377.358225) can0 0000E008#0CD90CD90CD90CD9
(1779054377.359219) can0 0000E009#0CD90CD90CD90CD9
(1779054377.360263) can0 0000E010#0000000000000000
(1779054377.361262) can0 0000E011#0000000000000000
(1779054377.362248) can0 0000E012#0CD9000000000000
(1779054377.363203) can0 0000E013#4542323630354C43
(1779054377.364243) can0 0000E014#3134323300000000
(1779054377.365306) can0 0000E015#0000000000000003
(1779054377.366268) can0 0000F000#0000000000000000
(1779054377.367261) can0 0000F001#0000000000000000
(1779054377.368250) can0 18FF28F4#10320000020E0000
(1779054377.369219) can0 18FE28F4#0CD90CD942420000
(1779054377.370249) can0 18FD28F4#1761FA6F00000000
(1779054377.371160) can0 4D4#000032007D0E0203
(1779054377.372128) can0 4D5#D90CD90C42420000
(1779054377.373276) can0 18914010#0CD9090CD9010000
(1779054377.374238) can0 18904010#020E020E753001FC
(1779054377.375237) can0 18924010#4201420100000000
(1779054377.376232) can0 18934010#000000250000BCAD
(1779054377.377250) can0 18944010#1003000000000000
(1779054377.378263) can0 18954010#0000000000000000
(1779054377.379269) can0 18954010#0100000000000000
(1779054377.380257) can0 18954010#0200000000000000
(1779054377.381307) can0 18954010#0300000000000000
(1779054377.382257) can0 18954010#0400000000000000
(1779054377.383251) can0 18954010#0500000000000000
(1779054377.384232) can0 18964010#0042424200000000
(1779054377.385262) can0 18974010#0000000000000000
(1779054377.386259) can0 18984010#0000000000000000
(1779054377.387235) can0 18FA28F4#713EA12C10270000
(1779054377.388219) can0 18FB28F4#D90CD90C42420000
(1779054377.389248) can0 18FC28F4#383200000E020000
(1779054377.390232) can0 18F810F3#0E02E80332640100
(1779054377.391231) can0 18F811F3#D90C0901D90C0101
(1779054377.392244) can0 18F812F3#4201014201010000
(1779054377.393252) can0 18F813F3#0101000000000000
(1779054377.394237) can0 18F814F3#3200491BA9015F00
(1779054377.395267) can0 18F815F3#0000000010030000
(1779054377.396167) can0 273#000000000E023200
(1779054377.397146) can0 1E1#020E271001FC01FC
(1779054377.398174) can0 1F5#0000000000000000
(1779054377.399244) can0 0800A6A9#0000000000000000
(1779054377.400213) can0 1000A6A9#0E028813324C4C4C
(1779054377.401243) can0 1C00A6A9#0000000000030000
(1779054377.402257) can0 02018100#1003020E00000000
(1779054377.403259) can0 02028100#0000003264000000
(1779054377.404238) can0 02038100#0CD901090CD90101
(1779054377.405237) can0 02048100#4C01014C01010000
(1779054377.406125) can0 1AD#8E14000059321A1A
(1779054377.407137) can0 2AD#D90C800C8E140016
(1779054377.408151) can0 3AD#0000000000008E14
(1779054377.409164) can0 4AD#EB00000000000000
(1779054377.410176) can0 76A#7F00000000000000
(1779054377.468835) can0 0000E005#1761480003B60591
(1779054377.469440) can0 1806E5F4#13DC010003B6023A
(1779054377.470254) can0 0000E000#13DC13DC020E0000
(1779054377.471232) can0 0000E004#1A1A03B603B601E3
(1779054377.472218) can0 0000E006#0CD90CD90CD90CD9
(1779054377.473212) can0 0000E007#0CD90CD90CD90CD9
(1779054377.474211) can0 0000E008#0CD90CD90CD90CD9
(1779054377.475224) can0 0000E009#0CD90CD90CD90CD9
(1779054377.476274) can0 0000E010#0000000000000000
(1779054377.477267) can0 0000E011#0000000000000000
(1779054377.478254) can0 0000E012#0CD9000000000000
(1779054377.479263) can0 0000F001#0000000000000000
(1779054377.480248) can0 18FF28F4#10320000020E0000
(1779054377.481211) can0 18FE28F4#0CD90CD942420000
(1779054377.482243) can0 18FD28F4#1761FA6F00000000
(1779054377.483152) can0 4D4#000032007D0E0203
(1779054377.484128) can0 4D5#D90CD90C42420000
(1779054377.485223) can0 18914010#0CD9090CD9010000
(1779054377.486235) can0 18904010#020E020E753001FC
(1779054377.487250) can0 18FA28F4#713EA12C10270000
(1779054377.488218) can0 18FB28F4#D90CD90C42420000
(1779054377.489244) can0 18FC28F4#383200000E020000
(1779054377.490230) can0 18F810F3#0E02E80332640100
(1779054377.491259) can0 18F815F3#0000000010030000
(1779054377.492161) can0 273#000000000E023200
(1779054377.493142) can0 1E1#020E271001FC01FC
(1779054377.494173) can0 1F5#0000000000000000
(1779054377.495268) can0 0800A6A9#0000000000000000
(1779054377.496224) can0 1000A6A9#0E028813324C4C4C
(1779054377.497252) can0 1C00A6A9#0000000000030000
(1779054377.498263) can0 02018100#1003020E00000000
(1779054377.499265) can0 02028100#0000003264000000
(1779054377.500238) can0 02038100#0CD901090CD90101
(1779054377.501238) can0 02048100#4C01014C01010000
(1779054377.502123) can0 1AD#8E14000059321A1A
(1779054377.503167) can0 2AD#D90C800C8E140016
(1779054377.504149) can0 3AD#0000000000008E14
(1779054377.505161) can0 4AD#EB00000000000000
(1779054377.506154) can0 76A#7F00000000000000
(1779054377.568793) can0 0000E005#1761480003B60591
(1779054377.569385) can0 1806E5F4#13DC010003B6023A
(1779054377.570235) can0 0000E000#13DC13DC020E0000
(1779054377.571234) can0 0000E004#1A1A03B603B601E3
(1779054377.572228) can0 0000E006#0CD90CD90CD90CD9
(1779054377.573210) can0 0000E007#0CD90CD90CD90CD9
(1779054377.574209) can0 0000E008#0CD90CD90CD90CD9
(1779054377.575211) can0 0000E009#0CD90CD90CD90CD9
(1779054377.576252) can0 0000E010#0000000000000000
(1779054377.577253) can0 0000E011#0000000000000000
(1779054377.578254) can0 0000E012#0CD9000000000000
(1779054377.579268) can0 0000F001#0000000000000000
(1779054377.580275) can0 18FF28F4#10320000020E0000
(1779054377.581211) can0 18FE28F4#0CD90CD942420000
(1779054377.582229) can0 18FD28F4#1761FA6F00000000
(1779054377.583147) can0 4D4#000032007D0E0203
(1779054377.584127) can0 4D5#D90CD90C42420000
(1779054377.585223) can0 18914010#0CD9090CD9010000
(1779054377.586224) can0 18904010#020E020E753001FC
(1779054377.587236) can0 18FA28F4#713EA12C10270000
(1779054377.588247) can0 18FB28F4#D90CD90C42420000
(1779054377.589229) can0 18FC28F4#383200000E020000
(1779054377.590216) can0 18F810F3#0E02E80332640100
(1779054377.591262) can0 18F815F3#0000000010030000
(1779054377.592137) can0 273#000000000E023200
(1779054377.593140) can0 1E1#020E271001FC01FC
(1779054377.594153) can0 1F5#0000000000000000
(1779054377.595250) can0 0800A6A9#0000000000000000
(1779054377.596253) can0 1000A6A9#0E028813324C4C4C
(1779054377.597253) can0 1C00A6A9#0000000000030000
(1779054377.598246) can0 02018100#1003020E00000000
(1779054377.599244) can0 02028100#0000003264000000
(1779054377.600218) can0 02038100#0CD901090CD90101
(1779054377.601236) can0 02048100#4C01014C01010000
(1779054377.602122) can0 1AD#8E14000059321A1A
(1779054377.603135) can0 2AD#D90C800C8E140016
(1779054377.604145) can0 3AD#0000000000008E14
(1779054377.605160) can0 4AD#EB00000000000000
(1779054377.606160) can0 76A#7F00000000000000
(1779054377.668784) can0 0000E005#1761480003B60591
(1779054377.669366) can0 1806E5F4#13DC010003B6023A
(1779054377.670236) can0 0000E000#13DC13DC020E0000
(1779054377.671229) can0 0000E004#1A1A03B603B601E3
(1779054377.672216) can0 0000E006#0CD90CD90CD90CD9
(1779054377.673251) can0 0000E007#0CD90CD90CD90CD9
(1779054377.674209) can0 0000E008#0CD90CD90CD90CD9
(1779054377.675209) can0 0000E009#0CD90CD90CD90CDA
(1779054377.676253) can0 0000E010#0000000000000000
(1779054377.677248) can0 0000E011#0000000000000000
(1779054377.678234) can0 0000E012#0CD9000100000000
(1779054377.679267) can0 0000F001#0000000000000000
(1779054377.680248) can0 18FF28F4#10320000020E0000
(1779054377.681216) can0 18FE28F4#0CDA0CD942420000
(1779054377.682229) can0 18FD28F4#1761FA6F00000000
(1779054377.683146) can0 4D4#000032007D0E0203
(1779054377.684127) can0 4D5#D90CDA0C42420000
(1779054377.685221) can0 18914010#0CDA100CD9020000
(1779054377.686221) can0 18904010#020E020E753001FC
(1779054377.687236) can0 18FA28F4#713EA12C10270000
(1779054377.688215) can0 18FB28F4#DA0CD90C42420000
(1779054377.689228) can0 18FC28F4#383200000E020000
(1779054377.690209) can0 18F810F3#0E02E80332640100
(1779054377.691242) can0 18F815F3#0000000010030000
(1779054377.692146) can0 273#000000000E023200
(1779054377.693127) can0 1E1#020E271001FC01FC
(1779054377.694159) can0 1F5#0000000000000000
(1779054377.695254) can0 0800A6A9#0000000000000000
(1779054377.696204) can0 1000A6A9#0E028813324C4C4C
(1779054377.697236) can0 1C00A6A9#0000000000030000
(1779054377.698250) can0 02018100#1003020E00000000
(1779054377.699253) can0 02028100#0000003264000000
(1779054377.700229) can0 02038100#0CDA01100CD90102
(1779054377.701232) can0 02048100#4C01014C01010000
(1779054377.702121) can0 1AD#8E14000059321A1A
(1779054377.703122) can0 2AD#DA0C800C8E140016
(1779054377.704153) can0 3AD#0000000000008E14
(1779054377.705146) can0 4AD#EB00000000000000
(1779054377.706160) can0 76A#7F00000000000000
(1779054377.768821) can0 0000E005#1761480003B60591
(1779054377.769412) can0 1806E5F4#13DC010003B6023A
(1779054377.770225) can0 0000E000#13DC13DC020E0000
(1779054377.771227) can0 0000E004#1A1A03B603B601E3
(1779054377.772208) can0 0000E006#0CD90CD90CD90CD9
(1779054377.773207) can0 0000E007#0CD90CD90CD90CD9
(1779054377.774200) can0 0000E008#0CD90CD90CD90CD9
(1779054377.775201) can0 0000E009#0CD90CD90CD90CDA
(1779054377.776252) can0 0000E010#0000000000000000
(1779054377.777247) can0 0000E011#0000000000000000
(1779054377.778234) can0 0000E012#0CD9000100000000
(1779054377.779260) can0 0000F001#0000000000000000
(1779054377.780246) can0 18FF28F4#10320000020E0000
(1779054377.781209) can0 18FE28F4#0CDA0CD942420000
(1779054377.782220) can0 18FD28F4#1761FA6F00000000
(1779054377.783139) can0 4D4#000032007D0E0203
(1779054377.784119) can0 4D5#D90CDA0C42420000
(1779054377.785215) can0 18914010#0CDA100CD9020000
(1779054377.786207) can0 18904010#020E020E753001FC
(1779054377.787228) can0 18FA28F4#713EA12C10270000
(1779054377.788208) can0 18FB28F4#DA0CD90C42420000
(1779054377.789227) can0 18FC28F4#383200000E020000
(1779054377.790222) can0 18F810F3#0E02E80332640100
(1779054377.791253) can0 18F815F3#0000000010030000
(1779054377.792159) can0 273#000000000E023200
(1779054377.793139) can0 1E1#020E271001FC01FC
(1779054377.794160) can0 1F5#0000000000000000
(1779054377.795260) can0 0800A6A9#0000000000000000
(1779054377.796214) can0 1000A6A9#0E028813324C4C4C
(1779054377.797241) can0 1C00A6A9#0000000000030000
(1779054377.798255) can0 02018100#1003020E00000000
(1779054377.799243) can0 02028100#0000003264000000
(1779054377.800222) can0 02038100#0CDA01100CD90102
(1779054377.801234) can0 02048100#4C01014C01010000
(1779054377.802114) can0 1AD#8E14000059321A1A
(1779054377.803147) can0 2AD#DA0C800C8E140016
(1779054377.804140) can0 3AD#0000000000008E14
(1779054377.805152) can0 4AD#EB00000000000000
(1779054377.806144) can0 76A#7F00000000000000
(1779054377.885826) can0 0000E005#1761480003B60591
(1779054377.886410) can0 1806E5F4#13DC010003B6023A
(1779054377.887228) can0 0000E000#13DC13DC020E0000
(1779054377.888238) can0 0000E004#1A1A03B603B601E3
(1779054377.889207) can0 0000E006#0CD90CD90CD90CD9
(1779054377.890207) can0 0000E007#0CD90CD90CD90CD9
(1779054377.891208) can0 0000E008#0CD90CD90CD90CD9
(1779054377.892204) can0 0000E009#0CD90CD90CD90CD9
(1779054377.893257) can0 0000E010#0000000000000000
(1779054377.894252) can0 0000E011#0000000000000000
(1779054377.895253) can0 0000E012#0CD9000000000000
(1779054377.896242) can0 0000E013#4542323630354C43
(1779054377.897223) can0 0000E014#3134323300000000
(1779054377.898235) can0 0000E015#0000000000000003
(1779054377.899262) can0 0000F000#0000000000000000
(1779054377.900250) can0 0000F001#0000000000000000
(1779054377.901237) can0 18FF28F4#10320000020E0000
(1779054377.902215) can0 18FE28F4#0CD90CD942420000
(1779054377.903231) can0 18FD28F4#1761FA6F00000000
(1779054377.904196) can0 4D4#000032007D0E0203
(1779054377.905112) can0 4D5#D90CD90C42420000
(1779054377.906205) can0 18914010#0CD9090CD9010000
(1779054377.907222) can0 18904010#020E020E753001FC
(1779054377.908211) can0 18924010#4201420100000000
(1779054377.909216) can0 18934010#000000260000BCAD
(1779054377.910228) can0 18944010#1003000000000000
(1779054377.911261) can0 18954010#0000000000000000
(1779054377.912308) can0 18954010#0100000000000000
(1779054377.913242) can0 18954010#0200000000000000
(1779054377.914240) can0 18954010#0300000000000000
(1779054377.915255) can0 18954010#0400000000000000
(1779054377.916236) can0 18954010#0500000000000000
(1779054377.917237) can0 18964010#0042424200000000
(1779054377.918248) can0 18974010#0000000000000000
(1779054377.919246) can0 18984010#0000000000000000
(1779054377.920219) can0 18FA28F4#713EA12C10270000
(1779054377.921205) can0 18FB28F4#D90CD90C42420000
(1779054377.922235) can0 18FC28F4#383200000E020000
(1779054377.923217) can0 18F810F3#0E02E80332640100
(1779054377.924209) can0 18F811F3#D90C0901D90C0101
(1779054377.925224) can0 18F812F3#4201014201010000
(1779054377.926255) can0 18F813F3#0101000000000000
(1779054377.927217) can0 18F814F3#3200491BA9015F00
(1779054377.928249) can0 18F815F3#0000000010030000
(1779054377.929148) can0 273#000000000E023200
(1779054377.930128) can0 1E1#020E271001FC01FC
(1779054377.931155) can0 1F5#0000000000000000
(1779054377.932245) can0 0800A6A9#0000000000000000
(1779054377.933198) can0 1000A6A9#0E028813324C4C4C
(1779054377.934230) can0 1C00A6A9#0000000000030000
(1779054377.935245) can0 02018100#1003020E00000000
(1779054377.936241) can0 02028100#0000003264000000
(1779054377.937223) can0 02038100#0CD901090CD90101
(1779054377.938224) can0 02048100#4C01014C01010000
(1779054377.939110) can0 1AD#8E14000059321A1A
(1779054377.940129) can0 2AD#D90C800C8E140016
(1779054377.941159) can0 3AD#0000000000008E14
(1779054377.942154) can0 4AD#EB00000000000000
(1779054377.943151) can0 76A#7F00000000000000
(1779054378.025810) can0 0000E005#1761480003B60591
(1779054378.026418) can0 1806E5F4#13DC010003B6023A
(1779054378.027232) can0 0000E000#13DC13DC020E0000
(1779054378.028210) can0 0000E004#1A1A03B603B601E3
(1779054378.029192) can0 0000E006#0CD90CD90CD90CD9
(1779054378.030191) can0 0000E007#0CD90CD90CD90CD9
(1779054378.031192) can0 0000E008#0CD90CD90CD90CD9
(1779054378.032201) can0 0000E009#0CD90CD90CD90CD9
(1779054378.033247) can0 0000E010#0000000000000000
(1779054378.034266) can0 0000E011#0000000000000000
(1779054378.035229) can0 0000E012#0CD9000000000000
(1779054378.036248) can0 0000F001#0000000000000000
(1779054378.037225) can0 18FF28F4#10320000020E0000
(1779054378.038191) can0 18FE28F4#0CD90CD942420000
(1779054378.039222) can0 18FD28F4#1761FA6F00000000
(1779054378.040140) can0 4D4#000032007D0E0203
(1779054378.041098) can0 4D5#D90CD90C42420000
(1779054378.042236) can0 18914010#0CD9090CD9010000
(1779054378.043216) can0 18904010#020E020E753001FC
(1779054378.044218) can0 18FA28F4#713EA12C10270000
(1779054378.045197) can0 18FB28F4#D90CD90C42420000
(1779054378.046225) can0 18FC28F4#383200000E020000
(1779054378.047210) can0 18F810F3#0E02E80332640100
(1779054378.048236) can0 18F815F3#0000000010030000
(1779054378.049136) can0 273#000000000E023200
(1779054378.050172) can0 1E1#020E271001FC01FC
(1779054378.051154) can0 1F5#0000000000000000
(1779054378.052229) can0 0800A6A9#0000000000000000
(1779054378.053189) can0 1000A6A9#0E028813324C4C4C
(1779054378.054228) can0 1C00A6A9#0000000000030000
(1779054378.055243) can0 02018100#1003020E00000000
(1779054378.056237) can0 02028100#0000003264000000
(1779054378.057223) can0 02038100#0CD901090CD90101
(1779054378.058268) can0 02048100#4C01014C01010000
(1779054378.059104) can0 1AD#8E14000059321A1A
(1779054378.060115) can0 2AD#D90C800C8E140016
(1779054378.061141) can0 3AD#0000000000008E14
(1779054378.062140) can0 4AD#EB00000000000000
(1779054378.063135) can0 76A#7F00000000000000
(1779054378.125773) can0 0000E005#1761480003B60591
(1779054378.126373) can0 1806E5F4#13DC010003B6023A
(1779054378.127268) can0 0000E000#13DC13DC020E0000
(1779054378.128215) can0 0000E004#1A1A03B603B601E3
(1779054378.129196) can0 0000E006#0CD90CD90CD90CD9
(1779054378.130195) can0 0000E007#0CD90CD90CD90CD9
(1779054378.131196) can0 0000E008#0CD90CD90CD90CD9
(1779054378.132195) can0 0000E009#0CD90CD90CD90CD9
(1779054378.133232) can0 0000E010#0000000000000000
(1779054378.134234) can0 0000E011#0000000000000000
(1779054378.135284) can0 0000E012#0CD9000000000000
(1779054378.136253) can0 0000F001#0000000000000000
(1779054378.137228) can0 18FF28F4#10320000020E0000
(1779054378.138195) can0 18FE28F4#0CD90CD942420000
(1779054378.139210) can0 18FD28F4#1761FA6F00000000
(1779054378.140126) can0 4D4#000032007D0E0203
(1779054378.141115) can0 4D5#D90CD90C42420000
(1779054378.142209) can0 18914010#0CD9090CD9010000
(1779054378.143203) can0 18904010#020E020E753001FC
(1779054378.144222) can0 18FA28F4#713EA12C10270000
(1779054378.145194) can0 18FB28F4#D90CD90C42420000
(1779054378.146214) can0 18FC28F4#383200000E020000
(1779054378.147197) can0 18F810F3#0E02E80332640100
(1779054378.148246) can0 18F815F3#0000000010030000
(1779054378.149143) can0 273#000000000E023200
(1779054378.150125) can0 1E1#020E271001FC01FC
(1779054378.151138) can0 1F5#0000000000000000
(1779054378.152235) can0 0800A6A9#0000000000000000
(1779054378.153208) can0 1000A6A9#0E028813324C4C4C
(1779054378.154239) can0 1C00A6A9#0000000000030000
(1779054378.155231) can0 02018100#1003020E00000000
(1779054378.156231) can0 02028100#0000003264000000
(1779054378.157204) can0 02038100#0CD901090CD90101
(1779054378.158221) can0 02048100#4C01014C01010000
(1779054378.159108) can0 1AD#8E14000059321A1A
(1779054378.160121) can0 2AD#D90C800C8E140016
(1779054378.161131) can0 3AD#0000000000008E14
(1779054378.162146) can0 4AD#EB00000000000000
(1779054378.163146) can0 76A#7F00000000000000
(1779054378.225817) can0 0000E005#1761480003B60591
(1779054378.226404) can0 1806E5F4#13DC010003B6023A
(1779054378.227222) can0 0000E000#13DC13DC020E0000
(1779054378.228201) can0 0000E004#1A1A03B603B601E3
(1779054378.229196) can0 0000E006#0CD90CD90CD90CD9
(1779054378.230190) can0 0000E007#0CD90CD90CD90CD9
(1779054378.231195) can0 0000E008#0CD90CD90CD90CD9
(1779054378.232194) can0 0000E009#0CD90CD90CD90CDA
(1779054378.233238) can0 0000E010#0000000000000000
(1779054378.234231) can0 0000E011#0000000000000000
(1779054378.235220) can0 0000E012#0CD9000100000000
(1779054378.236253) can0 0000F001#0000000000000000
(1779054378.237233) can0 18FF28F4#10320000020E0000
(1779054378.238196) can0 18FE28F4#0CDA0CD942420000
(1779054378.239209) can0 18FD28F4#1761FA6F00000000
(1779054378.240131) can0 4D4#000032007D0E0203
(1779054378.241112) can0 4D5#D90CDA0C42420000
(1779054378.242199) can0 18914010#0CDA100CD9010000
(1779054378.243202) can0 18904010#020E020E753001FC
(1779054378.244214) can0 18FA28F4#713EA12C10270000
(1779054378.245203) can0 18FB28F4#DA0CD90C42420000
(1779054378.246212) can0 18FC28F4#383200000E020000
(1779054378.247196) can0 18F810F3#0E02E80332640100
(1779054378.248242) can0 18F815F3#0000000010030000
(1779054378.249145) can0 273#000000000E023200
(1779054378.250126) can0 1E1#020E271001FC01FC
(1779054378.251139) can0 1F5#0000000000000000
(1779054378.252234) can0 0800A6A9#0000000000000000
(1779054378.253203) can0 1000A6A9#0E028813324C4C4C
(1779054378.254222) can0 1C00A6A9#0000000000030000
(1779054378.255230) can0 02018100#1003020E00000000
(1779054378.256228) can0 02028100#0000003264000000
(1779054378.257223) can0 02038100#0CDA01100CD90101
(1779054378.258218) can0 02048100#4C01014C01010000
(1779054378.259108) can0 1AD#8E14000059321A1A
(1779054378.260124) can0 2AD#DA0C800C8E140016
(1779054378.261133) can0 3AD#0000000000008E14
(1779054378.262147) can0 4AD#EB00000000000000
(1779054378.263138) can0 76A#7F00000000000000
(1779054378.325812) can0 0000E005#1761480003B60591
(1779054378.326397) can0 1806E5F4#13DC010003B6023A
(1779054378.327206) can0 0000E000#13DC13DC020E0000
(1779054378.328208) can0 0000E004#1A1A03B603B601E3
(1779054378.329195) can0 0000E006#0CD90CD90CD90CD9
(1779054378.330189) can0 0000E007#0CD90CD90CD90CD9
(1779054378.331186) can0 0000E008#0CD90CD90CD90CD9
(1779054378.332188) can0 0000E009#0CD90CD90CD90CDA
(1779054378.333253) can0 0000E010#0000000000000000
(1779054378.334264) can0 0000E011#0000000000000000
(1779054378.335234) can0 0000E012#0CD9000100000000
(1779054378.336247) can0 0000F001#0000000000000000
(1779054378.337227) can0 18FF28F4#10320000020E0000
(1779054378.338195) can0 18FE28F4#0CDA0CD942420000
(1779054378.339206) can0 18FD28F4#1761FA6F00000000
(1779054378.340125) can0 4D4#000032007D0E0203
(1779054378.341107) can0 4D5#D90CDA0C42420000
(1779054378.342238) can0 18914010#0CDA100CD9010000
(1779054378.343216) can0 18904010#020E020E753001FC
(1779054378.344228) can0 18FA28F4#713EA12C10270000
(1779054378.345206) can0 18FB28F4#DA0CD90C42420000
(1779054378.346229) can0 18FC28F4#383200000E020000
(1779054378.347222) can0 18F810F3#0E02E80332640100
(1779054378.348230) can0 18F815F3#0000000010030000
(1779054378.349148) can0 273#000000000E023200
(1779054378.350158) can0 1E1#020E271001FC01FC
(1779054378.351151) can0 1F5#0000000000000000
(1779054378.352236) can0 0800A6A9#0000000000000000
(1779054378.353197) can0 1000A6A9#0E028813324C4C4C
(1779054378.354229) can0 1C00A6A9#0000000000030000
(1779054378.355242) can0 02018100#1003020E00000000
(1779054378.356222) can0 02028100#0000003264000000
(1779054378.357222) can0 02038100#0CDA01100CD90101
(1779054378.358254) can0 02048100#4C01014C01010000
(1779054378.359101) can0 1AD#8E14000059321A1A
(1779054378.360116) can0 2AD#DA0C800C8E140016
(1779054378.361131) can0 3AD#0000000000008E14
(1779054378.362143) can0 4AD#EB00000000000000
(1779054378.363140) can0 76A#7F00000000000000
(1779054378.442814) can0 0000E005#1761480003B60591
(1779054378.443402) can0 1806E5F4#13DC010003B6023A
(1779054378.444215) can0 0000E000#13DC13DC020E0000
(1779054378.445194) can0 0000E004#1A1A03B603B601E3
(1779054378.446194) can0 0000E006#0CD90CD90CD90CD9
(1779054378.447190) can0 0000E007#0CD90CD90CD90CD9
(1779054378.448190) can0 0000E008#0CD90CD90CD90CD9
(1779054378.449183) can0 0000E009#0CD90CD90CD90CDA
(1779054378.450234) can0 0000E010#0000000000000000
(1779054378.451233) can0 0000E011#0000000000000000
(1779054378.452214) can0 0000E012#0CD9000100000000
(1779054378.453172) can0 0000E013#4542323630354C43
(1779054378.454207) can0 0000E014#3134323300000000
(1779054378.455222) can0 0000E015#0000000000000003
(1779054378.456239) can0 0000F000#0000000000000000
(1779054378.457231) can0 0000F001#0000000000000000
(1779054378.458220) can0 18FF28F4#10320000020E0000
(1779054378.459201) can0 18FE28F4#0CDA0CD942420000
(1779054378.460214) can0 18FD28F4#1761FA6F00000000
(1779054378.461131) can0 4D4#000032007D0E0203
(1779054378.462093) can0 4D5#D90CDA0C42420000
(1779054378.463190) can0 18914010#0CDA100CD9010000
(1779054378.464208) can0 18904010#020E020E753001FC
(1779054378.465198) can0 18924010#4201420100000000
(1779054378.466202) can0 18934010#000000270000BCAD
(1779054378.467215) can0 18944010#1003000000000000
(1779054378.468233) can0 18954010#0000000000000000
(1779054378.469238) can0 18954010#0100000000000000
(1779054378.470229) can0 18954010#0200000000000000
(1779054378.471231) can0 18954010#0300000000000000
(1779054378.472241) can0 18954010#0400000000000000
(1779054378.473222) can0 18954010#0500000000000000
(1779054378.474202) can0 18964010#0042424200000000
(1779054378.475236) can0 18974010#0000000000000000
(1779054378.476228) can0 18984010#0000000000000000
(1779054378.477189) can0 18FA28F4#713EA12C10270000
(1779054378.478189) can0 18FB28F4#DA0CD90C42420000
(1779054378.479204) can0 18FC28F4#383200000E020000
(1779054378.480203) can0 18F810F3#0E02E80332640100
(1779054378.481193) can0 18F811F3#DA0C1001D90C0101
(1779054378.482209) can0 18F812F3#4201014201010000
(1779054378.483223) can0 18F813F3#0101000000000000
(1779054378.484189) can0 18F814F3#3200491BA9015F00
(1779054378.485216) can0 18F815F3#0000000010030000
(1779054378.486133) can0 273#000000000E023200
(1779054378.487114) can0 1E1#020E271001FC01FC
(1779054378.488159) can0 1F5#0000000000000000
(1779054378.489220) can0 0800A6A9#0000000000000000
(1779054378.490188) can0 1000A6A9#0E028813324C4C4C
(1779054378.491216) can0 1C00A6A9#0000000000030000
(1779054378.492230) can0 02018100#1003020E00000000
(1779054378.493225) can0 02028100#0000003264000000
(1779054378.494209) can0 02038100#0CDA01100CD90101
(1779054378.495211) can0 02048100#4C01014C01010000
(1779054378.496126) can0 1AD#8F14000059321A1A
(1779054378.497108) can0 2AD#DA0C800C8F140016
(1779054378.498123) can0 3AD#0000000000008F14
(1779054378.499139) can0 4AD#EB00000000000000
(1779054378.500136) can0 76A#7F00000000000000
(1779054378.558756) can0 0000E005#1761480003B60591
(1779054378.559342) can0 1806E5F4#13DC010003B6023A
(1779054378.560206) can0 0000E000#13DC13DC020E0000
(1779054378.561193) can0 0000E004#1A1A03B603B601E3
(1779054378.562170) can0 0000E006#0CD90CD90CD90CD9
(1779054378.563189) can0 0000E007#0CD90CD90CD90CD9
(1779054378.564187) can0 0000E008#0CD90CD90CD90CD9
(1779054378.565198) can0 0000E009#0CD90CD90CD90CDA
(1779054378.566232) can0 0000E010#0000000000000000
(1779054378.567225) can0 0000E011#0000000000000000
(1779054378.568212) can0 0000E012#0CD9000100000000
(1779054378.569225) can0 0000F001#0000000000000000
(1779054378.570216) can0 18FF28F4#10320000020E0000
(1779054378.571190) can0 18FE28F4#0CDA0CD942420000
(1779054378.572202) can0 18FD28F4#1761FA6F00000000
(1779054378.573149) can0 4D4#000032007D0E0203
(1779054378.574097) can0 4D5#D90CDA0C42420000
(1779054378.575195) can0 18914010#0CDA100CD9010000
(1779054378.576196) can0 18904010#020E020E753001FC
(1779054378.577195) can0 18FA28F4#713EA12C10270000
(1779054378.578189) can0 18FB28F4#DA0CD90C42420000
(1779054378.579208) can0 18FC28F4#383200000E020000
(1779054378.580187) can0 18F810F3#0E02E80332640100
(1779054378.581263) can0 18F815F3#0000000010030000
(1779054378.582110) can0 273#000000000E023200
(1779054378.583098) can0 1E1#020E271001FC01FC
(1779054378.584130) can0 1F5#0000000000000000
(1779054378.585226) can0 0800A6A9#0000000000000000
(1779054378.586190) can0 1000A6A9#0E028813324C4C4C
(1779054378.587207) can0 1C00A6A9#0000000000030000
(1779054378.588219) can0 02018100#1003020E00000000
(1779054378.589264) can0 02028100#0000003264000000
(1779054378.590201) can0 02038100#0CDA01100CD90101
(1779054378.591214) can0 02048100#4C01014C01010000
(1779054378.592094) can0 1AD#8F14000059321A1A
(1779054378.593092) can0 2AD#DA0C800C8F140016
(1779054378.594118) can0 3AD#0000000000008F14
(1779054378.595131) can0 4AD#EB00000000000000
(1779054378.596133) can0 76A#7F00000000000000
(1779054378.658776) can0 0000E005#1761480003B60591
(1779054378.659356) can0 1806E5F4#13DC010003B6023A
(1779054378.660201) can0 0000E000#13DC13DC020E0000
(1779054378.661199) can0 0000E004#1A1A03B603B601E3
(1779054378.662179) can0 0000E006#0CD90CD90CD90CD9
(1779054378.663180) can0 0000E007#0CD90CD90CD90CD9
(1779054378.664173) can0 0000E008#0CD90CD90CD90CD9
(1779054378.665173) can0 0000E009#0CD90CD90CD90CDA
(1779054378.666269) can0 0000E010#0000000000000000
(1779054378.667215) can0 0000E011#0000000000000000
(1779054378.668218) can0 0000E012#0CD9000100000000
(1779054378.669230) can0 0000F001#0000000000000000
(1779054378.670211) can0 18FF28F4#10320000020E0000
(1779054378.671173) can0 18FE28F4#0CDA0CD942420000
(1779054378.672212) can0 18FD28F4#1761FA6F00000000
(1779054378.673110) can0 4D4#000032007D0E0203
(1779054378.674091) can0 4D5#D90CDA0C42420000
(1779054378.675187) can0 18914010#0CDA100CD9010000
(1779054378.676200) can0 18904010#020E020E753001FC
(1779054378.677199) can0 18FA28F4#713EA12C10270000
(1779054378.678199) can0 18FB28F4#DA0CD90C42420000
(1779054378.679207) can0 18FC28F4#383200000E020000
(1779054378.680191) can0 18F810F3#0E02E80332640100
(1779054378.681226) can0 18F815F3#0000000010030000
(1779054378.682124) can0 273#000000000E023200
(1779054378.683106) can0 1E1#020E271001FC01FC
(1779054378.684136) can0 1F5#0000000000000000
(1779054378.685212) can0 0800A6A9#0000000000000000
(1779054378.686183) can0 1000A6A9#0E028813324C4C4C
(1779054378.687214) can0 1C00A6A9#0000000000030000
(1779054378.688226) can0 02018100#1003020E00000000
(1779054378.689227) can0 02028100#0000003264000000
(1779054378.690206) can0 02038100#0CDA01100CD90101
(1779054378.691202) can0 02048100#4C01014C01010000
(1779054378.692099) can0 1AD#8F14000059321A1A
(1779054378.693093) can0 2AD#DA0C800C8F140016
(1779054378.694105) can0 3AD#0000000000008F14
(1779054378.695125) can0 4AD#EB00000000000000
(1779054378.696118) can0 76A#7F00000000000000
(1779054378.758806) can0 0000E005#1761480003B60591
(1779054378.759393) can0 1806E5F4#13DC010003B6023A
(1779054378.760207) can0 0000E000#13DC13DC020E0000
(1779054378.761198) can0 0000E004#1A1A03B603B601E3
(1779054378.762180) can0 0000E006#0CD90CD90CD90CD9
(1779054378.763174) can0 0000E007#0CD90CD90CD90CD9
(1779054378.764179) can0 0000E008#0CD90CD90CD90CD9
(1779054378.765173) can0 0000E009#0CD90CD90CD90CD9
(1779054378.766224) can0 0000E010#0000000000000000
(1779054378.767218) can0 0000E011#0000000000000000
(1779054378.768217) can0 0000E012#0CD9000000000000
(1779054378.769217) can0 0000F001#0000000000000000
(1779054378.770217) can0 18FF28F4#10320000020E0000
(1779054378.771180) can0 18FE28F4#0CD90CD942420000
(1779054378.772198) can0 18FD28F4#1761FA6F00000000
(1779054378.773117) can0 4D4#000032007D0E0203
(1779054378.774096) can0 4D5#D90CD90C42420000
(1779054378.775189) can0 18914010#0CD9080CD9010000
(1779054378.776185) can0 18904010#020E020E753001FC
(1779054378.777199) can0 18FA28F4#713EA12C10270000
(1779054378.778166) can0 18FB28F4#D90CD90C42420000
(1779054378.779194) can0 18FC28F4#383200000E020000
(1779054378.780199) can0 18F810F3#0E02E80332640100
(1779054378.781211) can0 18F815F3#0000000010030000
(1779054378.782110) can0 273#000000000E023200
(1779054378.783110) can0 1E1#020E271001FC01FC
(1779054378.784123) can0 1F5#0000000000000000
(1779054378.785219) can0 0800A6A9#0000000000000000
(1779054378.786186) can0 1000A6A9#0E028813324C4C4C
(1779054378.787214) can0 1C00A6A9#0000000000030000
(1779054378.788230) can0 02018100#1003020E00000000
(1779054378.789213) can0 02028100#0000003264000000
(1779054378.790195) can0 02038100#0CD901080CD90101
(1779054378.791204) can0 02048100#4C01014C01010000
(1779054378.792091) can0 1AD#8E14000059321A1A
(1779054378.793104) can0 2AD#D90C800C8E140016
(1779054378.794116) can0 3AD#0000000000008E14
(1779054378.795132) can0 4AD#EB00000000000000
(1779054378.796144) can0 76A#7F00000000000000
(1779054378.802075) can0 00000E00#00354C4331343233
(1779054378.858770) can0 0000E005#1761480003B60591
(1779054378.859343) can0 1806E5F4#13DC010003B6023A
(1779054378.860198) can0 0000E000#13DC13DC020E0000
(1779054378.861186) can0 0000E004#1A1A03B603B601E3
(1779054378.862168) can0 0000E006#0CD90CD90CD90CD9
(1779054378.863177) can0 0000E007#0CD90CD90CD90CD9
(1779054378.864179) can0 0000E008#0CD90CD90CD90CD9
(1779054378.865191) can0 0000E009#0CD90CD90CD90CD9
(1779054378.866223) can0 0000E010#0000000000000000
(1779054378.867218) can0 0000E011#0000000000000000
(1779054378.868204) can0 0000E012#0CD9000000000000
(1779054378.869216) can0 0000F001#0000000000000000
(1779054378.870218) can0 18FF28F4#10320000020E0000
(1779054378.871174) can0 18FE28F4#0CD90CD942420000
(1779054378.872192) can0 18FD28F4#1761FA6F00000000
(1779054378.873129) can0 4D4#000032007D0E0203
(1779054378.874077) can0 4D5#D90CD90C42420000
(1779054378.875188) can0 18914010#0CD9080CD9010000
(1779054378.876185) can0 18904010#020E020E753001FC
(1779054378.877198) can0 18FA28F4#713EA12C10270000
(1779054378.878167) can0 18FB28F4#D90CD90C42420000
(1779054378.879198) can0 18FC28F4#383200000E020000
(1779054378.880179) can0 18F810F3#0E02E80332640100
(1779054378.881243) can0 18F815F3#0000000010030000
(1779054378.882110) can0 273#000000000E023200
(1779054378.883090) can0 1E1#020E271001FC01FC
(1779054378.884122) can0 1F5#0000000000000000
(1779054378.885218) can0 0800A6A9#0000000000000000
(1779054378.886166) can0 1000A6A9#0E028813324C4C4C
(1779054378.887196) can0 1C00A6A9#0000000000030000
(1779054378.888212) can0 02018100#1003020E00000000
(1779054378.889245) can0 02028100#0000003264000000
(1779054378.890194) can0 02038100#0CD901080CD90101
(1779054378.891209) can0 02048100#4C01014C01010000
(1779054378.892092) can0 1AD#8E14000059321A1A
(1779054378.893087) can0 2AD#D90C800C8E140016
(1779054378.894117) can0 3AD#0000000000008E14
(1779054378.895107) can0 4AD#EB00000000000000
(1779054378.896123) can0 76A#7F00000000000000
(1779054378.995758) can0 0000E005#1761480003B60591
(1779054378.996331) can0 1806E5F4#13DC010003B6023A
(1779054378.997191) can0 0000E000#13DC13DC020E0000
(1779054378.998180) can0 0000E004#1A1A03B603B601E3
(1779054378.999160) can0 0000E006#0CD90CD90CD90CD9
(1779054379.000172) can0 0000E007#0CD90CD90CD90CD9
(1779054379.001171) can0 0000E008#0CD90CD90CD90CD9
(1779054379.002175) can0 0000E009#0CD90CD90CD90CD9
(1779054379.003218) can0 0000E010#0000000000000000
(1779054379.004218) can0 0000E011#0000000000000000
(1779054379.005194) can0 0000E012#0CD9000000000000
(1779054379.006167) can0 0000E013#4542323630354C43
(1779054379.007192) can0 0000E014#3134323300000000
(1779054379.008212) can0 0000E015#0000000000000003
(1779054379.009224) can0 0000F000#0000000000000000
(1779054379.010225) can0 0000F001#0000000000000000
(1779054379.011207) can0 18FF28F4#10320000020E0000
(1779054379.012170) can0 18FE28F4#0CD90CD942420000
(1779054379.013189) can0 18FD28F4#1761FA6F00000000
(1779054379.014105) can0 4D4#000032007D0E0203
(1779054379.015086) can0 4D5#D90CD90C42420000
(1779054379.016180) can0 18914010#0CD9090CD9010000
(1779054379.017176) can0 18904010#020E020E753001FC
(1779054379.018195) can0 18924010#4201420100000000
(1779054379.019207) can0 18934010#000000280000BCAD
(1779054379.020206) can0 18944010#1003000000000000
(1779054379.021217) can0 18954010#0000000000000000
(1779054379.022218) can0 18954010#0100000000000000
(1779054379.023212) can0 18954010#0200000000000000
(1779054379.024212) can0 18954010#0300000000000000
(1779054379.025213) can0 18954010#0400000000000000
(1779054379.026206) can0 18954010#0500000000000000
(1779054379.027220) can0 18964010#0042424200000000
(1779054379.028219) can0 18974010#0000000000000000
(1779054379.029197) can0 18984010#0000000000000000
(1779054379.030179) can0 18FA28F4#713EA12C10270000
(1779054379.031161) can0 18FB28F4#D90CD90C42420000
(1779054379.032187) can0 18FC28F4#383200000E020000
(1779054379.033168) can0 18F810F3#0E02E80332640100
(1779054379.034182) can0 18F811F3#D90C0901D90C0101
(1779054379.035214) can0 18F812F3#4201014201010000
(1779054379.036209) can0 18F813F3#0101000000000000
(1779054379.037176) can0 18F814F3#3200491BA9015F00
(1779054379.038207) can0 18F815F3#0000000010030000
(1779054379.039106) can0 273#000000000E023200
(1779054379.040099) can0 1E1#020E271001FC01FC
(1779054379.041123) can0 1F5#0000000000000000
(1779054379.042207) can0 0800A6A9#0000000000000000
(1779054379.043207) can0 1000A6A9#0E028813324C4C4C
(1779054379.044207) can0 1C00A6A9#0000000000030000
(1779054379.045201) can0 02018100#1003020E00000000
(1779054379.046200) can0 02028100#0000003264000000
(1779054379.047184) can0 02038100#0CD901090CD90101
(1779054379.048196) can0 02048100#4C01014C01010000
(1779054379.049082) can0 1AD#8E14000059321A1A
(1779054379.050082) can0 2AD#D90C800C8E140016
(1779054379.051145) can0 3AD#0000000000008E14
(1779054379.052107) can0 4AD#EB00000000000000
(1779054379.053100) can0 76A#7F00000000000000
(1779054379.111788) can0 0000E005#1761480003B60591
(1779054379.112376) can0 1806E5F4#13DC010003B6023A
(1779054379.113198) can0 0000E000#13DC13DC020E0000
(1779054379.114184) can0 0000E004#1A1A03B603B601E3
(1779054379.115173) can0 0000E006#0CD90CD90CD90CD9
(1779054379.116166) can0 0000E007#0CD90CD90CD90CD9
(1779054379.117167) can0 0000E008#0CD90CD90CD90CD9
(1779054379.118166) can0 0000E009#0CD90CD90CD90CD9
(1779054379.119212) can0 0000E010#0000000000000000
(1779054379.120257) can0 0000E011#0000000000000000
(1779054379.121205) can0 0000E012#0CD9000000000000
(1779054379.122216) can0 0000F001#0000000000000000
(1779054379.123206) can0 18FF28F4#10320000020E0000
(1779054379.124167) can0 18FE28F4#0CD90CD942420000
(1779054379.125187) can0 18FD28F4#1761FA6F00000000
(1779054379.126096) can0 4D4#000032007D0E0203
(1779054379.127085) can0 4D5#D90CD90C42420000
(1779054379.128211) can0 18914010#0CD9090CD9010000
(1779054379.129179) can0 18904010#020E020E753001FC
(1779054379.130193) can0 18FA28F4#713EA12C10270000
(1779054379.131154) can0 18FB28F4#D90CD90C42420000
(1779054379.132189) can0 18FC28F4#383200000E020000
(1779054379.133171) can0 18F810F3#0E02E80332640100
(1779054379.134211) can0 18F815F3#0000000010030000
(1779054379.135100) can0 273#000000000E023200
(1779054379.136098) can0 1E1#020E271001FC01FC
(1779054379.137111) can0 1F5#0000000000000000
(1779054379.138206) can0 0800A6A9#0000000000000000
(1779054379.139176) can0 1000A6A9#0E028813324C4C4C
(1779054379.140187) can0 1C00A6A9#0000000000030000
(1779054379.141200) can0 02018100#1003020E00000000
(1779054379.142201) can0 02028100#0000003264000000
(1779054379.143183) can0 02038100#0CD901090CD90101
(1779054379.144195) can0 02048100#4C01014C01010000
(1779054379.145081) can0 1AD#8E14000059321A1A
(1779054379.146090) can0 2AD#D90C800C8E140016
(1779054379.147104) can0 3AD#0000000000008E14
(1779054379.148117) can0 4AD#EB00000000000000
(1779054379.149111) can0 76A#7F00000000000000
(1779054379.211746) can0 0000E005#1761480003B60591
(1779054379.212331) can0 1806E5F4#13DC010003B6023A
(1779054379.213200) can0 0000E000#13DC13DC020E0000
(1779054379.214182) can0 0000E004#1A1A03B603B601E3
(1779054379.215163) can0 0000E006#0CD90CD90CD90CD9
(1779054379.216164) can0 0000E007#0CD90CD90CD90CD9
(1779054379.217161) can0 0000E008#0CD90CD90CD90CD9
(1779054379.218173) can0 0000E009#0CD90CD90CD90CD9
(1779054379.219215) can0 0000E010#0000000000000000
(1779054379.220218) can0 0000E011#0000000000000000
(1779054379.221199) can0 0000E012#0CD9000000000000
(1779054379.222212) can0 0000F001#0000000000000000
(1779054379.223190) can0 18FF28F4#10320000020E0000
(1779054379.224161) can0 18FE28F4#0CD90CD942420000
(1779054379.225193) can0 18FD28F4#1761FA6F00000000
(1779054379.226110) can0 4D4#000032007D0E0203
(1779054379.227079) can0 4D5#D90CD90C42420000
(1779054379.228173) can0 18914010#0CD9090CD9010000
(1779054379.229186) can0 18904010#020E020E753001FC
(1779054379.230186) can0 18FA28F4#713EA12C10270000
(1779054379.231163) can0 18FB28F4#D90CD90C42420000
(1779054379.232200) can0 18FC28F4#383200000E020000
(1779054379.233181) can0 18F810F3#0E02E80332640100
(1779054379.234207) can0 18F815F3#0000000010030000
(1779054379.235108) can0 273#000000000E023200
(1779054379.236091) can0 1E1#020E271001FC01FC
(1779054379.237123) can0 1F5#0000000000000000
(1779054379.238201) can0 0800A6A9#0000000000000000
(1779054379.239169) can0 1000A6A9#0E028813324C4C4C
(1779054379.240202) can0 1C00A6A9#0000000000030000
(1779054379.241213) can0 02018100#1003020E00000000
(1779054379.242207) can0 02028100#0000003264000000
(1779054379.243187) can0 02038100#0CD901090CD90101
(1779054379.244187) can0 02048100#4C01014C01010000
(1779054379.245073) can0 1AD#8E14000059321A1A
(1779054379.246085) can0 2AD#D90C800C8E140016
(1779054379.247090) can0 3AD#0000000000008E14
(1779054379.248105) can0 4AD#EB00000000000000
(1779054379.249104) can0 76A#7F00000000000000
(1779054379.311740) can0 0000E005#1761480003B60591
(1779054379.312322) can0 1806E5F4#13DC010003B6023A
(1779054379.313186) can0 0000E000#13DC13DC020E0000
(1779054379.314167) can0 0000E004#1A1A03B603B601E3
(1779054379.315170) can0 0000E006#0CD90CD90CD90CD9
(1779054379.316159) can0 0000E007#0CD90CD90CD90CD9
(1779054379.317161) can0 0000E008#0CD90CD90CD90CD9
(1779054379.318160) can0 0000E009#0CD90CD90CD90CD9
(1779054379.319225) can0 0000E010#0000000000000000
(1779054379.320202) can0 0000E011#0000000000000000
(1779054379.321183) can0 0000E012#0CD9000000000000
(1779054379.322216) can0 0000F001#0000000000000000
(1779054379.323199) can0 18FF28F4#10320000020E0000
(1779054379.324167) can0 18FE28F4#0CD90CD942420000
(1779054379.325178) can0 18FD28F4#1761FA6F00000000
(1779054379.326098) can0 4D4#000032007D0E0203
(1779054379.327092) can0 4D5#D90CD90C42420000
(1779054379.328167) can0 18914010#0CD9010CD9020000
(1779054379.329166) can0 18904010#020E020E753001FC
(1779054379.330181) can0 18FA28F4#713EA12C10270000
(1779054379.331165) can0 18FB28F4#D90CD90C42420000
(1779054379.332172) can0 18FC28F4#383200000E020000
(1779054379.333161) can0 18F810F3#0E02E80332640100
(1779054379.334205) can0 18F815F3#0000000010030000
(1779054379.335122) can0 273#000000000E023200
(1779054379.336090) can0 1E1#020E271001FC01FC
(1779054379.337122) can0 1F5#0000000000000000
(1779054379.338197) can0 0800A6A9#0000000000000000
(1779054379.339169) can0 1000A6A9#0E028813324C4C4C
(1779054379.340192) can0 1C00A6A9#0000000000030000
(1779054379.341193) can0 02018100#1003020E00000000
(1779054379.342192) can0 02028100#0000003264000000
(1779054379.343220) can0 02038100#0CD901010CD90102
(1779054379.344190) can0 02048100#4C01014C01010000
(1779054379.345071) can0 1AD#8E14000059321A1A
(1779054379.346084) can0 2AD#D90C800C8E140016
(1779054379.347095) can0 3AD#0000000000008E14
(1779054379.348111) can0 4AD#EB00000000000000
(1779054379.349104) can0 76A#7F00000000000000
(1779054379.411786) can0 0000E005#1761480003B60591
(1779054379.412362) can0 1806E5F4#13DC010003B6023A
(1779054379.413178) can0 0000E000#13DC13DC020E0000
(1779054379.414177) can0 0000E004#1A1A03B603B601E3
(1779054379.415158) can0 0000E006#0CD90CD90CD90CD9
(1779054379.416158) can0 0000E007#0CD90CD90CD90CD9
(1779054379.417158) can0 0000E008#0CD90CD90CD90CD9
(1779054379.418153) can0 0000E009#0CD90CD90CD90CD9
(1779054379.419198) can0 0000E010#0000000000000000
(1779054379.420244) can0 0000E011#0000000000000000
(1779054379.421197) can0 0000E012#0CD9000000000000
(1779054379.422210) can0 0000F001#0000000000000000
(1779054379.423189) can0 18FF28F4#10320000020E0000
(1779054379.424151) can0 18FE28F4#0CD90CD942420000
(1779054379.425172) can0 18FD28F4#1761FA6F00000000
(1779054379.426089) can0 4D4#000032007D0E0203
(1779054379.427073) can0 4D5#D90CD90C42420000
(1779054379.428208) can0 18914010#0CD9010CD9020000
(1779054379.429166) can0 18904010#020E020E753001FC
(1779054379.430179) can0 18FA28F4#713EA12C10270000
(1779054379.431160) can0 18FB28F4#D90CD90C42420000
(1779054379.432192) can0 18FC28F4#383200000E020000
(1779054379.433172) can0 18F810F3#0E02E80332640100
(1779054379.434204) can0 18F815F3#0000000010030000
(1779054379.435103) can0 273#000000000E023200
(1779054379.436083) can0 1E1#020E271001FC01FC
(1779054379.437116) can0 1F5#0000000000000000
(1779054379.438192) can0 0800A6A9#0000000000000000
(1779054379.439163) can0 1000A6A9#0E028813324C4C4C
(1779054379.440186) can0 1C00A6A9#0000000000030000
(1779054379.441204) can0 02018100#1003020E00000000
(1779054379.442205) can0 02028100#0000003264000000
(1779054379.443186) can0 02038100#0CD901010CD90102
(1779054379.444180) can0 02048100#4C01014C01010000
(1779054379.445065) can0 1AD#8E14000059321A1A
(1779054379.446078) can0 2AD#D90C800C8E140016
(1779054379.447091) can0 3AD#0000000000008E14
(1779054379.448098) can0 4AD#EB00000000000000
(1779054379.449096) can0 76A#7F00000000000000
(1779054379.528788) can0 0000E005#1761480003B60591
(1779054379.529372) can0 1806E5F4#13DC010003B6023A
(1779054379.530179) can0 0000E000#13DC13DC020E0000
(1779054379.531162) can0 0000E004#1A1A03B603B601E3
(1779054379.532159) can0 0000E006#0CD90CD90CD90CD9
(1779054379.533162) can0 0000E007#0CD90CD90CD90CD9
(1779054379.534153) can0 0000E008#0CD90CD90CD90CD9
(1779054379.535153) can0 0000E009#0CD90CD90CD90CDA
(1779054379.536198) can0 0000E010#0000000000000000
(1779054379.537198) can0 0000E011#0000000000000000
(1779054379.538179) can0 0000E012#0CD9000100000000
(1779054379.539147) can0 0000E013#4542323630354C43
(1779054379.540176) can0 0000E014#3134323300000000
(1779054379.541193) can0 0000E015#0000000000000003
(1779054379.542203) can0 0000F000#0000000000000000
(1779054379.543205) can0 0000F001#0000000000000000
(1779054379.544184) can0 18FF28F4#10320000020E0000
(1779054379.545165) can0 18FE28F4#0CDA0CD942420000
(1779054379.546178) can0 18FD28F4#1761FA6F00000000
(1779054379.547097) can0 4D4#000032007D0E0203
(1779054379.548082) can0 4D5#D90CDA0C42420000
(1779054379.549174) can0 18914010#0CDA100CD9020000
(1779054379.550187) can0 18904010#020E020E753001FC
(1779054379.551168) can0 18924010#4201420100000000
(1779054379.552166) can0 18934010#000000290000BCAD
(1779054379.553186) can0 18944010#1003000000000000
(1779054379.554193) can0 18954010#0000000000000000
(1779054379.555213) can0 18954010#0100000000000000
(1779054379.556192) can0 18954010#0200000000000000
(1779054379.557191) can0 18954010#0300000000000000
(1779054379.558224) can0 18954010#0400000000000000
(1779054379.559187) can0 18954010#0500000000000000
(1779054379.560187) can0 18964010#0042424200000000
(1779054379.561199) can0 18974010#0000000000000000
(1779054379.562189) can0 18984010#0000000000000000
(1779054379.563175) can0 18FA28F4#713EA12C10270000
(1779054379.564174) can0 18FB28F4#DA0CD90C42420000
(1779054379.565185) can0 18FC28F4#383200000E020000
(1779054379.566191) can0 18F810F3#0E02E80332640100
(1779054379.567161) can0 18F811F3#DA0C1001D90C0201
(1779054379.568174) can0 18F812F3#4201014201010000
(1779054379.569204) can0 18F813F3#0101000000000000
(1779054379.570167) can0 18F814F3#3200491BA9015F00
(1779054379.571202) can0 18F815F3#0000000010030000
(1779054379.572099) can0 273#000000000E023200
(1779054379.573078) can0 1E1#020E271001FC01FC
(1779054379.574136) can0 1F5#0000000000000000
(1779054379.575186) can0 0800A6A9#0000000000000000
(1779054379.576155) can0 1000A6A9#0E028813324C4C4C
(1779054379.577181) can0 1C00A6A9#0000000000030000
(1779054379.578193) can0 02018100#1003020E00000000
(1779054379.579194) can0 02028100#0000003264000000
(1779054379.580180) can0 02038100#0CDA01100CD90102
(1779054379.581174) can0 02048100#4C01014C01010000
(1779054379.582112) can0 1AD#8F14000059321A1A
(1779054379.583075) can0 2AD#DA0C800C8F140016
(1779054379.584091) can0 3AD#0000000000008F14
(1779054379.585105) can0 4AD#EB00000000000000
(1779054379.586098) can0 76A#7F00000000000000
(1779054379.644720) can0 0000E005#1761480003B60591
(1779054379.645322) can0 1806E5F4#13DC010003B6023A
(1779054379.646173) can0 0000E000#13DC13DC020E0000
(1779054379.647168) can0 0000E004#1A1A03B603B601E3
(1779054379.648153) can0 0000E006#0CD90CD90CD90CD9
(1779054379.649152) can0 0000E007#0CD90CD90CD90CD9
(1779054379.650145) can0 0000E008#0CD90CD90CD90CD9
(1779054379.651192) can0 0000E009#0CD90CD90CD90CDA
(1779054379.652209) can0 0000E010#0000000000000000
(1779054379.653205) can0 0000E011#0000000000000000
(1779054379.654192) can0 0000E012#0CD9000100000000
(1779054379.655201) can0 0000F001#0000000000000000
(1779054379.656185) can0 18FF28F4#10320000020E0000
(1779054379.657166) can0 18FE28F4#0CDA0CD942420000
(1779054379.658178) can0 18FD28F4#1761FA6F00000000
(1779054379.659127) can0 4D4#000032007D0E0203
(1779054379.660063) can0 4D5#D90CDA0C42420000
(1779054379.661172) can0 18914010#0CDA100CD9020000
(1779054379.662172) can0 18904010#020E020E753001FC
(1779054379.663172) can0 18FA28F4#713EA12C10270000
(1779054379.664166) can0 18FB28F4#DA0CD90C42420000
(1779054379.665186) can0 18FC28F4#383200000E020000
(1779054379.666167) can0 18F810F3#0E02E80332640100
(1779054379.667195) can0 18F815F3#0000000010030000
(1779054379.668096) can0 273#000000000E023200
(1779054379.669076) can0 1E1#020E271001FC01FC
(1779054379.670110) can0 1F5#0000000000000000
(1779054379.671183) can0 0800A6A9#0000000000000000
(1779054379.672153) can0 1000A6A9#0E028813324C4C4C
(1779054379.673185) can0 1C00A6A9#0000000000030000
(1779054379.674197) can0 02018100#1003020E00000000
(1779054379.675179) can0 02028100#0000003264000000
(1779054379.676178) can0 02038100#0CDA01100CD90102
(1779054379.677173) can0 02048100#4C01014C01010000
(1779054379.678057) can0 1AD#8F14000059321A1A
(1779054379.679066) can0 2AD#DA0C800C8F140016
(1779054379.680083) can0 3AD#0000000000008F14
(1779054379.681098) can0 4AD#EB00000000000000
(1779054379.682100) can0 76A#7F00000000000000
(1779054379.744729) can0 0000E005#1761480003B60591
(1779054379.745328) can0 1806E5F4#13DC010003B6023A
(1779054379.746171) can0 0000E000#13DC13DC020E0000
(1779054379.747154) can0 0000E004#1A1A03B603B601E3
(1779054379.748153) can0 0000E006#0CD90CD90CD90CD9
(1779054379.749153) can0 0000E007#0CD90CD90CD90CD9
(1779054379.750146) can0 0000E008#0CD90CD90CD90CD9
(1779054379.751146) can0 0000E009#0CD90CD90CD90CDA
(1779054379.752191) can0 0000E010#0000000000000000
(1779054379.753189) can0 0000E011#0000000000000000
(1779054379.754173) can0 0000E012#0CD9000100000000
(1779054379.755204) can0 0000F001#0000000000000000
(1779054379.756180) can0 18FF28F4#10320000020E0000
(1779054379.757152) can0 18FE28F4#0CDA0CD942420000
(1779054379.758164) can0 18FD28F4#1761FA6F00000000
(1779054379.759083) can0 4D4#000032007D0E0203
(1779054379.760063) can0 4D5#D90CDA0C42420000
(1779054379.761158) can0 18914010#0CDA100CD9020000
(1779054379.762159) can0 18904010#020E020E753001FC
(1779054379.763170) can0 18FA28F4#713EA12C10270000
(1779054379.764147) can0 18FB28F4#DA0CD90C42420000
(1779054379.765165) can0 18FC28F4#383200000E020000
(1779054379.766164) can0 18F810F3#0E02E80332640100
(1779054379.767192) can0 18F815F3#0000000010030000
(1779054379.768088) can0 273#000000000E023200
(1779054379.769077) can0 1E1#020E271001FC01FC
(1779054379.770109) can0 1F5#0000000000000000
(1779054379.771188) can0 0800A6A9#0000000000000000
(1779054379.772154) can0 1000A6A9#0E028813324C4C4C
(1779054379.773181) can0 1C00A6A9#0000000000030000
(1779054379.774198) can0 02018100#1003020E00000000
(1779054379.775180) can0 02028100#0000003264000000
(1779054379.776156) can0 02038100#0CDA01100CD90102
(1779054379.777172) can0 02048100#4C01014C01010000
(1779054379.778054) can0 1AD#8F14000059321A1A
(1779054379.779065) can0 2AD#DA0C800C8F140016
(1779054379.780074) can0 3AD#0000000000008F14
(1779054379.781109) can0 4AD#EB00000000000000
(1779054379.782089) can0 76A#7F00000000000000
(1779054379.844767) can0 0000E005#1761480003B60591
(1779054379.845358) can0 1806E5F4#13DC010003B6023A
(1779054379.846170) can0 0000E000#13DC13DC020E0000
(1779054379.847152) can0 0000E004#1A1A03B603B601E3
(1779054379.848138) can0 0000E006#0CD90CD90CD90CD9
(1779054379.849143) can0 0000E007#0CD90CD90CD90CD9
(1779054379.850151) can0 0000E008#0CD90CD90CD90CD9
(1779054379.851146) can0 0000E009#0CD90CD90CD90CDA
(1779054379.852190) can0 0000E010#0000000000000000
(1779054379.853186) can0 0000E011#0000000000000000
(1779054379.854170) can0 0000E012#0CD9000100000000
(1779054379.855190) can0 0000F001#0000000000000000
(1779054379.856182) can0 18FF28F4#10320000020E0000
(1779054379.857151) can0 18FE28F4#0CDA0CD942420000
(1779054379.858183) can0 18FD28F4#1761FA6F00000000
(1779054379.859083) can0 4D4#000032007D0E0203
(1779054379.860064) can0 4D5#D90CDA0C42420000
(1779054379.861153) can0 18914010#0CDA100CD9010000
(1779054379.862157) can0 18904010#020E020E753001FC
(1779054379.863172) can0 18FA28F4#713EA12C10270000
(1779054379.864151) can0 18FB28F4#DA0CD90C42420000
(1779054379.865163) can0 18FC28F4#383200000E020000
(1779054379.866182) can0 18F810F3#0E02E80332640100
(1779054379.867177) can0 18F815F3#0000000010030000
(1779054379.868082) can0 273#000000000E023200
(1779054379.869076) can0 1E1#020E271001FC01FC
(1779054379.870094) can0 1F5#0000000000000000
(1779054379.871191) can0 0800A6A9#0000000000000000
(1779054379.872151) can0 1000A6A9#0E028813324C4C4C
(1779054379.873160) can0 1C00A6A9#0000000000030000
(1779054379.874229) can0 02018100#1003020E00000000
(1779054379.875179) can0 02028100#0000003264000000
(1779054379.876159) can0 02038100#0CDA01100CD90101
(1779054379.877175) can0 02048100#4C01014C01010000
(1779054379.878061) can0 1AD#8F14000059321A1A
(1779054379.879073) can0 2AD#DA0C800C8F140016
(1779054379.880084) can0 3AD#0000000000008F14
(1779054379.881096) can0 4AD#EB00000000000000
(1779054379.882140) can0 76A#7F00000000000000
(1779054379.967722) can0 0000E005#1761480003B60591
(1779054379.968300) can0 1806E5F4#13DC010003B6023A
(1779054379.969160) can0 0000E000#13DC13DC020E0000
(1779054379.970159) can0 0000E004#1A1A03B603B601E3
(1779054379.971145) can0 0000E006#0CD90CD90CD90CD9
(1779054379.972139) can0 0000E007#0CD90CD90CD90CD9
(1779054379.973139) can0 0000E008#0CD90CD90CD90CD9
(1779054379.974138) can0 0000E009#0CD90CD90CD90CDA
(1779054379.975204) can0 0000E010#0000000000000000
(1779054379.976184) can0 0000E011#0000000000000000
(1779054379.977177) can0 0000E012#0CD9000100000000
(1779054379.978197) can0 0000F001#0000000000000000
(1779054379.979177) can0 18FF28F4#10320000020E0000
(1779054379.980140) can0 18FE28F4#0CDA0CD942420000
(1779054379.981167) can0 18FD28F4#1761FA6F00000000
(1779054379.982075) can0 4D4#000032007D0E0203
(1779054379.983057) can0 4D5#D90CDA0C42420000
(1779054379.984152) can0 18914010#0CDA100CD9010000
(1779054379.985146) can0 18904010#020E020E753001FC
(1779054379.986164) can0 18FA28F4#713EA12C10270000
(1779054379.987144) can0 18FB28F4#DA0CD90C42420000
(1779054379.988172) can0 18FC28F4#383200000E020000
(1779054379.989157) can0 18F810F3#0E02E80332640100
(1779054379.990183) can0 18F815F3#0000000010030000
(1779054379.991090) can0 273#000000000E023200
(1779054379.992069) can0 1E1#020E271001FC01FC
(1779054379.993098) can0 1F5#0000000000000000
(1779054379.994178) can0 0800A6A9#0000000000000000
(1779054379.995147) can0 1000A6A9#0E028813324C4C4C
(1779054379.996172) can0 1C00A6A9#0000000000030000
(1779054379.997188) can0 02018100#1003020E00000000
(1779054379.998184) can0 02028100#0000003264000000
(1779054379.999167) can0 02038100#0CDA01100CD90101
(1779054380.000166) can0 02048100#4C01014C01010000
(1779054380.001044) can0 1AD#8F14000059321A1A
(1779054380.002057) can0 2AD#DA0C800C8F140016
(1779054380.003075) can0 3AD#0000000000008F14
(1779054380.004102) can0 4AD#EB00000000000000
(1779054380.005082) can0 76A#7F00000000000000
(1779054380.084727) can0 0000E005#1761480003B60591
(1779054380.085310) can0 1806E5F4#13DC010003B6023A
(1779054380.086152) can0 0000E000#13DC13DC020E0000
(1779054380.087159) can0 0000E004#1A1A03B603B601E3
(1779054380.088142) can0 0000E006#0CD90CD90CD90CD9
(1779054380.089155) can0 0000E007#0CD90CD90CD90CD9
(1779054380.090133) can0 0000E008#0CD90CD90CD90CD9
(1779054380.091132) can0 0000E009#0CD90CD90CD90CDA
(1779054380.092196) can0 0000E010#0000000000000000
(1779054380.093196) can0 0000E011#0000000000000000
(1779054380.094175) can0 0000E012#0CD9000100000000
(1779054380.095140) can0 0000E013#4542323630354C43
(1779054380.096173) can0 0000E014#3134323300000000
(1779054380.097205) can0 0000E015#0000000000000003
(1779054380.098178) can0 0000F000#0000000000000000
(1779054380.099183) can0 0000F001#0000000000000000
(1779054380.100177) can0 18FF28F4#10320000020E0000
(1779054380.101145) can0 18FE28F4#0CDA0CD942420000
(1779054380.102158) can0 18FD28F4#1761FA6F00000000
(1779054380.103076) can0 4D4#000032007D0E0203
(1779054380.104056) can0 4D5#D90CDA0C42420000
(1779054380.105183) can0 18914010#0CDA100CD9010000
(1779054380.106150) can0 18904010#020E020E753001FC
(1779054380.107166) can0 18924010#4201420100000000
(1779054380.108165) can0 18934010#0000002A0000BCAD
(1779054380.109166) can0 18944010#1003000000000000
(1779054380.110191) can0 18954010#0000000000000000
(1779054380.111190) can0 18954010#0100000000000000
(1779054380.112192) can0 18954010#0200000000000000
(1779054380.113222) can0 18954010#0300000000000000
(1779054380.114184) can0 18954010#0400000000000000
(1779054380.115166) can0 18954010#0500000000000000
(1779054380.116166) can0 18964010#0042424200000000
(1779054380.117178) can0 18974010#0000000000000000
(1779054380.118172) can0 18984010#0000000000000000
(1779054380.119154) can0 18FA28F4#713EA12C10270000
(1779054380.120153) can0 18FB28F4#DA0CD90C42420000
(1779054380.121166) can0 18FC28F4#383200000E020000
(1779054380.122139) can0 18F810F3#0E02E80332640100
(1779054380.123140) can0 18F811F3#DA0C1001D90C0101
(1779054380.124160) can0 18F812F3#4201014201010000
(1779054380.125191) can0 18F813F3#0101000000000000
(1779054380.126150) can0 18F814F3#3200491BA9015F00
(1779054380.127182) can0 18F815F3#0000000010030000
(1779054380.128078) can0 273#000000000E023200
(1779054380.129058) can0 1E1#020E271001FC01FC
(1779054380.130083) can0 1F5#0000000000000000
(1779054380.131168) can0 0800A6A9#0000000000000000
(1779054380.132134) can0 1000A6A9#0E028813324C4C4C
(1779054380.133166) can0 1C00A6A9#0000000000030000
(1779054380.134171) can0 02018100#1003020E00000000
(1779054380.135180) can0 02028100#0000003264000000
(1779054380.136161) can0 02038100#0CDA01100CD90101
(1779054380.137161) can0 02048100#4C01014C01010000
(1779054380.138040) can0 1AD#8E14000059321A1A
(1779054380.139058) can0 2AD#DA0C800C8E140016
(1779054380.140071) can0 3AD#0000000000008E14
(1779054380.141084) can0 4AD#EB00000000000000
(1779054380.142076) can0 76A#7F00000000000000
(1779054380.200778) can0 0000E005#1761480003B60591
(1779054380.201365) can0 1806E5F4#13DC010003B6023A
(1779054380.202161) can0 0000E000#13DC13DC020E0000
(1779054380.203138) can0 0000E004#1A1A03B603B601E3
(1779054380.204127) can0 0000E006#0CD90CD90CD90CD9
(1779054380.205139) can0 0000E007#0CD90CD90CD90CD9
(1779054380.206139) can0 0000E008#0CD90CD90CD90CD9
(1779054380.207133) can0 0000E009#0CD90CD90CD90CDA
(1779054380.208183) can0 0000E010#0000000000000000
(1779054380.209176) can0 0000E011#0000000000000000
(1779054380.210163) can0 0000E012#0CD9000100000000
(1779054380.211173) can0 0000F001#0000000000000000
(1779054380.212176) can0 18FF28F4#10320000020E0000
(1779054380.213139) can0 18FE28F4#0CDA0CD942420000
(1779054380.214151) can0 18FD28F4#1761FA6F00000000
(1779054380.215068) can0 4D4#000032007D0E0203
(1779054380.216051) can0 4D5#D90CDA0C42420000
(1779054380.217145) can0 18914010#0CDA100CD9010000
(1779054380.218146) can0 18904010#020E020E753001FC
(1779054380.219159) can0 18FA28F4#713EA12C10270000
(1779054380.220140) can0 18FB28F4#DA0CD90C42420000
(1779054380.221158) can0 18FC28F4#383200000E020000
(1779054380.222139) can0 18F810F3#0E02E80332640100
(1779054380.223165) can0 18F815F3#0000000010030000
(1779054380.224069) can0 273#000000000E023200
(1779054380.225054) can0 1E1#020E271001FC01FC
(1779054380.226085) can0 1F5#0000000000000000
(1779054380.227179) can0 0800A6A9#0000000000000000
(1779054380.228153) can0 1000A6A9#0E028813324C4C4C
(1779054380.229162) can0 1C00A6A9#0000000000030000
(1779054380.230173) can0 02018100#1003020E00000000
(1779054380.231167) can0 02028100#0000003264000000
(1779054380.232147) can0 02038100#0CDA01100CD90101
(1779054380.233160) can0 02048100#4C01014C01010000
(1779054380.234044) can0 1AD#8E14000059321A1A
(1779054380.235059) can0 2AD#DA0C800C8E140016
(1779054380.236070) can0 3AD#0000000000008E14
(1779054380.237083) can0 4AD#EB00000000000000
(1779054380.238085) can0 76A#7F00000000000000
(1779054380.300721) can0 0000E005#1761480003B60591
(1779054380.301305) can0 1806E5F4#13DC010003B6023A
(1779054380.302152) can0 0000E000#13DC13DC020E0000
(1779054380.303152) can0 0000E004#1A1A03B603B601E3
(1779054380.304132) can0 0000E006#0CD90CD90CD90CD9
(1779054380.305130) can0 0000E007#0CD90CD90CD90CD9
(1779054380.306124) can0 0000E008#0CD90CD90CD90CD9
(1779054380.307127) can0 0000E009#0CD90CD90CD90CDA
(1779054380.308185) can0 0000E010#0000000000000000
(1779054380.309170) can0 0000E011#0000000000000000
(1779054380.310170) can0 0000E012#0CD9000100000000
(1779054380.311184) can0 0000F001#0000000000000000
(1779054380.312180) can0 18FF28F4#10320000020E0000
(1779054380.313131) can0 18FE28F4#0CDA0CD942420000
(1779054380.314158) can0 18FD28F4#1761FA6F00000000
(1779054380.315063) can0 4D4#000032007D0E0203
(1779054380.316043) can0 4D5#D90CDA0C42420000
(1779054380.317138) can0 18914010#0CDA100CD9010000
(1779054380.318151) can0 18904010#020E020E753001FC
(1779054380.319152) can0 18FA28F4#713EA12C10270000
(1779054380.320162) can0 18FB28F4#DA0CD90C42420000
(1779054380.321164) can0 18FC28F4#383200000E020000
(1779054380.322145) can0 18F810F3#0E02E80332640100
(1779054380.323177) can0 18F815F3#0000000010030000
(1779054380.324072) can0 273#000000000E023200
(1779054380.325056) can0 1E1#020E271001FC01FC
(1779054380.326091) can0 1F5#0000000000000000
(1779054380.327174) can0 0800A6A9#0000000000000000
(1779054380.328165) can0 1000A6A9#0E028813324C4C4C
(1779054380.329165) can0 1C00A6A9#0000000000030000
(1779054380.330178) can0 02018100#1003020E00000000
(1779054380.331179) can0 02028100#0000003264000000
(1779054380.332155) can0 02038100#0CDA01100CD90101
(1779054380.333153) can0 02048100#4C01014C01010000
(1779054380.334038) can0 1AD#8E14000059321A1A
(1779054380.335050) can0 2AD#DA0C800C8E140016
(1779054380.336105) can0 3AD#0000000000008E14
(1779054380.337076) can0 4AD#EB00000000000000
(1779054380.338076) can0 76A#7F00000000000000
(1779054380.400727) can0 0000E005#1761480003B60591
(1779054380.401284) can0 1806E5F4#13DC010003B6023A
(1779054380.402152) can0 0000E000#13DC13DC020E0000
(1779054380.403150) can0 0000E004#1A1A03B603B601E3
(1779054380.404131) can0 0000E006#0CD90CD90CD90CD9
(1779054380.405152) can0 0000E007#0CD90CD90CD90CD9
(1779054380.406125) can0 0000E008#0CD90CD90CD90CD9
(1779054380.407126) can0 0000E009#0CD90CD90CD90CDA
(1779054380.408188) can0 0000E010#0000000000000000
(1779054380.409164) can0 0000E011#0000000000000000
(1779054380.410163) can0 0000E012#0CD9000100000000
(1779054380.411183) can0 0000F001#0000000000000000
(1779054380.412163) can0 18FF28F4#10320000020E0000
(1779054380.413176) can0 18FE28F4#0CDA0CD942420000
(1779054380.414156) can0 18FD28F4#1761FA6F00000000
(1779054380.415074) can0 4D4#000032007D0E0203
(1779054380.416043) can0 4D5#D90CDA0C42420000
(1779054380.417129) can0 18914010#0CDA100CD9010000
(1779054380.418150) can0 18904010#020E020E753001FC
(1779054380.419151) can0 18FA28F4#713EA12C10270000
(1779054380.420134) can0 18FB28F4#DA0CD90C42420000
(1779054380.421186) can0 18FC28F4#383200000E020000
(1779054380.422145) can0 18F810F3#0E02E80332640100
(1779054380.423178) can0 18F815F3#0000000010030000
(1779054380.424074) can0 273#000000000E023200
(1779054380.425056) can0 1E1#020E271001FC01FC
(1779054380.426087) can0 1F5#0000000000000000
(1779054380.427173) can0 0800A6A9#0000000000000000
(1779054380.428135) can0 1000A6A9#0E028813324C4C4C
(1779054380.429163) can0 1C00A6A9#0000000000030000
(1779054380.430177) can0 02018100#1003020E00000000
(1779054380.431158) can0 02028100#0000003264000000
(1779054380.432157) can0 02038100#0CDA01100CD90101
(1779054380.433147) can0 02048100#4C01014C01010000
(1779054380.434038) can0 1AD#8E14000059321A1A
(1779054380.435051) can0 2AD#DA0C800C8E140016
(1779054380.436063) can0 3AD#0000000000008E14
(1779054380.437075) can0 4AD#EB00000000000000
(1779054380.438076) can0 76A#7F00000000000000
(1779054380.500738) can0 0000E005#1761480003B60591
(1779054380.501326) can0 1806E5F4#13DC010003B6023A
(1779054380.502150) can0 0000E000#13DC13DC020E0000
(1779054380.503138) can0 0000E004#1A1A03B603B601E3
(1779054380.504124) can0 0000E006#0CD90CD90CD90CD9
(1779054380.505136) can0 0000E007#0CD90CD90CD90CD9
(1779054380.506130) can0 0000E008#0CD90CD90CD90CD9
(1779054380.507131) can0 0000E009#0CD90CD90CD90CDA
(1779054380.508175) can0 0000E010#0000000000000000
(1779054380.509176) can0 0000E011#0000000000000000
(1779054380.510155) can0 0000E012#0CD9000100000000
(1779054380.511175) can0 0000F001#0000000000000000
(1779054380.512156) can0 18FF28F4#10320000020E0000
(1779054380.513137) can0 18FE28F4#0CDA0CD942420000
(1779054380.514143) can0 18FD28F4#1761FA6F00000000
(1779054380.515067) can0 4D4#000032007D0E0203
(1779054380.516047) can0 4D5#D90CDA0C42420000
(1779054380.517144) can0 18914010#0CDA100CD9010000
(1779054380.518137) can0 18904010#020E020E753001FC
(1779054380.519144) can0 18FA28F4#713EA12C10270000
(1779054380.520138) can0 18FB28F4#DA0CD90C42420000
(1779054380.521156) can0 18FC28F4#383200000E020000
(1779054380.522137) can0 18F810F3#0E02E80332640100
(1779054380.523163) can0 18F815F3#0000000010030000
(1779054380.524067) can0 273#000000000E023200
(1779054380.525048) can0 1E1#020E271001FC01FC
(1779054380.526074) can0 1F5#0000000000000000
(1779054380.527157) can0 0800A6A9#0000000000000000
(1779054380.528129) can0 1000A6A9#0E028813324C4C4C
(1779054380.529160) can0 1C00A6A9#0000000000030000
(1779054380.530166) can0 02018100#1003020E00000000
(1779054380.531166) can0 02028100#0000003264000000
(1779054380.532145) can0 02038100#0CDA01100CD90101
(1779054380.533159) can0 02048100#4C01014C01010000
(1779054380.534030) can0 1AD#8E14000059321A1A
(1779054380.535057) can0 2AD#DA0C800C8E140016
(1779054380.536068) can0 3AD#0000000000008E14
(1779054380.537062) can0 4AD#EB00000000000000
(1779054380.538060) can0 76A#7F00000000000000
(1779054380.617754) can0 0000E005#1761480003B60591
(1779054380.618341) can0 1806E5F4#13DC010003B6023A
(1779054380.619159) can0 0000E000#13DC13DC020E0000
(1779054380.620147) can0 0000E004#1A1A03B603B601E3
(1779054380.621118) can0 0000E006#0CD90CD90CD90CD9
(1779054380.622131) can0 0000E007#0CD90CD90CD90CD9
(1779054380.623112) can0 0000E008#0CD90CD90CD90CD9
(1779054380.624124) can0 0000E009#0CD90CD90CD90CDA
(1779054380.625175) can0 0000E010#0000000000000000
(1779054380.626169) can0 0000E011#0000000000000000
(1779054380.627152) can0 0000E012#0CD9000100000000
(1779054380.628150) can0 0000E013#4542323630354C43
(1779054380.629153) can0 0000E014#3134323300000000
(1779054380.630167) can0 0000E015#0000000000000003
(1779054380.631180) can0 0000F000#0000000000000000
(1779054380.632160) can0 0000F001#0000000000000000
(1779054380.633157) can0 18FF28F4#10320000020E0000
(1779054380.634125) can0 18FE28F4#0CDA0CD942420000
(1779054380.635139) can0 18FD28F4#1761FA6F00000000
(1779054380.636087) can0 4D4#000032007D0E0203
(1779054380.637037) can0 4D5#D90CDA0C42420000
(1779054380.638133) can0 18914010#0CDA100CD9010000
(1779054380.639131) can0 18904010#020E020E753001FC
(1779054380.640143) can0 18924010#4201420100000000
(1779054380.641145) can0 18934010#0000002B0000BCAD
(1779054380.642158) can0 18944010#1003000000000000
(1779054380.643170) can0 18954010#0000000000000000
(1779054380.644214) can0 18954010#0100000000000000
(1779054380.645171) can0 18954010#0200000000000000
(1779054380.646163) can0 18954010#0300000000000000
(1779054380.647165) can0 18954010#0400000000000000
(1779054380.648165) can0 18954010#0500000000000000
(1779054380.649145) can0 18964010#0042424200000000
(1779054380.650158) can0 18974010#0000000000000000
(1779054380.651150) can0 18984010#0000000000000000
(1779054380.652182) can0 18FA28F4#713EA12C10270000
(1779054380.653132) can0 18FB28F4#DA0CD90C42420000
(1779054380.654145) can0 18FC28F4#383200000E020000
(1779054380.655124) can0 18F810F3#0E02E80332640100
(1779054380.656139) can0 18F811F3#DA0C1001D90C0101
(1779054380.657132) can0 18F812F3#4201014201010000
(1779054380.658164) can0 18F813F3#0101000000000000
(1779054380.659126) can0 18F814F3#3200491BA9015F00
(1779054380.660158) can0 18F815F3#0000000010030000
(1779054380.661056) can0 273#000000000E023200
(1779054380.662055) can0 1E1#020E271001FC01FC
(1779054380.663075) can0 1F5#0000000000000000
(1779054380.664158) can0 0800A6A9#0000000000000000
(1779054380.665130) can0 1000A6A9#0E028813324C4C4C
(1779054380.666159) can0 1C00A6A9#0000000000030000
(1779054380.667156) can0 02018100#1003020E00000000
(1779054380.668153) can0 02028100#0000003264000000
(1779054380.669134) can0 02038100#0CDA01100CD90101
(1779054380.670152) can0 02048100#4C01014C01010000
(1779054380.671031) can0 1AD#8E14000059321A1A
(1779054380.672033) can0 2AD#DA0C800C8E140016
(1779054380.673063) can0 3AD#0000000000008E14
(1779054380.674056) can0 4AD#EB00000000000000
(1779054380.675069) can0 76A#7F00000000000000
(1779054380.733748) can0 0000E005#1761480003B60591
(1779054380.734327) can0 1806E5F4#13DC010003B6023A
(1779054380.735145) can0 0000E000#13DC13DC020E0000
(1779054380.736137) can0 0000E004#1A1A03B603B601E3
(1779054380.737125) can0 0000E006#0CD90CD90CD90CD9
(1779054380.738125) can0 0000E007#0CD90CD90CD90CD9
(1779054380.739117) can0 0000E008#0CD90CD90CD90CD9
(1779054380.740119) can0 0000E009#0CD90CD90CD90CDA
(1779054380.741163) can0 0000E010#0000000000000000
(1779054380.742163) can0 0000E011#0000000000000000
(1779054380.743144) can0 0000E012#0CD9000100000000
(1779054380.744170) can0 0000F001#0000000000000000
(1779054380.745155) can0 18FF28F4#10320000020E0000
(1779054380.746123) can0 18FE28F4#0CDA0CD942420000
(1779054380.747137) can0 18FD28F4#1761FA6F00000000
(1779054380.748050) can0 4D4#000032007D0E0203
(1779054380.749034) can0 4D5#D90CDA0C42420000
(1779054380.750131) can0 18914010#0CDA100CD9010000
(1779054380.751130) can0 18904010#020E020E753001FC
(1779054380.752144) can0 18FA28F4#713EA12C10270000
(1779054380.753124) can0 18FB28F4#DA0CD90C42420000
(1779054380.754137) can0 18FC28F4#383200000E020000
(1779054380.755138) can0 18F810F3#0E02E80332640100
(1779054380.756163) can0 18F815F3#0000000010030000
(1779054380.757066) can0 273#000000000E023200
(1779054380.758048) can0 1E1#020E271001FC01FC
(1779054380.759081) can0 1F5#0000000000000000
(1779054380.760151) can0 0800A6A9#0000000000000000
(1779054380.761125) can0 1000A6A9#0E028813324C4C4C
(1779054380.762156) can0 1C00A6A9#0000000000030000
(1779054380.763150) can0 02018100#1003020E00000000
(1779054380.764150) can0 02028100#0000003264000000
(1779054380.765150) can0 02038100#0CDA01100CD90101
(1779054380.766144) can0 02048100#4C01014C01010000
(1779054380.767031) can0 1AD#8E14000059321A1A
(1779054380.768036) can0 2AD#DA0C800C8E140016
(1779054380.769056) can0 3AD#0000000000008E14
(1779054380.770068) can0 4AD#EB00000000000000
(1779054380.771063) can0 76A#7F00000000000000
(1779054380.833758) can0 0000E005#1761480003B60591
(1779054380.834283) can0 1806E5F4#13DC010003B6023A
(1779054380.835146) can0 0000E000#13DC13DC020E0000
(1779054380.836125) can0 0000E004#1A1A03B603B601E3
(1779054380.837124) can0 0000E006#0CD90CD90CD90CD9
(1779054380.838125) can0 0000E007#0CD90CD90CD90CD9
(1779054380.839119) can0 0000E008#0CD90CD90CD90CD9
(1779054380.840118) can0 0000E009#0CD90CD90CD90CDA
(1779054380.841162) can0 0000E010#0000000000000000
(1779054380.842163) can0 0000E011#0000000000000000
(1779054380.843163) can0 0000E012#0CD9000100000000
(1779054380.844175) can0 0000F001#0000000000000000
(1779054380.845156) can0 18FF28F4#10320000020E0000
(1779054380.846124) can0 18FE28F4#0CDA0CD942420000
(1779054380.847137) can0 18FD28F4#1761FA6F00000000
(1779054380.848054) can0 4D4#000032007D0E0203
(1779054380.849035) can0 4D5#D90CDA0C42420000
(1779054380.850130) can0 18914010#0CDA100CD9010000
(1779054380.851145) can0 18904010#020E020E753001FC
(1779054380.852130) can0 18FA28F4#713EA12C10270000
(1779054380.853124) can0 18FB28F4#DA0CD90C42420000
(1779054380.854142) can0 18FC28F4#383200000E020000
(1779054380.855123) can0 18F810F3#0E02E80332640100
(1779054380.856156) can0 18F815F3#0000000010030000
(1779054380.857050) can0 273#000000000E023200
(1779054380.858047) can0 1E1#020E271001FC01FC
(1779054380.859098) can0 1F5#0000000000000000
(1779054380.860163) can0 0800A6A9#0000000000000000
(1779054380.861125) can0 1000A6A9#0E028813324C4C4C
(1779054380.862143) can0 1C00A6A9#0000000000030000
(1779054380.863157) can0 02018100#1003020E00000000
(1779054380.864156) can0 02028100#0000003264000000
(1779054380.865132) can0 02038100#0CDA01100CD90101
(1779054380.866150) can0 02048100#4C01014C01010000
(1779054380.867061) can0 1AD#8E14000059321A1A
(1779054380.868029) can0 2AD#DA0C800C8E140016
(1779054380.869049) can0 3AD#0000000000008E14
(1779054380.870068) can0 4AD#EB00000000000000
(1779054380.871068) can0 76A#7F00000000000000
(1779054380.933753) can0 0000E005#1761480003B60591
(1779054380.934319) can0 1806E5F4#13DC010003B6023A
(1779054380.935137) can0 0000E000#13DC13DC020E0000
(1779054380.936154) can0 0000E004#1A1A03B603B601E3
(1779054380.937116) can0 0000E006#0CD90CD90CD90CD9
(1779054380.938113) can0 0000E007#0CD90CD90CD90CD9
(1779054380.939111) can0 0000E008#0CD90CD90CD90CD9
(1779054380.940109) can0 0000E009#0CD90CD90CD90CD9
(1779054380.941161) can0 0000E010#0000000000000000
(1779054380.942152) can0 0000E011#0000000000000000
(1779054380.943155) can0 0000E012#0CD9000000000000
(1779054380.944199) can0 0000F001#0000000000000000
(1779054380.945148) can0 18FF28F4#10320000020E0000
(1779054380.946115) can0 18FE28F4#0CD90CD942420000
(1779054380.947130) can0 18FD28F4#1761FA6F00000000
(1779054380.948047) can0 4D4#000032007D0E0203
(1779054380.949027) can0 4D5#D90CD90C42420000
(1779054380.950120) can0 18914010#0CD9090CD9010000
(1779054380.951123) can0 18904010#020E020E753001FC
(1779054380.952167) can0 18FA28F4#713EA12C10270000
(1779054380.953116) can0 18FB28F4#D90CD90C42420000
(1779054380.954131) can0 18FC28F4#383200000E020000
(1779054380.955129) can0 18F810F3#0E02E80332640100
(1779054380.956142) can0 18F815F3#0000000010030000
(1779054380.957059) can0 273#000000000E023200
(1779054380.958046) can0 1E1#020E271001FC01FC
(1779054380.959073) can0 1F5#0000000000000000
(1779054380.960200) can0 0800A6A9#0000000000000000
(1779054380.961116) can0 1000A6A9#0E028813324C4C4C
(1779054380.962144) can0 1C00A6A9#0000000000030000
(1779054380.963167) can0 02018100#1003020E00000000
(1779054380.964142) can0 02028100#0000003264000000
(1779054380.965123) can0 02038100#0CD901090CD90101
(1779054380.966136) can0 02048100#4C01014C01010000
(1779054380.967024) can0 1AD#8E14000059321A1A
(1779054380.968035) can0 2AD#D90C800C8E140016
(1779054380.969048) can0 3AD#0000000000008E14
(1779054380.970060) can0 4AD#EB00000000000000
(1779054380.971061) can0 76A#7F00000000000000
(1779054381.033761) can0 0000E005#1761480003B60591
(1779054381.034326) can0 1806E5F4#13DC010003B6023A
(1779054381.035137) can0 0000E000#13DC13DC020E0000
(1779054381.036125) can0 0000E004#1A1A03B603B601E3
(1779054381.037102) can0 0000E006#0CD90CD90CD90CD9
(1779054381.038116) can0 0000E007#0CD90CD90CD90CD9
(1779054381.039106) can0 0000E008#0CD90CD90CD90CD9
(1779054381.040109) can0 0000E009#0CD90CD90CD90CD9
(1779054381.041160) can0 0000E010#0000000000000000
(1779054381.042153) can0 0000E011#0000000000000000
(1779054381.043136) can0 0000E012#0CD9000000000000
(1779054381.044154) can0 0000F001#0000000000000000
(1779054381.045148) can0 18FF28F4#10320000020E0000
(1779054381.046115) can0 18FE28F4#0CD90CD942420000
(1779054381.047126) can0 18FD28F4#1761FA6F00000000
(1779054381.048045) can0 4D4#000032007D0E0203
(1779054381.049013) can0 4D5#D90CD90C42420000
(1779054381.050121) can0 18914010#0CD9090CD9010000
(1779054381.051122) can0 18904010#020E020E753001FC
(1779054381.052135) can0 18FA28F4#713EA12C10270000
(1779054381.053103) can0 18FB28F4#D90CD90C42420000
(1779054381.054134) can0 18FC28F4#383200000E020000
(1779054381.055117) can0 18F810F3#0E02E80332640100
(1779054381.056147) can0 18F815F3#0000000010030000
(1779054381.057047) can0 273#000000000E023200
(1779054381.058027) can0 1E1#020E271001FC01FC
(1779054381.059051) can0 1F5#0000000000000000
(1779054381.060156) can0 0800A6A9#0000000000000000
(1779054381.061117) can0 1000A6A9#0E028813324C4C4C
(1779054381.062129) can0 1C00A6A9#0000000000030000
(1779054381.063145) can0 02018100#1003020E00000000
(1779054381.064142) can0 02028100#0000003264000000
(1779054381.065122) can0 02038100#0CD901090CD90101
(1779054381.066134) can0 02048100#4C01014C01010000
(1779054381.067021) can0 1AD#8E14000059321A1A
(1779054381.068033) can0 2AD#D90C800C8E140016
(1779054381.069045) can0 3AD#0000000000008E14
(1779054381.070058) can0 4AD#EB00000000000000
(1779054381.071053) can0 76A#7F00000000000000
(1779054381.150770) can0 0000E005#1761480003B60591
(1779054381.151320) can0 1806E5F4#13DC010003B6023A
(1779054381.152135) can0 0000E000#13DC13DC020E0000
(1779054381.153111) can0 0000E004#1A1A03B603B601E3
(1779054381.154109) can0 0000E006#0CD90CD90CD90CD9
(1779054381.155110) can0 0000E007#0CD90CD90CD90CD9
(1779054381.156109) can0 0000E008#0CD90CD90CD90CD9
(1779054381.157109) can0 0000E009#0CD90CD90CD90CD9
(1779054381.158155) can0 0000E010#0000000000000000
(1779054381.159167) can0 0000E011#0000000000000000
(1779054381.160147) can0 0000E012#0CD9000000000000
(1779054381.161096) can0 0000E013#4542323630354C43
(1779054381.162128) can0 0000E014#3134323300000000
(1779054381.163142) can0 0000E015#0000000000000003
(1779054381.164157) can0 0000F000#0000000000000000
(1779054381.165151) can0 0000F001#0000000000000000
(1779054381.166135) can0 18FF28F4#10320000020E0000
(1779054381.167137) can0 18FE28F4#0CD90CD942420000
(1779054381.168130) can0 18FD28F4#1761FA6F00000000
(1779054381.169045) can0 4D4#000032007D0E0203
(1779054381.170015) can0 4D5#D90CD90C42420000
(1779054381.171113) can0 18914010#0CD9080CD9010000
(1779054381.172125) can0 18904010#020E020E753001FC
(1779054381.173120) can0 18924010#4201420100000000
(1779054381.174123) can0 18934010#0000002C0000BCAD
(1779054381.175186) can0 18944010#1003000000000000
(1779054381.176168) can0 18954010#0000000000000000
(1779054381.177158) can0 18954010#0100000000000000
(1779054381.178147) can0 18954010#0200000000000000
(1779054381.179142) can0 18954010#0300000000000000
(1779054381.180141) can0 18954010#0400000000000000
(1779054381.181143) can0 18954010#0500000000000000
(1779054381.182136) can0 18964010#0042424200000000
(1779054381.183200) can0 18974010#0000000000000000
(1779054381.184148) can0 18984010#0000000000000000
(1779054381.185126) can0 18FA28F4#713EA12C10270000
(1779054381.186110) can0 18FB28F4#D90CD90C42420000
(1779054381.187136) can0 18FC28F4#383200000E020000
(1779054381.188117) can0 18F810F3#0E02E80332640100
(1779054381.189114) can0 18F811F3#D90C0801D90C0101
(1779054381.190129) can0 18F812F3#4201014201010000
(1779054381.191144) can0 18F813F3#0101000000000000
(1779054381.192124) can0 18F814F3#3200491BA9015F00
(1779054381.193148) can0 18F815F3#0000000010030000
(1779054381.194054) can0 273#000000000E023200
(1779054381.195032) can0 1E1#020E271001FC01FC
(1779054381.196061) can0 1F5#0000000000000000
(1779054381.197135) can0 0800A6A9#0000000000000000
(1779054381.198105) can0 1000A6A9#0E028813324C4C4C
(1779054381.199137) can0 1C00A6A9#0000000000030000
(1779054381.200149) can0 02018100#1003020E00000000
(1779054381.201138) can0 02028100#0000003264000000
(1779054381.202130) can0 02038100#0CD901080CD90101
(1779054381.203124) can0 02048100#4C01014C01010000
(1779054381.204009) can0 1AD#8E14000059321A1A
(1779054381.205022) can0 2AD#D90C800C8E140016
(1779054381.206036) can0 3AD#0000000000008E14
(1779054381.207056) can0 4AD#EB00000000000000
(1779054381.208048) can0 76A#7F00000000000000
(1779054381.266677) can0 0000E005#1761480003B60591
(1779054381.267270) can0 1806E5F4#13DC010003B6023A
(1779054381.268139) can0 0000E000#13DC13DC020E0000
(1779054381.269117) can0 0000E004#1A1A03B603B601E3
(1779054381.270096) can0 0000E006#0CD90CD90CD90CD9
(1779054381.271111) can0 0000E007#0CD90CD90CD90CD9
(1779054381.272109) can0 0000E008#0CD90CD90CD90CD9
(1779054381.273108) can0 0000E009#0CD90CD90CD90CD9
(1779054381.274153) can0 0000E010#0000000000000000
(1779054381.275155) can0 0000E011#0000000000000000
(1779054381.276136) can0 0000E012#0CD9000000000000
(1779054381.277147) can0 0000F001#0000000000000000
(1779054381.278139) can0 18FF28F4#10320000020E0000
(1779054381.279110) can0 18FE28F4#0CD90CD942420000
(1779054381.280122) can0 18FD28F4#1761FA6F00000000
(1779054381.281040) can0 4D4#000032007D0E0203
(1779054381.282007) can0 4D5#D90CD90C42420000
(1779054381.283117) can0 18914010#0CD9080CD9010000
(1779054381.284116) can0 18904010#020E020E753001FC
(1779054381.285116) can0 18FA28F4#713EA12C10270000
(1779054381.286098) can0 18FB28F4#D90CD90C42420000
(1779054381.287130) can0 18FC28F4#383200000E020000
(1779054381.288110) can0 18F810F3#0E02E80332640100
(1779054381.289139) can0 18F815F3#0000000010030000
(1779054381.290040) can0 273#000000000E023200
(1779054381.291023) can0 1E1#020E271001FC01FC
(1779054381.292052) can0 1F5#0000000000000000
(1779054381.293142) can0 0800A6A9#0000000000000000
(1779054381.294096) can0 1000A6A9#0E028813324C4C4C
(1779054381.295129) can0 1C00A6A9#0000000000030000
(1779054381.296141) can0 02018100#1003020E00000000
(1779054381.297154) can0 02028100#0000003264000000
(1779054381.298124) can0 02038100#0CD901080CD90101
(1779054381.299136) can0 02048100#4C01014C01010000
(1779054381.300021) can0 1AD#8E14000059321A1A
(1779054381.301010) can0 2AD#D90C800C8E140016
(1779054381.302047) can0 3AD#0000000000008E14
(1779054381.303041) can0 4AD#EB00000000000000
(1779054381.304053) can0 76A#7F00000000000000
(1779054381.366676) can0 0000E005#1761480003B60591
(1779054381.367266) can0 1806E5F4#13DC010003B6023A
(1779054381.368129) can0 0000E000#13DC13DC020E0000
(1779054381.369115) can0 0000E004#1A1A03B603B601E3
(1779054381.370095) can0 0000E006#0CD90CD90CD90CD9
(1779054381.371109) can0 0000E007#0CD90CD90CD90CD9
(1779054381.372107) can0 0000E008#0CD90CD90CD90CD9
(1779054381.373107) can0 0000E009#0CD90CD90CD90CD9
(1779054381.374144) can0 0000E010#0000000000000000
(1779054381.375146) can0 0000E011#0000000000000000
(1779054381.376128) can0 0000E012#0CD9000000000000
(1779054381.377146) can0 0000F001#0000000000000000
(1779054381.378139) can0 18FF28F4#10320000020E0000
(1779054381.379109) can0 18FE28F4#0CD90CD942420000
(1779054381.380121) can0 18FD28F4#1761FA6F00000000
(1779054381.381039) can0 4D4#000032007D0E0203
(1779054381.382019) can0 4D5#D90CD90C42420000
(1779054381.383116) can0 18914010#0CD9080CD9010000
(1779054381.384115) can0 18904010#020E020E753001FC
(1779054381.385116) can0 18FA28F4#713EA12C10270000
(1779054381.386091) can0 18FB28F4#D90CD90C42420000
(1779054381.387127) can0 18FC28F4#383200000E020000
(1779054381.388108) can0 18F810F3#0E02E80332640100
(1779054381.389140) can0 18F815F3#0000000010030000
(1779054381.390064) can0 273#000000000E023200
(1779054381.391019) can0 1E1#020E271001FC01FC
(1779054381.392051) can0 1F5#0000000000000000
(1779054381.393147) can0 0800A6A9#0000000000000000
(1779054381.394110) can0 1000A6A9#0E028813324C4C4C
(1779054381.395130) can0 1C00A6A9#0000000000030000
(1779054381.396142) can0 02018100#1003020E00000000
(1779054381.397141) can0 02028100#0000003264000000
(1779054381.398145) can0 02038100#0CD901080CD90101
(1779054381.399135) can0 02048100#4C01014C01010000
(1779054381.400002) can0 1AD#8E14000059321A1A
(1779054381.401014) can0 2AD#D90C800C8E140016
(1779054381.402041) can0 3AD#0000000000008E14
(1779054381.403053) can0 4AD#EB00000000000000
(1779054381.404033) can0 76A#7F00000000000000
(1779054381.466785) can0 0000E005#1761480003B60591
(1779054381.467317) can0 1806E5F4#13DC010003B6023A
(1779054381.468115) can0 0000E000#13DC13DC020E0000
(1779054381.469114) can0 0000E004#1A1A03B603B601E3
(1779054381.470095) can0 0000E006#0CD90CD90CD90CD9
(1779054381.471091) can0 0000E007#0CD90CD90CD90CD9
(1779054381.472094) can0 0000E008#0CD90CD90CD90CD9
(1779054381.473088) can0 0000E009#0CD90CD90CD90CD9
(1779054381.474152) can0 0000E010#0000000000000000
(1779054381.475162) can0 0000E011#0000000000000000
(1779054381.476132) can0 0000E012#0CD9000000000000
(1779054381.477145) can0 0000F001#0000000000000000
(1779054381.478127) can0 18FF28F4#10320000020E0000
(1779054381.479095) can0 18FE28F4#0CD90CD942420000
(1779054381.480109) can0 18FD28F4#1761FA6F00000000
(1779054381.481025) can0 4D4#000032007D0E0203
(1779054381.482012) can0 4D5#D90CD90C42420000
(1779054381.483151) can0 18914010#0CD9080CD9010000
(1779054381.484100) can0 18904010#020E020E753001FC
(1779054381.485114) can0 18FA28F4#713EA12C10270000
(1779054381.486102) can0 18FB28F4#D90CD90C42420000
(1779054381.487122) can0 18FC28F4#383200000E020000
(1779054381.488109) can0 18F810F3#0E02E80332640100
(1779054381.489139) can0 18F815F3#0000000010030000
(1779054381.490045) can0 273#000000000E023200
(1779054381.491070) can0 1E1#020E271001FC01FC
(1779054381.492058) can0 1F5#0000000000000000
(1779054381.493134) can0 0800A6A9#0000000000000000
(1779054381.494101) can0 1000A6A9#0E028813324C4C4C
(1779054381.495129) can0 1C00A6A9#0000000000030000
(1779054381.496144) can0 02018100#1003020E00000000
(1779054381.497128) can0 02028100#0000003264000000
(1779054381.498130) can0 02038100#0CD901080CD90101
(1779054381.499120) can0 02048100#4C01014C01010000
(1779054381.500003) can0 1AD#8E14000059321A1A
(1779054381.501014) can0 2AD#D90C800C8E140016
(1779054381.502028) can0 3AD#0000000000008E14
(1779054381.503041) can0 4AD#EB00000000000000
(1779054381.504041) can0 76A#7F00000000000000
(1779054381.566674) can0 0000E005#1761480003B60591
(1779054381.567256) can0 1806E5F4#13DC010003B6023A
(1779054381.568171) can0 0000E000#13DC13DC020E0000
(1779054381.569106) can0 0000E004#1A1A03B603B601E3
(1779054381.570087) can0 0000E006#0CD90CD90CD90CD9
(1779054381.571101) can0 0000E007#0CD90CD90CD90CD9
(1779054381.572096) can0 0000E008#0CD90CD90CD90CD9
(1779054381.573100) can0 0000E009#0CD90CD90CD90CD9
(1779054381.574144) can0 0000E010#0000000000000000
(1779054381.575146) can0 0000E011#0000000000000000
(1779054381.576126) can0 0000E012#0CD9000000000000
(1779054381.577138) can0 0000F001#0000000000000000
(1779054381.578119) can0 18FF28F4#10320000020E0000
(1779054381.579101) can0 18FE28F4#0CD90CD942420000
(1779054381.580110) can0 18FD28F4#1761FA6F00000000
(1779054381.581036) can0 4D4#000032007D0E0203
(1779054381.581999) can0 4D5#D90CD90C42420000
(1779054381.583114) can0 18914010#0CD9080CD9010000
(1779054381.584105) can0 18904010#020E020E753001FC
(1779054381.585126) can0 18FA28F4#713EA12C10270000
(1779054381.586087) can0 18FB28F4#D90CD90C42420000
(1779054381.587121) can0 18FC28F4#383200000E020000
(1779054381.588101) can0 18F810F3#0E02E80332640100
(1779054381.589133) can0 18F815F3#0000000010030000
(1779054381.590031) can0 273#000000000E023200
(1779054381.591019) can0 1E1#020E271001FC01FC
(1779054381.592051) can0 1F5#0000000000000000
(1779054381.593139) can0 0800A6A9#0000000000000000
(1779054381.594096) can0 1000A6A9#0E028813324C4C4C
(1779054381.595155) can0 1C00A6A9#0000000000030000
(1779054381.596143) can0 02018100#1003020E00000000
(1779054381.597150) can0 02028100#0000003264000000
(1779054381.598128) can0 02038100#0CD901080CD90101
(1779054381.599141) can0 02048100#4C01014C01010000
(1779054381.600021) can0 1AD#8E14000059321A1A
(1779054381.601013) can0 2AD#D90C800C8E140016
(1779054381.602046) can0 3AD#0000000000008E14
(1779054381.603046) can0 4AD#EB00000000000000
(1779054381.604055) can0 76A#7F00000000000000
(1779054381.683689) can0 0000E005#1761480003B60591
(1779054381.684273) can0 1806E5F4#13DC010003B6023A
(1779054381.685121) can0 0000E000#13DC13DC020E0000
(1779054381.686096) can0 0000E004#1A1A03B603B601E3
(1779054381.687100) can0 0000E006#0CD90CD90CD90CD9
(1779054381.688096) can0 0000E007#0CD90CD90CD90CD9
(1779054381.689095) can0 0000E008#0CD90CD90CD90CD9
(1779054381.690107) can0 0000E009#0CD90CD90CD90CDA
(1779054381.691140) can0 0000E010#0000000000000000
(1779054381.692139) can0 0000E011#0000000000000000
(1779054381.693119) can0 0000E012#0CD9000100000000
(1779054381.694078) can0 0000E013#4542323630354C43
(1779054381.695112) can0 0000E014#3134323300000000
(1779054381.696130) can0 0000E015#0000000000000003
(1779054381.697144) can0 0000F000#0000000000000000
(1779054381.698149) can0 0000F001#0000000000000000
(1779054381.699120) can0 18FF28F4#10320000020E0000
(1779054381.700106) can0 18FE28F4#0CDA0CD942420000
(1779054381.701119) can0 18FD28F4#1761FA6F00000000
(1779054381.702037) can0 4D4#000032007D0E0203
(1779054381.702999) can0 4D5#D90CDA0C42420000
(1779054381.704094) can0 18914010#0CDA100CD9010000
(1779054381.705113) can0 18904010#020E020E753001FC
(1779054381.706139) can0 18924010#4201420100000000
(1779054381.707107) can0 18934010#0000002D0000BCAD
(1779054381.708119) can0 18944010#1003000000000000
(1779054381.709132) can0 18954010#0000000000000000
(1779054381.710124) can0 18954010#0100000000000000
(1779054381.711132) can0 18954010#0200000000000000
(1779054381.712133) can0 18954010#0300000000000000
(1779054381.713127) can0 18954010#0400000000000000
(1779054381.714171) can0 18954010#0500000000000000
(1779054381.715108) can0 18964010#0042424200000000
(1779054381.716132) can0 18974010#0000000000000000
(1779054381.717131) can0 18984010#0000000000000000
(1779054381.718094) can0 18FA28F4#713EA12C10270000
(1779054381.719095) can0 18FB28F4#DA0CD90C42420000
(1779054381.720120) can0 18FC28F4#383200000E020000
(1779054381.721101) can0 18F810F3#0E02E80332640100
(1779054381.722143) can0 18F811F3#DA0C1001D90C0101
(1779054381.723114) can0 18F812F3#4201014201010000
(1779054381.724127) can0 18F813F3#0101000000000000
(1779054381.725109) can0 18F814F3#3200491BA9015F00
(1779054381.726133) can0 18F815F3#0000000010030000
(1779054381.727036) can0 273#000000000E023200
(1779054381.728018) can0 1E1#020E271001FC01FC
(1779054381.729043) can0 1F5#0000000000000000
(1779054381.730117) can0 0800A6A9#0000000000000000
(1779054381.731089) can0 1000A6A9#0E028813324C4C4C
(1779054381.732120) can0 1C00A6A9#0000000000030000
(1779054381.733133) can0 02018100#1003020E00000000
(1779054381.734126) can0 02028100#0000003264000000
(1779054381.735116) can0 02038100#0CDA01100CD90101
(1779054381.736108) can0 02048100#4C01014C01010000
(1779054381.737012) can0 1AD#8F14000059321A1A
(1779054381.738013) can0 2AD#DA0C800C8F140016
(1779054381.739027) can0 3AD#0000000000008F14
(1779054381.740039) can0 4AD#EB00000000000000
(1779054381.741035) can0 76A#7F00000000000000
(1779054381.799659) can0 0000E005#1761480003B60591
(1779054381.800255) can0 1806E5F4#13DC010003B6023A
(1779054381.801119) can0 0000E000#13DC13DC020E0000
(1779054381.802101) can0 0000E004#1A1A03B603B601E3
(1779054381.803079) can0 0000E006#0CD90CD90CD90CD9
(1779054381.804099) can0 0000E007#0CD90CD90CD90CD9
(1779054381.805081) can0 0000E008#0CD90CD90CD90CD9
(1779054381.806094) can0 0000E009#0CD90CD90CD90CDA
(1779054381.807145) can0 0000E010#0000000000000000
(1779054381.808138) can0 0000E011#0000000000000000
(1779054381.809119) can0 0000E012#0CD9000100000000
(1779054381.810132) can0 0000F001#0000000000000000
(1779054381.811117) can0 18FF28F4#10320000020E0000
(1779054381.812100) can0 18FE28F4#0CDA0CD942420000
(1779054381.813115) can0 18FD28F4#1761FA6F00000000
(1779054381.814031) can0 4D4#000032007D0E0203
(1779054381.815012) can0 4D5#D90CDA0C42420000
(1779054381.816095) can0 18914010#0CDA100CD9010000
(1779054381.817109) can0 18904010#020E020E753001FC
(1779054381.818102) can0 18FA28F4#713EA12C10270000
(1779054381.819102) can0 18FB28F4#DA0CD90C42420000
(1779054381.820115) can0 18FC28F4#383200000E020000
(1779054381.821102) can0 18F810F3#0E02E80332640100
(1779054381.822126) can0 18F815F3#0000000010030000
(1779054381.823027) can0 273#000000000E023200
(1779054381.824013) can0 1E1#020E271001FC01FC
(1779054381.825046) can0 1F5#0000000000000000
(1779054381.826121) can0 0800A6A9#0000000000000000
(1779054381.827083) can0 1000A6A9#0E028813324C4C4C
(1779054381.828114) can0 1C00A6A9#0000000000030000
(1779054381.829133) can0 02018100#1003020E00000000
(1779054381.830127) can0 02028100#0000003264000000
(1779054381.831108) can0 02038100#0CDA01100CD90101
(1779054381.832121) can0 02048100#4C01014C01010000
(1779054381.833007) can0 1AD#8F14000059321A1A
(1779054381.834001) can0 2AD#DA0C800C8F140016
(1779054381.835031) can0 3AD#0000000000008F14
(1779054381.836050) can0 4AD#EB00000000000000
(1779054381.837034) can0 76A#7F00000000000000
(1779054381.913673) can0 0000E005#1761480003B60591
(1779054381.914250) can0 1806E5F4#13DC010003B6023A
(1779054381.915108) can0 0000E000#13DC13DC020E0000
(1779054381.916100) can0 0000E004#1A1A03B603B601E3
(1779054381.917087) can0 0000E006#0CD90CD90CD90CD9
(1779054381.918080) can0 0000E007#0CD90CD90CD90CD9
(1779054381.919082) can0 0000E008#0CD90CD90CD90CD9
(1779054381.920082) can0 0000E009#0CD90CD90CD90CDA
(1779054381.921157) can0 0000E010#0000000000000000
(1779054381.922121) can0 0000E011#0000000000000000
(1779054381.923106) can0 0000E012#0CD9000100000000
(1779054381.924138) can0 0000F001#0000000000000000
(1779054381.925119) can0 18FF28F4#10320000020E0000
(1779054381.926083) can0 18FE28F4#0CDA0CD942420000
(1779054381.927101) can0 18FD28F4#1761FA6F00000000
(1779054381.928018) can0 4D4#000032007D0E0203
(1779054381.929030) can0 4D5#D90CDA0C42420000
(1779054381.930094) can0 18914010#0CDA100CD9010000
(1779054381.931095) can0 18904010#020E020E753001FC
(1779054381.932106) can0 18FA28F4#713EA12C10270000
(1779054381.933089) can0 18FB28F4#DA0CD90C42420000
(1779054381.934101) can0 18FC28F4#383200000E020000
(1779054381.935083) can0 18F810F3#0E02E80332640100
(1779054381.936134) can0 18F815F3#0000000010030000
(1779054381.937061) can0 273#000000000E023200
(1779054381.938011) can0 1E1#020E271001FC01FC
(1779054381.939032) can0 1F5#0000000000000000
(1779054381.940127) can0 0800A6A9#0000000000000000
(1779054381.941088) can0 1000A6A9#0E028813324C4C4C
(1779054381.942120) can0 1C00A6A9#0000000000030000
(1779054381.943123) can0 02018100#1003020E00000000
(1779054381.944116) can0 02028100#0000003264000000
(1779054381.945146) can0 02038100#0CDA01100CD90101
(1779054381.946110) can0 02048100#4C01014C01010000
(1779054381.946994) can0 1AD#8F14000059321A1A
(1779054381.948006) can0 2AD#DA0C800C8F140016
(1779054381.949017) can0 3AD#0000000000008F14
(1779054381.950031) can0 4AD#EB00000000000000
(1779054381.951033) can0 76A#7F00000000000000
(1779054382.012663) can0 0000E005#1761480003B60591
(1779054382.013248) can0 1806E5F4#13DC010003B6023A
(1779054382.014144) can0 0000E000#13DC13DC020E0000
(1779054382.015094) can0 0000E004#1A1A03B603B601E3
(1779054382.016074) can0 0000E006#0CD90CD90CD90CD9
(1779054382.017089) can0 0000E007#0CD90CD90CD90CD9
(1779054382.018074) can0 0000E008#0CD90CD90CD90CD9
(1779054382.019088) can0 0000E009#0CD90CD90CD90CDA
(1779054382.020132) can0 0000E010#0000000000000000
(1779054382.021129) can0 0000E011#0000000000000000
(1779054382.022163) can0 0000E012#0CD9000100000000
(1779054382.023125) can0 0000F001#0000000000000000
(1779054382.024112) can0 18FF28F4#10320000020E0000
(1779054382.025093) can0 18FE28F4#0CDA0CD942420000
(1779054382.026106) can0 18FD28F4#1761FA6F00000000
(1779054382.027024) can0 4D4#000032007D0E0203
(1779054382.028004) can0 4D5#D90CDA0C42420000
(1779054382.029082) can0 18914010#0CDA100CD9010000
(1779054382.030100) can0 18904010#020E020E753001FC
(1779054382.031101) can0 18FA28F4#713EA12C10270000
(1779054382.032094) can0 18FB28F4#DA0CD90C42420000
(1779054382.033106) can0 18FC28F4#383200000E020000
(1779054382.034094) can0 18F810F3#0E02E80332640100
(1779054382.035127) can0 18F815F3#0000000010030000
(1779054382.036024) can0 273#000000000E023200
(1779054382.037005) can0 1E1#020E271001FC01FC
(1779054382.038037) can0 1F5#0000000000000000
(1779054382.039114) can0 0800A6A9#0000000000000000
(1779054382.040082) can0 1000A6A9#0E028813324C4C4C
(1779054382.041106) can0 1C00A6A9#0000000000030000
(1779054382.042126) can0 02018100#1003020E00000000
(1779054382.043127) can0 02028100#0000003264000000
(1779054382.044111) can0 02038100#0CDA01100CD90101
(1779054382.045104) can0 02048100#4C01014C01010000
(1779054382.045990) can0 1AD#8E14000059321A1A
(1779054382.047001) can0 2AD#DA0C800C8E140016
(1779054382.048013) can0 3AD#0000000000008E14
(1779054382.049025) can0 4AD#EB00000000000000
(1779054382.050025) can0 76A#7F00000000000000
(1779054382.112706) can0 0000E005#1761480003B60591
(1779054382.113292) can0 1806E5F4#13DC010003B6023A
(1779054382.114109) can0 0000E000#13DC13DC020E0000
(1779054382.115092) can0 0000E004#1A1A03B603B601E3
(1779054382.116073) can0 0000E006#0CD90CD90CD90CD9
(1779054382.117074) can0 0000E007#0CD90CD90CD90CD9
(1779054382.118066) can0 0000E008#0CD90CD90CD90CD9
(1779054382.119067) can0 0000E009#0CD90CD90CD90CDA
(1779054382.120131) can0 0000E010#0000000000000000
(1779054382.121131) can0 0000E011#0000000000000000
(1779054382.122113) can0 0000E012#0CD9000100000000
(1779054382.123124) can0 0000F001#0000000000000000
(1779054382.124111) can0 18FF28F4#10320000020E0000
(1779054382.125093) can0 18FE28F4#0CDA0CD942420000
(1779054382.126103) can0 18FD28F4#1761FA6F00000000
(1779054382.127023) can0 4D4#000032007D0E0203
(1779054382.128003) can0 4D5#D90CDA0C42420000
(1779054382.129087) can0 18914010#0CDA100CD9010000
(1779054382.130097) can0 18904010#020E020E753001FC
(1779054382.131099) can0 18FA28F4#713EA12C10270000
(1779054382.132093) can0 18FB28F4#DA0CD90C42420000
(1779054382.133105) can0 18FC28F4#383200000E020000
(1779054382.134093) can0 18F810F3#0E02E80332640100
(1779054382.135119) can0 18F815F3#0000000010030000
(1779054382.136023) can0 273#000000000E023200
(1779054382.137005) can0 1E1#020E271001FC01FC
(1779054382.138026) can0 1F5#0000000000000000
(1779054382.139113) can0 0800A6A9#0000000000000000
(1779054382.140080) can0 1000A6A9#0E028813324C4C4C
(1779054382.141113) can0 1C00A6A9#0000000000030000
(1779054382.142121) can0 02018100#1003020E00000000
(1779054382.143126) can0 02028100#0000003264000000
(1779054382.144119) can0 02038100#0CDA01100CD90101
(1779054382.145103) can0 02048100#4C01014C01010000
(1779054382.145988) can0 1AD#8E14000059321A1A
(1779054382.147000) can0 2AD#DA0C800C8E140016
(1779054382.148013) can0 3AD#0000000000008E14
(1779054382.149024) can0 4AD#EB00000000000000
(1779054382.150021) can0 76A#7F00000000000000
(1779054382.229651) can0 0000E005#1761480003B60591
(1779054382.230241) can0 1806E5F4#13DC010003B6023A
(1779054382.231109) can0 0000E000#13DC13DC020E0000
(1779054382.232093) can0 0000E004#1A1A03B603B601E3
(1779054382.233077) can0 0000E006#0CD90CD90CD90CD9
(1779054382.234091) can0 0000E007#0CD90CD90CD90CD9
(1779054382.235092) can0 0000E008#0CD90CD90CD90CD9
(1779054382.236088) can0 0000E009#0CD90CD90CD90CDA
(1779054382.237168) can0 0000E010#0000000000000000
(1779054382.238128) can0 0000E011#0000000000000000
(1779054382.239107) can0 0000E012#0CD9000100000000
(1779054382.240071) can0 0000E013#4542323630354C43
(1779054382.241105) can0 0000E014#3134323300000000
(1779054382.242118) can0 0000E015#0000000000000003
(1779054382.243132) can0 0000F000#0000000000000000
(1779054382.244111) can0 0000F001#0000000000000000
(1779054382.245143) can0 18FF28F4#10320000020E0000
(1779054382.246084) can0 18FE28F4#0CDA0CD942420000
(1779054382.247095) can0 18FD28F4#1761FA6F00000000
(1779054382.248015) can0 4D4#000032007D0E0203
(1779054382.248993) can0 4D5#D90CDA0C42420000
(1779054382.250088) can0 18914010#0CDA100CD9010000
(1779054382.251088) can0 18904010#020E020E753001FC
(1779054382.252095) can0 18924010#4201420100000000
(1779054382.253131) can0 18934010#0000002E0000BCAD
(1779054382.254114) can0 18944010#1003000000000000
(1779054382.255126) can0 18954010#0000000000000000
(1779054382.256120) can0 18954010#0100000000000000
(1779054382.257126) can0 18954010#0200000000000000
(1779054382.258120) can0 18954010#0300000000000000
(1779054382.259120) can0 18954010#0400000000000000
(1779054382.260119) can0 18954010#0500000000000000
(1779054382.261144) can0 18964010#0042424200000000
(1779054382.262114) can0 18974010#0000000000000000
(1779054382.263107) can0 18984010#0000000000000000
(1779054382.264087) can0 18FA28F4#713EA12C10270000
(1779054382.265088) can0 18FB28F4#DA0CD90C42420000
(1779054382.266100) can0 18FC28F4#383200000E020000
(1779054382.267082) can0 18F810F3#0E02E80332640100
(1779054382.268090) can0 18F811F3#DA0C1001D90C0101
(1779054382.269088) can0 18F812F3#4201014201010000
(1779054382.270119) can0 18F813F3#0101000000000000
(1779054382.271083) can0 18F814F3#3200491BA9015F00
(1779054382.272113) can0 18F815F3#0000000010030000
(1779054382.273013) can0 273#000000000E023200
(1779054382.273994) can0 1E1#020E271001FC01FC
(1779054382.275023) can0 1F5#0000000000000000
(1779054382.276110) can0 0800A6A9#0000000000000000
(1779054382.277081) can0 1000A6A9#0E028813324C4C4C
(1779054382.278095) can0 1C00A6A9#0000000000030000
(1779054382.279109) can0 02018100#1003020E00000000
(1779054382.280107) can0 02028100#0000003264000000
(1779054382.281090) can0 02038100#0CDA01100CD90101
(1779054382.282102) can0 02048100#4C01014C01010000
(1779054382.282988) can0 1AD#8E14000059321A1A
(1779054382.283988) can0 2AD#DA0C800C8E140016
(1779054382.285019) can0 3AD#0000000000008E14
(1779054382.286012) can0 4AD#EB00000000000000
(1779054382.287013) can0 76A#7F00000000000000
(1779054382.345687) can0 0000E005#1761480003B60591
(1779054382.346285) can0 1806E5F4#13DC010003B6023A
(1779054382.347111) can0 0000E000#13DC13DC020E0000
(1779054382.348089) can0 0000E004#1A1A03B603B601E3
(1779054382.349064) can0 0000E006#0CD90CD90CD90CD9
(1779054382.350066) can0 0000E007#0CD90CD90CD90CD9
(1779054382.351068) can0 0000E008#0CD90CD90CD90CD9
(1779054382.352060) can0 0000E009#0CD90CD90CD90CDA
(1779054382.353124) can0 0000E010#0000000000000000
(1779054382.354124) can0 0000E011#0000000000000000
(1779054382.355105) can0 0000E012#0CD9000100000000
(1779054382.356117) can0 0000F001#0000000000000000
(1779054382.357099) can0 18FF28F4#10320000020E0000
(1779054382.358086) can0 18FE28F4#0CDA0CD942420000
(1779054382.359101) can0 18FD28F4#1761FA6F00000000
(1779054382.360016) can0 4D4#000032007D0E0203
(1779054382.360979) can0 4D5#D90CDA0C42420000
(1779054382.362092) can0 18914010#0CDA100CD9010000
(1779054382.363093) can0 18904010#020E020E753001FC
(1779054382.364086) can0 18FA28F4#713EA12C10270000
(1779054382.365086) can0 18FB28F4#DA0CD90C42420000
(1779054382.366099) can0 18FC28F4#383200000E020000
(1779054382.367100) can0 18F810F3#0E02E80332640100
(1779054382.368111) can0 18F815F3#0000000010030000
(1779054382.369009) can0 273#000000000E023200
(1779054382.369998) can0 1E1#020E271001FC01FC
(1779054382.371030) can0 1F5#0000000000000000
(1779054382.372105) can0 0800A6A9#0000000000000000
(1779054382.373063) can0 1000A6A9#0E028813324C4C4C
(1779054382.374099) can0 1C00A6A9#0000000000030000
(1779054382.375132) can0 02018100#1003020E00000000
(1779054382.376113) can0 02028100#0000003264000000
(1779054382.377093) can0 02038100#0CDA01100CD90101
(1779054382.378093) can0 02048100#4C01014C01010000
(1779054382.378981) can0 1AD#8E14000059321A1A
(1779054382.379992) can0 2AD#DA0C800C8E140016
(1779054382.380995) can0 3AD#0000000000008E14
(1779054382.382017) can0 4AD#EB00000000000000
(1779054382.383043) can0 76A#7F00000000000000
(1779054382.445650) can0 0000E005#1761480003B60591
(1779054382.446229) can0 1806E5F4#13DC010003B6023A
(1779054382.447111) can0 0000E000#13DC13DC020E0000
(1779054382.448084) can0 0000E004#1A1A03B603B601E3
(1779054382.449070) can0 0000E006#0CD90CD90CD90CD9
(1779054382.450081) can0 0000E007#0CD90CD90CD90CD9
(1779054382.451061) can0 0000E008#0CD90CD90CD90CD9
(1779054382.452094) can0 0000E009#0CD90CD90CD90CDA
(1779054382.453118) can0 0000E010#0000000000000000
(1779054382.454114) can0 0000E011#0000000000000000
(1779054382.455098) can0 0000E012#0CD9000100000000
(1779054382.456110) can0 0000F001#0000000000000000
(1779054382.457098) can0 18FF28F4#10320000020E0000
(1779054382.458076) can0 18FE28F4#0CDA0CD942420000
(1779054382.459092) can0 18FD28F4#1761FA6F00000000
(1779054382.460022) can0 4D4#000032007D0E0203
(1779054382.460990) can0 4D5#D90CDA0C42420000
(1779054382.462086) can0 18914010#0CDA100CD9010000
(1779054382.463087) can0 18904010#020E020E753001FC
(1779054382.464099) can0 18FA28F4#713EA12C10270000
(1779054382.465079) can0 18FB28F4#DA0CD90C42420000
(1779054382.466092) can0 18FC28F4#383200000E020000
(1779054382.467075) can0 18F810F3#0E02E80332640100
(1779054382.468137) can0 18F815F3#0000000010030000
(1779054382.469010) can0 273#000000000E023200
(1779054382.469986) can0 1E1#020E271001FC01FC
(1779054382.471018) can0 1F5#0000000000000000
(1779054382.472112) can0 0800A6A9#0000000000000000
(1779054382.473062) can0 1000A6A9#0E028813324C4C4C
(1779054382.474093) can0 1C00A6A9#0000000000030000
(1779054382.475105) can0 02018100#1003020E00000000
(1779054382.476156) can0 02028100#0000003264000000
(1779054382.477086) can0 02038100#0CDA01100CD90101
(1779054382.478092) can0 02048100#4C01014C01010000
(1779054382.478984) can0 1AD#8E14000059321A1A
(1779054382.479980) can0 2AD#DA0C800C8E140016
(1779054382.481011) can0 3AD#0000000000008E14
(1779054382.482017) can0 4AD#EB00000000000000
(1779054382.483017) can0 76A#7F00000000000000
(1779054382.545640) can0 0000E005#1761480003B60591
(1779054382.546234) can0 1806E5F4#13DC010003B6023A
(1779054382.547098) can0 0000E000#13DC13DC020E0000
(1779054382.548088) can0 0000E004#1A1A03B603B601E3
(1779054382.549068) can0 0000E006#0CD90CD90CD90CD9
(1779054382.550063) can0 0000E007#0CD90CD90CD90CD9
(1779054382.551058) can0 0000E008#0CD90CD90CD90CD9
(1779054382.552071) can0 0000E009#0CD90CD90CD90CD9
(1779054382.553154) can0 0000E010#0000000000000000
(1779054382.554117) can0 0000E011#0000000000000000
(1779054382.555097) can0 0000E012#0CD9000000000000
(1779054382.556109) can0 0000F001#0000000000000000
(1779054382.557098) can0 18FF28F4#10320000020E0000
(1779054382.558059) can0 18FE28F4#0CD90CD942420000
(1779054382.559092) can0 18FD28F4#1761FA6F00000000
(1779054382.560007) can0 4D4#000032007D0E0203
(1779054382.561021) can0 4D5#D90CD90C42420000
(1779054382.562066) can0 18914010#0CD9010CD9020000
(1779054382.563088) can0 18904010#020E020E753001FC
(1779054382.564079) can0 18FA28F4#713EA12C10270000
(1779054382.565060) can0 18FB28F4#D90CD90C42420000
(1779054382.566090) can0 18FC28F4#383200000E020000
(1779054382.567073) can0 18F810F3#0E02E80332640100
(1779054382.568104) can0 18F815F3#0000000010030000
(1779054382.569010) can0 273#000000000E023200
(1779054382.569990) can0 1E1#020E271001FC01FC
(1779054382.571017) can0 1F5#0000000000000000
(1779054382.572098) can0 0800A6A9#0000000000000000
(1779054382.573060) can0 1000A6A9#0E028813324C4C4C
(1779054382.574088) can0 1C00A6A9#0000000000030000
(1779054382.575111) can0 02018100#1003020E00000000
(1779054382.576104) can0 02028100#0000003264000000
(1779054382.577085) can0 02038100#0CD901010CD90102
(1779054382.578081) can0 02048100#4C01014C01010000
(1779054382.578965) can0 1AD#8E14000059321A1A
(1779054382.579977) can0 2AD#D90C800C8E140016
(1779054382.581009) can0 3AD#0000000000008E14
(1779054382.582009) can0 4AD#EB00000000000000
(1779054382.583022) can0 76A#7F00000000000000
(1779054382.645689) can0 0000E005#1761480003B60591
(1779054382.646271) can0 1806E5F4#13DC010003B6023A
(1779054382.647082) can0 0000E000#13DC13DC020E0000
(1779054382.648085) can0 0000E004#1A1A03B603B601E3
(1779054382.649069) can0 0000E006#0CD90CD90CD90CD9
(1779054382.650063) can0 0000E007#0CD90CD90CD90CD9
(1779054382.651061) can0 0000E008#0CD90CD90CD90CD9
(1779054382.652073) can0 0000E009#0CD90CD90CD90CD9
(1779054382.653123) can0 0000E010#0000000000000000
(1779054382.654116) can0 0000E011#0000000000000000
(1779054382.655102) can0 0000E012#0CD9000000000000
(1779054382.656115) can0 0000F001#0000000000000000
(1779054382.657096) can0 18FF28F4#10320000020E0000
(1779054382.658065) can0 18FE28F4#0CD90CD942420000
(1779054382.659088) can0 18FD28F4#1761FA6F00000000
(1779054382.660008) can0 4D4#000032007D0E0203
(1779054382.660977) can0 4D5#D90CD90C42420000
(1779054382.662072) can0 18914010#0CD9010CD9020000
(1779054382.663081) can0 18904010#020E020E753001FC
(1779054382.664083) can0 18FA28F4#713EA12C10270000
(1779054382.665066) can0 18FB28F4#D90CD90C42420000
(1779054382.666091) can0 18FC28F4#383200000E020000
(1779054382.667078) can0 18F810F3#0E02E80332640100
(1779054382.668104) can0 18F815F3#0000000010030000
(1779054382.669008) can0 273#000000000E023200
(1779054382.669990) can0 1E1#020E271001FC01FC
(1779054382.671017) can0 1F5#0000000000000000
(1779054382.672098) can0 0800A6A9#0000000000000000
(1779054382.673067) can0 1000A6A9#0E028813324C4C4C
(1779054382.674091) can0 1C00A6A9#0000000000030000
(1779054382.675104) can0 02018100#1003020E00000000
(1779054382.676109) can0 02028100#0000003264000000
(1779054382.677085) can0 02038100#0CD901010CD90102
(1779054382.678085) can0 02048100#4C01014C01010000
(1779054382.678965) can0 1AD#8E14000059321A1A
(1779054382.679984) can0 2AD#D90C800C8E140016
(1779054382.681009) can0 3AD#0000000000008E14
(1779054382.682009) can0 4AD#EB00000000000000
(1779054382.683014) can0 76A#7F00000000000000
(1779054382.762687) can0 0000E005#1761480003B60591
(1779054382.763271) can0 1806E5F4#13DC010003B6023A
(1779054382.764091) can0 0000E000#13DC13DC020E0000
(1779054382.765070) can0 0000E004#1A1A03B603B601E3
(1779054382.766051) can0 0000E006#0CD90CD90CD90CD9
(1779054382.767064) can0 0000E007#0CD90CD90CD90CD9
(1779054382.768083) can0 0000E008#0CD90CD90CD90CD9
(1779054382.769064) can0 0000E009#0CD90CD90CD90CD9
(1779054382.770109) can0 0000E010#0000000000000000
(1779054382.771110) can0 0000E011#0000000000000000
(1779054382.772090) can0 0000E012#0CD9000000000000
(1779054382.773055) can0 0000E013#4542323630354C43
(1779054382.774085) can0 0000E014#3134323300000000
(1779054382.775098) can0 0000E015#0000000000000003
(1779054382.776148) can0 0000F000#0000000000000000
(1779054382.777094) can0 0000F001#0000000000000000
(1779054382.778096) can0 18FF28F4#10320000020E0000
(1779054382.779060) can0 18FE28F4#0CD90CD942420000
(1779054382.780071) can0 18FD28F4#1761FA6F00000000
(1779054382.780988) can0 4D4#000032007D0E0203
(1779054382.781969) can0 4D5#D90CD90C42420000
(1779054382.783066) can0 18914010#0CD9010CD9020000
(1779054382.784117) can0 18904010#020E020E753001FC
(1779054382.785078) can0 18924010#4201420100000000
(1779054382.786078) can0 18934010#0000002F0000BCAD
(1779054382.787091) can0 18944010#1003000000000000
(1779054382.788102) can0 18954010#0000000000000000
(1779054382.789102) can0 18954010#0100000000000000
(1779054382.790104) can0 18954010#0200000000000000
(1779054382.791102) can0 18954010#0300000000000000
(1779054382.792147) can0 18954010#0400000000000000
(1779054382.793096) can0 18954010#0500000000000000
(1779054382.794077) can0 18964010#0042424200000000
(1779054382.795110) can0 18974010#0000000000000000
(1779054382.796105) can0 18984010#0000000000000000
(1779054382.797064) can0 18FA28F4#713EA12C10270000
(1779054382.798047) can0 18FB28F4#D90CD90C42420000
(1779054382.799079) can0 18FC28F4#383200000E020000
(1779054382.800073) can0 18F810F3#0E02E80332640100
(1779054382.801064) can0 18F811F3#D90C0101D90C0201
(1779054382.802066) can0 18F812F3#4201014201010000
(1779054382.803097) can0 18F813F3#0101000000000000
(1779054382.804060) can0 18F814F3#3200491BA9015F00
(1779054382.805091) can0 18F815F3#0000000010030000
(1779054382.806003) can0 273#000000000E023200
(1779054382.806985) can0 1E1#020E271001FC01FC
(1779054382.808016) can0 1F5#0000000000000000
(1779054382.809086) can0 0800A6A9#0000000000000000
(1779054382.810059) can0 1000A6A9#0E028813324C4C4C
(1779054382.811086) can0 1C00A6A9#0000000000030000
(1779054382.812104) can0 02018100#1003020E00000000
(1779054382.813095) can0 02028100#0000003264000000
(1779054382.814079) can0 02038100#0CD901010CD90102
(1779054382.815079) can0 02048100#4C01014C01010000
(1779054382.815965) can0 1AD#8E14000059321A1A
(1779054382.816977) can0 2AD#D90C800C8E140016
(1779054382.817990) can0 3AD#0000000000008E14
(1779054382.819003) can0 4AD#EB00000000000000
(1779054382.820004) can0 76A#7F00000000000000
(1779054382.878624) can0 0000E005#1761480003B60591
(1779054382.879211) can0 1806E5F4#13DC010003B6023A
(1779054382.880092) can0 0000E000#13DC13DC020E0000
(1779054382.881073) can0 0000E004#1A1A03B603B601E3
(1779054382.882046) can0 0000E006#0CD90CD90CD90CD9
(1779054382.883064) can0 0000E007#0CD90CD90CD90CD9
(1779054382.884045) can0 0000E008#0CD90CD90CD90CD9
(1779054382.885063) can0 0000E009#0CD90CD90CD90CD9
(1779054382.886108) can0 0000E010#0000000000000000
(1779054382.887111) can0 0000E011#0000000000000000
(1779054382.888089) can0 0000E012#0CD9000000000000
(1779054382.889102) can0 0000F001#0000000000000000
(1779054382.890083) can0 18FF28F4#10320000020E0000
(1779054382.891052) can0 18FE28F4#0CD90CD942420000
(1779054382.892083) can0 18FD28F4#1761FA6F00000000
(1779054382.892994) can0 4D4#000032007D0E0203
(1779054382.893962) can0 4D5#D90CD90C42420000
(1779054382.895058) can0 18914010#0CD9010CD9020000
(1779054382.896071) can0 18904010#020E020E753001FC
(1779054382.897071) can0 18FA28F4#713EA12C10270000
(1779054382.898053) can0 18FB28F4#D90CD90C42420000
(1779054382.899086) can0 18FC28F4#383200000E020000
(1779054382.900066) can0 18F810F3#0E02E80332640100
(1779054382.901098) can0 18F815F3#0000000010030000
(1779054382.901992) can0 273#000000000E023200
(1779054382.902978) can0 1E1#020E271001FC01FC
(1779054382.904009) can0 1F5#0000000000000000
(1779054382.905092) can0 0800A6A9#0000000000000000
(1779054382.906063) can0 1000A6A9#0E028813324C4C4C
(1779054382.907085) can0 1C00A6A9#0000000000030000
(1779054382.908097) can0 02018100#1003020E00000000
(1779054382.909097) can0 02028100#0000003264000000
(1779054382.910079) can0 02038100#0CD901010CD90102
(1779054382.911073) can0 02048100#4C01014C01010000
(1779054382.911957) can0 1AD#8E14000059321A1A
(1779054382.912970) can0 2AD#D90C800C8E140016
(1779054382.914015) can0 3AD#0000000000008E14
(1779054382.914996) can0 4AD#EB00000000000000
(1779054382.915996) can0 76A#7F00000000000000
(1779054382.998673) can0 0000E005#1761480003B60591
(1779054382.999259) can0 1806E5F4#13DC010003B6023A
(1779054383.000080) can0 0000E000#13DC13DC020E0000
(1779054383.001072) can0 0000E004#1A1A03B603B601E3
(1779054383.002058) can0 0000E006#0CD90CD90CD90CD9
(1779054383.003053) can0 0000E007#0CD90CD90CD90CD9
(1779054383.004052) can0 0000E008#0CD90CD90CD90CD9
(1779054383.005052) can0 0000E009#0CD90CD90CD90CD9
(1779054383.006097) can0 0000E010#0000000000000000
(1779054383.007137) can0 0000E011#0000000000000000
(1779054383.008091) can0 0000E012#0CD9000000000000
(1779054383.009104) can0 0000F001#0000000000000000
(1779054383.010092) can0 18FF28F4#10320000020E0000
(1779054383.011055) can0 18FE28F4#0CD90CD942420000
(1779054383.012068) can0 18FD28F4#1761FA6F00000000
(1779054383.012983) can0 4D4#000032007D0E0203
(1779054383.013971) can0 4D5#D90CD90C42420000
(1779054383.015111) can0 18914010#0CD9010CD9020000
(1779054383.016059) can0 18904010#020E020E753001FC
(1779054383.017072) can0 18FA28F4#713EA12C10270000
(1779054383.018059) can0 18FB28F4#D90CD90C42420000
(1779054383.019069) can0 18FC28F4#383200000E020000
(1779054383.020072) can0 18F810F3#0E02E80332640100
(1779054383.021098) can0 18F815F3#0000000010030000
(1779054383.022003) can0 273#000000000E023200
(1779054383.022979) can0 1E1#020E271001FC01FC
(1779054383.024015) can0 1F5#0000000000000000
(1779054383.025092) can0 0800A6A9#0000000000000000
(1779054383.026059) can0 1000A6A9#0E028813324C4C4C
(1779054383.027085) can0 1C00A6A9#0000000000030000
(1779054383.028105) can0 02018100#1003020E00000000
(1779054383.029086) can0 02028100#0000003264000000
(1779054383.030079) can0 02038100#0CD901010CD90102
(1779054383.031076) can0 02048100#4C01014C01010000
(1779054383.031965) can0 1AD#8E14000059321A1A
(1779054383.032977) can0 2AD#D90C800C8E140016
(1779054383.033991) can0 3AD#0000000000008E14
(1779054383.034996) can0 4AD#EB00000000000000
(1779054383.035997) can0 76A#7F00000000000000
(1779054383.098624) can0 0000E005#1761480003B60591
(1779054383.099212) can0 1806E5F4#13DC010003B6023A
(1779054383.100074) can0 0000E000#13DC13DC020E0000
(1779054383.101074) can0 0000E004#1A1A03B603B601E3
(1779054383.102052) can0 0000E006#0CD90CD90CD90CD9
(1779054383.103051) can0 0000E007#0CD90CD90CD90CD9
(1779054383.104043) can0 0000E008#0CD90CD90CD90CD9
(1779054383.105046) can0 0000E009#0CD90CD90CD90CDA
(1779054383.106109) can0 0000E010#0000000000000000
(1779054383.107089) can0 0000E011#0000000000000000
(1779054383.108082) can0 0000E012#0CD9000100000000
(1779054383.109103) can0 0000F001#0000000000000000
(1779054383.110083) can0 18FF28F4#10320000020E0000
(1779054383.111052) can0 18FE28F4#0CDA0CD942420000
(1779054383.112065) can0 18FD28F4#1761FA6F00000000
(1779054383.112982) can0 4D4#000032007D0E0203
(1779054383.113963) can0 4D5#D90CDA0C42420000
(1779054383.115059) can0 18914010#0CDA100CD9010000
(1779054383.116051) can0 18904010#020E020E753001FC
(1779054383.117071) can0 18FA28F4#713EA12C10270000
(1779054383.118052) can0 18FB28F4#DA0CD90C42420000
(1779054383.119073) can0 18FC28F4#383200000E020000
(1779054383.120059) can0 18F810F3#0E02E80332640100
(1779054383.121078) can0 18F815F3#0000000010030000
(1779054383.121995) can0 273#000000000E023200
(1779054383.122983) can0 1E1#020E271001FC01FC
(1779054383.124008) can0 1F5#0000000000000000
(1779054383.125090) can0 0800A6A9#0000000000000000
(1779054383.126054) can0 1000A6A9#0E028813324C4C4C
(1779054383.127085) can0 1C00A6A9#0000000000030000
(1779054383.128097) can0 02018100#1003020E00000000
(1779054383.129097) can0 02028100#0000003264000000
(1779054383.130079) can0 02038100#0CDA01100CD90101
(1779054383.131079) can0 02048100#4C01014C01010000
(1779054383.131953) can0 1AD#8E14000059321A1A
(1779054383.132957) can0 2AD#DA0C800C8E140016
(1779054383.133989) can0 3AD#0000000000008E14
(1779054383.135002) can0 4AD#EB00000000000000
(1779054383.135996) can0 76A#7F00000000000000
(1779054383.198617) can0 0000E005#1761480003B60591
(1779054383.199205) can0 1806E5F4#13DC010003B6023A
(1779054383.200071) can0 0000E000#13DC13DC020E0000
(1779054383.201047) can0 0000E004#1A1A03B603B601E3
(1779054383.202038) can0 0000E006#0CD90CD90CD90CD9
(1779054383.203056) can0 0000E007#0CD90CD90CD90CD9
(1779054383.204050) can0 0000E008#0CD90CD90CD90CD9
(1779054383.205041) can0 0000E009#0CD90CD90CD90CDA
(1779054383.206107) can0 0000E010#0000000000000000
(1779054383.207089) can0 0000E011#0000000000000000
(1779054383.208069) can0 0000E012#0CD9000100000000
(1779054383.209101) can0 0000F001#0000000000000000
(1779054383.210083) can0 18FF28F4#10320000020E0000
(1779054383.211051) can0 18FE28F4#0CDA0CD942420000
(1779054383.212063) can0 18FD28F4#1761FA6F00000000
(1779054383.212979) can0 4D4#000032007D0E0203
(1779054383.213981) can0 4D5#D90CDA0C42420000
(1779054383.215058) can0 18914010#0CDA100CD9010000
(1779054383.216057) can0 18904010#020E020E753001FC
(1779054383.217070) can0 18FA28F4#713EA12C10270000
(1779054383.218057) can0 18FB28F4#DA0CD90C42420000
(1779054383.219070) can0 18FC28F4#383200000E020000
(1779054383.220050) can0 18F810F3#0E02E80332640100
(1779054383.221083) can0 18F815F3#0000000010030000
(1779054383.222014) can0 273#000000000E023200
(1779054383.222962) can0 1E1#020E271001FC01FC
(1779054383.223988) can0 1F5#0000000000000000
(1779054383.225090) can0 0800A6A9#0000000000000000
(1779054383.226039) can0 1000A6A9#0E028813324C4C4C
(1779054383.227070) can0 1C00A6A9#0000000000030000
(1779054383.228080) can0 02018100#1003020E00000000
(1779054383.229083) can0 02028100#0000003264000000
(1779054383.230096) can0 02038100#0CDA01100CD90101
(1779054383.231076) can0 02048100#4C01014C01010000
(1779054383.231963) can0 1AD#8E14000059321A1A
(1779054383.232956) can0 2AD#DA0C800C8E140016
(1779054383.233990) can0 3AD#0000000000008E14
(1779054383.234984) can0 4AD#EB00000000000000
(1779054383.235996) can0 76A#7F00000000000000
(1779054383.315637) can0 0000E005#1761480003B60591
(1779054383.316222) can0 1806E5F4#13DC010003B6023A
(1779054383.317069) can0 0000E000#13DC13DC020E0000
(1779054383.318059) can0 0000E004#1A1A03B603B601E3
(1779054383.319046) can0 0000E006#0CD90CD90CD90CD9
(1779054383.320045) can0 0000E007#0CD90CD90CD90CD9
(1779054383.321038) can0 0000E008#0CD90CD90CD90CD9
(1779054383.322044) can0 0000E009#0CD90CD90CD90CD9
(1779054383.323139) can0 0000E010#0000000000000000
(1779054383.324086) can0 0000E011#0000000000000000
(1779054383.325084) can0 0000E012#0CD9000000000000
(1779054383.326041) can0 0000E013#4542323630354C43
(1779054383.327065) can0 0000E014#3134323300000000
(1779054383.328089) can0 0000E015#0000000000000003
(1779054383.329091) can0 0000F000#0000000000000000
(1779054383.330087) can0 0000F001#0000000000000000
(1779054383.331076) can0 18FF28F4#10320000020E0000
(1779054383.332054) can0 18FE28F4#0CD90CD942420000
(1779054383.333067) can0 18FD28F4#1761FA6F00000000
(1779054383.333983) can0 4D4#000032007D0E0203
(1779054383.334951) can0 4D5#D90CD90C42420000
(1779054383.336046) can0 18914010#0CD9090CD9010000
(1779054383.337059) can0 18904010#020E020E753001FC
(1779054383.338055) can0 18924010#4201420100000000
(1779054383.339071) can0 18934010#000000300000BCAD
(1779054383.340071) can0 18944010#1003000000000000
(1779054383.341103) can0 18954010#0000000000000000
(1779054383.342096) can0 18954010#0100000000000000
(1779054383.343079) can0 18954010#0200000000000000
(1779054383.344079) can0 18954010#0300000000000000
(1779054383.345091) can0 18954010#0400000000000000
(1779054383.346078) can0 18954010#0500000000000000
(1779054383.347072) can0 18964010#0042424200000000
(1779054383.348084) can0 18974010#0000000000000000
(1779054383.349084) can0 18984010#0000000000000000
(1779054383.350056) can0 18FA28F4#713EA12C10270000
(1779054383.351048) can0 18FB28F4#D90CD90C42420000
(1779054383.352072) can0 18FC28F4#383200000E020000
(1779054383.353053) can0 18F810F3#0E02E80332640100
(1779054383.354050) can0 18F811F3#D90C0901D90C0101
(1779054383.355067) can0 18F812F3#4201014201010000
(1779054383.356078) can0 18F813F3#0101000000000000
(1779054383.357064) can0 18F814F3#3200491BA9015F00
(1779054383.358088) can0 18F815F3#0000000010030000
(1779054383.358994) can0 273#000000000E023200
(1779054383.359992) can0 1E1#020E271001FC01FC
(1779054383.361004) can0 1F5#0000000000000000
(1779054383.362078) can0 0800A6A9#0000000000000000
(1779054383.363044) can0 1000A6A9#0E028813324C4C4C
(1779054383.364072) can0 1C00A6A9#0000000000030000
(1779054383.365095) can0 02018100#1003020E00000000
(1779054383.366089) can0 02028100#0000003264000000
(1779054383.367072) can0 02038100#0CD901090CD90101
(1779054383.368081) can0 02048100#4C01014C01010000
(1779054383.368944) can0 1AD#8E14000059321A1A
(1779054383.369959) can0 2AD#D90C800C8E140016
(1779054383.370977) can0 3AD#0000000000008E14
(1779054383.371992) can0 4AD#EB00000000000000
(1779054383.372981) can0 76A#7F00000000000000
(1779054383.431650) can0 0000E005#1761480003B60591
(1779054383.432243) can0 1806E5F4#13DC010003B6023A
(1779054383.433064) can0 0000E000#13DC13DC020E0000
(1779054383.434055) can0 0000E004#1A1A03B603B601E3
(1779054383.435040) can0 0000E006#0CD90CD90CD90CD9
(1779054383.436035) can0 0000E007#0CD90CD90CD90CD9
(1779054383.437050) can0 0000E008#0CD90CD90CD90CD9
(1779054383.438036) can0 0000E009#0CD90CD90CD90CD9
(1779054383.439095) can0 0000E010#0000000000000000
(1779054383.440081) can0 0000E011#0000000000000000
(1779054383.441076) can0 0000E012#0CD9000000000000
(1779054383.442093) can0 0000F001#0000000000000000
(1779054383.443071) can0 18FF28F4#10320000020E0000
(1779054383.444037) can0 18FE28F4#0CD90CD942420000
(1779054383.445070) can0 18FD28F4#1761FA6F00000000
(1779054383.445973) can0 4D4#000032007D0E0203
(1779054383.446947) can0 4D5#D90CD90C42420000
(1779054383.448049) can0 18914010#0CD9090CD9010000
(1779054383.449045) can0 18904010#020E020E753001FC
(1779054383.450062) can0 18FA28F4#713EA12C10270000
(1779054383.451044) can0 18FB28F4#D90CD90C42420000
(1779054383.452055) can0 18FC28F4#383200000E020000
(1779054383.453070) can0 18F810F3#0E02E80332640100
(1779054383.454087) can0 18F815F3#0000000010030000
(1779054383.454985) can0 273#000000000E023200
(1779054383.455966) can0 1E1#020E271001FC01FC
(1779054383.456999) can0 1F5#0000000000000000
(1779054383.458077) can0 0800A6A9#0000000000000000
(1779054383.459041) can0 1000A6A9#0E028813324C4C4C
(1779054383.460077) can0 1C00A6A9#0000000000030000
(1779054383.461110) can0 02018100#1003020E00000000
(1779054383.462069) can0 02028100#0000003264000000
(1779054383.463053) can0 02038100#0CD901090CD90101
(1779054383.464062) can0 02048100#4C01014C01010000
(1779054383.464950) can0 1AD#8E14000059321A1A
(1779054383.465961) can0 2AD#D90C800C8E140016
(1779054383.466972) can0 3AD#0000000000008E14
(1779054383.467987) can0 4AD#EB00000000000000
(1779054383.469032) can0 76A#7F00000000000000
(1779054383.531596) can0 0000E005#1761480003B60591
(1779054383.532186) can0 1806E5F4#13DC010003B6023A
(1779054383.533066) can0 0000E000#13DC13DC020E0000
(1779054383.534050) can0 0000E004#1A1A03B603B601E3
(1779054383.535035) can0 0000E006#0CD90CD90CD90CD9
(1779054383.536029) can0 0000E007#0CD90CD90CD90CD9
(1779054383.537028) can0 0000E008#0CD90CD90CD90CD9
(1779054383.538075) can0 0000E009#0CD90CD90CD90CD9
(1779054383.539093) can0 0000E010#0000000000000000
(1779054383.540088) can0 0000E011#0000000000000000
(1779054383.541067) can0 0000E012#0CD9000000000000
(1779054383.542087) can0 0000F001#0000000000000000
(1779054383.543068) can0 18FF28F4#10320000020E0000
(1779054383.544030) can0 18FE28F4#0CD90CD942420000
(1779054383.545062) can0 18FD28F4#1761FA6F00000000
(1779054383.546011) can0 4D4#000032007D0E0203
(1779054383.546947) can0 4D5#D90CD90C42420000
(1779054383.548042) can0 18914010#0CD9090CD9010000
(1779054383.549054) can0 18904010#020E020E753001FC
(1779054383.550056) can0 18FA28F4#713EA12C10270000
(1779054383.551037) can0 18FB28F4#D90CD90C42420000
(1779054383.552066) can0 18FC28F4#383200000E020000
(1779054383.553048) can0 18F810F3#0E02E80332640100
(1779054383.554126) can0 18F815F3#0000000010030000
(1779054383.554980) can0 273#000000000E023200
(1779054383.555961) can0 1E1#020E271001FC01FC
(1779054383.556992) can0 1F5#0000000000000000
(1779054383.558075) can0 0800A6A9#0000000000000000
(1779054383.559040) can0 1000A6A9#0E028813324C4C4C
(1779054383.560074) can0 1C00A6A9#0000000000030000
(1779054383.561083) can0 02018100#1003020E00000000
(1779054383.562083) can0 02028100#0000003264000000
(1779054383.563045) can0 02038100#0CD901090CD90101
(1779054383.564053) can0 02048100#4C01014C01010000
(1779054383.564940) can0 1AD#8E14000059321A1A
(1779054383.565957) can0 2AD#D90C800C8E140016
(1779054383.566967) can0 3AD#0000000000008E14
(1779054383.567976) can0 4AD#EB00000000000000
(1779054383.568973) can0 76A#7F00000000000000
(1779054383.631602) can0 0000E005#1761480003B60591
(1779054383.632201) can0 1806E5F4#13DC010003B6023A
(1779054383.633061) can0 0000E000#13DC13DC020E0000
(1779054383.634046) can0 0000E004#1A1A03B603B601E3
(1779054383.635032) can0 0000E006#0CD90CD90CD90CD9
(1779054383.636040) can0 0000E007#0CD90CD90CD90CD9
(1779054383.637019) can0 0000E008#0CD90CD90CD90CD9
(1779054383.638033) can0 0000E009#0CD90CD90CD90CD9
(1779054383.639082) can0 0000E010#0000000000000000
(1779054383.640079) can0 0000E011#0000000000000000
(1779054383.641059) can0 0000E012#0CD9000000000000
(1779054383.642072) can0 0000F001#0000000000000000
(1779054383.643063) can0 18FF28F4#10320000020E0000
(1779054383.644041) can0 18FE28F4#0CD90CD942420000
(1779054383.645056) can0 18FD28F4#1761FA6F00000000
(1779054383.645970) can0 4D4#000032007D0E0203
(1779054383.646936) can0 4D5#D90CD90C42420000
(1779054383.648047) can0 18914010#0CD9090CD9010000
(1779054383.649043) can0 18904010#020E020E753001FC
(1779054383.650059) can0 18FA28F4#713EA12C10270000
(1779054383.651026) can0 18FB28F4#D90CD90C42420000
(1779054383.652055) can0 18FC28F4#383200000E020000
(1779054383.653037) can0 18F810F3#0E02E80332640100
(1779054383.654067) can0 18F815F3#0000000010030000
(1779054383.654973) can0 273#000000000E023200
(1779054383.655952) can0 1E1#020E271001FC01FC
(1779054383.656979) can0 1F5#0000000000000000
(1779054383.658073) can0 0800A6A9#0000000000000000
(1779054383.659030) can0 1000A6A9#0E028813324C4C4C
(1779054383.660082) can0 1C00A6A9#0000000000030000
(1779054383.661072) can0 02018100#1003020E00000000
(1779054383.662071) can0 02028100#0000003264000000
(1779054383.663051) can0 02038100#0CD901090CD90101
(1779054383.664061) can0 02048100#4C01014C01010000
(1779054383.664943) can0 1AD#8E14000059321A1A
(1779054383.665941) can0 2AD#D90C800C8E140016
(1779054383.666974) can0 3AD#0000000000008E14
(1779054383.667985) can0 4AD#EB00000000000000
(1779054383.668980) can0 76A#7F00000000000000
(1779054383.731659) can0 0000E005#1761480003B60591
(1779054383.732237) can0 1806E5F4#13DC010003B6023A
(1779054383.733047) can0 0000E000#13DC13DC020E0000
(1779054383.734047) can0 0000E004#1A1A03B603B601E3
(1779054383.735028) can0 0000E006#0CD90CD90CD90CD9
(1779054383.736028) can0 0000E007#0CD90CD90CD90CD9
(1779054383.737028) can0 0000E008#0CD90CD90CD90CD9
(1779054383.738017) can0 0000E009#0CD90CD90CD90CD9
(1779054383.739086) can0 0000E010#0000000000000000
(1779054383.740068) can0 0000E011#0000000000000000
(1779054383.741064) can0 0000E012#0CD9000000000000
(1779054383.742078) can0 0000F001#0000000000000000
(1779054383.743059) can0 18FF28F4#10320000020E0000
(1779054383.744028) can0 18FE28F4#0CD90CD942420000
(1779054383.745059) can0 18FD28F4#1761FA6F00000000
(1779054383.745955) can0 4D4#000032007D0E0203
(1779054383.746939) can0 4D5#D90CD90C42420000
(1779054383.748034) can0 18914010#0CD9090CD9010000
(1779054383.749034) can0 18904010#020E020E753001FC
(1779054383.750049) can0 18FA28F4#713EA12C10270000
(1779054383.751033) can0 18FB28F4#D90CD90C42420000
(1779054383.752061) can0 18FC28F4#383200000E020000
(1779054383.753058) can0 18F810F3#0E02E80332640100
(1779054383.754073) can0 18F815F3#0000000010030000
(1779054383.754977) can0 273#000000000E023200
(1779054383.755960) can0 1E1#020E271001FC01FC
(1779054383.756983) can0 1F5#0000000000000000
(1779054383.758063) can0 0800A6A9#0000000000000000
(1779054383.759034) can0 1000A6A9#0E028813324C4C4C
(1779054383.760062) can0 1C00A6A9#0000000000030000
(1779054383.761094) can0 02018100#1003020E00000000
(1779054383.762059) can0 02028100#0000003264000000
(1779054383.763044) can0 02038100#0CD901090CD90101
(1779054383.764055) can0 02048100#4C01014C01010000
(1779054383.764938) can0 1AD#8E14000059321A1A
(1779054383.765953) can0 2AD#D90C800C8E140016
(1779054383.766959) can0 3AD#0000000000008E14
(1779054383.767979) can0 4AD#EB00000000000000
(1779054383.769022) can0 76A#7F00000000000000
(1779054383.841812) can0 00000E00#00354C4331343233
(1779054383.849590) can0 0000E005#1761480003B60591
(1779054383.850183) can0 1806E5F4#13DC010003B6023A
(1779054383.851052) can0 0000E000#13DC13DC020E0000
(1779054383.852046) can0 0000E004#1A1A03B603B601E3
(1779054383.853026) can0 0000E006#0CD90CD90CD90CD9
(1779054383.854079) can0 0000E007#0CD90CD90CD90CD9
(1779054383.855028) can0 0000E008#0CD90CD90CD90CD9
(1779054383.856029) can0 0000E009#0CD90CD90CD90CDA
(1779054383.857072) can0 0000E010#0000000000000000
(1779054383.858073) can0 0000E011#0000000000000000
(1779054383.859053) can0 0000E012#0CD9000100000000
(1779054383.860015) can0 0000E013#4542323630354C43
(1779054383.861046) can0 0000E014#3134323300000000
(1779054383.862073) can0 0000E015#0000000000000003
(1779054383.863082) can0 0000F000#0000000000000000
(1779054383.864078) can0 0000F001#0000000000000000
(1779054383.865062) can0 18FF28F4#10320000020E0000
(1779054383.866044) can0 18FE28F4#0CDA0CD942420000
(1779054383.867055) can0 18FD28F4#1761FA6F00000000
(1779054383.867972) can0 4D4#000032007D0E0203
(1779054383.868951) can0 4D5#D90CDA0C42420000
(1779054383.870031) can0 18914010#0CDA100CD9010000
(1779054383.871049) can0 18904010#020E020E753001FC
(1779054383.872043) can0 18924010#4201420100000000
(1779054383.873041) can0 18934010#000000310000BCAD
(1779054383.874055) can0 18944010#1003000000000000
(1779054383.875076) can0 18954010#0000000000000000
(1779054383.876080) can0 18954010#0100000000000000
(1779054383.877060) can0 18954010#0200000000000000
(1779054383.878076) can0 18954010#0300000000000000
(1779054383.879073) can0 18954010#0400000000000000
(1779054383.880068) can0 18954010#0500000000000000
(1779054383.881047) can0 18964010#0042424200000000
(1779054383.882072) can0 18974010#0000000000000000
(1779054383.883065) can0 18984010#0000000000000000
(1779054383.884047) can0 18FA28F4#713EA12C10270000
(1779054383.885038) can0 18FB28F4#DA0CD90C42420000
(1779054383.886050) can0 18FC28F4#383200000E020000
(1779054383.887026) can0 18F810F3#0E02E80332640100
(1779054383.888043) can0 18F811F3#DA0C1001D90C0101
(1779054383.889041) can0 18F812F3#4201014201010000
(1779054383.890075) can0 18F813F3#0101000000000000
(1779054383.891037) can0 18F814F3#3200491BA9015F00
(1779054383.892069) can0 18F815F3#0000000010030000
(1779054383.892972) can0 273#000000000E023200
(1779054383.893954) can0 1E1#020E271001FC01FC
(1779054383.894978) can0 1F5#0000000000000000
(1779054383.896062) can0 0800A6A9#0000000000000000
(1779054383.897023) can0 1000A6A9#0E028813324C4C4C
(1779054383.898056) can0 1C00A6A9#0000000000030000
(1779054383.899070) can0 02018100#1003020E00000000
(1779054383.900069) can0 02028100#0000003264000000
(1779054383.901050) can0 02038100#0CDA01100CD90101
(1779054383.902050) can0 02048100#4C01014C01010000
(1779054383.902934) can0 1AD#8E14000059321A1A
(1779054383.903950) can0 2AD#DA0C800C8E140016
(1779054383.904960) can0 3AD#0000000000008E14
(1779054383.905980) can0 4AD#EB00000000000000
(1779054383.906986) can0 76A#7F00000000000000
(1779054383.989635) can0 0000E005#1761480003B60591
(1779054383.990220) can0 1806E5F4#13DC010003B6023A
(1779054383.991042) can0 0000E000#13DC13DC020E0000
(1779054383.992066) can0 0000E004#1A1A03B603B601E3
(1779054383.993024) can0 0000E006#0CD90CD90CD90CD9
(1779054383.994021) can0 0000E007#0CD90CD90CD90CD9
(1779054383.995018) can0 0000E008#0CD90CD90CD90CD9
(1779054383.996015) can0 0000E009#0CD90CD90CD90CDA
(1779054383.997062) can0 0000E010#0000000000000000
(1779054383.998060) can0 0000E011#0000000000000000
(1779054383.999064) can0 0000E012#0CD9000100000000
(1779054384.000096) can0 0000F001#0000000000000000
(1779054384.001055) can0 18FF28F4#10320000020E0000
(1779054384.002021) can0 18FE28F4#0CDA0CD942420000
(1779054384.003037) can0 18FD28F4#1761FA6F00000000
(1779054384.003945) can0 4D4#000032007D0E0203
(1779054384.004934) can0 4D5#D90CDA0C42420000
(1779054384.006028) can0 18914010#0CDA100CD9010000
(1779054384.007032) can0 18904010#020E020E753001FC
(1779054384.008087) can0 18FA28F4#713EA12C10270000
(1779054384.009025) can0 18FB28F4#DA0CD90C42420000
(1779054384.010036) can0 18FC28F4#383200000E020000
(1779054384.011037) can0 18F810F3#0E02E80332640100
(1779054384.012060) can0 18F815F3#0000000010030000
(1779054384.012967) can0 273#000000000E023200
(1779054384.013946) can0 1E1#020E271001FC01FC
(1779054384.014981) can0 1F5#0000000000000000
(1779054384.016053) can0 0800A6A9#0000000000000000
(1779054384.017024) can0 1000A6A9#0E028813324C4C4C
(1779054384.018054) can0 1C00A6A9#0000000000030000
(1779054384.019069) can0 02018100#1003020E00000000
(1779054384.020048) can0 02028100#0000003264000000
(1779054384.021050) can0 02038100#0CDA01100CD90101
(1779054384.022043) can0 02048100#4C01014C01010000
(1779054384.022931) can0 1AD#8E14000059321A1A
(1779054384.023940) can0 2AD#DA0C800C8E140016
(1779054384.024956) can0 3AD#0000000000008E14
(1779054384.025966) can0 4AD#EB00000000000000
(1779054384.026964) can0 76A#7F00000000000000
(1779054384.089656) can0 0000E005#1761480003B60591
(1779054384.090234) can0 1806E5F4#13DC010003B6023A
(1779054384.091049) can0 0000E000#13DC13DC020E0000
(1779054384.092030) can0 0000E004#1A1A03B603B601E3
(1779054384.093009) can0 0000E006#0CD90CD90CD90CD9
(1779054384.094033) can0 0000E007#0CD90CD90CD90CD9
(1779054384.095011) can0 0000E008#0CD90CD90CD90CD9
(1779054384.096024) can0 0000E009#0CD90CD90CD90CDA
(1779054384.097068) can0 0000E010#0000000000000000
(1779054384.098067) can0 0000E011#0000000000000000
(1779054384.099047) can0 0000E012#0CD9000100000000
(1779054384.100062) can0 0000F001#0000000000000000
(1779054384.101042) can0 18FF28F4#10320000020E0000
(1779054384.102029) can0 18FE28F4#0CDA0CD942420000
(1779054384.103041) can0 18FD28F4#1761FA6F00000000
(1779054384.103959) can0 4D4#000032007D0E0203
(1779054384.104939) can0 4D5#D90CDA0C42420000
(1779054384.106035) can0 18914010#0CDA100CD9010000
(1779054384.107028) can0 18904010#020E020E753001FC
(1779054384.108049) can0 18FA28F4#713EA12C10270000
(1779054384.109020) can0 18FB28F4#DA0CD90C42420000
(1779054384.110042) can0 18FC28F4#383200000E020000
(1779054384.111023) can0 18F810F3#0E02E80332640100
(1779054384.112055) can0 18F815F3#0000000010030000
(1779054384.112952) can0 273#000000000E023200
(1779054384.113953) can0 1E1#020E271001FC01FC
(1779054384.114966) can0 1F5#0000000000000000
(1779054384.116062) can0 0800A6A9#0000000000000000
(1779054384.117010) can0 1000A6A9#0E028813324C4C4C
(1779054384.118043) can0 1C00A6A9#0000000000030000
(1779054384.119056) can0 02018100#1003020E00000000
(1779054384.120056) can0 02028100#0000003264000000
(1779054384.121028) can0 02038100#0CDA01100CD90101
(1779054384.122050) can0 02048100#4C01014C01010000
(1779054384.122929) can0 1AD#8E14000059321A1A
(1779054384.123941) can0 2AD#DA0C800C8E140016
(1779054384.124952) can0 3AD#0000000000008E14
(1779054384.125973) can0 4AD#EB00000000000000
(1779054384.126966) can0 76A#7F00000000000000
(1779054384.189602) can0 0000E005#1761480003B60591
(1779054384.190180) can0 1806E5F4#13DC010003B6023A
(1779054384.191036) can0 0000E000#13DC13DC020E0000
(1779054384.192032) can0 0000E004#1A1A03B603B601E3
(1779054384.193019) can0 0000E006#0CD90CD90CD90CD9
(1779054384.194011) can0 0000E007#0CD90CD90CD90CD9
(1779054384.195012) can0 0000E008#0CD90CD90CD90CD9
(1779054384.196027) can0 0000E009#0CD90CD90CD90CD9
(1779054384.197072) can0 0000E010#0000000000000000
(1779054384.198047) can0 0000E011#0000000000000000
(1779054384.199066) can0 0000E012#0CD9000000000000
(1779054384.200065) can0 0000F001#0000000000000000
(1779054384.201047) can0 18FF28F4#10320000020E0000
(1779054384.202013) can0 18FE28F4#0CD90CD942420000
(1779054384.203041) can0 18FD28F4#1761FA6F00000000
(1779054384.203957) can0 4D4#000032007D0E0203
(1779054384.204926) can0 4D5#D90CD90C42420000
(1779054384.206017) can0 18914010#0CD9090CD9010000
(1779054384.207054) can0 18904010#020E020E753001FC
(1779054384.208034) can0 18FA28F4#713EA12C10270000
(1779054384.209015) can0 18FB28F4#D90CD90C42420000
(1779054384.210042) can0 18FC28F4#383200000E020000
(1779054384.211029) can0 18F810F3#0E02E80332640100
(1779054384.212059) can0 18F815F3#0000000010030000
(1779054384.212958) can0 273#000000000E023200
(1779054384.213939) can0 1E1#020E271001FC01FC
(1779054384.214985) can0 1F5#0000000000000000
(1779054384.216047) can0 0800A6A9#0000000000000000
(1779054384.217016) can0 1000A6A9#0E028813324C4C4C
(1779054384.218040) can0 1C00A6A9#0000000000030000
(1779054384.219062) can0 02018100#1003020E00000000
(1779054384.220054) can0 02028100#0000003264000000
(1779054384.221035) can0 02038100#0CD901090CD90101
(1779054384.222025) can0 02048100#4C01014C01010000
(1779054384.222966) can0 1AD#8E14000059321A1A
(1779054384.223927) can0 2AD#D90C800C8E140016
(1779054384.224959) can0 3AD#0000000000008E14
(1779054384.225971) can0 4AD#EB00000000000000
(1779054384.226965) can0 76A#7F00000000000000
(1779054384.289633) can0 0000E005#1761480003B60591
(1779054384.290216) can0 1806E5F4#13DC010003B6023A
(1779054384.291038) can0 0000E000#13DC13DC020E0000
(1779054384.292059) can0 0000E004#1A1A03B603B601E3
(1779054384.293007) can0 0000E006#0CD90CD90CD90CD9
(1779054384.294026) can0 0000E007#0CD90CD90CD90CD9
(1779054384.295001) can0 0000E008#0CD90CD90CD90CD9
(1779054384.296020) can0 0000E009#0CD90CD90CD90CD9
(1779054384.297065) can0 0000E010#0000000000000000
(1779054384.298065) can0 0000E011#0000000000000000
(1779054384.299046) can0 0000E012#0CD9000000000000
(1779054384.300091) can0 0000F001#0000000000000000
(1779054384.301038) can0 18FF28F4#10320000020E0000
(1779054384.302023) can0 18FE28F4#0CD90CD942420000
(1779054384.303031) can0 18FD28F4#1761FA6F00000000
(1779054384.303953) can0 4D4#000032007D0E0203
(1779054384.304931) can0 4D5#D90CD90C42420000
(1779054384.306014) can0 18914010#0CD9090CD9010000
(1779054384.307023) can0 18904010#020E020E753001FC
(1779054384.308073) can0 18FA28F4#713EA12C10270000
(1779054384.309008) can0 18FB28F4#D90CD90C42420000
(1779054384.310042) can0 18FC28F4#383200000E020000
(1779054384.311021) can0 18F810F3#0E02E80332640100
(1779054384.312053) can0 18F815F3#0000000010030000
(1779054384.312951) can0 273#000000000E023200
(1779054384.313951) can0 1E1#020E271001FC01FC
(1779054384.314963) can0 1F5#0000000000000000
(1779054384.316091) can0 0800A6A9#0000000000000000
(1779054384.317008) can0 1000A6A9#0E028813324C4C4C
(1779054384.318041) can0 1C00A6A9#0000000000030000
(1779054384.319047) can0 02018100#1003020E00000000
(1779054384.320054) can0 02028100#0000003264000000
(1779054384.321027) can0 02038100#0CD901090CD90101
(1779054384.322047) can0 02048100#4C01014C01010000
(1779054384.322933) can0 1AD#8E14000059321A1A
(1779054384.323939) can0 2AD#D90C800C8E140016
(1779054384.324951) can0 3AD#0000000000008E14
(1779054384.325965) can0 4AD#EB00000000000000
(1779054384.326956) can0 76A#7F00000000000000
(1779054384.406656) can0 0000E005#1761480003B60591
(1779054384.407220) can0 1806E5F4#13DC010003B6023A
(1779054384.408036) can0 0000E000#13DC13DC020E0000
(1779054384.409029) can0 0000E004#1A1A03B603B601E3
(1779054384.410015) can0 0000E006#0CD90CD90CD90CD9
(1779054384.411014) can0 0000E007#0CD90CD90CD90CD9
(1779054384.412014) can0 0000E008#0CD90CD90CD90CD9
(1779054384.413008) can0 0000E009#0CD90CD90CD90CD9
(1779054384.414061) can0 0000E010#0000000000000000
(1779054384.415052) can0 0000E011#0000000000000000
(1779054384.416053) can0 0000E012#0CD9000000000000
(1779054384.416999) can0 0000E013#4542323630354C43
(1779054384.418034) can0 0000E014#3134323300000000
(1779054384.419047) can0 0000E015#0000000000000003
(1779054384.420061) can0 0000F000#0000000000000000
(1779054384.421059) can0 0000F001#0000000000000000
(1779054384.422042) can0 18FF28F4#10320000020E0000
(1779054384.423009) can0 18FE28F4#0CD90CD942420000
(1779054384.424041) can0 18FD28F4#1761FA6F00000000
(1779054384.424956) can0 4D4#000032007D0E0203
(1779054384.425939) can0 4D5#D90CD90C42420000
(1779054384.427014) can0 18914010#0CD9070CD9010000
(1779054384.428029) can0 18904010#020E020E753001FC
(1779054384.429022) can0 18924010#4201420100000000
(1779054384.430041) can0 18934010#000000320000BCAD
(1779054384.431040) can0 18944010#1003000000000000
(1779054384.432053) can0 18954010#0000000000000000
(1779054384.433061) can0 18954010#0100000000000000
(1779054384.434048) can0 18954010#0200000000000000
(1779054384.435048) can0 18954010#0300000000000000
(1779054384.436048) can0 18954010#0400000000000000
(1779054384.437041) can0 18954010#0500000000000000
(1779054384.438054) can0 18964010#0042424200000000
(1779054384.439054) can0 18974010#0000000000000000
(1779054384.440048) can0 18984010#0000000000000000
(1779054384.441007) can0 18FA28F4#713EA12C10270000
(1779054384.442010) can0 18FB28F4#D90CD90C42420000
(1779054384.443043) can0 18FC28F4#383200000E020000
(1779054384.444023) can0 18F810F3#0E02E80332640100
(1779054384.445015) can0 18F811F3#D90C0701D90C0101
(1779054384.446061) can0 18F812F3#4201014201010000
(1779054384.447051) can0 18F813F3#0101000000000000
(1779054384.448027) can0 18F814F3#3200491BA9015F00
(1779054384.449040) can0 18F815F3#0000000010030000
(1779054384.449957) can0 273#000000000E023200
(1779054384.450940) can0 1E1#020E271001FC01FC
(1779054384.451960) can0 1F5#0000000000000000
(1779054384.453041) can0 0800A6A9#0000000000000000
(1779054384.454037) can0 1000A6A9#0E028813324C4C4C
(1779054384.455037) can0 1C00A6A9#0000000000030000
(1779054384.456049) can0 02018100#1003020E00000000
(1779054384.457041) can0 02028100#0000003264000000
(1779054384.458030) can0 02038100#0CD901070CD90101
(1779054384.459030) can0 02048100#4C01014C01010000
(1779054384.459942) can0 1AD#8E14000059321A1A
(1779054384.460941) can0 2AD#D90C800C8E140016
(1779054384.461985) can0 3AD#0000000000008E14
(1779054384.462946) can0 4AD#EB00000000000000
(1779054384.463947) can0 76A#7F00000000000000
(1779054384.522639) can0 0000E005#1761480003B60591
(1779054384.523221) can0 1806E5F4#13DC010003B6023A
(1779054384.524040) can0 0000E000#13DC13DC020E0000
(1779054384.525014) can0 0000E004#1A1A03B603B601E3
(1779054384.526001) can0 0000E006#0CD90CD90CD90CD9
(1779054384.527002) can0 0000E007#0CD90CD90CD90CD9
(1779054384.527995) can0 0000E008#0CD90CD90CD90CD9
(1779054384.529016) can0 0000E009#0CD90CD90CD90CD9
(1779054384.530057) can0 0000E010#0000000000000000
(1779054384.531092) can0 0000E011#0000000000000000
(1779054384.532040) can0 0000E012#0CD9000000000000
(1779054384.533052) can0 0000F001#0000000000000000
(1779054384.534033) can0 18FF28F4#10320000020E0000
(1779054384.535002) can0 18FE28F4#0CD90CD942420000
(1779054384.536033) can0 18FD28F4#1761FA6F00000000
(1779054384.536946) can0 4D4#000032007D0E0203
(1779054384.537943) can0 4D5#D90CD90C42420000
(1779054384.539074) can0 18914010#0CD9070CD9010000
(1779054384.540019) can0 18904010#020E020E753001FC
(1779054384.541034) can0 18FA28F4#713EA12C10270000
(1779054384.542002) can0 18FB28F4#D90CD90C42420000
(1779054384.543028) can0 18FC28F4#383200000E020000
(1779054384.544008) can0 18F810F3#0E02E80332640100
(1779054384.545037) can0 18F815F3#0000000010030000
(1779054384.545944) can0 273#000000000E023200
(1779054384.546946) can0 1E1#020E271001FC01FC
(1779054384.547951) can0 1F5#0000000000000000
(1779054384.549046) can0 0800A6A9#0000000000000000
(1779054384.549996) can0 1000A6A9#0E028813324C4C4C
(1779054384.551029) can0 1C00A6A9#0000000000030000
(1779054384.552040) can0 02018100#1003020E00000000
(1779054384.553040) can0 02028100#0000003264000000
(1779054384.554020) can0 02038100#0CD901070CD90101
(1779054384.555036) can0 02048100#4C01014C01010000
(1779054384.555945) can0 1AD#8E14000059321A1A
(1779054384.556945) can0 2AD#D90C800C8E140016
(1779054384.557944) can0 3AD#0000000000008E14
(1779054384.558946) can0 4AD#EB00000000000000
(1779054384.559946) can0 76A#7F00000000000000
(1779054384.622573) can0 0000E005#1761480003B60591
(1779054384.623166) can0 1806E5F4#13DC010003B6023A
(1779054384.624034) can0 0000E000#13DC13DC020E0000
(1779054384.625013) can0 0000E004#1A1A03B603B601E3
(1779054384.625995) can0 0000E006#0CD90CD90CD90CD9
(1779054384.627014) can0 0000E007#0CD90CD90CD90CD9
(1779054384.628007) can0 0000E008#0CD90CD90CD90CD9
(1779054384.629007) can0 0000E009#0CD90CD90CD90CD9
(1779054384.630050) can0 0000E010#0000000000000000
(1779054384.631052) can0 0000E011#0000000000000000
(1779054384.632033) can0 0000E012#0CD9000000000000
(1779054384.633046) can0 0000F001#0000000000000000
(1779054384.634028) can0 18FF28F4#10320000020E0000
(1779054384.635014) can0 18FE28F4#0CD90CD942420000
(1779054384.636027) can0 18FD28F4#1761FA6F00000000
(1779054384.636950) can0 4D4#000032007D0E0203
(1779054384.637950) can0 4D5#D90CD90C42420000
(1779054384.639014) can0 18914010#0CD9070CD9010000
(1779054384.640015) can0 18904010#020E020E753001FC
(1779054384.641026) can0 18FA28F4#713EA12C10270000
(1779054384.642005) can0 18FB28F4#D90CD90C42420000
(1779054384.643022) can0 18FC28F4#383200000E020000
(1779054384.644021) can0 18F810F3#0E02E80332640100
(1779054384.645052) can0 18F815F3#0000000010030000
(1779054384.645951) can0 273#000000000E023200
(1779054384.646952) can0 1E1#020E271001FC01FC
(1779054384.647964) can0 1F5#0000000000000000
(1779054384.649040) can0 0800A6A9#0000000000000000
(1779054384.650010) can0 1000A6A9#0E028813324C4C4C
(1779054384.651040) can0 1C00A6A9#0000000000030000
(1779054384.652053) can0 02018100#1003020E00000000
(1779054384.653046) can0 02028100#0000003264000000
(1779054384.654013) can0 02038100#0CD901070CD90101
(1779054384.655027) can0 02048100#4C01014C01010000
(1779054384.655953) can0 1AD#8E14000059321A1A
(1779054384.656950) can0 2AD#D90C800C8E140016
(1779054384.657952) can0 3AD#0000000000008E14
(1779054384.658951) can0 4AD#EB00000000000000
(1779054384.659953) can0 76A#7F00000000000000
(1779054384.722606) can0 0000E005#1761480003B60591
(1779054384.723195) can0 1806E5F4#13DC010003B6023A
(1779054384.724050) can0 0000E000#13DC13DC020E0000
(1779054384.725033) can0 0000E004#1A1A03B603B601E3
(1779054384.726003) can0 0000E006#0CD90CD90CD90CD9
(1779054384.727011) can0 0000E007#0CD90CD90CD90CD9
(1779054384.727997) can0 0000E008#0CD90CD90CD90CD9
(1779054384.729008) can0 0000E009#0CD90CD90CD90CDA
(1779054384.730050) can0 0000E010#0000000000000000
(1779054384.731049) can0 0000E011#0000000000000000
(1779054384.732030) can0 0000E012#0CD9000100000000
(1779054384.733046) can0 0000F001#0000000000000000
(1779054384.734026) can0 18FF28F4#10320000020E0000
(1779054384.735008) can0 18FE28F4#0CDA0CD942420000
(1779054384.736026) can0 18FD28F4#1761FA6F00000000
(1779054384.736956) can0 4D4#000032007D0E0203
(1779054384.737956) can0 4D5#D90CDA0C42420000
(1779054384.739011) can0 18914010#0CDA100CD9010000
(1779054384.740013) can0 18904010#020E020E753001FC
(1779054384.741027) can0 18FA28F4#713EA12C10270000
(1779054384.742007) can0 18FB28F4#DA0CD90C42420000
(1779054384.743020) can0 18FC28F4#383200000E020000
(1779054384.744006) can0 18F810F3#0E02E80332640100
(1779054384.745054) can0 18F815F3#0000000010030000
(1779054384.745968) can0 273#000000000E023200
(1779054384.746960) can0 1E1#020E271001FC01FC
(1779054384.747956) can0 1F5#0000000000000000
(1779054384.749040) can0 0800A6A9#0000000000000000
(1779054384.750008) can0 1000A6A9#0E028813324C4C4C
(1779054384.751034) can0 1C00A6A9#0000000000030000
(1779054384.752052) can0 02018100#1003020E00000000
(1779054384.753034) can0 02028100#0000003264000000
(1779054384.754045) can0 02038100#0CDA01100CD90101
(1779054384.755021) can0 02048100#4C01014C01010000
(1779054384.755956) can0 1AD#8E14000059321A1A
(1779054384.756959) can0 2AD#DA0C800C8E140016
(1779054384.757956) can0 3AD#0000000000008E14
(1779054384.758958) can0 4AD#EB00000000000000
(1779054384.759957) can0 76A#7F00000000000000
(1779054384.822618) can0 0000E005#1761480003B60591
(1779054384.823198) can0 1806E5F4#13DC010003B6023A
(1779054384.824031) can0 0000E000#13DC13DC020E0000
(1779054384.825010) can0 0000E004#1A1A03B603B601E3
(1779054384.825993) can0 0000E006#0CD90CD90CD90CD9
(1779054384.826993) can0 0000E007#0CD90CD90CD90CD9
(1779054384.828007) can0 0000E008#0CD90CD90CD90CD9
(1779054384.829003) can0 0000E009#0CD90CD90CD90CDA
(1779054384.830050) can0 0000E010#0000000000000000
(1779054384.831068) can0 0000E011#0000000000000000
(1779054384.832031) can0 0000E012#0CD9000100000000
(1779054384.833043) can0 0000F001#0000000000000000
(1779054384.834025) can0 18FF28F4#10320000020E0000
(1779054384.835012) can0 18FE28F4#0CDA0CD942420000
(1779054384.836023) can0 18FD28F4#1761FA6F00000000
(1779054384.836960) can0 4D4#000032007D0E0203
(1779054384.837963) can0 4D5#D90CDA0C42420000
(1779054384.839044) can0 18914010#0CDA100CD9010000
(1779054384.840008) can0 18904010#020E020E753001FC
(1779054384.841024) can0 18FA28F4#713EA12C10270000
(1779054384.842006) can0 18FB28F4#DA0CD90C42420000
(1779054384.843019) can0 18FC28F4#383200000E020000
(1779054384.844000) can0 18F810F3#0E02E80332640100
(1779054384.845031) can0 18F815F3#0000000010030000
(1779054384.845962) can0 273#000000000E023200
(1779054384.846981) can0 1E1#020E271001FC01FC
(1779054384.847962) can0 1F5#0000000000000000
(1779054384.849038) can0 0800A6A9#0000000000000000
(1779054384.850007) can0 1000A6A9#0E028813324C4C4C
(1779054384.851031) can0 1C00A6A9#0000000000030000
(1779054384.852032) can0 02018100#1003020E00000000
(1779054384.853031) can0 02028100#0000003264000000
(1779054384.854026) can0 02038100#0CDA01100CD90101
(1779054384.855026) can0 02048100#4C01014C01010000
(1779054384.855905) can0 1AD#8E14000059321A1A
(1779054384.856962) can0 2AD#DA0C800C8E140016
(1779054384.857962) can0 3AD#0000000000008E14
(1779054384.858963) can0 4AD#EB00000000000000
(1779054384.859963) can0 76A#7F00000000000000
(1779054384.944613) can0 0000E005#1761480003B60591
(1779054384.945196) can0 1806E5F4#13DC010003B6023A
(1779054384.946024) can0 0000E000#13DC13DC020E0000
(1779054384.947009) can0 0000E004#1A1A03B603B601E3
(1779054384.947986) can0 0000E006#0CD90CD90CD90CD9
(1779054384.949006) can0 0000E007#0CD90CD90CD90CD9
(1779054384.950000) can0 0000E008#0CD90CD90CD90CD9
(1779054384.951002) can0 0000E009#0CD90CD90CD90CDA
(1779054384.952044) can0 0000E010#0000000000000000
(1779054384.953045) can0 0000E011#0000000000000000
(1779054384.954025) can0 0000E012#0CD9000100000000
(1779054384.954993) can0 0000E013#4542323630354C43
(1779054384.956025) can0 0000E014#3134323300000000
(1779054384.957038) can0 0000E015#0000000000000003
(1779054384.958038) can0 0000F000#0000000000000000
(1779054384.959031) can0 0000F001#0000000000000000
(1779054384.960032) can0 18FF28F4#10320000020E0000
(1779054384.961014) can0 18FE28F4#0CDA0CD942420000
(1779054384.962013) can0 18FD28F4#1761FA6F00000000
(1779054384.962971) can0 4D4#000032007D0E0203
(1779054384.963903) can0 4D5#D90CDA0C42420000
(1779054384.965000) can0 18914010#0CDA100CD9010000
(1779054384.966000) can0 18904010#020E020E753001FC
(1779054384.967009) can0 18924010#4201420100000000
(1779054384.968012) can0 18934010#000000330000BCAD
(1779054384.969047) can0 18944010#1003000000000000
(1779054384.970037) can0 18954010#0000000000000000
(1779054384.971040) can0 18954010#0100000000000000
(1779054384.972037) can0 18954010#0200000000000000
(1779054384.973041) can0 18954010#0300000000000000
(1779054384.974031) can0 18954010#0400000000000000
(1779054384.975033) can0 18954010#0500000000000000
(1779054384.976016) can0 18964010#0042424200000000
(1779054384.977060) can0 18974010#0000000000000000
(1779054384.978021) can0 18984010#0000000000000000
(1779054384.979003) can0 18FA28F4#713EA12C10270000
(1779054384.980000) can0 18FB28F4#DA0CD90C42420000
(1779054384.981014) can0 18FC28F4#383200000E020000
(1779054384.982007) can0 18F810F3#0E02E80332640100
(1779054384.983003) can0 18F811F3#DA0C1001D90C0101
(1779054384.984000) can0 18F812F3#4201014201010000
(1779054384.985066) can0 18F813F3#0101000000000000
(1779054384.985994) can0 18F814F3#3200491BA9015F00
(1779054384.987029) can0 18F815F3#0000000010030000
(1779054384.987969) can0 273#000000000E023200
(1779054384.988971) can0 1E1#020E271001FC01FC
(1779054384.989969) can0 1F5#0000000000000000
(1779054384.991017) can0 0800A6A9#0000000000000000
(1779054384.992000) can0 1000A6A9#0E028813324C4C4C
(1779054384.993067) can0 1C00A6A9#0000000000030000
(1779054384.994032) can0 02018100#1003020E00000000
(1779054384.995025) can0 02028100#0000003264000000
(1779054384.996013) can0 02038100#0CDA01100CD90101
(1779054384.997009) can0 02048100#4C01014C01010000
(1779054384.997906) can0 1AD#8E14000059321A1A
(1779054384.998907) can0 2AD#DA0C800C8E140016
(1779054384.999969) can0 3AD#0000000000008E14
(1779054385.000984) can0 4AD#EB00000000000000
(1779054385.001970) can0 76A#7F00000000000000
(1779054385.060556) can0 0000E005#1761480003B60591
(1779054385.061152) can0 1806E5F4#13DC010003B6023A
(1779054385.062051) can0 0000E000#13DC13DC020E0000
(1779054385.063018) can0 0000E004#1A1A03B603B601E3
(1779054385.063997) can0 0000E006#0CD90CD90CD90CD9
(1779054385.064999) can0 0000E007#0CD90CD90CD90CD9
(1779054385.065993) can0 0000E008#0CD90CD90CD90CD9
(1779054385.066993) can0 0000E009#0CD90CD90CD90CDA
(1779054385.068038) can0 0000E010#0000000000000000
(1779054385.069036) can0 0000E011#0000000000000000
(1779054385.070071) can0 0000E012#0CD9000100000000
(1779054385.071031) can0 0000F001#0000000000000000
(1779054385.072030) can0 18FF28F4#10320000020E0000
(1779054385.072999) can0 18FE28F4#0CDA0CD942420000
(1779054385.074014) can0 18FD28F4#1761FA6F00000000
(1779054385.074973) can0 4D4#000032007D0E0203
(1779054385.075899) can0 4D5#D90CDA0C42420000
(1779054385.077003) can0 18914010#0CDA100CD9010000
(1779054385.078054) can0 18904010#020E020E753001FC
(1779054385.079013) can0 18FA28F4#713EA12C10270000
(1779054385.079996) can0 18FB28F4#DA0CD90C42420000
(1779054385.081006) can0 18FC28F4#383200000E020000
(1779054385.082009) can0 18F810F3#0E02E80332640100
(1779054385.083039) can0 18F815F3#0000000010030000
(1779054385.083976) can0 273#000000000E023200
(1779054385.084910) can0 1E1#020E271001FC01FC
(1779054385.085976) can0 1F5#0000000000000000
(1779054385.087026) can0 0800A6A9#0000000000000000
(1779054385.087985) can0 1000A6A9#0E028813324C4C4C
(1779054385.089021) can0 1C00A6A9#0000000000030000
(1779054385.090034) can0 02018100#1003020E00000000
(1779054385.091033) can0 02028100#0000003264000000
(1779054385.092015) can0 02038100#0CDA01100CD90101
(1779054385.093006) can0 02048100#4C01014C01010000
(1779054385.093908) can0 1AD#8E14000059321A1A
(1779054385.094903) can0 2AD#DA0C800C8E140016
(1779054385.095978) can0 3AD#0000000000008E14
(1779054385.096976) can0 4AD#EB00000000000000
(1779054385.097978) can0 76A#7F00000000000000
(1779054385.160606) can0 0000E005#1761480003B60591
(1779054385.161194) can0 1806E5F4#13DC010003B6023A
(1779054385.162023) can0 0000E000#13DC13DC020E0000
(1779054385.163007) can0 0000E004#1A1A03B603B601E3
(1779054385.163986) can0 0000E006#0CD90CD90CD90CD9
(1779054385.164986) can0 0000E007#0CD90CD90CD90CD9
(1779054385.165979) can0 0000E008#0CD90CD90CD90CD9
(1779054385.166980) can0 0000E009#0CD90CD90CD90CDA
(1779054385.168025) can0 0000E010#0000000000000000
(1779054385.169031) can0 0000E011#0000000000000000
(1779054385.170011) can0 0000E012#0CD9000100000000
(1779054385.171045) can0 0000F001#0000000000000000
(1779054385.172019) can0 18FF28F4#10320000020E0000
(1779054385.173006) can0 18FE28F4#0CDA0CD942420000
(1779054385.174019) can0 18FD28F4#1761FA6F00000000
(1779054385.174982) can0 4D4#000032007D0E0203
(1779054385.175911) can0 4D5#D90CDA0C42420000
(1779054385.176993) can0 18914010#0CDA100CD9010000
(1779054385.178008) can0 18904010#020E020E753001FC
(1779054385.179008) can0 18FA28F4#713EA12C10270000
(1779054385.180005) can0 18FB28F4#DA0CD90C42420000
(1779054385.181019) can0 18FC28F4#383200000E020000
(1779054385.181998) can0 18F810F3#0E02E80332640100
(1779054385.183033) can0 18F815F3#0000000010030000
(1779054385.183979) can0 273#000000000E023200
(1779054385.184904) can0 1E1#020E271001FC01FC
(1779054385.185980) can0 1F5#0000000000000000
(1779054385.187033) can0 0800A6A9#0000000000000000
(1779054385.187998) can0 1000A6A9#0E028813324C4C4C
(1779054385.189013) can0 1C00A6A9#0000000000030000
(1779054385.190024) can0 02018100#1003020E00000000
(1779054385.191028) can0 02028100#0000003264000000
(1779054385.192018) can0 02038100#0CDA01100CD90101
(1779054385.193021) can0 02048100#4C01014C01010000
(1779054385.193898) can0 1AD#8E14000059321A1A
(1779054385.194910) can0 2AD#DA0C800C8E140016
(1779054385.195918) can0 3AD#0000000000008E14
(1779054385.196981) can0 4AD#EB00000000000000
(1779054385.197980) can0 76A#7F00000000000000
(1779054385.260593) can0 0000E005#1761480003B60591
(1779054385.261183) can0 1806E5F4#13DC010003B6023A
(1779054385.262024) can0 0000E000#13DC13DC020E0000
(1779054385.263004) can0 0000E004#1A1A03B603B601E3
(1779054385.263986) can0 0000E006#0CD90CD90CD90CD9
(1779054385.264992) can0 0000E007#0CD90CD90CD90CD9
(1779054385.265985) can0 0000E008#0CD90CD90CD90CD9
(1779054385.266985) can0 0000E009#0CD90CD90CD90CDA
(1779054385.268042) can0 0000E010#0000000000000000
(1779054385.269038) can0 0000E011#0000000000000000
(1779054385.270024) can0 0000E012#0CD9000100000000
(1779054385.271036) can0 0000F001#0000000000000000
(1779054385.272020) can0 18FF28F4#10320000020E0000
(1779054385.273003) can0 18FE28F4#0CDA0CD942420000
(1779054385.274018) can0 18FD28F4#1761FA6F00000000
(1779054385.274926) can0 4D4#000032007D0E0203
(1779054385.275896) can0 4D5#D90CDA0C42420000
(1779054385.277023) can0 18914010#0CDA100CD9010000
(1779054385.278013) can0 18904010#020E020E753001FC
(1779054385.279006) can0 18FA28F4#713EA12C10270000
(1779054385.280008) can0 18FB28F4#DA0CD90C42420000
(1779054385.281020) can0 18FC28F4#383200000E020000
(1779054385.282006) can0 18F810F3#0E02E80332640100
(1779054385.283031) can0 18F815F3#0000000010030000
(1779054385.283928) can0 273#000000000E023200
(1779054385.284927) can0 1E1#020E271001FC01FC
(1779054385.285987) can0 1F5#0000000000000000
(1779054385.287018) can0 0800A6A9#0000000000000000
(1779054385.287987) can0 1000A6A9#0E028813324C4C4C
(1779054385.289008) can0 1C00A6A9#0000000000030000
(1779054385.290032) can0 02018100#1003020E00000000
(1779054385.291030) can0 02028100#0000003264000000
(1779054385.292012) can0 02038100#0CDA01100CD90101
(1779054385.293032) can0 02048100#4C01014C01010000
(1779054385.293890) can0 1AD#8F14000059321A1A
(1779054385.294902) can0 2AD#DA0C800C8F140016
(1779054385.295915) can0 3AD#0000000000008F14
(1779054385.296926) can0 4AD#EB00000000000000
(1779054385.297923) can0 76A#7F00000000000000
(1779054385.360554) can0 0000E005#1761480003B60591
(1779054385.361140) can0 1806E5F4#13DC010003B6023A
(1779054385.362036) can0 0000E000#13DC13DC020E0000
(1779054385.363005) can0 0000E004#1A1A03B603B601E3
(1779054385.363990) can0 0000E006#0CD90CD90CD90CD9
(1779054385.364991) can0 0000E007#0CD90CD90CD90CD9
(1779054385.365990) can0 0000E008#0CD90CD90CD90CD9
(1779054385.366991) can0 0000E009#0CD90CD90CD90CDA
(1779054385.368021) can0 0000E010#0000000000000000
(1779054385.369035) can0 0000E011#0000000000000000
(1779054385.370054) can0 0000E012#0CD9000100000000
(1779054385.371036) can0 0000F001#0000000000000000
(1779054385.372016) can0 18FF28F4#10320000020E0000
(1779054385.372992) can0 18FE28F4#0CDA0CD942420000
(1779054385.374006) can0 18FD28F4#1761FA6F00000000
(1779054385.374926) can0 4D4#000032007D0E0203
(1779054385.375905) can0 4D5#D90CDA0C42420000
(1779054385.377004) can0 18914010#0CDA100CD9010000
(1779054385.378028) can0 18904010#020E020E753001FC
(1779054385.378999) can0 18FA28F4#713EA12C10270000
(1779054385.379998) can0 18FB28F4#DA0CD90C42420000
(1779054385.381020) can0 18FC28F4#383200000E020000
(1779054385.381991) can0 18F810F3#0E02E80332640100
(1779054385.383032) can0 18F815F3#0000000010030000
(1779054385.383920) can0 273#000000000E023200
(1779054385.384908) can0 1E1#020E271001FC01FC
(1779054385.385992) can0 1F5#0000000000000000
(1779054385.387017) can0 0800A6A9#0000000000000000
(1779054385.387991) can0 1000A6A9#0E028813324C4C4C
(1779054385.389011) can0 1C00A6A9#0000000000030000
(1779054385.390022) can0 02018100#1003020E00000000
(1779054385.391025) can0 02028100#0000003264000000
(1779054385.391998) can0 02038100#0CDA01100CD90101
(1779054385.393019) can0 02048100#4C01014C01010000
(1779054385.393896) can0 1AD#8F14000059321A1A
(1779054385.394890) can0 2AD#DA0C800C8F140016
(1779054385.395920) can0 3AD#0000000000008F14
(1779054385.396915) can0 4AD#EB00000000000000
(1779054385.397927) can0 76A#7F00000000000000
(1779054385.477556) can0 0000E005#1761480003B60591
(1779054385.478139) can0 1806E5F4#13DC010003B6023A
(1779054385.479011) can0 0000E000#13DC13DC020E0000
(1779054385.479996) can0 0000E004#1A1A03B603B601E3
(1779054385.480999) can0 0000E006#0CD90CD90CD90CD9
(1779054385.481997) can0 0000E007#0CD90CD90CD90CD9
(1779054385.483001) can0 0000E008#0CD90CD90CD90CD9
(1779054385.483996) can0 0000E009#0CD90CD90CD90CDA
(1779054385.485042) can0 0000E010#0000000000000000
(1779054385.486022) can0 0000E011#0000000000000000
(1779054385.487017) can0 0000E012#0CD9000100000000
(1779054385.487997) can0 0000E013#4542323630354C43
(1779054385.489016) can0 0000E014#3134323300000000
(1779054385.490028) can0 0000E015#0000000000000003
(1779054385.491030) can0 0000F000#0000000000000000
(1779054385.492020) can0 0000F001#0000000000000000
(1779054385.493023) can0 18FF28F4#10320000020E0000
(1779054385.493997) can0 18FE28F4#0CDA0CD942420000
(1779054385.494998) can0 18FD28F4#1761FA6F00000000
(1779054385.495915) can0 4D4#000032007D0E0203
(1779054385.496895) can0 4D5#D90CDA0C42420000
(1779054385.497997) can0 18914010#0CDA100CD9010000
(1779054385.499006) can0 18904010#020E020E753001FC
(1779054385.500009) can0 18924010#4201420100000000
(1779054385.501006) can0 18934010#000000340000BCAD
(1779054385.502024) can0 18944010#1003000000000000
(1779054385.503037) can0 18954010#0000000000000000
(1779054385.504029) can0 18954010#0100000000000000
(1779054385.505018) can0 18954010#0200000000000000
(1779054385.506028) can0 18954010#0300000000000000
(1779054385.507032) can0 18954010#0400000000000000
(1779054385.508043) can0 18954010#0500000000000000
(1779054385.509005) can0 18964010#0042424200000000
(1779054385.510022) can0 18974010#0000000000000000
(1779054385.511018) can0 18984010#0000000000000000
(1779054385.511998) can0 18FA28F4#713EA12C10270000
(1779054385.512999) can0 18FB28F4#DA0CD90C42420000
(1779054385.514004) can0 18FC28F4#383200000E020000
(1779054385.515000) can0 18F810F3#0E02E80332640100
(1779054385.516029) can0 18F811F3#DA0C1001D90C0101
(1779054385.516999) can0 18F812F3#4201014201010000
(1779054385.518030) can0 18F813F3#0101000000000000
(1779054385.519005) can0 18F814F3#3200491BA9015F00
(1779054385.520023) can0 18F815F3#0000000010030000
(1779054385.520916) can0 273#000000000E023200
(1779054385.521894) can0 1E1#020E271001FC01FC
(1779054385.522929) can0 1F5#0000000000000000
(1779054385.524052) can0 0800A6A9#0000000000000000
(1779054385.525001) can0 1000A6A9#0E028813324C4C4C
(1779054385.525999) can0 1C00A6A9#0000000000030000
(1779054385.527019) can0 02018100#1003020E00000000
(1779054385.528014) can0 02028100#0000003264000000
(1779054385.529000) can0 02038100#0CDA01100CD90101
(1779054385.530012) can0 02048100#4C01014C01010000
(1779054385.530892) can0 1AD#8E14000059321A1A
(1779054385.531939) can0 2AD#DA0C800C8E140016
(1779054385.532922) can0 3AD#0000000000008E14
(1779054385.533921) can0 4AD#EB00000000000000
(1779054385.534916) can0 76A#7F00000000000000
(1779054385.593562) can0 0000E005#1761480003B60591
(1779054385.594130) can0 1806E5F4#13DC010003B6023A
(1779054385.595010) can0 0000E000#13DC13DC020E0000
(1779054385.596006) can0 0000E004#1A1A03B603B601E3
(1779054385.597002) can0 0000E006#0CD90CD90CD90CD9
(1779054385.598005) can0 0000E007#0CD90CD90CD90CD9
(1779054385.599003) can0 0000E008#0CD90CD90CD90CD9
(1779054385.600003) can0 0000E009#0CD90CD90CD90CDA
(1779054385.601067) can0 0000E010#0000000000000000
(1779054385.602017) can0 0000E011#0000000000000000
(1779054385.603017) can0 0000E012#0CD9000100000000
(1779054385.604029) can0 0000F001#0000000000000000
(1779054385.605011) can0 18FF28F4#10320000020E0000
(1779054385.606004) can0 18FE28F4#0CDA0CD942420000
(1779054385.607004) can0 18FD28F4#1761FA6F00000000
(1779054385.607922) can0 4D4#000032007D0E0203
(1779054385.608927) can0 4D5#D90CDA0C42420000
(1779054385.610005) can0 18914010#0CDA100CD9010000
(1779054385.611004) can0 18904010#020E020E753001FC
(1779054385.612004) can0 18FA28F4#713EA12C10270000
(1779054385.613003) can0 18FB28F4#DA0CD90C42420000
(1779054385.614004) can0 18FC28F4#383200000E020000
(1779054385.615004) can0 18F810F3#0E02E80332640100
(1779054385.616011) can0 18F815F3#0000000010030000
(1779054385.616904) can0 273#000000000E023200
(1779054385.617910) can0 1E1#020E271001FC01FC
(1779054385.618919) can0 1F5#0000000000000000
(1779054385.620024) can0 0800A6A9#0000000000000000
(1779054385.621003) can0 1000A6A9#0E028813324C4C4C
(1779054385.622005) can0 1C00A6A9#0000000000030000
(1779054385.623012) can0 02018100#1003020E00000000
(1779054385.624024) can0 02028100#0000003264000000
(1779054385.625015) can0 02038100#0CDA01100CD90101
(1779054385.626009) can0 02048100#4C01014C01010000
(1779054385.626885) can0 1AD#8E14000059321A1A
(1779054385.627896) can0 2AD#DA0C800C8E140016
(1779054385.628909) can0 3AD#0000000000008E14
(1779054385.629922) can0 4AD#EB00000000000000
(1779054385.630921) can0 76A#7F00000000000000
(1779054385.693596) can0 0000E005#1761480003B60591
(1779054385.694171) can0 1806E5F4#13DC010003B6023A
(1779054385.695014) can0 0000E000#13DC13DC020E0000
(1779054385.696008) can0 0000E004#1A1A03B603B601E3
(1779054385.697010) can0 0000E006#0CD90CD90CD90CD9
(1779054385.698007) can0 0000E007#0CD90CD90CD90CD9
(1779054385.699010) can0 0000E008#0CD90CD90CD90CD9
(1779054385.700008) can0 0000E009#0CD90CD90CD90CDA
(1779054385.701023) can0 0000E010#0000000000000000
(1779054385.702016) can0 0000E011#0000000000000000
(1779054385.703011) can0 0000E012#0CD9000100000000
(1779054385.704028) can0 0000F001#0000000000000000
(1779054385.705010) can0 18FF28F4#10320000020E0000
(1779054385.706009) can0 18FE28F4#0CDA0CD942420000
(1779054385.707011) can0 18FD28F4#1761FA6F00000000
(1779054385.707919) can0 4D4#000032007D0E0203
(1779054385.708882) can0 4D5#D90CDA0C42420000
(1779054385.710009) can0 18914010#0CDA100CD9010000
(1779054385.711013) can0 18904010#020E020E753001FC
(1779054385.712009) can0 18FA28F4#713EA12C10270000
(1779054385.713011) can0 18FB28F4#DA0CD90C42420000
(1779054385.714010) can0 18FC28F4#383200000E020000
(1779054385.715011) can0 18F810F3#0E02E80332640100
(1779054385.716010) can0 18F815F3#0000000010030000
(1779054385.716902) can0 273#000000000E023200
(1779054385.717895) can0 1E1#020E271001FC01FC
(1779054385.718920) can0 1F5#0000000000000000
(1779054385.720009) can0 0800A6A9#0000000000000000
(1779054385.721012) can0 1000A6A9#0E028813324C4C4C
(1779054385.722010) can0 1C00A6A9#0000000000030000
(1779054385.723025) can0 02018100#1003020E00000000
(1779054385.724009) can0 02028100#0000003264000000
(1779054385.725013) can0 02038100#0CDA01100CD90101
(1779054385.726010) can0 02048100#4C01014C01010000
(1779054385.726877) can0 1AD#8E14000059321A1A
(1779054385.727888) can0 2AD#DA0C800C8E140016
(1779054385.728901) can0 3AD#0000000000008E14
(1779054385.729907) can0 4AD#EB00000000000000
(1779054385.730927) can0 76A#7F00000000000000
(1779054385.793549) can0 0000E005#1761480003B60591
(1779054385.794128) can0 1806E5F4#13DC010003B6023A
(1779054385.795015) can0 0000E000#13DC13DC020E0000
(1779054385.796016) can0 0000E004#1A1A03B603B601E3
(1779054385.797014) can0 0000E006#0CD90CD90CD90CD9
(1779054385.798015) can0 0000E007#0CD90CD90CD90CD9
(1779054385.799016) can0 0000E008#0CD90CD90CD90CD9
(1779054385.800015) can0 0000E009#0CD90CD90CD90CDA
(1779054385.801021) can0 0000E010#0000000000000000
(1779054385.802026) can0 0000E011#0000000000000000
(1779054385.803014) can0 0000E012#0CD9000100000000
(1779054385.804015) can0 0000F001#0000000000000000
(1779054385.805015) can0 18FF28F4#10320000020E0000
(1779054385.806017) can0 18FE28F4#0CDA0CD942420000
(1779054385.807014) can0 18FD28F4#1761FA6F00000000
(1779054385.807920) can0 4D4#000032007D0E0203
(1779054385.808885) can0 4D5#D90CDA0C42420000
(1779054385.810015) can0 18914010#0CDA100CD9010000
(1779054385.811016) can0 18904010#020E020E753001FC
(1779054385.812015) can0 18FA28F4#713EA12C10270000
(1779054385.813015) can0 18FB28F4#DA0CD90C42420000
(1779054385.814015) can0 18FC28F4#383200000E020000
(1779054385.815015) can0 18F810F3#0E02E80332640100
(1779054385.816034) can0 18F815F3#0000000010030000
(1779054385.816912) can0 273#000000000E023200
(1779054385.817894) can0 1E1#020E271001FC01FC
(1779054385.818925) can0 1F5#0000000000000000
(1779054385.820017) can0 0800A6A9#0000000000000000
(1779054385.821014) can0 1000A6A9#0E028813324C4C4C
(1779054385.822016) can0 1C00A6A9#0000000000030000
(1779054385.823016) can0 02018100#1003020E00000000
(1779054385.824049) can0 02028100#0000003264000000
(1779054385.825015) can0 02038100#0CDA01100CD90101
(1779054385.826016) can0 02048100#4C01014C01010000
(1779054385.826881) can0 1AD#8E14000059321A1A
(1779054385.827881) can0 2AD#DA0C800C8E140016
(1779054385.828905) can0 3AD#0000000000008E14
(1779054385.829906) can0 4AD#EB00000000000000
(1779054385.830919) can0 76A#7F00000000000000
(1779054385.893548) can0 0000E005#1761480003B60591
(1779054385.894129) can0 1806E5F4#13DC010003B6023A
(1779054385.895023) can0 0000E000#13DC13DC020E0000
(1779054385.896019) can0 0000E004#1A1A03B603B601E3
(1779054385.897021) can0 0000E006#0CD90CD90CD90CD9
(1779054385.898019) can0 0000E007#0CD90CD90CD90CD9
(1779054385.898955) can0 0000E008#0CD90CD90CD90CD9
(1779054385.900019) can0 0000E009#0CD90CD90CD90CDA
(1779054385.901065) can0 0000E010#0000000000000000
(1779054385.902020) can0 0000E011#0000000000000000
(1779054385.903022) can0 0000E012#0CD9000100000000
(1779054385.904020) can0 0000F001#0000000000000000
(1779054385.905021) can0 18FF28F4#10320000020E0000
(1779054385.906020) can0 18FE28F4#0CDA0CD942420000
(1779054385.907022) can0 18FD28F4#1761FA6F00000000
(1779054385.907905) can0 4D4#000032007D0E0203
(1779054385.908924) can0 4D5#D90CDA0C42420000
(1779054385.910020) can0 18914010#0CDA100CD9010000
(1779054385.911022) can0 18904010#020E020E753001FC
(1779054385.912020) can0 18FA28F4#713EA12C10270000
(1779054385.913021) can0 18FB28F4#DA0CD90C42420000
(1779054385.914025) can0 18FC28F4#383200000E020000
(1779054385.915025) can0 18F810F3#0E02E80332640100
(1779054385.916022) can0 18F815F3#0000000010030000
(1779054385.916952) can0 273#000000000E023200
(1779054385.917898) can0 1E1#020E271001FC01FC
(1779054385.918908) can0 1F5#0000000000000000
(1779054385.920021) can0 0800A6A9#0000000000000000
(1779054385.921023) can0 1000A6A9#0E028813324C4C4C
(1779054385.922020) can0 1C00A6A9#0000000000030000
(1779054385.923023) can0 02018100#1003020E00000000
(1779054385.924022) can0 02028100#0000003264000000
(1779054385.925022) can0 02038100#0CDA01100CD90101
(1779054385.926023) can0 02048100#4C01014C01010000
(1779054385.926884) can0 1AD#8E14000059321A1A
(1779054385.927874) can0 2AD#DA0C800C8E140016
(1779054385.928907) can0 3AD#0000000000008E14
(1779054385.929899) can0 4AD#EB00000000000000
(1779054385.930916) can0 76A#7F00000000000000
(1779054386.030586) can0 0000E005#1761480003B60591
(1779054386.031166) can0 1806E5F4#13DC010003B6023A
(1779054386.032029) can0 0000E000#13DC13DC020E0000
(1779054386.033029) can0 0000E004#1A1A03B603B601E3
(1779054386.033965) can0 0000E006#0CD90CD90CD90CD9
(1779054386.034965) can0 0000E007#0CD90CD90CD90CD9
(1779054386.035962) can0 0000E008#0CD90CD90CD90CD9
(1779054386.036963) can0 0000E009#0CD90CD90CD90CDA
(1779054386.038027) can0 0000E010#0000000000000000
(1779054386.039029) can0 0000E011#0000000000000000
(1779054386.040029) can0 0000E012#0CD9000100000000
(1779054386.040961) can0 0000E013#4542323630354C43
(1779054386.042028) can0 0000E014#3134323300000000
(1779054386.043029) can0 0000E015#0000000000000003
(1779054386.044028) can0 0000F000#0000000000000000
(1779054386.045030) can0 0000F001#0000000000000000
(1779054386.046028) can0 18FF28F4#10320000020E0000
(1779054386.047030) can0 18FE28F4#0CDA0CD942420000
(1779054386.048028) can0 18FD28F4#1761FA6F00000000
(1779054386.048902) can0 4D4#000032007D0E0203
(1779054386.049881) can0 4D5#D90CDA0C42420000
(1779054386.051030) can0 18914010#0CDA100CD9020000
(1779054386.051970) can0 18904010#020E020E753001FC
(1779054386.053030) can0 18924010#4201420100000000
(1779054386.054028) can0 18934010#000000350000BCAD
(1779054386.055031) can0 18944010#1003000000000000
(1779054386.056029) can0 18954010#0000000000000000
(1779054386.057031) can0 18954010#0100000000000000
(1779054386.058029) can0 18954010#0200000000000000
(1779054386.059032) can0 18954010#0300000000000000
