(1779322084.785006) can0 0000E005#1702440003B60591
(1779322084.785553) can0 1806E5F4#13CC010003B6023A
(1779322084.786435) can0 0000E000#13CC13CC020D0000
(1779322084.787404) can0 0000E004#181803B603B601E1
(1779322084.788388) can0 0000E006#0CD50CD50CD50CD3
(1779322084.789389) can0 0000E007#0CD50CD30CD50CD5
(1779322084.790388) can0 0000E008#0CD50CD50CD50CD5
(1779322084.791393) can0 0000E009#0CD50CD50CD50CD6
(1779322084.792429) can0 0000E010#0000000000000000
(1779322084.793420) can0 0000E011#0000000000000000
(1779322084.794428) can0 0000E012#0CD4000200000000
(1779322084.795423) can0 0000F001#0000000000000000
(1779322084.796421) can0 18FF28F4#10320000020D0000
(1779322084.797402) can0 18FE28F4#0CD60CD340400000
(1779322084.798488) can0 18FD28F4#1702FA6F00000000
(1779322084.799319) can0 4D4#000032007D0D0203
(1779322084.800294) can0 4D5#D30CD60C40400000
(1779322084.801396) can0 18914010#0CD6100CD3040000
(1779322084.802390) can0 18904010#020D020D753001FA
(1779322084.803407) can0 18FA28F4#123EA12C10270000
(1779322084.804389) can0 18FB28F4#D60CD30C40400000
(1779322084.805422) can0 18FC28F4#383200000D020000
(1779322084.806389) can0 18F810F3#0D02E80332640100
(1779322084.807423) can0 18F815F3#0000000010030000
(1779322084.808313) can0 273#000000000D023200
(1779322084.809314) can0 1E1#020D271001FA01FA
(1779322084.810333) can0 1F5#0000000000000000
(1779322084.811429) can0 0800A6A9#0000000000000000
(1779322084.812390) can0 1000A6A9#0D028813324A4A4A
(1779322084.813409) can0 1C00A6A9#0000000000030000
(1779322084.814430) can0 02018100#1003020D00000000
(1779322084.815413) can0 02028100#0000003264000000
(1779322084.816403) can0 02038100#0CD601100CD30104
(1779322084.817416) can0 02048100#4A01014A01010000
(1779322084.818290) can0 1AD#8714000059321818
(1779322084.819290) can0 2AD#D60C800C87140016
(1779322084.820326) can0 3AD#0000000000008714
(1779322084.821313) can0 4AD#EB00000000000000
(1779322084.822331) can0 76A#7F00000000000000
(1779322084.884964) can0 0000E005#1702440003B60591
(1779322084.885508) can0 1806E5F4#13CC010003B6023A
(1779322084.886413) can0 0000E000#13CC13CC020D0000
(1779322084.887393) can0 0000E004#181803B603B601E1
(1779322084.888393) can0 0000E006#0CD50CD50CD50CD3
(1779322084.889395) can0 0000E007#0CD50CD30CD50CD5
(1779322084.890393) can0 0000E008#0CD50CD50CD50CD5
(1779322084.891393) can0 0000E009#0CD50CD50CD50CD6
(1779322084.892426) can0 0000E010#0000000000000000
(1779322084.893425) can0 0000E011#0000000000000000
(1779322084.894426) can0 0000E012#0CD4000200000000
(1779322084.895425) can0 0000F001#0000000000000000
(1779322084.896406) can0 18FF28F4#10320000020D0000
(1779322084.897394) can0 18FE28F4#0CD60CD340400000
(1779322084.898394) can0 18FD28F4#1702FA6F00000000
(1779322084.899311) can0 4D4#000032007D0D0203
(1779322084.900293) can0 4D5#D30CD60C40400000
(1779322084.901393) can0 18914010#0CD6100CD3040000
(1779322084.902423) can0 18904010#020D020D753001FA
(1779322084.903394) can0 18FA28F4#123EA12C10270000
(1779322084.904394) can0 18FB28F4#D60CD30C40400000
(1779322084.905419) can0 18FC28F4#383200000D020000
(1779322084.906393) can0 18F810F3#0D02E80332640100
(1779322084.907420) can0 18F815F3#0000000010030000
(1779322084.908311) can0 273#000000000D023200
(1779322084.909290) can0 1E1#020D271001FA01FA
(1779322084.910394) can0 1F5#0000000000000000
(1779322084.911407) can0 0800A6A9#0000000000000000
(1779322084.912394) can0 1000A6A9#0D028813324A4A4A
(1779322084.913394) can0 1C00A6A9#0000000000030000
(1779322084.914414) can0 02018100#1003020D00000000
(1779322084.915413) can0 02028100#0000003264000000
(1779322084.916394) can0 02038100#0CD601100CD30104
(1779322084.917394) can0 02048100#4A01014A01010000
(1779322084.918317) can0 1AD#8714000059321818
(1779322084.919283) can0 2AD#D60C800C87140016
(1779322084.920310) can0 3AD#0000000000008714
(1779322084.921304) can0 4AD#EB00000000000000
(1779322084.922317) can0 76A#7F00000000000000
(1779322085.001969) can0 0000E005#1702440003B60591
(1779322085.002514) can0 1806E5F4#13CC010003B6023A
(1779322085.003450) can0 0000E000#13CC13CC020D0000
(1779322085.004399) can0 0000E004#181803B603B601E1
(1779322085.005399) can0 0000E006#0CD50CD50CD50CD3
(1779322085.006399) can0 0000E007#0CD30CD50CD50CD3
(1779322085.007399) can0 0000E008#0CD50CD50CD50CD3
(1779322085.008399) can0 0000E009#0CD50CD50CD50CD6
(1779322085.009431) can0 0000E010#0000000000000000
(1779322085.010426) can0 0000E011#0000000000000000
(1779322085.011405) can0 0000E012#0CD4000200000000
(1779322085.012399) can0 0000E013#4542323630354C43
(1779322085.013400) can0 0000E014#3134323300000000
(1779322085.014415) can0 0000E015#0000000000000003
(1779322085.015418) can0 0000F000#0000000000000000
(1779322085.016418) can0 0000F001#0000000000000000
(1779322085.017412) can0 18FF28F4#10320000020D0000
(1779322085.018410) can0 18FE28F4#0CD60CD340400000
(1779322085.019400) can0 18FD28F4#1702FA6F00000000
(1779322085.020303) can0 4D4#000032007D0D0203
(1779322085.021288) can0 4D5#D30CD60C40400000
(1779322085.022400) can0 18914010#0CD6100CD3040000
(1779322085.023400) can0 18904010#020D020D753001FA
(1779322085.024412) can0 18924010#4001400100000000
(1779322085.025404) can0 18934010#000000570000BC19
(1779322085.026409) can0 18944010#1003000000000000
(1779322085.027426) can0 18954010#0000000000000000
(1779322085.028427) can0 18954010#0100000000000000
(1779322085.029425) can0 18954010#0200000000000000
(1779322085.030416) can0 18954010#0300000000000000
(1779322085.031419) can0 18954010#0400000000000000
(1779322085.032419) can0 18954010#0500000000000000
(1779322085.033413) can0 18964010#0040404000000000
(1779322085.034413) can0 18974010#0000000000000000
(1779322085.035406) can0 18984010#0000000000000000
(1779322085.036400) can0 18FA28F4#123EA12C10270000
(1779322085.037400) can0 18FB28F4#D60CD30C40400000
(1779322085.038415) can0 18FC28F4#383200000D020000
(1779322085.039401) can0 18F810F3#0D02E80332640100
(1779322085.040401) can0 18F811F3#D60C1001D30C0401
(1779322085.041400) can0 18F812F3#4001014001010000
(1779322085.042409) can0 18F813F3#0101000000000000
(1779322085.043400) can0 18F814F3#3200EA1AA9015F00
(1779322085.044407) can0 18F815F3#0000000010030000
(1779322085.045299) can0 273#000000000D023200
(1779322085.046297) can0 1E1#020D271001FA01FA
(1779322085.047311) can0 1F5#0000000000000000
(1779322085.048433) can0 0800A6A9#0000000000000000
(1779322085.049400) can0 1000A6A9#0D028813324A4A4A
(1779322085.050401) can0 1C00A6A9#0000000000030000
(1779322085.051401) can0 02018100#1003020D00000000
(1779322085.052401) can0 02028100#0000003264000000
(1779322085.053401) can0 02038100#0CD601100CD30104
(1779322085.054406) can0 02048100#4A01014A01010000
(1779322085.055279) can0 1AD#8714000059321818
(1779322085.056308) can0 2AD#D60C800C87140016
(1779322085.057305) can0 3AD#0000000000008714
(1779322085.058318) can0 4AD#EB00000000000000
(1779322085.059319) can0 76A#7F00000000000000
(1779322085.117947) can0 0000E005#1702440003B60591
(1779322085.118496) can0 1806E5F4#13CC010003B6023A
(1779322085.119405) can0 0000E000#13CC13CC020D0000
(1779322085.120405) can0 0000E004#181803B603B601E1
(1779322085.121404) can0 0000E006#0CD50CD50CD50CD3
(1779322085.122416) can0 0000E007#0CD30CD50CD50CD3
(1779322085.123405) can0 0000E008#0CD50CD50CD50CD3
(1779322085.124404) can0 0000E009#0CD50CD50CD50CD6
(1779322085.125438) can0 0000E010#0000000000000000
(1779322085.126418) can0 0000E011#0000000000000000
(1779322085.127405) can0 0000E012#0CD4000200000000
(1779322085.128417) can0 0000F001#0000000000000000
(1779322085.129405) can0 18FF28F4#10320000020D0000
(1779322085.130410) can0 18FE28F4#0CD60CD340400000
(1779322085.131405) can0 18FD28F4#1702FA6F00000000
(1779322085.132297) can0 4D4#000032007D0D0203
(1779322085.133315) can0 4D5#D30CD60C40400000
(1779322085.134405) can0 18914010#0CD6100CD3040000
(1779322085.135405) can0 18904010#020D020D753001FA
(1779322085.136406) can0 18FA28F4#123EA12C10270000
(1779322085.137405) can0 18FB28F4#D60CD30C40400000
(1779322085.138405) can0 18FC28F4#383200000D020000
(1779322085.139406) can0 18F810F3#0D02E80332640100
(1779322085.140412) can0 18F815F3#0000000010030000
(1779322085.141347) can0 273#000000000D023200
(1779322085.142294) can0 1E1#020D271001FA01FA
(1779322085.143318) can0 1F5#0000000000000000
(1779322085.144405) can0 0800A6A9#0000000000000000
(1779322085.145406) can0 1000A6A9#0D028813324A4A4A
(1779322085.146409) can0 1C00A6A9#0000000000030000
(1779322085.147412) can0 02018100#1003020D00000000
(1779322085.148415) can0 02028100#0000003264000000
(1779322085.149426) can0 02038100#0CD601100CD30104
(1779322085.150406) can0 02048100#4A01014A01010000
(1779322085.151293) can0 1AD#8714000059321818
(1779322085.152289) can0 2AD#D60C800C87140016
(1779322085.153295) can0 3AD#0000000000008714
(1779322085.154309) can0 4AD#EB00000000000000
(1779322085.155305) can0 76A#7F00000000000000
(1779322085.218004) can0 0000E005#1702440003B60591
(1779322085.218551) can0 1806E5F4#13CC010003B6023A
(1779322085.219410) can0 0000E000#13CC13CC020D0000
(1779322085.220410) can0 0000E004#181803B603B601E1
(1779322085.221410) can0 0000E006#0CD50CD50CD50CD3
(1779322085.222410) can0 0000E007#0CD30CD50CD50CD3
(1779322085.223409) can0 0000E008#0CD50CD50CD50CD3
(1779322085.224410) can0 0000E009#0CD50CD50CD50CD6
(1779322085.225422) can0 0000E010#0000000000000000
(1779322085.226456) can0 0000E011#0000000000000000
(1779322085.227410) can0 0000E012#0CD4000200000000
(1779322085.228410) can0 0000F001#0000000000000000
(1779322085.229410) can0 18FF28F4#10320000020D0000
(1779322085.230421) can0 18FE28F4#0CD60CD340400000
(1779322085.231411) can0 18FD28F4#1702FA6F00000000
(1779322085.232296) can0 4D4#000032007D0D0203
(1779322085.233286) can0 4D5#D30CD60C40400000
(1779322085.234429) can0 18914010#0CD6100CD3040000
(1779322085.235410) can0 18904010#020D020D753001FA
(1779322085.236410) can0 18FA28F4#123EA12C10270000
(1779322085.237411) can0 18FB28F4#D60CD30C40400000
(1779322085.238419) can0 18FC28F4#383200000D020000
(1779322085.239411) can0 18F810F3#0D02E80332640100
(1779322085.240415) can0 18F815F3#0000000010030000
(1779322085.241302) can0 273#000000000D023200
(1779322085.242287) can0 1E1#020D271001FA01FA
(1779322085.243314) can0 1F5#0000000000000000
(1779322085.244411) can0 0800A6A9#0000000000000000
(1779322085.245410) can0 1000A6A9#0D028813324A4A4A
(1779322085.246417) can0 1C00A6A9#0000000000030000
(1779322085.247411) can0 02018100#1003020D00000000
(1779322085.248412) can0 02028100#0000003264000000
(1779322085.249411) can0 02038100#0CD601100CD30104
(1779322085.250411) can0 02048100#4A01014A01010000
(1779322085.251275) can0 1AD#8714000059321818
(1779322085.252285) can0 2AD#D60C800C87140016
(1779322085.253299) can0 3AD#0000000000008714
(1779322085.254313) can0 4AD#EB00000000000000
(1779322085.255308) can0 76A#7F00000000000000
(1779322085.317936) can0 0000E005#1702440003B60591
(1779322085.318492) can0 1806E5F4#13CC010003B6023A
(1779322085.319415) can0 0000E000#13CC13CC020D0000
(1779322085.320415) can0 0000E004#181803B603B601E1
(1779322085.321416) can0 0000E006#0CD50CD50CD30CD5
(1779322085.322355) can0 0000E007#0CD30CD50CD50CD5
(1779322085.323355) can0 0000E008#0CD50CD50CD50CD3
(1779322085.324349) can0 0000E009#0CD50CD50CD50CD6
(1779322085.325415) can0 0000E010#0000000000000000
(1779322085.326423) can0 0000E011#0000000000000000
(1779322085.327422) can0 0000E012#0CD4000200000000
(1779322085.328417) can0 0000F001#0000000000000000
(1779322085.329415) can0 18FF28F4#10320000020D0000
(1779322085.330419) can0 18FE28F4#0CD60CD340400000
(1779322085.331420) can0 18FD28F4#1702FA6F00000000
(1779322085.332292) can0 4D4#000032007D0D0203
(1779322085.333272) can0 4D5#D30CD60C40400000
(1779322085.334443) can0 18914010#0CD6100CD3030000
(1779322085.335419) can0 18904010#020D020D753001FA
(1779322085.336418) can0 18FA28F4#123EA12C10270000
(1779322085.337418) can0 18FB28F4#D60CD30C40400000
(1779322085.338420) can0 18FC28F4#383200000D020000
(1779322085.339358) can0 18F810F3#0D02E80332640100
(1779322085.340415) can0 18F815F3#0000000010030000
(1779322085.341287) can0 273#000000000D023200
(1779322085.342292) can0 1E1#020D271001FA01FA
(1779322085.343305) can0 1F5#0000000000000000
(1779322085.344417) can0 0800A6A9#0000000000000000
(1779322085.345350) can0 1000A6A9#0D028813324A4A4A
(1779322085.346423) can0 1C00A6A9#0000000000030000
(1779322085.347416) can0 02018100#1003020D00000000
(1779322085.348416) can0 02028100#0000003264000000
(1779322085.349416) can0 02038100#0CD601100CD30103
(1779322085.350423) can0 02048100#4A01014A01010000
(1779322085.351274) can0 1AD#8714000059321818
(1779322085.352267) can0 2AD#D60C800C87140016
(1779322085.353304) can0 3AD#0000000000008714
(1779322085.354300) can0 4AD#EB00000000000000
(1779322085.355308) can0 76A#7F00000000000000
(1779322085.417943) can0 0000E005#1702440003B60591
(1779322085.418490) can0 1806E5F4#13CC010003B6023A
(1779322085.419424) can0 0000E000#13CC13CC020D0000
(1779322085.420420) can0 0000E004#181803B603B601E1
(1779322085.421354) can0 0000E006#0CD50CD50CD30CD5
(1779322085.422352) can0 0000E007#0CD30CD50CD50CD5
(1779322085.423354) can0 0000E008#0CD50CD50CD50CD3
(1779322085.424353) can0 0000E009#0CD50CD50CD50CD6
(1779322085.425420) can0 0000E010#0000000000000000
(1779322085.426422) can0 0000E011#0000000000000000
(1779322085.427421) can0 0000E012#0CD4000200000000
(1779322085.428420) can0 0000F001#0000000000000000
(1779322085.429420) can0 18FF28F4#10320000020D0000
(1779322085.430420) can0 18FE28F4#0CD60CD340400000
(1779322085.431420) can0 18FD28F4#1702FA6F00000000
(1779322085.432284) can0 4D4#000032007D0D0203
(1779322085.433295) can0 4D5#D30CD60C40400000
(1779322085.434432) can0 18914010#0CD6100CD3030000
(1779322085.435421) can0 18904010#020D020D753001FA
(1779322085.436420) can0 18FA28F4#123EA12C10270000
(1779322085.437421) can0 18FB28F4#D60CD30C40400000
(1779322085.438421) can0 18FC28F4#383200000D020000
(1779322085.439426) can0 18F810F3#0D02E80332640100
(1779322085.440421) can0 18F815F3#0000000010030000
(1779322085.441319) can0 273#000000000D023200
(1779322085.442277) can0 1E1#020D271001FA01FA
(1779322085.443308) can0 1F5#0000000000000000
(1779322085.444424) can0 0800A6A9#0000000000000000
(1779322085.445351) can0 1000A6A9#0D028813324A4A4A
(1779322085.446430) can0 1C00A6A9#0000000000030000
(1779322085.447427) can0 02018100#1003020D00000000
(1779322085.448423) can0 02028100#0000003264000000
(1779322085.449423) can0 02038100#0CD601100CD30103
(1779322085.450422) can0 02048100#4A01014A01010000
(1779322085.451272) can0 1AD#8714000059321818
(1779322085.452280) can0 2AD#D60C800C87140016
(1779322085.453304) can0 3AD#0000000000008714
(1779322085.454301) can0 4AD#EB00000000000000
(1779322085.455298) can0 76A#7F00000000000000
(1779322085.534950) can0 0000E005#1702440003B60591
(1779322085.535490) can0 1806E5F4#13CC010003B6023A
(1779322085.536432) can0 0000E000#13CC13CC020D0000
(1779322085.537431) can0 0000E004#181803B603B601E1
(1779322085.538371) can0 0000E006#0CD50CD30CD50CD5
(1779322085.539366) can0 0000E007#0CD50CD50CD50CD5
(1779322085.540364) can0 0000E008#0CD50CD50CD30CD3
(1779322085.541355) can0 0000E009#0CD50CD30CD50CD6
(1779322085.542430) can0 0000E010#0000000000000000
(1779322085.543426) can0 0000E011#0000000000000000
(1779322085.544425) can0 0000E012#0CD4000200000000
(1779322085.545352) can0 0000E013#4542323630354C43
(1779322085.546439) can0 0000E014#3134323300000000
(1779322085.547427) can0 0000E015#0000000000000003
(1779322085.548427) can0 0000F000#0000000000000000
(1779322085.549427) can0 0000F001#0000000000000000
(1779322085.550431) can0 18FF28F4#10320000020D0000
(1779322085.551364) can0 18FE28F4#0CD60CD340400000
(1779322085.552440) can0 18FD28F4#1702FA6F00000000
(1779322085.553320) can0 4D4#000032007D0D0203
(1779322085.554276) can0 4D5#D30CD60C40400000
(1779322085.555372) can0 18914010#0CD6100CD3020000
(1779322085.556370) can0 18904010#020D020D753001FA
(1779322085.557428) can0 18924010#4001400100000000
(1779322085.558427) can0 18934010#000000580000BC19
(1779322085.559427) can0 18944010#1003000000000000
(1779322085.560428) can0 18954010#0000000000000000
(1779322085.561429) can0 18954010#0100000000000000
(1779322085.562445) can0 18954010#0200000000000000
(1779322085.563442) can0 18954010#0300000000000000
(1779322085.564430) can0 18954010#0400000000000000
(1779322085.565432) can0 18954010#0500000000000000
(1779322085.566429) can0 18964010#0040404000000000
(1779322085.567427) can0 18974010#0000000000000000
(1779322085.568428) can0 18984010#0000000000000000
(1779322085.569371) can0 18FA28F4#123EA12C10270000
(1779322085.570371) can0 18FB28F4#D60CD30C40400000
(1779322085.571429) can0 18FC28F4#383200000D020000
(1779322085.572351) can0 18F810F3#0D02E80332640100
(1779322085.573429) can0 18F811F3#D60C1001D30C0201
(1779322085.574442) can0 18F812F3#4001014001010000
(1779322085.575436) can0 18F813F3#0101000000000000
(1779322085.576370) can0 18F814F3#3200EA1AA9015F00
(1779322085.577431) can0 18F815F3#0000000010030000
(1779322085.578295) can0 273#000000000D023200
(1779322085.579294) can0 1E1#020D271001FA01FA
(1779322085.580308) can0 1F5#0000000000000000
(1779322085.581430) can0 0800A6A9#0000000000000000
(1779322085.582342) can0 1000A6A9#0D028813324A4A4A
(1779322085.583431) can0 1C00A6A9#0000000000030000
(1779322085.584432) can0 02018100#1003020D00000000
(1779322085.585432) can0 02028100#0000003264000000
(1779322085.586438) can0 02038100#0CD601100CD30102
(1779322085.587433) can0 02048100#4A01014A01010000
(1779322085.588270) can0 1AD#8714000059321818
(1779322085.589272) can0 2AD#D60C800C87140016
(1779322085.590303) can0 3AD#0000000000008714
(1779322085.591298) can0 4AD#EB00000000000000
(1779322085.592295) can0 76A#7F00000000000000
(1779322085.650980) can0 0000E005#1702440003B60591
(1779322085.651539) can0 1806E5F4#13CC010003B6023A
(1779322085.652458) can0 0000E000#13CC13CC020D0000
(1779322085.653379) can0 0000E004#181803B603B601E1
(1779322085.654350) can0 0000E006#0CD50CD30CD50CD5
(1779322085.655347) can0 0000E007#0CD50CD50CD50CD5
(1779322085.656366) can0 0000E008#0CD50CD50CD30CD3
(1779322085.657347) can0 0000E009#0CD50CD30CD50CD6
(1779322085.658438) can0 0000E010#0000000000000000
(1779322085.659437) can0 0000E011#0000000000000000
(1779322085.660437) can0 0000E012#0CD4000200000000
(1779322085.661435) can0 0000F001#0000000000000000
(1779322085.662435) can0 18FF28F4#10320000020D0000
(1779322085.663372) can0 18FE28F4#0CD60CD340400000
(1779322085.664436) can0 18FD28F4#1702FA6F00000000
(1779322085.665299) can0 4D4#000032007D0D0203
(1779322085.666279) can0 4D5#D30CD60C40400000
(1779322085.667353) can0 18914010#0CD6100CD3020000
(1779322085.668368) can0 18904010#020D020D753001FA
(1779322085.669378) can0 18FA28F4#123EA12C10270000
(1779322085.670364) can0 18FB28F4#D60CD30C40400000
(1779322085.671437) can0 18FC28F4#383200000D020000
(1779322085.672444) can0 18F810F3#0D02E80332640100
(1779322085.673439) can0 18F815F3#0000000010030000
(1779322085.674289) can0 273#000000000D023200
(1779322085.675290) can0 1E1#020D271001FA01FA
(1779322085.676308) can0 1F5#0000000000000000
(1779322085.677457) can0 0800A6A9#0000000000000000
(1779322085.678349) can0 1000A6A9#0D028813324A4A4A
(1779322085.679441) can0 1C00A6A9#0000000000030000
(1779322085.680438) can0 02018100#1003020D00000000
(1779322085.681439) can0 02028100#0000003264000000
(1779322085.682377) can0 02038100#0CD601100CD30102
(1779322085.683381) can0 02048100#4A01014A01010000
(1779322085.684274) can0 1AD#8714000059321818
(1779322085.685268) can0 2AD#D60C800C87140016
(1779322085.686291) can0 3AD#0000000000008714
(1779322085.687318) can0 4AD#EB00000000000000
(1779322085.688332) can0 76A#7F00000000000000
(1779322085.750945) can0 0000E005#1702440003B60591
(1779322085.751476) can0 1806E5F4#13CC010003B6023A
(1779322085.752371) can0 0000E000#13CC13CC020D0000
(1779322085.753355) can0 0000E004#181803B603B601E1
(1779322085.754347) can0 0000E006#0CD50CD30CD50CD5
(1779322085.755346) can0 0000E007#0CD50CD50CD50CD5
(1779322085.756326) can0 0000E008#0CD50CD50CD30CD3
(1779322085.757437) can0 0000E009#0CD50CD30CD50CD6
(1779322085.758437) can0 0000E010#0000000000000000
(1779322085.759437) can0 0000E011#0000000000000000
(1779322085.760378) can0 0000E012#0CD4000200000000
(1779322085.761437) can0 0000F001#0000000000000000
(1779322085.762371) can0 18FF28F4#10320000020D0000
(1779322085.763347) can0 18FE28F4#0CD60CD340400000
(1779322085.764370) can0 18FD28F4#1702FA6F00000000
(1779322085.765330) can0 4D4#000032007D0D0203
(1779322085.766268) can0 4D5#D30CD60C40400000
(1779322085.767360) can0 18914010#0CD6100CD3020000
(1779322085.768359) can0 18904010#020D020D753001FA
(1779322085.769353) can0 18FA28F4#123EA12C10270000
(1779322085.770358) can0 18FB28F4#D60CD30C40400000
(1779322085.771372) can0 18FC28F4#383200000D020000
(1779322085.772353) can0 18F810F3#0D02E80332640100
(1779322085.773437) can0 18F815F3#0000000010030000
(1779322085.774269) can0 273#000000000D023200
(1779322085.775269) can0 1E1#020D271001FA01FA
(1779322085.776301) can0 1F5#0000000000000000
(1779322085.777372) can0 0800A6A9#0000000000000000
(1779322085.778340) can0 1000A6A9#0D028813324A4A4A
(1779322085.779376) can0 1C00A6A9#0000000000030000
(1779322085.780377) can0 02018100#1003020D00000000
(1779322085.781370) can0 02028100#0000003264000000
(1779322085.782371) can0 02038100#0CD601100CD30102
(1779322085.783372) can0 02048100#4A01014A01010000
(1779322085.784250) can0 1AD#8714000059321818
(1779322085.785259) can0 2AD#D60C800C87140016
(1779322085.786281) can0 3AD#0000000000008714
(1779322085.787295) can0 4AD#EB00000000000000
(1779322085.788288) can0 76A#7F00000000000000
(1779322085.850915) can0 0000E005#1702440003B60591
(1779322085.851473) can0 1806E5F4#13CC010003B6023A
(1779322085.852365) can0 0000E000#13CC13CC020D0000
(1779322085.853344) can0 0000E004#181803B603B601E1
(1779322085.854330) can0 0000E006#0CD50CD50CD50CD5
(1779322085.855344) can0 0000E007#0CD50CD50CD50CD5
(1779322085.856338) can0 0000E008#0CD50CD50CD50CD3
(1779322085.857337) can0 0000E009#0CD50CD50CD50CD6
(1779322085.858441) can0 0000E010#0000000000000000
(1779322085.859441) can0 0000E011#0000000000000000
(1779322085.860361) can0 0000E012#0CD5000200000000
(1779322085.861443) can0 0000F001#0000000000000000
(1779322085.862365) can0 18FF28F4#10320000020D0000
(1779322085.863351) can0 18FE28F4#0CD60CD340400000
(1779322085.864364) can0 18FD28F4#1702FA6F00000000
(1779322085.865285) can0 4D4#000032007D0D0203
(1779322085.866266) can0 4D5#D30CD60C40400000
(1779322085.867345) can0 18914010#0CD6100CD30C0000
(1779322085.868357) can0 18904010#020D020D753001FA
(1779322085.869357) can0 18FA28F4#123EA12C10270000
(1779322085.870340) can0 18FB28F4#D60CD30C40400000
(1779322085.871376) can0 18FC28F4#383200000D020000
(1779322085.872332) can0 18F810F3#0D02E80332640100
(1779322085.873442) can0 18F815F3#0000000010030000
(1779322085.874280) can0 273#000000000D023200
(1779322085.875268) can0 1E1#020D271001FA01FA
(1779322085.876292) can0 1F5#0000000000000000
(1779322085.877375) can0 0800A6A9#0000000000000000
(1779322085.878332) can0 1000A6A9#0D028813324A4A4A
(1779322085.879365) can0 1C00A6A9#0000000000030000
(1779322085.880442) can0 02018100#1003020D00000000
(1779322085.881377) can0 02028100#0000003264000000
(1779322085.882358) can0 02038100#0CD601100CD3010C
(1779322085.883352) can0 02048100#4A01014A01010000
(1779322085.884254) can0 1AD#8814000059321818
(1779322085.885266) can0 2AD#D60C800C88140016
(1779322085.886280) can0 3AD#0000000000008814
(1779322085.887313) can0 4AD#EB00000000000000
(1779322085.888282) can0 76A#7F00000000000000
(1779322085.950973) can0 0000E005#1702440003B60591
(1779322085.951523) can0 1806E5F4#13CC010003B6023A
(1779322085.952363) can0 0000E000#13CC13CC020D0000
(1779322085.953349) can0 0000E004#181803B603B601E1
(1779322085.954338) can0 0000E006#0CD50CD50CD50CD5
(1779322085.955333) can0 0000E007#0CD50CD50CD50CD5
(1779322085.956345) can0 0000E008#0CD50CD50CD50CD3
(1779322085.957331) can0 0000E009#0CD50CD50CD50CD6
(1779322085.958448) can0 0000E010#0000000000000000
(1779322085.959446) can0 0000E011#0000000000000000
(1779322085.960364) can0 0000E012#0CD5000200000000
(1779322085.961447) can0 0000F001#0000000000000000
(1779322085.962370) can0 18FF28F4#10320000020D0000
(1779322085.963350) can0 18FE28F4#0CD60CD340400000
(1779322085.964386) can0 18FD28F4#1702FA6F00000000
(1779322085.965271) can0 4D4#000032007D0D0203
(1779322085.966252) can0 4D5#D30CD60C40400000
(1779322085.967352) can0 18914010#0CD6100CD30C0000
(1779322085.968352) can0 18904010#020D020D753001FA
(1779322085.969358) can0 18FA28F4#123EA12C10270000
(1779322085.970337) can0 18FB28F4#D60CD30C40400000
(1779322085.971370) can0 18FC28F4#383200000D020000
(1779322085.972369) can0 18F810F3#0D02E80332640100
(1779322085.973370) can0 18F815F3#0000000010030000
(1779322085.974272) can0 273#000000000D023200
(1779322085.975254) can0 1E1#020D271001FA01FA
(1779322085.976290) can0 1F5#0000000000000000
(1779322085.977385) can0 0800A6A9#0000000000000000
(1779322085.978337) can0 1000A6A9#0D028813324A4A4A
(1779322085.979364) can0 1C00A6A9#0000000000030000
(1779322085.980449) can0 02018100#1003020D00000000
(1779322085.981364) can0 02028100#0000003264000000
(1779322085.982351) can0 02038100#0CD601100CD3010C
(1779322085.983361) can0 02048100#4A01014A01010000
(1779322085.984253) can0 1AD#8814000059321818
(1779322085.985265) can0 2AD#D60C800C88140016
(1779322085.986278) can0 3AD#0000000000008814
(1779322085.987292) can0 4AD#EB00000000000000
(1779322085.988317) can0 76A#7F00000000000000
(1779322086.067977) can0 0000E005#1702440003B60591
(1779322086.068529) can0 1806E5F4#13CC010003B6023A
(1779322086.069356) can0 0000E000#13CC13CC020D0000
(1779322086.070349) can0 0000E004#181803B603B601E1
(1779322086.071341) can0 0000E006#0CD50CD50CD30CD5
(1779322086.072335) can0 0000E007#0CD50CD50CD50CD5
(1779322086.073387) can0 0000E008#0CD50CD50CD50CD3
(1779322086.074334) can0 0000E009#0CD50CD50CD50CD6
(1779322086.075375) can0 0000E010#0000000000000000
(1779322086.076378) can0 0000E011#0000000000000000
(1779322086.077355) can0 0000E012#0CD4000200000000
(1779322086.078329) can0 0000E013#4542323630354C43
(1779322086.079359) can0 0000E014#3134323300000000
(1779322086.080373) can0 0000E015#0000000000000003
(1779322086.081387) can0 0000F000#0000000000000000
(1779322086.082387) can0 0000F001#0000000000000000
(1779322086.083362) can0 18FF28F4#10320000020D0000
(1779322086.084348) can0 18FE28F4#0CD60CD340400000
(1779322086.085362) can0 18FD28F4#1702FA6F00000000
(1779322086.086265) can0 4D4#000032007D0D0203
(1779322086.087253) can0 4D5#D30CD60C40400000
(1779322086.088343) can0 18914010#0CD6100CD3030000
(1779322086.089340) can0 18904010#020D020D753001FA
(1779322086.090368) can0 18924010#4001400100000000
(1779322086.091350) can0 18934010#000000590000BC19
(1779322086.092366) can0 18944010#1003000000000000
(1779322086.093386) can0 18954010#0000000000000000
(1779322086.094385) can0 18954010#0100000000000000
(1779322086.095387) can0 18954010#0200000000000000
(1779322086.096376) can0 18954010#0300000000000000
(1779322086.097375) can0 18954010#0400000000000000
(1779322086.098375) can0 18954010#0500000000000000
(1779322086.099358) can0 18964010#0040404000000000
(1779322086.100369) can0 18974010#0000000000000000
(1779322086.101369) can0 18984010#0000000000000000
(1779322086.102350) can0 18FA28F4#123EA12C10270000
(1779322086.103344) can0 18FB28F4#D60CD30C40400000
(1779322086.104374) can0 18FC28F4#383200000D020000
(1779322086.105342) can0 18F810F3#0D02E80332640100
(1779322086.106343) can0 18F811F3#D60C1001D30C0301
(1779322086.107354) can0 18F812F3#4001014001010000
(1779322086.108385) can0 18F813F3#0101000000000000
(1779322086.109357) can0 18F814F3#3200EA1AA9015F00
(1779322086.110389) can0 18F815F3#0000000010030000
(1779322086.111284) can0 273#000000000D023200
(1779322086.112268) can0 1E1#020D271001FA01FA
(1779322086.113298) can0 1F5#0000000000000000
(1779322086.114372) can0 0800A6A9#0000000000000000
(1779322086.115339) can0 1000A6A9#0D028813324A4A4A
(1779322086.116364) can0 1C00A6A9#0000000000030000
(1779322086.117377) can0 02018100#1003020D00000000
(1779322086.118395) can0 02028100#0000003264000000
(1779322086.119351) can0 02038100#0CD601100CD30103
(1779322086.120354) can0 02048100#4A01014A01010000
(1779322086.121240) can0 1AD#8714000059321818
(1779322086.122260) can0 2AD#D60C800C87140016
(1779322086.123273) can0 3AD#0000000000008714
(1779322086.124302) can0 4AD#EB00000000000000
(1779322086.125291) can0 76A#7F00000000000000
(1779322086.183914) can0 0000E005#1702440003B60591
(1779322086.184477) can0 1806E5F4#13CC010003B6023A
(1779322086.185349) can0 0000E000#13CC13CC020D0000
(1779322086.186339) can0 0000E004#181803B603B601E1
(1779322086.187333) can0 0000E006#0CD50CD50CD30CD5
(1779322086.188333) can0 0000E007#0CD50CD50CD50CD5
(1779322086.189332) can0 0000E008#0CD50CD50CD50CD3
(1779322086.190333) can0 0000E009#0CD50CD50CD50CD6
(1779322086.191373) can0 0000E010#0000000000000000
(1779322086.192373) can0 0000E011#0000000000000000
(1779322086.193354) can0 0000E012#0CD4000200000000
(1779322086.194367) can0 0000F001#0000000000000000
(1779322086.195391) can0 18FF28F4#10320000020D0000
(1779322086.196340) can0 18FE28F4#0CD60CD340400000
(1779322086.197349) can0 18FD28F4#1702FA6F00000000
(1779322086.198270) can0 4D4#000032007D0D0203
(1779322086.199253) can0 4D5#D30CD60C40400000
(1779322086.200347) can0 18914010#0CD6100CD3030000
(1779322086.201341) can0 18904010#020D020D753001FA
(1779322086.202347) can0 18FA28F4#123EA12C10270000
(1779322086.203355) can0 18FB28F4#D60CD30C40400000
(1779322086.204367) can0 18FC28F4#383200000D020000
(1779322086.205340) can0 18F810F3#0D02E80332640100
(1779322086.206367) can0 18F815F3#0000000010030000
(1779322086.207270) can0 273#000000000D023200
(1779322086.208251) can0 1E1#020D271001FA01FA
(1779322086.209281) can0 1F5#0000000000000000
(1779322086.210355) can0 0800A6A9#0000000000000000
(1779322086.211356) can0 1000A6A9#0D028813324A4A4A
(1779322086.212355) can0 1C00A6A9#0000000000030000
(1779322086.213355) can0 02018100#1003020D00000000
(1779322086.214368) can0 02028100#0000003264000000
(1779322086.215334) can0 02038100#0CD601100CD30103
(1779322086.216347) can0 02048100#4A01014A01010000
(1779322086.217232) can0 1AD#8714000059321818
(1779322086.218245) can0 2AD#D60C800C87140016
(1779322086.219309) can0 3AD#0000000000008714
(1779322086.220271) can0 4AD#EB00000000000000
(1779322086.221269) can0 76A#7F00000000000000
(1779322086.283905) can0 0000E005#1702440003B60591
(1779322086.284462) can0 1806E5F4#13CC010003B6023A
(1779322086.285345) can0 0000E000#13CC13CC020D0000
(1779322086.286339) can0 0000E004#181803B603B601E1
(1779322086.287326) can0 0000E006#0CD50CD50CD30CD5
(1779322086.288352) can0 0000E007#0CD50CD50CD50CD5
(1779322086.289319) can0 0000E008#0CD50CD50CD50CD3
(1779322086.290319) can0 0000E009#0CD50CD50CD50CD6
(1779322086.291378) can0 0000E010#0000000000000000
(1779322086.292359) can0 0000E011#0000000000000000
(1779322086.293344) can0 0000E012#0CD4000200000000
(1779322086.294375) can0 0000F001#0000000000000000
(1779322086.295353) can0 18FF28F4#10320000020D0000
(1779322086.296385) can0 18FE28F4#0CD60CD340400000
(1779322086.297355) can0 18FD28F4#1702FA6F00000000
(1779322086.298253) can0 4D4#000032007D0D0203
(1779322086.299237) can0 4D5#D30CD60C40400000
(1779322086.300332) can0 18914010#0CD6100CD3030000
(1779322086.301332) can0 18904010#020D020D753001FA
(1779322086.302344) can0 18FA28F4#123EA12C10270000
(1779322086.303336) can0 18FB28F4#D60CD30C40400000
(1779322086.304464) can0 18FC28F4#383200000D020000
(1779322086.305321) can0 18F810F3#0D02E80332640100
(1779322086.306368) can0 18F815F3#0000000010030000
(1779322086.307256) can0 273#000000000D023200
(1779322086.308256) can0 1E1#020D271001FA01FA
(1779322086.309281) can0 1F5#0000000000000000
(1779322086.310360) can0 0800A6A9#0000000000000000
(1779322086.311327) can0 1000A6A9#0D028813324A4A4A
(1779322086.312353) can0 1C00A6A9#0000000000030000
(1779322086.313354) can0 02018100#1003020D00000000
(1779322086.314354) can0 02028100#0000003264000000
(1779322086.315339) can0 02038100#0CD601100CD30103
(1779322086.316352) can0 02048100#4A01014A01010000
(1779322086.317237) can0 1AD#8714000059321818
(1779322086.318240) can0 2AD#D60C800C87140016
(1779322086.319262) can0 3AD#0000000000008714
(1779322086.320275) can0 4AD#EB00000000000000
(1779322086.321269) can0 76A#7F00000000000000
(1779322086.383937) can0 0000E005#1702440003B60591
(1779322086.384499) can0 1806E5F4#13CC010003B6023A
(1779322086.385351) can0 0000E000#13CC13CC020D0000
(1779322086.386349) can0 0000E004#181803B603B601E1
(1779322086.387313) can0 0000E006#0CD30CD50CD50CD5
(1779322086.388331) can0 0000E007#0CD30CD30CD50CD5
(1779322086.389324) can0 0000E008#0CD50CD50CD30CD3
(1779322086.390311) can0 0000E009#0CD30CD50CD50CD6
(1779322086.391365) can0 0000E010#0000000000000000
(1779322086.392363) can0 0000E011#0000000000000000
(1779322086.393354) can0 0000E012#0CD4000200000000
(1779322086.394364) can0 0000F001#0000000000000000
(1779322086.395349) can0 18FF28F4#10320000020D0000
(1779322086.396330) can0 18FE28F4#0CD60CD340400000
(1779322086.397349) can0 18FD28F4#1702FA6F00000000
(1779322086.398267) can0 4D4#000032007D0D0203
(1779322086.399248) can0 4D5#D30CD60C40400000
(1779322086.400324) can0 18914010#0CD6100CD3010000
(1779322086.401337) can0 18904010#020D020D753001FA
(1779322086.402338) can0 18FA28F4#123EA12C10270000
(1779322086.403336) can0 18FB28F4#D60CD30C40400000
(1779322086.404350) can0 18FC28F4#383200000D020000
(1779322086.405331) can0 18F810F3#0D02E80332640100
(1779322086.406358) can0 18F815F3#0000000010030000
(1779322086.407264) can0 273#000000000D023200
(1779322086.408248) can0 1E1#020D271001FA01FA
(1779322086.409280) can0 1F5#0000000000000000
(1779322086.410356) can0 0800A6A9#0000000000000000
(1779322086.411325) can0 1000A6A9#0D028813324A4A4A
(1779322086.412357) can0 1C00A6A9#0000000000030000
(1779322086.413351) can0 02018100#1003020D00000000
(1779322086.414350) can0 02028100#0000003264000000
(1779322086.415329) can0 02038100#0CD601100CD30101
(1779322086.416344) can0 02048100#4A01014A01010000
(1779322086.417229) can0 1AD#8714000059321818
(1779322086.418242) can0 2AD#D60C800C87140016
(1779322086.419253) can0 3AD#0000000000008714
(1779322086.420269) can0 4AD#EB00000000000000
(1779322086.421268) can0 76A#7F00000000000000
(1779322086.477215) can0 00000E00#00354C4331343233
(1779322086.484947) can0 0000E005#1702440003B60591
(1779322086.485504) can0 1806E5F4#13CC010003B6023A
(1779322086.486355) can0 0000E000#13CC13CC020D0000
(1779322086.487335) can0 0000E004#181803B603B601E1
(1779322086.488316) can0 0000E006#0CD30CD50CD50CD5
(1779322086.489316) can0 0000E007#0CD30CD30CD50CD5
(1779322086.490316) can0 0000E008#0CD50CD50CD30CD3
(1779322086.491316) can0 0000E009#0CD30CD50CD50CD6
(1779322086.492368) can0 0000E010#0000000000000000
(1779322086.493361) can0 0000E011#0000000000000000
(1779322086.494354) can0 0000E012#0CD4000200000000
(1779322086.495382) can0 0000F001#0000000000000000
(1779322086.496354) can0 18FF28F4#10320000020D0000
(1779322086.497335) can0 18FE28F4#0CD60CD340400000
(1779322086.498348) can0 18FD28F4#1702FA6F00000000
(1779322086.499253) can0 4D4#000032007D0D0203
(1779322086.500227) can0 4D5#D30CD60C40400000
(1779322086.501329) can0 18914010#0CD6100CD3010000
(1779322086.502331) can0 18904010#020D020D753001FA
(1779322086.503355) can0 18FA28F4#123EA12C10270000
(1779322086.504319) can0 18FB28F4#D60CD30C40400000
(1779322086.505355) can0 18FC28F4#383200000D020000
(1779322086.506323) can0 18F810F3#0D02E80332640100
(1779322086.507363) can0 18F815F3#0000000010030000
(1779322086.508253) can0 273#000000000D023200
(1779322086.509247) can0 1E1#020D271001FA01FA
(1779322086.510278) can0 1F5#0000000000000000
(1779322086.511382) can0 0800A6A9#0000000000000000
(1779322086.512317) can0 1000A6A9#0D028813324A4A4A
(1779322086.513349) can0 1C00A6A9#0000000000030000
(1779322086.514361) can0 02018100#1003020D00000000
(1779322086.515362) can0 02028100#0000003264000000
(1779322086.516338) can0 02038100#0CD601100CD30101
(1779322086.517337) can0 02048100#4A01014A01010000
(1779322086.518241) can0 1AD#8714000059321818
(1779322086.519266) can0 2AD#D60C800C87140016
(1779322086.520247) can0 3AD#0000000000008714
(1779322086.521260) can0 4AD#EB00000000000000
(1779322086.522260) can0 76A#7F00000000000000
(1779322086.600935) can0 0000E005#1702440003B60591
(1779322086.601486) can0 1806E5F4#13CC010003B6023A
(1779322086.602344) can0 0000E000#13CC13CC020D0000
(1779322086.603341) can0 0000E004#181803B603B601E1
(1779322086.604354) can0 0000E006#0CD50CD30CD30CD3
(1779322086.605315) can0 0000E007#0CD30CD50CD50CD3
(1779322086.606321) can0 0000E008#0CD50CD50CD30CD5
(1779322086.607316) can0 0000E009#0CD50CD50CD50CD6
(1779322086.608367) can0 0000E010#0000000000000000
(1779322086.609360) can0 0000E011#0000000000000000
(1779322086.610347) can0 0000E012#0CD4000200000000
(1779322086.611309) can0 0000E013#4542323630354C43
(1779322086.612341) can0 0000E014#3134323300000000
(1779322086.613354) can0 0000E015#0000000000000003
(1779322086.614368) can0 0000F000#0000000000000000
(1779322086.615354) can0 0000F001#0000000000000000
(1779322086.616354) can0 18FF28F4#10320000020D0000
(1779322086.617330) can0 18FE28F4#0CD60CD340400000
(1779322086.618336) can0 18FD28F4#1702FA6F00000000
(1779322086.619253) can0 4D4#000032007D0D0203
(1779322086.620233) can0 4D5#D30CD60C40400000
(1779322086.621328) can0 18914010#0CD6100CD3020000
(1779322086.622329) can0 18904010#020D020D753001FA
(1779322086.623342) can0 18924010#4001400100000000
(1779322086.624342) can0 18934010#0000005A0000BC19
(1779322086.625331) can0 18944010#1003000000000000
(1779322086.626367) can0 18954010#0000000000000000
(1779322086.627368) can0 18954010#0100000000000000
(1779322086.628367) can0 18954010#0200000000000000
(1779322086.629360) can0 18954010#0300000000000000
(1779322086.630362) can0 18954010#0400000000000000
(1779322086.631343) can0 18954010#0500000000000000
(1779322086.632342) can0 18964010#0040404000000000
(1779322086.633355) can0 18974010#0000000000000000
(1779322086.634355) can0 18984010#0000000000000000
(1779322086.635318) can0 18FA28F4#123EA12C10270000
(1779322086.636317) can0 18FB28F4#D60CD30C40400000
(1779322086.637340) can0 18FC28F4#383200000D020000
(1779322086.638310) can0 18F810F3#0D02E80332640100
(1779322086.639324) can0 18F811F3#D60C1001D30C0201
(1779322086.640341) can0 18F812F3#4001014001010000
(1779322086.641369) can0 18F813F3#0101000000000000
(1779322086.642330) can0 18F814F3#3200EA1AA9015F00
(1779322086.643356) can0 18F815F3#0000000010030000
(1779322086.644260) can0 273#000000000D023200
(1779322086.645240) can0 1E1#020D271001FA01FA
(1779322086.646267) can0 1F5#0000000000000000
(1779322086.647344) can0 0800A6A9#0000000000000000
(1779322086.648310) can0 1000A6A9#0D028813324A4A4A
(1779322086.649365) can0 1C00A6A9#0000000000030000
(1779322086.650345) can0 02018100#1003020D00000000
(1779322086.651357) can0 02028100#0000003264000000
(1779322086.652333) can0 02038100#0CD601100CD30102
(1779322086.653337) can0 02048100#4A01014A01010000
(1779322086.654222) can0 1AD#8714000059321818
(1779322086.655235) can0 2AD#D60C800C87140016
(1779322086.656254) can0 3AD#0000000000008714
(1779322086.657279) can0 4AD#EB00000000000000
(1779322086.658261) can0 76A#7F00000000000000
(1779322086.716883) can0 0000E005#1702440003B60591
(1779322086.717484) can0 1806E5F4#13CC010003B6023A
(1779322086.718347) can0 0000E000#13CC13CC020D0000
(1779322086.719334) can0 0000E004#181803B603B601E1
(1779322086.720315) can0 0000E006#0CD50CD30CD30CD3
(1779322086.721311) can0 0000E007#0CD30CD50CD50CD3
(1779322086.722308) can0 0000E008#0CD50CD50CD30CD5
(1779322086.723309) can0 0000E009#0CD50CD50CD50CD6
(1779322086.724353) can0 0000E010#0000000000000000
(1779322086.725353) can0 0000E011#0000000000000000
(1779322086.726353) can0 0000E012#0CD4000200000000
(1779322086.727353) can0 0000F001#0000000000000000
(1779322086.728347) can0 18FF28F4#10320000020D0000
(1779322086.729313) can0 18FE28F4#0CD60CD340400000
(1779322086.730328) can0 18FD28F4#1702FA6F00000000
(1779322086.731245) can0 4D4#000032007D0D0203
(1779322086.732232) can0 4D5#D30CD60C40400000
(1779322086.733323) can0 18914010#0CD6100CD3020000
(1779322086.734340) can0 18904010#020D020D753001FA
(1779322086.735334) can0 18FA28F4#123EA12C10270000
(1779322086.736322) can0 18FB28F4#D60CD30C40400000
(1779322086.737354) can0 18FC28F4#383200000D020000
(1779322086.738315) can0 18F810F3#0D02E80332640100
(1779322086.739348) can0 18F815F3#0000000010030000
(1779322086.740245) can0 273#000000000D023200
(1779322086.741223) can0 1E1#020D271001FA01FA
(1779322086.742290) can0 1F5#0000000000000000
(1779322086.743342) can0 0800A6A9#0000000000000000
(1779322086.744312) can0 1000A6A9#0D028813324A4A4A
(1779322086.745335) can0 1C00A6A9#0000000000030000
(1779322086.746354) can0 02018100#1003020D00000000
(1779322086.747349) can0 02028100#0000003264000000
(1779322086.748329) can0 02038100#0CD601100CD30102
(1779322086.749329) can0 02048100#4A01014A01010000
(1779322086.750258) can0 1AD#8714000059321818
(1779322086.751227) can0 2AD#D60C800C87140016
(1779322086.752252) can0 3AD#0000000000008714
(1779322086.753246) can0 4AD#EB00000000000000
(1779322086.754246) can0 76A#7F00000000000000
(1779322086.816933) can0 0000E005#1702440003B60591
(1779322086.817489) can0 1806E5F4#13CC010003B6023A
(1779322086.818338) can0 0000E000#13CC13CC020D0000
(1779322086.819358) can0 0000E004#181803B603B601E1
(1779322086.820307) can0 0000E006#0CD50CD30CD30CD3
(1779322086.821300) can0 0000E007#0CD30CD50CD50CD3
(1779322086.822300) can0 0000E008#0CD50CD50CD30CD5
(1779322086.823301) can0 0000E009#0CD50CD50CD50CD6
(1779322086.824364) can0 0000E010#0000000000000000
(1779322086.825345) can0 0000E011#0000000000000000
(1779322086.826341) can0 0000E012#0CD4000200000000
(1779322086.827385) can0 0000F001#0000000000000000
(1779322086.828339) can0 18FF28F4#10320000020D0000
(1779322086.829320) can0 18FE28F4#0CD60CD340400000
(1779322086.830331) can0 18FD28F4#1702FA6F00000000
(1779322086.831237) can0 4D4#000032007D0D0203
(1779322086.832220) can0 4D5#D30CD60C40400000
(1779322086.833314) can0 18914010#0CD6100CD3020000
(1779322086.834313) can0 18904010#020D020D753001FA
(1779322086.835378) can0 18FA28F4#123EA12C10270000
(1779322086.836313) can0 18FB28F4#D60CD30C40400000
(1779322086.837339) can0 18FC28F4#383200000D020000
(1779322086.838303) can0 18F810F3#0D02E80332640100
(1779322086.839353) can0 18F815F3#0000000010030000
(1779322086.840238) can0 273#000000000D023200
(1779322086.841237) can0 1E1#020D271001FA01FA
(1779322086.842250) can0 1F5#0000000000000000
(1779322086.843347) can0 0800A6A9#0000000000000000
(1779322086.844295) can0 1000A6A9#0D028813324A4A4A
(1779322086.845327) can0 1C00A6A9#0000000000030000
(1779322086.846340) can0 02018100#1003020D00000000
(1779322086.847340) can0 02028100#0000003264000000
(1779322086.848321) can0 02038100#0CD601100CD30102
(1779322086.849334) can0 02048100#4A01014A01010000
(1779322086.850212) can0 1AD#8714000059321818
(1779322086.851219) can0 2AD#D60C800C87140016
(1779322086.852245) can0 3AD#0000000000008714
(1779322086.853257) can0 4AD#EB00000000000000
(1779322086.854248) can0 76A#7F00000000000000
(1779322086.916922) can0 0000E005#1702440003B60591
(1779322086.917493) can0 1806E5F4#13CC010003B6023A
(1779322086.918332) can0 0000E000#13CC13CC020D0000
(1779322086.919331) can0 0000E004#181803B603B601E1
(1779322086.920293) can0 0000E006#0CD50CD30CD30CD5
(1779322086.921311) can0 0000E007#0CD50CD50CD50CD5
(1779322086.922305) can0 0000E008#0CD50CD50CD50CD5
(1779322086.923300) can0 0000E009#0CD50CD50CD50CD6
(1779322086.924357) can0 0000E010#0000000000000000
(1779322086.925350) can0 0000E011#0000000000000000
(1779322086.926338) can0 0000E012#0CD4000200000000
(1779322086.927346) can0 0000F001#0000000000000000
(1779322086.928332) can0 18FF28F4#10320000020D0000
(1779322086.929314) can0 18FE28F4#0CD60CD340400000
(1779322086.930334) can0 18FD28F4#1702FA6F00000000
(1779322086.931249) can0 4D4#000032007D0D0203
(1779322086.932230) can0 4D5#D30CD60C40400000
(1779322086.933325) can0 18914010#0CD6100CD3020000
(1779322086.934326) can0 18904010#020D020D753001FA
(1779322086.935317) can0 18FA28F4#123EA12C10270000
(1779322086.936319) can0 18FB28F4#D60CD30C40400000
(1779322086.937331) can0 18FC28F4#383200000D020000
(1779322086.938319) can0 18F810F3#0D02E80332640100
(1779322086.939345) can0 18F815F3#0000000010030000
(1779322086.940249) can0 273#000000000D023200
(1779322086.941230) can0 1E1#020D271001FA01FA
(1779322086.942261) can0 1F5#0000000000000000
(1779322086.943339) can0 0800A6A9#0000000000000000
(1779322086.944307) can0 1000A6A9#0D028813324A4A4A
(1779322086.945338) can0 1C00A6A9#0000000000030000
(1779322086.946339) can0 02018100#1003020D00000000
(1779322086.947334) can0 02028100#0000003264000000
(1779322086.948333) can0 02038100#0CD601100CD30102
(1779322086.949332) can0 02048100#4A01014A01010000
(1779322086.950211) can0 1AD#8714000059321818
(1779322086.951226) can0 2AD#D60C800C87140016
(1779322086.952236) can0 3AD#0000000000008714
(1779322086.953250) can0 4AD#EB00000000000000
(1779322086.954249) can0 76A#7F00000000000000
(1779322087.016880) can0 0000E005#1702440003B60591
(1779322087.017423) can0 1806E5F4#13CC010003B6023A
(1779322087.018329) can0 0000E000#13CC13CC020D0000
(1779322087.019324) can0 0000E004#181803B603B601E1
(1779322087.020305) can0 0000E006#0CD50CD30CD30CD5
(1779322087.021304) can0 0000E007#0CD50CD50CD50CD5
(1779322087.022304) can0 0000E008#0CD50CD50CD50CD5
(1779322087.023304) can0 0000E009#0CD50CD50CD50CD6
(1779322087.024349) can0 0000E010#0000000000000000
(1779322087.025349) can0 0000E011#0000000000000000
(1779322087.026349) can0 0000E012#0CD4000200000000
(1779322087.027343) can0 0000F001#0000000000000000
(1779322087.028331) can0 18FF28F4#10320000020D0000
(1779322087.029311) can0 18FE28F4#0CD60CD340400000
(1779322087.030324) can0 18FD28F4#1702FA6F00000000
(1779322087.031241) can0 4D4#000032007D0D0203
(1779322087.032221) can0 4D5#D30CD60C40400000
(1779322087.033318) can0 18914010#0CD6100CD3020000
(1779322087.034338) can0 18904010#020D020D753001FA
(1779322087.035318) can0 18FA28F4#123EA12C10270000
(1779322087.036312) can0 18FB28F4#D60CD30C40400000
(1779322087.037331) can0 18FC28F4#383200000D020000
(1779322087.038312) can0 18F810F3#0D02E80332640100
(1779322087.039343) can0 18F815F3#0000000010030000
(1779322087.040241) can0 273#000000000D023200
(1779322087.041222) can0 1E1#020D271001FA01FA
(1779322087.042273) can0 1F5#0000000000000000
(1779322087.043338) can0 0800A6A9#0000000000000000
(1779322087.044298) can0 1000A6A9#0D028813324A4A4A
(1779322087.045331) can0 1C00A6A9#0000000000030000
(1779322087.046331) can0 02018100#1003020D00000000
(1779322087.047331) can0 02028100#0000003264000000
(1779322087.048319) can0 02038100#0CD601100CD30102
(1779322087.049325) can0 02048100#4A01014A01010000
(1779322087.050242) can0 1AD#8714000059321818
(1779322087.051222) can0 2AD#D60C800C87140016
(1779322087.052235) can0 3AD#0000000000008714
(1779322087.053248) can0 4AD#EB00000000000000
(1779322087.054242) can0 76A#7F00000000000000
(1779322087.133879) can0 0000E005#1702440003B60591
(1779322087.134428) can0 1806E5F4#13CC010003B6023A
(1779322087.135368) can0 0000E000#13CC13CC020D0000
(1779322087.136316) can0 0000E004#181803B603B601E1
(1779322087.137297) can0 0000E006#0CD50CD30CD30CD5
(1779322087.138289) can0 0000E007#0CD30CD30CD50CD5
(1779322087.139297) can0 0000E008#0CD50CD50CD50CD3
(1779322087.140291) can0 0000E009#0CD50CD50CD50CD6
(1779322087.141342) can0 0000E010#0000000000000000
(1779322087.142335) can0 0000E011#0000000000000000
(1779322087.143368) can0 0000E012#0CD4000200000000
(1779322087.144284) can0 0000E013#4542323630354C43
(1779322087.145316) can0 0000E014#3134323300000000
(1779322087.146326) can0 0000E015#0000000000000003
(1779322087.147349) can0 0000F000#0000000000000000
(1779322087.148342) can0 0000F001#0000000000000000
(1779322087.149332) can0 18FF28F4#10320000020D0000
(1779322087.150310) can0 18FE28F4#0CD60CD340400000
(1779322087.151324) can0 18FD28F4#1702FA6F00000000
(1779322087.152227) can0 4D4#000032007D0D0203
(1779322087.153208) can0 4D5#D30CD60C40400000
(1779322087.154317) can0 18914010#0CD6100CD3020000
(1779322087.155304) can0 18904010#020D020D753001FA
(1779322087.156330) can0 18924010#4001400100000000
(1779322087.157317) can0 18934010#0000005B0000BC19
(1779322087.158328) can0 18944010#1003000000000000
(1779322087.159343) can0 18954010#0000000000000000
(1779322087.160343) can0 18954010#0100000000000000
(1779322087.161343) can0 18954010#0200000000000000
(1779322087.162333) can0 18954010#0300000000000000
(1779322087.163337) can0 18954010#0400000000000000
(1779322087.164337) can0 18954010#0500000000000000
(1779322087.165337) can0 18964010#0040404000000000
(1779322087.166330) can0 18974010#0000000000000000
(1779322087.167330) can0 18984010#0000000000000000
(1779322087.168311) can0 18FA28F4#123EA12C10270000
(1779322087.169304) can0 18FB28F4#D60CD30C40400000
(1779322087.170335) can0 18FC28F4#383200000D020000
(1779322087.171298) can0 18F810F3#0D02E80332640100
(1779322087.172312) can0 18F811F3#D60C1001D30C0201
(1779322087.173312) can0 18F812F3#4001014001010000
(1779322087.174341) can0 18F813F3#0101000000000000
(1779322087.175306) can0 18F814F3#3200EA1AA9015F00
(1779322087.176338) can0 18F815F3#0000000010030000
(1779322087.177235) can0 273#000000000D023200
(1779322087.178216) can0 1E1#020D271001FA01FA
(1779322087.179248) can0 1F5#0000000000000000
(1779322087.180344) can0 0800A6A9#0000000000000000
(1779322087.181292) can0 1000A6A9#0D028813324A4A4A
(1779322087.182321) can0 1C00A6A9#0000000000030000
(1779322087.183338) can0 02018100#1003020D00000000
(1779322087.184338) can0 02028100#0000003264000000
(1779322087.185318) can0 02038100#0CD601100CD30102
(1779322087.186313) can0 02048100#4A01014A01010000
(1779322087.187204) can0 1AD#8714000059321818
(1779322087.188236) can0 2AD#D60C800C87140016
(1779322087.189229) can0 3AD#0000000000008714
(1779322087.190249) can0 4AD#EB00000000000000
(1779322087.191243) can0 76A#7F00000000000000
(1779322087.249858) can0 0000E005#1702440003B60591
(1779322087.250422) can0 1806E5F4#13CC010003B6023A
(1779322087.251310) can0 0000E000#13CC13CC020D0000
(1779322087.252309) can0 0000E004#181803B603B601E1
(1779322087.253296) can0 0000E006#0CD50CD30CD30CD5
(1779322087.254290) can0 0000E007#0CD30CD30CD50CD5
(1779322087.255284) can0 0000E008#0CD50CD50CD50CD3
(1779322087.256290) can0 0000E009#0CD50CD50CD50CD6
(1779322087.257354) can0 0000E010#0000000000000000
(1779322087.258335) can0 0000E011#0000000000000000
(1779322087.259316) can0 0000E012#0CD4000200000000
(1779322087.260348) can0 0000F001#0000000000000000
(1779322087.261328) can0 18FF28F4#10320000020D0000
(1779322087.262310) can0 18FE28F4#0CD60CD340400000
(1779322087.263310) can0 18FD28F4#1702FA6F00000000
(1779322087.264227) can0 4D4#000032007D0D0203
(1779322087.265227) can0 4D5#D30CD60C40400000
(1779322087.266303) can0 18914010#0CD6100CD3020000
(1779322087.267302) can0 18904010#020D020D753001FA
(1779322087.268304) can0 18FA28F4#123EA12C10270000
(1779322087.269303) can0 18FB28F4#D60CD30C40400000
(1779322087.270329) can0 18FC28F4#383200000D020000
(1779322087.271297) can0 18F810F3#0D02E80332640100
(1779322087.272329) can0 18F815F3#0000000010030000
(1779322087.273259) can0 273#000000000D023200
(1779322087.274214) can0 1E1#020D271001FA01FA
(1779322087.275240) can0 1F5#0000000000000000
(1779322087.276322) can0 0800A6A9#0000000000000000
(1779322087.277285) can0 1000A6A9#0D028813324A4A4A
(1779322087.278314) can0 1C00A6A9#0000000000030000
(1779322087.279330) can0 02018100#1003020D00000000
(1779322087.280329) can0 02028100#0000003264000000
(1779322087.281342) can0 02038100#0CD601100CD30102
(1779322087.282310) can0 02048100#4A01014A01010000
(1779322087.283208) can0 1AD#8714000059321818
(1779322087.284208) can0 2AD#D60C800C87140016
(1779322087.285234) can0 3AD#0000000000008714
(1779322087.286228) can0 4AD#EB00000000000000
(1779322087.287228) can0 76A#7F00000000000000
(1779322087.349914) can0 0000E005#1702440003B60591
(1779322087.350516) can0 1806E5F4#13CC010003B6023A
(1779322087.351310) can0 0000E000#13CC13CC020D0000
(1779322087.352301) can0 0000E004#181803B603B601E1
(1779322087.353282) can0 0000E006#0CD50CD30CD30CD5
(1779322087.354282) can0 0000E007#0CD30CD30CD50CD5
(1779322087.355296) can0 0000E008#0CD50CD50CD50CD3
(1779322087.356294) can0 0000E009#0CD50CD50CD50CD6
(1779322087.357340) can0 0000E010#0000000000000000
(1779322087.358371) can0 0000E011#0000000000000000
(1779322087.359314) can0 0000E012#0CD4000200000000
(1779322087.360334) can0 0000F001#0000000000000000
(1779322087.361321) can0 18FF28F4#10320000020D0000
(1779322087.362301) can0 18FE28F4#0CD60CD340400000
(1779322087.363313) can0 18FD28F4#1702FA6F00000000
(1779322087.364231) can0 4D4#000032007D0D0203
(1779322087.365212) can0 4D5#D30CD60C40400000
(1779322087.366340) can0 18914010#0CD6100CD3020000
(1779322087.367309) can0 18904010#020D020D753001FA
(1779322087.368308) can0 18FA28F4#123EA12C10270000
(1779322087.369308) can0 18FB28F4#D60CD30C40400000
(1779322087.370321) can0 18FC28F4#383200000D020000
(1779322087.371285) can0 18F810F3#0D02E80332640100
(1779322087.372334) can0 18F815F3#0000000010030000
(1779322087.373232) can0 273#000000000D023200
(1779322087.374219) can0 1E1#020D271001FA01FA
(1779322087.375246) can0 1F5#0000000000000000
(1779322087.376328) can0 0800A6A9#0000000000000000
(1779322087.377296) can0 1000A6A9#0D028813324A4A4A
(1779322087.378321) can0 1C00A6A9#0000000000030000
(1779322087.379322) can0 02018100#1003020D00000000
(1779322087.380321) can0 02028100#0000003264000000
(1779322087.381302) can0 02038100#0CD601100CD30102
(1779322087.382315) can0 02048100#4A01014A01010000
(1779322087.383195) can0 1AD#8714000059321818
(1779322087.384213) can0 2AD#D60C800C87140016
(1779322087.385226) can0 3AD#0000000000008714
(1779322087.386239) can0 4AD#EB00000000000000
(1779322087.387229) can0 76A#7F00000000000000
(1779322087.449858) can0 0000E005#1702440003B60591
(1779322087.450412) can0 1806E5F4#13CC010003B6023A
(1779322087.451319) can0 0000E000#13CC13CC020D0000
(1779322087.452300) can0 0000E004#181803B603B601E1
(1779322087.453280) can0 0000E006#0CD50CD50CD50CD5
(1779322087.454281) can0 0000E007#0CD50CD50CD30CD5
(1779322087.455293) can0 0000E008#0CD50CD50CD50CD3
(1779322087.456289) can0 0000E009#0CD50CD50CD50CD6
(1779322087.457340) can0 0000E010#0000000000000000
(1779322087.458339) can0 0000E011#0000000000000000
(1779322087.459319) can0 0000E012#0CD4000200000000
(1779322087.460338) can0 0000F001#0000000000000000
(1779322087.461320) can0 18FF28F4#10320000020D0000
(1779322087.462301) can0 18FE28F4#0CD60CD340400000
(1779322087.463313) can0 18FD28F4#1702FA6F00000000
(1779322087.464230) can0 4D4#000032007D0D0203
(1779322087.465210) can0 4D5#D30CD60C40400000
(1779322087.466293) can0 18914010#0CD6100CD3070000
(1779322087.467307) can0 18904010#020D020D753001FA
(1779322087.468304) can0 18FA28F4#123EA12C10270000
(1779322087.469300) can0 18FB28F4#D60CD30C40400000
(1779322087.470319) can0 18FC28F4#383200000D020000
(1779322087.471301) can0 18F810F3#0D02E80332640100
(1779322087.472326) can0 18F815F3#0000000010030000
(1779322087.473217) can0 273#000000000D023200
(1779322087.474212) can0 1E1#020D271001FA01FA
(1779322087.475230) can0 1F5#0000000000000000
(1779322087.476326) can0 0800A6A9#0000000000000000
(1779322087.477275) can0 1000A6A9#0D028813324A4A4A
(1779322087.478307) can0 1C00A6A9#0000000000030000
(1779322087.479320) can0 02018100#1003020D00000000
(1779322087.480330) can0 02028100#0000003264000000
(1779322087.481301) can0 02038100#0CD601100CD30107
(1779322087.482314) can0 02048100#4A01014A01010000
(1779322087.483193) can0 1AD#8714000059321818
(1779322087.484189) can0 2AD#D60C800C87140016
(1779322087.485217) can0 3AD#0000000000008714
(1779322087.486230) can0 4AD#EB00000000000000
(1779322087.487231) can0 76A#7F00000000000000
(1779322087.549845) can0 0000E005#1702440003B60591
(1779322087.550402) can0 1806E5F4#13CC010003B6023A
(1779322087.551305) can0 0000E000#13CC13CC020D0000
(1779322087.552304) can0 0000E004#181803B603B601E1
(1779322087.553278) can0 0000E006#0CD50CD50CD50CD5
(1779322087.554285) can0 0000E007#0CD50CD50CD30CD5
(1779322087.555279) can0 0000E008#0CD50CD50CD50CD3
(1779322087.556278) can0 0000E009#0CD50CD50CD50CD6
(1779322087.557337) can0 0000E010#0000000000000000
(1779322087.558324) can0 0000E011#0000000000000000
(1779322087.559305) can0 0000E012#0CD4000200000000
(1779322087.560324) can0 0000F001#0000000000000000
(1779322087.561324) can0 18FF28F4#10320000020D0000
(1779322087.562286) can0 18FE28F4#0CD60CD340400000
(1779322087.563299) can0 18FD28F4#1702FA6F00000000
(1779322087.564215) can0 4D4#000032007D0D0203
(1779322087.565210) can0 4D5#D30CD60C40400000
(1779322087.566292) can0 18914010#0CD6100CD3070000
(1779322087.567292) can0 18904010#020D020D753001FA
(1779322087.568305) can0 18FA28F4#123EA12C10270000
(1779322087.569286) can0 18FB28F4#D60CD30C40400000
(1779322087.570324) can0 18FC28F4#383200000D020000
(1779322087.571286) can0 18F810F3#0D02E80332640100
(1779322087.572318) can0 18F815F3#0000000010030000
(1779322087.573235) can0 273#000000000D023200
(1779322087.574203) can0 1E1#020D271001FA01FA
(1779322087.575230) can0 1F5#0000000000000000
(1779322087.576312) can0 0800A6A9#0000000000000000
(1779322087.577271) can0 1000A6A9#0D028813324A4A4A
(1779322087.578306) can0 1C00A6A9#0000000000030000
(1779322087.579325) can0 02018100#1003020D00000000
(1779322087.580318) can0 02028100#0000003264000000
(1779322087.581331) can0 02038100#0CD601100CD30107
(1779322087.582299) can0 02048100#4A01014A01010000
(1779322087.583198) can0 1AD#8714000059321818
(1779322087.584197) can0 2AD#D60C800C87140016
(1779322087.585210) can0 3AD#0000000000008714
(1779322087.586223) can0 4AD#EB00000000000000
(1779322087.587217) can0 76A#7F00000000000000
(1779322087.666854) can0 0000E005#1702440003B60591
(1779322087.667418) can0 1806E5F4#13CC010003B6023A
(1779322087.668304) can0 0000E000#13CC13CC020D0000
(1779322087.669285) can0 0000E004#181803B603B601E1
(1779322087.670285) can0 0000E006#0CD50CD30CD50CD5
(1779322087.671261) can0 0000E007#0CD30CD30CD50CD5
(1779322087.672285) can0 0000E008#0CD50CD50CD50CD5
(1779322087.673266) can0 0000E009#0CD50CD30CD50CD6
(1779322087.674380) can0 0000E010#0000000000000000
(1779322087.675329) can0 0000E011#0000000000000000
(1779322087.676310) can0 0000E012#0CD4000200000000
(1779322087.677273) can0 0000E013#4542323630354C43
(1779322087.678304) can0 0000E014#3134323300000000
(1779322087.679315) can0 0000E015#0000000000000003
(1779322087.680317) can0 0000F000#0000000000000000
(1779322087.681318) can0 0000F001#0000000000000000
(1779322087.682317) can0 18FF28F4#10320000020D0000
(1779322087.683276) can0 18FE28F4#0CD60CD340400000
(1779322087.684298) can0 18FD28F4#1702FA6F00000000
(1779322087.685215) can0 4D4#000032007D0D0203
(1779322087.686196) can0 4D5#D30CD60C40400000
(1779322087.687292) can0 18914010#0CD6100CD3020000
(1779322087.688292) can0 18904010#020D020D753001FA
(1779322087.689305) can0 18924010#4001400100000000
(1779322087.690304) can0 18934010#0000005C0000BC19
(1779322087.691300) can0 18944010#1003000000000000
(1779322087.692331) can0 18954010#0000000000000000
(1779322087.693331) can0 18954010#0100000000000000
(1779322087.694311) can0 18954010#0200000000000000
(1779322087.695307) can0 18954010#0300000000000000
(1779322087.696312) can0 18954010#0400000000000000
(1779322087.697312) can0 18954010#0500000000000000
(1779322087.698305) can0 18964010#0040404000000000
(1779322087.699318) can0 18974010#0000000000000000
(1779322087.700318) can0 18984010#0000000000000000
(1779322087.701279) can0 18FA28F4#123EA12C10270000
(1779322087.702280) can0 18FB28F4#D60CD30C40400000
(1779322087.703301) can0 18FC28F4#383200000D020000
(1779322087.704287) can0 18F810F3#0D02E80332640100
(1779322087.705286) can0 18F811F3#D60C1001D30C0201
(1779322087.706299) can0 18F812F3#4001014001010000
(1779322087.707305) can0 18F813F3#0101000000000000
(1779322087.708293) can0 18F814F3#3200EA1AA9015F00
(1779322087.709306) can0 18F815F3#0000000010030000
(1779322087.710210) can0 273#000000000D023200
(1779322087.711204) can0 1E1#020D271001FA01FA
(1779322087.712236) can0 1F5#0000000000000000
(1779322087.713313) can0 0800A6A9#0000000000000000
(1779322087.714280) can0 1000A6A9#0D028813324A4A4A
(1779322087.715302) can0 1C00A6A9#0000000000030000
(1779322087.716306) can0 02018100#1003020D00000000
(1779322087.717319) can0 02028100#0000003264000000
(1779322087.718306) can0 02038100#0CD601100CD30102
(1779322087.719318) can0 02048100#4A01014A01010000
(1779322087.720184) can0 1AD#8714000059321818
(1779322087.721185) can0 2AD#D60C800C87140016
(1779322087.722217) can0 3AD#0000000000008714
(1779322087.723217) can0 4AD#EB00000000000000
(1779322087.724211) can0 76A#7F00000000000000
(1779322087.782914) can0 0000E005#1702440003B60591
(1779322087.783447) can0 1806E5F4#13CC010003B6023A
(1779322087.784299) can0 0000E000#13CC13CC020D0000
(1779322087.785291) can0 0000E004#181803B603B601E1
(1779322087.786272) can0 0000E006#0CD50CD30CD50CD5
(1779322087.787272) can0 0000E007#0CD30CD30CD50CD5
(1779322087.788279) can0 0000E008#0CD50CD50CD50CD5
(1779322087.789265) can0 0000E009#0CD50CD30CD50CD6
(1779322087.790329) can0 0000E010#0000000000000000
(1779322087.791330) can0 0000E011#0000000000000000
(1779322087.792310) can0 0000E012#0CD4000200000000
(1779322087.793323) can0 0000F001#0000000000000000
(1779322087.794307) can0 18FF28F4#10320000020D0000
(1779322087.795295) can0 18FE28F4#0CD60CD340400000
(1779322087.796316) can0 18FD28F4#1702FA6F00000000
(1779322087.797211) can0 4D4#000032007D0D0203
(1779322087.798220) can0 4D5#D30CD60C40400000
(1779322087.799296) can0 18914010#0CD6100CD3020000
(1779322087.800283) can0 18904010#020D020D753001FA
(1779322087.801309) can0 18FA28F4#123EA12C10270000
(1779322087.802293) can0 18FB28F4#D60CD30C40400000
(1779322087.803314) can0 18FC28F4#383200000D020000
(1779322087.804325) can0 18F810F3#0D02E80332640100
(1779322087.805328) can0 18F815F3#0000000010030000
(1779322087.806210) can0 273#000000000D023200
(1779322087.807209) can0 1E1#020D271001FA01FA
(1779322087.808215) can0 1F5#0000000000000000
(1779322087.809318) can0 0800A6A9#0000000000000000
(1779322087.810266) can0 1000A6A9#0D028813324A4A4A
(1779322087.811299) can0 1C00A6A9#0000000000030000
(1779322087.812344) can0 02018100#1003020D00000000
(1779322087.813312) can0 02028100#0000003264000000
(1779322087.814293) can0 02038100#0CD601100CD30102
(1779322087.815288) can0 02048100#4A01014A01010000
(1779322087.816190) can0 1AD#8714000059321818
(1779322087.817184) can0 2AD#D60C800C87140016
(1779322087.818215) can0 3AD#0000000000008714
(1779322087.819216) can0 4AD#EB00000000000000
(1779322087.820255) can0 76A#7F00000000000000
(1779322087.882851) can0 0000E005#1702440003B60591
(1779322087.883400) can0 1806E5F4#13CC010003B6023A
(1779322087.884302) can0 0000E000#13CC13CC020D0000
(1779322087.885278) can0 0000E004#181803B603B601E1
(1779322087.886270) can0 0000E006#0CD50CD30CD50CD5
(1779322087.887263) can0 0000E007#0CD30CD30CD50CD5
(1779322087.888277) can0 0000E008#0CD50CD50CD50CD5
(1779322087.889295) can0 0000E009#0CD50CD30CD50CD6
(1779322087.890328) can0 0000E010#0000000000000000
(1779322087.891321) can0 0000E011#0000000000000000
(1779322087.892310) can0 0000E012#0CD4000200000000
(1779322087.893319) can0 0000F001#0000000000000000
(1779322087.894303) can0 18FF28F4#10320000020D0000
(1779322087.895284) can0 18FE28F4#0CD60CD340400000
(1779322087.896303) can0 18FD28F4#1702FA6F00000000
(1779322087.897247) can0 4D4#000032007D0D0203
(1779322087.898200) can0 4D5#D30CD60C40400000
(1779322087.899277) can0 18914010#0CD6100CD3020000
(1779322087.900278) can0 18904010#020D020D753001FA
(1779322087.901290) can0 18FA28F4#123EA12C10270000
(1779322087.902271) can0 18FB28F4#D60CD30C40400000
(1779322087.903303) can0 18FC28F4#383200000D020000
(1779322087.904272) can0 18F810F3#0D02E80332640100
(1779322087.905348) can0 18F815F3#0000000010030000
(1779322087.906200) can0 273#000000000D023200
(1779322087.907182) can0 1E1#020D271001FA01FA
(1779322087.908210) can0 1F5#0000000000000000
(1779322087.909310) can0 0800A6A9#0000000000000000
(1779322087.910258) can0 1000A6A9#0D028813324A4A4A
(1779322087.911291) can0 1C00A6A9#0000000000030000
(1779322087.912303) can0 02018100#1003020D00000000
(1779322087.913303) can0 02028100#0000003264000000
(1779322087.914284) can0 02038100#0CD601100CD30102
(1779322087.915284) can0 02048100#4A01014A01010000
(1779322087.916177) can0 1AD#8714000059321818
(1779322087.917182) can0 2AD#D60C800C87140016
(1779322087.918207) can0 3AD#0000000000008714
(1779322087.919208) can0 4AD#EB00000000000000
(1779322087.920217) can0 76A#7F00000000000000
(1779322087.982862) can0 0000E005#1702440003B60591
(1779322087.983405) can0 1806E5F4#13CC010003B6023A
(1779322087.984288) can0 0000E000#13CC13CC020D0000
(1779322087.985287) can0 0000E004#181803B603B601E1
(1779322087.986268) can0 0000E006#0CD30CD50CD30CD3
(1779322087.987262) can0 0000E007#0CD30CD50CD30CD5
(1779322087.988262) can0 0000E008#0CD50CD50CD50CD5
(1779322087.989253) can0 0000E009#0CD50CD50CD30CD6
(1779322087.990320) can0 0000E010#0000000000000000
(1779322087.991304) can0 0000E011#0000000000000000
(1779322087.992301) can0 0000E012#0CD4000200000000
(1779322087.993306) can0 0000F001#0000000000000000
(1779322087.994295) can0 18FF28F4#10320000020D0000
(1779322087.995276) can0 18FE28F4#0CD60CD340400000
(1779322087.996295) can0 18FD28F4#1702FA6F00000000
(1779322087.997193) can0 4D4#000032007D0D0203
(1779322087.998195) can0 4D5#D30CD60C40400000
(1779322087.999269) can0 18914010#0CD6100CD3010000
(1779322088.000270) can0 18904010#020D020D753001FA
(1779322088.001277) can0 18FA28F4#123EA12C10270000
(1779322088.002268) can0 18FB28F4#D60CD30C40400000
(1779322088.003302) can0 18FC28F4#383200000D020000
(1779322088.004263) can0 18F810F3#0D02E80332640100
(1779322088.005306) can0 18F815F3#0000000010030000
(1779322088.006202) can0 273#000000000D023200
(1779322088.007193) can0 1E1#020D271001FA01FA
(1779322088.008213) can0 1F5#0000000000000000
(1779322088.009308) can0 0800A6A9#0000000000000000
(1779322088.010257) can0 1000A6A9#0D028813324A4A4A
(1779322088.011302) can0 1C00A6A9#0000000000030000
(1779322088.012301) can0 02018100#1003020D00000000
(1779322088.013294) can0 02028100#0000003264000000
(1779322088.014283) can0 02038100#0CD601100CD30101
(1779322088.015277) can0 02048100#4A01014A01010000
(1779322088.016181) can0 1AD#8714000059321818
(1779322088.017170) can0 2AD#D60C800C87140016
(1779322088.018206) can0 3AD#0000000000008714
(1779322088.019219) can0 4AD#EB00000000000000
(1779322088.020220) can0 76A#7F00000000000000
(1779322088.082894) can0 0000E005#1702440003B60591
(1779322088.083441) can0 1806E5F4#13CC010003B6023A
(1779322088.084292) can0 0000E000#13CC13CC020D0000
(1779322088.085281) can0 0000E004#181803B603B601E1
(1779322088.086251) can0 0000E006#0CD30CD50CD30CD3
(1779322088.087255) can0 0000E007#0CD30CD50CD30CD5
(1779322088.088273) can0 0000E008#0CD50CD50CD50CD5
(1779322088.089254) can0 0000E009#0CD50CD50CD30CD6
(1779322088.090311) can0 0000E010#0000000000000000
(1779322088.091300) can0 0000E011#0000000000000000
(1779322088.092299) can0 0000E012#0CD4000200000000
(1779322088.093312) can0 0000F001#0000000000000000
(1779322088.094293) can0 18FF28F4#10320000020D0000
(1779322088.095281) can0 18FE28F4#0CD60CD340400000
(1779322088.096294) can0 18FD28F4#1702FA6F00000000
(1779322088.097191) can0 4D4#000032007D0D0203
(1779322088.098169) can0 4D5#D30CD60C40400000
(1779322088.099274) can0 18914010#0CD6100CD3010000
(1779322088.100267) can0 18904010#020D020D753001FA
(1779322088.101287) can0 18FA28F4#123EA12C10270000
(1779322088.102259) can0 18FB28F4#D60CD30C40400000
(1779322088.103300) can0 18FC28F4#383200000D020000
(1779322088.104281) can0 18F810F3#0D02E80332640100
(1779322088.105313) can0 18F815F3#0000000010030000
(1779322088.106198) can0 273#000000000D023200
(1779322088.107191) can0 1E1#020D271001FA01FA
(1779322088.108211) can0 1F5#0000000000000000
(1779322088.109306) can0 0800A6A9#0000000000000000
(1779322088.110254) can0 1000A6A9#0D028813324A4A4A
(1779322088.111288) can0 1C00A6A9#0000000000030000
(1779322088.112332) can0 02018100#1003020D00000000
(1779322088.113300) can0 02028100#0000003264000000
(1779322088.114274) can0 02038100#0CD601100CD30101
(1779322088.115275) can0 02048100#4A01014A01010000
(1779322088.116179) can0 1AD#8714000059321818
(1779322088.117173) can0 2AD#D60C800C87140016
(1779322088.118205) can0 3AD#0000000000008714
(1779322088.119198) can0 4AD#EB00000000000000
(1779322088.120243) can0 76A#7F00000000000000
(1779322088.199890) can0 0000E005#1702440003B60591
(1779322088.200436) can0 1806E5F4#13CC010003B6023A
(1779322088.201292) can0 0000E000#13CC13CC020D0000
(1779322088.202275) can0 0000E004#181803B603B601E1
(1779322088.203254) can0 0000E006#0CD50CD30CD50CD5
(1779322088.204249) can0 0000E007#0CD30CD50CD30CD3
(1779322088.205318) can0 0000E008#0CD50CD50CD50CD5
(1779322088.206267) can0 0000E009#0CD50CD50CD50CD6
(1779322088.207312) can0 0000E010#0000000000000000
(1779322088.208312) can0 0000E011#0000000000000000
(1779322088.209300) can0 0000E012#0CD4000200000000
(1779322088.210261) can0 0000E013#4542323630354C43
(1779322088.211287) can0 0000E014#3134323300000000
(1779322088.212296) can0 0000E015#0000000000000003
(1779322088.213300) can0 0000F000#0000000000000000
(1779322088.214304) can0 0000F001#0000000000000000
(1779322088.215300) can0 18FF28F4#10320000020D0000
(1779322088.216263) can0 18FE28F4#0CD60CD340400000
(1779322088.217280) can0 18FD28F4#1702FA6F00000000
(1779322088.218197) can0 4D4#000032007D0D0203
(1779322088.219178) can0 4D5#D30CD60C40400000
(1779322088.220275) can0 18914010#0CD6100CD3020000
(1779322088.221274) can0 18904010#020D020D753001FA
(1779322088.222286) can0 18924010#4001400100000000
(1779322088.223286) can0 18934010#0000005D0000BC19
(1779322088.224283) can0 18944010#1003000000000000
(1779322088.225313) can0 18954010#0000000000000000
(1779322088.226314) can0 18954010#0100000000000000
(1779322088.227294) can0 18954010#0200000000000000
(1779322088.228288) can0 18954010#0300000000000000
(1779322088.229293) can0 18954010#0400000000000000
(1779322088.230294) can0 18954010#0500000000000000
(1779322088.231287) can0 18964010#0040404000000000
(1779322088.232300) can0 18974010#0000000000000000
(1779322088.233301) can0 18984010#0000000000000000
(1779322088.234262) can0 18FA28F4#123EA12C10270000
(1779322088.235262) can0 18FB28F4#D60CD30C40400000
(1779322088.236283) can0 18FC28F4#383200000D020000
(1779322088.237274) can0 18F810F3#0D02E80332640100
(1779322088.238269) can0 18F811F3#D60C1001D30C0201
(1779322088.239282) can0 18F812F3#4001014001010000
(1779322088.240288) can0 18F813F3#0101000000000000
(1779322088.241275) can0 18F814F3#3200EA1AA9015F00
(1779322088.242306) can0 18F815F3#0000000010030000
(1779322088.243192) can0 273#000000000D023200
(1779322088.244185) can0 1E1#020D271001FA01FA
(1779322088.245217) can0 1F5#0000000000000000
(1779322088.246295) can0 0800A6A9#0000000000000000
(1779322088.247263) can0 1000A6A9#0D028813324A4A4A
(1779322088.248290) can0 1C00A6A9#0000000000030000
(1779322088.249289) can0 02018100#1003020D00000000
(1779322088.250307) can0 02028100#0000003264000000
(1779322088.251289) can0 02038100#0CD601100CD30102
(1779322088.252282) can0 02048100#4A01014A01010000
(1779322088.253173) can0 1AD#8714000059321818
(1779322088.254167) can0 2AD#D60C800C87140016
(1779322088.255199) can0 3AD#0000000000008714
(1779322088.256199) can0 4AD#EB00000000000000
(1779322088.257199) can0 76A#7F00000000000000
(1779322088.315840) can0 0000E005#1702440003B60591
(1779322088.316388) can0 1806E5F4#13CC010003B6023A
(1779322088.317287) can0 0000E000#13CC13CC020D0000
(1779322088.318272) can0 0000E004#181803B603B601E1
(1779322088.319267) can0 0000E006#0CD50CD30CD50CD5
(1779322088.320247) can0 0000E007#0CD30CD50CD30CD3
(1779322088.321261) can0 0000E008#0CD50CD50CD50CD5
(1779322088.322247) can0 0000E009#0CD50CD50CD50CD6
(1779322088.323312) can0 0000E010#0000000000000000
(1779322088.324311) can0 0000E011#0000000000000000
(1779322088.325292) can0 0000E012#0CD4000200000000
(1779322088.326304) can0 0000F001#0000000000000000
(1779322088.327305) can0 18FF28F4#10320000020D0000
(1779322088.328272) can0 18FE28F4#0CD60CD340400000
(1779322088.329279) can0 18FD28F4#1702FA6F00000000
(1779322088.330183) can0 4D4#000032007D0D0203
(1779322088.331183) can0 4D5#D30CD60C40400000
(1779322088.332262) can0 18914010#0CD6100CD3020000
(1779322088.333255) can0 18904010#020D020D753001FA
(1779322088.334279) can0 18FA28F4#123EA12C10270000
(1779322088.335292) can0 18FB28F4#D60CD30C40400000
(1779322088.336293) can0 18FC28F4#383200000D020000
(1779322088.337254) can0 18F810F3#0D02E80332640100
(1779322088.338287) can0 18F815F3#0000000010030000
(1779322088.339190) can0 273#000000000D023200
(1779322088.340171) can0 1E1#020D271001FA01FA
(1779322088.341196) can0 1F5#0000000000000000
(1779322088.342299) can0 0800A6A9#0000000000000000
(1779322088.343280) can0 1000A6A9#0D028813324A4A4A
(1779322088.344280) can0 1C00A6A9#0000000000030000
(1779322088.345284) can0 02018100#1003020D00000000
(1779322088.346293) can0 02028100#0000003264000000
(1779322088.347274) can0 02038100#0CD601100CD30102
(1779322088.348267) can0 02048100#4A01014A01010000
(1779322088.349171) can0 1AD#8714000059321818
(1779322088.350165) can0 2AD#D60C800C87140016
(1779322088.351229) can0 3AD#0000000000008714
(1779322088.352191) can0 4AD#EB00000000000000
(1779322088.353188) can0 76A#7F00000000000000
(1779322088.415825) can0 0000E005#1702440003B60591
(1779322088.416381) can0 1806E5F4#13CC010003B6023A
(1779322088.417271) can0 0000E000#13CC13CC020D0000
(1779322088.418265) can0 0000E004#181803B603B601E1
(1779322088.419252) can0 0000E006#0CD50CD30CD50CD5
(1779322088.420277) can0 0000E007#0CD30CD50CD30CD3
(1779322088.421245) can0 0000E008#0CD50CD50CD50CD5
(1779322088.422245) can0 0000E009#0CD50CD50CD50CD6
(1779322088.423291) can0 0000E010#0000000000000000
(1779322088.424290) can0 0000E011#0000000000000000
(1779322088.425272) can0 0000E012#0CD4000200000000
(1779322088.426298) can0 0000F001#0000000000000000
(1779322088.427284) can0 18FF28F4#10320000020D0000
(1779322088.428302) can0 18FE28F4#0CD60CD340400000
(1779322088.429285) can0 18FD28F4#1702FA6F00000000
(1779322088.430183) can0 4D4#000032007D0D0203
(1779322088.431163) can0 4D5#D30CD60C40400000
(1779322088.432259) can0 18914010#0CD6100CD3020000
(1779322088.433259) can0 18904010#020D020D753001FA
(1779322088.434272) can0 18FA28F4#123EA12C10270000
(1779322088.435259) can0 18FB28F4#D60CD30C40400000
(1779322088.436335) can0 18FC28F4#383200000D020000
(1779322088.437252) can0 18F810F3#0D02E80332640100
(1779322088.438277) can0 18F815F3#0000000010030000
(1779322088.439182) can0 273#000000000D023200
(1779322088.440170) can0 1E1#020D271001FA01FA
(1779322088.441195) can0 1F5#0000000000000000
(1779322088.442289) can0 0800A6A9#0000000000000000
(1779322088.443240) can0 1000A6A9#0D028813324A4A4A
(1779322088.444272) can0 1C00A6A9#0000000000030000
(1779322088.445292) can0 02018100#1003020D00000000
(1779322088.446284) can0 02028100#0000003264000000
(1779322088.447272) can0 02038100#0CD601100CD30102
(1779322088.448266) can0 02048100#4A01014A01010000
(1779322088.449169) can0 1AD#8714000059321818
(1779322088.450163) can0 2AD#D60C800C87140016
(1779322088.451196) can0 3AD#0000000000008714
(1779322088.452190) can0 4AD#EB00000000000000
(1779322088.453190) can0 76A#7F00000000000000
(1779322088.515865) can0 0000E005#1702440003B60591
(1779322088.516422) can0 1806E5F4#13CC010003B6023A
(1779322088.517276) can0 0000E000#13CC13CC020D0000
(1779322088.518256) can0 0000E004#181803B603B601E1
(1779322088.519244) can0 0000E006#0CD50CD50CD30CD5
(1779322088.520237) can0 0000E007#0CD30CD30CD50CD5
(1779322088.521257) can0 0000E008#0CD50CD50CD50CD3
(1779322088.522238) can0 0000E009#0CD50CD50CD50CD6
(1779322088.523295) can0 0000E010#0000000000000000
(1779322088.524301) can0 0000E011#0000000000000000
(1779322088.525282) can0 0000E012#0CD4000200000000
(1779322088.526295) can0 0000F001#0000000000000000
(1779322088.527271) can0 18FF28F4#10320000020D0000
(1779322088.528263) can0 18FE28F4#0CD60CD340400000
(1779322088.529276) can0 18FD28F4#1702FA6F00000000
(1779322088.530174) can0 4D4#000032007D0D0203
(1779322088.531174) can0 4D5#D30CD60C40400000
(1779322088.532257) can0 18914010#0CD6100CD3030000
(1779322088.533250) can0 18904010#020D020D753001FA
(1779322088.534264) can0 18FA28F4#123EA12C10270000
(1779322088.535243) can0 18FB28F4#D60CD30C40400000
(1779322088.536283) can0 18FC28F4#383200000D020000
(1779322088.537245) can0 18F810F3#0D02E80332640100
(1779322088.538296) can0 18F815F3#0000000010030000
(1779322088.539175) can0 273#000000000D023200
(1779322088.540175) can0 1E1#020D271001FA01FA
(1779322088.541206) can0 1F5#0000000000000000
(1779322088.542283) can0 0800A6A9#0000000000000000
(1779322088.543251) can0 1000A6A9#0D028813324A4A4A
(1779322088.544283) can0 1C00A6A9#0000000000030000
(1779322088.545283) can0 02018100#1003020D00000000
(1779322088.546275) can0 02028100#0000003264000000
(1779322088.547258) can0 02038100#0CD601100CD30103
(1779322088.548271) can0 02048100#4A01014A01010000
(1779322088.549155) can0 1AD#8714000059321818
(1779322088.550165) can0 2AD#D60C800C87140016
(1779322088.551182) can0 3AD#0000000000008714
(1779322088.552194) can0 4AD#EB00000000000000
(1779322088.553194) can0 76A#7F00000000000000
(1779322088.615821) can0 0000E005#1702440003B60591
(1779322088.616377) can0 1806E5F4#13CC010003B6023A
(1779322088.617262) can0 0000E000#13CC13CC020D0000
(1779322088.618261) can0 0000E004#181803B603B601E1
(1779322088.619242) can0 0000E006#0CD50CD50CD30CD5
(1779322088.620242) can0 0000E007#0CD30CD30CD50CD5
(1779322088.621242) can0 0000E008#0CD50CD50CD50CD3
(1779322088.622236) can0 0000E009#0CD50CD50CD50CD6
(1779322088.623282) can0 0000E010#0000000000000000
(1779322088.624287) can0 0000E011#0000000000000000
(1779322088.625268) can0 0000E012#0CD4000200000000
(1779322088.626300) can0 0000F001#0000000000000000
(1779322088.627281) can0 18FF28F4#10320000020D0000
(1779322088.628262) can0 18FE28F4#0CD60CD340400000
(1779322088.629275) can0 18FD28F4#1702FA6F00000000
(1779322088.630179) can0 4D4#000032007D0D0203
(1779322088.631157) can0 4D5#D30CD60C40400000
(1779322088.632255) can0 18914010#0CD6100CD3030000
(1779322088.633256) can0 18904010#020D020D753001FA
(1779322088.634256) can0 18FA28F4#123EA12C10270000
(1779322088.635262) can0 18FB28F4#D60CD30C40400000
(1779322088.636281) can0 18FC28F4#383200000D020000
(1779322088.637250) can0 18F810F3#0D02E80332640100
(1779322088.638282) can0 18F815F3#0000000010030000
(1779322088.639180) can0 273#000000000D023200
(1779322088.640176) can0 1E1#020D271001FA01FA
(1779322088.641192) can0 1F5#0000000000000000
(1779322088.642276) can0 0800A6A9#0000000000000000
(1779322088.643264) can0 1000A6A9#0D028813324A4A4A
(1779322088.644269) can0 1C00A6A9#0000000000030000
(1779322088.645288) can0 02018100#1003020D00000000
(1779322088.646282) can0 02028100#0000003264000000
(1779322088.647261) can0 02038100#0CD601100CD30103
(1779322088.648263) can0 02048100#4A01014A01010000
(1779322088.649161) can0 1AD#8714000059321818
(1779322088.650164) can0 2AD#D60C800C87140016
(1779322088.651219) can0 3AD#0000000000008714
(1779322088.652187) can0 4AD#EB00000000000000
(1779322088.653181) can0 76A#7F00000000000000
(1779322088.732846) can0 0000E005#1702440003B60591
(1779322088.733397) can0 1806E5F4#13CC010003B6023A
(1779322088.734274) can0 0000E000#13CC13CC020D0000
(1779322088.735254) can0 0000E004#181803B603B601E1
(1779322088.736287) can0 0000E006#0CD50CD30CD30CD5
(1779322088.737236) can0 0000E007#0CD30CD50CD50CD5
(1779322088.738236) can0 0000E008#0CD50CD50CD30CD3
(1779322088.739244) can0 0000E009#0CD30CD50CD50CD6
(1779322088.740299) can0 0000E010#0000000000000000
(1779322088.741280) can0 0000E011#0000000000000000
(1779322088.742280) can0 0000E012#0CD4000200000000
(1779322088.743243) can0 0000E013#4542323630354C43
(1779322088.744306) can0 0000E014#3134323300000000
(1779322088.745287) can0 0000E015#0000000000000003
(1779322088.746287) can0 0000F000#0000000000000000
(1779322088.747287) can0 0000F001#0000000000000000
(1779322088.748268) can0 18FF28F4#10320000020D0000
(1779322088.749244) can0 18FE28F4#0CD60CD340400000
(1779322088.750268) can0 18FD28F4#1702FA6F00000000
(1779322088.751185) can0 4D4#000032007D0D0203
(1779322088.752165) can0 4D5#D30CD60C40400000
(1779322088.753262) can0 18914010#0CD6100CD3020000
(1779322088.754255) can0 18904010#020D020D753001FA
(1779322088.755274) can0 18924010#4001400100000000
(1779322088.756275) can0 18934010#0000005E0000BC19
(1779322088.757269) can0 18944010#1003000000000000
(1779322088.758287) can0 18954010#0000000000000000
(1779322088.759284) can0 18954010#0100000000000000
(1779322088.760281) can0 18954010#0200000000000000
(1779322088.761276) can0 18954010#0300000000000000
(1779322088.762283) can0 18954010#0400000000000000
(1779322088.763275) can0 18954010#0500000000000000
(1779322088.764275) can0 18964010#0040404000000000
(1779322088.765289) can0 18974010#0000000000000000
(1779322088.766281) can0 18984010#0000000000000000
(1779322088.767250) can0 18FA28F4#123EA12C10270000
(1779322088.768243) can0 18FB28F4#D60CD30C40400000
(1779322088.769270) can0 18FC28F4#383200000D020000
(1779322088.770244) can0 18F810F3#0D02E80332640100
(1779322088.771257) can0 18F811F3#D60C1001D30C0201
(1779322088.772249) can0 18F812F3#4001014001010000
(1779322088.773276) can0 18F813F3#0101000000000000
(1779322088.774243) can0 18F814F3#3200EA1AA9015F00
(1779322088.775275) can0 18F815F3#0000000010030000
(1779322088.776174) can0 273#000000000D023200
(1779322088.777153) can0 1E1#020D271001FA01FA
(1779322088.778185) can0 1F5#0000000000000000
(1779322088.779282) can0 0800A6A9#0000000000000000
(1779322088.780232) can0 1000A6A9#0D028813324A4A4A
(1779322088.781271) can0 1C00A6A9#0000000000030000
(1779322088.782276) can0 02018100#1003020D00000000
(1779322088.783276) can0 02028100#0000003264000000
(1779322088.784256) can0 02038100#0CD601100CD30102
(1779322088.785254) can0 02048100#4A01014A01010000
(1779322088.786154) can0 1AD#8714000059321818
(1779322088.787155) can0 2AD#D60C800C87140016
(1779322088.788167) can0 3AD#0000000000008714
(1779322088.789199) can0 4AD#EB00000000000000
(1779322088.790180) can0 76A#7F00000000000000
(1779322088.848824) can0 0000E005#1702440003B60591
(1779322088.849371) can0 1806E5F4#13CC010003B6023A
(1779322088.850267) can0 0000E000#13CC13CC020D0000
(1779322088.851255) can0 0000E004#181803B603B601E1
(1779322088.852235) can0 0000E006#0CD50CD30CD30CD5
(1779322088.853234) can0 0000E007#0CD30CD50CD50CD5
(1779322088.854224) can0 0000E008#0CD50CD50CD30CD3
(1779322088.855228) can0 0000E009#0CD30CD50CD50CD6
(1779322088.856280) can0 0000E010#0000000000000000
(1779322088.857273) can0 0000E011#0000000000000000
(1779322088.858273) can0 0000E012#0CD4000200000000
(1779322088.859286) can0 0000F001#0000000000000000
(1779322088.860273) can0 18FF28F4#10320000020D0000
(1779322088.861254) can0 18FE28F4#0CD60CD340400000
(1779322088.862260) can0 18FD28F4#1702FA6F00000000
(1779322088.863194) can0 4D4#000032007D0D0203
(1779322088.864173) can0 4D5#D30CD60C40400000
(1779322088.865277) can0 18914010#0CD6100CD3020000
(1779322088.866292) can0 18904010#020D020D753001FA
(1779322088.867279) can0 18FA28F4#123EA12C10270000
(1779322088.868262) can0 18FB28F4#D60CD30C40400000
(1779322088.869293) can0 18FC28F4#383200000D020000
(1779322088.870258) can0 18F810F3#0D02E80332640100
(1779322088.871279) can0 18F815F3#0000000010030000
(1779322088.872176) can0 273#000000000D023200
(1779322088.873156) can0 1E1#020D271001FA01FA
(1779322088.874223) can0 1F5#0000000000000000
(1779322088.875287) can0 0800A6A9#0000000000000000
(1779322088.876234) can0 1000A6A9#0D028813324A4A4A
(1779322088.877264) can0 1C00A6A9#0000000000030000
(1779322088.878273) can0 02018100#1003020D00000000
(1779322088.879278) can0 02028100#0000003264000000
(1779322088.880257) can0 02038100#0CD601100CD30102
(1779322088.881253) can0 02048100#4A01014A01010000
(1779322088.882190) can0 1AD#8714000059321818
(1779322088.883151) can0 2AD#D60C800C87140016
(1779322088.884183) can0 3AD#0000000000008714
(1779322088.885185) can0 4AD#EB00000000000000
(1779322088.886183) can0 76A#7F00000000000000
(1779322088.948866) can0 0000E005#1702440003B60591
(1779322088.949407) can0 1806E5F4#13CC010003B6023A
(1779322088.950259) can0 0000E000#13CC13CC020D0000
(1779322088.951273) can0 0000E004#181803B603B601E1
(1779322088.952224) can0 0000E006#0CD50CD30CD30CD5
(1779322088.953241) can0 0000E007#0CD30CD50CD50CD5
(1779322088.954235) can0 0000E008#0CD50CD50CD30CD3
(1779322088.955221) can0 0000E009#0CD30CD50CD50CD6
(1779322088.956286) can0 0000E010#0000000000000000
(1779322088.957278) can0 0000E011#0000000000000000
(1779322088.958263) can0 0000E012#0CD4000200000000
(1779322088.959304) can0 0000F001#0000000000000000
(1779322088.960260) can0 18FF28F4#10320000020D0000
(1779322088.961242) can0 18FE28F4#0CD60CD340400000
(1779322088.962261) can0 18FD28F4#1702FA6F00000000
(1779322088.963170) can0 4D4#000032007D0D0203
(1779322088.964157) can0 4D5#D30CD60C40400000
(1779322088.965253) can0 18914010#0CD6100CD3020000
(1779322088.966247) can0 18904010#020D020D753001FA
(1779322088.967305) can0 18FA28F4#123EA12C10270000
(1779322088.968252) can0 18FB28F4#D60CD30C40400000
(1779322088.969260) can0 18FC28F4#383200000D020000
(1779322088.970247) can0 18F810F3#0D02E80332640100
(1779322088.971273) can0 18F815F3#0000000010030000
(1779322088.972184) can0 273#000000000D023200
(1779322088.973159) can0 1E1#020D271001FA01FA
(1779322088.974193) can0 1F5#0000000000000000
(1779322088.975318) can0 0800A6A9#0000000000000000
(1779322088.976235) can0 1000A6A9#0D028813324A4A4A
(1779322088.977267) can0 1C00A6A9#0000000000030000
(1779322088.978267) can0 02018100#1003020D00000000
(1779322088.979260) can0 02028100#0000003264000000
(1779322088.980260) can0 02038100#0CD601100CD30102
(1779322088.981253) can0 02048100#4A01014A01010000
(1779322088.982139) can0 1AD#8714000059321818
(1779322088.983152) can0 2AD#D60C800C87140016
(1779322088.984166) can0 3AD#0000000000008714
(1779322088.985179) can0 4AD#EB00000000000000
(1779322088.986178) can0 76A#7F00000000000000
(1779322089.048856) can0 0000E005#1702440003B60591
(1779322089.049402) can0 1806E5F4#13CC010003B6023A
(1779322089.050257) can0 0000E000#13CC13CC020D0000
(1779322089.051240) can0 0000E004#181803B603B601E1
(1779322089.052219) can0 0000E006#0CD50CD50CD50CD5
(1779322089.053219) can0 0000E007#0CD50CD30CD50CD5
(1779322089.054232) can0 0000E008#0CD50CD50CD50CD3
(1779322089.055231) can0 0000E009#0CD50CD50CD50CD6
(1779322089.056276) can0 0000E010#0000000000000000
(1779322089.057277) can0 0000E011#0000000000000000
(1779322089.058257) can0 0000E012#0CD4000200000000
(1779322089.059277) can0 0000F001#0000000000000000
(1779322089.060254) can0 18FF28F4#10320000020D0000
(1779322089.061238) can0 18FE28F4#0CD60CD340400000
(1779322089.062261) can0 18FD28F4#1702FA6F00000000
(1779322089.063181) can0 4D4#000032007D0D0203
(1779322089.064165) can0 4D5#D30CD60C40400000
(1779322089.065233) can0 18914010#0CD6100CD3060000
(1779322089.066252) can0 18904010#020D020D753001FA
(1779322089.067245) can0 18FA28F4#123EA12C10270000
(1779322089.068223) can0 18FB28F4#D60CD30C40400000
(1779322089.069258) can0 18FC28F4#383200000D020000
(1779322089.070226) can0 18F810F3#0D02E80332640100
(1779322089.071280) can0 18F815F3#0000000010030000
(1779322089.072152) can0 273#000000000D023200
(1779322089.073156) can0 1E1#020D271001FA01FA
(1779322089.074187) can0 1F5#0000000000000000
(1779322089.075272) can0 0800A6A9#0000000000000000
(1779322089.076220) can0 1000A6A9#0D028813324A4A4A
(1779322089.077268) can0 1C00A6A9#0000000000030000
(1779322089.078266) can0 02018100#1003020D00000000
(1779322089.079266) can0 02028100#0000003264000000
(1779322089.080240) can0 02038100#0CD601100CD30106
(1779322089.081259) can0 02048100#4A01014A01010000
(1779322089.082144) can0 1AD#8714000059321818
(1779322089.083137) can0 2AD#D60C800C87140016
(1779322089.084160) can0 3AD#0000000000008714
(1779322089.085182) can0 4AD#EB00000000000000
(1779322089.086176) can0 76A#7F00000000000000
(1779322089.148797) can0 0000E005#1702440003B60591
(1779322089.149352) can0 1806E5F4#13CC010003B6023A
(1779322089.150259) can0 0000E000#13CC13CC020D0000
(1779322089.151237) can0 0000E004#181803B603B601E1
(1779322089.152218) can0 0000E006#0CD50CD50CD50CD5
(1779322089.153213) can0 0000E007#0CD50CD30CD50CD5
(1779322089.154231) can0 0000E008#0CD50CD50CD50CD3
(1779322089.155231) can0 0000E009#0CD50CD50CD50CD6
(1779322089.156275) can0 0000E010#0000000000000000
(1779322089.157271) can0 0000E011#0000000000000000
(1779322089.158256) can0 0000E012#0CD4000200000000
(1779322089.159269) can0 0000F001#0000000000000000
(1779322089.160256) can0 18FF28F4#10320000020D0000
(1779322089.161237) can0 18FE28F4#0CD60CD340400000
(1779322089.162250) can0 18FD28F4#1702FA6F00000000
(1779322089.163167) can0 4D4#000032007D0D0203
(1779322089.164148) can0 4D5#D30CD60C40400000
(1779322089.165229) can0 18914010#0CD6100CD3060000
(1779322089.166243) can0 18904010#020D020D753001FA
(1779322089.167243) can0 18FA28F4#123EA12C10270000
(1779322089.168243) can0 18FB28F4#D60CD30C40400000
(1779322089.169251) can0 18FC28F4#383200000D020000
(1779322089.170237) can0 18F810F3#0D02E80332640100
(1779322089.171270) can0 18F815F3#0000000010030000
(1779322089.172167) can0 273#000000000D023200
(1779322089.173155) can0 1E1#020D271001FA01FA
(1779322089.174199) can0 1F5#0000000000000000
(1779322089.175263) can0 0800A6A9#0000000000000000
(1779322089.176231) can0 1000A6A9#0D028813324A4A4A
(1779322089.177257) can0 1C00A6A9#0000000000030000
(1779322089.178256) can0 02018100#1003020D00000000
(1779322089.179256) can0 02028100#0000003264000000
(1779322089.180233) can0 02038100#0CD601100CD30106
(1779322089.181251) can0 02048100#4A01014A01010000
(1779322089.182167) can0 1AD#8714000059321818
(1779322089.183148) can0 2AD#D60C800C87140016
(1779322089.184161) can0 3AD#0000000000008714
(1779322089.185175) can0 4AD#EB00000000000000
(1779322089.186174) can0 76A#7F00000000000000
(1779322089.265796) can0 0000E005#1702440003B60591
(1779322089.266347) can0 1806E5F4#13CC010003B6023A
(1779322089.267287) can0 0000E000#13CC13CC020D0000
(1779322089.268241) can0 0000E004#181803B603B601E1
(1779322089.269223) can0 0000E006#0CD50CD30CD30CD3
(1779322089.270216) can0 0000E007#0CD50CD50CD50CD5
(1779322089.271217) can0 0000E008#0CD50CD50CD50CD3
(1779322089.272217) can0 0000E009#0CD50CD50CD50CD6
(1779322089.273262) can0 0000E010#0000000000000000
(1779322089.274262) can0 0000E011#0000000000000000
(1779322089.275294) can0 0000E012#0CD4000200000000
(1779322089.276211) can0 0000E013#4542323630354C43
(1779322089.277242) can0 0000E014#3134323300000000
(1779322089.278250) can0 0000E015#0000000000000003
(1779322089.279269) can0 0000F000#0000000000000000
(1779322089.280268) can0 0000F001#0000000000000000
(1779322089.281249) can0 18FF28F4#10320000020D0000
(1779322089.282230) can0 18FE28F4#0CD60CD340400000
(1779322089.283249) can0 18FD28F4#1702FA6F00000000
(1779322089.284147) can0 4D4#000032007D0D0203
(1779322089.285146) can0 4D5#D30CD60C40400000
(1779322089.286242) can0 18914010#0CD6100CD3020000
(1779322089.287224) can0 18904010#020D020D753001FA
(1779322089.288256) can0 18924010#4001400100000000
(1779322089.289236) can0 18934010#0000005F0000BC19
(1779322089.290250) can0 18944010#1003000000000000
(1779322089.291269) can0 18954010#0000000000000000
(1779322089.292262) can0 18954010#0100000000000000
(1779322089.293262) can0 18954010#0200000000000000
(1779322089.294255) can0 18954010#0300000000000000
(1779322089.295262) can0 18954010#0400000000000000
(1779322089.296256) can0 18954010#0500000000000000
(1779322089.297256) can0 18964010#0040404000000000
(1779322089.298251) can0 18974010#0000000000000000
(1779322089.299249) can0 18984010#0000000000000000
(1779322089.300230) can0 18FA28F4#123EA12C10270000
(1779322089.301231) can0 18FB28F4#D60CD30C40400000
(1779322089.302250) can0 18FC28F4#383200000D020000
(1779322089.303224) can0 18F810F3#0D02E80332640100
(1779322089.304237) can0 18F811F3#D60C1001D30C0201
(1779322089.305231) can0 18F812F3#4001014001010000
(1779322089.306260) can0 18F813F3#0101000000000000
(1779322089.307225) can0 18F814F3#3200EA1AA9015F00
(1779322089.308257) can0 18F815F3#0000000010030000
(1779322089.309155) can0 273#000000000D023200
(1779322089.310136) can0 1E1#020D271001FA01FA
(1779322089.311167) can0 1F5#0000000000000000
(1779322089.312264) can0 0800A6A9#0000000000000000
(1779322089.313212) can0 1000A6A9#0D028813324A4A4A
(1779322089.314237) can0 1C00A6A9#0000000000030000
(1779322089.315258) can0 02018100#1003020D00000000
(1779322089.316258) can0 02028100#0000003264000000
(1779322089.317238) can0 02038100#0CD601100CD30102
(1779322089.318234) can0 02048100#4A01014A01010000
(1779322089.319136) can0 1AD#8714000059321818
(1779322089.320148) can0 2AD#D60C800C87140016
(1779322089.321149) can0 3AD#0000000000008714
(1779322089.322161) can0 4AD#EB00000000000000
(1779322089.323162) can0 76A#7F00000000000000
(1779322089.381795) can0 0000E005#1702440003B60591
(1779322089.382352) can0 1806E5F4#13CC010003B6023A
(1779322089.383232) can0 0000E000#13CC13CC020D0000
(1779322089.384235) can0 0000E004#181803B603B601E1
(1779322089.385215) can0 0000E006#0CD50CD30CD30CD3
(1779322089.386209) can0 0000E007#0CD50CD50CD50CD5
(1779322089.387205) can0 0000E008#0CD50CD50CD50CD3
(1779322089.388210) can0 0000E009#0CD50CD50CD50CD6
(1779322089.389273) can0 0000E010#0000000000000000
(1779322089.390254) can0 0000E011#0000000000000000
(1779322089.391254) can0 0000E012#0CD4000200000000
(1779322089.392268) can0 0000F001#0000000000000000
(1779322089.393248) can0 18FF28F4#10320000020D0000
(1779322089.394229) can0 18FE28F4#0CD60CD340400000
(1779322089.395241) can0 18FD28F4#1702FA6F00000000
(1779322089.396146) can0 4D4#000032007D0D0203
(1779322089.397146) can0 4D5#D30CD60C40400000
(1779322089.398223) can0 18914010#0CD6100CD3020000
(1779322089.399223) can0 18904010#020D020D753001FA
(1779322089.400236) can0 18FA28F4#123EA12C10270000
(1779322089.401223) can0 18FB28F4#D60CD30C40400000
(1779322089.402249) can0 18FC28F4#383200000D020000
(1779322089.403217) can0 18F810F3#0D02E80332640100
(1779322089.404261) can0 18F815F3#0000000010030000
(1779322089.405179) can0 273#000000000D023200
(1779322089.406146) can0 1E1#020D271001FA01FA
(1779322089.407156) can0 1F5#0000000000000000
(1779322089.408255) can0 0800A6A9#0000000000000000
(1779322089.409204) can0 1000A6A9#0D028813324A4A4A
(1779322089.410255) can0 1C00A6A9#0000000000030000
(1779322089.411246) can0 02018100#1003020D00000000
(1779322089.412250) can0 02028100#0000003264000000
(1779322089.413262) can0 02038100#0CD601100CD30102
(1779322089.414243) can0 02048100#4A01014A01010000
(1779322089.415127) can0 1AD#8714000059321818
(1779322089.416121) can0 2AD#D60C800C87140016
(1779322089.417153) can0 3AD#0000000000008714
(1779322089.418167) can0 4AD#EB00000000000000
(1779322089.419157) can0 76A#7F00000000000000
(1779322089.481850) can0 0000E005#1702440003B60591
(1779322089.482395) can0 1806E5F4#13CC010003B6023A
(1779322089.483234) can0 0000E000#13CC13CC020D0000
(1779322089.484227) can0 0000E004#181803B603B601E1
(1779322089.485214) can0 0000E006#0CD50CD30CD30CD3
(1779322089.486208) can0 0000E007#0CD50CD50CD50CD5
(1779322089.487209) can0 0000E008#0CD50CD50CD50CD3
(1779322089.488207) can0 0000E009#0CD50CD50CD50CD6
(1779322089.489254) can0 0000E010#0000000000000000
(1779322089.490285) can0 0000E011#0000000000000000
(1779322089.491234) can0 0000E012#0CD4000200000000
(1779322089.492259) can0 0000F001#0000000000000000
(1779322089.493247) can0 18FF28F4#10320000020D0000
(1779322089.494231) can0 18FE28F4#0CD60CD340400000
(1779322089.495249) can0 18FD28F4#1702FA6F00000000
(1779322089.496142) can0 4D4#000032007D0D0203
(1779322089.497125) can0 4D5#D30CD60C40400000
(1779322089.498273) can0 18914010#0CD6100CD3020000
(1779322089.499222) can0 18904010#020D020D753001FA
(1779322089.500234) can0 18FA28F4#123EA12C10270000
(1779322089.501221) can0 18FB28F4#D60CD30C40400000
(1779322089.502247) can0 18FC28F4#383200000D020000
(1779322089.503215) can0 18F810F3#0D02E80332640100
(1779322089.504262) can0 18F815F3#0000000010030000
(1779322089.505148) can0 273#000000000D023200
(1779322089.506177) can0 1E1#020D271001FA01FA
(1779322089.507158) can0 1F5#0000000000000000
(1779322089.508250) can0 0800A6A9#0000000000000000
(1779322089.509203) can0 1000A6A9#0D028813324A4A4A
(1779322089.510235) can0 1C00A6A9#0000000000030000
(1779322089.511247) can0 02018100#1003020D00000000
(1779322089.512247) can0 02028100#0000003264000000
(1779322089.513228) can0 02038100#0CD601100CD30102
(1779322089.514228) can0 02048100#4A01014A01010000
(1779322089.515127) can0 1AD#8714000059321818
(1779322089.516117) can0 2AD#D60C800C87140016
(1779322089.517152) can0 3AD#0000000000008714
(1779322089.518152) can0 4AD#EB00000000000000
(1779322089.519165) can0 76A#7F00000000000000
(1779322089.581796) can0 0000E005#1702440003B60591
(1779322089.582340) can0 1806E5F4#13CC010003B6023A
(1779322089.583290) can0 0000E000#13CC13CC020D0000
(1779322089.584219) can0 0000E004#181803B603B601E1
(1779322089.585201) can0 0000E006#0CD50CD30CD30CD3
(1779322089.586200) can0 0000E007#0CD30CD30CD50CD5
(1779322089.587213) can0 0000E008#0CD50CD50CD50CD3
(1779322089.588214) can0 0000E009#0CD50CD50CD50CD6
(1779322089.589257) can0 0000E010#0000000000000000
(1779322089.590259) can0 0000E011#0000000000000000
(1779322089.591245) can0 0000E012#0CD4000200000000
(1779322089.592258) can0 0000F001#0000000000000000
(1779322089.593232) can0 18FF28F4#10320000020D0000
(1779322089.594220) can0 18FE28F4#0CD60CD340400000
(1779322089.595240) can0 18FD28F4#1702FA6F00000000
(1779322089.596156) can0 4D4#000032007D0D0203
(1779322089.597137) can0 4D5#D30CD60C40400000
(1779322089.598233) can0 18914010#0CD6100CD3020000
(1779322089.599234) can0 18904010#020D020D753001FA
(1779322089.600227) can0 18FA28F4#123EA12C10270000
(1779322089.601221) can0 18FB28F4#D60CD30C40400000
(1779322089.602239) can0 18FC28F4#383200000D020000
(1779322089.603208) can0 18F810F3#0D02E80332640100
(1779322089.604252) can0 18F815F3#0000000010030000
(1779322089.605139) can0 273#000000000D023200
(1779322089.606138) can0 1E1#020D271001FA01FA
(1779322089.607170) can0 1F5#0000000000000000
(1779322089.608247) can0 0800A6A9#0000000000000000
(1779322089.609214) can0 1000A6A9#0D028813324A4A4A
(1779322089.610247) can0 1C00A6A9#0000000000030000
(1779322089.611247) can0 02018100#1003020D00000000
(1779322089.612265) can0 02028100#0000003264000000
(1779322089.613237) can0 02038100#0CD601100CD30102
(1779322089.614234) can0 02048100#4A01014A01010000
(1779322089.615123) can0 1AD#8714000059321818
(1779322089.616131) can0 2AD#D60C800C87140016
(1779322089.617150) can0 3AD#0000000000008714
(1779322089.618176) can0 4AD#EB00000000000000
(1779322089.619160) can0 76A#7F00000000000000
(1779322089.681803) can0 0000E005#1702440003B60591
(1779322089.682336) can0 1806E5F4#13CC010003B6023A
(1779322089.683237) can0 0000E000#13CC13CC020D0000
(1779322089.684218) can0 0000E004#181803B603B601E1
(1779322089.685198) can0 0000E006#0CD50CD30CD30CD3
(1779322089.686195) can0 0000E007#0CD30CD30CD50CD5
(1779322089.687213) can0 0000E008#0CD50CD50CD50CD3
(1779322089.688193) can0 0000E009#0CD50CD50CD50CD6
(1779322089.689256) can0 0000E010#0000000000000000
(1779322089.690251) can0 0000E011#0000000000000000
(1779322089.691238) can0 0000E012#0CD4000200000000
(1779322089.692250) can0 0000F001#0000000000000000
(1779322089.693237) can0 18FF28F4#10320000020D0000
(1779322089.694218) can0 18FE28F4#0CD60CD340400000
(1779322089.695233) can0 18FD28F4#1702FA6F00000000
(1779322089.696149) can0 4D4#000032007D0D0203
(1779322089.697129) can0 4D5#D30CD60C40400000
(1779322089.698225) can0 18914010#0CD6100CD3020000
(1779322089.699225) can0 18904010#020D020D753001FA
(1779322089.700225) can0 18FA28F4#123EA12C10270000
(1779322089.701219) can0 18FB28F4#D60CD30C40400000
(1779322089.702231) can0 18FC28F4#383200000D020000
(1779322089.703200) can0 18F810F3#0D02E80332640100
(1779322089.704251) can0 18F815F3#0000000010030000
(1779322089.705172) can0 273#000000000D023200
(1779322089.706131) can0 1E1#020D271001FA01FA
(1779322089.707162) can0 1F5#0000000000000000
(1779322089.708238) can0 0800A6A9#0000000000000000
(1779322089.709206) can0 1000A6A9#0D028813324A4A4A
(1779322089.710232) can0 1C00A6A9#0000000000030000
(1779322089.711239) can0 02018100#1003020D00000000
(1779322089.712232) can0 02028100#0000003264000000
(1779322089.713245) can0 02038100#0CD601100CD30102
(1779322089.714221) can0 02048100#4A01014A01010000
(1779322089.715110) can0 1AD#8714000059321818
(1779322089.716125) can0 2AD#D60C800C87140016
(1779322089.717136) can0 3AD#0000000000008714
(1779322089.718149) can0 4AD#EB00000000000000
(1779322089.719149) can0 76A#7F00000000000000
(1779322089.798805) can0 0000E005#1702440003B60591
(1779322089.799347) can0 1806E5F4#13CC010003B6023A
(1779322089.800225) can0 0000E000#13CC13CC020D0000
(1779322089.801222) can0 0000E004#181803B603B601E1
(1779322089.802209) can0 0000E006#0CD50CD30CD30CD3
(1779322089.803216) can0 0000E007#0CD50CD50CD50CD5
(1779322089.804197) can0 0000E008#0CD50CD50CD50CD5
(1779322089.805201) can0 0000E009#0CD50CD50CD50CD6
(1779322089.806299) can0 0000E010#0000000000000000
(1779322089.807246) can0 0000E011#0000000000000000
(1779322089.808231) can0 0000E012#0CD4000200000000
(1779322089.809197) can0 0000E013#4542323630354C43
(1779322089.810235) can0 0000E014#3134323300000000
(1779322089.811243) can0 0000E015#0000000000000003
(1779322089.812249) can0 0000F000#0000000000000000
(1779322089.813252) can0 0000F001#0000000000000000
(1779322089.814282) can0 18FF28F4#10320000020D0000
(1779322089.815213) can0 18FE28F4#0CD60CD340400000
(1779322089.816223) can0 18FD28F4#1702FA6F00000000
(1779322089.817134) can0 4D4#000032007D0D0203
(1779322089.818130) can0 4D5#D30CD60C40400000
(1779322089.819207) can0 18914010#0CD6100CD3020000
(1779322089.820207) can0 18904010#020D020D753001FA
(1779322089.821238) can0 18924010#4001400100000000
(1779322089.822238) can0 18934010#000000600000BC19
(1779322089.823233) can0 18944010#1003000000000000
(1779322089.824251) can0 18954010#0000000000000000
(1779322089.825252) can0 18954010#0100000000000000
(1779322089.826245) can0 18954010#0200000000000000
(1779322089.827244) can0 18954010#0300000000000000
(1779322089.828245) can0 18954010#0400000000000000
(1779322089.829239) can0 18954010#0500000000000000
(1779322089.830239) can0 18964010#0040404000000000
(1779322089.831240) can0 18974010#0000000000000000
(1779322089.832233) can0 18984010#0000000000000000
(1779322089.833213) can0 18FA28F4#123EA12C10270000
(1779322089.834214) can0 18FB28F4#D60CD30C40400000
(1779322089.835235) can0 18FC28F4#383200000D020000
(1779322089.836211) can0 18F810F3#0D02E80332640100
(1779322089.837220) can0 18F811F3#D60C1001D30C0201
(1779322089.838214) can0 18F812F3#4001014001010000
(1779322089.839239) can0 18F813F3#0101000000000000
(1779322089.840207) can0 18F814F3#3200EA1AA9015F00
(1779322089.841239) can0 18F815F3#0000000010030000
(1779322089.842138) can0 273#000000000D023200
(1779322089.843140) can0 1E1#020D271001FA01FA
(1779322089.844150) can0 1F5#0000000000000000
(1779322089.845246) can0 0800A6A9#0000000000000000
(1779322089.846195) can0 1000A6A9#0D028813324A4A4A
(1779322089.847220) can0 1C00A6A9#0000000000030000
(1779322089.848241) can0 02018100#1003020D00000000
(1779322089.849242) can0 02028100#0000003264000000
(1779322089.850220) can0 02038100#0CD601100CD30102
(1779322089.851235) can0 02048100#4A01014A01010000
(1779322089.852120) can0 1AD#8714000059321818
(1779322089.853119) can0 2AD#D60C800C87140016
(1779322089.854132) can0 3AD#0000000000008714
(1779322089.855151) can0 4AD#EB00000000000000
(1779322089.856145) can0 76A#7F00000000000000
(1779322089.914838) can0 0000E005#1702440003B60591
(1779322089.915386) can0 1806E5F4#13CC010003B6023A
(1779322089.916214) can0 0000E000#13CC13CC020D0000
(1779322089.917217) can0 0000E004#181803B603B601E1
(1779322089.918198) can0 0000E006#0CD50CD30CD30CD3
(1779322089.919199) can0 0000E007#0CD50CD50CD50CD5
(1779322089.920211) can0 0000E008#0CD50CD50CD50CD5
(1779322089.921199) can0 0000E009#0CD50CD50CD50CD6
(1779322089.922244) can0 0000E010#0000000000000000
(1779322089.923243) can0 0000E011#0000000000000000
(1779322089.924224) can0 0000E012#0CD4000200000000
(1779322089.925256) can0 0000F001#0000000000000000
(1779322089.926238) can0 18FF28F4#10320000020D0000
(1779322089.927218) can0 18FE28F4#0CD60CD340400000
(1779322089.928230) can0 18FD28F4#1702FA6F00000000
(1779322089.929135) can0 4D4#000032007D0D0203
(1779322089.930116) can0 4D5#D30CD60C40400000
(1779322089.931212) can0 18914010#0CD6100CD3020000
(1779322089.932211) can0 18904010#020D020D753001FA
(1779322089.933211) can0 18FA28F4#123EA12C10270000
(1779322089.934211) can0 18FB28F4#D60CD30C40400000
(1779322089.935237) can0 18FC28F4#383200000D020000
(1779322089.936218) can0 18F810F3#0D02E80332640100
(1779322089.937237) can0 18F815F3#0000000010030000
(1779322089.938135) can0 273#000000000D023200
(1779322089.939127) can0 1E1#020D271001FA01FA
(1779322089.940147) can0 1F5#0000000000000000
(1779322089.941232) can0 0800A6A9#0000000000000000
(1779322089.942193) can0 1000A6A9#0D028813324A4A4A
(1779322089.943225) can0 1C00A6A9#0000000000030000
(1779322089.944255) can0 02018100#1003020D00000000
(1779322089.945237) can0 02028100#0000003264000000
(1779322089.946217) can0 02038100#0CD601100CD30102
(1779322089.947219) can0 02048100#4A01014A01010000
(1779322089.948116) can0 1AD#8714000059321818
(1779322089.949122) can0 2AD#D60C800C87140016
(1779322089.950131) can0 3AD#0000000000008714
(1779322089.951142) can0 4AD#EB00000000000000
(1779322089.952169) can0 76A#7F00000000000000
(1779322090.014802) can0 0000E005#1702440003B60591
(1779322090.015327) can0 1806E5F4#13CC010003B6023A
(1779322090.016229) can0 0000E000#13CC13CC020D0000
(1779322090.017209) can0 0000E004#181803B603B601E1
(1779322090.018190) can0 0000E006#0CD50CD30CD30CD3
(1779322090.019190) can0 0000E007#0CD50CD50CD50CD5
(1779322090.020202) can0 0000E008#0CD50CD50CD50CD5
(1779322090.021222) can0 0000E009#0CD50CD50CD50CD6
(1779322090.022248) can0 0000E010#0000000000000000
(1779322090.023248) can0 0000E011#0000000000000000
(1779322090.024228) can0 0000E012#0CD4000200000000
(1779322090.025241) can0 0000F001#0000000000000000
(1779322090.026228) can0 18FF28F4#10320000020D0000
(1779322090.027209) can0 18FE28F4#0CD60CD340400000
(1779322090.028223) can0 18FD28F4#1702FA6F00000000
(1779322090.029168) can0 4D4#000032007D0D0203
(1779322090.030120) can0 4D5#D30CD60C40400000
(1779322090.031203) can0 18914010#0CD6100CD3020000
(1779322090.032216) can0 18904010#020D020D753001FA
(1779322090.033217) can0 18FA28F4#123EA12C10270000
(1779322090.034196) can0 18FB28F4#D60CD30C40400000
(1779322090.035229) can0 18FC28F4#383200000D020000
(1779322090.036197) can0 18F810F3#0D02E80332640100
(1779322090.037271) can0 18F815F3#0000000010030000
(1779322090.038127) can0 273#000000000D023200
(1779322090.039128) can0 1E1#020D271001FA01FA
(1779322090.040153) can0 1F5#0000000000000000
(1779322090.041231) can0 0800A6A9#0000000000000000
(1779322090.042197) can0 1000A6A9#0D028813324A4A4A
(1779322090.043230) can0 1C00A6A9#0000000000030000
(1779322090.044229) can0 02018100#1003020D00000000
(1779322090.045229) can0 02028100#0000003264000000
(1779322090.046210) can0 02038100#0CD601100CD30102
(1779322090.047223) can0 02048100#4A01014A01010000
(1779322090.048107) can0 1AD#8714000059321818
(1779322090.049112) can0 2AD#D60C800C87140016
(1779322090.050133) can0 3AD#0000000000008714
(1779322090.051147) can0 4AD#EB00000000000000
(1779322090.052140) can0 76A#7F00000000000000
(1779322090.114767) can0 0000E005#1702440003B60591
(1779322090.115331) can0 1806E5F4#13CC010003B6023A
(1779322090.116220) can0 0000E000#13CC13CC020D0000
(1779322090.117201) can0 0000E004#181803B603B601E1
(1779322090.118201) can0 0000E006#0CD30CD30CD50CD5
(1779322090.119183) can0 0000E007#0CD30CD30CD50CD5
(1779322090.120194) can0 0000E008#0CD50CD50CD50CD5
(1779322090.121194) can0 0000E009#0CD50CD50CD50CD6
(1779322090.122238) can0 0000E010#0000000000000000
(1779322090.123240) can0 0000E011#0000000000000000
(1779322090.124221) can0 0000E012#0CD4000200000000
(1779322090.125234) can0 0000F001#0000000000000000
(1779322090.126211) can0 18FF28F4#10320000020D0000
(1779322090.127202) can0 18FE28F4#0CD60CD340400000
(1779322090.128215) can0 18FD28F4#1702FA6F00000000
(1779322090.129132) can0 4D4#000032007D0D0203
(1779322090.130112) can0 4D5#D30CD60C40400000
(1779322090.131208) can0 18914010#0CD6100CD3010000
(1779322090.132208) can0 18904010#020D020D753001FA
(1779322090.133208) can0 18FA28F4#123EA12C10270000
(1779322090.134201) can0 18FB28F4#D60CD30C40400000
(1779322090.135221) can0 18FC28F4#383200000D020000
(1779322090.136202) can0 18F810F3#0D02E80332640100
(1779322090.137234) can0 18F815F3#0000000010030000
(1779322090.138113) can0 273#000000000D023200
(1779322090.139119) can0 1E1#020D271001FA01FA
(1779322090.140144) can0 1F5#0000000000000000
(1779322090.141228) can0 0800A6A9#0000000000000000
(1779322090.142189) can0 1000A6A9#0D028813324A4A4A
(1779322090.143221) can0 1C00A6A9#0000000000030000
(1779322090.144222) can0 02018100#1003020D00000000
(1779322090.145222) can0 02028100#0000003264000000
(1779322090.146193) can0 02038100#0CD601100CD30101
(1779322090.147216) can0 02048100#4A01014A01010000
(1779322090.148100) can0 1AD#8714000059321818
(1779322090.149113) can0 2AD#D60C800C87140016
(1779322090.150122) can0 3AD#0000000000008714
(1779322090.151141) can0 4AD#EB00000000000000
(1779322090.152134) can0 76A#7F00000000000000
(1779322090.214848) can0 0000E005#1702440003B60591
(1779322090.215384) can0 1806E5F4#13CC010003B6023A
(1779322090.216208) can0 0000E000#13CC13CC020D0000
(1779322090.217206) can0 0000E004#181803B603B601E1
(1779322090.218187) can0 0000E006#0CD30CD30CD50CD5
(1779322090.219182) can0 0000E007#0CD30CD30CD50CD5
(1779322090.220187) can0 0000E008#0CD50CD50CD50CD5
(1779322090.221180) can0 0000E009#0CD50CD50CD50CD6
(1779322090.222232) can0 0000E010#0000000000000000
(1779322090.223224) can0 0000E011#0000000000000000
(1779322090.224214) can0 0000E012#0CD4000200000000
(1779322090.225238) can0 0000F001#0000000000000000
(1779322090.226225) can0 18FF28F4#10320000020D0000
(1779322090.227207) can0 18FE28F4#0CD60CD340400000
(1779322090.228219) can0 18FD28F4#1702FA6F00000000
(1779322090.229123) can0 4D4#000032007D0D0203
(1779322090.230104) can0 4D5#D30CD60C40400000
(1779322090.231198) can0 18914010#0CD6100CD3010000
(1779322090.232200) can0 18904010#020D020D753001FA
(1779322090.233213) can0 18FA28F4#123EA12C10270000
(1779322090.234193) can0 18FB28F4#D60CD30C40400000
(1779322090.235226) can0 18FC28F4#383200000D020000
(1779322090.236207) can0 18F810F3#0D02E80332640100
(1779322090.237226) can0 18F815F3#0000000010030000
(1779322090.238123) can0 273#000000000D023200
(1779322090.239105) can0 1E1#020D271001FA01FA
(1779322090.240137) can0 1F5#0000000000000000
(1779322090.241213) can0 0800A6A9#0000000000000000
(1779322090.242181) can0 1000A6A9#0D028813324A4A4A
(1779322090.243207) can0 1C00A6A9#0000000000030000
(1779322090.244246) can0 02018100#1003020D00000000
(1779322090.245226) can0 02028100#0000003264000000
(1779322090.246207) can0 02038100#0CD601100CD30101
(1779322090.247200) can0 02048100#4A01014A01010000
(1779322090.248105) can0 1AD#8714000059321818
(1779322090.249099) can0 2AD#D60C800C87140016
(1779322090.250117) can0 3AD#0000000000008714
(1779322090.251131) can0 4AD#EB00000000000000
(1779322090.252156) can0 76A#7F00000000000000
(1779322090.331821) can0 0000E005#1702440003B60591
(1779322090.332374) can0 1806E5F4#13CC010003B6023A
(1779322090.333203) can0 0000E000#13CC13CC020D0000
(1779322090.334205) can0 0000E004#181803B603B601E1
(1779322090.335186) can0 0000E006#0CD50CD50CD50CD5
(1779322090.336186) can0 0000E007#0CD30CD30CD50CD5
(1779322090.337216) can0 0000E008#0CD50CD50CD30CD3
(1779322090.338181) can0 0000E009#0CD50CD50CD50CD6
(1779322090.339231) can0 0000E010#0000000000000000
(1779322090.340235) can0 0000E011#0000000000000000
(1779322090.341222) can0 0000E012#0CD4000200000000
(1779322090.342177) can0 0000E013#4542323630354C43
(1779322090.343208) can0 0000E014#3134323300000000
(1779322090.344219) can0 0000E015#0000000000000003
(1779322090.345279) can0 0000F000#0000000000000000
(1779322090.346231) can0 0000F001#0000000000000000
(1779322090.347212) can0 18FF28F4#10320000020D0000
(1779322090.348200) can0 18FE28F4#0CD60CD340400000
(1779322090.349210) can0 18FD28F4#1702FA6F00000000
(1779322090.350118) can0 4D4#000032007D0D0203
(1779322090.351110) can0 4D5#D30CD60C40400000
(1779322090.352193) can0 18914010#0CD6100CD3050000
(1779322090.353187) can0 18904010#020D020D753001FA
(1779322090.354219) can0 18924010#4001400100000000
(1779322090.355199) can0 18934010#000000610000BC19
(1779322090.356212) can0 18944010#1003000000000000
(1779322090.357226) can0 18954010#0000000000000000
(1779322090.358225) can0 18954010#0100000000000000
(1779322090.359226) can0 18954010#0200000000000000
(1779322090.360226) can0 18954010#0300000000000000
(1779322090.361218) can0 18954010#0400000000000000
(1779322090.362219) can0 18954010#0500000000000000
(1779322090.363221) can0 18964010#0040404000000000
(1779322090.364215) can0 18974010#0000000000000000
(1779322090.365214) can0 18984010#0000000000000000
(1779322090.366196) can0 18FA28F4#123EA12C10270000
(1779322090.367189) can0 18FB28F4#D60CD30C40400000
(1779322090.368219) can0 18FC28F4#383200000D020000
(1779322090.369182) can0 18F810F3#0D02E80332640100
(1779322090.370201) can0 18F811F3#D60C1001D30C0501
(1779322090.371214) can0 18F812F3#4001014001010000
(1779322090.372229) can0 18F813F3#0101000000000000
(1779322090.373188) can0 18F814F3#3200EA1AA9015F00
(1779322090.374220) can0 18F815F3#0000000010030000
(1779322090.375118) can0 273#000000000D023200
(1779322090.376118) can0 1E1#020D271001FA01FA
(1779322090.377131) can0 1F5#0000000000000000
(1779322090.378220) can0 0800A6A9#0000000000000000
(1779322090.379169) can0 1000A6A9#0D028813324A4A4A
(1779322090.380220) can0 1C00A6A9#0000000000030000
(1779322090.381212) can0 02018100#1003020D00000000
(1779322090.382233) can0 02028100#0000003264000000
(1779322090.383195) can0 02038100#0CD601100CD30105
(1779322090.384195) can0 02048100#4A01014A01010000
(1779322090.385095) can0 1AD#8714000059321818
(1779322090.386092) can0 2AD#D60C800C87140016
(1779322090.387125) can0 3AD#0000000000008714
(1779322090.388124) can0 4AD#EB00000000000000
(1779322090.389125) can0 76A#7F00000000000000
(1779322090.447760) can0 0000E005#1702440003B60591
(1779322090.448308) can0 1806E5F4#13CC010003B6023A
(1779322090.449205) can0 0000E000#13CC13CC020D0000
(1779322090.450201) can0 0000E004#181803B603B601E1
(1779322090.451186) can0 0000E006#0CD50CD50CD50CD5
(1779322090.452185) can0 0000E007#0CD30CD30CD50CD5
(1779322090.453179) can0 0000E008#0CD50CD50CD30CD3
(1779322090.454179) can0 0000E009#0CD50CD50CD50CD6
(1779322090.455225) can0 0000E010#0000000000000000
(1779322090.456229) can0 0000E011#0000000000000000
(1779322090.457207) can0 0000E012#0CD4000200000000
(1779322090.458226) can0 0000F001#0000000000000000
(1779322090.459219) can0 18FF28F4#10320000020D0000
(1779322090.460199) can0 18FE28F4#0CD60CD340400000
(1779322090.461195) can0 18FD28F4#1702FA6F00000000
(1779322090.462116) can0 4D4#000032007D0D0203
(1779322090.463097) can0 4D5#D30CD60C40400000
(1779322090.464192) can0 18914010#0CD6100CD3050000
(1779322090.465193) can0 18904010#020D020D753001FA
(1779322090.466194) can0 18FA28F4#123EA12C10270000
(1779322090.467206) can0 18FB28F4#D60CD30C40400000
(1779322090.468218) can0 18FC28F4#383200000D020000
(1779322090.469187) can0 18F810F3#0D02E80332640100
(1779322090.470218) can0 18F815F3#0000000010030000
(1779322090.471117) can0 273#000000000D023200
(1779322090.472097) can0 1E1#020D271001FA01FA
(1779322090.473125) can0 1F5#0000000000000000
(1779322090.474225) can0 0800A6A9#0000000000000000
(1779322090.475208) can0 1000A6A9#0D028813324A4A4A
(1779322090.476206) can0 1C00A6A9#0000000000030000
(1779322090.477211) can0 02018100#1003020D00000000
(1779322090.478219) can0 02028100#0000003264000000
(1779322090.479199) can0 02038100#0CD601100CD30105
(1779322090.480195) can0 02048100#4A01014A01010000
(1779322090.481097) can0 1AD#8714000059321818
(1779322090.482091) can0 2AD#D60C800C87140016
(1779322090.483156) can0 3AD#0000000000008714
(1779322090.484117) can0 4AD#EB00000000000000
(1779322090.485127) can0 76A#7F00000000000000
(1779322090.547765) can0 0000E005#1702440003B60591
(1779322090.548313) can0 1806E5F4#13CC010003B6023A
(1779322090.549203) can0 0000E000#13CC13CC020D0000
(1779322090.550195) can0 0000E004#181803B603B601E1
(1779322090.551165) can0 0000E006#0CD50CD50CD50CD5
(1779322090.552197) can0 0000E007#0CD30CD30CD50CD5
(1779322090.553179) can0 0000E008#0CD50CD50CD30CD3
(1779322090.554178) can0 0000E009#0CD50CD50CD50CD6
(1779322090.555222) can0 0000E010#0000000000000000
(1779322090.556222) can0 0000E011#0000000000000000
(1779322090.557203) can0 0000E012#0CD4000200000000
(1779322090.558214) can0 0000F001#0000000000000000
(1779322090.559204) can0 18FF28F4#10320000020D0000
(1779322090.560216) can0 18FE28F4#0CD60CD340400000
(1779322090.561203) can0 18FD28F4#1702FA6F00000000
(1779322090.562113) can0 4D4#000032007D0D0203
(1779322090.563095) can0 4D5#D30CD60C40400000
(1779322090.564190) can0 18914010#0CD6100CD3050000
(1779322090.565191) can0 18904010#020D020D753001FA
(1779322090.566191) can0 18FA28F4#123EA12C10270000
(1779322090.567184) can0 18FB28F4#D60CD30C40400000
(1779322090.568252) can0 18FC28F4#383200000D020000
(1779322090.569186) can0 18F810F3#0D02E80332640100
(1779322090.570214) can0 18F815F3#0000000010030000
(1779322090.571114) can0 273#000000000D023200
(1779322090.572095) can0 1E1#020D271001FA01FA
(1779322090.573127) can0 1F5#0000000000000000
(1779322090.574202) can0 0800A6A9#0000000000000000
(1779322090.575172) can0 1000A6A9#0D028813324A4A4A
(1779322090.576255) can0 1C00A6A9#0000000000030000
(1779322090.577217) can0 02018100#1003020D00000000
(1779322090.578216) can0 02028100#0000003264000000
(1779322090.579179) can0 02038100#0CD601100CD30105
(1779322090.580197) can0 02048100#4A01014A01010000
(1779322090.581077) can0 1AD#8714000059321818
(1779322090.582085) can0 2AD#D60C800C87140016
(1779322090.583102) can0 3AD#0000000000008714
(1779322090.584121) can0 4AD#EB00000000000000
(1779322090.585120) can0 76A#7F00000000000000
(1779322090.647810) can0 0000E005#1702440003B60591
(1779322090.648352) can0 1806E5F4#13CC010003B6023A
(1779322090.649189) can0 0000E000#13CC13CC020D0000
(1779322090.650188) can0 0000E004#181803B603B601E1
(1779322090.651170) can0 0000E006#0CD50CD30CD30CD5
(1779322090.652169) can0 0000E007#0CD30CD30CD50CD5
(1779322090.653214) can0 0000E008#0CD50CD50CD50CD3
(1779322090.654163) can0 0000E009#0CD50CD50CD50CD6
(1779322090.655215) can0 0000E010#0000000000000000
(1779322090.656220) can0 0000E011#0000000000000000
(1779322090.657198) can0 0000E012#0CD4000200000000
(1779322090.658221) can0 0000F001#0000000000000000
(1779322090.659200) can0 18FF28F4#10320000020D0000
(1779322090.660190) can0 18FE28F4#0CD60CD340400000
(1779322090.661202) can0 18FD28F4#1702FA6F00000000
(1779322090.662106) can0 4D4#000032007D0D0203
(1779322090.663087) can0 4D5#D30CD60C40400000
(1779322090.664183) can0 18914010#0CD6100CD3020000
(1779322090.665184) can0 18904010#020D020D753001FA
(1779322090.666198) can0 18FA28F4#123EA12C10270000
(1779322090.667174) can0 18FB28F4#D60CD30C40400000
(1779322090.668216) can0 18FC28F4#383200000D020000
(1779322090.669179) can0 18F810F3#0D02E80332640100
(1779322090.670203) can0 18F815F3#0000000010030000
(1779322090.671099) can0 273#000000000D023200
(1779322090.672088) can0 1E1#020D271001FA01FA
(1779322090.673119) can0 1F5#0000000000000000
(1779322090.674215) can0 0800A6A9#0000000000000000
(1779322090.675164) can0 1000A6A9#0D028813324A4A4A
(1779322090.676196) can0 1C00A6A9#0000000000030000
(1779322090.677209) can0 02018100#1003020D00000000
(1779322090.678209) can0 02028100#0000003264000000
(1779322090.679189) can0 02038100#0CD601100CD30102
(1779322090.680188) can0 02048100#4A01014A01010000
(1779322090.681090) can0 1AD#8714000059321818
(1779322090.682082) can0 2AD#D60C800C87140016
(1779322090.683110) can0 3AD#0000000000008714
(1779322090.684107) can0 4AD#EB00000000000000
(1779322090.685107) can0 76A#7F00000000000000
(1779322090.747747) can0 0000E005#1702440003B60591
(1779322090.748303) can0 1806E5F4#13CC010003B6023A
(1779322090.749201) can0 0000E000#13CC13CC020D0000
(1779322090.750184) can0 0000E004#181803B603B601E1
(1779322090.751165) can0 0000E006#0CD50CD30CD30CD5
(1779322090.752155) can0 0000E007#0CD30CD30CD50CD5
(1779322090.753175) can0 0000E008#0CD50CD50CD50CD3
(1779322090.754156) can0 0000E009#0CD50CD50CD50CD6
(1779322090.755220) can0 0000E010#0000000000000000
(1779322090.756221) can0 0000E011#0000000000000000
(1779322090.757203) can0 0000E012#0CD4000200000000
(1779322090.758220) can0 0000F001#0000000000000000
(1779322090.759201) can0 18FF28F4#10320000020D0000
(1779322090.760181) can0 18FE28F4#0CD60CD340400000
(1779322090.761195) can0 18FD28F4#1702FA6F00000000
(1779322090.762104) can0 4D4#000032007D0D0203
(1779322090.763103) can0 4D5#D30CD60C40400000
(1779322090.764171) can0 18914010#0CD6100CD3020000
(1779322090.765175) can0 18904010#020D020D753001FA
(1779322090.766188) can0 18FA28F4#123EA12C10270000
(1779322090.767189) can0 18FB28F4#D60CD30C40400000
(1779322090.768199) can0 18FC28F4#383200000D020000
(1779322090.769169) can0 18F810F3#0D02E80332640100
(1779322090.770217) can0 18F815F3#0000000010030000
(1779322090.771101) can0 273#000000000D023200
(1779322090.772102) can0 1E1#020D271001FA01FA
(1779322090.773113) can0 1F5#0000000000000000
(1779322090.774207) can0 0800A6A9#0000000000000000
(1779322090.775192) can0 1000A6A9#0D028813324A4A4A
(1779322090.776190) can0 1C00A6A9#0000000000030000
(1779322090.777202) can0 02018100#1003020D00000000
(1779322090.778201) can0 02028100#0000003264000000
(1779322090.779185) can0 02038100#0CD601100CD30102
(1779322090.780192) can0 02048100#4A01014A01010000
(1779322090.781081) can0 1AD#8714000059321818
(1779322090.782074) can0 2AD#D60C800C87140016
(1779322090.783138) can0 3AD#0000000000008714
(1779322090.784119) can0 4AD#EB00000000000000
(1779322090.785118) can0 76A#7F00000000000000
(1779322090.864791) can0 0000E005#1702440003B60591
(1779322090.865338) can0 1806E5F4#13CC010003B6023A
(1779322090.866183) can0 0000E000#13CC13CC020D0000
(1779322090.867187) can0 0000E004#181803B603B601E1
(1779322090.868199) can0 0000E006#0CD50CD50CD30CD3
(1779322090.869168) can0 0000E007#0CD30CD30CD50CD5
(1779322090.870157) can0 0000E008#0CD50CD50CD50CD3
(1779322090.871162) can0 0000E009#0CD30CD50CD50CD6
(1779322090.872212) can0 0000E010#0000000000000000
(1779322090.873206) can0 0000E011#0000000000000000
(1779322090.874193) can0 0000E012#0CD4000200000000
(1779322090.875156) can0 0000E013#4542323630354C43
(1779322090.876239) can0 0000E014#3134323300000000
(1779322090.877200) can0 0000E015#0000000000000003
(1779322090.878214) can0 0000F000#0000000000000000
(1779322090.879220) can0 0000F001#0000000000000000
(1779322090.880201) can0 18FF28F4#10320000020D0000
(1779322090.881181) can0 18FE28F4#0CD60CD340400000
(1779322090.882196) can0 18FD28F4#1702FA6F00000000
(1779322090.883098) can0 4D4#000032007D0D0203
(1779322090.884079) can0 4D5#D30CD60C40400000
(1779322090.885174) can0 18914010#0CD6100CD3030000
(1779322090.886176) can0 18904010#020D020D753001FA
(1779322090.887207) can0 18924010#4001400100000000
(1779322090.888188) can0 18934010#000000620000BC19
(1779322090.889201) can0 18944010#1003000000000000
(1779322090.890214) can0 18954010#0000000000000000
(1779322090.891213) can0 18954010#0100000000000000
(1779322090.892214) can0 18954010#0200000000000000
(1779322090.893212) can0 18954010#0300000000000000
(1779322090.894204) can0 18954010#0400000000000000
(1779322090.895187) can0 18954010#0500000000000000
(1779322090.896200) can0 18964010#0040404000000000
(1779322090.897201) can0 18974010#0000000000000000
(1779322090.898200) can0 18984010#0000000000000000
(1779322090.899182) can0 18FA28F4#123EA12C10270000
(1779322090.900175) can0 18FB28F4#D60CD30C40400000
(1779322090.901207) can0 18FC28F4#383200000D020000
(1779322090.902169) can0 18F810F3#0D02E80332640100
(1779322090.903182) can0 18F811F3#D60C1001D30C0301
(1779322090.904182) can0 18F812F3#4001014001010000
(1779322090.905208) can0 18F813F3#0101000000000000
(1779322090.906172) can0 18F814F3#3200EA1AA9015F00
(1779322090.907207) can0 18F815F3#0000000010030000
(1779322090.908105) can0 273#000000000D023200
(1779322090.909086) can0 1E1#020D271001FA01FA
(1779322090.910112) can0 1F5#0000000000000000
(1779322090.911195) can0 0800A6A9#0000000000000000
(1779322090.912163) can0 1000A6A9#0D028813324A4A4A
(1779322090.913189) can0 1C00A6A9#0000000000030000
(1779322090.914201) can0 02018100#1003020D00000000
(1779322090.915202) can0 02028100#0000003264000000
(1779322090.916183) can0 02038100#0CD601100CD30103
(1779322090.917183) can0 02048100#4A01014A01010000
(1779322090.918083) can0 1AD#8714000059321818
(1779322090.919081) can0 2AD#D60C800C87140016
(1779322090.920099) can0 3AD#0000000000008714
(1779322090.921131) can0 4AD#EB00000000000000
(1779322090.922112) can0 76A#7F00000000000000
(1779322090.980749) can0 0000E005#1702440003B60591
(1779322090.981298) can0 1806E5F4#13CC010003B6023A
(1779322090.982179) can0 0000E000#13CC13CC020D0000
(1779322090.983173) can0 0000E004#181803B603B601E1
(1779322090.984160) can0 0000E006#0CD50CD50CD30CD3
(1779322090.985160) can0 0000E007#0CD30CD30CD50CD5
(1779322090.986160) can0 0000E008#0CD50CD50CD50CD3
(1779322090.987154) can0 0000E009#0CD30CD50CD50CD6
(1779322090.988205) can0 0000E010#0000000000000000
(1779322090.989208) can0 0000E011#0000000000000000
(1779322090.990201) can0 0000E012#0CD4000200000000
(1779322090.991200) can0 0000F001#0000000000000000
(1779322090.992199) can0 18FF28F4#10320000020D0000
(1779322090.993167) can0 18FE28F4#0CD60CD340400000
(1779322090.994180) can0 18FD28F4#1702FA6F00000000
(1779322090.995090) can0 4D4#000032007D0D0203
(1779322090.996078) can0 4D5#D30CD60C40400000
(1779322090.997174) can0 18914010#0CD6100CD3030000
(1779322090.998188) can0 18904010#020D020D753001FA
(1779322090.999179) can0 18FA28F4#123EA12C10270000
(1779322091.000168) can0 18FB28F4#D60CD30C40400000
(1779322091.001200) can0 18FC28F4#383200000D020000
(1779322091.002168) can0 18F810F3#0D02E80332640100
(1779322091.003200) can0 18F815F3#0000000010030000
(1779322091.004098) can0 273#000000000D023200
(1779322091.005079) can0 1E1#020D271001FA01FA
(1779322091.006130) can0 1F5#0000000000000000
(1779322091.007190) can0 0800A6A9#0000000000000000
(1779322091.008156) can0 1000A6A9#0D028813324A4A4A
(1779322091.009188) can0 1C00A6A9#0000000000030000
(1779322091.010200) can0 02018100#1003020D00000000
(1779322091.011194) can0 02028100#0000003264000000
(1779322091.012181) can0 02038100#0CD601100CD30103
(1779322091.013174) can0 02048100#4A01014A01010000
(1779322091.014111) can0 1AD#8714000059321818
(1779322091.015072) can0 2AD#D60C800C87140016
(1779322091.016085) can0 3AD#0000000000008714
(1779322091.017097) can0 4AD#EB00000000000000
(1779322091.018098) can0 76A#7F00000000000000
(1779322091.080772) can0 0000E005#1702440003B60591
(1779322091.081351) can0 1806E5F4#13CC010003B6023A
(1779322091.082185) can0 0000E000#13CC13CC020D0000
(1779322091.083197) can0 0000E004#181803B603B601E1
(1779322091.084149) can0 0000E006#0CD50CD50CD30CD3
(1779322091.085147) can0 0000E007#0CD30CD30CD50CD5
(1779322091.086166) can0 0000E008#0CD50CD50CD50CD3
(1779322091.087146) can0 0000E009#0CD30CD50CD50CD6
(1779322091.088211) can0 0000E010#0000000000000000
(1779322091.089210) can0 0000E011#0000000000000000
(1779322091.090192) can0 0000E012#0CD4000200000000
(1779322091.091236) can0 0000F001#0000000000000000
(1779322091.092184) can0 18FF28F4#10320000020D0000
(1779322091.093167) can0 18FE28F4#0CD60CD340400000
(1779322091.094186) can0 18FD28F4#1702FA6F00000000
(1779322091.095097) can0 4D4#000032007D0D0203
(1779322091.096082) can0 4D5#D30CD60C40400000
(1779322091.097160) can0 18914010#0CD6100CD3030000
(1779322091.098179) can0 18904010#020D020D753001FA
(1779322091.099223) can0 18FA28F4#123EA12C10270000
(1779322091.100153) can0 18FB28F4#D60CD30C40400000
(1779322091.101185) can0 18FC28F4#383200000D020000
(1779322091.102153) can0 18F810F3#0D02E80332640100
(1779322091.103196) can0 18F815F3#0000000010030000
(1779322091.104083) can0 273#000000000D023200
(1779322091.105083) can0 1E1#020D271001FA01FA
(1779322091.106115) can0 1F5#0000000000000000
(1779322091.107236) can0 0800A6A9#0000000000000000
(1779322091.108160) can0 1000A6A9#0D028813324A4A4A
(1779322091.109192) can0 1C00A6A9#0000000000030000
(1779322091.110192) can0 02018100#1003020D00000000
(1779322091.111185) can0 02028100#0000003264000000
(1779322091.112167) can0 02038100#0CD601100CD30103
(1779322091.113180) can0 02048100#4A01014A01010000
(1779322091.114064) can0 1AD#8714000059321818
(1779322091.115077) can0 2AD#D60C800C87140016
(1779322091.116092) can0 3AD#0000000000008714
(1779322091.117102) can0 4AD#EB00000000000000
(1779322091.118103) can0 76A#7F00000000000000
(1779322091.180767) can0 0000E005#1702440003B60591
(1779322091.181334) can0 1806E5F4#13CC010003B6023A
(1779322091.182189) can0 0000E000#13CC13CC020D0000
(1779322091.183171) can0 0000E004#181803B603B601E1
(1779322091.184201) can0 0000E006#0CD50CD30CD50CD5
(1779322091.185151) can0 0000E007#0CD30CD50CD30CD5
(1779322091.186146) can0 0000E008#0CD50CD50CD50CD3
(1779322091.187145) can0 0000E009#0CD30CD50CD50CD6
(1779322091.188207) can0 0000E010#0000000000000000
(1779322091.189189) can0 0000E011#0000000000000000
(1779322091.190190) can0 0000E012#0CD4000200000000
(1779322091.191205) can0 0000F001#0000000000000000
(1779322091.192185) can0 18FF28F4#10320000020D0000
(1779322091.193173) can0 18FE28F4#0CD60CD340400000
(1779322091.194185) can0 18FD28F4#1702FA6F00000000
(1779322091.195081) can0 4D4#000032007D0D0203
(1779322091.196081) can0 4D5#D30CD60C40400000
(1779322091.197157) can0 18914010#0CD6100CD3020000
(1779322091.198158) can0 18904010#020D020D753001FA
(1779322091.199170) can0 18FA28F4#123EA12C10270000
(1779322091.200153) can0 18FB28F4#D60CD30C40400000
(1779322091.201183) can0 18FC28F4#383200000D020000
(1779322091.202151) can0 18F810F3#0D02E80332640100
(1779322091.203196) can0 18F815F3#0000000010030000
(1779322091.204080) can0 273#000000000D023200
(1779322091.205081) can0 1E1#020D271001FA01FA
(1779322091.206113) can0 1F5#0000000000000000
(1779322091.207190) can0 0800A6A9#0000000000000000
(1779322091.208158) can0 1000A6A9#0D028813324A4A4A
(1779322091.209190) can0 1C00A6A9#0000000000030000
(1779322091.210184) can0 02018100#1003020D00000000
(1779322091.211183) can0 02028100#0000003264000000
(1779322091.212177) can0 02038100#0CD601100CD30102
(1779322091.213177) can0 02048100#4A01014A01010000
(1779322091.214063) can0 1AD#8714000059321818
(1779322091.215075) can0 2AD#D60C800C87140016
(1779322091.216081) can0 3AD#0000000000008714
(1779322091.217101) can0 4AD#EB00000000000000
(1779322091.218095) can0 76A#7F00000000000000
(1779322091.280748) can0 0000E005#1702440003B60591
(1779322091.281298) can0 1806E5F4#13CC010003B6023A
(1779322091.282168) can0 0000E000#13CC13CC020D0000
(1779322091.283168) can0 0000E004#181803B603B601E1
(1779322091.284149) can0 0000E006#0CD50CD30CD50CD5
(1779322091.285143) can0 0000E007#0CD30CD50CD30CD5
(1779322091.286143) can0 0000E008#0CD50CD50CD50CD3
(1779322091.287143) can0 0000E009#0CD30CD50CD50CD6
(1779322091.288207) can0 0000E010#0000000000000000
(1779322091.289184) can0 0000E011#0000000000000000
(1779322091.290169) can0 0000E012#0CD4000200000000
(1779322091.291201) can0 0000F001#0000000000000000
(1779322091.292181) can0 18FF28F4#10320000020D0000
(1779322091.293169) can0 18FE28F4#0CD60CD340400000
(1779322091.294182) can0 18FD28F4#1702FA6F00000000
(1779322091.295079) can0 4D4#000032007D0D0203
(1779322091.296060) can0 4D5#D30CD60C40400000
(1779322091.297158) can0 18914010#0CD6100CD3020000
(1779322091.298175) can0 18904010#020D020D753001FA
(1779322091.299175) can0 18FA28F4#123EA12C10270000
(1779322091.300156) can0 18FB28F4#D60CD30C40400000
(1779322091.301178) can0 18FC28F4#383200000D020000
(1779322091.302150) can0 18F810F3#0D02E80332640100
(1779322091.303182) can0 18F815F3#0000000010030000
(1779322091.304080) can0 273#000000000D023200
(1779322091.305081) can0 1E1#020D271001FA01FA
(1779322091.306112) can0 1F5#0000000000000000
(1779322091.307189) can0 0800A6A9#0000000000000000
(1779322091.308148) can0 1000A6A9#0D028813324A4A4A
(1779322091.309170) can0 1C00A6A9#0000000000030000
(1779322091.310191) can0 02018100#1003020D00000000
(1779322091.311183) can0 02028100#0000003264000000
(1779322091.312165) can0 02038100#0CD601100CD30102
(1779322091.313162) can0 02048100#4A01014A01010000
(1779322091.314094) can0 1AD#8714000059321818
(1779322091.315063) can0 2AD#D60C800C87140016
(1779322091.316088) can0 3AD#0000000000008714
(1779322091.317100) can0 4AD#EB00000000000000
(1779322091.318099) can0 76A#7F00000000000000
(1779322091.397727) can0 0000E005#1702440003B60591
(1779322091.398285) can0 1806E5F4#13CC010003B6023A
(1779322091.399193) can0 0000E000#13CC13CC020D0000
(1779322091.400168) can0 0000E004#181803B603B601E1
(1779322091.401149) can0 0000E006#0CD50CD30CD50CD5
(1779322091.402149) can0 0000E007#0CD50CD50CD50CD5
(1779322091.403144) can0 0000E008#0CD50CD50CD50CD5
(1779322091.404142) can0 0000E009#0CD50CD50CD50CD6
(1779322091.405193) can0 0000E010#0000000000000000
(1779322091.406187) can0 0000E011#0000000000000000
(1779322091.407219) can0 0000E012#0CD4000200000000
(1779322091.408136) can0 0000E013#4542323630354C43
(1779322091.409168) can0 0000E014#3134323300000000
(1779322091.410181) can0 0000E015#0000000000000003
(1779322091.411198) can0 0000F000#0000000000000000
(1779322091.412196) can0 0000F001#0000000000000000
(1779322091.413175) can0 18FF28F4#10320000020D0000
(1779322091.414162) can0 18FE28F4#0CD60CD340400000
(1779322091.415220) can0 18FD28F4#1702FA6F00000000
(1779322091.416072) can0 4D4#000032007D0D0203
(1779322091.417060) can0 4D5#D30CD60C40400000
(1779322091.418156) can0 18914010#0CD6100CD3020000
(1779322091.419150) can0 18904010#020D020D753001FA
(1779322091.420182) can0 18924010#4001400100000000
(1779322091.421162) can0 18934010#000000630000BC19
(1779322091.422181) can0 18944010#1003000000000000
(1779322091.423241) can0 18954010#0000000000000000
(1779322091.424195) can0 18954010#0100000000000000
(1779322091.425188) can0 18954010#0200000000000000
(1779322091.426188) can0 18954010#0300000000000000
(1779322091.427184) can0 18954010#0400000000000000
(1779322091.428188) can0 18954010#0500000000000000
(1779322091.429182) can0 18964010#0040404000000000
(1779322091.430182) can0 18974010#0000000000000000
(1779322091.431176) can0 18984010#0000000000000000
(1779322091.432157) can0 18FA28F4#123EA12C10270000
(1779322091.433157) can0 18FB28F4#D60CD30C40400000
(1779322091.434182) can0 18FC28F4#383200000D020000
(1779322091.435142) can0 18F810F3#0D02E80332640100
(1779322091.436163) can0 18F811F3#D60C1001D30C0201
(1779322091.437164) can0 18F812F3#4001014001010000
(1779322091.438189) can0 18F813F3#0101000000000000
(1779322091.439153) can0 18F814F3#3200EA1AA9015F00
(1779322091.440183) can0 18F815F3#0000000010030000
(1779322091.441080) can0 273#000000000D023200
(1779322091.442061) can0 1E1#020D271001FA01FA
(1779322091.443093) can0 1F5#0000000000000000
(1779322091.444189) can0 0800A6A9#0000000000000000
(1779322091.445138) can0 1000A6A9#0D028813324A4A4A
(1779322091.446169) can0 1C00A6A9#0000000000030000
(1779322091.447181) can0 02018100#1003020D00000000
(1779322091.448183) can0 02028100#0000003264000000
(1779322091.449164) can0 02038100#0CD601100CD30102
(1779322091.450165) can0 02048100#4A01014A01010000
(1779322091.451055) can0 1AD#8714000059321818
(1779322091.452074) can0 2AD#D60C800C87140016
(1779322091.453075) can0 3AD#0000000000008714
(1779322091.454087) can0 4AD#EB00000000000000
(1779322091.455087) can0 76A#7F00000000000000
(1779322091.507105) can0 00000E00#00354C4331343233
(1779322091.514722) can0 0000E005#1702440003B60591
(1779322091.515264) can0 1806E5F4#13CC010003B6023A
(1779322091.516161) can0 0000E000#13CC13CC020D0000
(1779322091.517160) can0 0000E004#181803B603B601E1
(1779322091.518141) can0 0000E006#0CD50CD30CD50CD5
(1779322091.519141) can0 0000E007#0CD50CD50CD50CD5
(1779322091.520133) can0 0000E008#0CD50CD50CD50CD5
(1779322091.521135) can0 0000E009#0CD50CD50CD50CD6
(1779322091.522187) can0 0000E010#0000000000000000
(1779322091.523180) can0 0000E011#0000000000000000
(1779322091.524167) can0 0000E012#0CD4000200000000
(1779322091.525217) can0 0000F001#0000000000000000
(1779322091.526183) can0 18FF28F4#10320000020D0000
(1779322091.527162) can0 18FE28F4#0CD60CD340400000
(1779322091.528155) can0 18FD28F4#1702FA6F00000000
(1779322091.529091) can0 4D4#000032007D0D0203
(1779322091.530059) can0 4D5#D30CD60C40400000
(1779322091.531155) can0 18914010#0CD6100CD3020000
(1779322091.532143) can0 18904010#020D020D753001FA
(1779322091.533167) can0 18FA28F4#123EA12C10270000
(1779322091.534148) can0 18FB28F4#D60CD30C40400000
(1779322091.535181) can0 18FC28F4#383200000D020000
(1779322091.536142) can0 18F810F3#0D02E80332640100
(1779322091.537206) can0 18F815F3#0000000010030000
(1779322091.538072) can0 273#000000000D023200
(1779322091.539072) can0 1E1#020D271001FA01FA
(1779322091.540078) can0 1F5#0000000000000000
(1779322091.541181) can0 0800A6A9#0000000000000000
(1779322091.542142) can0 1000A6A9#0D028813324A4A4A
(1779322091.543174) can0 1C00A6A9#0000000000030000
(1779322091.544165) can0 02018100#1003020D00000000
(1779322091.545200) can0 02028100#0000003264000000
(1779322091.546161) can0 02038100#0CD601100CD30102
(1779322091.547162) can0 02048100#4A01014A01010000
(1779322091.548047) can0 1AD#8714000059321818
(1779322091.549060) can0 2AD#D60C800C87140016
(1779322091.550077) can0 3AD#0000000000008714
(1779322091.551088) can0 4AD#EB00000000000000
(1779322091.552080) can0 76A#7F00000000000000
(1779322091.613790) can0 0000E005#1702440003B60591
(1779322091.614330) can0 1806E5F4#13CC010003B6023A
(1779322091.615165) can0 0000E000#13CC13CC020D0000
(1779322091.616160) can0 0000E004#181803B603B601E1
(1779322091.617143) can0 0000E006#0CD50CD30CD50CD5
(1779322091.618140) can0 0000E007#0CD50CD50CD50CD5
(1779322091.619143) can0 0000E008#0CD50CD50CD50CD5
(1779322091.620142) can0 0000E009#0CD50CD50CD50CD6
(1779322091.621185) can0 0000E010#0000000000000000
(1779322091.622217) can0 0000E011#0000000000000000
(1779322091.623165) can0 0000E012#0CD4000200000000
(1779322091.624177) can0 0000F001#0000000000000000
(1779322091.625161) can0 18FF28F4#10320000020D0000
(1779322091.626147) can0 18FE28F4#0CD60CD340400000
(1779322091.627160) can0 18FD28F4#1702FA6F00000000
(1779322091.628070) can0 4D4#000032007D0D0203
(1779322091.629060) can0 4D5#D30CD60C40400000
(1779322091.630187) can0 18914010#0CD6100CD3020000
(1779322091.631154) can0 18904010#020D020D753001FA
(1779322091.632154) can0 18FA28F4#123EA12C10270000
(1779322091.633147) can0 18FB28F4#D60CD30C40400000
(1779322091.634179) can0 18FC28F4#383200000D020000
(1779322091.635148) can0 18F810F3#0D02E80332640100
(1779322091.636178) can0 18F815F3#0000000010030000
(1779322091.637079) can0 273#000000000D023200
(1779322091.638109) can0 1E1#020D271001FA01FA
(1779322091.639090) can0 1F5#0000000000000000
(1779322091.640163) can0 0800A6A9#0000000000000000
(1779322091.641134) can0 1000A6A9#0D028813324A4A4A
(1779322091.642167) can0 1C00A6A9#0000000000030000
(1779322091.643180) can0 02018100#1003020D00000000
(1779322091.644179) can0 02028100#0000003264000000
(1779322091.645160) can0 02038100#0CD601100CD30102
(1779322091.646157) can0 02048100#4A01014A01010000
(1779322091.647061) can0 1AD#8714000059321818
(1779322091.648054) can0 2AD#D60C800C87140016
(1779322091.649065) can0 3AD#0000000000008714
(1779322091.650078) can0 4AD#EB00000000000000
(1779322091.651082) can0 76A#7F00000000000000
(1779322091.713746) can0 0000E005#1702440003B60591
(1779322091.714276) can0 1806E5F4#13CC010003B6023A
(1779322091.715209) can0 0000E000#13CC13CC020D0000
(1779322091.716158) can0 0000E004#181803B603B601E1
(1779322091.717130) can0 0000E006#0CD50CD30CD30CD3
(1779322091.718141) can0 0000E007#0CD30CD50CD50CD5
(1779322091.719139) can0 0000E008#0CD50CD50CD30CD3
(1779322091.720120) can0 0000E009#0CD30CD50CD50CD6
(1779322091.721184) can0 0000E010#0000000000000000
(1779322091.722184) can0 0000E011#0000000000000000
(1779322091.723164) can0 0000E012#0CD4000200000000
(1779322091.724175) can0 0000F001#0000000000000000
(1779322091.725163) can0 18FF28F4#10320000020D0000
(1779322091.726147) can0 18FE28F4#0CD60CD340400000
(1779322091.727159) can0 18FD28F4#1702FA6F00000000
(1779322091.728075) can0 4D4#000032007D0D0203
(1779322091.729056) can0 4D5#D30CD60C40400000
(1779322091.730152) can0 18914010#0CD6100CD3020000
(1779322091.731152) can0 18904010#020D020D753001FA
(1779322091.732149) can0 18FA28F4#123EA12C10270000
(1779322091.733146) can0 18FB28F4#D60CD30C40400000
(1779322091.734165) can0 18FC28F4#383200000D020000
(1779322091.735147) can0 18F810F3#0D02E80332640100
(1779322091.736175) can0 18F815F3#0000000010030000
(1779322091.737082) can0 273#000000000D023200
(1779322091.738068) can0 1E1#020D271001FA01FA
(1779322091.739093) can0 1F5#0000000000000000
(1779322091.740172) can0 0800A6A9#0000000000000000
(1779322091.741133) can0 1000A6A9#0D028813324A4A4A
(1779322091.742166) can0 1C00A6A9#0000000000030000
(1779322091.743165) can0 02018100#1003020D00000000
(1779322091.744157) can0 02028100#0000003264000000
(1779322091.745166) can0 02038100#0CD601100CD30102
(1779322091.746162) can0 02048100#4A01014A01010000
(1779322091.747048) can0 1AD#8714000059321818
(1779322091.748056) can0 2AD#D60C800C87140016
(1779322091.749070) can0 3AD#0000000000008714
(1779322091.750083) can0 4AD#EB00000000000000
(1779322091.751082) can0 76A#7F00000000000000
(1779322091.813777) can0 0000E005#1702440003B60591
(1779322091.814320) can0 1806E5F4#13CC010003B6023A
(1779322091.815157) can0 0000E000#13CC13CC020D0000
(1779322091.816151) can0 0000E004#181803B603B601E1
(1779322091.817115) can0 0000E006#0CD50CD30CD30CD3
(1779322091.818132) can0 0000E007#0CD30CD50CD50CD5
(1779322091.819133) can0 0000E008#0CD50CD50CD30CD3
(1779322091.820116) can0 0000E009#0CD30CD50CD50CD6
(1779322091.821174) can0 0000E010#0000000000000000
(1779322091.822178) can0 0000E011#0000000000000000
(1779322091.823157) can0 0000E012#0CD4000200000000
(1779322091.824176) can0 0000F001#0000000000000000
(1779322091.825158) can0 18FF28F4#10320000020D0000
(1779322091.826138) can0 18FE28F4#0CD60CD340400000
(1779322091.827159) can0 18FD28F4#1702FA6F00000000
(1779322091.828072) can0 4D4#000032007D0D0203
(1779322091.829048) can0 4D5#D30CD60C40400000
(1779322091.830145) can0 18914010#0CD6100CD3020000
(1779322091.831145) can0 18904010#020D020D753001FA
(1779322091.832144) can0 18FA28F4#123EA12C10270000
(1779322091.833142) can0 18FB28F4#D60CD30C40400000
(1779322091.834157) can0 18FC28F4#383200000D020000
(1779322091.835138) can0 18F810F3#0D02E80332640100
(1779322091.836171) can0 18F815F3#0000000010030000
(1779322091.837088) can0 273#000000000D023200
(1779322091.838055) can0 1E1#020D271001FA01FA
(1779322091.839087) can0 1F5#0000000000000000
(1779322091.840164) can0 0800A6A9#0000000000000000
(1779322091.841124) can0 1000A6A9#0D028813324A4A4A
(1779322091.842158) can0 1C00A6A9#0000000000030000
(1779322091.843158) can0 02018100#1003020D00000000
(1779322091.844158) can0 02028100#0000003264000000
(1779322091.845165) can0 02038100#0CD601100CD30102
(1779322091.846151) can0 02048100#4A01014A01010000
(1779322091.847038) can0 1AD#8714000059321818
(1779322091.848049) can0 2AD#D60C800C87140016
(1779322091.849061) can0 3AD#0000000000008714
(1779322091.850076) can0 4AD#EB00000000000000
(1779322091.851076) can0 76A#7F00000000000000
(1779322091.930757) can0 0000E005#1702440003B60591
(1779322091.931266) can0 1806E5F4#13CC010003B6023A
(1779322091.932156) can0 0000E000#13CC13CC020D0000
(1779322091.933136) can0 0000E004#181803B603B601E1
(1779322091.934117) can0 0000E006#0CD50CD30CD50CD3
(1779322091.935124) can0 0000E007#0CD30CD50CD30CD5
(1779322091.936130) can0 0000E008#0CD50CD30CD30CD5
(1779322091.937130) can0 0000E009#0CD50CD50CD50CD6
(1779322091.938226) can0 0000E010#0000000000000000
(1779322091.939175) can0 0000E011#0000000000000000
(1779322091.940161) can0 0000E012#0CD4000200000000
(1779322091.941126) can0 0000E013#4542323630354C43
(1779322091.942150) can0 0000E014#3134323300000000
(1779322091.943160) can0 0000E015#0000000000000003
(1779322091.944181) can0 0000F000#0000000000000000
(1779322091.945162) can0 0000F001#0000000000000000
(1779322091.946213) can0 18FF28F4#10320000020D0000
(1779322091.947142) can0 18FE28F4#0CD60CD340400000
(1779322091.948150) can0 18FD28F4#1702FA6F00000000
(1779322091.949061) can0 4D4#000032007D0D0203
(1779322091.950042) can0 4D5#D30CD60C40400000
(1779322091.951141) can0 18914010#0CD6100CD3020000
(1779322091.952139) can0 18904010#020D020D753001FA
(1779322091.953150) can0 18924010#4001400100000000
(1779322091.954150) can0 18934010#000000640000BC19
(1779322091.955160) can0 18944010#1003000000000000
(1779322091.956175) can0 18954010#0000000000000000
(1779322091.957175) can0 18954010#0100000000000000
(1779322091.958175) can0 18954010#0200000000000000
(1779322091.959157) can0 18954010#0300000000000000
(1779322091.960170) can0 18954010#0400000000000000
(1779322091.961157) can0 18954010#0500000000000000
(1779322091.962172) can0 18964010#0040404000000000
(1779322091.963164) can0 18974010#0000000000000000
(1779322091.964163) can0 18984010#0000000000000000
(1779322091.965144) can0 18FA28F4#123EA12C10270000
(1779322091.966137) can0 18FB28F4#D60CD30C40400000
(1779322091.967153) can0 18FC28F4#383200000D020000
(1779322091.968138) can0 18F810F3#0D02E80332640100
(1779322091.969150) can0 18F811F3#D60C1001D30C0201
(1779322091.970146) can0 18F812F3#4001014001010000
(1779322091.971157) can0 18F813F3#0101000000000000
(1779322091.972145) can0 18F814F3#3200EA1AA9015F00
(1779322091.973173) can0 18F815F3#0000000010030000
(1779322091.974068) can0 273#000000000D023200
(1779322091.975049) can0 1E1#020D271001FA01FA
(1779322091.976081) can0 1F5#0000000000000000
(1779322091.977163) can0 0800A6A9#0000000000000000
(1779322091.978121) can0 1000A6A9#0D028813324A4A4A
(1779322091.979149) can0 1C00A6A9#0000000000030000
(1779322091.980167) can0 02018100#1003020D00000000
(1779322091.981166) can0 02028100#0000003264000000
(1779322091.982145) can0 02038100#0CD601100CD30102
(1779322091.983143) can0 02048100#4A01014A01010000
(1779322091.984030) can0 1AD#8714000059321818
(1779322091.985043) can0 2AD#D60C800C87140016
(1779322091.986063) can0 3AD#0000000000008714
(1779322091.987076) can0 4AD#EB00000000000000
(1779322091.988078) can0 76A#7F00000000000000
(1779322092.046757) can0 0000E005#1702440003B60591
(1779322092.047306) can0 1806E5F4#13CC010003B6023A
(1779322092.048134) can0 0000E000#13CC13CC020D0000
(1779322092.049143) can0 0000E004#181803B603B601E1
(1779322092.050123) can0 0000E006#0CD50CD30CD50CD3
(1779322092.051124) can0 0000E007#0CD30CD50CD30CD5
(1779322092.052116) can0 0000E008#0CD50CD30CD30CD5
(1779322092.053117) can0 0000E009#0CD50CD50CD50CD6
(1779322092.054171) can0 0000E010#0000000000000000
(1779322092.055164) can0 0000E011#0000000000000000
(1779322092.056149) can0 0000E012#0CD4000200000000
(1779322092.057175) can0 0000F001#0000000000000000
(1779322092.058162) can0 18FF28F4#10320000020D0000
(1779322092.059143) can0 18FE28F4#0CD60CD340400000
(1779322092.060150) can0 18FD28F4#1702FA6F00000000
(1779322092.061059) can0 4D4#000032007D0D0203
(1779322092.062041) can0 4D5#D30CD60C40400000
(1779322092.063137) can0 18914010#0CD6100CD3020000
(1779322092.064131) can0 18904010#020D020D753001FA
(1779322092.065143) can0 18FA28F4#123EA12C10270000
(1779322092.066132) can0 18FB28F4#D60CD30C40400000
(1779322092.067171) can0 18FC28F4#383200000D020000
(1779322092.068147) can0 18F810F3#0D02E80332640100
(1779322092.069163) can0 18F815F3#0000000010030000
(1779322092.070061) can0 273#000000000D023200
(1779322092.071041) can0 1E1#020D271001FA01FA
(1779322092.072066) can0 1F5#0000000000000000
(1779322092.073156) can0 0800A6A9#0000000000000000
(1779322092.074121) can0 1000A6A9#0D028813324A4A4A
(1779322092.075151) can0 1C00A6A9#0000000000030000
(1779322092.076180) can0 02018100#1003020D00000000
(1779322092.077169) can0 02028100#0000003264000000
(1779322092.078147) can0 02038100#0CD601100CD30102
(1779322092.079144) can0 02048100#4A01014A01010000
(1779322092.080041) can0 1AD#8714000059321818
(1779322092.081041) can0 2AD#D60C800C87140016
(1779322092.082054) can0 3AD#0000000000008714
(1779322092.083067) can0 4AD#EB00000000000000
(1779322092.084095) can0 76A#7F00000000000000
(1779322092.146769) can0 0000E005#1702440003B60591
(1779322092.147253) can0 1806E5F4#13CC010003B6023A
(1779322092.148157) can0 0000E000#13CC13CC020D0000
(1779322092.149130) can0 0000E004#181803B603B601E1
(1779322092.150119) can0 0000E006#0CD50CD30CD50CD3
(1779322092.151117) can0 0000E007#0CD30CD50CD30CD5
(1779322092.152115) can0 0000E008#0CD50CD30CD30CD5
(1779322092.153141) can0 0000E009#0CD50CD50CD50CD6
(1779322092.154172) can0 0000E010#0000000000000000
(1779322092.155160) can0 0000E011#0000000000000000
(1779322092.156157) can0 0000E012#0CD4000200000000
(1779322092.157171) can0 0000F001#0000000000000000
(1779322092.158154) can0 18FF28F4#10320000020D0000
(1779322092.159136) can0 18FE28F4#0CD60CD340400000
(1779322092.160147) can0 18FD28F4#1702FA6F00000000
(1779322092.161084) can0 4D4#000032007D0D0203
(1779322092.162034) can0 4D5#D30CD60C40400000
(1779322092.163129) can0 18914010#0CD6100CD3020000
(1779322092.164130) can0 18904010#020D020D753001FA
(1779322092.165143) can0 18FA28F4#123EA12C10270000
(1779322092.166124) can0 18FB28F4#D60CD30C40400000
(1779322092.167156) can0 18FC28F4#383200000D020000
(1779322092.168123) can0 18F810F3#0D02E80332640100
(1779322092.169194) can0 18F815F3#0000000010030000
(1779322092.170053) can0 273#000000000D023200
(1779322092.171052) can0 1E1#020D271001FA01FA
(1779322092.172065) can0 1F5#0000000000000000
(1779322092.173160) can0 0800A6A9#0000000000000000
(1779322092.174110) can0 1000A6A9#0D028813324A4A4A
(1779322092.175142) can0 1C00A6A9#0000000000030000
(1779322092.176154) can0 02018100#1003020D00000000
(1779322092.177206) can0 02028100#0000003264000000
(1779322092.178135) can0 02038100#0CD601100CD30102
(1779322092.179136) can0 02048100#4A01014A01010000
(1779322092.180034) can0 1AD#8714000059321818
(1779322092.181026) can0 2AD#D60C800C87140016
(1779322092.182059) can0 3AD#0000000000008714
(1779322092.183059) can0 4AD#EB00000000000000
(1779322092.184052) can0 76A#7F00000000000000
(1779322092.246708) can0 0000E005#1702440003B60591
(1779322092.247246) can0 1806E5F4#13CC010003B6023A
(1779322092.248147) can0 0000E000#13CC13CC020D0000
(1779322092.249126) can0 0000E004#181803B603B601E1
(1779322092.250107) can0 0000E006#0CD50CD50CD50CD3
(1779322092.251107) can0 0000E007#0CD30CD30CD50CD5
(1779322092.252120) can0 0000E008#0CD50CD50CD30CD5
(1779322092.253101) can0 0000E009#0CD50CD50CD50CD6
(1779322092.254212) can0 0000E010#0000000000000000
(1779322092.255164) can0 0000E011#0000000000000000
(1779322092.256145) can0 0000E012#0CD4000200000000
(1779322092.257165) can0 0000F001#0000000000000000
(1779322092.258140) can0 18FF28F4#10320000020D0000
(1779322092.259127) can0 18FE28F4#0CD60CD340400000
(1779322092.260139) can0 18FD28F4#1702FA6F00000000
(1779322092.261043) can0 4D4#000032007D0D0203
(1779322092.262043) can0 4D5#D30CD60C40400000
(1779322092.263133) can0 18914010#0CD6100CD3040000
(1779322092.264122) can0 18904010#020D020D753001FA
(1779322092.265133) can0 18FA28F4#123EA12C10270000
(1779322092.266115) can0 18FB28F4#D60CD30C40400000
(1779322092.267146) can0 18FC28F4#383200000D020000
(1779322092.268114) can0 18F810F3#0D02E80332640100
(1779322092.269159) can0 18F815F3#0000000010030000
(1779322092.270040) can0 273#000000000D023200
(1779322092.271044) can0 1E1#020D271001FA01FA
(1779322092.272057) can0 1F5#0000000000000000
(1779322092.273152) can0 0800A6A9#0000000000000000
(1779322092.274101) can0 1000A6A9#0D028813324A4A4A
(1779322092.275134) can0 1C00A6A9#0000000000030000
(1779322092.276146) can0 02018100#1003020D00000000
(1779322092.277146) can0 02028100#0000003264000000
(1779322092.278122) can0 02038100#0CD601100CD30104
(1779322092.279128) can0 02048100#4A01014A01010000
(1779322092.280026) can0 1AD#8714000059321818
(1779322092.281019) can0 2AD#D60C800C87140016
(1779322092.282049) can0 3AD#0000000000008714
(1779322092.283064) can0 4AD#EB00000000000000
(1779322092.284064) can0 76A#7F00000000000000
(1779322092.346777) can0 0000E005#1702440003B60591
(1779322092.347294) can0 1806E5F4#13CC010003B6023A
(1779322092.348146) can0 0000E000#13CC13CC020D0000
(1779322092.349125) can0 0000E004#181803B603B601E1
(1779322092.350105) can0 0000E006#0CD50CD50CD50CD3
(1779322092.351097) can0 0000E007#0CD30CD30CD50CD5
(1779322092.352118) can0 0000E008#0CD50CD50CD30CD5
(1779322092.353099) can0 0000E009#0CD50CD50CD50CD6
(1779322092.354164) can0 0000E010#0000000000000000
(1779322092.355164) can0 0000E011#0000000000000000
(1779322092.356143) can0 0000E012#0CD4000200000000
(1779322092.357172) can0 0000F001#0000000000000000
(1779322092.358138) can0 18FF28F4#10320000020D0000
(1779322092.359125) can0 18FE28F4#0CD60CD340400000
(1779322092.360138) can0 18FD28F4#1702FA6F00000000
(1779322092.361055) can0 4D4#000032007D0D0203
(1779322092.362028) can0 4D5#D30CD60C40400000
(1779322092.363112) can0 18914010#0CD6100CD3040000
(1779322092.364132) can0 18904010#020D020D753001FA
(1779322092.365125) can0 18FA28F4#123EA12C10270000
(1779322092.366128) can0 18FB28F4#D60CD30C40400000
(1779322092.367143) can0 18FC28F4#383200000D020000
(1779322092.368130) can0 18F810F3#0D02E80332640100
(1779322092.369154) can0 18F815F3#0000000010030000
(1779322092.370036) can0 273#000000000D023200
(1779322092.371036) can0 1E1#020D271001FA01FA
(1779322092.372068) can0 1F5#0000000000000000
(1779322092.373145) can0 0800A6A9#0000000000000000
(1779322092.374104) can0 1000A6A9#0D028813324A4A4A
(1779322092.375145) can0 1C00A6A9#0000000000030000
(1779322092.376171) can0 02018100#1003020D00000000
(1779322092.377139) can0 02028100#0000003264000000
(1779322092.378131) can0 02038100#0CD601100CD30104
(1779322092.379133) can0 02048100#4A01014A01010000
(1779322092.380019) can0 1AD#8714000059321818
(1779322092.381030) can0 2AD#D60C800C87140016
(1779322092.382043) can0 3AD#0000000000008714
(1779322092.383055) can0 4AD#EB00000000000000
(1779322092.384088) can0 76A#7F00000000000000
(1779322092.463783) can0 0000E005#1702440003B60591
(1779322092.464291) can0 1806E5F4#13CC010003B6023A
(1779322092.465124) can0 0000E000#13CC13CC020D0000
(1779322092.466124) can0 0000E004#181803B603B601E1
(1779322092.467105) can0 0000E006#0CD50CD50CD30CD3
(1779322092.468104) can0 0000E007#0CD50CD50CD30CD5
(1779322092.469136) can0 0000E008#0CD50CD50CD50CD3
(1779322092.470104) can0 0000E009#0CD50CD50CD50CD6
(1779322092.471149) can0 0000E010#0000000000000000
(1779322092.472149) can0 0000E011#0000000000000000
(1779322092.473131) can0 0000E012#0CD4000200000000
(1779322092.474098) can0 0000E013#4542323630354C43
(1779322092.475125) can0 0000E014#3134323300000000
(1779322092.476146) can0 0000E015#0000000000000003
(1779322092.477208) can0 0000F000#0000000000000000
(1779322092.478156) can0 0000F001#0000000000000000
(1779322092.479137) can0 18FF28F4#10320000020D0000
(1779322092.480119) can0 18FE28F4#0CD60CD340400000
(1779322092.481137) can0 18FD28F4#1702FA6F00000000
(1779322092.482035) can0 4D4#000032007D0D0203
(1779322092.483034) can0 4D5#D30CD60C40400000
(1779322092.484111) can0 18914010#0CD6100CD3030000
(1779322092.485112) can0 18904010#020D020D753001FA
(1779322092.486144) can0 18924010#4001400100000000
(1779322092.487125) can0 18934010#000000650000BC19
(1779322092.488132) can0 18944010#1003000000000000
(1779322092.489150) can0 18954010#0000000000000000
(1779322092.490150) can0 18954010#0100000000000000
(1779322092.491151) can0 18954010#0200000000000000
(1779322092.492144) can0 18954010#0300000000000000
(1779322092.493195) can0 18954010#0400000000000000
(1779322092.494144) can0 18954010#0500000000000000
(1779322092.495144) can0 18964010#0040404000000000
(1779322092.496138) can0 18974010#0000000000000000
(1779322092.497137) can0 18984010#0000000000000000
(1779322092.498119) can0 18FA28F4#123EA12C10270000
(1779322092.499113) can0 18FB28F4#D60CD30C40400000
(1779322092.500141) can0 18FC28F4#383200000D020000
(1779322092.501113) can0 18F810F3#0D02E80332640100
(1779322092.502125) can0 18F811F3#D60C1001D30C0301
(1779322092.503120) can0 18F812F3#4001014001010000
(1779322092.504144) can0 18F813F3#0101000000000000
(1779322092.505112) can0 18F814F3#3200EA1AA9015F00
(1779322092.506144) can0 18F815F3#0000000010030000
(1779322092.507043) can0 273#000000000D023200
(1779322092.508023) can0 1E1#020D271001FA01FA
(1779322092.509055) can0 1F5#0000000000000000
(1779322092.510151) can0 0800A6A9#0000000000000000
(1779322092.511100) can0 1000A6A9#0D028813324A4A4A
(1779322092.512125) can0 1C00A6A9#0000000000030000
(1779322092.513145) can0 02018100#1003020D00000000
(1779322092.514145) can0 02028100#0000003264000000
(1779322092.515126) can0 02038100#0CD601100CD30103
(1779322092.516122) can0 02048100#4A01014A01010000
(1779322092.517023) can0 1AD#8714000059321818
(1779322092.518024) can0 2AD#D60C800C87140016
(1779322092.519042) can0 3AD#0000000000008714
(1779322092.520051) can0 4AD#EB00000000000000
(1779322092.521050) can0 76A#7F00000000000000
(1779322092.579680) can0 0000E005#1702440003B60591
(1779322092.580241) can0 1806E5F4#13CC010003B6023A
(1779322092.581131) can0 0000E000#13CC13CC020D0000
(1779322092.582117) can0 0000E004#181803B603B601E1
(1779322092.583104) can0 0000E006#0CD50CD50CD30CD3
(1779322092.584097) can0 0000E007#0CD50CD50CD30CD5
(1779322092.585093) can0 0000E008#0CD50CD50CD50CD3
(1779322092.586097) can0 0000E009#0CD50CD50CD50CD6
(1779322092.587161) can0 0000E010#0000000000000000
(1779322092.588143) can0 0000E011#0000000000000000
(1779322092.589143) can0 0000E012#0CD4000200000000
(1779322092.590156) can0 0000F001#0000000000000000
(1779322092.591137) can0 18FF28F4#10320000020D0000
(1779322092.592117) can0 18FE28F4#0CD60CD340400000
(1779322092.593130) can0 18FD28F4#1702FA6F00000000
(1779322092.594034) can0 4D4#000032007D0D0203
(1779322092.595015) can0 4D5#D30CD60C40400000
(1779322092.596110) can0 18914010#0CD6100CD3030000
(1779322092.597110) can0 18904010#020D020D753001FA
(1779322092.598123) can0 18FA28F4#123EA12C10270000
(1779322092.599124) can0 18FB28F4#D60CD30C40400000
(1779322092.600137) can0 18FC28F4#383200000D020000
(1779322092.601104) can0 18F810F3#0D02E80332640100
(1779322092.602137) can0 18F815F3#0000000010030000
(1779322092.603035) can0 273#000000000D023200
(1779322092.604035) can0 1E1#020D271001FA01FA
(1779322092.605047) can0 1F5#0000000000000000
(1779322092.606143) can0 0800A6A9#0000000000000000
(1779322092.607124) can0 1000A6A9#0D028813324A4A4A
(1779322092.608124) can0 1C00A6A9#0000000000030000
(1779322092.609132) can0 02018100#1003020D00000000
(1779322092.610136) can0 02028100#0000003264000000
(1779322092.611118) can0 02038100#0CD601100CD30103
(1779322092.612131) can0 02048100#4A01014A01010000
(1779322092.613016) can0 1AD#8714000059321818
(1779322092.614009) can0 2AD#D60C800C87140016
(1779322092.615073) can0 3AD#0000000000008714
(1779322092.616054) can0 4AD#EB00000000000000
(1779322092.617048) can0 76A#7F00000000000000
(1779322092.679679) can0 0000E005#1702440003B60591
(1779322092.680228) can0 1806E5F4#13CC010003B6023A
(1779322092.681122) can0 0000E000#13CC13CC020D0000
(1779322092.682099) can0 0000E004#181803B603B601E1
(1779322092.683095) can0 0000E006#0CD50CD50CD30CD3
(1779322092.684124) can0 0000E007#0CD50CD50CD30CD5
(1779322092.685104) can0 0000E008#0CD50CD50CD50CD3
(1779322092.686102) can0 0000E009#0CD50CD50CD50CD6
(1779322092.687147) can0 0000E010#0000000000000000
(1779322092.688147) can0 0000E011#0000000000000000
(1779322092.689128) can0 0000E012#0CD4000200000000
(1779322092.690142) can0 0000F001#0000000000000000
(1779322092.691122) can0 18FF28F4#10320000020D0000
(1779322092.692141) can0 18FE28F4#0CD60CD340400000
(1779322092.693122) can0 18FD28F4#1702FA6F00000000
(1779322092.694037) can0 4D4#000032007D0D0203
(1779322092.695020) can0 4D5#D30CD60C40400000
(1779322092.696116) can0 18914010#0CD6100CD3030000
(1779322092.697116) can0 18904010#020D020D753001FA
(1779322092.698115) can0 18FA28F4#123EA12C10270000
(1779322092.699115) can0 18FB28F4#D60CD30C40400000
(1779322092.700173) can0 18FC28F4#383200000D020000
(1779322092.701109) can0 18F810F3#0D02E80332640100
(1779322092.702135) can0 18F815F3#0000000010030000
(1779322092.703026) can0 273#000000000D023200
(1779322092.704026) can0 1E1#020D271001FA01FA
(1779322092.705052) can0 1F5#0000000000000000
(1779322092.706130) can0 0800A6A9#0000000000000000
(1779322092.707099) can0 1000A6A9#0D028813324A4A4A
(1779322092.708184) can0 1C00A6A9#0000000000030000
(1779322092.709129) can0 02018100#1003020D00000000
(1779322092.710129) can0 02028100#0000003264000000
(1779322092.711110) can0 02038100#0CD601100CD30103
(1779322092.712123) can0 02048100#4A01014A01010000
(1779322092.713008) can0 1AD#8714000059321818
(1779322092.714015) can0 2AD#D60C800C87140016
(1779322092.715034) can0 3AD#0000000000008714
(1779322092.716046) can0 4AD#EB00000000000000
(1779322092.717040) can0 76A#7F00000000000000
(1779322092.779719) can0 0000E005#1702440003B60591
(1779322092.780270) can0 1806E5F4#13CC010003B6023A
(1779322092.781120) can0 0000E000#13CC13CC020D0000
(1779322092.782120) can0 0000E004#181803B603B601E1
(1779322092.783101) can0 0000E006#0CD50CD30CD50CD5
(1779322092.784082) can0 0000E007#0CD50CD30CD50CD5
(1779322092.785146) can0 0000E008#0CD50CD50CD50CD5
(1779322092.786081) can0 0000E009#0CD30CD50CD50CD6
(1779322092.787141) can0 0000E010#0000000000000000
(1779322092.788139) can0 0000E011#0000000000000000
(1779322092.789143) can0 0000E012#0CD4000200000000
(1779322092.790169) can0 0000F001#0000000000000000
(1779322092.791131) can0 18FF28F4#10320000020D0000
(1779322092.792104) can0 18FE28F4#0CD60CD340400000
(1779322092.793122) can0 18FD28F4#1702FA6F00000000
(1779322092.794048) can0 4D4#000032007D0D0203
(1779322092.795021) can0 4D5#D30CD60C40400000
(1779322092.796121) can0 18914010#0CD6100CD3020000
(1779322092.797118) can0 18904010#020D020D753001FA
(1779322092.798124) can0 18FA28F4#123EA12C10270000
(1779322092.799128) can0 18FB28F4#D60CD30C40400000
(1779322092.800134) can0 18FC28F4#383200000D020000
(1779322092.801114) can0 18F810F3#0D02E80332640100
(1779322092.802135) can0 18F815F3#0000000010030000
(1779322092.803047) can0 273#000000000D023200
(1779322092.804022) can0 1E1#020D271001FA01FA
(1779322092.805054) can0 1F5#0000000000000000
(1779322092.806129) can0 0800A6A9#0000000000000000
(1779322092.807097) can0 1000A6A9#0D028813324A4A4A
(1779322092.808132) can0 1C00A6A9#0000000000030000
(1779322092.809129) can0 02018100#1003020D00000000
(1779322092.810122) can0 02028100#0000003264000000
(1779322092.811121) can0 02038100#0CD601100CD30102
(1779322092.812117) can0 02048100#4A01014A01010000
(1779322092.813001) can0 1AD#8714000059321818
(1779322092.814020) can0 2AD#D60C800C87140016
(1779322092.815032) can0 3AD#0000000000008714
(1779322092.816045) can0 4AD#EB00000000000000
(1779322092.817042) can0 76A#7F00000000000000
(1779322092.879690) can0 0000E005#1702440003B60591
(1779322092.880232) can0 1806E5F4#13CC010003B6023A
(1779322092.881116) can0 0000E000#13CC13CC020D0000
(1779322092.882123) can0 0000E004#181803B603B601E1
(1779322092.883100) can0 0000E006#0CD50CD30CD50CD5
(1779322092.884093) can0 0000E007#0CD50CD30CD50CD5
(1779322092.885108) can0 0000E008#0CD50CD50CD50CD5
(1779322092.886096) can0 0000E009#0CD30CD50CD50CD6
(1779322092.887140) can0 0000E010#0000000000000000
(1779322092.888139) can0 0000E011#0000000000000000
(1779322092.889123) can0 0000E012#0CD4000200000000
(1779322092.890136) can0 0000F001#0000000000000000
(1779322092.891133) can0 18FF28F4#10320000020D0000
(1779322092.892103) can0 18FE28F4#0CD60CD340400000
(1779322092.893116) can0 18FD28F4#1702FA6F00000000
(1779322092.894039) can0 4D4#000032007D0D0203
(1779322092.895014) can0 4D5#D30CD60C40400000
(1779322092.896099) can0 18914010#0CD6100CD3020000
(1779322092.897107) can0 18904010#020D020D753001FA
(1779322092.898100) can0 18FA28F4#123EA12C10270000
(1779322092.899119) can0 18FB28F4#D60CD30C40400000
(1779322092.900133) can0 18FC28F4#383200000D020000
(1779322092.901107) can0 18F810F3#0D02E80332640100
(1779322092.902135) can0 18F815F3#0000000010030000
(1779322092.903034) can0 273#000000000D023200
(1779322092.904021) can0 1E1#020D271001FA01FA
(1779322092.905048) can0 1F5#0000000000000000
(1779322092.906125) can0 0800A6A9#0000000000000000
(1779322092.907110) can0 1000A6A9#0D028813324A4A4A
(1779322092.908118) can0 1C00A6A9#0000000000030000
(1779322092.909134) can0 02018100#1003020D00000000
(1779322092.910132) can0 02028100#0000003264000000
(1779322092.911114) can0 02038100#0CD601100CD30102
(1779322092.912102) can0 02048100#4A01014A01010000
(1779322092.913011) can0 1AD#8714000059321818
(1779322092.914005) can0 2AD#D60C800C87140016
(1779322092.915053) can0 3AD#0000000000008714
(1779322092.916034) can0 4AD#EB00000000000000
(1779322092.917033) can0 76A#7F00000000000000
(1779322092.996725) can0 0000E005#1702440003B60591
(1779322092.997276) can0 1806E5F4#13CC010003B6023A
(1779322092.998118) can0 0000E000#13CC13CC020D0000
(1779322092.999110) can0 0000E004#181803B603B601E1
(1779322093.000122) can0 0000E006#0CD30CD30CD30CD3
(1779322093.001086) can0 0000E007#0CD50CD30CD50CD5
(1779322093.002085) can0 0000E008#0CD50CD50CD30CD3
(1779322093.003089) can0 0000E009#0CD50CD50CD50CD6
(1779322093.004154) can0 0000E010#0000000000000000
(1779322093.005141) can0 0000E011#0000000000000000
(1779322093.006112) can0 0000E012#0CD4000200000000
(1779322093.007098) can0 0000E013#4542323630354C43
(1779322093.008161) can0 0000E014#3134323300000000
(1779322093.009138) can0 0000E015#0000000000000003
(1779322093.010145) can0 0000F000#0000000000000000
(1779322093.011137) can0 0000F001#0000000000000000
(1779322093.012121) can0 18FF28F4#10320000020D0000
(1779322093.013095) can0 18FE28F4#0CD60CD340400000
(1779322093.014114) can0 18FD28F4#1702FA6F00000000
(1779322093.015036) can0 4D4#000032007D0D0203
(1779322093.016048) can0 4D5#D30CD60C40400000
(1779322093.017106) can0 18914010#0CD6100CD3010000
(1779322093.018111) can0 18904010#020D020D753001FA
(1779322093.019120) can0 18924010#4001400100000000
(1779322093.020116) can0 18934010#000000660000BC19
(1779322093.021124) can0 18944010#1003000000000000
(1779322093.022133) can0 18954010#0000000000000000
(1779322093.023132) can0 18954010#0100000000000000
(1779322093.024186) can0 18954010#0200000000000000
(1779322093.025126) can0 18954010#0300000000000000
(1779322093.026126) can0 18954010#0400000000000000
(1779322093.027126) can0 18954010#0500000000000000
(1779322093.028125) can0 18964010#0040404000000000
(1779322093.029134) can0 18974010#0000000000000000
(1779322093.030135) can0 18984010#0000000000000000
(1779322093.031104) can0 18FA28F4#123EA12C10270000
(1779322093.032097) can0 18FB28F4#D60CD30C40400000
(1779322093.033122) can0 18FC28F4#383200000D020000
(1779322093.034088) can0 18F810F3#0D02E80332640100
(1779322093.035105) can0 18F811F3#D60C1001D30C0101
(1779322093.036116) can0 18F812F3#4001014001010000
(1779322093.037133) can0 18F813F3#0101000000000000
(1779322093.038099) can0 18F814F3#3200EA1AA9015F00
(1779322093.039120) can0 18F815F3#0000000010030000
(1779322093.040027) can0 273#000000000D023200
(1779322093.041019) can0 1E1#020D271001FA01FA
(1779322093.042050) can0 1F5#0000000000000000
(1779322093.043134) can0 0800A6A9#0000000000000000
(1779322093.044079) can0 1000A6A9#0D028813324A4A4A
(1779322093.045131) can0 1C00A6A9#0000000000030000
(1779322093.046122) can0 02018100#1003020D00000000
(1779322093.047131) can0 02028100#0000003264000000
(1779322093.048114) can0 02038100#0CD601100CD30101
(1779322093.049110) can0 02048100#4A01014A01010000
(1779322093.050010) can0 1AD#8714000059321818
(1779322093.051004) can0 2AD#D60C800C87140016
(1779322093.052033) can0 3AD#0000000000008714
(1779322093.053047) can0 4AD#EB00000000000000
(1779322093.054036) can0 76A#7F00000000000000
(1779322093.112682) can0 0000E005#1702440003B60591
(1779322093.113220) can0 1806E5F4#13CC010003B6023A
(1779322093.114097) can0 0000E000#13CC13CC020D0000
(1779322093.115103) can0 0000E004#181803B603B601E1
(1779322093.116084) can0 0000E006#0CD30CD30CD30CD3
(1779322093.117079) can0 0000E007#0CD50CD30CD50CD5
(1779322093.118085) can0 0000E008#0CD50CD50CD30CD3
(1779322093.119092) can0 0000E009#0CD50CD50CD50CD6
(1779322093.120130) can0 0000E010#0000000000000000
(1779322093.121128) can0 0000E011#0000000000000000
(1779322093.122120) can0 0000E012#0CD4000200000000
(1779322093.123137) can0 0000F001#0000000000000000
(1779322093.124117) can0 18FF28F4#10320000020D0000
(1779322093.125100) can0 18FE28F4#0CD60CD340400000
(1779322093.126112) can0 18FD28F4#1702FA6F00000000
(1779322093.127017) can0 4D4#000032007D0D0203
(1779322093.127997) can0 4D5#D30CD60C40400000
(1779322093.129093) can0 18914010#0CD6100CD3010000
(1779322093.130109) can0 18904010#020D020D753001FA
(1779322093.131111) can0 18FA28F4#123EA12C10270000
(1779322093.132089) can0 18FB28F4#D60CD30C40400000
(1779322093.133119) can0 18FC28F4#383200000D020000
(1779322093.134086) can0 18F810F3#0D02E80332640100
(1779322093.135113) can0 18F815F3#0000000010030000
(1779322093.136020) can0 273#000000000D023200
(1779322093.137022) can0 1E1#020D271001FA01FA
(1779322093.138061) can0 1F5#0000000000000000
(1779322093.139126) can0 0800A6A9#0000000000000000
(1779322093.140073) can0 1000A6A9#0D028813324A4A4A
(1779322093.141106) can0 1C00A6A9#0000000000030000
(1779322093.142113) can0 02018100#1003020D00000000
(1779322093.143118) can0 02028100#0000003264000000
(1779322093.144099) can0 02038100#0CD601100CD30101
(1779322093.145093) can0 02048100#4A01014A01010000
(1779322093.146033) can0 1AD#8714000059321818
(1779322093.146992) can0 2AD#D60C800C87140016
(1779322093.148023) can0 3AD#0000000000008714
(1779322093.149016) can0 4AD#EB00000000000000
(1779322093.150033) can0 76A#7F00000000000000
(1779322093.212709) can0 0000E005#1702440003B60591
(1779322093.213259) can0 1806E5F4#13CC010003B6023A
(1779322093.214109) can0 0000E000#13CC13CC020D0000
(1779322093.215118) can0 0000E004#181803B603B601E1
(1779322093.216071) can0 0000E006#0CD30CD30CD30CD3
(1779322093.217070) can0 0000E007#0CD50CD30CD50CD5
(1779322093.218071) can0 0000E008#0CD50CD50CD30CD3
(1779322093.219084) can0 0000E009#0CD50CD50CD50CD6
(1779322093.220129) can0 0000E010#0000000000000000
(1779322093.221128) can0 0000E011#0000000000000000
(1779322093.222109) can0 0000E012#0CD4000200000000
(1779322093.223153) can0 0000F001#0000000000000000
(1779322093.224109) can0 18FF28F4#10320000020D0000
(1779322093.225090) can0 18FE28F4#0CD60CD340400000
(1779322093.226103) can0 18FD28F4#1702FA6F00000000
(1779322093.227036) can0 4D4#000032007D0D0203
(1779322093.228012) can0 4D5#D30CD60C40400000
(1779322093.229085) can0 18914010#0CD6100CD3010000
(1779322093.230097) can0 18904010#020D020D753001FA
(1779322093.231130) can0 18FA28F4#123EA12C10270000
(1779322093.232098) can0 18FB28F4#D60CD30C40400000
(1779322093.233123) can0 18FC28F4#383200000D020000
(1779322093.234087) can0 18F810F3#0D02E80332640100
(1779322093.235126) can0 18F815F3#0000000010030000
(1779322093.236025) can0 273#000000000D023200
(1779322093.237018) can0 1E1#020D271001FA01FA
(1779322093.238033) can0 1F5#0000000000000000
(1779322093.239163) can0 0800A6A9#0000000000000000
(1779322093.240083) can0 1000A6A9#0D028813324A4A4A
(1779322093.241111) can0 1C00A6A9#0000000000030000
(1779322093.242141) can0 02018100#1003020D00000000
(1779322093.243130) can0 02028100#0000003264000000
(1779322093.244104) can0 02038100#0CD601100CD30101
(1779322093.245107) can0 02048100#4A01014A01010000
(1779322093.245990) can0 1AD#8714000059321818
(1779322093.247049) can0 2AD#D60C800C87140016
(1779322093.248015) can0 3AD#0000000000008714
(1779322093.249027) can0 4AD#EB00000000000000
(1779322093.250021) can0 76A#7F00000000000000
(1779322093.312693) can0 0000E005#1702440003B60591
(1779322093.313257) can0 1806E5F4#13CC010003B6023A
(1779322093.314110) can0 0000E000#13CC13CC020D0000
(1779322093.315107) can0 0000E004#181803B603B601E1
(1779322093.316134) can0 0000E006#0CD50CD30CD50CD5
(1779322093.317079) can0 0000E007#0CD30CD30CD50CD5
(1779322093.318071) can0 0000E008#0CD50CD50CD50CD5
(1779322093.319070) can0 0000E009#0CD50CD50CD50CD6
(1779322093.320114) can0 0000E010#0000000000000000
(1779322093.321121) can0 0000E011#0000000000000000
(1779322093.322099) can0 0000E012#0CD4000200000000
(1779322093.323129) can0 0000F001#0000000000000000
(1779322093.324107) can0 18FF28F4#10320000020D0000
(1779322093.325095) can0 18FE28F4#0CD60CD340400000
(1779322093.326108) can0 18FD28F4#1702FA6F00000000
(1779322093.327006) can0 4D4#000032007D0D0203
(1779322093.327993) can0 4D5#D30CD60C40400000
(1779322093.329090) can0 18914010#0CD6100CD3020000
(1779322093.330082) can0 18904010#020D020D753001FA
(1779322093.331102) can0 18FA28F4#123EA12C10270000
(1779322093.332075) can0 18FB28F4#D60CD30C40400000
(1779322093.333115) can0 18FC28F4#383200000D020000
(1779322093.334076) can0 18F810F3#0D02E80332640100
(1779322093.335121) can0 18F815F3#0000000010030000
(1779322093.336020) can0 273#000000000D023200
(1779322093.337022) can0 1E1#020D271001FA01FA
(1779322093.338047) can0 1F5#0000000000000000
(1779322093.339127) can0 0800A6A9#0000000000000000
(1779322093.340072) can0 1000A6A9#0D028813324A4A4A
(1779322093.341122) can0 1C00A6A9#0000000000030000
(1779322093.342118) can0 02018100#1003020D00000000
(1779322093.343116) can0 02028100#0000003264000000
(1779322093.344097) can0 02038100#0CD601100CD30102
(1779322093.345092) can0 02048100#4A01014A01010000
(1779322093.345988) can0 1AD#8714000059321818
(1779322093.346988) can0 2AD#D60C800C87140016
(1779322093.348008) can0 3AD#0000000000008714
(1779322093.349013) can0 4AD#EB00000000000000
(1779322093.350026) can0 76A#7F00000000000000
(1779322093.412671) can0 0000E005#1702440003B60591
(1779322093.413211) can0 1806E5F4#13CC010003B6023A
(1779322093.414109) can0 0000E000#13CC13CC020D0000
(1779322093.415101) can0 0000E004#181803B603B601E1
(1779322093.416078) can0 0000E006#0CD50CD30CD50CD5
(1779322093.417071) can0 0000E007#0CD30CD30CD50CD5
(1779322093.418095) can0 0000E008#0CD50CD50CD50CD5
(1779322093.419073) can0 0000E009#0CD50CD50CD50CD6
(1779322093.420136) can0 0000E010#0000000000000000
(1779322093.421127) can0 0000E011#0000000000000000
(1779322093.422110) can0 0000E012#0CD4000200000000
(1779322093.423123) can0 0000F001#0000000000000000
(1779322093.424109) can0 18FF28F4#10320000020D0000
(1779322093.425088) can0 18FE28F4#0CD60CD340400000
(1779322093.426103) can0 18FD28F4#1702FA6F00000000
(1779322093.427024) can0 4D4#000032007D0D0203
(1779322093.428002) can0 4D5#D30CD60C40400000
(1779322093.429075) can0 18914010#0CD6100CD3020000
(1779322093.430102) can0 18904010#020D020D753001FA
(1779322093.431104) can0 18FA28F4#123EA12C10270000
(1779322093.432078) can0 18FB28F4#D60CD30C40400000
(1779322093.433111) can0 18FC28F4#383200000D020000
(1779322093.434087) can0 18F810F3#0D02E80332640100
(1779322093.435130) can0 18F815F3#0000000010030000
(1779322093.436014) can0 273#000000000D023200
(1779322093.437005) can0 1E1#020D271001FA01FA
(1779322093.438037) can0 1F5#0000000000000000
(1779322093.439119) can0 0800A6A9#0000000000000000
(1779322093.440081) can0 1000A6A9#0D028813324A4A4A
(1779322093.441106) can0 1C00A6A9#0000000000030000
(1779322093.442112) can0 02018100#1003020D00000000
(1779322093.443112) can0 02028100#0000003264000000
(1779322093.444093) can0 02038100#0CD601100CD30102
(1779322093.445104) can0 02048100#4A01014A01010000
(1779322093.446003) can0 1AD#8714000059321818
(1779322093.446984) can0 2AD#D60C800C87140016
(1779322093.448018) can0 3AD#0000000000008714
(1779322093.449031) can0 4AD#EB00000000000000
(1779322093.450026) can0 76A#7F00000000000000
(1779322093.529665) can0 0000E005#1702440003B60591
(1779322093.530210) can0 1806E5F4#13CC010003B6023A
(1779322093.531127) can0 0000E000#13CC13CC020D0000
(1779322093.532099) can0 0000E004#181803B603B601E1
(1779322093.533056) can0 0000E006#0CD50CD50CD50CD5
(1779322093.534075) can0 0000E007#0CD30CD30CD30CD5
(1779322093.535064) can0 0000E008#0CD50CD50CD30CD3
(1779322093.536067) can0 0000E009#0CD50CD50CD50CD6
(1779322093.537122) can0 0000E010#0000000000000000
(1779322093.538114) can0 0000E011#0000000000000000
(1779322093.539133) can0 0000E012#0CD4000200000000
(1779322093.540072) can0 0000E013#4542323630354C43
(1779322093.541105) can0 0000E014#3134323300000000
(1779322093.542117) can0 0000E015#0000000000000003
(1779322093.543126) can0 0000F000#0000000000000000
(1779322093.544116) can0 0000F001#0000000000000000
(1779322093.545115) can0 18FF28F4#10320000020D0000
(1779322093.546092) can0 18FE28F4#0CD60CD340400000
(1779322093.547133) can0 18FD28F4#1702FA6F00000000
(1779322093.548003) can0 4D4#000032007D0D0203
(1779322093.548991) can0 4D5#D30CD60C40400000
(1779322093.550088) can0 18914010#0CD6100CD3050000
(1779322093.551075) can0 18904010#020D020D753001FA
(1779322093.552093) can0 18924010#4001400100000000
(1779322093.553094) can0 18934010#000000670000BC19
(1779322093.554114) can0 18944010#1003000000000000
(1779322093.555162) can0 18954010#0000000000000000
(1779322093.556119) can0 18954010#0100000000000000
(1779322093.557119) can0 18954010#0200000000000000
(1779322093.558112) can0 18954010#0300000000000000
(1779322093.559111) can0 18954010#0400000000000000
(1779322093.560095) can0 18954010#0500000000000000
(1779322093.561116) can0 18964010#0040404000000000
(1779322093.562108) can0 18974010#0000000000000000
(1779322093.563109) can0 18984010#0000000000000000
(1779322093.564099) can0 18FA28F4#123EA12C10270000
(1779322093.565070) can0 18FB28F4#D60CD30C40400000
(1779322093.566107) can0 18FC28F4#383200000D020000
(1779322093.567108) can0 18F810F3#0D02E80332640100
(1779322093.568107) can0 18F811F3#D60C1001D30C0501
(1779322093.569107) can0 18F812F3#4001014001010000
(1779322093.570115) can0 18F813F3#0101000000000000
(1779322093.571093) can0 18F814F3#3200EA1AA9015F00
(1779322093.572109) can0 18F815F3#0000000010030000
(1779322093.572999) can0 273#000000000D023200
(1779322093.573993) can0 1E1#020D271001FA01FA
(1779322093.575025) can0 1F5#0000000000000000
(1779322093.576110) can0 0800A6A9#0000000000000000
(1779322093.577069) can0 1000A6A9#0D028813324A4A4A
(1779322093.578095) can0 1C00A6A9#0000000000030000
(1779322093.579095) can0 02018100#1003020D00000000
(1779322093.580094) can0 02028100#0000003264000000
(1779322093.581083) can0 02038100#0CD601100CD30105
(1779322093.582092) can0 02048100#4A01014A01010000
(1779322093.582985) can0 1AD#8714000059321818
(1779322093.583995) can0 2AD#D60C800C87140016
(1779322093.585006) can0 3AD#0000000000008714
(1779322093.586007) can0 4AD#EB00000000000000
(1779322093.587037) can0 76A#7F00000000000000
(1779322093.645704) can0 0000E005#1702440003B60591
(1779322093.646251) can0 1806E5F4#13CC010003B6023A
(1779322093.647082) can0 0000E000#13CC13CC020D0000
(1779322093.648084) can0 0000E004#181803B603B601E1
(1779322093.649066) can0 0000E006#0CD50CD50CD50CD5
(1779322093.650065) can0 0000E007#0CD30CD30CD30CD5
(1779322093.651069) can0 0000E008#0CD50CD50CD30CD3
(1779322093.652062) can0 0000E009#0CD50CD50CD50CD6
(1779322093.653111) can0 0000E010#0000000000000000
(1779322093.654105) can0 0000E011#0000000000000000
(1779322093.655086) can0 0000E012#0CD4000200000000
(1779322093.656118) can0 0000F001#0000000000000000
(1779322093.657098) can0 18FF28F4#10320000020D0000
(1779322093.658096) can0 18FE28F4#0CD60CD340400000
(1779322093.659075) can0 18FD28F4#1702FA6F00000000
(1779322093.659995) can0 4D4#000032007D0D0203
(1779322093.660996) can0 4D5#D30CD60C40400000
(1779322093.662080) can0 18914010#0CD6100CD3050000
(1779322093.663072) can0 18904010#020D020D753001FA
(1779322093.664090) can0 18FA28F4#123EA12C10270000
(1779322093.665081) can0 18FB28F4#D60CD30C40400000
(1779322093.666099) can0 18FC28F4#383200000D020000
(1779322093.667067) can0 18F810F3#0D02E80332640100
(1779322093.668099) can0 18F815F3#0000000010030000
(1779322093.669016) can0 273#000000000D023200
(1779322093.669984) can0 1E1#020D271001FA01FA
(1779322093.671007) can0 1F5#0000000000000000
(1779322093.672096) can0 0800A6A9#0000000000000000
(1779322093.673062) can0 1000A6A9#0D028813324A4A4A
(1779322093.674086) can0 1C00A6A9#0000000000030000
(1779322093.675101) can0 02018100#1003020D00000000
(1779322093.676099) can0 02028100#0000003264000000
(1779322093.677112) can0 02038100#0CD601100CD30105
(1779322093.678080) can0 02048100#4A01014A01010000
(1779322093.678977) can0 1AD#8714000059321818
(1779322093.679977) can0 2AD#D60C800C87140016
(1779322093.681003) can0 3AD#0000000000008714
(1779322093.682003) can0 4AD#EB00000000000000
(1779322093.682993) can0 76A#7F00000000000000
(1779322093.745701) can0 0000E005#1702440003B60591
(1779322093.746250) can0 1806E5F4#13CC010003B6023A
(1779322093.747089) can0 0000E000#13CC13CC020D0000
(1779322093.748093) can0 0000E004#181803B603B601E1
(1779322093.749051) can0 0000E006#0CD50CD50CD50CD5
(1779322093.750064) can0 0000E007#0CD30CD30CD30CD5
(1779322093.751064) can0 0000E008#0CD50CD50CD30CD3
(1779322093.752058) can0 0000E009#0CD50CD50CD50CD6
(1779322093.753118) can0 0000E010#0000000000000000
(1779322093.754122) can0 0000E011#0000000000000000
(1779322093.755091) can0 0000E012#0CD4000200000000
(1779322093.756099) can0 0000F001#0000000000000000
(1779322093.757106) can0 18FF28F4#10320000020D0000
(1779322093.758065) can0 18FE28F4#0CD60CD340400000
(1779322093.759077) can0 18FD28F4#1702FA6F00000000
(1779322093.759997) can0 4D4#000032007D0D0203
(1779322093.760982) can0 4D5#D30CD60C40400000
(1779322093.762109) can0 18914010#0CD6100CD3050000
(1779322093.763071) can0 18904010#020D020D753001FA
(1779322093.764078) can0 18FA28F4#123EA12C10270000
(1779322093.765071) can0 18FB28F4#D60CD30C40400000
(1779322093.766106) can0 18FC28F4#383200000D020000
(1779322093.767073) can0 18F810F3#0D02E80332640100
(1779322093.768096) can0 18F815F3#0000000010030000
(1779322093.769001) can0 273#000000000D023200
(1779322093.770033) can0 1E1#020D271001FA01FA
(1779322093.771017) can0 1F5#0000000000000000
(1779322093.772096) can0 0800A6A9#0000000000000000
(1779322093.773065) can0 1000A6A9#0D028813324A4A4A
(1779322093.774090) can0 1C00A6A9#0000000000030000
(1779322093.775112) can0 02018100#1003020D00000000
(1779322093.776106) can0 02028100#0000003264000000
(1779322093.777079) can0 02038100#0CD601100CD30105
(1779322093.778123) can0 02048100#4A01014A01010000
(1779322093.778976) can0 1AD#8714000059321818
(1779322093.779970) can0 2AD#D60C800C87140016
(1779322093.780995) can0 3AD#0000000000008714
(1779322093.782002) can0 4AD#EB00000000000000
(1779322093.782996) can0 76A#7F00000000000000
(1779322093.845653) can0 0000E005#1702440003B60591
(1779322093.846185) can0 1806E5F4#13CC010003B6023A
(1779322093.847133) can0 0000E000#13CC13CC020D0000
(1779322093.848078) can0 0000E004#181803B603B601E1
(1779322093.849063) can0 0000E006#0CD50CD30CD50CD3
(1779322093.850061) can0 0000E007#0CD30CD30CD50CD5
(1779322093.851064) can0 0000E008#0CD50CD50CD50CD3
(1779322093.852051) can0 0000E009#0CD50CD50CD50CD6
(1779322093.853121) can0 0000E010#0000000000000000
(1779322093.854112) can0 0000E011#0000000000000000
(1779322093.855140) can0 0000E012#0CD4000200000000
(1779322093.856107) can0 0000F001#0000000000000000
(1779322093.857086) can0 18FF28F4#10320000020D0000
(1779322093.858070) can0 18FE28F4#0CD60CD340400000
(1779322093.859083) can0 18FD28F4#1702FA6F00000000
(1779322093.859986) can0 4D4#000032007D0D0203
(1779322093.860993) can0 4D5#D30CD60C40400000
(1779322093.862068) can0 18914010#0CD6100CD3020000
(1779322093.863067) can0 18904010#020D020D753001FA
(1779322093.864079) can0 18FA28F4#123EA12C10270000
(1779322093.865054) can0 18FB28F4#D60CD30C40400000
(1779322093.866089) can0 18FC28F4#383200000D020000
(1779322093.867057) can0 18F810F3#0D02E80332640100
(1779322093.868102) can0 18F815F3#0000000010030000
(1779322093.868987) can0 273#000000000D023200
(1779322093.869987) can0 1E1#020D271001FA01FA
(1779322093.871000) can0 1F5#0000000000000000
(1779322093.872096) can0 0800A6A9#0000000000000000
(1779322093.873045) can0 1000A6A9#0D028813324A4A4A
(1779322093.874077) can0 1C00A6A9#0000000000030000
(1779322093.875097) can0 02018100#1003020D00000000
(1779322093.876090) can0 02028100#0000003264000000
(1779322093.877070) can0 02038100#0CD601100CD30102
(1779322093.878084) can0 02048100#4A01014A01010000
(1779322093.878968) can0 1AD#8714000059321818
(1779322093.879968) can0 2AD#D60C800C87140016
(1779322093.880987) can0 3AD#0000000000008714
(1779322093.882007) can0 4AD#EB00000000000000
(1779322093.883007) can0 76A#7F00000000000000
(1779322093.945678) can0 0000E005#1702440003B60591
(1779322093.946228) can0 1806E5F4#13CC010003B6023A
(1779322093.947080) can0 0000E000#13CC13CC020D0000
(1779322093.948075) can0 0000E004#181803B603B601E1
(1779322093.949062) can0 0000E006#0CD50CD30CD50CD3
(1779322093.950051) can0 0000E007#0CD30CD30CD50CD5
(1779322093.951056) can0 0000E008#0CD50CD50CD50CD3
(1779322093.952055) can0 0000E009#0CD50CD50CD50CD6
(1779322093.953104) can0 0000E010#0000000000000000
(1779322093.954098) can0 0000E011#0000000000000000
(1779322093.955081) can0 0000E012#0CD4000200000000
(1779322093.956093) can0 0000F001#0000000000000000
(1779322093.957081) can0 18FF28F4#10320000020D0000
(1779322093.958062) can0 18FE28F4#0CD60CD340400000
(1779322093.959075) can0 18FD28F4#1702FA6F00000000
(1779322093.959991) can0 4D4#000032007D0D0203
(1779322093.960972) can0 4D5#D30CD60C40400000
(1779322093.962066) can0 18914010#0CD6100CD3020000
(1779322093.963069) can0 18904010#020D020D753001FA
(1779322093.964068) can0 18FA28F4#123EA12C10270000
(1779322093.965062) can0 18FB28F4#D60CD30C40400000
(1779322093.966077) can0 18FC28F4#383200000D020000
(1779322093.967062) can0 18F810F3#0D02E80332640100
(1779322093.968102) can0 18F815F3#0000000010030000
(1779322093.968993) can0 273#000000000D023200
(1779322093.969973) can0 1E1#020D271001FA01FA
(1779322093.971005) can0 1F5#0000000000000000
(1779322093.972101) can0 0800A6A9#0000000000000000
(1779322093.973050) can0 1000A6A9#0D028813324A4A4A
(1779322093.974080) can0 1C00A6A9#0000000000030000
(1779322093.975083) can0 02018100#1003020D00000000
(1779322093.976083) can0 02028100#0000003264000000
(1779322093.977095) can0 02038100#0CD601100CD30102
(1779322093.978068) can0 02048100#4A01014A01010000
(1779322093.978961) can0 1AD#8714000059321818
(1779322093.979973) can0 2AD#D60C800C87140016
(1779322093.980986) can0 3AD#0000000000008714
(1779322093.981998) can0 4AD#EB00000000000000
(1779322093.982998) can0 76A#7F00000000000000
(1779322094.062640) can0 0000E005#1702440003B60591
(1779322094.063188) can0 1806E5F4#13CC010003B6023A
(1779322094.064068) can0 0000E000#13CC13CC020D0000
(1779322094.065066) can0 0000E004#181803B603B601E1
(1779322094.066036) can0 0000E006#0CD50CD50CD50CD5
(1779322094.067049) can0 0000E007#0CD50CD30CD50CD5
(1779322094.068054) can0 0000E008#0CD50CD50CD50CD3
(1779322094.069048) can0 0000E009#0CD50CD50CD50CD6
(1779322094.070124) can0 0000E010#0000000000000000
(1779322094.071093) can0 0000E011#0000000000000000
(1779322094.072083) can0 0000E012#0CD4000200000000
(1779322094.073050) can0 0000E013#4542323630354C43
(1779322094.074074) can0 0000E014#3134323300000000
(1779322094.075091) can0 0000E015#0000000000000003
(1779322094.076095) can0 0000F000#0000000000000000
(1779322094.077103) can0 0000F001#0000000000000000
(1779322094.078148) can0 18FF28F4#10320000020D0000
(1779322094.079072) can0 18FE28F4#0CD60CD340400000
(1779322094.080087) can0 18FD28F4#1702FA6F00000000
(1779322094.080990) can0 4D4#000032007D0D0203
(1779322094.081973) can0 4D5#D30CD60C40400000
(1779322094.083056) can0 18914010#0CD6100CD3060000
(1779322094.084062) can0 18904010#020D020D753001FA
(1779322094.085097) can0 18924010#4001400100000000
(1779322094.086130) can0 18934010#000000680000BC19
(1779322094.087085) can0 18944010#1003000000000000
(1779322094.088097) can0 18954010#0000000000000000
(1779322094.089096) can0 18954010#0100000000000000
(1779322094.090102) can0 18954010#0200000000000000
(1779322094.091101) can0 18954010#0300000000000000
(1779322094.092093) can0 18954010#0400000000000000
(1779322094.093094) can0 18954010#0500000000000000
(1779322094.094088) can0 18964010#0040404000000000
(1779322094.095081) can0 18974010#0000000000000000
(1779322094.096082) can0 18984010#0000000000000000
(1779322094.097061) can0 18FA28F4#123EA12C10270000
(1779322094.098055) can0 18FB28F4#D60CD30C40400000
(1779322094.099087) can0 18FC28F4#383200000D020000
(1779322094.100052) can0 18F810F3#0D02E80332640100
(1779322094.101081) can0 18F811F3#D60C1001D30C0601
(1779322094.102077) can0 18F812F3#4001014001010000
(1779322094.103096) can0 18F813F3#0101000000000000
(1779322094.104052) can0 18F814F3#3200EA1AA9015F00
(1779322094.105088) can0 18F815F3#0000000010030000
(1779322094.105997) can0 273#000000000D023200
(1779322094.106978) can0 1E1#020D271001FA01FA
(1779322094.107993) can0 1F5#0000000000000000
(1779322094.109089) can0 0800A6A9#0000000000000000
(1779322094.110042) can0 1000A6A9#0D028813324A4A4A
(1779322094.111080) can0 1C00A6A9#0000000000030000
(1779322094.112085) can0 02018100#1003020D00000000
(1779322094.113089) can0 02028100#0000003264000000
(1779322094.114065) can0 02038100#0CD601100CD30106
(1779322094.115074) can0 02048100#4A01014A01010000
(1779322094.115979) can0 1AD#8714000059321818
(1779322094.116984) can0 2AD#D60C800C87140016
(1779322094.117986) can0 3AD#0000000000008714
(1779322094.118995) can0 4AD#EB00000000000000
(1779322094.119992) can0 76A#7F00000000000000
(1779322094.178683) can0 0000E005#1702440003B60591
(1779322094.179227) can0 1806E5F4#13CC010003B6023A
(1779322094.180074) can0 0000E000#13CC13CC020D0000
(1779322094.181081) can0 0000E004#181803B603B601E1
(1779322094.182037) can0 0000E006#0CD50CD50CD50CD5
(1779322094.183049) can0 0000E007#0CD50CD30CD50CD5
(1779322094.184048) can0 0000E008#0CD50CD50CD50CD3
(1779322094.185040) can0 0000E009#0CD50CD50CD50CD6
(1779322094.186095) can0 0000E010#0000000000000000
(1779322094.187099) can0 0000E011#0000000000000000
(1779322094.188089) can0 0000E012#0CD4000200000000
(1779322094.189101) can0 0000F001#0000000000000000
(1779322094.190093) can0 18FF28F4#10320000020D0000
(1779322094.191082) can0 18FE28F4#0CD60CD340400000
(1779322094.192081) can0 18FD28F4#1702FA6F00000000
(1779322094.192981) can0 4D4#000032007D0D0203
(1779322094.193967) can0 4D5#D30CD60C40400000
(1779322094.195063) can0 18914010#0CD6100CD3060000
(1779322094.196061) can0 18904010#020D020D753001FA
(1779322094.197051) can0 18FA28F4#123EA12C10270000
(1779322094.198059) can0 18FB28F4#D60CD30C40400000
(1779322094.199088) can0 18FC28F4#383200000D020000
(1779322094.200067) can0 18F810F3#0D02E80332640100
(1779322094.201079) can0 18F815F3#0000000010030000
(1779322094.201984) can0 273#000000000D023200
(1779322094.202967) can0 1E1#020D271001FA01FA
(1779322094.203997) can0 1F5#0000000000000000
(1779322094.205072) can0 0800A6A9#0000000000000000
(1779322094.206044) can0 1000A6A9#0D028813324A4A4A
(1779322094.207069) can0 1C00A6A9#0000000000030000
(1779322094.208100) can0 02018100#1003020D00000000
(1779322094.209079) can0 02028100#0000003264000000
(1779322094.210068) can0 02038100#0CD601100CD30106
(1779322094.211061) can0 02048100#4A01014A01010000
(1779322094.211958) can0 1AD#8714000059321818
(1779322094.212959) can0 2AD#D60C800C87140016
(1779322094.213985) can0 3AD#0000000000008714
(1779322094.214997) can0 4AD#EB00000000000000
(1779322094.216012) can0 76A#7F00000000000000
(1779322094.278636) can0 0000E005#1702440003B60591
(1779322094.279179) can0 1806E5F4#13CC010003B6023A
(1779322094.280065) can0 0000E000#13CC13CC020D0000
(1779322094.281062) can0 0000E004#181803B603B601E1
(1779322094.282045) can0 0000E006#0CD50CD50CD50CD5
(1779322094.283046) can0 0000E007#0CD50CD30CD50CD5
(1779322094.284045) can0 0000E008#0CD50CD50CD50CD3
(1779322094.285060) can0 0000E009#0CD50CD50CD50CD6
(1779322094.286088) can0 0000E010#0000000000000000
(1779322094.287086) can0 0000E011#0000000000000000
(1779322094.288068) can0 0000E012#0CD4000200000000
(1779322094.289105) can0 0000F001#0000000000000000
(1779322094.290088) can0 18FF28F4#10320000020D0000
(1779322094.291070) can0 18FE28F4#0CD60CD340400000
(1779322094.292088) can0 18FD28F4#1702FA6F00000000
(1779322094.293011) can0 4D4#000032007D0D0203
(1779322094.293958) can0 4D5#D30CD60C40400000
(1779322094.295053) can0 18914010#0CD6100CD3060000
(1779322094.296055) can0 18904010#020D020D753001FA
(1779322094.297068) can0 18FA28F4#123EA12C10270000
(1779322094.298046) can0 18FB28F4#D60CD30C40400000
(1779322094.299079) can0 18FC28F4#383200000D020000
(1779322094.300046) can0 18F810F3#0D02E80332640100
(1779322094.301121) can0 18F815F3#0000000010030000
(1779322094.301975) can0 273#000000000D023200
(1779322094.302977) can0 1E1#020D271001FA01FA
(1779322094.303989) can0 1F5#0000000000000000
(1779322094.305082) can0 0800A6A9#0000000000000000
(1779322094.306045) can0 1000A6A9#0D028813324A4A4A
(1779322094.307073) can0 1C00A6A9#0000000000030000
(1779322094.308080) can0 02018100#1003020D00000000
(1779322094.309126) can0 02028100#0000003264000000
(1779322094.310059) can0 02038100#0CD601100CD30106
(1779322094.311053) can0 02048100#4A01014A01010000
(1779322094.311951) can0 1AD#8714000059321818
(1779322094.312947) can0 2AD#D60C800C87140016
(1779322094.313983) can0 3AD#0000000000008714
(1779322094.314977) can0 4AD#EB00000000000000
(1779322094.315990) can0 76A#7F00000000000000
(1779322094.378629) can0 0000E005#1702440003B60591
(1779322094.379188) can0 1806E5F4#13CC010003B6023A
(1779322094.380069) can0 0000E000#13CC13CC020D0000
(1779322094.381067) can0 0000E004#181803B603B601E1
(1779322094.382045) can0 0000E006#0CD50CD50CD50CD3
(1779322094.383044) can0 0000E007#0CD30CD30CD50CD5
(1779322094.384041) can0 0000E008#0CD50CD50CD30CD3
(1779322094.385037) can0 0000E009#0CD30CD30CD50CD6
(1779322094.386131) can0 0000E010#0000000000000000
(1779322094.387081) can0 0000E011#0000000000000000
(1779322094.388067) can0 0000E012#0CD4000200000000
(1779322094.389095) can0 0000F001#0000000000000000
(1779322094.390071) can0 18FF28F4#10320000020D0000
(1779322094.391063) can0 18FE28F4#0CD60CD340400000
(1779322094.392055) can0 18FD28F4#1702FA6F00000000
(1779322094.392978) can0 4D4#000032007D0D0203
(1779322094.393959) can0 4D5#D30CD60C40400000
(1779322094.395056) can0 18914010#0CD6100CD3040000
(1779322094.396052) can0 18904010#020D020D753001FA
(1779322094.397068) can0 18FA28F4#123EA12C10270000
(1779322094.398042) can0 18FB28F4#D60CD30C40400000
(1779322094.399076) can0 18FC28F4#383200000D020000
(1779322094.400038) can0 18F810F3#0D02E80332640100
(1779322094.401070) can0 18F815F3#0000000010030000
(1779322094.401967) can0 273#000000000D023200
(1779322094.402955) can0 1E1#020D271001FA01FA
(1779322094.403993) can0 1F5#0000000000000000
(1779322094.405074) can0 0800A6A9#0000000000000000
(1779322094.406044) can0 1000A6A9#0D028813324A4A4A
(1779322094.407067) can0 1C00A6A9#0000000000030000
(1779322094.408079) can0 02018100#1003020D00000000
(1779322094.409072) can0 02028100#0000003264000000
(1779322094.410053) can0 02038100#0CD601100CD30104
(1779322094.411052) can0 02048100#4A01014A01010000
(1779322094.411949) can0 1AD#8714000059321818
(1779322094.412949) can0 2AD#D60C800C87140016
(1779322094.413975) can0 3AD#0000000000008714
(1779322094.414976) can0 4AD#EB00000000000000
(1779322094.415968) can0 76A#7F00000000000000
(1779322094.478676) can0 0000E005#1702440003B60591
(1779322094.479202) can0 1806E5F4#13CC010003B6023A
(1779322094.480055) can0 0000E000#13CC13CC020D0000
(1779322094.481056) can0 0000E004#181803B603B601E1
(1779322094.482036) can0 0000E006#0CD50CD50CD50CD3
(1779322094.483031) can0 0000E007#0CD30CD30CD50CD5
(1779322094.484036) can0 0000E008#0CD50CD50CD30CD3
(1779322094.485017) can0 0000E009#0CD30CD30CD50CD6
(1779322094.486080) can0 0000E010#0000000000000000
(1779322094.487078) can0 0000E011#0000000000000000
(1779322094.488061) can0 0000E012#0CD4000200000000
(1779322094.489074) can0 0000F001#0000000000000000
(1779322094.490055) can0 18FF28F4#10320000020D0000
(1779322094.491042) can0 18FE28F4#0CD60CD340400000
(1779322094.492055) can0 18FD28F4#1702FA6F00000000
(1779322094.492972) can0 4D4#000032007D0D0203
(1779322094.493953) can0 4D5#D30CD60C40400000
(1779322094.495047) can0 18914010#0CD6100CD3040000
(1779322094.496049) can0 18904010#020D020D753001FA
(1779322094.497042) can0 18FA28F4#123EA12C10270000
(1779322094.498042) can0 18FB28F4#D60CD30C40400000
(1779322094.499073) can0 18FC28F4#383200000D020000
(1779322094.500043) can0 18F810F3#0D02E80332640100
(1779322094.501068) can0 18F815F3#0000000010030000
(1779322094.501972) can0 273#000000000D023200
(1779322094.502954) can0 1E1#020D271001FA01FA
(1779322094.503985) can0 1F5#0000000000000000
(1779322094.505062) can0 0800A6A9#0000000000000000
(1779322094.506030) can0 1000A6A9#0D028813324A4A4A
(1779322094.507055) can0 1C00A6A9#0000000000030000
(1779322094.508075) can0 02018100#1003020D00000000
(1779322094.509075) can0 02028100#0000003264000000
(1779322094.510056) can0 02038100#0CD601100CD30104
(1779322094.511050) can0 02048100#4A01014A01010000
(1779322094.511935) can0 1AD#8714000059321818
(1779322094.512948) can0 2AD#D60C800C87140016
(1779322094.513965) can0 3AD#0000000000008714
(1779322094.514975) can0 4AD#EB00000000000000
(1779322094.516005) can0 76A#7F00000000000000
(1779322094.595673) can0 0000E005#1702440003B60591
(1779322094.596227) can0 1806E5F4#13CC010003B6023A
(1779322094.597059) can0 0000E000#13CC13CC020D0000
(1779322094.598041) can0 0000E004#181803B603B601E1
(1779322094.599029) can0 0000E006#0CD50CD50CD30CD3
(1779322094.600023) can0 0000E007#0CD30CD30CD50CD5
(1779322094.601054) can0 0000E008#0CD50CD50CD50CD3
(1779322094.602022) can0 0000E009#0CD30CD50CD50CD6
(1779322094.603086) can0 0000E010#0000000000000000
(1779322094.604067) can0 0000E011#0000000000000000
(1779322094.605061) can0 0000E012#0CD4000200000000
(1779322094.606029) can0 0000E013#4542323630354C43
(1779322094.607061) can0 0000E014#3134323300000000
(1779322094.608073) can0 0000E015#0000000000000003
(1779322094.609121) can0 0000F000#0000000000000000
(1779322094.610074) can0 0000F001#0000000000000000
(1779322094.611067) can0 18FF28F4#10320000020D0000
(1779322094.612035) can0 18FE28F4#0CD60CD340400000
(1779322094.613046) can0 18FD28F4#1702FA6F00000000
(1779322094.613965) can0 4D4#000032007D0D0203
(1779322094.614948) can0 4D5#D30CD60C40400000
(1779322094.616043) can0 18914010#0CD6100CD3030000
(1779322094.617093) can0 18904010#020D020D753001FA
(1779322094.618055) can0 18924010#4001400100000000
(1779322094.619055) can0 18934010#000000690000BC19
(1779322094.620055) can0 18944010#1003000000000000
(1779322094.621083) can0 18954010#0000000000000000
(1779322094.622080) can0 18954010#0100000000000000
(1779322094.623062) can0 18954010#0200000000000000
(1779322094.624061) can0 18954010#0300000000000000
(1779322094.625108) can0 18954010#0400000000000000
(1779322094.626062) can0 18954010#0500000000000000
(1779322094.627055) can0 18964010#0040404000000000
(1779322094.628068) can0 18974010#0000000000000000
(1779322094.629068) can0 18984010#0000000000000000
(1779322094.630049) can0 18FA28F4#123EA12C10270000
(1779322094.631043) can0 18FB28F4#D60CD30C40400000
(1779322094.632056) can0 18FC28F4#383200000D020000
(1779322094.633030) can0 18F810F3#0D02E80332640100
(1779322094.634036) can0 18F811F3#D60C1001D30C0301
(1779322094.635049) can0 18F812F3#4001014001010000
(1779322094.636062) can0 18F813F3#0101000000000000
(1779322094.637039) can0 18F814F3#3200EA1AA9015F00
(1779322094.638068) can0 18F815F3#0000000010030000
(1779322094.638973) can0 273#000000000D023200
(1779322094.639954) can0 1E1#020D271001FA01FA
(1779322094.640979) can0 1F5#0000000000000000
(1779322094.642062) can0 0800A6A9#0000000000000000
(1779322094.643024) can0 1000A6A9#0D028813324A4A4A
(1779322094.644056) can0 1C00A6A9#0000000000030000
(1779322094.645069) can0 02018100#1003020D00000000
(1779322094.646069) can0 02028100#0000003264000000
(1779322094.647050) can0 02038100#0CD601100CD30103
(1779322094.648049) can0 02048100#4A01014A01010000
(1779322094.648932) can0 1AD#8714000059321818
(1779322094.649948) can0 2AD#D60C800C87140016
(1779322094.650961) can0 3AD#0000000000008714
(1779322094.651980) can0 4AD#EB00000000000000
(1779322094.652973) can0 76A#7F00000000000000
(1779322094.711597) can0 0000E005#1702440003B60591
(1779322094.712156) can0 1806E5F4#13CC010003B6023A
(1779322094.713060) can0 0000E000#13CC13CC020D0000
(1779322094.714035) can0 0000E004#181803B603B601E1
(1779322094.715021) can0 0000E006#0CD50CD50CD30CD3
(1779322094.716021) can0 0000E007#0CD30CD30CD50CD5
(1779322094.717034) can0 0000E008#0CD50CD50CD50CD3
(1779322094.718012) can0 0000E009#0CD30CD50CD50CD6
(1779322094.719079) can0 0000E010#0000000000000000
(1779322094.720079) can0 0000E011#0000000000000000
(1779322094.721060) can0 0000E012#0CD4000200000000
(1779322094.722072) can0 0000F001#0000000000000000
(1779322094.723054) can0 18FF28F4#10320000020D0000
(1779322094.724041) can0 18FE28F4#0CD60CD340400000
(1779322094.725054) can0 18FD28F4#1702FA6F00000000
(1779322094.725951) can0 4D4#000032007D0D0203
(1779322094.726952) can0 4D5#D30CD60C40400000
(1779322094.728034) can0 18914010#0CD6100CD3030000
(1779322094.729028) can0 18904010#020D020D753001FA
(1779322094.730044) can0 18FA28F4#123EA12C10270000
(1779322094.731042) can0 18FB28F4#D60CD30C40400000
(1779322094.732060) can0 18FC28F4#383200000D020000
(1779322094.733022) can0 18F810F3#0D02E80332640100
(1779322094.734073) can0 18F815F3#0000000010030000
(1779322094.734959) can0 273#000000000D023200
(1779322094.735952) can0 1E1#020D271001FA01FA
(1779322094.736984) can0 1F5#0000000000000000
(1779322094.738058) can0 0800A6A9#0000000000000000
(1779322094.739029) can0 1000A6A9#0D028813324A4A4A
(1779322094.740060) can0 1C00A6A9#0000000000030000
(1779322094.741061) can0 02018100#1003020D00000000
(1779322094.742052) can0 02028100#0000003264000000
(1779322094.743035) can0 02038100#0CD601100CD30103
(1779322094.744048) can0 02048100#4A01014A01010000
(1779322094.744933) can0 1AD#8714000059321818
(1779322094.745946) can0 2AD#D60C800C87140016
(1779322094.746978) can0 3AD#0000000000008714
(1779322094.747972) can0 4AD#EB00000000000000
(1779322094.748971) can0 76A#7F00000000000000
(1779322094.811588) can0 0000E005#1702440003B60591
(1779322094.812154) can0 1806E5F4#13CC010003B6023A
(1779322094.813052) can0 0000E000#13CC13CC020D0000
(1779322094.814039) can0 0000E004#181803B603B601E1
(1779322094.815018) can0 0000E006#0CD50CD50CD30CD3
(1779322094.816032) can0 0000E007#0CD30CD30CD50CD5
(1779322094.817032) can0 0000E008#0CD50CD50CD50CD3
(1779322094.818013) can0 0000E009#0CD30CD50CD50CD6
(1779322094.819077) can0 0000E010#0000000000000000
(1779322094.820058) can0 0000E011#0000000000000000
(1779322094.821039) can0 0000E012#0CD4000200000000
(1779322094.822072) can0 0000F001#0000000000000000
(1779322094.823047) can0 18FF28F4#10320000020D0000
(1779322094.824052) can0 18FE28F4#0CD60CD340400000
(1779322094.825052) can0 18FD28F4#1702FA6F00000000
(1779322094.825950) can0 4D4#000032007D0D0203
(1779322094.826926) can0 4D5#D30CD60C40400000
(1779322094.828026) can0 18914010#0CD6100CD3030000
(1779322094.829026) can0 18904010#020D020D753001FA
(1779322094.830039) can0 18FA28F4#123EA12C10270000
(1779322094.831027) can0 18FB28F4#D60CD30C40400000
(1779322094.832084) can0 18FC28F4#383200000D020000
(1779322094.833020) can0 18F810F3#0D02E80332640100
(1779322094.834052) can0 18F815F3#0000000010030000
(1779322094.834949) can0 273#000000000D023200
(1779322094.835950) can0 1E1#020D271001FA01FA
(1779322094.836963) can0 1F5#0000000000000000
(1779322094.838059) can0 0800A6A9#0000000000000000
(1779322094.839002) can0 1000A6A9#0D028813324A4A4A
(1779322094.840091) can0 1C00A6A9#0000000000030000
(1779322094.841052) can0 02018100#1003020D00000000
(1779322094.842053) can0 02028100#0000003264000000
(1779322094.843034) can0 02038100#0CD601100CD30103
(1779322094.844034) can0 02048100#4A01014A01010000
(1779322094.844931) can0 1AD#8714000059321818
(1779322094.845925) can0 2AD#D60C800C87140016
(1779322094.846957) can0 3AD#0000000000008714
(1779322094.848015) can0 4AD#EB00000000000000
(1779322094.848964) can0 76A#7F00000000000000
(1779322094.911650) can0 0000E005#1702440003B60591
(1779322094.912198) can0 1806E5F4#13CC010003B6023A
(1779322094.913050) can0 0000E000#13CC13CC020D0000
(1779322094.914031) can0 0000E004#181803B603B601E1
(1779322094.915012) can0 0000E006#0CD50CD30CD30CD3
(1779322094.916012) can0 0000E007#0CD50CD30CD50CD5
(1779322094.917057) can0 0000E008#0CD50CD50CD50CD3
(1779322094.918005) can0 0000E009#0CD50CD50CD50CD6
(1779322094.919067) can0 0000E010#0000000000000000
(1779322094.920069) can0 0000E011#0000000000000000
(1779322094.921050) can0 0000E012#0CD4000200000000
(1779322094.922063) can0 0000F001#0000000000000000
(1779322094.923046) can0 18FF28F4#10320000020D0000
(1779322094.924032) can0 18FE28F4#0CD60CD340400000
(1779322094.925095) can0 18FD28F4#1702FA6F00000000
(1779322094.925942) can0 4D4#000032007D0D0203
(1779322094.926942) can0 4D5#D30CD60C40400000
(1779322094.928038) can0 18914010#0CD6100CD3020000
(1779322094.929019) can0 18904010#020D020D753001FA
(1779322094.930038) can0 18FA28F4#123EA12C10270000
(1779322094.931014) can0 18FB28F4#D60CD30C40400000
(1779322094.932051) can0 18FC28F4#383200000D020000
(1779322094.933013) can0 18F810F3#0D02E80332640100
(1779322094.934065) can0 18F815F3#0000000010030000
(1779322094.934940) can0 273#000000000D023200
(1779322094.935943) can0 1E1#020D271001FA01FA
(1779322094.936976) can0 1F5#0000000000000000
(1779322094.938059) can0 0800A6A9#0000000000000000
(1779322094.939008) can0 1000A6A9#0D028813324A4A4A
(1779322094.940052) can0 1C00A6A9#0000000000030000
(1779322094.941052) can0 02018100#1003020D00000000
(1779322094.942046) can0 02028100#0000003264000000
(1779322094.943024) can0 02038100#0CD601100CD30102
(1779322094.944046) can0 02048100#4A01014A01010000
(1779322094.944925) can0 1AD#8714000059321818
(1779322094.945937) can0 2AD#D60C800C87140016
(1779322094.946949) can0 3AD#0000000000008714
(1779322094.947970) can0 4AD#EB00000000000000
(1779322094.948963) can0 76A#7F00000000000000
(1779322095.011614) can0 0000E005#1702440003B60591
(1779322095.012146) can0 1806E5F4#13CC010003B6023A
(1779322095.013044) can0 0000E000#13CC13CC020D0000
(1779322095.014030) can0 0000E004#181803B603B601E1
(1779322095.015012) can0 0000E006#0CD50CD30CD30CD3
(1779322095.016005) can0 0000E007#0CD50CD30CD50CD5
(1779322095.017006) can0 0000E008#0CD50CD50CD50CD3
(1779322095.018005) can0 0000E009#0CD50CD50CD50CD6
(1779322095.019070) can0 0000E010#0000000000000000
(1779322095.020059) can0 0000E011#0000000000000000
(1779322095.021049) can0 0000E012#0CD4000200000000
(1779322095.022062) can0 0000F001#0000000000000000
(1779322095.023044) can0 18FF28F4#10320000020D0000
(1779322095.024025) can0 18FE28F4#0CD60CD340400000
(1779322095.025044) can0 18FD28F4#1702FA6F00000000
(1779322095.025960) can0 4D4#000032007D0D0203
(1779322095.026942) can0 4D5#D30CD60C40400000
(1779322095.028013) can0 18914010#0CD6100CD3020000
(1779322095.029031) can0 18904010#020D020D753001FA
(1779322095.030031) can0 18FA28F4#123EA12C10270000
(1779322095.031032) can0 18FB28F4#D60CD30C40400000
(1779322095.032037) can0 18FC28F4#383200000D020000
(1779322095.033025) can0 18F810F3#0D02E80332640100
(1779322095.034057) can0 18F815F3#0000000010030000
(1779322095.034955) can0 273#000000000D023200
(1779322095.035942) can0 1E1#020D271001FA01FA
(1779322095.036967) can0 1F5#0000000000000000
(1779322095.038051) can0 0800A6A9#0000000000000000
(1779322095.039012) can0 1000A6A9#0D028813324A4A4A
(1779322095.040045) can0 1C00A6A9#0000000000030000
(1779322095.041045) can0 02018100#1003020D00000000
(1779322095.042058) can0 02028100#0000003264000000
(1779322095.043038) can0 02038100#0CD601100CD30102
(1779322095.044030) can0 02048100#4A01014A01010000
(1779322095.044936) can0 1AD#8714000059321818
(1779322095.045936) can0 2AD#D60C800C87140016
(1779322095.046962) can0 3AD#0000000000008714
(1779322095.047962) can0 4AD#EB00000000000000
(1779322095.048956) can0 76A#7F00000000000000
(1779322095.128619) can0 0000E005#1702440003B60591
(1779322095.129164) can0 1806E5F4#13CC010003B6023A
(1779322095.130033) can0 0000E000#13CC13CC020D0000
(1779322095.131030) can0 0000E004#181803B603B601E1
(1779322095.132030) can0 0000E006#0CD50CD30CD30CD5
(1779322095.133011) can0 0000E007#0CD50CD30CD50CD5
(1779322095.134010) can0 0000E008#0CD30CD50CD30CD5
(1779322095.135011) can0 0000E009#0CD50CD50CD50CD6
(1779322095.136055) can0 0000E010#0000000000000000
(1779322095.137056) can0 0000E011#0000000000000000
(1779322095.138036) can0 0000E012#0CD4000200000000
(1779322095.139005) can0 0000E013#4542323630354C43
(1779322095.140069) can0 0000E014#3134323300000000
(1779322095.141049) can0 0000E015#0000000000000003
(1779322095.142057) can0 0000F000#0000000000000000
(1779322095.143062) can0 0000F001#0000000000000000
(1779322095.144043) can0 18FF28F4#10320000020D0000
(1779322095.145024) can0 18FE28F4#0CD60CD340400000
(1779322095.146035) can0 18FD28F4#1702FA6F00000000
(1779322095.146941) can0 4D4#000032007D0D0203
(1779322095.147973) can0 4D5#D30CD60C40400000
(1779322095.149018) can0 18914010#0CD6100CD3020000
(1779322095.150018) can0 18904010#020D020D753001FA
(1779322095.151050) can0 18924010#4001400100000000
(1779322095.152031) can0 18934010#0000006A0000BC19
(1779322095.153043) can0 18944010#1003000000000000
(1779322095.154057) can0 18954010#0000000000000000
(1779322095.155057) can0 18954010#0100000000000000
(1779322095.156103) can0 18954010#0200000000000000
(1779322095.157050) can0 18954010#0300000000000000
(1779322095.158050) can0 18954010#0400000000000000
(1779322095.159051) can0 18954010#0500000000000000
(1779322095.160044) can0 18964010#0040404000000000
(1779322095.161044) can0 18974010#0000000000000000
(1779322095.162038) can0 18984010#0000000000000000
(1779322095.163019) can0 18FA28F4#123EA12C10270000
(1779322095.164018) can0 18FB28F4#D60CD30C40400000
(1779322095.165044) can0 18FC28F4#383200000D020000
(1779322095.166004) can0 18F810F3#0D02E80332640100
(1779322095.167026) can0 18F811F3#D60C1001D30C0201
(1779322095.168038) can0 18F812F3#4001014001010000
(1779322095.169051) can0 18F813F3#0101000000000000
(1779322095.170013) can0 18F814F3#3200EA1AA9015F00
(1779322095.171045) can0 18F815F3#0000000010030000
(1779322095.171949) can0 273#000000000D023200
(1779322095.172942) can0 1E1#020D271001FA01FA
(1779322095.173955) can0 1F5#0000000000000000
(1779322095.175051) can0 0800A6A9#0000000000000000
(1779322095.176000) can0 1000A6A9#0D028813324A4A4A
(1779322095.177032) can0 1C00A6A9#0000000000030000
(1779322095.178043) can0 02018100#1003020D00000000
(1779322095.179046) can0 02028100#0000003264000000
(1779322095.180026) can0 02038100#0CD601100CD30102
(1779322095.181025) can0 02048100#4A01014A01010000
(1779322095.181922) can0 1AD#8714000059321818
(1779322095.182924) can0 2AD#D60C800C87140016
(1779322095.183943) can0 3AD#0000000000008714
(1779322095.184956) can0 4AD#EB00000000000000
(1779322095.185952) can0 76A#7F00000000000000
(1779322095.244582) can0 0000E005#1702440003B60591
(1779322095.245138) can0 1806E5F4#13CC010003B6023A
(1779322095.246042) can0 0000E000#13CC13CC020D0000
(1779322095.247016) can0 0000E004#181803B603B601E1
(1779322095.248003) can0 0000E006#0CD50CD30CD30CD5
(1779322095.249003) can0 0000E007#0CD50CD30CD50CD5
(1779322095.249997) can0 0000E008#0CD30CD50CD30CD5
(1779322095.250994) can0 0000E009#0CD50CD50CD50CD6
(1779322095.252061) can0 0000E010#0000000000000000
(1779322095.253042) can0 0000E011#0000000000000000
(1779322095.254023) can0 0000E012#0CD4000200000000
(1779322095.255055) can0 0000F001#0000000000000000
(1779322095.256036) can0 18FF28F4#10320000020D0000
(1779322095.257023) can0 18FE28F4#0CD60CD340400000
(1779322095.258036) can0 18FD28F4#1702FA6F00000000
(1779322095.258933) can0 4D4#000032007D0D0203
(1779322095.259934) can0 4D5#D30CD60C40400000
(1779322095.261017) can0 18914010#0CD6100CD3020000
(1779322095.262030) can0 18904010#020D020D753001FA
(1779322095.263024) can0 18FA28F4#123EA12C10270000
(1779322095.264011) can0 18FB28F4#D60CD30C40400000
(1779322095.265043) can0 18FC28F4#383200000D020000
(1779322095.266005) can0 18F810F3#0D02E80332640100
(1779322095.267036) can0 18F815F3#0000000010030000
(1779322095.267940) can0 273#000000000D023200
(1779322095.268934) can0 1E1#020D271001FA01FA
(1779322095.269985) can0 1F5#0000000000000000
(1779322095.271040) can0 0800A6A9#0000000000000000
(1779322095.271999) can0 1000A6A9#0D028813324A4A4A
(1779322095.273024) can0 1C00A6A9#0000000000030000
(1779322095.274043) can0 02018100#1003020D00000000
(1779322095.275034) can0 02028100#0000003264000000
(1779322095.276018) can0 02038100#0CD601100CD30102
(1779322095.277017) can0 02048100#4A01014A01010000
(1779322095.277947) can0 1AD#8714000059321818
(1779322095.278929) can0 2AD#D60C800C87140016
(1779322095.279941) can0 3AD#0000000000008714
(1779322095.280954) can0 4AD#EB00000000000000
(1779322095.281954) can0 76A#7F00000000000000
(1779322095.344619) can0 0000E005#1702440003B60591
(1779322095.345187) can0 1806E5F4#13CC010003B6023A
(1779322095.346021) can0 0000E000#13CC13CC020D0000
(1779322095.347034) can0 0000E004#181803B603B601E1
(1779322095.347998) can0 0000E006#0CD50CD30CD30CD5
(1779322095.349002) can0 0000E007#0CD50CD30CD50CD5
(1779322095.350002) can0 0000E008#0CD30CD50CD30CD5
(1779322095.350996) can0 0000E009#0CD50CD50CD50CD6
(1779322095.352047) can0 0000E010#0000000000000000
(1779322095.353047) can0 0000E011#0000000000000000
(1779322095.354028) can0 0000E012#0CD4000200000000
(1779322095.355073) can0 0000F001#0000000000000000
(1779322095.356037) can0 18FF28F4#10320000020D0000
(1779322095.357021) can0 18FE28F4#0CD60CD340400000
(1779322095.358022) can0 18FD28F4#1702FA6F00000000
(1779322095.358939) can0 4D4#000032007D0D0203
(1779322095.359915) can0 4D5#D30CD60C40400000
(1779322095.361015) can0 18914010#0CD6100CD3020000
(1779322095.362015) can0 18904010#020D020D753001FA
(1779322095.363060) can0 18FA28F4#123EA12C10270000
(1779322095.364009) can0 18FB28F4#D60CD30C40400000
(1779322095.365041) can0 18FC28F4#383200000D020000
(1779322095.366003) can0 18F810F3#0D02E80332640100
(1779322095.367035) can0 18F815F3#0000000010030000
(1779322095.367930) can0 273#000000000D023200
(1779322095.368939) can0 1E1#020D271001FA01FA
(1779322095.369952) can0 1F5#0000000000000000
(1779322095.371080) can0 0800A6A9#0000000000000000
(1779322095.371992) can0 1000A6A9#0D028813324A4A4A
(1779322095.373029) can0 1C00A6A9#0000000000030000
(1779322095.374041) can0 02018100#1003020D00000000
(1779322095.375042) can0 02028100#0000003264000000
(1779322095.376022) can0 02038100#0CD601100CD30102
(1779322095.377016) can0 02048100#4A01014A01010000
(1779322095.377914) can0 1AD#8714000059321818
(1779322095.378965) can0 2AD#D60C800C87140016
(1779322095.379938) can0 3AD#0000000000008714
(1779322095.380939) can0 4AD#EB00000000000000
(1779322095.381952) can0 76A#7F00000000000000
(1779322095.444602) can0 0000E005#1702440003B60591
(1779322095.445158) can0 1806E5F4#13CC010003B6023A
(1779322095.446019) can0 0000E000#13CC13CC020D0000
(1779322095.447020) can0 0000E004#181803B603B601E1
(1779322095.448032) can0 0000E006#0CD50CD50CD50CD5
(1779322095.449001) can0 0000E007#0CD30CD30CD50CD5
(1779322095.449994) can0 0000E008#0CD50CD50CD50CD5
(1779322095.450995) can0 0000E009#0CD30CD50CD50CD6
(1779322095.452039) can0 0000E010#0000000000000000
(1779322095.453033) can0 0000E011#0000000000000000
(1779322095.454020) can0 0000E012#0CD4000200000000
(1779322095.455052) can0 0000F001#0000000000000000
(1779322095.456084) can0 18FF28F4#10320000020D0000
(1779322095.457011) can0 18FE28F4#0CD60CD340400000
(1779322095.458033) can0 18FD28F4#1702FA6F00000000
(1779322095.458931) can0 4D4#000032007D0D0203
(1779322095.459930) can0 4D5#D30CD60C40400000
(1779322095.461007) can0 18914010#0CD6100CD3050000
(1779322095.462008) can0 18904010#020D020D753001FA
(1779322095.463020) can0 18FA28F4#123EA12C10270000
(1779322095.464001) can0 18FB28F4#D60CD30C40400000
(1779322095.465026) can0 18FC28F4#383200000D020000
(1779322095.466001) can0 18F810F3#0D02E80332640100
(1779322095.467034) can0 18F815F3#0000000010030000
(1779322095.467931) can0 273#000000000D023200
(1779322095.468928) can0 1E1#020D271001FA01FA
(1779322095.469944) can0 1F5#0000000000000000
(1779322095.471040) can0 0800A6A9#0000000000000000
(1779322095.471988) can0 1000A6A9#0D028813324A4A4A
(1779322095.473021) can0 1C00A6A9#0000000000030000
(1779322095.474034) can0 02018100#1003020D00000000
(1779322095.475034) can0 02028100#0000003264000000
(1779322095.476015) can0 02038100#0CD601100CD30105
(1779322095.477008) can0 02048100#4A01014A01010000
(1779322095.477913) can0 1AD#8714000059321818
(1779322095.478925) can0 2AD#D60C800C87140016
(1779322095.479936) can0 3AD#0000000000008714
(1779322095.480951) can0 4AD#EB00000000000000
(1779322095.481944) can0 76A#7F00000000000000
(1779322095.544568) can0 0000E005#1702440003B60591
(1779322095.545133) can0 1806E5F4#13CC010003B6023A
(1779322095.546018) can0 0000E000#13CC13CC020D0000
(1779322095.547018) can0 0000E004#181803B603B601E1
(1779322095.547998) can0 0000E006#0CD50CD50CD50CD5
(1779322095.548993) can0 0000E007#0CD30CD30CD50CD5
(1779322095.549992) can0 0000E008#0CD50CD50CD50CD5
(1779322095.550993) can0 0000E009#0CD30CD50CD50CD6
(1779322095.552037) can0 0000E010#0000000000000000
(1779322095.553031) can0 0000E011#0000000000000000
(1779322095.554018) can0 0000E012#0CD4000200000000
(1779322095.555059) can0 0000F001#0000000000000000
(1779322095.556032) can0 18FF28F4#10320000020D0000
(1779322095.557019) can0 18FE28F4#0CD60CD340400000
(1779322095.558012) can0 18FD28F4#1702FA6F00000000
(1779322095.558930) can0 4D4#000032007D0D0203
(1779322095.559916) can0 4D5#D30CD60C40400000
(1779322095.561008) can0 18914010#0CD6100CD3050000
(1779322095.562006) can0 18904010#020D020D753001FA
(1779322095.563006) can0 18FA28F4#123EA12C10270000
(1779322095.564006) can0 18FB28F4#D60CD30C40400000
(1779322095.565032) can0 18FC28F4#383200000D020000
(1779322095.565999) can0 18F810F3#0D02E80332640100
(1779322095.567032) can0 18F815F3#0000000010030000
(1779322095.567936) can0 273#000000000D023200
(1779322095.568929) can0 1E1#020D271001FA01FA
(1779322095.569961) can0 1F5#0000000000000000
(1779322095.571026) can0 0800A6A9#0000000000000000
(1779322095.571993) can0 1000A6A9#0D028813324A4A4A
(1779322095.573017) can0 1C00A6A9#0000000000030000
(1779322095.574038) can0 02018100#1003020D00000000
(1779322095.575032) can0 02028100#0000003264000000
(1779322095.576013) can0 02038100#0CD601100CD30105
(1779322095.577010) can0 02048100#4A01014A01010000
(1779322095.577923) can0 1AD#8714000059321818
(1779322095.578918) can0 2AD#D60C800C87140016
(1779322095.579936) can0 3AD#0000000000008714
(1779322095.580950) can0 4AD#EB00000000000000
(1779322095.581949) can0 76A#7F00000000000000
(1779322095.661575) can0 0000E005#1702440003B60591
(1779322095.662139) can0 1806E5F4#13CC010003B6023A
(1779322095.663037) can0 0000E000#13CC13CC020D0000
(1779322095.664004) can0 0000E004#181803B603B601E1
(1779322095.664985) can0 0000E006#0CD50CD30CD30CD5
(1779322095.665985) can0 0000E007#0CD30CD30CD50CD5
(1779322095.666999) can0 0000E008#0CD50CD50CD50CD5
(1779322095.667985) can0 0000E009#0CD30CD30CD50CD6
(1779322095.669043) can0 0000E010#0000000000000000
(1779322095.670043) can0 0000E011#0000000000000000
(1779322095.671056) can0 0000E012#0CD4000200000000
(1779322095.671992) can0 0000E013#4542323630354C43
(1779322095.673023) can0 0000E014#3134323300000000
(1779322095.674036) can0 0000E015#0000000000000003
(1779322095.675029) can0 0000F000#0000000000000000
(1779322095.676037) can0 0000F001#0000000000000000
(1779322095.677018) can0 18FF28F4#10320000020D0000
(1779322095.677999) can0 18FE28F4#0CD60CD340400000
(1779322095.679061) can0 18FD28F4#1702FA6F00000000
(1779322095.679928) can0 4D4#000032007D0D0203
(1779322095.680922) can0 4D5#D30CD60C40400000
(1779322095.682005) can0 18914010#0CD6100CD3020000
(1779322095.683006) can0 18904010#020D020D753001FA
(1779322095.684024) can0 18924010#4001400100000000
(1779322095.685018) can0 18934010#0000006B0000BC19
(1779322095.686018) can0 18944010#1003000000000000
(1779322095.687076) can0 18954010#0000000000000000
(1779322095.688050) can0 18954010#0100000000000000
(1779322095.689031) can0 18954010#0200000000000000
(1779322095.690031) can0 18954010#0300000000000000
(1779322095.691022) can0 18954010#0400000000000000
(1779322095.692025) can0 18954010#0500000000000000
(1779322095.693025) can0 18964010#0040404000000000
(1779322095.694038) can0 18974010#0000000000000000
(1779322095.695019) can0 18984010#0000000000000000
(1779322095.696000) can0 18FA28F4#123EA12C10270000
(1779322095.696994) can0 18FB28F4#D60CD30C40400000
(1779322095.698025) can0 18FC28F4#383200000D020000
(1779322095.698985) can0 18F810F3#0D02E80332640100
(1779322095.700000) can0 18F811F3#D60C1001D30C0201
(1779322095.701019) can0 18F812F3#4001014001010000
(1779322095.702032) can0 18F813F3#0101000000000000
(1779322095.702994) can0 18F814F3#3200EA1AA9015F00
(1779322095.704026) can0 18F815F3#0000000010030000
(1779322095.704924) can0 273#000000000D023200
(1779322095.705923) can0 1E1#020D271001FA01FA
(1779322095.706949) can0 1F5#0000000000000000
(1779322095.708026) can0 0800A6A9#0000000000000000
(1779322095.708975) can0 1000A6A9#0D028813324A4A4A
(1779322095.710006) can0 1C00A6A9#0000000000030000
(1779322095.711023) can0 02018100#1003020D00000000
(1779322095.712020) can0 02028100#0000003264000000
(1779322095.713007) can0 02038100#0CD601100CD30102
(1779322095.714001) can0 02048100#4A01014A01010000
(1779322095.714924) can0 1AD#8714000059321818
(1779322095.715924) can0 2AD#D60C800C87140016
(1779322095.716923) can0 3AD#0000000000008714
(1779322095.717924) can0 4AD#EB00000000000000
(1779322095.718943) can0 76A#7F00000000000000
(1779322095.777604) can0 0000E005#1702440003B60591
(1779322095.778163) can0 1806E5F4#13CC010003B6023A
(1779322095.779017) can0 0000E000#13CC13CC020D0000
(1779322095.779996) can0 0000E004#181803B603B601E1
(1779322095.780978) can0 0000E006#0CD50CD30CD30CD5
(1779322095.781978) can0 0000E007#0CD30CD30CD50CD5
(1779322095.782991) can0 0000E008#0CD50CD50CD50CD5
(1779322095.783974) can0 0000E009#0CD30CD30CD50CD6
(1779322095.785042) can0 0000E010#0000000000000000
(1779322095.786035) can0 0000E011#0000000000000000
(1779322095.787017) can0 0000E012#0CD4000200000000
(1779322095.788036) can0 0000F001#0000000000000000
(1779322095.789017) can0 18FF28F4#10320000020D0000
(1779322095.789998) can0 18FE28F4#0CD60CD340400000
(1779322095.791011) can0 18FD28F4#1702FA6F00000000
(1779322095.791927) can0 4D4#000032007D0D0203
(1779322095.792927) can0 4D5#D30CD60C40400000
(1779322095.794004) can0 18914010#0CD6100CD3020000
(1779322095.795005) can0 18904010#020D020D753001FA
(1779322095.795997) can0 18FA28F4#123EA12C10270000
(1779322095.797004) can0 18FB28F4#D60CD30C40400000
(1779322095.798018) can0 18FC28F4#383200000D020000
(1779322095.798979) can0 18F810F3#0D02E80332640100
(1779322095.800030) can0 18F815F3#0000000010030000
(1779322095.800928) can0 273#000000000D023200
(1779322095.801928) can0 1E1#020D271001FA01FA
(1779322095.802941) can0 1F5#0000000000000000
(1779322095.804012) can0 0800A6A9#0000000000000000
(1779322095.804985) can0 1000A6A9#0D028813324A4A4A
(1779322095.806018) can0 1C00A6A9#0000000000030000
(1779322095.807018) can0 02018100#1003020D00000000
(1779322095.808028) can0 02028100#0000003264000000
(1779322095.809024) can0 02038100#0CD601100CD30102
(1779322095.810005) can0 02048100#4A01014A01010000
(1779322095.810928) can0 1AD#8714000059321818
(1779322095.811928) can0 2AD#D60C800C87140016
(1779322095.812928) can0 3AD#0000000000008714
(1779322095.813928) can0 4AD#EB00000000000000
(1779322095.814941) can0 76A#7F00000000000000
(1779322095.877598) can0 0000E005#1702440003B60591
(1779322095.878162) can0 1806E5F4#13CC010003B6023A
(1779322095.879015) can0 0000E000#13CC13CC020D0000
(1779322095.879996) can0 0000E004#181803B603B601E1
(1779322095.880979) can0 0000E006#0CD50CD30CD30CD5
(1779322095.881976) can0 0000E007#0CD30CD30CD50CD5
(1779322095.882977) can0 0000E008#0CD50CD50CD50CD5
(1779322095.883976) can0 0000E009#0CD30CD30CD50CD6
(1779322095.885034) can0 0000E010#0000000000000000
(1779322095.886053) can0 0000E011#0000000000000000
(1779322095.887015) can0 0000E012#0CD4000200000000
(1779322095.888034) can0 0000F001#0000000000000000
(1779322095.889009) can0 18FF28F4#10320000020D0000
(1779322095.889996) can0 18FE28F4#0CD60CD340400000
(1779322095.891009) can0 18FD28F4#1702FA6F00000000
(1779322095.891932) can0 4D4#000032007D0D0203
(1779322095.892932) can0 4D5#D30CD60C40400000
(1779322095.894022) can0 18914010#0CD6100CD3020000
(1779322095.895003) can0 18904010#020D020D753001FA
(1779322095.895996) can0 18FA28F4#123EA12C10270000
(1779322095.896996) can0 18FB28F4#D60CD30C40400000
(1779322095.898009) can0 18FC28F4#383200000D020000
(1779322095.898997) can0 18F810F3#0D02E80332640100
(1779322095.900022) can0 18F815F3#0000000010030000
(1779322095.900933) can0 273#000000000D023200
(1779322095.901933) can0 1E1#020D271001FA01FA
(1779322095.902933) can0 1F5#0000000000000000
(1779322095.904016) can0 0800A6A9#0000000000000000
(1779322095.904979) can0 1000A6A9#0D028813324A4A4A
(1779322095.906016) can0 1C00A6A9#0000000000030000
(1779322095.907010) can0 02018100#1003020D00000000
(1779322095.908029) can0 02028100#0000003264000000
(1779322095.909010) can0 02038100#0CD601100CD30102
(1779322095.910055) can0 02048100#4A01014A01010000
(1779322095.910933) can0 1AD#8714000059321818
(1779322095.911933) can0 2AD#D60C800C87140016
(1779322095.912933) can0 3AD#0000000000008714
(1779322095.913933) can0 4AD#EB00000000000000
(1779322095.914934) can0 76A#7F00000000000000
(1779322095.977558) can0 0000E005#1702440003B60591
(1779322095.978107) can0 1806E5F4#13CC010003B6023A
(1779322095.979045) can0 0000E000#13CC13CC020D0000
(1779322095.979994) can0 0000E004#181803B603B601E1
(1779322095.980975) can0 0000E006#0CD50CD50CD30CD5
(1779322095.981975) can0 0000E007#0CD30CD50CD50CD3
(1779322095.982988) can0 0000E008#0CD50CD50CD50CD3
(1779322095.983968) can0 0000E009#0CD30CD50CD50CD6
(1779322095.985035) can0 0000E010#0000000000000000
(1779322095.986029) can0 0000E011#0000000000000000
(1779322095.987046) can0 0000E012#0CD4000200000000
(1779322095.988026) can0 0000F001#0000000000000000
(1779322095.989014) can0 18FF28F4#10320000020D0000
(1779322095.989991) can0 18FE28F4#0CD60CD340400000
(1779322095.991008) can0 18FD28F4#1702FA6F00000000
(1779322095.991937) can0 4D4#000032007D0D0203
(1779322095.992937) can0 4D5#D30CD60C40400000
(1779322095.994001) can0 18914010#0CD6100CD3030000
(1779322095.995001) can0 18904010#020D020D753001FA
(1779322095.995995) can0 18FA28F4#123EA12C10270000
(1779322095.996995) can0 18FB28F4#D60CD30C40400000
(1779322095.998006) can0 18FC28F4#383200000D020000
(1779322095.998995) can0 18F810F3#0D02E80332640100
(1779322096.000021) can0 18F815F3#0000000010030000
(1779322096.000938) can0 273#000000000D023200
(1779322096.001938) can0 1E1#020D271001FA01FA
(1779322096.002938) can0 1F5#0000000000000000
(1779322096.004014) can0 0800A6A9#0000000000000000
(1779322096.004976) can0 1000A6A9#0D028813324A4A4A
(1779322096.006009) can0 1C00A6A9#0000000000030000
(1779322096.007021) can0 02018100#1003020D00000000
(1779322096.008021) can0 02028100#0000003264000000
(1779322096.009003) can0 02038100#0CD601100CD30103
(1779322096.010000) can0 02048100#4A01014A01010000
(1779322096.010938) can0 1AD#8714000059321818
(1779322096.011938) can0 2AD#D60C800C87140016
(1779322096.012938) can0 3AD#0000000000008714
(1779322096.013938) can0 4AD#EB00000000000000
(1779322096.014938) can0 76A#7F00000000000000
(1779322096.077608) can0 0000E005#1702440003B60591
(1779322096.078165) can0 1806E5F4#13CC010003B6023A
(1779322096.079000) can0 0000E000#13CC13CC020D0000
(1779322096.079999) can0 0000E004#181803B603B601E1
(1779322096.080980) can0 0000E006#0CD50CD50CD30CD5
(1779322096.081980) can0 0000E007#0CD30CD50CD50CD3
(1779322096.082973) can0 0000E008#0CD50CD50CD50CD3
(1779322096.083981) can0 0000E009#0CD30CD50CD50CD6
(1779322096.085025) can0 0000E010#0000000000000000
(1779322096.086025) can0 0000E011#0000000000000000
(1779322096.087004) can0 0000E012#0CD4000200000000
(1779322096.088018) can0 0000F001#0000000000000000
(1779322096.088999) can0 18FF28F4#10320000020D0000
(1779322096.089986) can0 18FE28F4#0CD60CD340400000
(1779322096.091000) can0 18FD28F4#1702FA6F00000000
(1779322096.091942) can0 4D4#000032007D0D0203
(1779322096.092942) can0 4D5#D30CD60C40400000
(1779322096.093987) can0 18914010#0CD6100CD3030000
(1779322096.094981) can0 18904010#020D020D753001FA
(1779322096.095999) can0 18FA28F4#123EA12C10270000
(1779322096.096981) can0 18FB28F4#D60CD30C40400000
(1779322096.098012) can0 18FC28F4#383200000D020000
(1779322096.098974) can0 18F810F3#0D02E80332640100
(1779322096.100012) can0 18F815F3#0000000010030000
(1779322096.100942) can0 273#000000000D023200
(1779322096.101942) can0 1E1#020D271001FA01FA
(1779322096.102942) can0 1F5#0000000000000000
(1779322096.104013) can0 0800A6A9#0000000000000000
(1779322096.104981) can0 1000A6A9#0D028813324A4A4A
(1779322096.106012) can0 1C00A6A9#0000000000030000
(1779322096.107005) can0 02018100#1003020D00000000
(1779322096.108013) can0 02028100#0000003264000000
(1779322096.109006) can0 02038100#0CD601100CD30103
(1779322096.110007) can0 02048100#4A01014A01010000
(1779322096.110884) can0 1AD#8714000059321818
(1779322096.111882) can0 2AD#D60C800C87140016
(1779322096.112943) can0 3AD#0000000000008714
(1779322096.113942) can0 4AD#EB00000000000000
(1779322096.114944) can0 76A#7F00000000000000
(1779322096.194563) can0 0000E005#1702440003B60591
(1779322096.195101) can0 1806E5F4#13CC010003B6023A
(1779322096.196000) can0 0000E000#13CC13CC020D0000
(1779322096.196985) can0 0000E004#181803B603B601E1
(1779322096.197966) can0 0000E006#0CD50CD50CD30CD3
(1779322096.198966) can0 0000E007#0CD50CD30CD50CD5
(1779322096.199970) can0 0000E008#0CD50CD50CD30CD5
(1779322096.200979) can0 0000E009#0CD50CD50CD50CD6
(1779322096.202056) can0 0000E010#0000000000000000
(1779322096.203024) can0 0000E011#0000000000000000
(1779322096.204004) can0 0000E012#0CD4000200000000
(1779322096.204966) can0 0000E013#4542323630354C43
(1779322096.205998) can0 0000E014#3134323300000000
(1779322096.207011) can0 0000E015#0000000000000003
(1779322096.208008) can0 0000F000#0000000000000000
(1779322096.209012) can0 0000F001#0000000000000000
(1779322096.210043) can0 18FF28F4#10320000020D0000
(1779322096.210992) can0 18FE28F4#0CD60CD340400000
(1779322096.211986) can0 18FD28F4#1702FA6F00000000
(1779322096.212947) can0 4D4#000032007D0D0203
(1779322096.213947) can0 4D5#D30CD60C40400000
(1779322096.214993) can0 18914010#0CD6100CD3030000
(1779322096.215992) can0 18904010#020D020D753001FA
(1779322096.217005) can0 18924010#4001400100000000
(1779322096.218037) can0 18934010#0000006C0000BC19
(1779322096.218999) can0 18944010#1003000000000000
(1779322096.220009) can0 18954010#0000000000000000
(1779322096.221012) can0 18954010#0100000000000000
(1779322096.222012) can0 18954010#0200000000000000
(1779322096.223012) can0 18954010#0300000000000000
(1779322096.224002) can0 18954010#0400000000000000
(1779322096.225006) can0 18954010#0500000000000000
(1779322096.226057) can0 18964010#0040404000000000
(1779322096.227000) can0 18974010#0000000000000000
(1779322096.227999) can0 18984010#0000000000000000
(1779322096.228980) can0 18FA28F4#123EA12C10270000
(1779322096.229980) can0 18FB28F4#D60CD30C40400000
(1779322096.231007) can0 18FC28F4#383200000D020000
(1779322096.231971) can0 18F810F3#0D02E80332640100
(1779322096.232987) can0 18F811F3#D60C1001D30C0301
(1779322096.233980) can0 18F812F3#4001014001010000
(1779322096.235013) can0 18F813F3#0101000000000000
(1779322096.235987) can0 18F814F3#3200EA1AA9015F00
(1779322096.237006) can0 18F815F3#0000000010030000
(1779322096.237948) can0 273#000000000D023200
(1779322096.238949) can0 1E1#020D271001FA01FA
(1779322096.239949) can0 1F5#0000000000000000
(1779322096.241000) can0 0800A6A9#0000000000000000
(1779322096.241968) can0 1000A6A9#0D028813324A4A4A
(1779322096.242994) can0 1C00A6A9#0000000000030000
(1779322096.244010) can0 02018100#1003020D00000000
(1779322096.245013) can0 02028100#0000003264000000
(1779322096.245994) can0 02038100#0CD601100CD30103
(1779322096.246988) can0 02048100#4A01014A01010000
(1779322096.247885) can0 1AD#8714000059321818
(1779322096.248889) can0 2AD#D60C800C87140016
(1779322096.249949) can0 3AD#0000000000008714
(1779322096.250950) can0 4AD#EB00000000000000
(1779322096.251949) can0 76A#7F00000000000000
(1779322096.310585) can0 0000E005#1702440003B60591
(1779322096.311144) can0 1806E5F4#13CC010003B6023A
(1779322096.311997) can0 0000E000#13CC13CC020D0000
(1779322096.312991) can0 0000E004#181803B603B601E1
(1779322096.313959) can0 0000E006#0CD50CD50CD30CD3
(1779322096.314978) can0 0000E007#0CD50CD30CD50CD5
(1779322096.315971) can0 0000E008#0CD50CD50CD30CD5
(1779322096.316968) can0 0000E009#0CD50CD50CD50CD6
(1779322096.318016) can0 0000E010#0000000000000000
(1779322096.319016) can0 0000E011#0000000000000000
(1779322096.319997) can0 0000E012#0CD4000200000000
(1779322096.321016) can0 0000F001#0000000000000000
(1779322096.321997) can0 18FF28F4#10320000020D0000
(1779322096.322978) can0 18FE28F4#0CD60CD340400000
(1779322096.323991) can0 18FD28F4#1702FA6F00000000
(1779322096.324953) can0 4D4#000032007D0D0203
(1779322096.325886) can0 4D5#D30CD60C40400000
(1779322096.326985) can0 18914010#0CD6100CD3030000
(1779322096.327985) can0 18904010#020D020D753001FA
(1779322096.328976) can0 18FA28F4#123EA12C10270000
(1779322096.329979) can0 18FB28F4#D60CD30C40400000
(1779322096.331011) can0 18FC28F4#383200000D020000
(1779322096.331979) can0 18F810F3#0D02E80332640100
(1779322096.333004) can0 18F815F3#0000000010030000
(1779322096.333953) can0 273#000000000D023200
(1779322096.334954) can0 1E1#020D271001FA01FA
(1779322096.335953) can0 1F5#0000000000000000
(1779322096.336999) can0 0800A6A9#0000000000000000
(1779322096.337966) can0 1000A6A9#0D028813324A4A4A
(1779322096.338999) can0 1C00A6A9#0000000000030000
(1779322096.340017) can0 02018100#1003020D00000000
(1779322096.340993) can0 02028100#0000003264000000
(1779322096.341992) can0 02038100#0CD601100CD30103
(1779322096.342992) can0 02048100#4A01014A01010000
(1779322096.343864) can0 1AD#8714000059321818
(1779322096.344887) can0 2AD#D60C800C87140016
(1779322096.345954) can0 3AD#0000000000008714
(1779322096.346954) can0 4AD#EB00000000000000
(1779322096.347954) can0 76A#7F00000000000000
(1779322096.410538) can0 0000E005#1702440003B60591
(1779322096.411104) can0 1806E5F4#13CC010003B6023A
(1779322096.411989) can0 0000E000#13CC13CC020D0000
(1779322096.412983) can0 0000E004#181803B603B601E1
(1779322096.413965) can0 0000E006#0CD50CD50CD30CD3
(1779322096.414964) can0 0000E007#0CD50CD30CD50CD5
(1779322096.415957) can0 0000E008#0CD50CD50CD30CD5
(1779322096.416976) can0 0000E009#0CD50CD50CD50CD6
(1779322096.418008) can0 0000E010#0000000000000000
(1779322096.419009) can0 0000E011#0000000000000000
(1779322096.419989) can0 0000E012#0CD4000200000000
(1779322096.421021) can0 0000F001#0000000000000000
(1779322096.421996) can0 18FF28F4#10320000020D0000
(1779322096.422984) can0 18FE28F4#0CD60CD340400000
(1779322096.424002) can0 18FD28F4#1702FA6F00000000
(1779322096.424958) can0 4D4#000032007D0D0203
(1779322096.425885) can0 4D5#D30CD60C40400000
(1779322096.426977) can0 18914010#0CD6100CD3030000
(1779322096.427977) can0 18904010#020D020D753001FA
(1779322096.428990) can0 18FA28F4#123EA12C10270000
(1779322096.429971) can0 18FB28F4#D60CD30C40400000
(1779322096.431003) can0 18FC28F4#383200000D020000
(1779322096.431964) can0 18F810F3#0D02E80332640100
(1779322096.433029) can0 18F815F3#0000000010030000
(1779322096.433888) can0 273#000000000D023200
(1779322096.434892) can0 1E1#020D271001FA01FA
(1779322096.435958) can0 1F5#0000000000000000
(1779322096.437003) can0 0800A6A9#0000000000000000
(1779322096.437966) can0 1000A6A9#0D028813324A4A4A
(1779322096.439004) can0 1C00A6A9#0000000000030000
(1779322096.439997) can0 02018100#1003020D00000000
(1779322096.441048) can0 02028100#0000003264000000
(1779322096.441978) can0 02038100#0CD601100CD30103
(1779322096.442991) can0 02048100#4A01014A01010000
(1779322096.443870) can0 1AD#8714000059321818
(1779322096.444881) can0 2AD#D60C800C87140016
(1779322096.445892) can0 3AD#0000000000008714
(1779322096.446959) can0 4AD#EB00000000000000
(1779322096.447959) can0 76A#7F00000000000000
(1779322096.510532) can0 0000E005#1702440003B60591
(1779322096.511085) can0 1806E5F4#13CC010003B6023A
(1779322096.511988) can0 0000E000#13CC13CC020D0000
(1779322096.512987) can0 0000E004#181803B603B601E1
(1779322096.513968) can0 0000E006#0CD50CD50CD50CD3
(1779322096.514963) can0 0000E007#0CD50CD30CD30CD5
(1779322096.515962) can0 0000E008#0CD50CD50CD50CD5
(1779322096.516962) can0 0000E009#0CD50CD50CD50CD6
(1779322096.518045) can0 0000E010#0000000000000000
(1779322096.519009) can0 0000E011#0000000000000000
(1779322096.519994) can0 0000E012#0CD4000200000000
(1779322096.521007) can0 0000F001#0000000000000000
(1779322096.521988) can0 18FF28F4#10320000020D0000
(1779322096.522971) can0 18FE28F4#0CD60CD340400000
(1779322096.523988) can0 18FD28F4#1702FA6F00000000
(1779322096.524903) can0 4D4#000032007D0D0203
(1779322096.525963) can0 4D5#D30CD60C40400000
(1779322096.526983) can0 18914010#0CD6100CD3040000
(1779322096.527975) can0 18904010#020D020D753001FA
(1779322096.528975) can0 18FA28F4#123EA12C10270000
(1779322096.529975) can0 18FB28F4#D60CD30C40400000
(1779322096.531002) can0 18FC28F4#383200000D020000
(1779322096.531969) can0 18F810F3#0D02E80332640100
(1779322096.533001) can0 18F815F3#0000000010030000
(1779322096.533897) can0 273#000000000D023200
(1779322096.534874) can0 1E1#020D271001FA01FA
(1779322096.535963) can0 1F5#0000000000000000
(1779322096.537008) can0 0800A6A9#0000000000000000
(1779322096.537963) can0 1000A6A9#0D028813324A4A4A
(1779322096.538989) can0 1C00A6A9#0000000000030000
(1779322096.540001) can0 02018100#1003020D00000000
(1779322096.541002) can0 02028100#0000003264000000
(1779322096.541983) can0 02038100#0CD601100CD30104
(1779322096.542972) can0 02048100#4A01014A01010000
(1779322096.543870) can0 1AD#8714000059321818
(1779322096.544867) can0 2AD#D60C800C87140016
(1779322096.545903) can0 3AD#0000000000008714
(1779322096.546890) can0 4AD#EB00000000000000
(1779322096.547897) can0 76A#7F00000000000000
(1779322096.553887) can0 00000E00#00354C4331343233
(1779322096.610582) can0 0000E005#1702440003B60591
(1779322096.611139) can0 1806E5F4#13CC010003B6023A
(1779322096.611973) can0 0000E000#13CC13CC020D0000
(1779322096.612973) can0 0000E004#181803B603B601E1
(1779322096.613967) can0 0000E006#0CD50CD50CD50CD3
(1779322096.614967) can0 0000E007#0CD50CD30CD30CD5
(1779322096.615967) can0 0000E008#0CD50CD50CD50CD5
(1779322096.616967) can0 0000E009#0CD50CD50CD50CD6
(1779322096.618012) can0 0000E010#0000000000000000
(1779322096.619006) can0 0000E011#0000000000000000
(1779322096.619994) can0 0000E012#0CD4000200000000
(1779322096.621006) can0 0000F001#0000000000000000
(1779322096.621986) can0 18FF28F4#10320000020D0000
(1779322096.622968) can0 18FE28F4#0CD60CD340400000
(1779322096.623987) can0 18FD28F4#1702FA6F00000000
(1779322096.624891) can0 4D4#000032007D0D0203
(1779322096.625876) can0 4D5#D30CD60C40400000
(1779322096.626975) can0 18914010#0CD6100CD3040000
(1779322096.627974) can0 18904010#020D020D753001FA
(1779322096.628974) can0 18FA28F4#123EA12C10270000
(1779322096.629974) can0 18FB28F4#D60CD30C40400000
(1779322096.630984) can0 18FC28F4#383200000D020000
(1779322096.631968) can0 18F810F3#0D02E80332640100
(1779322096.632999) can0 18F815F3#0000000010030000
(1779322096.633878) can0 273#000000000D023200
(1779322096.634878) can0 1E1#020D271001FA01FA
(1779322096.635968) can0 1F5#0000000000000000
(1779322096.636993) can0 0800A6A9#0000000000000000
(1779322096.637968) can0 1000A6A9#0D028813324A4A4A
(1779322096.638984) can0 1C00A6A9#0000000000030000
(1779322096.640000) can0 02018100#1003020D00000000
(1779322096.641000) can0 02028100#0000003264000000
(1779322096.641981) can0 02038100#0CD601100CD30104
(1779322096.642976) can0 02048100#4A01014A01010000
(1779322096.643868) can0 1AD#8714000059321818
(1779322096.644865) can0 2AD#D60C800C87140016
(1779322096.645878) can0 3AD#0000000000008714
(1779322096.646891) can0 4AD#EB00000000000000
(1779322096.647908) can0 76A#7F00000000000000
(1779322096.727587) can0 0000E005#1702440003B60591
(1779322096.728145) can0 1806E5F4#13CC010003B6023A
(1779322096.728980) can0 0000E000#13CC13CC020D0000
(1779322096.729972) can0 0000E004#181803B603B601E1
(1779322096.730973) can0 0000E006#0CD50CD50CD50CD3
(1779322096.731973) can0 0000E007#0CD30CD30CD50CD3
(1779322096.732981) can0 0000E008#0CD30CD50CD30CD5
(1779322096.733972) can0 0000E009#0CD50CD30CD50CD6
(1779322096.734999) can0 0000E010#0000000000000000
(1779322096.735998) can0 0000E011#0000000000000000
(1779322096.736979) can0 0000E012#0CD4000200000000
(1779322096.737973) can0 0000E013#4542323630354C43
(1779322096.738973) can0 0000E014#3134323300000000
(1779322096.739992) can0 0000E015#0000000000000003
(1779322096.741034) can0 0000F000#0000000000000000
(1779322096.742005) can0 0000F001#0000000000000000
(1779322096.742986) can0 18FF28F4#10320000020D0000
(1779322096.743973) can0 18FE28F4#0CD60CD340400000
(1779322096.744973) can0 18FD28F4#1702FA6F00000000
(1779322096.745890) can0 4D4#000032007D0D0203
(1779322096.746870) can0 4D5#D30CD60C40400000
(1779322096.747973) can0 18914010#0CD6100CD3040000
(1779322096.749005) can0 18904010#020D020D753001FA
(1779322096.749986) can0 18924010#4001400100000000
(1779322096.750987) can0 18934010#0000006D0000BC19
(1779322096.751986) can0 18944010#1003000000000000
(1779322096.753012) can0 18954010#0000000000000000
(1779322096.753999) can0 18954010#0100000000000000
(1779322096.754993) can0 18954010#0200000000000000
(1779322096.755993) can0 18954010#0300000000000000
(1779322096.757035) can0 18954010#0400000000000000
(1779322096.757993) can0 18954010#0500000000000000
(1779322096.758987) can0 18964010#0040404000000000
(1779322096.760000) can0 18974010#0000000000000000
(1779322096.760999) can0 18984010#0000000000000000
(1779322096.761974) can0 18FA28F4#123EA12C10270000
(1779322096.762975) can0 18FB28F4#D60CD30C40400000
(1779322096.763987) can0 18FC28F4#383200000D020000
(1779322096.764974) can0 18F810F3#0D02E80332640100
(1779322096.765974) can0 18F811F3#D60C1001D30C0401
(1779322096.766974) can0 18F812F3#4001014001010000
(1779322096.767982) can0 18F813F3#0101000000000000
(1779322096.768974) can0 18F814F3#3200EA1AA9015F00
(1779322096.769980) can0 18F815F3#0000000010030000
(1779322096.770872) can0 273#000000000D023200
(1779322096.771871) can0 1E1#020D271001FA01FA
(1779322096.772907) can0 1F5#0000000000000000
(1779322096.773987) can0 0800A6A9#0000000000000000
(1779322096.774975) can0 1000A6A9#0D028813324A4A4A
(1779322096.775982) can0 1C00A6A9#0000000000030000
(1779322096.777000) can0 02018100#1003020D00000000
(1779322096.777994) can0 02028100#0000003264000000
(1779322096.778975) can0 02038100#0CD601100CD30104
(1779322096.779974) can0 02048100#4A01014A01010000
(1779322096.780858) can0 1AD#8714000059321818
(1779322096.781865) can0 2AD#D60C800C87140016
(1779322096.782884) can0 3AD#0000000000008714
(1779322096.783897) can0 4AD#EB00000000000000
(1779322096.784897) can0 76A#7F00000000000000
(1779322096.843528) can0 0000E005#1702440003B60591
(1779322096.844087) can0 1806E5F4#13CC010003B6023A
(1779322096.844978) can0 0000E000#13CC13CC020D0000
(1779322096.845978) can0 0000E004#181803B603B601E1
(1779322096.846978) can0 0000E006#0CD50CD50CD50CD3
(1779322096.847978) can0 0000E007#0CD30CD30CD50CD3
(1779322096.848978) can0 0000E008#0CD30CD50CD30CD5
(1779322096.849978) can0 0000E009#0CD50CD30CD50CD6
(1779322096.850997) can0 0000E010#0000000000000000
(1779322096.851997) can0 0000E011#0000000000000000
(1779322096.852978) can0 0000E012#0CD4000200000000
(1779322096.853997) can0 0000F001#0000000000000000
(1779322096.854979) can0 18FF28F4#10320000020D0000
(1779322096.855978) can0 18FE28F4#0CD60CD340400000
(1779322096.856979) can0 18FD28F4#1702FA6F00000000
(1779322096.857882) can0 4D4#000032007D0D0203
(1779322096.858867) can0 4D5#D30CD60C40400000
(1779322096.859979) can0 18914010#0CD6100CD3040000
(1779322096.860978) can0 18904010#020D020D753001FA
(1779322096.861979) can0 18FA28F4#123EA12C10270000
(1779322096.862979) can0 18FB28F4#D60CD30C40400000
(1779322096.863979) can0 18FC28F4#383200000D020000
(1779322096.864979) can0 18F810F3#0D02E80332640100
(1779322096.865998) can0 18F815F3#0000000010030000
(1779322096.866871) can0 273#000000000D023200
(1779322096.867869) can0 1E1#020D271001FA01FA
(1779322096.868903) can0 1F5#0000000000000000
(1779322096.869985) can0 0800A6A9#0000000000000000
(1779322096.870980) can0 1000A6A9#0D028813324A4A4A
(1779322096.871979) can0 1C00A6A9#0000000000030000
(1779322096.872979) can0 02018100#1003020D00000000
(1779322096.873998) can0 02028100#0000003264000000
(1779322096.874979) can0 02038100#0CD601100CD30104
(1779322096.875979) can0 02048100#4A01014A01010000
(1779322096.876856) can0 1AD#8714000059321818
(1779322096.877868) can0 2AD#D60C800C87140016
(1779322096.878912) can0 3AD#0000000000008714
(1779322096.879889) can0 4AD#EB00000000000000
(1779322096.880882) can0 76A#7F00000000000000
(1779322096.943521) can0 0000E005#1702440003B60591
(1779322096.944078) can0 1806E5F4#13CC010003B6023A
(1779322096.944983) can0 0000E000#13CC13CC020D0000
(1779322096.945982) can0 0000E004#181803B603B601E1
(1779322096.946983) can0 0000E006#0CD50CD50CD50CD3
(1779322096.947983) can0 0000E007#0CD30CD30CD50CD3
(1779322096.948983) can0 0000E008#0CD30CD50CD30CD5
(1779322096.949983) can0 0000E009#0CD50CD30CD50CD6
(1779322096.951002) can0 0000E010#0000000000000000
(1779322096.951983) can0 0000E011#0000000000000000
(1779322096.952983) can0 0000E012#0CD4000200000000
(1779322096.953998) can0 0000F001#0000000000000000
(1779322096.954983) can0 18FF28F4#10320000020D0000
(1779322096.955983) can0 18FE28F4#0CD60CD340400000
(1779322096.956983) can0 18FD28F4#1702FA6F00000000
(1779322096.957873) can0 4D4#000032007D0D0203
(1779322096.958872) can0 4D5#D30CD60C40400000
(1779322096.959983) can0 18914010#0CD6100CD3040000
(1779322096.960983) can0 18904010#020D020D753001FA
(1779322096.961984) can0 18FA28F4#123EA12C10270000
(1779322096.962984) can0 18FB28F4#D60CD30C40400000
(1779322096.964022) can0 18FC28F4#383200000D020000
(1779322096.964984) can0 18F810F3#0D02E80332640100
(1779322096.965983) can0 18F815F3#0000000010030000
(1779322096.966875) can0 273#000000000D023200
(1779322096.967867) can0 1E1#020D271001FA01FA
(1779322096.968887) can0 1F5#0000000000000000
(1779322096.969992) can0 0800A6A9#0000000000000000
(1779322096.970984) can0 1000A6A9#0D028813324A4A4A
(1779322096.972016) can0 1C00A6A9#0000000000030000
(1779322096.972988) can0 02018100#1003020D00000000
(1779322096.973986) can0 02028100#0000003264000000
(1779322096.974987) can0 02038100#0CD601100CD30104
(1779322096.975984) can0 02048100#4A01014A01010000
(1779322096.976855) can0 1AD#8714000059321818
(1779322096.977847) can0 2AD#D60C800C87140016
(1779322096.978875) can0 3AD#0000000000008714
(1779322096.979924) can0 4AD#EB00000000000000
(1779322096.980887) can0 76A#7F00000000000000
(1779322097.043551) can0 0000E005#1702440003B60591
(1779322097.044115) can0 1806E5F4#13CC010003B6023A
(1779322097.044987) can0 0000E000#13CC13CC020D0000
(1779322097.045987) can0 0000E004#181803B603B601E1
(1779322097.046988) can0 0000E006#0CD50CD50CD50CD5
(1779322097.047987) can0 0000E007#0CD30CD50CD30CD5
(1779322097.048987) can0 0000E008#0CD50CD50CD50CD3
(1779322097.049988) can0 0000E009#0CD50CD50CD50CD6
(1779322097.050988) can0 0000E010#0000000000000000
(1779322097.051988) can0 0000E011#0000000000000000
(1779322097.052988) can0 0000E012#0CD4000200000000
(1779322097.053994) can0 0000F001#0000000000000000
(1779322097.054988) can0 18FF28F4#10320000020D0000
(1779322097.055988) can0 18FE28F4#0CD60CD340400000
(1779322097.057020) can0 18FD28F4#1702FA6F00000000
(1779322097.057872) can0 4D4#000032007D0D0203
(1779322097.058852) can0 4D5#D30CD60C40400000
(1779322097.059988) can0 18914010#0CD6100CD3050000
(1779322097.060988) can0 18904010#020D020D753001FA
(1779322097.061988) can0 18FA28F4#123EA12C10270000
(1779322097.062989) can0 18FB28F4#D60CD30C40400000
(1779322097.063988) can0 18FC28F4#383200000D020000
(1779322097.064988) can0 18F810F3#0D02E80332640100
(1779322097.065989) can0 18F815F3#0000000010030000
(1779322097.066870) can0 273#000000000D023200
(1779322097.067870) can0 1E1#020D271001FA01FA
(1779322097.068879) can0 1F5#0000000000000000
(1779322097.069989) can0 0800A6A9#0000000000000000
(1779322097.070930) can0 1000A6A9#0D028813324A4A4A
(1779322097.071989) can0 1C00A6A9#0000000000030000
(1779322097.072989) can0 02018100#1003020D00000000
(1779322097.073989) can0 02028100#0000003264000000
(1779322097.074990) can0 02038100#0CD601100CD30105
(1779322097.075989) can0 02048100#4A01014A01010000
(1779322097.076853) can0 1AD#8714000059321818
(1779322097.077852) can0 2AD#D60C800C87140016
(1779322097.078877) can0 3AD#0000000000008714
(1779322097.079879) can0 4AD#EB00000000000000
(1779322097.080872) can0 76A#7F00000000000000
(1779322097.143511) can0 0000E005#1702440003B60591
(1779322097.144069) can0 1806E5F4#13CC010003B6023A
(1779322097.144992) can0 0000E000#13CC13CC020D0000
(1779322097.145993) can0 0000E004#181803B603B601E1
(1779322097.146993) can0 0000E006#0CD50CD50CD50CD5
(1779322097.147929) can0 0000E007#0CD30CD50CD30CD5
(1779322097.148932) can0 0000E008#0CD50CD50CD50CD3
(1779322097.149932) can0 0000E009#0CD50CD50CD50CD6
(1779322097.150993) can0 0000E010#0000000000000000
(1779322097.151993) can0 0000E011#0000000000000000
(1779322097.152992) can0 0000E012#0CD4000200000000
(1779322097.153993) can0 0000F001#0000000000000000
(1779322097.154993) can0 18FF28F4#10320000020D0000
(1779322097.155993) can0 18FE28F4#0CD60CD340400000
(1779322097.156993) can0 18FD28F4#1702FA6F00000000
(1779322097.157881) can0 4D4#000032007D0D0203
(1779322097.158859) can0 4D5#D30CD60C40400000
(1779322097.159996) can0 18914010#0CD6100CD3050000
(1779322097.160994) can0 18904010#020D020D753001FA
(1779322097.161993) can0 18FA28F4#123EA12C10270000
(1779322097.162994) can0 18FB28F4#D60CD30C40400000
(1779322097.163994) can0 18FC28F4#383200000D020000
(1779322097.164994) can0 18F810F3#0D02E80332640100
(1779322097.165994) can0 18F815F3#0000000010030000
(1779322097.166883) can0 273#000000000D023200
(1779322097.167862) can0 1E1#020D271001FA01FA
(1779322097.168895) can0 1F5#0000000000000000
(1779322097.169995) can0 0800A6A9#0000000000000000
(1779322097.170935) can0 1000A6A9#0D028813324A4A4A
(1779322097.171998) can0 1C00A6A9#0000000000030000
(1779322097.172997) can0 02018100#1003020D00000000
(1779322097.173995) can0 02028100#0000003264000000
(1779322097.174999) can0 02038100#0CD601100CD30105
(1779322097.175996) can0 02048100#4A01014A01010000
(1779322097.176846) can0 1AD#8714000059321818
(1779322097.177858) can0 2AD#D60C800C87140016
(1779322097.178889) can0 3AD#0000000000008714
(1779322097.179885) can0 4AD#EB00000000000000
(1779322097.180884) can0 76A#7F00000000000000
(1779322097.260533) can0 0000E005#1702440003B60591
(1779322097.261076) can0 1806E5F4#13CC010003B6023A
(1779322097.262002) can0 0000E000#13CC13CC020D0000
(1779322097.262999) can0 0000E004#181803B603B601E1
(1779322097.263998) can0 0000E006#0CD50CD30CD50CD5
(1779322097.264921) can0 0000E007#0CD30CD50CD30CD5
(1779322097.265998) can0 0000E008#0CD50CD50CD50CD5
(1779322097.266933) can0 0000E009#0CD30CD30CD50CD6
(1779322097.267998) can0 0000E010#0000000000000000
(1779322097.269011) can0 0000E011#0000000000000000
(1779322097.270000) can0 0000E012#0CD4000200000000
(1779322097.270939) can0 0000E013#4542323630354C43
(1779322097.271998) can0 0000E014#3134323300000000
(1779322097.272998) can0 0000E015#0000000000000003
(1779322097.273998) can0 0000F000#0000000000000000
(1779322097.275000) can0 0000F001#0000000000000000
(1779322097.275998) can0 18FF28F4#10320000020D0000
(1779322097.277002) can0 18FE28F4#0CD60CD340400000
(1779322097.278000) can0 18FD28F4#1702FA6F00000000
(1779322097.278877) can0 4D4#000032007D0D0203
(1779322097.279889) can0 4D5#D30CD60C40400000
(1779322097.280941) can0 18914010#0CD6100CD3020000
(1779322097.282000) can0 18904010#020D020D753001FA
(1779322097.283001) can0 18924010#4001400100000000
(1779322097.283999) can0 18934010#0000006E0000BC19
(1779322097.285000) can0 18944010#1003000000000000
(1779322097.285999) can0 18954010#0000000000000000
(1779322097.287002) can0 18954010#0100000000000000
(1779322097.288027) can0 18954010#0200000000000000
(1779322097.289000) can0 18954010#0300000000000000
(1779322097.290002) can0 18954010#0400000000000000
(1779322097.291000) can0 18954010#0500000000000000
(1779322097.292000) can0 18964010#0040404000000000
(1779322097.292999) can0 18974010#0000000000000000
(1779322097.294002) can0 18984010#0000000000000000
(1779322097.294940) can0 18FA28F4#123EA12C10270000
(1779322097.295938) can0 18FB28F4#D60CD30C40400000
(1779322097.296999) can0 18FC28F4#383200000D020000
(1779322097.297931) can0 18F810F3#0D02E80332640100
(1779322097.298941) can0 18F811F3#D60C1001D30C0201
(1779322097.300001) can0 18F812F3#4001014001010000
(1779322097.301000) can0 18F813F3#0101000000000000
(1779322097.301999) can0 18F814F3#3200EA1AA9015F00
(1779322097.303000) can0 18F815F3#0000000010030000
(1779322097.303865) can0 273#000000000D023200
(1779322097.304863) can0 1E1#020D271001FA01FA
(1779322097.305888) can0 1F5#0000000000000000
(1779322097.307000) can0 0800A6A9#0000000000000000
(1779322097.307934) can0 1000A6A9#0D028813324A4A4A
(1779322097.309000) can0 1C00A6A9#0000000000030000
(1779322097.310000) can0 02018100#1003020D00000000
(1779322097.311000) can0 02028100#0000003264000000
(1779322097.312001) can0 02038100#0CD601100CD30102
(1779322097.313000) can0 02048100#4A01014A01010000
(1779322097.313838) can0 1AD#8714000059321818
(1779322097.314844) can0 2AD#D60C800C87140016
(1779322097.315872) can0 3AD#0000000000008714
(1779322097.316872) can0 4AD#EB00000000000000
(1779322097.317871) can0 76A#7F00000000000000
(1779322097.376512) can0 0000E005#1702440003B60591
(1779322097.377067) can0 1806E5F4#13CC010003B6023A
(1779322097.377943) can0 0000E000#13CC13CC020D0000
(1779322097.379002) can0 0000E004#181803B603B601E1
(1779322097.379919) can0 0000E006#0CD50CD30CD50CD5
(1779322097.380937) can0 0000E007#0CD30CD50CD30CD5
(1779322097.381936) can0 0000E008#0CD50CD50CD50CD5
(1779322097.382910) can0 0000E009#0CD30CD30CD50CD6
(1779322097.384002) can0 0000E010#0000000000000000
(1779322097.385002) can0 0000E011#0000000000000000
(1779322097.386003) can0 0000E012#0CD4000200000000
(1779322097.387003) can0 0000F001#0000000000000000
(1779322097.388002) can0 18FF28F4#10320000020D0000
(1779322097.388944) can0 18FE28F4#0CD60CD340400000
(1779322097.390003) can0 18FD28F4#1702FA6F00000000
(1779322097.390868) can0 4D4#000032007D0D0203
(1779322097.391854) can0 4D5#D30CD60C40400000
(1779322097.393004) can0 18914010#0CD6100CD3020000
(1779322097.393937) can0 18904010#020D020D753001FA
(1779322097.394937) can0 18FA28F4#123EA12C10270000
(1779322097.395936) can0 18FB28F4#D60CD30C40400000
(1779322097.397003) can0 18FC28F4#383200000D020000
(1779322097.397926) can0 18F810F3#0D02E80332640100
(1779322097.399005) can0 18F815F3#0000000010030000
(1779322097.399862) can0 273#000000000D023200
(1779322097.400860) can0 1E1#020D271001FA01FA
(1779322097.401886) can0 1F5#0000000000000000
(1779322097.403004) can0 0800A6A9#0000000000000000
(1779322097.403927) can0 1000A6A9#0D028813324A4A4A
(1779322097.405004) can0 1C00A6A9#0000000000030000
(1779322097.406003) can0 02018100#1003020D00000000
(1779322097.407004) can0 02028100#0000003264000000
(1779322097.407944) can0 02038100#0CD601100CD30102
(1779322097.408943) can0 02048100#4A01014A01010000
(1779322097.409860) can0 1AD#8714000059321818
(1779322097.410840) can0 2AD#D60C800C87140016
(1779322097.411867) can0 3AD#0000000000008714
(1779322097.412867) can0 4AD#EB00000000000000
(1779322097.413857) can0 76A#7F00000000000000
(1779322097.476550) can0 0000E005#1702440003B60591
(1779322097.477110) can0 1806E5F4#13CC010003B6023A
(1779322097.477941) can0 0000E000#13CC13CC020D0000
(1779322097.479007) can0 0000E004#181803B603B601E1
(1779322097.479911) can0 0000E006#0CD50CD30CD50CD5
(1779322097.480910) can0 0000E007#0CD30CD50CD30CD5
(1779322097.481910) can0 0000E008#0CD50CD50CD50CD5
(1779322097.482910) can0 0000E009#0CD30CD30CD50CD6
(1779322097.484007) can0 0000E010#0000000000000000
(1779322097.485007) can0 0000E011#0000000000000000
(1779322097.485948) can0 0000E012#0CD4000200000000
(1779322097.487007) can0 0000F001#0000000000000000
(1779322097.487947) can0 18FF28F4#10320000020D0000
(1779322097.488924) can0 18FE28F4#0CD60CD340400000
(1779322097.489947) can0 18FD28F4#1702FA6F00000000
(1779322097.490861) can0 4D4#000032007D0D0203
(1779322097.491845) can0 4D5#D30CD60C40400000
(1779322097.492941) can0 18914010#0CD6100CD3020000
(1779322097.493930) can0 18904010#020D020D753001FA
(1779322097.495007) can0 18FA28F4#123EA12C10270000
(1779322097.495925) can0 18FB28F4#D60CD30C40400000
(1779322097.497008) can0 18FC28F4#383200000D020000
(1779322097.497918) can0 18F810F3#0D02E80332640100
(1779322097.499008) can0 18F815F3#0000000010030000
(1779322097.499852) can0 273#000000000D023200
(1779322097.500852) can0 1E1#020D271001FA01FA
(1779322097.501883) can0 1F5#0000000000000000
(1779322097.503008) can0 0800A6A9#0000000000000000
(1779322097.503906) can0 1000A6A9#0D028813324A4A4A
(1779322097.505008) can0 1C00A6A9#0000000000030000
(1779322097.505948) can0 02018100#1003020D00000000
(1779322097.507008) can0 02028100#0000003264000000
(1779322097.507944) can0 02038100#0CD601100CD30102
(1779322097.508942) can0 02048100#4A01014A01010000
(1779322097.509839) can0 1AD#8714000059321818
(1779322097.510884) can0 2AD#D60C800C87140016
(1779322097.511865) can0 3AD#0000000000008714
(1779322097.512859) can0 4AD#EB00000000000000
(1779322097.513859) can0 76A#7F00000000000000
(1779322097.576525) can0 0000E005#1702440003B60591
(1779322097.577083) can0 1806E5F4#13CC010003B6023A
(1779322097.577949) can0 0000E000#13CC13CC020D0000
(1779322097.578941) can0 0000E004#181803B603B601E1
(1779322097.580023) can0 0000E006#0CD50CD30CD50CD3
(1779322097.580924) can0 0000E007#0CD30CD30CD50CD5
(1779322097.581918) can0 0000E008#0CD50CD50CD30CD3
(1779322097.582921) can0 0000E009#0CD50CD50CD50CD6
(1779322097.584022) can0 0000E010#0000000000000000
(1779322097.585021) can0 0000E011#0000000000000000
(1779322097.585966) can0 0000E012#0CD4000200000000
(1779322097.587024) can0 0000F001#0000000000000000
(1779322097.588026) can0 18FF28F4#10320000020D0000
(1779322097.588924) can0 18FE28F4#0CD60CD340400000
(1779322097.589935) can0 18FD28F4#1702FA6F00000000
(1779322097.590857) can0 4D4#000032007D0D0203
(1779322097.591837) can0 4D5#D30CD60C40400000
(1779322097.592928) can0 18914010#0CD6100CD3020000
(1779322097.593928) can0 18904010#020D020D753001FA
(1779322097.594929) can0 18FA28F4#123EA12C10270000
(1779322097.596012) can0 18FB28F4#D60CD30C40400000
(1779322097.597013) can0 18FC28F4#383200000D020000
(1779322097.597911) can0 18F810F3#0D02E80332640100
(1779322097.599013) can0 18F815F3#0000000010030000
(1779322097.599859) can0 273#000000000D023200
(1779322097.600844) can0 1E1#020D271001FA01FA
(1779322097.601876) can0 1F5#0000000000000000
(1779322097.602952) can0 0800A6A9#0000000000000000
(1779322097.603916) can0 1000A6A9#0D028813324A4A4A
(1779322097.604953) can0 1C00A6A9#0000000000030000
(1779322097.605947) can0 02018100#1003020D00000000
(1779322097.606946) can0 02028100#0000003264000000
(1779322097.607938) can0 02038100#0CD601100CD30102
(1779322097.608935) can0 02048100#4A01014A01010000
(1779322097.609825) can0 1AD#8714000059321818
(1779322097.610838) can0 2AD#D60C800C87140016
(1779322097.611850) can0 3AD#0000000000008714
(1779322097.612863) can0 4AD#EB00000000000000
(1779322097.613857) can0 76A#7F00000000000000
(1779322097.676492) can0 0000E005#1702440003B60591
(1779322097.677048) can0 1806E5F4#13CC010003B6023A
(1779322097.677940) can0 0000E000#13CC13CC020D0000
(1779322097.678926) can0 0000E004#181803B603B601E1
(1779322097.679907) can0 0000E006#0CD50CD30CD50CD3
(1779322097.680907) can0 0000E007#0CD30CD30CD50CD5
(1779322097.681906) can0 0000E008#0CD50CD50CD30CD3
(1779322097.682905) can0 0000E009#0CD50CD50CD50CD6
(1779322097.684017) can0 0000E010#0000000000000000
(1779322097.685016) can0 0000E011#0000000000000000
(1779322097.685934) can0 0000E012#0CD4000200000000
(1779322097.687017) can0 0000F001#0000000000000000
(1779322097.687951) can0 18FF28F4#10320000020D0000
(1779322097.688926) can0 18FE28F4#0CD60CD340400000
(1779322097.689939) can0 18FD28F4#1702FA6F00000000
(1779322097.690848) can0 4D4#000032007D0D0203
(1779322097.691829) can0 4D5#D30CD60C40400000
(1779322097.692923) can0 18914010#0CD6100CD3020000
(1779322097.693920) can0 18904010#020D020D753001FA
(1779322097.694933) can0 18FA28F4#123EA12C10270000
(1779322097.695914) can0 18FB28F4#D60CD30C40400000
(1779322097.696947) can0 18FC28F4#383200000D020000
(1779322097.697914) can0 18F810F3#0D02E80332640100
(1779322097.699017) can0 18F815F3#0000000010030000
(1779322097.699843) can0 273#000000000D023200
(1779322097.700842) can0 1E1#020D271001FA01FA
(1779322097.701874) can0 1F5#0000000000000000
(1779322097.702951) can0 0800A6A9#0000000000000000
(1779322097.703914) can0 1000A6A9#0D028813324A4A4A
(1779322097.704945) can0 1C00A6A9#0000000000030000
(1779322097.705940) can0 02018100#1003020D00000000
(1779322097.706940) can0 02028100#0000003264000000
(1779322097.707940) can0 02038100#0CD601100CD30102
(1779322097.708937) can0 02048100#4A01014A01010000
(1779322097.709842) can0 1AD#8714000059321818
(1779322097.710836) can0 2AD#D60C800C87140016
(1779322097.711849) can0 3AD#0000000000008714
(1779322097.712862) can0 4AD#EB00000000000000
(1779322097.713862) can0 76A#7F00000000000000
(1779322097.793483) can0 0000E005#1702440003B60591
(1779322097.794041) can0 1806E5F4#13CC010003B6023A
(1779322097.794951) can0 0000E000#13CC13CC020D0000
(1779322097.795919) can0 0000E004#181803B603B601E1
(1779322097.796904) can0 0000E006#0CD50CD30CD30CD5
(1779322097.797913) can0 0000E007#0CD50CD50CD50CD5
(1779322097.798914) can0 0000E008#0CD50CD50CD50CD3
(1779322097.799913) can0 0000E009#0CD50CD50CD50CD6
(1779322097.800962) can0 0000E010#0000000000000000
(1779322097.801962) can0 0000E011#0000000000000000
(1779322097.803023) can0 0000E012#0CD4000200000000
(1779322097.803906) can0 0000E013#4542323630354C43
(1779322097.804932) can0 0000E014#3134323300000000
(1779322097.805944) can0 0000E015#0000000000000003
(1779322097.806960) can0 0000F000#0000000000000000
(1779322097.807962) can0 0000F001#0000000000000000
(1779322097.808938) can0 18FF28F4#10320000020D0000
(1779322097.809919) can0 18FE28F4#0CD60CD340400000
(1779322097.811023) can0 18FD28F4#1702FA6F00000000
(1779322097.811855) can0 4D4#000032007D0D0203
(1779322097.812835) can0 4D5#D30CD60C40400000
(1779322097.813925) can0 18914010#0CD6100CD3020000
(1779322097.814926) can0 18904010#020D020D753001FA
(1779322097.815939) can0 18924010#4001400100000000
(1779322097.816919) can0 18934010#0000006F0000BC19
(1779322097.817938) can0 18944010#1003000000000000
(1779322097.819023) can0 18954010#0000000000000000
(1779322097.820023) can0 18954010#0100000000000000
(1779322097.820940) can0 18954010#0200000000000000
(1779322097.821963) can0 18954010#0300000000000000
(1779322097.822957) can0 18954010#0400000000000000
(1779322097.823932) can0 18954010#0500000000000000
(1779322097.824932) can0 18964010#0040404000000000
(1779322097.825945) can0 18974010#0000000000000000
(1779322097.826946) can0 18984010#0000000000000000
(1779322097.827920) can0 18FA28F4#123EA12C10270000
(1779322097.828920) can0 18FB28F4#D60CD30C40400000
(1779322097.829957) can0 18FC28F4#383200000D020000
(1779322097.830915) can0 18F810F3#0D02E80332640100
(1779322097.831927) can0 18F811F3#D60C1001D30C0201
(1779322097.832927) can0 18F812F3#4001014001010000
(1779322097.833959) can0 18F813F3#0101000000000000
(1779322097.834921) can0 18F814F3#3200EA1AA9015F00
(1779322097.835946) can0 18F815F3#0000000010030000
(1779322097.836855) can0 273#000000000D023200
(1779322097.837836) can0 1E1#020D271001FA01FA
(1779322097.838861) can0 1F5#0000000000000000
(1779322097.839934) can0 0800A6A9#0000000000000000
(1779322097.840906) can0 1000A6A9#0D028813324A4A4A
(1779322097.841934) can0 1C00A6A9#0000000000030000
(1779322097.842946) can0 02018100#1003020D00000000
(1779322097.843946) can0 02028100#0000003264000000
(1779322097.844927) can0 02038100#0CD601100CD30102
(1779322097.845927) can0 02048100#4A01014A01010000
(1779322097.846815) can0 1AD#8714000059321818
(1779322097.847830) can0 2AD#D60C800C87140016
(1779322097.848843) can0 3AD#0000000000008714
(1779322097.849855) can0 4AD#EB00000000000000
(1779322097.850856) can0 76A#7F00000000000000
(1779322097.909533) can0 0000E005#1702440003B60591
(1779322097.910078) can0 1806E5F4#13CC010003B6023A
(1779322097.910919) can0 0000E000#13CC13CC020D0000
(1779322097.911918) can0 0000E004#181803B603B601E1
(1779322097.912909) can0 0000E006#0CD50CD30CD30CD5
(1779322097.913903) can0 0000E007#0CD50CD50CD50CD5
(1779322097.914904) can0 0000E008#0CD50CD50CD50CD3
(1779322097.915901) can0 0000E009#0CD50CD50CD50CD6
(1779322097.916944) can0 0000E010#0000000000000000
(1779322097.917943) can0 0000E011#0000000000000000
(1779322097.918925) can0 0000E012#0CD4000200000000
(1779322097.919961) can0 0000F001#0000000000000000
(1779322097.920937) can0 18FF28F4#10320000020D0000
(1779322097.921918) can0 18FE28F4#0CD60CD340400000
(1779322097.922922) can0 18FD28F4#1702FA6F00000000
(1779322097.923835) can0 4D4#000032007D0D0203
(1779322097.924821) can0 4D5#D30CD60C40400000
(1779322097.925916) can0 18914010#0CD6100CD3020000
(1779322097.926917) can0 18904010#020D020D753001FA
(1779322097.927927) can0 18FA28F4#123EA12C10270000
(1779322097.928910) can0 18FB28F4#D60CD30C40400000
(1779322097.929938) can0 18FC28F4#383200000D020000
(1779322097.930911) can0 18F810F3#0D02E80332640100
(1779322097.931937) can0 18F815F3#0000000010030000
(1779322097.932840) can0 273#000000000D023200
(1779322097.933822) can0 1E1#020D271001FA01FA
(1779322097.934854) can0 1F5#0000000000000000
(1779322097.935926) can0 0800A6A9#0000000000000000
(1779322097.936898) can0 1000A6A9#0D028813324A4A4A
(1779322097.937926) can0 1C00A6A9#0000000000030000
(1779322097.938939) can0 02018100#1003020D00000000
(1779322097.939941) can0 02028100#0000003264000000
(1779322097.940938) can0 02038100#0CD601100CD30102
(1779322097.941919) can0 02048100#4A01014A01010000
(1779322097.942822) can0 1AD#8714000059321818
(1779322097.943815) can0 2AD#D60C800C87140016
(1779322097.944847) can0 3AD#0000000000008714
(1779322097.945848) can0 4AD#EB00000000000000
(1779322097.946841) can0 76A#7F00000000000000
(1779322098.009523) can0 0000E005#1702440003B60591
(1779322098.010083) can0 1806E5F4#13CC010003B6023A
(1779322098.010924) can0 0000E000#13CC13CC020D0000
(1779322098.011914) can0 0000E004#181803B603B601E1
(1779322098.012893) can0 0000E006#0CD50CD30CD30CD5
(1779322098.013908) can0 0000E007#0CD50CD50CD50CD5
(1779322098.014908) can0 0000E008#0CD50CD50CD50CD3
(1779322098.015908) can0 0000E009#0CD50CD50CD50CD6
(1779322098.016948) can0 0000E010#0000000000000000
(1779322098.017966) can0 0000E011#0000000000000000
(1779322098.018929) can0 0000E012#0CD4000200000000
(1779322098.019942) can0 0000F001#0000000000000000
(1779322098.020923) can0 18FF28F4#10320000020D0000
(1779322098.021915) can0 18FE28F4#0CD60CD340400000
(1779322098.022924) can0 18FD28F4#1702FA6F00000000
(1779322098.023844) can0 4D4#000032007D0D0203
(1779322098.024825) can0 4D5#D30CD60C40400000
(1779322098.025936) can0 18914010#0CD6100CD3020000
(1779322098.026922) can0 18904010#020D020D753001FA
(1779322098.027921) can0 18FA28F4#123EA12C10270000
(1779322098.028915) can0 18FB28F4#D60CD30C40400000
(1779322098.029930) can0 18FC28F4#383200000D020000
(1779322098.030916) can0 18F810F3#0D02E80332640100
(1779322098.031942) can0 18F815F3#0000000010030000
(1779322098.032833) can0 273#000000000D023200
(1779322098.033858) can0 1E1#020D271001FA01FA
(1779322098.034858) can0 1F5#0000000000000000
(1779322098.035939) can0 0800A6A9#0000000000000000
(1779322098.036902) can0 1000A6A9#0D028813324A4A4A
(1779322098.037930) can0 1C00A6A9#0000000000030000
(1779322098.038930) can0 02018100#1003020D00000000
(1779322098.039930) can0 02028100#0000003264000000
(1779322098.040924) can0 02038100#0CD601100CD30102
(1779322098.041957) can0 02048100#4A01014A01010000
(1779322098.042814) can0 1AD#8714000059321818
(1779322098.043818) can0 2AD#D60C800C87140016
(1779322098.044839) can0 3AD#0000000000008714
(1779322098.045853) can0 4AD#EB00000000000000
(1779322098.046846) can0 76A#7F00000000000000
(1779322098.109474) can0 0000E005#1702440003B60591
(1779322098.110038) can0 1806E5F4#13CC010003B6023A
(1779322098.110948) can0 0000E000#13CC13CC020D0000
(1779322098.111920) can0 0000E004#181803B603B601E1
(1779322098.112901) can0 0000E006#0CD50CD30CD30CD3
(1779322098.113901) can0 0000E007#0CD30CD30CD50CD5
(1779322098.114901) can0 0000E008#0CD50CD50CD50CD3
(1779322098.115894) can0 0000E009#0CD50CD50CD50CD6
(1779322098.116943) can0 0000E010#0000000000000000
(1779322098.117941) can0 0000E011#0000000000000000
(1779322098.118971) can0 0000E012#0CD4000200000000
(1779322098.119953) can0 0000F001#0000000000000000
(1779322098.120935) can0 18FF28F4#10320000020D0000
(1779322098.121920) can0 18FE28F4#0CD60CD340400000
(1779322098.122920) can0 18FD28F4#1702FA6F00000000
(1779322098.123837) can0 4D4#000032007D0D0203
(1779322098.124818) can0 4D5#D30CD60C40400000
(1779322098.125913) can0 18914010#0CD6100CD3020000
(1779322098.126954) can0 18904010#020D020D753001FA
(1779322098.127907) can0 18FA28F4#123EA12C10270000
(1779322098.128906) can0 18FB28F4#D60CD30C40400000
(1779322098.129934) can0 18FC28F4#383200000D020000
(1779322098.130908) can0 18F810F3#0D02E80332640100
(1779322098.131929) can0 18F815F3#0000000010030000
(1779322098.132835) can0 273#000000000D023200
(1779322098.133818) can0 1E1#020D271001FA01FA
(1779322098.134851) can0 1F5#0000000000000000
(1779322098.135927) can0 0800A6A9#0000000000000000
(1779322098.136895) can0 1000A6A9#0D028813324A4A4A
(1779322098.137927) can0 1C00A6A9#0000000000030000
(1779322098.138935) can0 02018100#1003020D00000000
(1779322098.139935) can0 02028100#0000003264000000
(1779322098.140914) can0 02038100#0CD601100CD30102
(1779322098.141920) can0 02048100#4A01014A01010000
(1779322098.142818) can0 1AD#8714000059321818
(1779322098.143812) can0 2AD#D60C800C87140016
(1779322098.144823) can0 3AD#0000000000008714
(1779322098.145844) can0 4AD#EB00000000000000
(1779322098.146838) can0 76A#7F00000000000000
(1779322098.209518) can0 0000E005#1702440003B60591
(1779322098.210074) can0 1806E5F4#13CC010003B6023A
(1779322098.210919) can0 0000E000#13CC13CC020D0000
(1779322098.211917) can0 0000E004#181803B603B601E1
(1779322098.212898) can0 0000E006#0CD50CD30CD30CD3
(1779322098.213894) can0 0000E007#0CD30CD30CD50CD5
(1779322098.214899) can0 0000E008#0CD50CD50CD50CD3
(1779322098.215898) can0 0000E009#0CD50CD50CD50CD6
(1779322098.216938) can0 0000E010#0000000000000000
(1779322098.217937) can0 0000E011#0000000000000000
(1779322098.218924) can0 0000E012#0CD4000200000000
(1779322098.219932) can0 0000F001#0000000000000000
(1779322098.220932) can0 18FF28F4#10320000020D0000
(1779322098.221905) can0 18FE28F4#0CD60CD340400000
(1779322098.222919) can0 18FD28F4#1702FA6F00000000
(1779322098.223835) can0 4D4#000032007D0D0203
(1779322098.224816) can0 4D5#D30CD60C40400000
(1779322098.225911) can0 18914010#0CD6100CD3020000
(1779322098.226912) can0 18904010#020D020D753001FA
(1779322098.227906) can0 18FA28F4#123EA12C10270000
(1779322098.228905) can0 18FB28F4#D60CD30C40400000
(1779322098.229934) can0 18FC28F4#383200000D020000
(1779322098.230906) can0 18F810F3#0D02E80332640100
(1779322098.231931) can0 18F815F3#0000000010030000
(1779322098.232835) can0 273#000000000D023200
(1779322098.233816) can0 1E1#020D271001FA01FA
(1779322098.234849) can0 1F5#0000000000000000
(1779322098.235925) can0 0800A6A9#0000000000000000
(1779322098.236893) can0 1000A6A9#0D028813324A4A4A
(1779322098.237918) can0 1C00A6A9#0000000000030000
(1779322098.238934) can0 02018100#1003020D00000000
(1779322098.239934) can0 02028100#0000003264000000
(1779322098.240919) can0 02038100#0CD601100CD30102
(1779322098.241911) can0 02048100#4A01014A01010000
(1779322098.242817) can0 1AD#8714000059321818
(1779322098.243810) can0 2AD#D60C800C87140016
(1779322098.244823) can0 3AD#0000000000008714
(1779322098.245836) can0 4AD#EB00000000000000
(1779322098.246837) can0 76A#7F00000000000000
(1779322098.326462) can0 0000E005#1702440003B60591
(1779322098.327048) can0 1806E5F4#13CC010003B6023A
(1779322098.327913) can0 0000E000#13CC13CC020D0000
(1779322098.328911) can0 0000E004#181803B603B601E1
(1779322098.329892) can0 0000E006#0CD50CD50CD50CD3
(1779322098.330892) can0 0000E007#0CD50CD30CD50CD3
(1779322098.331885) can0 0000E008#0CD50CD50CD50CD3
(1779322098.332891) can0 0000E009#0CD50CD50CD50CD6
(1779322098.333964) can0 0000E010#0000000000000000
(1779322098.334937) can0 0000E011#0000000000000000
(1779322098.335918) can0 0000E012#0CD4000200000000
(1779322098.336886) can0 0000E013#4542323630354C43
(1779322098.337911) can0 0000E014#3134323300000000
(1779322098.338930) can0 0000E015#0000000000000003
(1779322098.339939) can0 0000F000#0000000000000000
(1779322098.340938) can0 0000F001#0000000000000000
(1779322098.341951) can0 18FF28F4#10320000020D0000
(1779322098.342905) can0 18FE28F4#0CD60CD340400000
(1779322098.343914) can0 18FD28F4#1702FA6F00000000
(1779322098.344822) can0 4D4#000032007D0D0203
(1779322098.345803) can0 4D5#D30CD60C40400000
(1779322098.346899) can0 18914010#0CD6100CD3040000
(1779322098.347899) can0 18904010#020D020D753001FA
(1779322098.348931) can0 18924010#4001400100000000
(1779322098.349952) can0 18934010#000000700000BC19
(1779322098.350924) can0 18944010#1003000000000000
(1779322098.351938) can0 18954010#0000000000000000
(1779322098.352937) can0 18954010#0100000000000000
(1779322098.353937) can0 18954010#0200000000000000
(1779322098.354937) can0 18954010#0300000000000000
(1779322098.355931) can0 18954010#0400000000000000
(1779322098.356931) can0 18954010#0500000000000000
(1779322098.357982) can0 18964010#0040404000000000
(1779322098.358927) can0 18974010#0000000000000000
(1779322098.359925) can0 18984010#0000000000000000
(1779322098.360906) can0 18FA28F4#123EA12C10270000
(1779322098.361906) can0 18FB28F4#D60CD30C40400000
(1779322098.362932) can0 18FC28F4#383200000D020000
(1779322098.363893) can0 18F810F3#0D02E80332640100
(1779322098.364912) can0 18F811F3#D60C1001D30C0401
(1779322098.365906) can0 18F812F3#4001014001010000
(1779322098.366919) can0 18F813F3#0101000000000000
(1779322098.367899) can0 18F814F3#3200EA1AA9015F00
(1779322098.368931) can0 18F815F3#0000000010030000
(1779322098.369829) can0 273#000000000D023200
(1779322098.370811) can0 1E1#020D271001FA01FA
(1779322098.371842) can0 1F5#0000000000000000
(1779322098.372919) can0 0800A6A9#0000000000000000
(1779322098.373887) can0 1000A6A9#0D028813324A4A4A
(1779322098.374920) can0 1C00A6A9#0000000000030000
(1779322098.375925) can0 02018100#1003020D00000000
(1779322098.376932) can0 02028100#0000003264000000
(1779322098.377913) can0 02038100#0CD601100CD30104
(1779322098.378913) can0 02048100#4A01014A01010000
(1779322098.379796) can0 1AD#8714000059321818
(1779322098.380811) can0 2AD#D60C800C87140016
(1779322098.381823) can0 3AD#0000000000008714
(1779322098.382843) can0 4AD#EB00000000000000
(1779322098.383837) can0 76A#7F00000000000000
(1779322098.442508) can0 0000E005#1702440003B60591
(1779322098.443066) can0 1806E5F4#13CC010003B6023A
(1779322098.443911) can0 0000E000#13CC13CC020D0000
(1779322098.444891) can0 0000E004#181803B603B601E1
(1779322098.445897) can0 0000E006#0CD50CD50CD50CD3
(1779322098.446891) can0 0000E007#0CD50CD30CD50CD3
(1779322098.447890) can0 0000E008#0CD50CD50CD50CD3
(1779322098.448886) can0 0000E009#0CD50CD50CD50CD6
(1779322098.449935) can0 0000E010#0000000000000000
(1779322098.450936) can0 0000E011#0000000000000000
(1779322098.451917) can0 0000E012#0CD4000200000000
(1779322098.452930) can0 0000F001#0000000000000000
(1779322098.453916) can0 18FF28F4#10320000020D0000
(1779322098.454898) can0 18FE28F4#0CD60CD340400000
(1779322098.455911) can0 18FD28F4#1702FA6F00000000
(1779322098.456821) can0 4D4#000032007D0D0203
(1779322098.457808) can0 4D5#D30CD60C40400000
(1779322098.458905) can0 18914010#0CD6100CD3040000
(1779322098.459904) can0 18904010#020D020D753001FA
(1779322098.460899) can0 18FA28F4#123EA12C10270000
(1779322098.461904) can0 18FB28F4#D60CD30C40400000
(1779322098.462918) can0 18FC28F4#383200000D020000
(1779322098.463898) can0 18F810F3#0D02E80332640100
(1779322098.464930) can0 18F815F3#0000000010030000
(1779322098.465828) can0 273#000000000D023200
(1779322098.466819) can0 1E1#020D271001FA01FA
(1779322098.467841) can0 1F5#0000000000000000
(1779322098.468922) can0 0800A6A9#0000000000000000
(1779322098.469891) can0 1000A6A9#0D028813324A4A4A
(1779322098.470917) can0 1C00A6A9#0000000000030000
(1779322098.471937) can0 02018100#1003020D00000000
(1779322098.472913) can0 02028100#0000003264000000
(1779322098.473910) can0 02038100#0CD601100CD30104
(1779322098.474911) can0 02048100#4A01014A01010000
(1779322098.475796) can0 1AD#8714000059321818
(1779322098.476809) can0 2AD#D60C800C87140016
(1779322098.477821) can0 3AD#0000000000008714
(1779322098.478835) can0 4AD#EB00000000000000
(1779322098.479848) can0 76A#7F00000000000000
(1779322098.542447) can0 0000E005#1702440003B60591
(1779322098.543058) can0 1806E5F4#13CC010003B6023A
(1779322098.543903) can0 0000E000#13CC13CC020D0000
(1779322098.544902) can0 0000E004#181803B603B601E1
(1779322098.545880) can0 0000E006#0CD50CD50CD50CD3
(1779322098.546883) can0 0000E007#0CD50CD30CD50CD3
(1779322098.547883) can0 0000E008#0CD50CD50CD50CD3
(1779322098.548896) can0 0000E009#0CD50CD50CD50CD6
(1779322098.549927) can0 0000E010#0000000000000000
(1779322098.550928) can0 0000E011#0000000000000000
(1779322098.551908) can0 0000E012#0CD4000200000000
(1779322098.552941) can0 0000F001#0000000000000000
(1779322098.553918) can0 18FF28F4#10320000020D0000
(1779322098.554890) can0 18FE28F4#0CD60CD340400000
(1779322098.555903) can0 18FD28F4#1702FA6F00000000
(1779322098.556838) can0 4D4#000032007D0D0203
(1779322098.557801) can0 4D5#D30CD60C40400000
(1779322098.558896) can0 18914010#0CD6100CD3040000
(1779322098.559896) can0 18904010#020D020D753001FA
(1779322098.560896) can0 18FA28F4#123EA12C10270000
(1779322098.561896) can0 18FB28F4#D60CD30C40400000
(1779322098.562922) can0 18FC28F4#383200000D020000
(1779322098.563889) can0 18F810F3#0D02E80332640100
(1779322098.564949) can0 18F815F3#0000000010030000
(1779322098.565820) can0 273#000000000D023200
(1779322098.566807) can0 1E1#020D271001FA01FA
(1779322098.567839) can0 1F5#0000000000000000
(1779322098.568916) can0 0800A6A9#0000000000000000
(1779322098.569874) can0 1000A6A9#0D028813324A4A4A
(1779322098.570910) can0 1C00A6A9#0000000000030000
(1779322098.571928) can0 02018100#1003020D00000000
(1779322098.572949) can0 02028100#0000003264000000
(1779322098.573909) can0 02038100#0CD601100CD30104
(1779322098.574903) can0 02048100#4A01014A01010000
(1779322098.575788) can0 1AD#8714000059321818
(1779322098.576801) can0 2AD#D60C800C87140016
(1779322098.577813) can0 3AD#0000000000008714
(1779322098.578828) can0 4AD#EB00000000000000
(1779322098.579827) can0 76A#7F00000000000000
(1779322098.642460) can0 0000E005#1702440003B60591
(1779322098.643062) can0 1806E5F4#13CC010003B6023A
(1779322098.643914) can0 0000E000#13CC13CC020D0000
(1779322098.644893) can0 0000E004#181803B603B601E1
(1779322098.645874) can0 0000E006#0CD50CD30CD50CD3
(1779322098.646875) can0 0000E007#0CD50CD30CD30CD5
(1779322098.647887) can0 0000E008#0CD50CD50CD50CD3
(1779322098.648868) can0 0000E009#0CD50CD50CD50CD6
(1779322098.649959) can0 0000E010#0000000000000000
(1779322098.650930) can0 0000E011#0000000000000000
(1779322098.651913) can0 0000E012#0CD4000200000000
(1779322098.652932) can0 0000F001#0000000000000000
(1779322098.653914) can0 18FF28F4#10320000020D0000
(1779322098.654893) can0 18FE28F4#0CD60CD340400000
(1779322098.655907) can0 18FD28F4#1702FA6F00000000
(1779322098.656811) can0 4D4#000032007D0D0203
(1779322098.657856) can0 4D5#D30CD60C40400000
(1779322098.658888) can0 18914010#0CD6100CD3020000
(1779322098.659888) can0 18904010#020D020D753001FA
(1779322098.660900) can0 18FA28F4#123EA12C10270000
(1779322098.661881) can0 18FB28F4#D60CD30C40400000
(1779322098.662914) can0 18FC28F4#383200000D020000
(1779322098.663881) can0 18F810F3#0D02E80332640100
(1779322098.664907) can0 18F815F3#0000000010030000
(1779322098.665806) can0 273#000000000D023200
(1779322098.666811) can0 1E1#020D271001FA01FA
(1779322098.667837) can0 1F5#0000000000000000
(1779322098.668920) can0 0800A6A9#0000000000000000
(1779322098.669869) can0 1000A6A9#0D028813324A4A4A
(1779322098.670914) can0 1C00A6A9#0000000000030000
(1779322098.671914) can0 02018100#1003020D00000000
(1779322098.672914) can0 02028100#0000003264000000
(1779322098.673894) can0 02038100#0CD601100CD30102
(1779322098.674908) can0 02048100#4A01014A01010000
(1779322098.675792) can0 1AD#8714000059321818
(1779322098.676786) can0 2AD#D60C800C87140016
(1779322098.677817) can0 3AD#0000000000008714
(1779322098.678831) can0 4AD#EB00000000000000
(1779322098.679831) can0 76A#7F00000000000000
(1779322098.742496) can0 0000E005#1702440003B60591
(1779322098.743067) can0 1806E5F4#13CC010003B6023A
(1779322098.743906) can0 0000E000#13CC13CC020D0000
(1779322098.744886) can0 0000E004#181803B603B601E1
(1779322098.745867) can0 0000E006#0CD50CD30CD50CD3
(1779322098.746860) can0 0000E007#0CD50CD30CD30CD5
(1779322098.747880) can0 0000E008#0CD50CD50CD50CD3
(1779322098.748866) can0 0000E009#0CD50CD50CD50CD6
(1779322098.749924) can0 0000E010#0000000000000000
(1779322098.750925) can0 0000E011#0000000000000000
(1779322098.751905) can0 0000E012#0CD4000200000000
(1779322098.752924) can0 0000F001#0000000000000000
(1779322098.753905) can0 18FF28F4#10320000020D0000
(1779322098.754886) can0 18FE28F4#0CD60CD340400000
(1779322098.755899) can0 18FD28F4#1702FA6F00000000
(1779322098.756803) can0 4D4#000032007D0D0203
(1779322098.757803) can0 4D5#D30CD60C40400000
(1779322098.758890) can0 18914010#0CD6100CD3020000
(1779322098.759879) can0 18904010#020D020D753001FA
(1779322098.760893) can0 18FA28F4#123EA12C10270000
(1779322098.761874) can0 18FB28F4#D60CD30C40400000
(1779322098.762906) can0 18FC28F4#383200000D020000
(1779322098.763887) can0 18F810F3#0D02E80332640100
(1779322098.764919) can0 18F815F3#0000000010030000
(1779322098.765803) can0 273#000000000D023200
(1779322098.766804) can0 1E1#020D271001FA01FA
(1779322098.767835) can0 1F5#0000000000000000
(1779322098.768912) can0 0800A6A9#0000000000000000
(1779322098.769880) can0 1000A6A9#0D028813324A4A4A
(1779322098.770905) can0 1C00A6A9#0000000000030000
(1779322098.771925) can0 02018100#1003020D00000000
(1779322098.772906) can0 02028100#0000003264000000
(1779322098.773887) can0 02038100#0CD601100CD30102
(1779322098.774897) can0 02048100#4A01014A01010000
(1779322098.775785) can0 1AD#8714000059321818
(1779322098.776798) can0 2AD#D60C800C87140016
(1779322098.777810) can0 3AD#0000000000008714
(1779322098.778824) can0 4AD#EB00000000000000
(1779322098.779836) can0 76A#7F00000000000000
(1779322098.859483) can0 0000E005#1702440003B60591
(1779322098.860073) can0 1806E5F4#13CC010003B6023A
(1779322098.860891) can0 0000E000#13CC13CC020D0000
(1779322098.861891) can0 0000E004#181803B603B601E1
(1779322098.862878) can0 0000E006#0CD50CD50CD30CD5
(1779322098.863872) can0 0000E007#0CD50CD50CD50CD5
(1779322098.864887) can0 0000E008#0CD50CD50CD50CD5
(1779322098.865872) can0 0000E009#0CD50CD50CD50CD6
(1779322098.866917) can0 0000E010#0000000000000000
(1779322098.867917) can0 0000E011#0000000000000000
(1779322098.868898) can0 0000E012#0CD4000200000000
(1779322098.869866) can0 0000E013#4542323630354C43
(1779322098.870898) can0 0000E014#3134323300000000
(1779322098.871911) can0 0000E015#0000000000000003
(1779322098.872956) can0 0000F000#0000000000000000
(1779322098.873905) can0 0000F001#0000000000000000
(1779322098.874905) can0 18FF28F4#10320000020D0000
(1779322098.875885) can0 18FE28F4#0CD60CD340400000
(1779322098.876902) can0 18FD28F4#1702FA6F00000000
(1779322098.877802) can0 4D4#000032007D0D0203
(1779322098.878783) can0 4D5#D30CD60C40400000
(1779322098.879879) can0 18914010#0CD6100CD3030000
(1779322098.880930) can0 18904010#020D020D753001FA
(1779322098.881892) can0 18924010#4001400100000000
(1779322098.882893) can0 18934010#000000710000BC19
(1779322098.883905) can0 18944010#1003000000000000
(1779322098.884918) can0 18954010#0000000000000000
(1779322098.885924) can0 18954010#0100000000000000
(1779322098.886906) can0 18954010#0200000000000000
(1779322098.887918) can0 18954010#0300000000000000
(1779322098.888957) can0 18954010#0400000000000000
(1779322098.889912) can0 18954010#0500000000000000
(1779322098.890912) can0 18964010#0040404000000000
(1779322098.891911) can0 18974010#0000000000000000
(1779322098.892905) can0 18984010#0000000000000000
(1779322098.893885) can0 18FA28F4#123EA12C10270000
(1779322098.894887) can0 18FB28F4#D60CD30C40400000
(1779322098.895912) can0 18FC28F4#383200000D020000
(1779322098.896874) can0 18F810F3#0D02E80332640100
(1779322098.897874) can0 18F811F3#D60C1001D30C0301
(1779322098.898893) can0 18F812F3#4001014001010000
(1779322098.899906) can0 18F813F3#0101000000000000
(1779322098.900878) can0 18F814F3#3200EA1AA9015F00
(1779322098.901912) can0 18F815F3#0000000010030000
(1779322098.902817) can0 273#000000000D023200
(1779322098.903797) can0 1E1#020D271001FA01FA
(1779322098.904823) can0 1F5#0000000000000000
(1779322098.905905) can0 0800A6A9#0000000000000000
(1779322098.906868) can0 1000A6A9#0D028813324A4A4A
(1779322098.907900) can0 1C00A6A9#0000000000030000
(1779322098.908898) can0 02018100#1003020D00000000
(1779322098.909913) can0 02028100#0000003264000000
(1779322098.910880) can0 02038100#0CD601100CD30103
(1779322098.911893) can0 02048100#4A01014A01010000
(1779322098.912775) can0 1AD#8714000059321818
(1779322098.913792) can0 2AD#D60C800C87140016
(1779322098.914811) can0 3AD#0000000000008714
(1779322098.915804) can0 4AD#EB00000000000000
(1779322098.916824) can0 76A#7F00000000000000
(1779322098.975452) can0 0000E005#1702440003B60591
(1779322098.975996) can0 1806E5F4#13CC010003B6023A
(1779322098.976896) can0 0000E000#13CC13CC020D0000
(1779322098.977878) can0 0000E004#181803B603B601E1
(1779322098.978865) can0 0000E006#0CD50CD50CD30CD5
(1779322098.979864) can0 0000E007#0CD50CD50CD50CD5
(1779322098.980858) can0 0000E008#0CD50CD50CD50CD5
(1779322098.981853) can0 0000E009#0CD50CD50CD50CD6
(1779322098.982923) can0 0000E010#0000000000000000
(1779322098.983903) can0 0000E011#0000000000000000
(1779322098.984903) can0 0000E012#0CD4000200000000
(1779322098.985916) can0 0000F001#0000000000000000
(1779322098.986897) can0 18FF28F4#10320000020D0000
(1779322098.987884) can0 18FE28F4#0CD60CD340400000
(1779322098.988897) can0 18FD28F4#1702FA6F00000000
(1779322098.989794) can0 4D4#000032007D0D0203
(1779322098.990782) can0 4D5#D30CD60C40400000
(1779322098.991878) can0 18914010#0CD6100CD3030000
(1779322098.992871) can0 18904010#020D020D753001FA
(1779322098.993886) can0 18FA28F4#123EA12C10270000
(1779322098.994872) can0 18FB28F4#D60CD30C40400000
(1779322098.995904) can0 18FC28F4#383200000D020000
(1779322098.996866) can0 18F810F3#0D02E80332640100
(1779322098.997917) can0 18F815F3#0000000010030000
(1779322098.998802) can0 273#000000000D023200
(1779322098.999802) can0 1E1#020D271001FA01FA
(1779322099.000814) can0 1F5#0000000000000000
(1779322099.001901) can0 0800A6A9#0000000000000000
(1779322099.002872) can0 1000A6A9#0D028813324A4A4A
(1779322099.003892) can0 1C00A6A9#0000000000030000
(1779322099.004904) can0 02018100#1003020D00000000
(1779322099.005901) can0 02028100#0000003264000000
(1779322099.006885) can0 02038100#0CD601100CD30103
(1779322099.007878) can0 02048100#4A01014A01010000
(1779322099.008776) can0 1AD#8714000059321818
(1779322099.009776) can0 2AD#D60C800C87140016
(1779322099.010821) can0 3AD#0000000000008714
(1779322099.011822) can0 4AD#EB00000000000000
(1779322099.012815) can0 76A#7F00000000000000
(1779322099.075436) can0 0000E005#1702440003B60591
(1779322099.076007) can0 1806E5F4#13CC010003B6023A
(1779322099.076895) can0 0000E000#13CC13CC020D0000
(1779322099.077876) can0 0000E004#181803B603B601E1
(1779322099.078852) can0 0000E006#0CD50CD50CD30CD5
(1779322099.079877) can0 0000E007#0CD50CD50CD50CD5
(1779322099.080870) can0 0000E008#0CD50CD50CD50CD5
(1779322099.081861) can0 0000E009#0CD50CD50CD50CD6
(1779322099.082922) can0 0000E010#0000000000000000
(1779322099.083914) can0 0000E011#0000000000000000
(1779322099.084902) can0 0000E012#0CD4000200000000
(1779322099.085915) can0 0000F001#0000000000000000
(1779322099.086891) can0 18FF28F4#10320000020D0000
(1779322099.087896) can0 18FE28F4#0CD60CD340400000
(1779322099.088889) can0 18FD28F4#1702FA6F00000000
(1779322099.089794) can0 4D4#000032007D0D0203
(1779322099.090789) can0 4D5#D30CD60C40400000
(1779322099.091870) can0 18914010#0CD6100CD3030000
(1779322099.092870) can0 18904010#020D020D753001FA
(1779322099.093883) can0 18FA28F4#123EA12C10270000
(1779322099.094864) can0 18FB28F4#D60CD30C40400000
(1779322099.095928) can0 18FC28F4#383200000D020000
(1779322099.096864) can0 18F810F3#0D02E80332640100
(1779322099.097896) can0 18F815F3#0000000010030000
(1779322099.098792) can0 273#000000000D023200
(1779322099.099794) can0 1E1#020D271001FA01FA
(1779322099.100826) can0 1F5#0000000000000000
(1779322099.101902) can0 0800A6A9#0000000000000000
(1779322099.102868) can0 1000A6A9#0D028813324A4A4A
(1779322099.103934) can0 1C00A6A9#0000000000030000
(1779322099.104896) can0 02018100#1003020D00000000
(1779322099.105896) can0 02028100#0000003264000000
(1779322099.106878) can0 02038100#0CD601100CD30103
(1779322099.107890) can0 02048100#4A01014A01010000
(1779322099.108775) can0 1AD#8714000059321818
(1779322099.109787) can0 2AD#D60C800C87140016
(1779322099.110793) can0 3AD#0000000000008714
(1779322099.111845) can0 4AD#EB00000000000000
(1779322099.112808) can0 76A#7F00000000000000
(1779322099.175485) can0 0000E005#1702440003B60591
(1779322099.176088) can0 1806E5F4#13CC010003B6023A
(1779322099.176888) can0 0000E000#13CC13CC020D0000
(1779322099.177874) can0 0000E004#181803B603B601E1
(1779322099.178855) can0 0000E006#0CD50CD30CD50CD3
(1779322099.179855) can0 0000E007#0CD50CD50CD50CD5
(1779322099.180886) can0 0000E008#0CD50CD50CD30CD3
(1779322099.181848) can0 0000E009#0CD30CD50CD50CD6
(1779322099.182913) can0 0000E010#0000000000000000
(1779322099.183887) can0 0000E011#0000000000000000
(1779322099.184894) can0 0000E012#0CD4000200000000
(1779322099.185906) can0 0000F001#0000000000000000
(1779322099.186887) can0 18FF28F4#10320000020D0000
(1779322099.187866) can0 18FE28F4#0CD60CD340400000
(1779322099.188932) can0 18FD28F4#1702FA6F00000000
(1779322099.189785) can0 4D4#000032007D0D0203
(1779322099.190785) can0 4D5#D30CD60C40400000
(1779322099.191881) can0 18914010#0CD6100CD3020000
(1779322099.192862) can0 18904010#020D020D753001FA
(1779322099.193874) can0 18FA28F4#123EA12C10270000
(1779322099.194862) can0 18FB28F4#D60CD30C40400000
(1779322099.195889) can0 18FC28F4#383200000D020000
(1779322099.196907) can0 18F810F3#0D02E80332640100
(1779322099.197901) can0 18F815F3#0000000010030000
(1779322099.198786) can0 273#000000000D023200
(1779322099.199785) can0 1E1#020D271001FA01FA
(1779322099.200818) can0 1F5#0000000000000000
(1779322099.201895) can0 0800A6A9#0000000000000000
(1779322099.202863) can0 1000A6A9#0D028813324A4A4A
(1779322099.203894) can0 1C00A6A9#0000000000030000
(1779322099.204889) can0 02018100#1003020D00000000
(1779322099.205888) can0 02028100#0000003264000000
(1779322099.206883) can0 02038100#0CD601100CD30102
(1779322099.207881) can0 02048100#4A01014A01010000
(1779322099.208767) can0 1AD#8714000059321818
(1779322099.209780) can0 2AD#D60C800C87140016
(1779322099.210793) can0 3AD#0000000000008714
(1779322099.211804) can0 4AD#EB00000000000000
(1779322099.212805) can0 76A#7F00000000000000
(1779322099.275419) can0 0000E005#1702440003B60591
(1779322099.275984) can0 1806E5F4#13CC010003B6023A
(1779322099.276879) can0 0000E000#13CC13CC020D0000
(1779322099.277873) can0 0000E004#181803B603B601E1
(1779322099.278854) can0 0000E006#0CD50CD30CD50CD3
(1779322099.279853) can0 0000E007#0CD50CD50CD50CD5
(1779322099.280846) can0 0000E008#0CD50CD50CD30CD3
(1779322099.281854) can0 0000E009#0CD30CD50CD50CD6
(1779322099.282898) can0 0000E010#0000000000000000
(1779322099.283898) can0 0000E011#0000000000000000
(1779322099.284875) can0 0000E012#0CD4000200000000
(1779322099.285911) can0 0000F001#0000000000000000
(1779322099.286893) can0 18FF28F4#10320000020D0000
(1779322099.287873) can0 18FE28F4#0CD60CD340400000
(1779322099.288874) can0 18FD28F4#1702FA6F00000000
(1779322099.289790) can0 4D4#000032007D0D0203
(1779322099.290771) can0 4D5#D30CD60C40400000
(1779322099.291867) can0 18914010#0CD6100CD3020000
(1779322099.292867) can0 18904010#020D020D753001FA
(1779322099.293880) can0 18FA28F4#123EA12C10270000
(1779322099.294861) can0 18FB28F4#D60CD30C40400000
(1779322099.295893) can0 18FC28F4#383200000D020000
(1779322099.296860) can0 18F810F3#0D02E80332640100
(1779322099.297892) can0 18F815F3#0000000010030000
(1779322099.298791) can0 273#000000000D023200
(1779322099.299772) can0 1E1#020D271001FA01FA
(1779322099.300803) can0 1F5#0000000000000000
(1779322099.301886) can0 0800A6A9#0000000000000000
(1779322099.302868) can0 1000A6A9#0D028813324A4A4A
(1779322099.303879) can0 1C00A6A9#0000000000030000
(1779322099.304892) can0 02018100#1003020D00000000
(1779322099.305893) can0 02028100#0000003264000000
(1779322099.306874) can0 02038100#0CD601100CD30102
(1779322099.307868) can0 02048100#4A01014A01010000
(1779322099.308772) can0 1AD#8714000059321818
(1779322099.309765) can0 2AD#D60C800C87140016
(1779322099.310797) can0 3AD#0000000000008714
(1779322099.311797) can0 4AD#EB00000000000000
(1779322099.312791) can0 76A#7F00000000000000
(1779322099.392439) can0 0000E005#1702440003B60591
(1779322099.392990) can0 1806E5F4#13CC010003B6023A
(1779322099.393875) can0 0000E000#13CC13CC020D0000
(1779322099.394866) can0 0000E004#181803B603B601E1
(1779322099.395878) can0 0000E006#0CD50CD30CD50CD5
(1779322099.396846) can0 0000E007#0CD50CD50CD50CD5
(1779322099.397859) can0 0000E008#0CD50CD50CD50CD5
(1779322099.398840) can0 0000E009#0CD50CD50CD50CD6
(1779322099.399904) can0 0000E010#0000000000000000
(1779322099.400904) can0 0000E011#0000000000000000
(1779322099.401885) can0 0000E012#0CD4000200000000
(1779322099.402852) can0 0000E013#4542323630354C43
(1779322099.403897) can0 0000E014#3134323300000000
(1779322099.404898) can0 0000E015#0000000000000003
(1779322099.405890) can0 0000F000#0000000000000000
(1779322099.406898) can0 0000F001#0000000000000000
(1779322099.407878) can0 18FF28F4#10320000020D0000
(1779322099.408859) can0 18FE28F4#0CD60CD340400000
(1779322099.409872) can0 18FD28F4#1702FA6F00000000
(1779322099.410789) can0 4D4#000032007D0D0203
(1779322099.411809) can0 4D5#D30CD60C40400000
(1779322099.412866) can0 18914010#0CD6100CD3020000
(1779322099.413866) can0 18904010#020D020D753001FA
(1779322099.414879) can0 18924010#4001400100000000
(1779322099.415879) can0 18934010#000000720000BC19
(1779322099.416879) can0 18944010#1003000000000000
(1779322099.417890) can0 18954010#0000000000000000
(1779322099.418905) can0 18954010#0100000000000000
(1779322099.419937) can0 18954010#0200000000000000
(1779322099.420886) can0 18954010#0300000000000000
(1779322099.421883) can0 18954010#0400000000000000
(1779322099.422886) can0 18954010#0500000000000000
(1779322099.423879) can0 18964010#0040404000000000
(1779322099.424893) can0 18974010#0000000000000000
(1779322099.425892) can0 18984010#0000000000000000
(1779322099.426873) can0 18FA28F4#123EA12C10270000
(1779322099.427854) can0 18FB28F4#D60CD30C40400000
(1779322099.428880) can0 18FC28F4#383200000D020000
(1779322099.429861) can0 18F810F3#0D02E80332640100
(1779322099.430861) can0 18F811F3#D60C1001D30C0201
(1779322099.431873) can0 18F812F3#4001014001010000
(1779322099.432886) can0 18F813F3#0101000000000000
(1779322099.433866) can0 18F814F3#3200EA1AA9015F00
(1779322099.434881) can0 18F815F3#0000000010030000
(1779322099.435778) can0 273#000000000D023200
(1779322099.436778) can0 1E1#020D271001FA01FA
(1779322099.437809) can0 1F5#0000000000000000
(1779322099.438887) can0 0800A6A9#0000000000000000
(1779322099.439855) can0 1000A6A9#0D028813324A4A4A
(1779322099.440886) can0 1C00A6A9#0000000000030000
(1779322099.441877) can0 02018100#1003020D00000000
(1779322099.442880) can0 02028100#0000003264000000
(1779322099.443880) can0 02038100#0CD601100CD30102
(1779322099.444874) can0 02048100#4A01014A01010000
(1779322099.445760) can0 1AD#8714000059321818
(1779322099.446760) can0 2AD#D60C800C87140016
(1779322099.447791) can0 3AD#0000000000008714
(1779322099.448792) can0 4AD#EB00000000000000
(1779322099.449785) can0 76A#7F00000000000000
(1779322099.508440) can0 0000E005#1702440003B60591
(1779322099.508994) can0 1806E5F4#13CC010003B6023A
(1779322099.509877) can0 0000E000#13CC13CC020D0000
(1779322099.510857) can0 0000E004#181803B603B601E1
(1779322099.511858) can0 0000E006#0CD50CD30CD50CD5
(1779322099.512858) can0 0000E007#0CD50CD50CD50CD5
(1779322099.513852) can0 0000E008#0CD50CD50CD50CD5
(1779322099.514846) can0 0000E009#0CD50CD50CD50CD6
(1779322099.515897) can0 0000E010#0000000000000000
(1779322099.516896) can0 0000E011#0000000000000000
(1779322099.517877) can0 0000E012#0CD4000200000000
(1779322099.518898) can0 0000F001#0000000000000000
(1779322099.519878) can0 18FF28F4#10320000020D0000
(1779322099.520859) can0 18FE28F4#0CD60CD340400000
(1779322099.521872) can0 18FD28F4#1702FA6F00000000
(1779322099.522782) can0 4D4#000032007D0D0203
(1779322099.523769) can0 4D5#D30CD60C40400000
(1779322099.524865) can0 18914010#0CD6100CD3020000
(1779322099.525865) can0 18904010#020D020D753001FA
(1779322099.526864) can0 18FA28F4#123EA12C10270000
(1779322099.527865) can0 18FB28F4#D60CD30C40400000
(1779322099.528878) can0 18FC28F4#383200000D020000
(1779322099.529858) can0 18F810F3#0D02E80332640100
(1779322099.530892) can0 18F815F3#0000000010030000
(1779322099.531789) can0 273#000000000D023200
(1779322099.532776) can0 1E1#020D271001FA01FA
(1779322099.533801) can0 1F5#0000000000000000
(1779322099.534881) can0 0800A6A9#0000000000000000
(1779322099.535853) can0 1000A6A9#0D028813324A4A4A
(1779322099.536879) can0 1C00A6A9#0000000000030000
(1779322099.537879) can0 02018100#1003020D00000000
(1779322099.538872) can0 02028100#0000003264000000
(1779322099.539878) can0 02038100#0CD601100CD30102
(1779322099.540872) can0 02048100#4A01014A01010000
(1779322099.541770) can0 1AD#8714000059321818
(1779322099.542771) can0 2AD#D60C800C87140016
(1779322099.543783) can0 3AD#0000000000008714
(1779322099.544796) can0 4AD#EB00000000000000
(1779322099.545789) can0 76A#7F00000000000000
(1779322099.608467) can0 0000E005#1702440003B60591
(1779322099.609026) can0 1806E5F4#13CC010003B6023A
(1779322099.609863) can0 0000E000#13CC13CC020D0000
(1779322099.610863) can0 0000E004#181803B603B601E1
(1779322099.611839) can0 0000E006#0CD50CD30CD50CD5
(1779322099.612844) can0 0000E007#0CD50CD50CD50CD5
(1779322099.613844) can0 0000E008#0CD50CD50CD50CD5
(1779322099.614838) can0 0000E009#0CD50CD50CD50CD6
(1779322099.615889) can0 0000E010#0000000000000000
(1779322099.616889) can0 0000E011#0000000000000000
(1779322099.617870) can0 0000E012#0CD4000200000000
(1779322099.618902) can0 0000F001#0000000000000000
(1779322099.619879) can0 18FF28F4#10320000020D0000
(1779322099.620845) can0 18FE28F4#0CD60CD340400000
(1779322099.621864) can0 18FD28F4#1702FA6F00000000
(1779322099.622781) can0 4D4#000032007D0D0203
(1779322099.623753) can0 4D5#D30CD60C40400000
(1779322099.624857) can0 18914010#0CD6100CD3020000
(1779322099.625857) can0 18904010#020D020D753001FA
(1779322099.626890) can0 18FA28F4#123EA12C10270000
(1779322099.627851) can0 18FB28F4#D60CD30C40400000
(1779322099.628883) can0 18FC28F4#383200000D020000
(1779322099.629851) can0 18F810F3#0D02E80332640100
(1779322099.630883) can0 18F815F3#0000000010030000
(1779322099.631780) can0 273#000000000D023200
(1779322099.632762) can0 1E1#020D271001FA01FA
(1779322099.633793) can0 1F5#0000000000000000
(1779322099.634909) can0 0800A6A9#0000000000000000
(1779322099.635832) can0 1000A6A9#0D028813324A4A4A
(1779322099.636871) can0 1C00A6A9#0000000000030000
(1779322099.637883) can0 02018100#1003020D00000000
(1779322099.638884) can0 02028100#0000003264000000
(1779322099.639864) can0 02038100#0CD601100CD30102
(1779322099.640864) can0 02048100#4A01014A01010000
(1779322099.641743) can0 1AD#8714000059321818
(1779322099.642808) can0 2AD#D60C800C87140016
(1779322099.643765) can0 3AD#0000000000008714
(1779322099.644788) can0 4AD#EB00000000000000
(1779322099.645782) can0 76A#7F00000000000000
(1779322099.708433) can0 0000E005#1702440003B60591
(1779322099.708988) can0 1806E5F4#13CC010003B6023A
(1779322099.709862) can0 0000E000#13CC13CC020D0000
(1779322099.710862) can0 0000E004#181803B603B601E1
(1779322099.711875) can0 0000E006#0CD50CD30CD50CD5
(1779322099.712842) can0 0000E007#0CD30CD30CD50CD5
(1779322099.713836) can0 0000E008#0CD50CD50CD50CD3
(1779322099.714836) can0 0000E009#0CD50CD50CD50CD6
(1779322099.715886) can0 0000E010#0000000000000000
(1779322099.716882) can0 0000E011#0000000000000000
(1779322099.717868) can0 0000E012#0CD4000200000000
(1779322099.718881) can0 0000F001#0000000000000000
(1779322099.719913) can0 18FF28F4#10320000020D0000
(1779322099.720837) can0 18FE28F4#0CD60CD340400000
(1779322099.721862) can0 18FD28F4#1702FA6F00000000
(1779322099.722779) can0 4D4#000032007D0D0203
(1779322099.723760) can0 4D5#D30CD60C40400000
(1779322099.724855) can0 18914010#0CD6100CD3020000
(1779322099.725856) can0 18904010#020D020D753001FA
(1779322099.726869) can0 18FA28F4#123EA12C10270000
(1779322099.727901) can0 18FB28F4#D60CD30C40400000
(1779322099.728875) can0 18FC28F4#383200000D020000
(1779322099.729849) can0 18F810F3#0D02E80332640100
(1779322099.730876) can0 18F815F3#0000000010030000
(1779322099.731779) can0 273#000000000D023200
(1779322099.732757) can0 1E1#020D271001FA01FA
(1779322099.733792) can0 1F5#0000000000000000
(1779322099.734865) can0 0800A6A9#0000000000000000
(1779322099.735837) can0 1000A6A9#0D028813324A4A4A
(1779322099.736869) can0 1C00A6A9#0000000000030000
(1779322099.737881) can0 02018100#1003020D00000000
(1779322099.738883) can0 02028100#0000003264000000
(1779322099.739863) can0 02038100#0CD601100CD30102
(1779322099.740853) can0 02048100#4A01014A01010000
(1779322099.741742) can0 1AD#8714000059321818
(1779322099.742754) can0 2AD#D60C800C87140016
(1779322099.743767) can0 3AD#0000000000008714
(1779322099.744777) can0 4AD#EB00000000000000
(1779322099.745780) can0 76A#7F00000000000000
(1779322099.808417) can0 0000E005#1702440003B60591
(1779322099.808970) can0 1806E5F4#13CC010003B6023A
(1779322099.809853) can0 0000E000#13CC13CC020D0000
(1779322099.810854) can0 0000E004#181803B603B601E1
(1779322099.811834) can0 0000E006#0CD50CD30CD50CD5
(1779322099.812834) can0 0000E007#0CD30CD30CD50CD5
(1779322099.813826) can0 0000E008#0CD50CD50CD50CD3
(1779322099.814829) can0 0000E009#0CD50CD50CD50CD6
(1779322099.815879) can0 0000E010#0000000000000000
(1779322099.816879) can0 0000E011#0000000000000000
(1779322099.817853) can0 0000E012#0CD4000200000000
(1779322099.818891) can0 0000F001#0000000000000000
(1779322099.819872) can0 18FF28F4#10320000020D0000
(1779322099.820854) can0 18FE28F4#0CD60CD340400000
(1779322099.821867) can0 18FD28F4#1702FA6F00000000
(1779322099.822771) can0 4D4#000032007D0D0203
(1779322099.823751) can0 4D5#D30CD60C40400000
(1779322099.824847) can0 18914010#0CD6100CD3020000
(1779322099.825842) can0 18904010#020D020D753001FA
(1779322099.826860) can0 18FA28F4#123EA12C10270000
(1779322099.827841) can0 18FB28F4#D60CD30C40400000
(1779322099.828874) can0 18FC28F4#383200000D020000
(1779322099.829833) can0 18F810F3#0D02E80332640100
(1779322099.830868) can0 18F815F3#0000000010030000
(1779322099.831771) can0 273#000000000D023200
(1779322099.832752) can0 1E1#020D271001FA01FA
(1779322099.833784) can0 1F5#0000000000000000
(1779322099.834880) can0 0800A6A9#0000000000000000
(1779322099.835829) can0 1000A6A9#0D028813324A4A4A
(1779322099.836861) can0 1C00A6A9#0000000000030000
(1779322099.837873) can0 02018100#1003020D00000000
(1779322099.838874) can0 02028100#0000003264000000
(1779322099.839854) can0 02038100#0CD601100CD30102
(1779322099.840848) can0 02048100#4A01014A01010000
(1779322099.841748) can0 1AD#8714000059321818
(1779322099.842746) can0 2AD#D60C800C87140016
(1779322099.843778) can0 3AD#0000000000008714
(1779322099.844772) can0 4AD#EB00000000000000
(1779322099.845785) can0 76A#7F00000000000000
(1779322099.925413) can0 0000E005#1702440003B60591
(1779322099.925969) can0 1806E5F4#13CC010003B6023A
(1779322099.926872) can0 0000E000#13CC13CC020D0000
(1779322099.927848) can0 0000E004#181803B603B601E1
(1779322099.928833) can0 0000E006#0CD30CD50CD50CD3
(1779322099.929834) can0 0000E007#0CD30CD50CD30CD5
(1779322099.930827) can0 0000E008#0CD50CD50CD50CD5
(1779322099.931822) can0 0000E009#0CD50CD50CD50CD6
(1779322099.932878) can0 0000E010#0000000000000000
(1779322099.933872) can0 0000E011#0000000000000000
(1779322099.934892) can0 0000E012#0CD4000200000000
(1779322099.935821) can0 0000E013#4542323630354C43
(1779322099.936853) can0 0000E014#3134323300000000
(1779322099.937866) can0 0000E015#0000000000000003
(1779322099.938884) can0 0000F000#0000000000000000
(1779322099.939879) can0 0000F001#0000000000000000
(1779322099.940866) can0 18FF28F4#10320000020D0000
(1779322099.941847) can0 18FE28F4#0CD60CD340400000
(1779322099.942892) can0 18FD28F4#1702FA6F00000000
(1779322099.943763) can0 4D4#000032007D0D0203
(1779322099.944757) can0 4D5#D30CD60C40400000
(1779322099.945840) can0 18914010#0CD6100CD3010000
(1779322099.946835) can0 18904010#020D020D753001FA
(1779322099.947866) can0 18924010#4001400100000000
(1779322099.948854) can0 18934010#000000730000BC19
(1779322099.949866) can0 18944010#1003000000000000
(1779322099.950924) can0 18954010#0000000000000000
(1779322099.951879) can0 18954010#0100000000000000
(1779322099.952878) can0 18954010#0200000000000000
(1779322099.953873) can0 18954010#0300000000000000
(1779322099.954871) can0 18954010#0400000000000000
(1779322099.955873) can0 18954010#0500000000000000
(1779322099.956867) can0 18964010#0040404000000000
(1779322099.957866) can0 18974010#0000000000000000
(1779322099.958911) can0 18984010#0000000000000000
(1779322099.959848) can0 18FA28F4#123EA12C10270000
(1779322099.960841) can0 18FB28F4#D60CD30C40400000
(1779322099.961873) can0 18FC28F4#383200000D020000
(1779322099.962833) can0 18F810F3#0D02E80332640100
(1779322099.963848) can0 18F811F3#D60C1001D30C0101
(1779322099.964848) can0 18F812F3#4001014001010000
(1779322099.965874) can0 18F813F3#0101000000000000
(1779322099.966837) can0 18F814F3#3200EA1AA9015F00
(1779322099.967875) can0 18F815F3#0000000010030000
(1779322099.968772) can0 273#000000000D023200
(1779322099.969752) can0 1E1#020D271001FA01FA
(1779322099.970784) can0 1F5#0000000000000000
(1779322099.971877) can0 0800A6A9#0000000000000000
(1779322099.972824) can0 1000A6A9#0D028813324A4A4A
(1779322099.973856) can0 1C00A6A9#0000000000030000
(1779322099.974866) can0 02018100#1003020D00000000
(1779322099.975867) can0 02028100#0000003264000000
(1779322099.976855) can0 02038100#0CD601100CD30101
(1779322099.977848) can0 02048100#4A01014A01010000
(1779322099.978748) can0 1AD#8714000059321818
(1779322099.979753) can0 2AD#D60C800C87140016
(1779322099.980765) can0 3AD#0000000000008714
(1779322099.981779) can0 4AD#EB00000000000000
(1779322099.982779) can0 76A#7F00000000000000
(1779322100.041451) can0 0000E005#1702440003B60591
(1779322100.042007) can0 1806E5F4#13CC010003B6023A
(1779322100.042858) can0 0000E000#13CC13CC020D0000
(1779322100.043838) can0 0000E004#181803B603B601E1
(1779322100.044820) can0 0000E006#0CD30CD50CD50CD3
(1779322100.045819) can0 0000E007#0CD30CD50CD30CD5
(1779322100.046833) can0 0000E008#0CD50CD50CD50CD5
(1779322100.047811) can0 0000E009#0CD50CD50CD50CD6
(1779322100.048877) can0 0000E010#0000000000000000
(1779322100.049877) can0 0000E011#0000000000000000
(1779322100.050859) can0 0000E012#0CD4000200000000
(1779322100.051871) can0 0000F001#0000000000000000
(1779322100.052859) can0 18FF28F4#10320000020D0000
(1779322100.053839) can0 18FE28F4#0CD60CD340400000
(1779322100.054853) can0 18FD28F4#1702FA6F00000000
(1779322100.055754) can0 4D4#000032007D0D0203
(1779322100.056750) can0 4D5#D30CD60C40400000
(1779322100.057833) can0 18914010#0CD6100CD3010000
(1779322100.058833) can0 18904010#020D020D753001FA
(1779322100.059844) can0 18FA28F4#123EA12C10270000
(1779322100.060827) can0 18FB28F4#D60CD30C40400000
(1779322100.061859) can0 18FC28F4#383200000D020000
(1779322100.062827) can0 18F810F3#0D02E80332640100
(1779322100.063872) can0 18F815F3#0000000010030000
(1779322100.064770) can0 273#000000000D023200
(1779322100.065757) can0 1E1#020D271001FA01FA
(1779322100.066789) can0 1F5#0000000000000000
(1779322100.067861) can0 0800A6A9#0000000000000000
(1779322100.068814) can0 1000A6A9#0D028813324A4A4A
(1779322100.069859) can0 1C00A6A9#0000000000030000
(1779322100.070859) can0 02018100#1003020D00000000
(1779322100.071858) can0 02028100#0000003264000000
(1779322100.072853) can0 02038100#0CD601100CD30101
(1779322100.073852) can0 02048100#4A01014A01010000
(1779322100.074738) can0 1AD#8714000059321818
(1779322100.075733) can0 2AD#D60C800C87140016
(1779322100.076763) can0 3AD#0000000000008714
(1779322100.077776) can0 4AD#EB00000000000000
(1779322100.078771) can0 76A#7F00000000000000
(1779322100.141447) can0 0000E005#1702440003B60591
(1779322100.142010) can0 1806E5F4#13CC010003B6023A
(1779322100.142850) can0 0000E000#13CC13CC020D0000
(1779322100.143843) can0 0000E004#181803B603B601E1
(1779322100.144825) can0 0000E006#0CD30CD50CD50CD3
(1779322100.145825) can0 0000E007#0CD30CD50CD30CD5
(1779322100.146825) can0 0000E008#0CD50CD50CD50CD5
(1779322100.147824) can0 0000E009#0CD50CD50CD50CD6
(1779322100.148869) can0 0000E010#0000000000000000
(1779322100.149882) can0 0000E011#0000000000000000
(1779322100.150851) can0 0000E012#0CD4000200000000
(1779322100.151863) can0 0000F001#0000000000000000
(1779322100.152857) can0 18FF28F4#10320000020D0000
(1779322100.153831) can0 18FE28F4#0CD60CD340400000
(1779322100.154844) can0 18FD28F4#1702FA6F00000000
(1779322100.155761) can0 4D4#000032007D0D0203
(1779322100.156739) can0 4D5#D30CD60C40400000
(1779322100.157857) can0 18914010#0CD6100CD3010000
(1779322100.158838) can0 18904010#020D020D753001FA
(1779322100.159837) can0 18FA28F4#123EA12C10270000
(1779322100.160831) can0 18FB28F4#D60CD30C40400000
(1779322100.161863) can0 18FC28F4#383200000D020000
(1779322100.162832) can0 18F810F3#0D02E80332640100
(1779322100.163864) can0 18F815F3#0000000010030000
(1779322100.164758) can0 273#000000000D023200
(1779322100.165774) can0 1E1#020D271001FA01FA
(1779322100.166774) can0 1F5#0000000000000000
(1779322100.167858) can0 0800A6A9#0000000000000000
(1779322100.168820) can0 1000A6A9#0D028813324A4A4A
(1779322100.169852) can0 1C00A6A9#0000000000030000
(1779322100.170865) can0 02018100#1003020D00000000
(1779322100.171864) can0 02028100#0000003264000000
(1779322100.172845) can0 02038100#0CD601100CD30101
(1779322100.173877) can0 02048100#4A01014A01010000
(1779322100.174730) can0 1AD#8714000059321818
(1779322100.175743) can0 2AD#D60C800C87140016
(1779322100.176752) can0 3AD#0000000000008714
(1779322100.177769) can0 4AD#EB00000000000000
(1779322100.178768) can0 76A#7F00000000000000
(1779322100.241382) can0 0000E005#1702440003B60591
(1779322100.241937) can0 1806E5F4#13CC010003B6023A
(1779322100.242874) can0 0000E000#13CC13CC020D0000
(1779322100.243842) can0 0000E004#181803B603B601E1
(1779322100.244823) can0 0000E006#0CD50CD50CD50CD5
(1779322100.245822) can0 0000E007#0CD50CD30CD50CD5
(1779322100.246816) can0 0000E008#0CD50CD50CD50CD5
(1779322100.247816) can0 0000E009#0CD50CD50CD50CD6
(1779322100.248868) can0 0000E010#0000000000000000
(1779322100.249862) can0 0000E011#0000000000000000
(1779322100.250874) can0 0000E012#0CD5000200000000
(1779322100.251874) can0 0000F001#0000000000000000
(1779322100.252855) can0 18FF28F4#10320000020D0000
(1779322100.253838) can0 18FE28F4#0CD60CD340400000
(1779322100.254837) can0 18FD28F4#1702FA6F00000000
(1779322100.255753) can0 4D4#000032007D0D0203
(1779322100.256740) can0 4D5#D30CD60C40400000
(1779322100.257836) can0 18914010#0CD6100CD3060000
(1779322100.258881) can0 18904010#020D020D753001FA
(1779322100.259830) can0 18FA28F4#123EA12C10270000
(1779322100.260830) can0 18FB28F4#D60CD30C40400000
(1779322100.261855) can0 18FC28F4#383200000D020000
(1779322100.262824) can0 18F810F3#0D02E80332640100
(1779322100.263855) can0 18F815F3#0000000010030000
(1779322100.264760) can0 273#000000000D023200
(1779322100.265736) can0 1E1#020D271001FA01FA
(1779322100.266773) can0 1F5#0000000000000000
(1779322100.267849) can0 0800A6A9#0000000000000000
(1779322100.268817) can0 1000A6A9#0D028813324A4A4A
(1779322100.269850) can0 1C00A6A9#0000000000030000
(1779322100.270863) can0 02018100#1003020D00000000
(1779322100.271863) can0 02028100#0000003264000000
(1779322100.272843) can0 02038100#0CD601100CD30106
(1779322100.273833) can0 02048100#4A01014A01010000
(1779322100.274742) can0 1AD#8814000059321818
(1779322100.275754) can0 2AD#D60C800C88140016
(1779322100.276767) can0 3AD#0000000000008814
(1779322100.277755) can0 4AD#EB00000000000000
(1779322100.278761) can0 76A#7F00000000000000
(1779322100.341439) can0 0000E005#1702440003B60591
(1779322100.341994) can0 1806E5F4#13CC010003B6023A
(1779322100.342847) can0 0000E000#13CC13CC020D0000
(1779322100.343834) can0 0000E004#181803B603B601E1
(1779322100.344814) can0 0000E006#0CD50CD50CD50CD5
(1779322100.345815) can0 0000E007#0CD50CD30CD50CD5
(1779322100.346806) can0 0000E008#0CD50CD50CD50CD5
(1779322100.347808) can0 0000E009#0CD50CD50CD50CD6
(1779322100.348872) can0 0000E010#0000000000000000
(1779322100.349853) can0 0000E011#0000000000000000
(1779322100.350833) can0 0000E012#0CD5000200000000
(1779322100.351866) can0 0000F001#0000000000000000
(1779322100.352846) can0 18FF28F4#10320000020D0000
(1779322100.353835) can0 18FE28F4#0CD60CD340400000
(1779322100.354847) can0 18FD28F4#1702FA6F00000000
(1779322100.355744) can0 4D4#000032007D0D0203
(1779322100.356745) can0 4D5#D30CD60C40400000
(1779322100.357822) can0 18914010#0CD6100CD3060000
(1779322100.358821) can0 18904010#020D020D753001FA
(1779322100.359834) can0 18FA28F4#123EA12C10270000
(1779322100.360822) can0 18FB28F4#D60CD30C40400000
(1779322100.361847) can0 18FC28F4#383200000D020000
(1779322100.362814) can0 18F810F3#0D02E80332640100
(1779322100.363848) can0 18F815F3#0000000010030000
(1779322100.364745) can0 273#000000000D023200
(1779322100.365745) can0 1E1#020D271001FA01FA
(1779322100.366777) can0 1F5#0000000000000000
(1779322100.367854) can0 0800A6A9#0000000000000000
(1779322100.368803) can0 1000A6A9#0D028813324A4A4A
(1779322100.369854) can0 1C00A6A9#0000000000030000
(1779322100.370845) can0 02018100#1003020D00000000
(1779322100.371848) can0 02028100#0000003264000000
(1779322100.372829) can0 02038100#0CD601100CD30106
(1779322100.373841) can0 02048100#4A01014A01010000
(1779322100.374743) can0 1AD#8814000059321818
(1779322100.375739) can0 2AD#D60C800C88140016
(1779322100.376752) can0 3AD#0000000000008814
(1779322100.377765) can0 4AD#EB00000000000000
(1779322100.378765) can0 76A#7F00000000000000
(1779322100.458379) can0 0000E005#1702440003B60591
(1779322100.458936) can0 1806E5F4#13CC010003B6023A
(1779322100.459839) can0 0000E000#13CC13CC020D0000
(1779322100.460819) can0 0000E004#181803B603B601E1
(1779322100.461807) can0 0000E006#0CD50CD50CD50CD3
(1779322100.462802) can0 0000E007#0CD50CD30CD50CD5
(1779322100.463814) can0 0000E008#0CD50CD50CD50CD5
(1779322100.464793) can0 0000E009#0CD50CD50CD50CD6
(1779322100.465878) can0 0000E010#0000000000000000
(1779322100.466859) can0 0000E011#0000000000000000
(1779322100.467840) can0 0000E012#0CD4000200000000
(1779322100.468808) can0 0000E013#4542323630354C43
(1779322100.469839) can0 0000E014#3134323300000000
(1779322100.470853) can0 0000E015#0000000000000003
(1779322100.471852) can0 0000F000#0000000000000000
(1779322100.472843) can0 0000F001#0000000000000000
(1779322100.473878) can0 18FF28F4#10320000020D0000
(1779322100.474834) can0 18FE28F4#0CD60CD340400000
(1779322100.475828) can0 18FD28F4#1702FA6F00000000
(1779322100.476738) can0 4D4#000032007D0D0203
(1779322100.477725) can0 4D5#D30CD60C40400000
(1779322100.478821) can0 18914010#0CD6100CD3040000
(1779322100.479821) can0 18904010#020D020D753001FA
(1779322100.480834) can0 18924010#4001400100000000
(1779322100.481866) can0 18934010#000000740000BC19
(1779322100.482847) can0 18944010#1003000000000000
(1779322100.483866) can0 18954010#0000000000000000
(1779322100.484858) can0 18954010#0100000000000000
(1779322100.485859) can0 18954010#0200000000000000
(1779322100.486860) can0 18954010#0300000000000000
(1779322100.487853) can0 18954010#0400000000000000
(1779322100.488834) can0 18954010#0500000000000000
(1779322100.489898) can0 18964010#0040404000000000
(1779322100.490847) can0 18974010#0000000000000000
(1779322100.491848) can0 18984010#0000000000000000
(1779322100.492828) can0 18FA28F4#123EA12C10270000
(1779322100.493821) can0 18FB28F4#D60CD30C40400000
(1779322100.494854) can0 18FC28F4#383200000D020000
(1779322100.495815) can0 18F810F3#0D02E80332640100
(1779322100.496828) can0 18F811F3#D60C1001D30C0401
(1779322100.497828) can0 18F812F3#4001014001010000
(1779322100.498854) can0 18F813F3#0101000000000000
(1779322100.499822) can0 18F814F3#3200EA1AA9015F00
(1779322100.500847) can0 18F815F3#0000000010030000
(1779322100.501752) can0 273#000000000D023200
(1779322100.502733) can0 1E1#020D271001FA01FA
(1779322100.503759) can0 1F5#0000000000000000
(1779322100.504841) can0 0800A6A9#0000000000000000
(1779322100.505803) can0 1000A6A9#0D028813324A4A4A
(1779322100.506835) can0 1C00A6A9#0000000000030000
(1779322100.507848) can0 02018100#1003020D00000000
(1779322100.508844) can0 02028100#0000003264000000
(1779322100.509829) can0 02038100#0CD601100CD30104
(1779322100.510829) can0 02048100#4A01014A01010000
(1779322100.511727) can0 1AD#8714000059321818
(1779322100.512723) can0 2AD#D60C800C87140016
(1779322100.513740) can0 3AD#0000000000008714
(1779322100.514759) can0 4AD#EB00000000000000
(1779322100.515752) can0 76A#7F00000000000000
(1779322100.574430) can0 0000E005#1702440003B60591
(1779322100.574987) can0 1806E5F4#13CC010003B6023A
(1779322100.575838) can0 0000E000#13CC13CC020D0000
(1779322100.576819) can0 0000E004#181803B603B601E1
(1779322100.577800) can0 0000E006#0CD50CD50CD50CD3
(1779322100.578801) can0 0000E007#0CD50CD30CD50CD5
(1779322100.579813) can0 0000E008#0CD50CD50CD50CD5
(1779322100.580791) can0 0000E009#0CD50CD50CD50CD6
(1779322100.581857) can0 0000E010#0000000000000000
(1779322100.582858) can0 0000E011#0000000000000000
(1779322100.583839) can0 0000E012#0CD4000200000000
(1779322100.584858) can0 0000F001#0000000000000000
(1779322100.585839) can0 18FF28F4#10320000020D0000
(1779322100.586820) can0 18FE28F4#0CD60CD340400000
(1779322100.587832) can0 18FD28F4#1702FA6F00000000
(1779322100.588734) can0 4D4#000032007D0D0203
(1779322100.589737) can0 4D5#D30CD60C40400000
(1779322100.590814) can0 18914010#0CD6100CD3040000
(1779322100.591814) can0 18904010#020D020D753001FA
(1779322100.592824) can0 18FA28F4#123EA12C10270000
(1779322100.593807) can0 18FB28F4#D60CD30C40400000
(1779322100.594840) can0 18FC28F4#383200000D020000
(1779322100.595807) can0 18F810F3#0D02E80332640100
(1779322100.596852) can0 18F815F3#0000000010030000
(1779322100.597737) can0 273#000000000D023200
(1779322100.598737) can0 1E1#020D271001FA01FA
(1779322100.599763) can0 1F5#0000000000000000
(1779322100.600840) can0 0800A6A9#0000000000000000
(1779322100.601794) can0 1000A6A9#0D028813324A4A4A
(1779322100.602840) can0 1C00A6A9#0000000000030000
(1779322100.603859) can0 02018100#1003020D00000000
(1779322100.604838) can0 02028100#0000003264000000
(1779322100.605820) can0 02038100#0CD601100CD30104
(1779322100.606833) can0 02048100#4A01014A01010000
(1779322100.607719) can0 1AD#8714000059321818
(1779322100.608712) can0 2AD#D60C800C87140016
(1779322100.609744) can0 3AD#0000000000008714
(1779322100.610757) can0 4AD#EB00000000000000
(1779322100.611770) can0 76A#7F00000000000000
(1779322100.674366) can0 0000E005#1702440003B60591
(1779322100.674923) can0 1806E5F4#13CC010003B6023A
(1779322100.675830) can0 0000E000#13CC13CC020D0000
(1779322100.676824) can0 0000E004#181803B603B601E1
(1779322100.677805) can0 0000E006#0CD50CD50CD50CD3
(1779322100.678805) can0 0000E007#0CD50CD30CD50CD5
(1779322100.679805) can0 0000E008#0CD50CD50CD50CD5
(1779322100.680806) can0 0000E009#0CD50CD50CD50CD6
(1779322100.681850) can0 0000E010#0000000000000000
(1779322100.682850) can0 0000E011#0000000000000000
(1779322100.683830) can0 0000E012#0CD4000200000000
(1779322100.684844) can0 0000F001#0000000000000000
(1779322100.685837) can0 18FF28F4#10320000020D0000
(1779322100.686812) can0 18FE28F4#0CD60CD340400000
(1779322100.687824) can0 18FD28F4#1702FA6F00000000
(1779322100.688761) can0 4D4#000032007D0D0203
(1779322100.689720) can0 4D5#D30CD60C40400000
(1779322100.690818) can0 18914010#0CD6100CD3040000
(1779322100.691819) can0 18904010#020D020D753001FA
(1779322100.692819) can0 18FA28F4#123EA12C10270000
(1779322100.693819) can0 18FB28F4#D60CD30C40400000
(1779322100.694844) can0 18FC28F4#383200000D020000
(1779322100.695812) can0 18F810F3#0D02E80332640100
(1779322100.696857) can0 18F815F3#0000000010030000
(1779322100.697738) can0 273#000000000D023200
(1779322100.698730) can0 1E1#020D271001FA01FA
(1779322100.699755) can0 1F5#0000000000000000
(1779322100.700838) can0 0800A6A9#0000000000000000
(1779322100.701798) can0 1000A6A9#0D028813324A4A4A
(1779322100.702832) can0 1C00A6A9#0000000000030000
(1779322100.703832) can0 02018100#1003020D00000000
(1779322100.704876) can0 02028100#0000003264000000
(1779322100.705826) can0 02038100#0CD601100CD30104
(1779322100.706825) can0 02048100#4A01014A01010000
(1779322100.707710) can0 1AD#8714000059321818
(1779322100.708723) can0 2AD#D60C800C87140016
(1779322100.709732) can0 3AD#0000000000008714
(1779322100.710749) can0 4AD#EB00000000000000
(1779322100.711749) can0 76A#7F00000000000000
(1779322100.774383) can0 0000E005#1702440003B60591
(1779322100.774937) can0 1806E5F4#13CC010003B6023A
(1779322100.775823) can0 0000E000#13CC13CC020D0000
(1779322100.776823) can0 0000E004#181803B603B601E1
(1779322100.777791) can0 0000E006#0CD50CD50CD50CD5
(1779322100.778803) can0 0000E007#0CD30CD30CD50CD5
(1779322100.779803) can0 0000E008#0CD50CD50CD30CD5
(1779322100.780803) can0 0000E009#0CD50CD50CD50CD6
(1779322100.781880) can0 0000E010#0000000000000000
(1779322100.782841) can0 0000E011#0000000000000000
(1779322100.783830) can0 0000E012#0CD4000200000000
(1779322100.784842) can0 0000F001#0000000000000000
(1779322100.785829) can0 18FF28F4#10320000020D0000
(1779322100.786802) can0 18FE28F4#0CD60CD340400000
(1779322100.787822) can0 18FD28F4#1702FA6F00000000
(1779322100.788740) can0 4D4#000032007D0D0203
(1779322100.789759) can0 4D5#D30CD60C40400000
(1779322100.790804) can0 18914010#0CD6100CD3050000
(1779322100.791817) can0 18904010#020D020D753001FA
(1779322100.792817) can0 18FA28F4#123EA12C10270000
(1779322100.793817) can0 18FB28F4#D60CD30C40400000
(1779322100.794828) can0 18FC28F4#383200000D020000
(1779322100.795811) can0 18F810F3#0D02E80332640100
(1779322100.796843) can0 18F815F3#0000000010030000
(1779322100.797778) can0 273#000000000D023200
(1779322100.798724) can0 1E1#020D271001FA01FA
(1779322100.799754) can0 1F5#0000000000000000
(1779322100.800837) can0 0800A6A9#0000000000000000
(1779322100.801798) can0 1000A6A9#0D028813324A4A4A
(1779322100.802830) can0 1C00A6A9#0000000000030000
(1779322100.803830) can0 02018100#1003020D00000000
(1779322100.804843) can0 02028100#0000003264000000
(1779322100.805811) can0 02038100#0CD601100CD30105
(1779322100.806821) can0 02048100#4A01014A01010000
(1779322100.807708) can0 1AD#8714000059321818
(1779322100.808722) can0 2AD#D60C800C87140016
(1779322100.809735) can0 3AD#0000000000008714
(1779322100.810742) can0 4AD#EB00000000000000
(1779322100.811741) can0 76A#7F00000000000000
(1779322100.874425) can0 0000E005#1702440003B60591
(1779322100.874981) can0 1806E5F4#13CC010003B6023A
(1779322100.875820) can0 0000E000#13CC13CC020D0000
(1779322100.876814) can0 0000E004#181803B603B601E1
(1779322100.877783) can0 0000E006#0CD50CD50CD50CD5
(1779322100.878795) can0 0000E007#0CD30CD30CD50CD5
(1779322100.879793) can0 0000E008#0CD50CD50CD30CD5
(1779322100.880795) can0 0000E009#0CD50CD50CD50CD6
(1779322100.881840) can0 0000E010#0000000000000000
(1779322100.882840) can0 0000E011#0000000000000000
(1779322100.883819) can0 0000E012#0CD4000200000000
(1779322100.884833) can0 0000F001#0000000000000000
(1779322100.885834) can0 18FF28F4#10320000020D0000
(1779322100.886802) can0 18FE28F4#0CD60CD340400000
(1779322100.887815) can0 18FD28F4#1702FA6F00000000
(1779322100.888732) can0 4D4#000032007D0D0203
(1779322100.889713) can0 4D5#D30CD60C40400000
(1779322100.890809) can0 18914010#0CD6100CD3050000
(1779322100.891802) can0 18904010#020D020D753001FA
(1779322100.892809) can0 18FA28F4#123EA12C10270000
(1779322100.893802) can0 18FB28F4#D60CD30C40400000
(1779322100.894834) can0 18FC28F4#383200000D020000
(1779322100.895800) can0 18F810F3#0D02E80332640100
(1779322100.896834) can0 18F815F3#0000000010030000
(1779322100.897732) can0 273#000000000D023200
(1779322100.898714) can0 1E1#020D271001FA01FA
(1779322100.899745) can0 1F5#0000000000000000
(1779322100.900828) can0 0800A6A9#0000000000000000
(1779322100.901790) can0 1000A6A9#0D028813324A4A4A
(1779322100.902822) can0 1C00A6A9#0000000000030000
(1779322100.903832) can0 02018100#1003020D00000000
(1779322100.904835) can0 02028100#0000003264000000
(1779322100.905816) can0 02038100#0CD601100CD30105
(1779322100.906809) can0 02048100#4A01014A01010000
(1779322100.907707) can0 1AD#8714000059321818
(1779322100.908707) can0 2AD#D60C800C87140016
(1779322100.909720) can0 3AD#0000000000008714
(1779322100.910733) can0 4AD#EB00000000000000
(1779322100.911746) can0 76A#7F00000000000000
(1779322100.991402) can0 0000E005#1702440003B60591
(1779322100.991975) can0 1806E5F4#13CC010003B6023A
(1779322100.992813) can0 0000E000#13CC13CC020D0000
(1779322100.993807) can0 0000E004#181803B603B601E1
(1779322100.994795) can0 0000E006#0CD50CD30CD50CD5
(1779322100.995788) can0 0000E007#0CD50CD30CD50CD5
(1779322100.996808) can0 0000E008#0CD50CD50CD50CD3
(1779322100.997780) can0 0000E009#0CD50CD50CD50CD6
(1779322100.998834) can0 0000E010#0000000000000000
(1779322100.999833) can0 0000E011#0000000000000000
(1779322101.000814) can0 0000E012#0CD4000200000000
(1779322101.001782) can0 0000E013#4542323630354C43
(1779322101.002808) can0 0000E014#3134323300000000
(1779322101.003826) can0 0000E015#0000000000000003
(1779322101.004871) can0 0000F000#0000000000000000
(1779322101.005834) can0 0000F001#0000000000000000
(1779322101.006821) can0 18FF28F4#10320000020D0000
(1779322101.007801) can0 18FE28F4#0CD60CD340400000
(1779322101.008814) can0 18FD28F4#1702FA6F00000000
(1779322101.009727) can0 4D4#000032007D0D0203
(1779322101.010719) can0 4D5#D30CD60C40400000
(1779322101.011795) can0 18914010#0CD6100CD3020000
(1779322101.012840) can0 18904010#020D020D753001FA
(1779322101.013827) can0 18924010#4001400100000000
(1779322101.014808) can0 18934010#000000750000BC19
(1779322101.015821) can0 18944010#1003000000000000
(1779322101.016834) can0 18954010#0000000000000000
(1779322101.017845) can0 18954010#0100000000000000
(1779322101.018834) can0 18954010#0200000000000000
(1779322101.019828) can0 18954010#0300000000000000
(1779322101.020879) can0 18954010#0400000000000000
(1779322101.021821) can0 18954010#0500000000000000
(1779322101.022822) can0 18964010#0040404000000000
(1779322101.023840) can0 18974010#0000000000000000
(1779322101.024834) can0 18984010#0000000000000000
(1779322101.025803) can0 18FA28F4#123EA12C10270000
(1779322101.026796) can0 18FB28F4#D60CD30C40400000
(1779322101.027828) can0 18FC28F4#383200000D020000
(1779322101.028841) can0 18F810F3#0D02E80332640100
(1779322101.029801) can0 18F811F3#D60C1001D30C0201
(1779322101.030815) can0 18F812F3#4001014001010000
(1779322101.031828) can0 18F813F3#0101000000000000
(1779322101.032796) can0 18F814F3#3200EA1AA9015F00
(1779322101.033819) can0 18F815F3#0000000010030000
(1779322101.034726) can0 273#000000000D023200
(1779322101.035720) can0 1E1#020D271001FA01FA
(1779322101.036751) can0 1F5#0000000000000000
(1779322101.037828) can0 0800A6A9#0000000000000000
(1779322101.038778) can0 1000A6A9#0D028813324A4A4A
(1779322101.039829) can0 1C00A6A9#0000000000030000
(1779322101.040822) can0 02018100#1003020D00000000
(1779322101.041816) can0 02028100#0000003264000000
(1779322101.042804) can0 02038100#0CD601100CD30102
(1779322101.043803) can0 02048100#4A01014A01010000
(1779322101.044707) can0 1AD#8714000059321818
(1779322101.045700) can0 2AD#D60C800C87140016
(1779322101.046733) can0 3AD#0000000000008714
(1779322101.047733) can0 4AD#EB00000000000000
(1779322101.048733) can0 76A#7F00000000000000
(1779322101.107346) can0 0000E005#1702440003B60591
(1779322101.107922) can0 1806E5F4#13CC010003B6023A
(1779322101.108819) can0 0000E000#13CC13CC020D0000
(1779322101.109800) can0 0000E004#181803B603B601E1
(1779322101.110782) can0 0000E006#0CD50CD30CD50CD5
(1779322101.111781) can0 0000E007#0CD50CD30CD50CD5
(1779322101.112781) can0 0000E008#0CD50CD50CD50CD3
(1779322101.113781) can0 0000E009#0CD50CD50CD50CD6
(1779322101.114839) can0 0000E010#0000000000000000
(1779322101.115826) can0 0000E011#0000000000000000
(1779322101.116807) can0 0000E012#0CD4000200000000
(1779322101.117839) can0 0000F001#0000000000000000
(1779322101.118820) can0 18FF28F4#10320000020D0000
(1779322101.119801) can0 18FE28F4#0CD60CD340400000
(1779322101.120820) can0 18FD28F4#1702FA6F00000000
(1779322101.121717) can0 4D4#000032007D0D0203
(1779322101.122699) can0 4D5#D30CD60C40400000
(1779322101.123800) can0 18914010#0CD6100CD3020000
(1779322101.124794) can0 18904010#020D020D753001FA
(1779322101.125814) can0 18FA28F4#123EA12C10270000
(1779322101.126789) can0 18FB28F4#D60CD30C40400000
(1779322101.127827) can0 18FC28F4#383200000D020000
(1779322101.128788) can0 18F810F3#0D02E80332640100
(1779322101.129820) can0 18F815F3#0000000010030000
(1779322101.130724) can0 273#000000000D023200
(1779322101.131705) can0 1E1#020D271001FA01FA
(1779322101.132737) can0 1F5#0000000000000000
(1779322101.133833) can0 0800A6A9#0000000000000000
(1779322101.134775) can0 1000A6A9#0D028813324A4A4A
(1779322101.135814) can0 1C00A6A9#0000000000030000
(1779322101.136827) can0 02018100#1003020D00000000
(1779322101.137827) can0 02028100#0000003264000000
(1779322101.138802) can0 02038100#0CD601100CD30102
(1779322101.139801) can0 02048100#4A01014A01010000
(1779322101.140705) can0 1AD#8714000059321818
(1779322101.141699) can0 2AD#D60C800C87140016
(1779322101.142731) can0 3AD#0000000000008714
(1779322101.143725) can0 4AD#EB00000000000000
(1779322101.144738) can0 76A#7F00000000000000
(1779322101.207359) can0 0000E005#1702440003B60591
(1779322101.207914) can0 1806E5F4#13CC010003B6023A
(1779322101.208817) can0 0000E000#13CC13CC020D0000
(1779322101.209798) can0 0000E004#181803B603B601E1
(1779322101.210776) can0 0000E006#0CD50CD30CD50CD5
(1779322101.211779) can0 0000E007#0CD50CD30CD50CD5
(1779322101.212792) can0 0000E008#0CD50CD50CD50CD3
(1779322101.213773) can0 0000E009#0CD50CD50CD50CD6
(1779322101.214837) can0 0000E010#0000000000000000
(1779322101.215837) can0 0000E011#0000000000000000
(1779322101.216818) can0 0000E012#0CD4000200000000
(1779322101.217830) can0 0000F001#0000000000000000
(1779322101.218809) can0 18FF28F4#10320000020D0000
(1779322101.219811) can0 18FE28F4#0CD60CD340400000
(1779322101.220811) can0 18FD28F4#1702FA6F00000000
(1779322101.221728) can0 4D4#000032007D0D0203
(1779322101.222706) can0 4D5#D30CD60C40400000
(1779322101.223805) can0 18914010#0CD6100CD3020000
(1779322101.224805) can0 18904010#020D020D753001FA
(1779322101.225799) can0 18FA28F4#123EA12C10270000
(1779322101.226799) can0 18FB28F4#D60CD30C40400000
(1779322101.227850) can0 18FC28F4#383200000D020000
(1779322101.228780) can0 18F810F3#0D02E80332640100
(1779322101.229831) can0 18F815F3#0000000010030000
(1779322101.230710) can0 273#000000000D023200
(1779322101.231709) can0 1E1#020D271001FA01FA
(1779322101.232741) can0 1F5#0000000000000000
(1779322101.233819) can0 0800A6A9#0000000000000000
(1779322101.234784) can0 1000A6A9#0D028813324A4A4A
(1779322101.235850) can0 1C00A6A9#0000000000030000
(1779322101.236819) can0 02018100#1003020D00000000
(1779322101.237812) can0 02028100#0000003264000000
(1779322101.238813) can0 02038100#0CD601100CD30102
(1779322101.239806) can0 02048100#4A01014A01010000
(1779322101.240691) can0 1AD#8714000059321818
(1779322101.241703) can0 2AD#D60C800C87140016
(1779322101.242712) can0 3AD#0000000000008714
(1779322101.243761) can0 4AD#EB00000000000000
(1779322101.244729) can0 76A#7F00000000000000
(1779322101.307394) can0 0000E005#1702440003B60591
(1779322101.307949) can0 1806E5F4#13CC010003B6023A
(1779322101.308803) can0 0000E000#13CC13CC020D0000
(1779322101.309790) can0 0000E004#181803B603B601E1
(1779322101.310771) can0 0000E006#0CD50CD50CD50CD5
(1779322101.311771) can0 0000E007#0CD50CD30CD50CD5
(1779322101.312816) can0 0000E008#0CD50CD50CD50CD3
(1779322101.313784) can0 0000E009#0CD50CD50CD50CD6
(1779322101.314829) can0 0000E010#0000000000000000
(1779322101.315822) can0 0000E011#0000000000000000
(1779322101.316809) can0 0000E012#0CD4000200000000
(1779322101.317822) can0 0000F001#0000000000000000
(1779322101.318809) can0 18FF28F4#10320000020D0000
(1779322101.319781) can0 18FE28F4#0CD60CD340400000
(1779322101.320836) can0 18FD28F4#1702FA6F00000000
(1779322101.321720) can0 4D4#000032007D0D0203
(1779322101.322701) can0 4D5#D30CD60C40400000
(1779322101.323784) can0 18914010#0CD6100CD3060000
(1779322101.324797) can0 18904010#020D020D753001FA
(1779322101.325797) can0 18FA28F4#123EA12C10270000
(1779322101.326791) can0 18FB28F4#D60CD30C40400000
(1779322101.327807) can0 18FC28F4#383200000D020000
(1779322101.328823) can0 18F810F3#0D02E80332640100
(1779322101.329823) can0 18F815F3#0000000010030000
(1779322101.330709) can0 273#000000000D023200
(1779322101.331703) can0 1E1#020D271001FA01FA
(1779322101.332733) can0 1F5#0000000000000000
(1779322101.333820) can0 0800A6A9#0000000000000000
(1779322101.334779) can0 1000A6A9#0D028813324A4A4A
(1779322101.335810) can0 1C00A6A9#0000000000030000
(1779322101.336810) can0 02018100#1003020D00000000
(1779322101.337811) can0 02028100#0000003264000000
(1779322101.338792) can0 02038100#0CD601100CD30106
(1779322101.339800) can0 02048100#4A01014A01010000
(1779322101.340690) can0 1AD#8714000059321818
(1779322101.341702) can0 2AD#D60C800C87140016
(1779322101.342715) can0 3AD#0000000000008714
(1779322101.343721) can0 4AD#EB00000000000000
(1779322101.344728) can0 76A#7F00000000000000
(1779322101.407343) can0 0000E005#1702440003B60591
(1779322101.407899) can0 1806E5F4#13CC010003B6023A
(1779322101.408801) can0 0000E000#13CC13CC020D0000
(1779322101.409795) can0 0000E004#181803B603B601E1
(1779322101.410783) can0 0000E006#0CD50CD50CD50CD5
(1779322101.411777) can0 0000E007#0CD50CD30CD50CD5
(1779322101.412774) can0 0000E008#0CD50CD50CD50CD3
(1779322101.413776) can0 0000E009#0CD50CD50CD50CD6
(1779322101.414821) can0 0000E010#0000000000000000
(1779322101.415820) can0 0000E011#0000000000000000
(1779322101.416800) can0 0000E012#0CD4000200000000
(1779322101.417814) can0 0000F001#0000000000000000
(1779322101.418814) can0 18FF28F4#10320000020D0000
(1779322101.419783) can0 18FE28F4#0CD60CD340400000
(1779322101.420800) can0 18FD28F4#1702FA6F00000000
(1779322101.421713) can0 4D4#000032007D0D0203
(1779322101.422693) can0 4D5#D30CD60C40400000
(1779322101.423790) can0 18914010#0CD6100CD3060000
(1779322101.424789) can0 18904010#020D020D753001FA
(1779322101.425789) can0 18FA28F4#123EA12C10270000
(1779322101.426790) can0 18FB28F4#D60CD30C40400000
(1779322101.427821) can0 18FC28F4#383200000D020000
(1779322101.428778) can0 18F810F3#0D02E80332640100
(1779322101.429815) can0 18F815F3#0000000010030000
(1779322101.430713) can0 273#000000000D023200
(1779322101.431700) can0 1E1#020D271001FA01FA
(1779322101.432732) can0 1F5#0000000000000000
(1779322101.433809) can0 0800A6A9#0000000000000000
(1779322101.434777) can0 1000A6A9#0D028813324A4A4A
(1779322101.435803) can0 1C00A6A9#0000000000030000
(1779322101.436797) can0 02018100#1003020D00000000
(1779322101.437821) can0 02028100#0000003264000000
(1779322101.438784) can0 02038100#0CD601100CD30106
(1779322101.439796) can0 02048100#4A01014A01010000
(1779322101.440678) can0 1AD#8714000059321818
(1779322101.441694) can0 2AD#D60C800C87140016
(1779322101.442720) can0 3AD#0000000000008714
(1779322101.443720) can0 4AD#EB00000000000000
(1779322101.444720) can0 76A#7F00000000000000
(1779322101.524347) can0 0000E005#1702440003B60591
(1779322101.524923) can0 1806E5F4#13CC010003B6023A
(1779322101.525787) can0 0000E000#13CC13CC020D0000
(1779322101.526785) can0 0000E004#181803B603B601E1
(1779322101.527788) can0 0000E006#0CD50CD30CD50CD3
(1779322101.528768) can0 0000E007#0CD30CD30CD30CD5
(1779322101.529768) can0 0000E008#0CD50CD50CD50CD3
(1779322101.530760) can0 0000E009#0CD50CD50CD50CD6
(1779322101.531814) can0 0000E010#0000000000000000
(1779322101.532814) can0 0000E011#0000000000000000
(1779322101.533794) can0 0000E012#0CD4000200000000
(1779322101.534775) can0 0000E013#4542323630354C43
(1779322101.535827) can0 0000E014#3134323300000000
(1779322101.536807) can0 0000E015#0000000000000003
(1779322101.537820) can0 0000F000#0000000000000000
(1779322101.538817) can0 0000F001#0000000000000000
(1779322101.539801) can0 18FF28F4#10320000020D0000
(1779322101.540782) can0 18FE28F4#0CD60CD340400000
(1779322101.541801) can0 18FD28F4#1702FA6F00000000
(1779322101.542714) can0 4D4#000032007D0D0203
(1779322101.543731) can0 4D5#D30CD60C40400000
(1779322101.544776) can0 18914010#0CD6100CD3020000
(1779322101.545795) can0 18904010#020D020D753001FA
(1779322101.546808) can0 18924010#4001400100000000
(1779322101.547788) can0 18934010#000000760000BC19
(1779322101.548801) can0 18944010#1003000000000000
(1779322101.549821) can0 18954010#0000000000000000
(1779322101.550817) can0 18954010#0100000000000000
(1779322101.551847) can0 18954010#0200000000000000
(1779322101.552814) can0 18954010#0300000000000000
(1779322101.553814) can0 18954010#0400000000000000
(1779322101.554808) can0 18954010#0500000000000000
(1779322101.555809) can0 18964010#0040404000000000
(1779322101.556809) can0 18974010#0000000000000000
(1779322101.557801) can0 18984010#0000000000000000
(1779322101.558782) can0 18FA28F4#123EA12C10270000
(1779322101.559827) can0 18FB28F4#D60CD30C40400000
(1779322101.560808) can0 18FC28F4#383200000D020000
(1779322101.561777) can0 18F810F3#0D02E80332640100
(1779322101.562787) can0 18F811F3#D60C1001D30C0201
(1779322101.563783) can0 18F812F3#4001014001010000
(1779322101.564815) can0 18F813F3#0101000000000000
(1779322101.565777) can0 18F814F3#3200EA1AA9015F00
(1779322101.566806) can0 18F815F3#0000000010030000
(1779322101.567706) can0 273#000000000D023200
(1779322101.568688) can0 1E1#020D271001FA01FA
(1779322101.569719) can0 1F5#0000000000000000
(1779322101.570816) can0 0800A6A9#0000000000000000
(1779322101.571764) can0 1000A6A9#0D028813324A4A4A
(1779322101.572797) can0 1C00A6A9#0000000000030000
(1779322101.573809) can0 02018100#1003020D00000000
(1779322101.574804) can0 02028100#0000003264000000
(1779322101.575790) can0 02038100#0CD601100CD30102
(1779322101.576790) can0 02048100#4A01014A01010000
(1779322101.577688) can0 1AD#8714000059321818
(1779322101.578686) can0 2AD#D60C800C87140016
(1779322101.579707) can0 3AD#0000000000008714
(1779322101.580719) can0 4AD#EB00000000000000
(1779322101.581714) can0 76A#7F00000000000000
(1779322101.583656) can0 00000E00#00354C4331343233
(1779322101.640340) can0 0000E005#1702440003B60591
(1779322101.640903) can0 1806E5F4#13CC010003B6023A
(1779322101.641799) can0 0000E000#13CC13CC020D0000
(1779322101.642776) can0 0000E004#181803B603B601E1
(1779322101.643768) can0 0000E006#0CD50CD30CD50CD3
(1779322101.644761) can0 0000E007#0CD30CD30CD30CD5
(1779322101.645761) can0 0000E008#0CD50CD50CD50CD3
(1779322101.646756) can0 0000E009#0CD50CD50CD50CD6
(1779322101.647826) can0 0000E010#0000000000000000
(1779322101.648806) can0 0000E011#0000000000000000
(1779322101.649806) can0 0000E012#0CD4000200000000
(1779322101.650819) can0 0000F001#0000000000000000
(1779322101.651800) can0 18FF28F4#10320000020D0000
(1779322101.652781) can0 18FE28F4#0CD60CD340400000
(1779322101.653800) can0 18FD28F4#1702FA6F00000000
(1779322101.654693) can0 4D4#000032007D0D0203
(1779322101.655697) can0 4D5#D30CD60C40400000
(1779322101.656774) can0 18914010#0CD6100CD3020000
(1779322101.657787) can0 18904010#020D020D753001FA
(1779322101.658782) can0 18FA28F4#123EA12C10270000
(1779322101.659768) can0 18FB28F4#D60CD30C40400000
(1779322101.660801) can0 18FC28F4#383200000D020000
(1779322101.661768) can0 18F810F3#0D02E80332640100
(1779322101.662801) can0 18F815F3#0000000010030000
(1779322101.663698) can0 273#000000000D023200
(1779322101.664698) can0 1E1#020D271001FA01FA
(1779322101.665730) can0 1F5#0000000000000000
(1779322101.666801) can0 0800A6A9#0000000000000000
(1779322101.667756) can0 1000A6A9#0D028813324A4A4A
(1779322101.668807) can0 1C00A6A9#0000000000030000
(1779322101.669801) can0 02018100#1003020D00000000
(1779322101.670797) can0 02028100#0000003264000000
(1779322101.671781) can0 02038100#0CD601100CD30102
(1779322101.672795) can0 02048100#4A01014A01010000
(1779322101.673699) can0 1AD#8714000059321818
(1779322101.674680) can0 2AD#D60C800C87140016
(1779322101.675705) can0 3AD#0000000000008714
(1779322101.676718) can0 4AD#EB00000000000000
(1779322101.677718) can0 76A#7F00000000000000
(1779322101.740379) can0 0000E005#1702440003B60591
(1779322101.740954) can0 1806E5F4#13CC010003B6023A
(1779322101.741791) can0 0000E000#13CC13CC020D0000
(1779322101.742785) can0 0000E004#181803B603B601E1
(1779322101.743748) can0 0000E006#0CD50CD30CD50CD3
(1779322101.744766) can0 0000E007#0CD30CD30CD30CD5
(1779322101.745766) can0 0000E008#0CD50CD50CD50CD3
(1779322101.746766) can0 0000E009#0CD50CD50CD50CD6
(1779322101.747811) can0 0000E010#0000000000000000
(1779322101.748811) can0 0000E011#0000000000000000
(1779322101.749793) can0 0000E012#0CD4000200000000
(1779322101.750824) can0 0000F001#0000000000000000
(1779322101.751790) can0 18FF28F4#10320000020D0000
(1779322101.752773) can0 18FE28F4#0CD60CD340400000
(1779322101.753786) can0 18FD28F4#1702FA6F00000000
(1779322101.754703) can0 4D4#000032007D0D0203
(1779322101.755685) can0 4D5#D30CD60C40400000
(1779322101.756780) can0 18914010#0CD6100CD3020000
(1779322101.757780) can0 18904010#020D020D753001FA
(1779322101.758793) can0 18FA28F4#123EA12C10270000
(1779322101.759779) can0 18FB28F4#D60CD30C40400000
(1779322101.760792) can0 18FC28F4#383200000D020000
(1779322101.761773) can0 18F810F3#0D02E80332640100
(1779322101.762806) can0 18F815F3#0000000010030000
(1779322101.763683) can0 273#000000000D023200
(1779322101.764690) can0 1E1#020D271001FA01FA
(1779322101.765716) can0 1F5#0000000000000000
(1779322101.766831) can0 0800A6A9#0000000000000000
(1779322101.767765) can0 1000A6A9#0D028813324A4A4A
(1779322101.768792) can0 1C00A6A9#0000000000030000
(1779322101.769792) can0 02018100#1003020D00000000
(1779322101.770793) can0 02028100#0000003264000000
(1779322101.771786) can0 02038100#0CD601100CD30102
(1779322101.772786) can0 02048100#4A01014A01010000
(1779322101.773672) can0 1AD#8714000059321818
(1779322101.774717) can0 2AD#D60C800C87140016
(1779322101.775691) can0 3AD#0000000000008714
(1779322101.776710) can0 4AD#EB00000000000000
(1779322101.777710) can0 76A#7F00000000000000
(1779322101.840362) can0 0000E005#1702440003B60591
(1779322101.840912) can0 1806E5F4#13CC010003B6023A
(1779322101.841783) can0 0000E000#13CC13CC020D0000
(1779322101.842784) can0 0000E004#181803B603B601E1
(1779322101.843777) can0 0000E006#0CD50CD50CD50CD5
(1779322101.844764) can0 0000E007#0CD30CD50CD50CD5
(1779322101.845758) can0 0000E008#0CD50CD50CD50CD5
(1779322101.846758) can0 0000E009#0CD50CD50CD50CD6
(1779322101.847801) can0 0000E010#0000000000000000
(1779322101.848803) can0 0000E011#0000000000000000
(1779322101.849790) can0 0000E012#0CD4000200000000
(1779322101.850803) can0 0000F001#0000000000000000
(1779322101.851831) can0 18FF28F4#10320000020D0000
(1779322101.852765) can0 18FE28F4#0CD60CD340400000
(1779322101.853778) can0 18FD28F4#1702FA6F00000000
(1779322101.854702) can0 4D4#000032007D0D0203
(1779322101.855684) can0 4D5#D30CD60C40400000
(1779322101.856778) can0 18914010#0CD6100CD3050000
(1779322101.857772) can0 18904010#020D020D753001FA
(1779322101.858772) can0 18FA28F4#123EA12C10270000
(1779322101.859817) can0 18FB28F4#D60CD30C40400000
(1779322101.860803) can0 18FC28F4#383200000D020000
(1779322101.861765) can0 18F810F3#0D02E80332640100
(1779322101.862798) can0 18F815F3#0000000010030000
(1779322101.863697) can0 273#000000000D023200
(1779322101.864682) can0 1E1#020D271001FA01FA
(1779322101.865714) can0 1F5#0000000000000000
(1779322101.866791) can0 0800A6A9#0000000000000000
(1779322101.867804) can0 1000A6A9#0D028813324A4A4A
(1779322101.868791) can0 1C00A6A9#0000000000030000
(1779322101.869804) can0 02018100#1003020D00000000
(1779322101.870805) can0 02028100#0000003264000000
(1779322101.871779) can0 02038100#0CD601100CD30105
(1779322101.872779) can0 02048100#4A01014A01010000
(1779322101.873663) can0 1AD#8714000059321818
(1779322101.874676) can0 2AD#D60C800C87140016
(1779322101.875685) can0 3AD#0000000000008714
(1779322101.876702) can0 4AD#EB00000000000000
(1779322101.877702) can0 76A#7F00000000000000
(1779322101.940345) can0 0000E005#1702440003B60591
(1779322101.940893) can0 1806E5F4#13CC010003B6023A
(1779322101.941775) can0 0000E000#13CC13CC020D0000
(1779322101.942776) can0 0000E004#181803B603B601E1
(1779322101.943756) can0 0000E006#0CD50CD50CD50CD5
(1779322101.944799) can0 0000E007#0CD30CD50CD50CD5
(1779322101.945756) can0 0000E008#0CD50CD50CD50CD5
(1779322101.946758) can0 0000E009#0CD50CD50CD50CD6
(1779322101.947801) can0 0000E010#0000000000000000
(1779322101.948793) can0 0000E011#0000000000000000
(1779322101.949782) can0 0000E012#0CD4000200000000
(1779322101.950815) can0 0000F001#0000000000000000
(1779322101.951797) can0 18FF28F4#10320000020D0000
(1779322101.952766) can0 18FE28F4#0CD60CD340400000
(1779322101.953776) can0 18FD28F4#1702FA6F00000000
(1779322101.954693) can0 4D4#000032007D0D0203
(1779322101.955674) can0 4D5#D30CD60C40400000
(1779322101.956768) can0 18914010#0CD6100CD3050000
(1779322101.957770) can0 18904010#020D020D753001FA
(1779322101.958771) can0 18FA28F4#123EA12C10270000
(1779322101.959770) can0 18FB28F4#D60CD30C40400000
(1779322101.960797) can0 18FC28F4#383200000D020000
(1779322101.961763) can0 18F810F3#0D02E80332640100
(1779322101.962796) can0 18F815F3#0000000010030000
(1779322101.963694) can0 273#000000000D023200
(1779322101.964680) can0 1E1#020D271001FA01FA
(1779322101.965713) can0 1F5#0000000000000000
(1779322101.966790) can0 0800A6A9#0000000000000000
(1779322101.967759) can0 1000A6A9#0D028813324A4A4A
(1779322101.968784) can0 1C00A6A9#0000000000030000
(1779322101.969783) can0 02018100#1003020D00000000
(1779322101.970804) can0 02028100#0000003264000000
(1779322101.971768) can0 02038100#0CD601100CD30105
(1779322101.972775) can0 02048100#4A01014A01010000
(1779322101.973683) can0 1AD#8714000059321818
(1779322101.974676) can0 2AD#D60C800C87140016
(1779322101.975688) can0 3AD#0000000000008714
(1779322101.976700) can0 4AD#EB00000000000000
(1779322101.977701) can0 76A#7F00000000000000
(1779322102.057328) can0 0000E005#1702440003B60591
(1779322102.057884) can0 1806E5F4#13CC010003B6023A
(1779322102.058781) can0 0000E000#13CC13CC020D0000
(1779322102.059768) can0 0000E004#181803B603B601E1
(1779322102.060749) can0 0000E006#0CD50CD30CD50CD5
(1779322102.061749) can0 0000E007#0CD30CD30CD50CD5
(1779322102.062747) can0 0000E008#0CD50CD50CD50CD5
(1779322102.063743) can0 0000E009#0CD50CD50CD50CD6
(1779322102.064807) can0 0000E010#0000000000000000
(1779322102.065794) can0 0000E011#0000000000000000
(1779322102.066808) can0 0000E012#0CD4000200000000
(1779322102.067756) can0 0000E013#4542323630354C43
(1779322102.068769) can0 0000E014#3134323300000000
(1779322102.069800) can0 0000E015#0000000000000003
(1779322102.070797) can0 0000F000#0000000000000000
(1779322102.071800) can0 0000F001#0000000000000000
(1779322102.072782) can0 18FF28F4#10320000020D0000
(1779322102.073763) can0 18FE28F4#0CD60CD340400000
(1779322102.074808) can0 18FD28F4#1702FA6F00000000
(1779322102.075692) can0 4D4#000032007D0D0203
(1779322102.076673) can0 4D5#D30CD60C40400000
(1779322102.077769) can0 18914010#0CD6100CD3020000
(1779322102.078770) can0 18904010#020D020D753001FA
(1779322102.079782) can0 18924010#4001400100000000
(1779322102.080782) can0 18934010#000000770000BC19
(1779322102.081782) can0 18944010#1003000000000000
(1779322102.082843) can0 18954010#0000000000000000
(1779322102.083795) can0 18954010#0100000000000000
(1779322102.084795) can0 18954010#0200000000000000
(1779322102.085789) can0 18954010#0300000000000000
(1779322102.086787) can0 18954010#0400000000000000
(1779322102.087789) can0 18954010#0500000000000000
(1779322102.088789) can0 18964010#0040404000000000
(1779322102.089801) can0 18974010#0000000000000000
(1779322102.090827) can0 18984010#0000000000000000
(1779322102.091764) can0 18FA28F4#123EA12C10270000
(1779322102.092757) can0 18FB28F4#D60CD30C40400000
(1779322102.093789) can0 18FC28F4#383200000D020000
(1779322102.094752) can0 18F810F3#0D02E80332640100
(1779322102.095763) can0 18F811F3#D60C1001D30C0201
(1779322102.096782) can0 18F812F3#4001014001010000
(1779322102.097795) can0 18F813F3#0101000000000000
(1779322102.098755) can0 18F814F3#3200EA1AA9015F00
(1779322102.099789) can0 18F815F3#0000000010030000
(1779322102.100687) can0 273#000000000D023200
(1779322102.101687) can0 1E1#020D271001FA01FA
(1779322102.102700) can0 1F5#0000000000000000
(1779322102.103790) can0 0800A6A9#0000000000000000
(1779322102.104745) can0 1000A6A9#0D028813324A4A4A
(1779322102.105790) can0 1C00A6A9#0000000000030000
(1779322102.106783) can0 02018100#1003020D00000000
(1779322102.107783) can0 02028100#0000003264000000
(1779322102.108771) can0 02038100#0CD601100CD30102
(1779322102.109764) can0 02048100#4A01014A01010000
(1779322102.110665) can0 1AD#8714000059321818
(1779322102.111668) can0 2AD#D60C800C87140016
(1779322102.112694) can0 3AD#0000000000008714
(1779322102.113694) can0 4AD#EB00000000000000
(1779322102.114694) can0 76A#7F00000000000000
(1779322102.173378) can0 0000E005#1702440003B60591
(1779322102.173928) can0 1806E5F4#13CC010003B6023A
(1779322102.174767) can0 0000E000#13CC13CC020D0000
(1779322102.175763) can0 0000E004#181803B603B601E1
(1779322102.176748) can0 0000E006#0CD50CD30CD50CD5
(1779322102.177748) can0 0000E007#0CD30CD30CD50CD5
(1779322102.178748) can0 0000E008#0CD50CD50CD50CD5
(1779322102.179743) can0 0000E009#0CD50CD50CD50CD6
(1779322102.180793) can0 0000E010#0000000000000000
(1779322102.181787) can0 0000E011#0000000000000000
(1779322102.182774) can0 0000E012#0CD4000200000000
(1779322102.183787) can0 0000F001#0000000000000000
(1779322102.184787) can0 18FF28F4#10320000020D0000
(1779322102.185748) can0 18FE28F4#0CD60CD340400000
(1779322102.186768) can0 18FD28F4#1702FA6F00000000
(1779322102.187680) can0 4D4#000032007D0D0203
(1779322102.188666) can0 4D5#D30CD60C40400000
(1779322102.189761) can0 18914010#0CD6100CD3020000
(1779322102.190762) can0 18904010#020D020D753001FA
(1779322102.191769) can0 18FA28F4#123EA12C10270000
(1779322102.192755) can0 18FB28F4#D60CD30C40400000
(1779322102.193787) can0 18FC28F4#383200000D020000
(1779322102.194756) can0 18F810F3#0D02E80332640100
(1779322102.195788) can0 18F815F3#0000000010030000
(1779322102.196686) can0 273#000000000D023200
(1779322102.197666) can0 1E1#020D271001FA01FA
(1779322102.198699) can0 1F5#0000000000000000
(1779322102.199773) can0 0800A6A9#0000000000000000
(1779322102.200743) can0 1000A6A9#0D028813324A4A4A
(1779322102.201775) can0 1C00A6A9#0000000000030000
(1779322102.202788) can0 02018100#1003020D00000000
(1779322102.203783) can0 02028100#0000003264000000
(1779322102.204769) can0 02038100#0CD601100CD30102
(1779322102.205769) can0 02048100#4A01014A01010000
(1779322102.206648) can0 1AD#8714000059321818
(1779322102.207667) can0 2AD#D60C800C87140016
(1779322102.208679) can0 3AD#0000000000008714
(1779322102.209692) can0 4AD#EB00000000000000
(1779322102.210686) can0 76A#7F00000000000000
(1779322102.273365) can0 0000E005#1702440003B60591
(1779322102.273922) can0 1806E5F4#13CC010003B6023A
(1779322102.274759) can0 0000E000#13CC13CC020D0000
(1779322102.275759) can0 0000E004#181803B603B601E1
(1779322102.276734) can0 0000E006#0CD50CD30CD50CD5
(1779322102.277740) can0 0000E007#0CD30CD30CD50CD5
(1779322102.278741) can0 0000E008#0CD50CD50CD50CD5
(1779322102.279740) can0 0000E009#0CD50CD50CD50CD6
(1779322102.280785) can0 0000E010#0000000000000000
(1779322102.281798) can0 0000E011#0000000000000000
(1779322102.282766) can0 0000E012#0CD4000200000000
(1779322102.283798) can0 0000F001#0000000000000000
(1779322102.284776) can0 18FF28F4#10320000020D0000
(1779322102.285760) can0 18FE28F4#0CD60CD340400000
(1779322102.286773) can0 18FD28F4#1702FA6F00000000
(1779322102.287677) can0 4D4#000032007D0D0203
(1779322102.288658) can0 4D5#D30CD60C40400000
(1779322102.289772) can0 18914010#0CD6100CD3020000
(1779322102.290754) can0 18904010#020D020D753001FA
(1779322102.291767) can0 18FA28F4#123EA12C10270000
(1779322102.292747) can0 18FB28F4#D60CD30C40400000
(1779322102.293779) can0 18FC28F4#383200000D020000
(1779322102.294748) can0 18F810F3#0D02E80332640100
(1779322102.295779) can0 18F815F3#0000000010030000
(1779322102.296677) can0 273#000000000D023200
(1779322102.297690) can0 1E1#020D271001FA01FA
(1779322102.298691) can0 1F5#0000000000000000
(1779322102.299786) can0 0800A6A9#0000000000000000
(1779322102.300728) can0 1000A6A9#0D028813324A4A4A
(1779322102.301766) can0 1C00A6A9#0000000000030000
(1779322102.302780) can0 02018100#1003020D00000000
(1779322102.303780) can0 02028100#0000003264000000
(1779322102.304760) can0 02038100#0CD601100CD30102
(1779322102.305792) can0 02048100#4A01014A01010000
(1779322102.306659) can0 1AD#8714000059321818
(1779322102.307659) can0 2AD#D60C800C87140016
(1779322102.308678) can0 3AD#0000000000008714
(1779322102.309684) can0 4AD#EB00000000000000
(1779322102.310678) can0 76A#7F00000000000000
(1779322102.373320) can0 0000E005#1702440003B60591
(1779322102.373868) can0 1806E5F4#13CC010003B6023A
(1779322102.374791) can0 0000E000#13CC13CC020D0000
(1779322102.375759) can0 0000E004#181803B603B601E1
(1779322102.376740) can0 0000E006#0CD50CD50CD30CD5
(1779322102.377740) can0 0000E007#0CD30CD30CD50CD5
(1779322102.378734) can0 0000E008#0CD50CD30CD50CD3
(1779322102.379734) can0 0000E009#0CD50CD50CD50CD6
(1779322102.380797) can0 0000E010#0000000000000000
(1779322102.381776) can0 0000E011#0000000000000000
(1779322102.382811) can0 0000E012#0CD4000200000000
(1779322102.383792) can0 0000F001#0000000000000000
(1779322102.384773) can0 18FF28F4#10320000020D0000
(1779322102.385753) can0 18FE28F4#0CD60CD340400000
(1779322102.386773) can0 18FD28F4#1702FA6F00000000
(1779322102.387670) can0 4D4#000032007D0D0203
(1779322102.388651) can0 4D5#D30CD60C40400000
(1779322102.389747) can0 18914010#0CD6100CD3030000
(1779322102.390798) can0 18904010#020D020D753001FA
(1779322102.391760) can0 18FA28F4#123EA12C10270000
(1779322102.392747) can0 18FB28F4#D60CD30C40400000
(1779322102.393769) can0 18FC28F4#383200000D020000
(1779322102.394741) can0 18F810F3#0D02E80332640100
(1779322102.395785) can0 18F815F3#0000000010030000
(1779322102.396671) can0 273#000000000D023200
(1779322102.397665) can0 1E1#020D271001FA01FA
(1779322102.398735) can0 1F5#0000000000000000
(1779322102.399779) can0 0800A6A9#0000000000000000
(1779322102.400735) can0 1000A6A9#0D028813324A4A4A
(1779322102.401760) can0 1C00A6A9#0000000000030000
(1779322102.402780) can0 02018100#1003020D00000000
(1779322102.403773) can0 02028100#0000003264000000
(1779322102.404754) can0 02038100#0CD601100CD30103
(1779322102.405747) can0 02048100#4A01014A01010000
(1779322102.406652) can0 1AD#8714000059321818
(1779322102.407651) can0 2AD#D60C800C87140016
(1779322102.408677) can0 3AD#0000000000008714
(1779322102.409687) can0 4AD#EB00000000000000
(1779322102.410690) can0 76A#7F00000000000000
(1779322102.473355) can0 0000E005#1702440003B60591
(1779322102.473925) can0 1806E5F4#13CC010003B6023A
(1779322102.474764) can0 0000E000#13CC13CC020D0000
(1779322102.475808) can0 0000E004#181803B603B601E1
(1779322102.476745) can0 0000E006#0CD50CD50CD30CD5
(1779322102.477738) can0 0000E007#0CD30CD30CD50CD5
(1779322102.478739) can0 0000E008#0CD50CD30CD50CD3
(1779322102.479738) can0 0000E009#0CD50CD50CD50CD6
(1779322102.480783) can0 0000E010#0000000000000000
(1779322102.481777) can0 0000E011#0000000000000000
(1779322102.482765) can0 0000E012#0CD4000200000000
(1779322102.483783) can0 0000F001#0000000000000000
(1779322102.484776) can0 18FF28F4#10320000020D0000
(1779322102.485745) can0 18FE28F4#0CD60CD340400000
(1779322102.486758) can0 18FD28F4#1702FA6F00000000
(1779322102.487675) can0 4D4#000032007D0D0203
(1779322102.488662) can0 4D5#D30CD60C40400000
(1779322102.489750) can0 18914010#0CD6100CD3030000
(1779322102.490752) can0 18904010#020D020D753001FA
(1779322102.491752) can0 18FA28F4#123EA12C10270000
(1779322102.492751) can0 18FB28F4#D60CD30C40400000
(1779322102.493774) can0 18FC28F4#383200000D020000
(1779322102.494746) can0 18F810F3#0D02E80332640100
(1779322102.495777) can0 18F815F3#0000000010030000
(1779322102.496682) can0 273#000000000D023200
(1779322102.497663) can0 1E1#020D271001FA01FA
(1779322102.498695) can0 1F5#0000000000000000
(1779322102.499771) can0 0800A6A9#0000000000000000
(1779322102.500739) can0 1000A6A9#0D028813324A4A4A
(1779322102.501767) can0 1C00A6A9#0000000000030000
(1779322102.502765) can0 02018100#1003020D00000000
(1779322102.503784) can0 02028100#0000003264000000
(1779322102.504746) can0 02038100#0CD601100CD30103
(1779322102.505756) can0 02048100#4A01014A01010000
(1779322102.506644) can0 1AD#8714000059321818
(1779322102.507657) can0 2AD#D60C800C87140016
(1779322102.508670) can0 3AD#0000000000008714
(1779322102.509682) can0 4AD#EB00000000000000
(1779322102.510683) can0 76A#7F00000000000000
(1779322102.590297) can0 0000E005#1702440003B60591
(1779322102.590867) can0 1806E5F4#13CC010003B6023A
(1779322102.591748) can0 0000E000#13CC13CC020D0000
(1779322102.592750) can0 0000E004#181803B603B601E1
(1779322102.593732) can0 0000E006#0CD50CD50CD50CD5
(1779322102.594731) can0 0000E007#0CD30CD50CD50CD5
(1779322102.595725) can0 0000E008#0CD50CD50CD50CD3
(1779322102.596731) can0 0000E009#0CD50CD50CD50CD6
(1779322102.597795) can0 0000E010#0000000000000000
(1779322102.598776) can0 0000E011#0000000000000000
(1779322102.599757) can0 0000E012#0CD4000200000000
(1779322102.600725) can0 0000E013#4542323630354C43
(1779322102.601757) can0 0000E014#3134323300000000
(1779322102.602770) can0 0000E015#0000000000000003
(1779322102.603779) can0 0000F000#0000000000000000
(1779322102.604782) can0 0000F001#0000000000000000
(1779322102.605795) can0 18FF28F4#10320000020D0000
(1779322102.606744) can0 18FE28F4#0CD60CD340400000
(1779322102.607761) can0 18FD28F4#1702FA6F00000000
(1779322102.608661) can0 4D4#000032007D0D0203
(1779322102.609642) can0 4D5#D30CD60C40400000
(1779322102.610738) can0 18914010#0CD6100CD3050000
(1779322102.611738) can0 18904010#020D020D753001FA
(1779322102.612770) can0 18924010#4001400100000000
(1779322102.613783) can0 18934010#000000780000BC19
(1779322102.614764) can0 18944010#1003000000000000
(1779322102.615780) can0 18954010#0000000000000000
(1779322102.616777) can0 18954010#0100000000000000
(1779322102.617777) can0 18954010#0200000000000000
(1779322102.618777) can0 18954010#0300000000000000
(1779322102.619772) can0 18954010#0400000000000000
(1779322102.620770) can0 18954010#0500000000000000
(1779322102.621816) can0 18964010#0040404000000000
(1779322102.622771) can0 18974010#0000000000000000
(1779322102.623765) can0 18984010#0000000000000000
(1779322102.624745) can0 18FA28F4#123EA12C10270000
(1779322102.625745) can0 18FB28F4#D60CD30C40400000
(1779322102.626771) can0 18FC28F4#383200000D020000
(1779322102.627734) can0 18F810F3#0D02E80332640100
(1779322102.628752) can0 18F811F3#D60C1001D30C0501
(1779322102.629796) can0 18F812F3#4001014001010000
(1779322102.630778) can0 18F813F3#0101000000000000
(1779322102.631738) can0 18F814F3#3200EA1AA9015F00
(1779322102.632771) can0 18F815F3#0000000010030000
(1779322102.633675) can0 273#000000000D023200
(1779322102.634657) can0 1E1#020D271001FA01FA
(1779322102.635681) can0 1F5#0000000000000000
(1779322102.636765) can0 0800A6A9#0000000000000000
(1779322102.637727) can0 1000A6A9#0D028813324A4A4A
(1779322102.638759) can0 1C00A6A9#0000000000030000
(1779322102.639774) can0 02018100#1003020D00000000
(1779322102.640772) can0 02028100#0000003264000000
(1779322102.641739) can0 02038100#0CD601100CD30105
(1779322102.642753) can0 02048100#4A01014A01010000
(1779322102.643636) can0 1AD#8714000059321818
(1779322102.644650) can0 2AD#D60C800C87140016
(1779322102.645669) can0 3AD#0000000000008714
(1779322102.646682) can0 4AD#EB00000000000000
(1779322102.647676) can0 76A#7F00000000000000
(1779322102.706341) can0 0000E005#1702440003B60591
(1779322102.706897) can0 1806E5F4#13CC010003B6023A
(1779322102.707756) can0 0000E000#13CC13CC020D0000
(1779322102.708746) can0 0000E004#181803B603B601E1
(1779322102.709717) can0 0000E006#0CD50CD50CD50CD5
(1779322102.710730) can0 0000E007#0CD30CD50CD50CD5
(1779322102.711731) can0 0000E008#0CD50CD50CD50CD3
(1779322102.712727) can0 0000E009#0CD50CD50CD50CD6
(1779322102.713775) can0 0000E010#0000000000000000
(1779322102.714776) can0 0000E011#0000000000000000
(1779322102.715756) can0 0000E012#0CD4000200000000
(1779322102.716769) can0 0000F001#0000000000000000
(1779322102.717756) can0 18FF28F4#10320000020D0000
(1779322102.718737) can0 18FE28F4#0CD60CD340400000
(1779322102.719750) can0 18FD28F4#1702FA6F00000000
(1779322102.720662) can0 4D4#000032007D0D0203
(1779322102.721648) can0 4D5#D30CD60C40400000
(1779322102.722750) can0 18914010#0CD6100CD3050000
(1779322102.723744) can0 18904010#020D020D753001FA
(1779322102.724739) can0 18FA28F4#123EA12C10270000
(1779322102.725744) can0 18FB28F4#D60CD30C40400000
(1779322102.726757) can0 18FC28F4#383200000D020000
(1779322102.727737) can0 18F810F3#0D02E80332640100
(1779322102.728770) can0 18F815F3#0000000010030000
(1779322102.729673) can0 273#000000000D023200
(1779322102.730655) can0 1E1#020D271001FA01FA
(1779322102.731686) can0 1F5#0000000000000000
(1779322102.732762) can0 0800A6A9#0000000000000000
(1779322102.733732) can0 1000A6A9#0D028813324A4A4A
(1779322102.734758) can0 1C00A6A9#0000000000030000
(1779322102.735776) can0 02018100#1003020D00000000
(1779322102.736752) can0 02028100#0000003264000000
(1779322102.737737) can0 02038100#0CD601100CD30105
(1779322102.738751) can0 02048100#4A01014A01010000
(1779322102.739636) can0 1AD#8714000059321818
(1779322102.740648) can0 2AD#D60C800C87140016
(1779322102.741662) can0 3AD#0000000000008714
(1779322102.742674) can0 4AD#EB00000000000000
(1779322102.743687) can0 76A#7F00000000000000
(1779322102.806301) can0 0000E005#1702440003B60591
(1779322102.806857) can0 1806E5F4#13CC010003B6023A
(1779322102.807740) can0 0000E000#13CC13CC020D0000
(1779322102.808741) can0 0000E004#181803B603B601E1
(1779322102.809721) can0 0000E006#0CD50CD50CD50CD5
(1779322102.810716) can0 0000E007#0CD30CD50CD50CD5
(1779322102.811735) can0 0000E008#0CD50CD50CD50CD3
(1779322102.812728) can0 0000E009#0CD50CD50CD50CD6
(1779322102.813780) can0 0000E010#0000000000000000
(1779322102.814773) can0 0000E011#0000000000000000
(1779322102.815755) can0 0000E012#0CD4000200000000
(1779322102.816773) can0 0000F001#0000000000000000
(1779322102.817751) can0 18FF28F4#10320000020D0000
(1779322102.818736) can0 18FE28F4#0CD60CD340400000
(1779322102.819754) can0 18FD28F4#1702FA6F00000000
(1779322102.820685) can0 4D4#000032007D0D0203
(1779322102.821648) can0 4D5#D30CD60C40400000
(1779322102.822729) can0 18914010#0CD6100CD3050000
(1779322102.823742) can0 18904010#020D020D753001FA
(1779322102.824742) can0 18FA28F4#123EA12C10270000
(1779322102.825723) can0 18FB28F4#D60CD30C40400000
(1779322102.826755) can0 18FC28F4#383200000D020000
(1779322102.827723) can0 18F810F3#0D02E80332640100
(1779322102.828787) can0 18F815F3#0000000010030000
(1779322102.829652) can0 273#000000000D023200
(1779322102.830653) can0 1E1#020D271001FA01FA
(1779322102.831685) can0 1F5#0000000000000000
(1779322102.832768) can0 0800A6A9#0000000000000000
(1779322102.833713) can0 1000A6A9#0D028813324A4A4A
(1779322102.834762) can0 1C00A6A9#0000000000030000
(1779322102.835761) can0 02018100#1003020D00000000
(1779322102.836794) can0 02028100#0000003264000000
(1779322102.837736) can0 02038100#0CD601100CD30105
(1779322102.838755) can0 02048100#4A01014A01010000
(1779322102.839634) can0 1AD#8714000059321818
(1779322102.840634) can0 2AD#D60C800C87140016
(1779322102.841661) can0 3AD#0000000000008714
(1779322102.842679) can0 4AD#EB00000000000000
(1779322102.843672) can0 76A#7F00000000000000
(1779322102.906305) can0 0000E005#1702440003B60591
(1779322102.906841) can0 1806E5F4#13CC010003B6023A
(1779322102.907746) can0 0000E000#13CC13CC020D0000
(1779322102.908745) can0 0000E004#181803B603B601E1
(1779322102.909727) can0 0000E006#0CD50CD50CD50CD5
(1779322102.910727) can0 0000E007#0CD30CD50CD50CD5
(1779322102.911721) can0 0000E008#0CD50CD50CD50CD5
(1779322102.912721) can0 0000E009#0CD50CD50CD50CD6
(1779322102.913804) can0 0000E010#0000000000000000
(1779322102.914764) can0 0000E011#0000000000000000
(1779322102.915753) can0 0000E012#0CD4000200000000
(1779322102.916765) can0 0000F001#0000000000000000
(1779322102.917746) can0 18FF28F4#10320000020D0000
(1779322102.918726) can0 18FE28F4#0CD60CD340400000
(1779322102.919746) can0 18FD28F4#1702FA6F00000000
(1779322102.920664) can0 4D4#000032007D0D0203
(1779322102.921676) can0 4D5#D30CD60C40400000
(1779322102.922722) can0 18914010#0CD6100CD3050000
(1779322102.923740) can0 18904010#020D020D753001FA
(1779322102.924740) can0 18FA28F4#123EA12C10270000
(1779322102.925734) can0 18FB28F4#D60CD30C40400000
(1779322102.926765) can0 18FC28F4#383200000D020000
(1779322102.927734) can0 18F810F3#0D02E80332640100
(1779322102.928767) can0 18F815F3#0000000010030000
(1779322102.929696) can0 273#000000000D023200
(1779322102.930645) can0 1E1#020D271001FA01FA
(1779322102.931677) can0 1F5#0000000000000000
(1779322102.932760) can0 0800A6A9#0000000000000000
(1779322102.933721) can0 1000A6A9#0D028813324A4A4A
(1779322102.934754) can0 1C00A6A9#0000000000030000
(1779322102.935754) can0 02018100#1003020D00000000
(1779322102.936753) can0 02028100#0000003264000000
(1779322102.937734) can0 02038100#0CD601100CD30105
(1779322102.938743) can0 02048100#4A01014A01010000
(1779322102.939632) can0 1AD#8714000059321818
(1779322102.940645) can0 2AD#D60C800C87140016
(1779322102.941658) can0 3AD#0000000000008714
(1779322102.942666) can0 4AD#EB00000000000000
(1779322102.943664) can0 76A#7F00000000000000
(1779322103.006346) can0 0000E005#1702440003B60591
(1779322103.006899) can0 1806E5F4#13CC010003B6023A
(1779322103.007751) can0 0000E000#13CC13CC020D0000
(1779322103.008732) can0 0000E004#181803B603B601E1
(1779322103.009719) can0 0000E006#0CD50CD50CD50CD5
(1779322103.010713) can0 0000E007#0CD30CD50CD50CD5
(1779322103.011707) can0 0000E008#0CD50CD50CD50CD5
(1779322103.012712) can0 0000E009#0CD50CD50CD50CD6
(1779322103.013777) can0 0000E010#0000000000000000
(1779322103.014757) can0 0000E011#0000000000000000
(1779322103.015749) can0 0000E012#0CD4000200000000
(1779322103.016771) can0 0000F001#0000000000000000
(1779322103.017752) can0 18FF28F4#10320000020D0000
(1779322103.018733) can0 18FE28F4#0CD60CD340400000
(1779322103.019751) can0 18FD28F4#1702FA6F00000000
(1779322103.020648) can0 4D4#000032007D0D0203
(1779322103.021635) can0 4D5#D30CD60C40400000
(1779322103.022726) can0 18914010#0CD6100CD3050000
(1779322103.023723) can0 18904010#020D020D753001FA
(1779322103.024745) can0 18FA28F4#123EA12C10270000
(1779322103.025726) can0 18FB28F4#D60CD30C40400000
(1779322103.026758) can0 18FC28F4#383200000D020000
(1779322103.027716) can0 18F810F3#0D02E80332640100
(1779322103.028752) can0 18F815F3#0000000010030000
(1779322103.029656) can0 273#000000000D023200
(1779322103.030637) can0 1E1#020D271001FA01FA
(1779322103.031674) can0 1F5#0000000000000000
(1779322103.032746) can0 0800A6A9#0000000000000000
(1779322103.033714) can0 1000A6A9#0D028813324A4A4A
(1779322103.034745) can0 1C00A6A9#0000000000030000
(1779322103.035754) can0 02018100#1003020D00000000
(1779322103.036752) can0 02028100#0000003264000000
(1779322103.037739) can0 02038100#0CD601100CD30105
(1779322103.038733) can0 02048100#4A01014A01010000
(1779322103.039627) can0 1AD#8714000059321818
(1779322103.040631) can0 2AD#D60C800C87140016
(1779322103.041643) can0 3AD#0000000000008714
(1779322103.042657) can0 4AD#EB00000000000000
(1779322103.043669) can0 76A#7F00000000000000
(1779322103.123329) can0 0000E005#1702440003B60591
(1779322103.123886) can0 1806E5F4#13CC010003B6023A
(1779322103.124744) can0 0000E000#13CC13CC020D0000
(1779322103.125724) can0 0000E004#181803B603B601E1
(1779322103.126705) can0 0000E006#0CD50CD50CD50CD5
(1779322103.127699) can0 0000E007#0CD50CD30CD50CD5
(1779322103.128727) can0 0000E008#0CD50CD50CD50CD5
(1779322103.129711) can0 0000E009#0CD50CD50CD50CD6
(1779322103.130756) can0 0000E010#0000000000000000
(1779322103.131756) can0 0000E011#0000000000000000
(1779322103.132738) can0 0000E012#0CD5000200000000
(1779322103.133706) can0 0000E013#4542323630354C43
(1779322103.134738) can0 0000E014#3134323300000000
(1779322103.135750) can0 0000E015#0000000000000003
(1779322103.136774) can0 0000F000#0000000000000000
(1779322103.137763) can0 0000F001#0000000000000000
(1779322103.138745) can0 18FF28F4#10320000020D0000
(1779322103.139725) can0 18FE28F4#0CD60CD340400000
(1779322103.140740) can0 18FD28F4#1702FA6F00000000
(1779322103.141642) can0 4D4#000032007D0D0203
(1779322103.142623) can0 4D5#D30CD60C40400000
(1779322103.143718) can0 18914010#0CD6100CD3060000
(1779322103.144751) can0 18904010#020D020D753001FA
(1779322103.145750) can0 18924010#4001400100000000
(1779322103.146732) can0 18934010#000000790000BC19
(1779322103.147744) can0 18944010#1003000000000000
(1779322103.148752) can0 18954010#0000000000000000
(1779322103.149770) can0 18954010#0100000000000000
(1779322103.150751) can0 18954010#0200000000000000
(1779322103.151750) can0 18954010#0300000000000000
(1779322103.152798) can0 18954010#0400000000000000
(1779322103.153751) can0 18954010#0500000000000000
(1779322103.154745) can0 18964010#0040404000000000
(1779322103.155758) can0 18974010#0000000000000000
(1779322103.156739) can0 18984010#0000000000000000
(1779322103.157720) can0 18FA28F4#123EA12C10270000
(1779322103.158720) can0 18FB28F4#D60CD30C40400000
(1779322103.159752) can0 18FC28F4#383200000D020000
(1779322103.160760) can0 18F810F3#0D02E80332640100
(1779322103.161726) can0 18F811F3#D60C1001D30C0601
(1779322103.162726) can0 18F812F3#4001014001010000
(1779322103.163752) can0 18F813F3#0101000000000000
(1779322103.164717) can0 18F814F3#3200EA1AA9015F00
(1779322103.165752) can0 18F815F3#0000000010030000
(1779322103.166650) can0 273#000000000D023200
(1779322103.167630) can0 1E1#020D271001FA01FA
(1779322103.168662) can0 1F5#0000000000000000
(1779322103.169759) can0 0800A6A9#0000000000000000
(1779322103.170708) can0 1000A6A9#0D028813324A4A4A
(1779322103.171732) can0 1C00A6A9#0000000000030000
(1779322103.172745) can0 02018100#1003020D00000000
(1779322103.173752) can0 02028100#0000003264000000
(1779322103.174733) can0 02038100#0CD601100CD30106
(1779322103.175727) can0 02048100#4A01014A01010000
(1779322103.176623) can0 1AD#8814000059321818
(1779322103.177643) can0 2AD#D60C800C88140016
(1779322103.178664) can0 3AD#0000000000008814
(1779322103.179656) can0 4AD#EB00000000000000
(1779322103.180656) can0 76A#7F00000000000000
(1779322103.239290) can0 0000E005#1702440003B60591
(1779322103.239833) can0 1806E5F4#13CC010003B6023A
(1779322103.240736) can0 0000E000#13CC13CC020D0000
(1779322103.241725) can0 0000E004#181803B603B601E1
(1779322103.242717) can0 0000E006#0CD50CD50CD50CD5
(1779322103.243710) can0 0000E007#0CD50CD30CD50CD5
(1779322103.244711) can0 0000E008#0CD50CD50CD50CD5
(1779322103.245705) can0 0000E009#0CD50CD50CD50CD6
(1779322103.246756) can0 0000E010#0000000000000000
(1779322103.247755) can0 0000E011#0000000000000000
(1779322103.248736) can0 0000E012#0CD5000200000000
(1779322103.249749) can0 0000F001#0000000000000000
(1779322103.250750) can0 18FF28F4#10320000020D0000
(1779322103.251718) can0 18FE28F4#0CD60CD340400000
(1779322103.252730) can0 18FD28F4#1702FA6F00000000
(1779322103.253642) can0 4D4#000032007D0D0203
(1779322103.254629) can0 4D5#D30CD60C40400000
(1779322103.255724) can0 18914010#0CD6100CD3060000
(1779322103.256724) can0 18904010#020D020D753001FA
(1779322103.257719) can0 18FA28F4#123EA12C10270000
(1779322103.258724) can0 18FB28F4#D60CD30C40400000
(1779322103.259750) can0 18FC28F4#383200000D020000
(1779322103.260718) can0 18F810F3#0D02E80332640100
(1779322103.261750) can0 18F815F3#0000000010030000
(1779322103.262648) can0 273#000000000D023200
(1779322103.263628) can0 1E1#020D271001FA01FA
(1779322103.264660) can0 1F5#0000000000000000
(1779322103.265734) can0 0800A6A9#0000000000000000
(1779322103.266706) can0 1000A6A9#0D028813324A4A4A
(1779322103.267737) can0 1C00A6A9#0000000000030000
(1779322103.268738) can0 02018100#1003020D00000000
(1779322103.269746) can0 02028100#0000003264000000
(1779322103.270719) can0 02038100#0CD601100CD30106
(1779322103.271731) can0 02048100#4A01014A01010000
(1779322103.272629) can0 1AD#8814000059321818
(1779322103.273641) can0 2AD#D60C800C88140016
(1779322103.274655) can0 3AD#0000000000008814
(1779322103.275654) can0 4AD#EB00000000000000
(1779322103.276649) can0 76A#7F00000000000000
(1779322103.339287) can0 0000E005#1702440003B60591
(1779322103.339843) can0 1806E5F4#13CC010003B6023A
(1779322103.340728) can0 0000E000#13CC13CC020D0000
(1779322103.341728) can0 0000E004#181803B603B601E1
(1779322103.342708) can0 0000E006#0CD50CD50CD50CD5
(1779322103.343709) can0 0000E007#0CD50CD30CD50CD5
(1779322103.344702) can0 0000E008#0CD50CD50CD50CD5
(1779322103.345702) can0 0000E009#0CD50CD50CD50CD6
(1779322103.346748) can0 0000E010#0000000000000000
(1779322103.347747) can0 0000E011#0000000000000000
(1779322103.348728) can0 0000E012#0CD5000200000000
(1779322103.349760) can0 0000F001#0000000000000000
(1779322103.350739) can0 18FF28F4#10320000020D0000
(1779322103.351728) can0 18FE28F4#0CD60CD340400000
(1779322103.352723) can0 18FD28F4#1702FA6F00000000
(1779322103.353639) can0 4D4#000032007D0D0203
(1779322103.354619) can0 4D5#D30CD60C40400000
(1779322103.355723) can0 18914010#0CD6100CD3060000
(1779322103.356722) can0 18904010#020D020D753001FA
(1779322103.357715) can0 18FA28F4#123EA12C10270000
(1779322103.358716) can0 18FB28F4#D60CD30C40400000
(1779322103.359761) can0 18FC28F4#383200000D020000
(1779322103.360710) can0 18F810F3#0D02E80332640100
(1779322103.361742) can0 18F815F3#0000000010030000
(1779322103.362640) can0 273#000000000D023200
(1779322103.363627) can0 1E1#020D271001FA01FA
(1779322103.364659) can0 1F5#0000000000000000
(1779322103.365735) can0 0800A6A9#0000000000000000
(1779322103.366702) can0 1000A6A9#0D028813324A4A4A
(1779322103.367768) can0 1C00A6A9#0000000000030000
(1779322103.368748) can0 02018100#1003020D00000000
(1779322103.369749) can0 02028100#0000003264000000
(1779322103.370730) can0 02038100#0CD601100CD30106
(1779322103.371723) can0 02048100#4A01014A01010000
(1779322103.372627) can0 1AD#8814000059321818
(1779322103.373640) can0 2AD#D60C800C88140016
(1779322103.374648) can0 3AD#0000000000008814
(1779322103.375678) can0 4AD#EB00000000000000
(1779322103.376647) can0 76A#7F00000000000000
(1779322103.439331) can0 0000E005#1702440003B60591
(1779322103.439889) can0 1806E5F4#13CC010003B6023A
(1779322103.440726) can0 0000E000#13CC13CC020D0000
(1779322103.441726) can0 0000E004#181803B603B601E1
(1779322103.442707) can0 0000E006#0CD50CD50CD50CD3
(1779322103.443701) can0 0000E007#0CD50CD30CD50CD5
(1779322103.444733) can0 0000E008#0CD50CD50CD50CD3
(1779322103.445701) can0 0000E009#0CD50CD50CD50CD6
(1779322103.446746) can0 0000E010#0000000000000000
(1779322103.447742) can0 0000E011#0000000000000000
(1779322103.448727) can0 0000E012#0CD4000200000000
(1779322103.449746) can0 0000F001#0000000000000000
(1779322103.450747) can0 18FF28F4#10320000020D0000
(1779322103.451705) can0 18FE28F4#0CD60CD340400000
(1779322103.452759) can0 18FD28F4#1702FA6F00000000
(1779322103.453638) can0 4D4#000032007D0D0203
(1779322103.454625) can0 4D5#D30CD60C40400000
(1779322103.455720) can0 18914010#0CD6100CD3040000
(1779322103.456714) can0 18904010#020D020D753001FA
(1779322103.457714) can0 18FA28F4#123EA12C10270000
(1779322103.458715) can0 18FB28F4#D60CD30C40400000
(1779322103.459743) can0 18FC28F4#383200000D020000
(1779322103.460747) can0 18F810F3#0D02E80332640100
(1779322103.461740) can0 18F815F3#0000000010030000
(1779322103.462645) can0 273#000000000D023200
(1779322103.463624) can0 1E1#020D271001FA01FA
(1779322103.464657) can0 1F5#0000000000000000
(1779322103.465734) can0 0800A6A9#0000000000000000
(1779322103.466702) can0 1000A6A9#0D028813324A4A4A
(1779322103.467734) can0 1C00A6A9#0000000000030000
(1779322103.468778) can0 02018100#1003020D00000000
(1779322103.469728) can0 02028100#0000003264000000
(1779322103.470728) can0 02038100#0CD601100CD30104
(1779322103.471721) can0 02048100#4A01014A01010000
(1779322103.472606) can0 1AD#8714000059321818
(1779322103.473619) can0 2AD#D60C800C87140016
(1779322103.474633) can0 3AD#0000000000008714
(1779322103.475645) can0 4AD#EB00000000000000
(1779322103.476645) can0 76A#7F00000000000000
(1779322103.539296) can0 0000E005#1702440003B60591
(1779322103.539835) can0 1806E5F4#13CC010003B6023A
(1779322103.540718) can0 0000E000#13CC13CC020D0000
(1779322103.541718) can0 0000E004#181803B603B601E1
(1779322103.542700) can0 0000E006#0CD50CD50CD50CD3
(1779322103.543699) can0 0000E007#0CD50CD30CD50CD5
(1779322103.544694) can0 0000E008#0CD50CD50CD50CD3
(1779322103.545744) can0 0000E009#0CD50CD50CD50CD6
(1779322103.546744) can0 0000E010#0000000000000000
(1779322103.547738) can0 0000E011#0000000000000000
(1779322103.548720) can0 0000E012#0CD4000200000000
(1779322103.549750) can0 0000F001#0000000000000000
(1779322103.550731) can0 18FF28F4#10320000020D0000
(1779322103.551712) can0 18FE28F4#0CD60CD340400000
(1779322103.552731) can0 18FD28F4#1702FA6F00000000
(1779322103.553629) can0 4D4#000032007D0D0203
(1779322103.554610) can0 4D5#D30CD60C40400000
(1779322103.555718) can0 18914010#0CD6100CD3040000
(1779322103.556694) can0 18904010#020D020D753001FA
(1779322103.557712) can0 18FA28F4#123EA12C10270000
(1779322103.558713) can0 18FB28F4#D60CD30C40400000
(1779322103.559726) can0 18FC28F4#383200000D020000
(1779322103.560687) can0 18F810F3#0D02E80332640100
(1779322103.561739) can0 18F815F3#0000000010030000
(1779322103.562624) can0 273#000000000D023200
(1779322103.563624) can0 1E1#020D271001FA01FA
(1779322103.564656) can0 1F5#0000000000000000
(1779322103.565732) can0 0800A6A9#0000000000000000
(1779322103.566700) can0 1000A6A9#0D028813324A4A4A
(1779322103.567726) can0 1C00A6A9#0000000000030000
(1779322103.568726) can0 02018100#1003020D00000000
(1779322103.569726) can0 02028100#0000003264000000
(1779322103.570720) can0 02038100#0CD601100CD30104
(1779322103.571720) can0 02048100#4A01014A01010000
(1779322103.572598) can0 1AD#8714000059321818
(1779322103.573618) can0 2AD#D60C800C87140016
(1779322103.574644) can0 3AD#0000000000008714
(1779322103.575643) can0 4AD#EB00000000000000
(1779322103.576637) can0 76A#7F00000000000000
(1779322103.656302) can0 0000E005#1702440003B60591
(1779322103.656827) can0 1806E5F4#13CC010003B6023A
(1779322103.657717) can0 0000E000#13CC13CC020D0000
(1779322103.658708) can0 0000E004#181803B603B601E1
(1779322103.659698) can0 0000E006#0CD50CD50CD50CD5
(1779322103.660692) can0 0000E007#0CD50CD50CD50CD5
(1779322103.661692) can0 0000E008#0CD50CD50CD50CD3
(1779322103.662692) can0 0000E009#0CD50CD50CD50CD5
(1779322103.663736) can0 0000E010#0000000000000000
(1779322103.664737) can0 0000E011#0000000000000000
(1779322103.665717) can0 0000E012#0CD4000100000000
(1779322103.666687) can0 0000E013#4542323630354C43
(1779322103.667731) can0 0000E014#3134323300000000
(1779322103.668731) can0 0000E015#0000000000000003
(1779322103.669743) can0 0000F000#0000000000000000
(1779322103.670738) can0 0000F001#0000000000000000
(1779322103.671725) can0 18FF28F4#10320000020D0000
(1779322103.672712) can0 18FE28F4#0CD50CD340400000
(1779322103.673724) can0 18FD28F4#1702FA6F00000000
(1779322103.674619) can0 4D4#000032007D0D0203
(1779322103.675641) can0 4D5#D30CD50C40400000
(1779322103.676706) can0 18914010#0CD5010CD30C0000
(1779322103.677699) can0 18904010#020D020D753001FA
(1779322103.678732) can0 18924010#4001400100000000
(1779322103.679712) can0 18934010#0000007A0000BC19
(1779322103.680731) can0 18944010#1003000000000000
(1779322103.681743) can0 18954010#0000000000000000
(1779322103.682738) can0 18954010#0100000000000000
(1779322103.683769) can0 18954010#0200000000000000
(1779322103.684738) can0 18954010#0300000000000000
(1779322103.685732) can0 18954010#0400000000000000
(1779322103.686732) can0 18954010#0500000000000000
(1779322103.687731) can0 18964010#0040404000000000
(1779322103.688738) can0 18974010#0000000000000000
(1779322103.689718) can0 18984010#0000000000000000
(1779322103.690700) can0 18FA28F4#123EA12C10270000
(1779322103.691744) can0 18FB28F4#D50CD30C40400000
(1779322103.692725) can0 18FC28F4#383200000D020000
(1779322103.693693) can0 18F810F3#0D02E80332640100
(1779322103.694702) can0 18F811F3#D50C0101D30C0C01
(1779322103.695719) can0 18F812F3#4001014001010000
(1779322103.696732) can0 18F813F3#0101000000000000
(1779322103.697713) can0 18F814F3#3200EA1AA9015F00
(1779322103.698726) can0 18F815F3#0000000010030000
(1779322103.699629) can0 273#000000000D023200
(1779322103.700623) can0 1E1#020D271001FA01FA
(1779322103.701636) can0 1F5#0000000000000000
(1779322103.702733) can0 0800A6A9#0000000000000000
(1779322103.703681) can0 1000A6A9#0D028813324A4A4A
(1779322103.704726) can0 1C00A6A9#0000000000030000
(1779322103.705724) can0 02018100#1003020D00000000
(1779322103.706726) can0 02028100#0000003264000000
(1779322103.707707) can0 02038100#0CD501010CD3010C
(1779322103.708707) can0 02048100#4A01014A01010000
(1779322103.709602) can0 1AD#8714000059321818
(1779322103.710605) can0 2AD#D50C800C87140016
(1779322103.711636) can0 3AD#0000000000008714
(1779322103.712637) can0 4AD#EB00000000000000
(1779322103.713630) can0 76A#7F00000000000000
(1779322103.772309) can0 0000E005#1702440003B60591
(1779322103.772821) can0 1806E5F4#13CC010003B6023A
(1779322103.773723) can0 0000E000#13CC13CC020D0000
(1779322103.774698) can0 0000E004#181803B603B601E1
(1779322103.775685) can0 0000E006#0CD50CD50CD50CD5
(1779322103.776684) can0 0000E007#0CD50CD50CD50CD5
(1779322103.777697) can0 0000E008#0CD50CD50CD50CD3
(1779322103.778678) can0 0000E009#0CD50CD50CD50CD5
(1779322103.779741) can0 0000E010#0000000000000000
(1779322103.780742) can0 0000E011#0000000000000000
(1779322103.781723) can0 0000E012#0CD4000100000000
(1779322103.782736) can0 0000F001#0000000000000000
(1779322103.783723) can0 18FF28F4#10320000020D0000
(1779322103.784704) can0 18FE28F4#0CD50CD340400000
(1779322103.785717) can0 18FD28F4#1702FA6F00000000
(1779322103.786614) can0 4D4#000032007D0D0203
(1779322103.787602) can0 4D5#D30CD50C40400000
(1779322103.788698) can0 18914010#0CD5010CD30C0000
(1779322103.789698) can0 18904010#020D020D753001FA
(1779322103.790706) can0 18FA28F4#123EA12C10270000
(1779322103.791691) can0 18FB28F4#D50CD30C40400000
(1779322103.792724) can0 18FC28F4#383200000D020000
(1779322103.793692) can0 18F810F3#0D02E80332640100
(1779322103.794737) can0 18F815F3#0000000010030000
(1779322103.795621) can0 273#000000000D023200
(1779322103.796621) can0 1E1#020D271001FA01FA
(1779322103.797634) can0 1F5#0000000000000000
(1779322103.798729) can0 0800A6A9#0000000000000000
(1779322103.799679) can0 1000A6A9#0D028813324A4A4A
(1779322103.800711) can0 1C00A6A9#0000000000030000
(1779322103.801724) can0 02018100#1003020D00000000
(1779322103.802718) can0 02028100#0000003264000000
(1779322103.803705) can0 02038100#0CD501010CD3010C
(1779322103.804705) can0 02048100#4A01014A01010000
(1779322103.805603) can0 1AD#8714000059321818
(1779322103.806603) can0 2AD#D50C800C87140016
(1779322103.807629) can0 3AD#0000000000008714
(1779322103.808628) can0 4AD#EB00000000000000
(1779322103.809641) can0 76A#7F00000000000000
(1779322103.872313) can0 0000E005#1702440003B60591
(1779322103.872874) can0 1806E5F4#13CC010003B6023A
(1779322103.873708) can0 0000E000#13CC13CC020D0000
(1779322103.874709) can0 0000E004#181803B603B601E1
(1779322103.875687) can0 0000E006#0CD50CD50CD50CD5
(1779322103.876689) can0 0000E007#0CD50CD50CD50CD5
(1779322103.877689) can0 0000E008#0CD50CD50CD50CD3
(1779322103.878690) can0 0000E009#0CD50CD50CD50CD5
(1779322103.879734) can0 0000E010#0000000000000000
(1779322103.880734) can0 0000E011#0000000000000000
(1779322103.881715) can0 0000E012#0CD4000100000000
(1779322103.882747) can0 0000F001#0000000000000000
(1779322103.883709) can0 18FF28F4#10320000020D0000
(1779322103.884696) can0 18FE28F4#0CD50CD340400000
(1779322103.885709) can0 18FD28F4#1702FA6F00000000
(1779322103.886626) can0 4D4#000032007D0D0203
(1779322103.887590) can0 4D5#D30CD50C40400000
(1779322103.888690) can0 18914010#0CD5010CD30C0000
(1779322103.889703) can0 18904010#020D020D753001FA
(1779322103.890715) can0 18FA28F4#123EA12C10270000
(1779322103.891702) can0 18FB28F4#D50CD30C40400000
(1779322103.892716) can0 18FC28F4#383200000D020000
(1779322103.893696) can0 18F810F3#0D02E80332640100
(1779322103.894729) can0 18F815F3#0000000010030000
(1779322103.895611) can0 273#000000000D023200
(1779322103.896614) can0 1E1#020D271001FA01FA
(1779322103.897645) can0 1F5#0000000000000000
(1779322103.898742) can0 0800A6A9#0000000000000000
(1779322103.899665) can0 1000A6A9#0D028813324A4A4A
(1779322103.900703) can0 1C00A6A9#0000000000030000
(1779322103.901715) can0 02018100#1003020D00000000
(1779322103.902716) can0 02028100#0000003264000000
(1779322103.903697) can0 02038100#0CD501010CD3010C
(1779322103.904697) can0 02048100#4A01014A01010000
(1779322103.905595) can0 1AD#8714000059321818
(1779322103.906627) can0 2AD#D50C800C87140016
(1779322103.907620) can0 3AD#0000000000008714
(1779322103.908621) can0 4AD#EB00000000000000
(1779322103.909634) can0 76A#7F00000000000000
(1779322103.972317) can0 0000E005#1702440003B60591
(1779322103.972829) can0 1806E5F4#13CC010003B6023A
(1779322103.973711) can0 0000E000#13CC13CC020D0000
(1779322103.974703) can0 0000E004#181803B603B601E1
(1779322103.975701) can0 0000E006#0CD50CD30CD50CD3
(1779322103.976682) can0 0000E007#0CD50CD50CD50CD5
(1779322103.977682) can0 0000E008#0CD50CD50CD50CD5
(1779322103.978662) can0 0000E009#0CD30CD50CD50CD6
(1779322103.979726) can0 0000E010#0000000000000000
(1779322103.980722) can0 0000E011#0000000000000000
(1779322103.981707) can0 0000E012#0CD4000200000000
(1779322103.982726) can0 0000F001#0000000000000000
(1779322103.983752) can0 18FF28F4#10320000020D0000
(1779322103.984684) can0 18FE28F4#0CD60CD340400000
(1779322103.985701) can0 18FD28F4#1702FA6F00000000
(1779322103.986618) can0 4D4#000032007D0D0203
(1779322103.987605) can0 4D5#D30CD60C40400000
(1779322103.988701) can0 18914010#0CD6100CD3020000
(1779322103.989695) can0 18904010#020D020D753001FA
(1779322103.990695) can0 18FA28F4#123EA12C10270000
(1779322103.991727) can0 18FB28F4#D60CD30C40400000
(1779322103.992723) can0 18FC28F4#383200000D020000
(1779322103.993689) can0 18F810F3#0D02E80332640100
(1779322103.994721) can0 18F815F3#0000000010030000
(1779322103.995625) can0 273#000000000D023200
(1779322103.996603) can0 1E1#020D271001FA01FA
(1779322103.997638) can0 1F5#0000000000000000
(1779322103.998714) can0 0800A6A9#0000000000000000
(1779322103.999727) can0 1000A6A9#0D028813324A4A4A
(1779322104.000715) can0 1C00A6A9#0000000000030000
(1779322104.001708) can0 02018100#1003020D00000000
(1779322104.002709) can0 02028100#0000003264000000
(1779322104.003708) can0 02038100#0CD601100CD30102
(1779322104.004700) can0 02048100#4A01014A01010000
(1779322104.005586) can0 1AD#8714000059321818
(1779322104.006600) can0 2AD#D60C800C87140016
(1779322104.007612) can0 3AD#0000000000008714
(1779322104.008624) can0 4AD#EB00000000000000
(1779322104.009625) can0 76A#7F00000000000000
(1779322104.072255) can0 0000E005#1702440003B60591
(1779322104.072801) can0 1806E5F4#13CC010003B6023A
(1779322104.073699) can0 0000E000#13CC13CC020D0000
(1779322104.074699) can0 0000E004#181803B603B601E1
(1779322104.075679) can0 0000E006#0CD50CD30CD50CD3
(1779322104.076731) can0 0000E007#0CD50CD50CD50CD5
(1779322104.077673) can0 0000E008#0CD50CD50CD50CD5
(1779322104.078674) can0 0000E009#0CD30CD50CD50CD6
(1779322104.079725) can0 0000E010#0000000000000000
(1779322104.080724) can0 0000E011#0000000000000000
(1779322104.081700) can0 0000E012#0CD4000200000000
(1779322104.082720) can0 0000F001#0000000000000000
(1779322104.083719) can0 18FF28F4#10320000020D0000
(1779322104.084686) can0 18FE28F4#0CD60CD340400000
(1779322104.085700) can0 18FD28F4#1702FA6F00000000
(1779322104.086616) can0 4D4#000032007D0D0203
(1779322104.087597) can0 4D5#D30CD60C40400000
(1779322104.088692) can0 18914010#0CD6100CD3020000
(1779322104.089689) can0 18904010#020D020D753001FA
(1779322104.090694) can0 18FA28F4#123EA12C10270000
(1779322104.091687) can0 18FB28F4#D60CD30C40400000
(1779322104.092719) can0 18FC28F4#383200000D020000
(1779322104.093682) can0 18F810F3#0D02E80332640100
(1779322104.094719) can0 18F815F3#0000000010030000
(1779322104.095616) can0 273#000000000D023200
(1779322104.096597) can0 1E1#020D271001FA01FA
(1779322104.097630) can0 1F5#0000000000000000
(1779322104.098714) can0 0800A6A9#0000000000000000
(1779322104.099675) can0 1000A6A9#0D028813324A4A4A
(1779322104.100706) can0 1C00A6A9#0000000000030000
(1779322104.101720) can0 02018100#1003020D00000000
(1779322104.102719) can0 02028100#0000003264000000
(1779322104.103700) can0 02038100#0CD601100CD30102
(1779322104.104700) can0 02048100#4A01014A01010000
(1779322104.105577) can0 1AD#8714000059321818
(1779322104.106598) can0 2AD#D60C800C87140016
(1779322104.107611) can0 3AD#0000000000008714
(1779322104.108623) can0 4AD#EB00000000000000
(1779322104.109617) can0 76A#7F00000000000000
(1779322104.189246) can0 0000E005#1702440003B60591
(1779322104.189800) can0 1806E5F4#13CC010003B6023A
(1779322104.190704) can0 0000E000#13CC13CC020D0000
(1779322104.191678) can0 0000E004#181803B603B601E1
(1779322104.192666) can0 0000E006#0CD50CD30CD30CD5
(1779322104.193685) can0 0000E007#0CD50CD50CD50CD5
(1779322104.194679) can0 0000E008#0CD50CD50CD50CD3
(1779322104.195656) can0 0000E009#0CD50CD50CD50CD6
(1779322104.196723) can0 0000E010#0000000000000000
(1779322104.197725) can0 0000E011#0000000000000000
(1779322104.198705) can0 0000E012#0CD4000200000000
(1779322104.199672) can0 0000E013#4542323630354C43
(1779322104.200706) can0 0000E014#3134323300000000
(1779322104.201718) can0 0000E015#0000000000000003
(1779322104.202718) can0 0000F000#0000000000000000
(1779322104.203710) can0 0000F001#0000000000000000
(1779322104.204711) can0 18FF28F4#10320000020D0000
(1779322104.205679) can0 18FE28F4#0CD60CD340400000
(1779322104.206724) can0 18FD28F4#1702FA6F00000000
(1779322104.207605) can0 4D4#000032007D0D0203
(1779322104.208596) can0 4D5#D30CD60C40400000
(1779322104.209692) can0 18914010#0CD6100CD3020000
(1779322104.210686) can0 18904010#020D020D753001FA
(1779322104.211705) can0 18924010#4001400100000000
(1779322104.212699) can0 18934010#0000007B0000BC19
(1779322104.213699) can0 18944010#1003000000000000
(1779322104.214745) can0 18954010#0000000000000000
(1779322104.215726) can0 18954010#0100000000000000
(1779322104.216711) can0 18954010#0200000000000000
(1779322104.217712) can0 18954010#0300000000000000
(1779322104.218705) can0 18954010#0400000000000000
(1779322104.219702) can0 18954010#0500000000000000
(1779322104.220705) can0 18964010#0040404000000000
(1779322104.221718) can0 18974010#0000000000000000
(1779322104.222750) can0 18984010#0000000000000000
(1779322104.223680) can0 18FA28F4#123EA12C10270000
(1779322104.224680) can0 18FB28F4#D60CD30C40400000
(1779322104.225706) can0 18FC28F4#383200000D020000
(1779322104.226674) can0 18F810F3#0D02E80332640100
(1779322104.227680) can0 18F811F3#D60C1001D30C0201
(1779322104.228699) can0 18F812F3#4001014001010000
(1779322104.229712) can0 18F813F3#0101000000000000
(1779322104.230726) can0 18F814F3#3200EA1AA9015F00
(1779322104.231706) can0 18F815F3#0000000010030000
(1779322104.232610) can0 273#000000000D023200
(1779322104.233604) can0 1E1#020D271001FA01FA
(1779322104.234617) can0 1F5#0000000000000000
(1779322104.235712) can0 0800A6A9#0000000000000000
(1779322104.236662) can0 1000A6A9#0D028813324A4A4A
(1779322104.237712) can0 1C00A6A9#0000000000030000
(1779322104.238707) can0 02018100#1003020D00000000
(1779322104.239704) can0 02028100#0000003264000000
(1779322104.240687) can0 02038100#0CD601100CD30102
(1779322104.241687) can0 02048100#4A01014A01010000
(1779322104.242592) can0 1AD#8714000059321818
(1779322104.243582) can0 2AD#D60C800C87140016
(1779322104.244604) can0 3AD#0000000000008714
(1779322104.245617) can0 4AD#EB00000000000000
(1779322104.246618) can0 76A#7F00000000000000
(1779322104.305333) can0 0000E005#1702440003B60591
(1779322104.305845) can0 1806E5F4#13CC010003B6023A
(1779322104.306697) can0 0000E000#13CC13CC020D0000
(1779322104.307729) can0 0000E004#181803B603B601E1
(1779322104.308661) can0 0000E006#0CD50CD30CD30CD5
(1779322104.309677) can0 0000E007#0CD50CD50CD50CD5
(1779322104.310678) can0 0000E008#0CD50CD50CD50CD3
(1779322104.311671) can0 0000E009#0CD50CD50CD50CD6
(1779322104.312717) can0 0000E010#0000000000000000
(1779322104.313716) can0 0000E011#0000000000000000
(1779322104.314704) can0 0000E012#0CD4000200000000
(1779322104.315716) can0 0000F001#0000000000000000
(1779322104.316697) can0 18FF28F4#10320000020D0000
(1779322104.317678) can0 18FE28F4#0CD60CD340400000
(1779322104.318691) can0 18FD28F4#1702FA6F00000000
(1779322104.319595) can0 4D4#000032007D0D0203
(1779322104.320593) can0 4D5#D30CD60C40400000
(1779322104.321691) can0 18914010#0CD6100CD3020000
(1779322104.322691) can0 18904010#020D020D753001FA
(1779322104.323685) can0 18FA28F4#123EA12C10270000
(1779322104.324677) can0 18FB28F4#D60CD30C40400000
(1779322104.325698) can0 18FC28F4#383200000D020000
(1779322104.326678) can0 18F810F3#0D02E80332640100
(1779322104.327711) can0 18F815F3#0000000010030000
(1779322104.328595) can0 273#000000000D023200
(1779322104.329595) can0 1E1#020D271001FA01FA
(1779322104.330627) can0 1F5#0000000000000000
(1779322104.331704) can0 0800A6A9#0000000000000000
(1779322104.332653) can0 1000A6A9#0D028813324A4A4A
(1779322104.333704) can0 1C00A6A9#0000000000030000
(1779322104.334699) can0 02018100#1003020D00000000
(1779322104.335696) can0 02028100#0000003264000000
(1779322104.336698) can0 02038100#0CD601100CD30102
(1779322104.337691) can0 02048100#4A01014A01010000
(1779322104.338576) can0 1AD#8714000059321818
(1779322104.339590) can0 2AD#D60C800C87140016
(1779322104.340602) can0 3AD#0000000000008714
(1779322104.341615) can0 4AD#EB00000000000000
(1779322104.342615) can0 76A#7F00000000000000
(1779322104.405338) can0 0000E005#1702440003B60591
(1779322104.405843) can0 1806E5F4#13CC010003B6023A
(1779322104.406695) can0 0000E000#13CC13CC020D0000
(1779322104.407676) can0 0000E004#181803B603B601E1
(1779322104.408658) can0 0000E006#0CD50CD30CD30CD5
(1779322104.409656) can0 0000E007#0CD50CD50CD50CD5
(1779322104.410657) can0 0000E008#0CD50CD50CD50CD3
(1779322104.411656) can0 0000E009#0CD50CD50CD50CD6
(1779322104.412721) can0 0000E010#0000000000000000
(1779322104.413715) can0 0000E011#0000000000000000
(1779322104.414703) can0 0000E012#0CD4000200000000
(1779322104.415714) can0 0000F001#0000000000000000
(1779322104.416689) can0 18FF28F4#10320000020D0000
(1779322104.417676) can0 18FE28F4#0CD60CD340400000
(1779322104.418696) can0 18FD28F4#1702FA6F00000000
(1779322104.419593) can0 4D4#000032007D0D0203
(1779322104.420569) can0 4D5#D30CD60C40400000
(1779322104.421689) can0 18914010#0CD6100CD3020000
(1779322104.422671) can0 18904010#020D020D753001FA
(1779322104.423683) can0 18FA28F4#123EA12C10270000
(1779322104.424664) can0 18FB28F4#D60CD30C40400000
(1779322104.425696) can0 18FC28F4#383200000D020000
(1779322104.426665) can0 18F810F3#0D02E80332640100
(1779322104.427708) can0 18F815F3#0000000010030000
(1779322104.428590) can0 273#000000000D023200
(1779322104.429613) can0 1E1#020D271001FA01FA
(1779322104.430607) can0 1F5#0000000000000000
(1779322104.431703) can0 0800A6A9#0000000000000000
(1779322104.432651) can0 1000A6A9#0D028813324A4A4A
(1779322104.433683) can0 1C00A6A9#0000000000030000
(1779322104.434696) can0 02018100#1003020D00000000
(1779322104.435696) can0 02028100#0000003264000000
(1779322104.436677) can0 02038100#0CD601100CD30102
(1779322104.437709) can0 02048100#4A01014A01010000
(1779322104.438575) can0 1AD#8714000059321818
(1779322104.439575) can0 2AD#D60C800C87140016
(1779322104.440599) can0 3AD#0000000000008714
(1779322104.441613) can0 4AD#EB00000000000000
(1779322104.442614) can0 76A#7F00000000000000
(1779322104.505225) can0 0000E005#1702440003B60591
(1779322104.505781) can0 1806E5F4#13CC010003B6023A
(1779322104.506706) can0 0000E000#13CC13CC020D0000
(1779322104.507674) can0 0000E004#181803B603B601E1
(1779322104.508655) can0 0000E006#0CD50CD50CD50CD5
(1779322104.509668) can0 0000E007#0CD50CD50CD50CD5
(1779322104.510668) can0 0000E008#0CD50CD50CD50CD5
(1779322104.511668) can0 0000E009#0CD50CD50CD50CD6
(1779322104.512712) can0 0000E010#0000000000000000
(1779322104.513708) can0 0000E011#0000000000000000
(1779322104.514707) can0 0000E012#0CD5000000000000
(1779322104.515706) can0 0000F001#0000000000000000
(1779322104.516694) can0 18FF28F4#10320000020D0000
(1779322104.517671) can0 18FE28F4#0CD60CD540400000
(1779322104.518688) can0 18FD28F4#1702FA6F00000000
(1779322104.519605) can0 4D4#000032007D0D0203
(1779322104.520585) can0 4D5#D50CD60C40400000
(1779322104.521668) can0 18914010#0CD6100CD5010000
(1779322104.522714) can0 18904010#020D020D753001FA
(1779322104.523681) can0 18FA28F4#123EA12C10270000
(1779322104.524675) can0 18FB28F4#D60CD50C40400000
(1779322104.525686) can0 18FC28F4#383200000D020000
(1779322104.526656) can0 18F810F3#0D02E80332640100
(1779322104.527707) can0 18F815F3#0000000010030000
(1779322104.528592) can0 273#000000000D023200
(1779322104.529582) can0 1E1#020D271001FA01FA
(1779322104.530650) can0 1F5#0000000000000000
(1779322104.531701) can0 0800A6A9#0000000000000000
(1779322104.532663) can0 1000A6A9#0D028813324A4A4A
(1779322104.533694) can0 1C00A6A9#0000000000030000
(1779322104.534695) can0 02018100#1003020D00000000
(1779322104.535694) can0 02028100#0000003264000000
(1779322104.536675) can0 02038100#0CD601100CD50101
(1779322104.537680) can0 02048100#4A01014A01010000
(1779322104.538586) can0 1AD#8814000059321818
(1779322104.539586) can0 2AD#D60C800C88140016
(1779322104.540599) can0 3AD#0000000000008814
(1779322104.541603) can0 4AD#EB00000000000000
(1779322104.542606) can0 76A#7F00000000000000
(1779322104.605269) can0 0000E005#1702440003B60591
(1779322104.605833) can0 1806E5F4#13CC010003B6023A
(1779322104.606685) can0 0000E000#13CC13CC020D0000
(1779322104.607717) can0 0000E004#181803B603B601E1
(1779322104.608654) can0 0000E006#0CD50CD50CD50CD5
(1779322104.609666) can0 0000E007#0CD50CD50CD50CD5
(1779322104.610661) can0 0000E008#0CD50CD50CD50CD5
(1779322104.611647) can0 0000E009#0CD50CD50CD50CD6
(1779322104.612711) can0 0000E010#0000000000000000
(1779322104.613711) can0 0000E011#0000000000000000
(1779322104.614686) can0 0000E012#0CD5000000000000
(1779322104.615756) can0 0000F001#0000000000000000
(1779322104.616686) can0 18FF28F4#10320000020D0000
(1779322104.617673) can0 18FE28F4#0CD60CD540400000
(1779322104.618687) can0 18FD28F4#1702FA6F00000000
(1779322104.619590) can0 4D4#000032007D0D0203
(1779322104.620584) can0 4D5#D50CD60C40400000
(1779322104.621667) can0 18914010#0CD6100CD5010000
(1779322104.622661) can0 18904010#020D020D753001FA
(1779322104.623680) can0 18FA28F4#123EA12C10270000
(1779322104.624661) can0 18FB28F4#D60CD50C40400000
(1779322104.625693) can0 18FC28F4#383200000D020000
(1779322104.626654) can0 18F810F3#0D02E80332640100
(1779322104.627705) can0 18F815F3#0000000010030000
(1779322104.628591) can0 273#000000000D023200
(1779322104.629591) can0 1E1#020D271001FA01FA
(1779322104.630603) can0 1F5#0000000000000000
(1779322104.631699) can0 0800A6A9#0000000000000000
(1779322104.632648) can0 1000A6A9#0D028813324A4A4A
(1779322104.633680) can0 1C00A6A9#0000000000030000
(1779322104.634692) can0 02018100#1003020D00000000
(1779322104.635693) can0 02028100#0000003264000000
(1779322104.636674) can0 02038100#0CD601100CD50101
(1779322104.637667) can0 02048100#4A01014A01010000
(1779322104.638565) can0 1AD#8814000059321818
(1779322104.639584) can0 2AD#D60C800C88140016
(1779322104.640597) can0 3AD#0000000000008814
(1779322104.641598) can0 4AD#EB00000000000000
(1779322104.642611) can0 76A#7F00000000000000
(1779322104.722229) can0 0000E005#1702440003B60591
(1779322104.722787) can0 1806E5F4#13CC010003B6023A
(1779322104.723672) can0 0000E000#13CC13CC020D0000
(1779322104.724666) can0 0000E004#181803B603B601E1
(1779322104.725652) can0 0000E006#0CD50CD30CD50CD5
(1779322104.726653) can0 0000E007#0CD30CD50CD50CD5
(1779322104.727652) can0 0000E008#0CD50CD50CD50CD5
(1779322104.728642) can0 0000E009#0CD50CD50CD50CD6
(1779322104.729710) can0 0000E010#0000000000000000
(1779322104.730691) can0 0000E011#0000000000000000
(1779322104.731679) can0 0000E012#0CD4000200000000
(1779322104.732659) can0 0000E013#4542323630354C43
(1779322104.733672) can0 0000E014#3134323300000000
(1779322104.734704) can0 0000E015#0000000000000003
(1779322104.735704) can0 0000F000#0000000000000000
(1779322104.736696) can0 0000F001#0000000000000000
(1779322104.737717) can0 18FF28F4#10320000020D0000
(1779322104.738666) can0 18FE28F4#0CD60CD340400000
(1779322104.739678) can0 18FD28F4#1702FA6F00000000
(1779322104.740592) can0 4D4#000032007D0D0203
(1779322104.741576) can0 4D5#D30CD60C40400000
(1779322104.742672) can0 18914010#0CD6100CD3020000
(1779322104.743672) can0 18904010#020D020D753001FA
(1779322104.744685) can0 18924010#4001400100000000
(1779322104.745717) can0 18934010#0000007C0000BC19
(1779322104.746685) can0 18944010#1003000000000000
(1779322104.747698) can0 18954010#0000000000000000
(1779322104.748705) can0 18954010#0100000000000000
(1779322104.749692) can0 18954010#0200000000000000
(1779322104.750692) can0 18954010#0300000000000000
(1779322104.751692) can0 18954010#0400000000000000
(1779322104.752682) can0 18954010#0500000000000000
(1779322104.753730) can0 18964010#0040404000000000
(1779322104.754699) can0 18974010#0000000000000000
(1779322104.755692) can0 18984010#0000000000000000
(1779322104.756660) can0 18FA28F4#123EA12C10270000
(1779322104.757654) can0 18FB28F4#D60CD30C40400000
(1779322104.758687) can0 18FC28F4#383200000D020000
(1779322104.759654) can0 18F810F3#0D02E80332640100
(1779322104.760660) can0 18F811F3#D60C1001D30C0201
(1779322104.761725) can0 18F812F3#4001014001010000
(1779322104.762694) can0 18F813F3#0101000000000000
(1779322104.763654) can0 18F814F3#3200EA1AA9015F00
(1779322104.764678) can0 18F815F3#0000000010030000
(1779322104.765584) can0 273#000000000D023200
(1779322104.766585) can0 1E1#020D271001FA01FA
(1779322104.767596) can0 1F5#0000000000000000
(1779322104.768693) can0 0800A6A9#0000000000000000
(1779322104.769642) can0 1000A6A9#0D028813324A4A4A
(1779322104.770674) can0 1C00A6A9#0000000000030000
(1779322104.771687) can0 02018100#1003020D00000000
(1779322104.772683) can0 02028100#0000003264000000
(1779322104.773667) can0 02038100#0CD601100CD30102
(1779322104.774668) can0 02048100#4A01014A01010000
(1779322104.775565) can0 1AD#8714000059321818
(1779322104.776561) can0 2AD#D60C800C87140016
(1779322104.777578) can0 3AD#0000000000008714
(1779322104.778591) can0 4AD#EB00000000000000
(1779322104.779591) can0 76A#7F00000000000000
(1779322104.838261) can0 0000E005#1702440003B60591
(1779322104.838824) can0 1806E5F4#13CC010003B6023A
(1779322104.839677) can0 0000E000#13CC13CC020D0000
(1779322104.840658) can0 0000E004#181803B603B601E1
(1779322104.841640) can0 0000E006#0CD50CD30CD50CD5
(1779322104.842638) can0 0000E007#0CD30CD50CD50CD5
(1779322104.843658) can0 0000E008#0CD50CD50CD50CD5
(1779322104.844638) can0 0000E009#0CD50CD50CD50CD6
(1779322104.845697) can0 0000E010#0000000000000000
(1779322104.846696) can0 0000E011#0000000000000000
(1779322104.847684) can0 0000E012#0CD4000200000000
(1779322104.848697) can0 0000F001#0000000000000000
(1779322104.849678) can0 18FF28F4#10320000020D0000
(1779322104.850659) can0 18FE28F4#0CD60CD340400000
(1779322104.851678) can0 18FD28F4#1702FA6F00000000
(1779322104.852575) can0 4D4#000032007D0D0203
(1779322104.853572) can0 4D5#D30CD60C40400000
(1779322104.854666) can0 18914010#0CD6100CD3020000
(1779322104.855652) can0 18904010#020D020D753001FA
(1779322104.856665) can0 18FA28F4#123EA12C10270000
(1779322104.857649) can0 18FB28F4#D60CD30C40400000
(1779322104.858679) can0 18FC28F4#383200000D020000
(1779322104.859646) can0 18F810F3#0D02E80332640100
(1779322104.860691) can0 18F815F3#0000000010030000
(1779322104.861576) can0 273#000000000D023200
(1779322104.862576) can0 1E1#020D271001FA01FA
(1779322104.863608) can0 1F5#0000000000000000
(1779322104.864685) can0 0800A6A9#0000000000000000
(1779322104.865634) can0 1000A6A9#0D028813324A4A4A
(1779322104.866685) can0 1C00A6A9#0000000000030000
(1779322104.867685) can0 02018100#1003020D00000000
(1779322104.868678) can0 02028100#0000003264000000
(1779322104.869659) can0 02038100#0CD601100CD30102
(1779322104.870672) can0 02048100#4A01014A01010000
(1779322104.871557) can0 1AD#8714000059321818
(1779322104.872569) can0 2AD#D60C800C87140016
(1779322104.873582) can0 3AD#0000000000008714
(1779322104.874596) can0 4AD#EB00000000000000
(1779322104.875608) can0 76A#7F00000000000000
(1779322104.938225) can0 0000E005#1702440003B60591
(1779322104.938760) can0 1806E5F4#13CC010003B6023A
(1779322104.939669) can0 0000E000#13CC13CC020D0000
(1779322104.940669) can0 0000E004#181803B603B601E1
(1779322104.941650) can0 0000E006#0CD50CD30CD50CD5
(1779322104.942646) can0 0000E007#0CD30CD50CD50CD5
(1779322104.943643) can0 0000E008#0CD50CD50CD50CD5
(1779322104.944643) can0 0000E009#0CD50CD50CD50CD6
(1779322104.945688) can0 0000E010#0000000000000000
(1779322104.946689) can0 0000E011#0000000000000000
(1779322104.947669) can0 0000E012#0CD4000200000000
(1779322104.948688) can0 0000F001#0000000000000000
(1779322104.949682) can0 18FF28F4#10320000020D0000
(1779322104.950646) can0 18FE28F4#0CD60CD340400000
(1779322104.951663) can0 18FD28F4#1702FA6F00000000
(1779322104.952580) can0 4D4#000032007D0D0203
(1779322104.953567) can0 4D5#D30CD60C40400000
(1779322104.954656) can0 18914010#0CD6100CD3020000
(1779322104.955657) can0 18904010#020D020D753001FA
(1779322104.956657) can0 18FA28F4#123EA12C10270000
(1779322104.957657) can0 18FB28F4#D60CD30C40400000
(1779322104.958683) can0 18FC28F4#383200000D020000
(1779322104.959650) can0 18F810F3#0D02E80332640100
(1779322104.960695) can0 18F815F3#0000000010030000
(1779322104.961581) can0 273#000000000D023200
(1779322104.962568) can0 1E1#020D271001FA01FA
(1779322104.963593) can0 1F5#0000000000000000
(1779322104.964676) can0 0800A6A9#0000000000000000
(1779322104.965639) can0 1000A6A9#0D028813324A4A4A
(1779322104.966670) can0 1C00A6A9#0000000000030000
(1779322104.967690) can0 02018100#1003020D00000000
(1779322104.968702) can0 02028100#0000003264000000
(1779322104.969664) can0 02038100#0CD601100CD30102
(1779322104.970664) can0 02048100#4A01014A01010000
(1779322104.971562) can0 1AD#8714000059321818
(1779322104.972561) can0 2AD#D60C800C87140016
(1779322104.973575) can0 3AD#0000000000008714
(1779322104.974590) can0 4AD#EB00000000000000
(1779322104.975582) can0 76A#7F00000000000000
(1779322105.038228) can0 0000E005#1702440003B60591
(1779322105.038769) can0 1806E5F4#13CC010003B6023A
(1779322105.039674) can0 0000E000#13CC13CC020D0000
(1779322105.040654) can0 0000E004#181803B603B601E1
(1779322105.041635) can0 0000E006#0CD50CD50CD50CD5
(1779322105.042636) can0 0000E007#0CD30CD50CD50CD5
(1779322105.043648) can0 0000E008#0CD50CD50CD50CD3
(1779322105.044635) can0 0000E009#0CD50CD50CD50CD6
(1779322105.045712) can0 0000E010#0000000000000000
(1779322105.046689) can0 0000E011#0000000000000000
(1779322105.047673) can0 0000E012#0CD4000200000000
(1779322105.048693) can0 0000F001#0000000000000000
(1779322105.049674) can0 18FF28F4#10320000020D0000
(1779322105.050651) can0 18FE28F4#0CD60CD340400000
(1779322105.051668) can0 18FD28F4#1702FA6F00000000
(1779322105.052572) can0 4D4#000032007D0D0203
(1779322105.053604) can0 4D5#D30CD60C40400000
(1779322105.054649) can0 18914010#0CD6100CD3050000
(1779322105.055649) can0 18904010#020D020D753001FA
(1779322105.056662) can0 18FA28F4#123EA12C10270000
(1779322105.057642) can0 18FB28F4#D60CD30C40400000
(1779322105.058674) can0 18FC28F4#383200000D020000
(1779322105.059643) can0 18F810F3#0D02E80332640100
(1779322105.060687) can0 18F815F3#0000000010030000
(1779322105.061624) can0 273#000000000D023200
(1779322105.062568) can0 1E1#020D271001FA01FA
(1779322105.063585) can0 1F5#0000000000000000
(1779322105.064681) can0 0800A6A9#0000000000000000
(1779322105.065630) can0 1000A6A9#0D028813324A4A4A
(1779322105.066662) can0 1C00A6A9#0000000000030000
(1779322105.067675) can0 02018100#1003020D00000000
(1779322105.068675) can0 02028100#0000003264000000
(1779322105.069707) can0 02038100#0CD601100CD30105
(1779322105.070667) can0 02048100#4A01014A01010000
(1779322105.071553) can0 1AD#8714000059321818
(1779322105.072554) can0 2AD#D60C800C87140016
(1779322105.073579) can0 3AD#0000000000008714
(1779322105.074590) can0 4AD#EB00000000000000
(1779322105.075592) can0 76A#7F00000000000000
(1779322105.138263) can0 0000E005#1702440003B60591
(1779322105.138826) can0 1806E5F4#13CC010003B6023A
(1779322105.139666) can0 0000E000#13CC13CC020D0000
(1779322105.140665) can0 0000E004#181803B603B601E1
(1779322105.141627) can0 0000E006#0CD50CD50CD50CD5
(1779322105.142647) can0 0000E007#0CD30CD50CD50CD5
(1779322105.143639) can0 0000E008#0CD50CD50CD50CD3
(1779322105.144640) can0 0000E009#0CD50CD50CD50CD6
(1779322105.145685) can0 0000E010#0000000000000000
(1779322105.146736) can0 0000E011#0000000000000000
(1779322105.147665) can0 0000E012#0CD4000200000000
(1779322105.148685) can0 0000F001#0000000000000000
(1779322105.149667) can0 18FF28F4#10320000020D0000
(1779322105.150647) can0 18FE28F4#0CD60CD340400000
(1779322105.151666) can0 18FD28F4#1702FA6F00000000
(1779322105.152583) can0 4D4#000032007D0D0203
(1779322105.153564) can0 4D5#D30CD60C40400000
(1779322105.154641) can0 18914010#0CD6100CD3050000
(1779322105.155655) can0 18904010#020D020D753001FA
(1779322105.156653) can0 18FA28F4#123EA12C10270000
(1779322105.157654) can0 18FB28F4#D60CD30C40400000
(1779322105.158667) can0 18FC28F4#383200000D020000
(1779322105.159647) can0 18F810F3#0D02E80332640100
(1779322105.160679) can0 18F815F3#0000000010030000
(1779322105.161583) can0 273#000000000D023200
(1779322105.162564) can0 1E1#020D271001FA01FA
(1779322105.163596) can0 1F5#0000000000000000
(1779322105.164673) can0 0800A6A9#0000000000000000
(1779322105.165641) can0 1000A6A9#0D028813324A4A4A
(1779322105.166674) can0 1C00A6A9#0000000000030000
(1779322105.167663) can0 02018100#1003020D00000000
(1779322105.168667) can0 02028100#0000003264000000
(1779322105.169647) can0 02038100#0CD601100CD30105
(1779322105.170661) can0 02048100#4A01014A01010000
(1779322105.171543) can0 1AD#8714000059321818
(1779322105.172566) can0 2AD#D60C800C87140016
(1779322105.173572) can0 3AD#0000000000008714
(1779322105.174585) can0 4AD#EB00000000000000
(1779322105.175584) can0 76A#7F00000000000000
(1779322105.255248) can0 0000E005#1702440003B60591
(1779322105.255805) can0 1806E5F4#13CC010003B6023A
(1779322105.256658) can0 0000E000#13CC13CC020D0000
(1779322105.257637) can0 0000E004#181803B603B601E1
(1779322105.258626) can0 0000E006#0CD50CD50CD50CD5
(1779322105.259620) can0 0000E007#0CD50CD30CD50CD5
(1779322105.260640) can0 0000E008#0CD50CD50CD50CD5
(1779322105.261629) can0 0000E009#0CD50CD50CD50CD6
(1779322105.262684) can0 0000E010#0000000000000000
(1779322105.263684) can0 0000E011#0000000000000000
(1779322105.264665) can0 0000E012#0CD5000200000000
(1779322105.265633) can0 0000E013#4542323630354C43
(1779322105.266665) can0 0000E014#3134323300000000
(1779322105.267678) can0 0000E015#0000000000000003
(1779322105.268710) can0 0000F000#0000000000000000
(1779322105.269668) can0 0000F001#0000000000000000
(1779322105.270672) can0 18FF28F4#10320000020D0000
(1779322105.271640) can0 18FE28F4#0CD60CD340400000
(1779322105.272653) can0 18FD28F4#1702FA6F00000000
(1779322105.273562) can0 4D4#000032007D0D0203
(1779322105.274551) can0 4D5#D30CD60C40400000
(1779322105.275646) can0 18914010#0CD6100CD3060000
(1779322105.276678) can0 18904010#020D020D753001FA
(1779322105.277659) can0 18924010#4001400100000000
(1779322105.278659) can0 18934010#0000007D0000BC19
(1779322105.279659) can0 18944010#1003000000000000
(1779322105.280691) can0 18954010#0000000000000000
(1779322105.281684) can0 18954010#0100000000000000
(1779322105.282673) can0 18954010#0200000000000000
(1779322105.283666) can0 18954010#0300000000000000
(1779322105.284717) can0 18954010#0400000000000000
(1779322105.285661) can0 18954010#0500000000000000
(1779322105.286660) can0 18964010#0040404000000000
(1779322105.287678) can0 18974010#0000000000000000
(1779322105.288673) can0 18984010#0000000000000000
(1779322105.289634) can0 18FA28F4#123EA12C10270000
(1779322105.290635) can0 18FB28F4#D60CD30C40400000
(1779322105.291667) can0 18FC28F4#383200000D020000
(1779322105.292679) can0 18F810F3#0D02E80332640100
(1779322105.293638) can0 18F811F3#D60C1001D30C0601
(1779322105.294654) can0 18F812F3#4001014001010000
(1779322105.295667) can0 18F813F3#0101000000000000
(1779322105.296647) can0 18F814F3#3200EA1AA9015F00
(1779322105.297657) can0 18F815F3#0000000010030000
(1779322105.298565) can0 273#000000000D023200
(1779322105.299558) can0 1E1#020D271001FA01FA
(1779322105.300634) can0 1F5#0000000000000000
(1779322105.301667) can0 0800A6A9#0000000000000000
(1779322105.302635) can0 1000A6A9#0D028813324A4A4A
(1779322105.303667) can0 1C00A6A9#0000000000030000
(1779322105.304667) can0 02018100#1003020D00000000
(1779322105.305662) can0 02028100#0000003264000000
(1779322105.306642) can0 02038100#0CD601100CD30106
(1779322105.307660) can0 02048100#4A01014A01010000
(1779322105.308546) can0 1AD#8814000059321818
(1779322105.309556) can0 2AD#D60C800C88140016
(1779322105.310572) can0 3AD#0000000000008814
(1779322105.311571) can0 4AD#EB00000000000000
(1779322105.312571) can0 76A#7F00000000000000
(1779322105.371208) can0 0000E005#1702440003B60591
(1779322105.371754) can0 1806E5F4#13CC010003B6023A
(1779322105.372651) can0 0000E000#13CC13CC020D0000
(1779322105.373651) can0 0000E004#181803B603B601E1
(1779322105.374628) can0 0000E006#0CD50CD50CD50CD5
(1779322105.375632) can0 0000E007#0CD50CD30CD50CD5
(1779322105.376631) can0 0000E008#0CD50CD50CD50CD5
(1779322105.377676) can0 0000E009#0CD50CD50CD50CD6
(1779322105.378668) can0 0000E010#0000000000000000
(1779322105.379670) can0 0000E011#0000000000000000
(1779322105.380658) can0 0000E012#0CD5000200000000
(1779322105.381671) can0 0000F001#0000000000000000
(1779322105.382671) can0 18FF28F4#10320000020D0000
(1779322105.383632) can0 18FE28F4#0CD60CD340400000
(1779322105.384652) can0 18FD28F4#1702FA6F00000000
(1779322105.385568) can0 4D4#000032007D0D0203
(1779322105.386544) can0 4D5#D30CD60C40400000
(1779322105.387645) can0 18914010#0CD6100CD3060000
(1779322105.388645) can0 18904010#020D020D753001FA
(1779322105.389639) can0 18FA28F4#123EA12C10270000
(1779322105.390636) can0 18FB28F4#D60CD30C40400000
(1779322105.391672) can0 18FC28F4#383200000D020000
(1779322105.392639) can0 18F810F3#0D02E80332640100
(1779322105.393665) can0 18F815F3#0000000010030000
(1779322105.394569) can0 273#000000000D023200
(1779322105.395549) can0 1E1#020D271001FA01FA
(1779322105.396582) can0 1F5#0000000000000000
(1779322105.397658) can0 0800A6A9#0000000000000000
(1779322105.398621) can0 1000A6A9#0D028813324A4A4A
(1779322105.399659) can0 1C00A6A9#0000000000030000
(1779322105.400671) can0 02018100#1003020D00000000
(1779322105.401671) can0 02028100#0000003264000000
(1779322105.402646) can0 02038100#0CD601100CD30106
(1779322105.403646) can0 02048100#4A01014A01010000
(1779322105.404550) can0 1AD#8814000059321818
(1779322105.405563) can0 2AD#D60C800C88140016
(1779322105.406576) can0 3AD#0000000000008814
(1779322105.407569) can0 4AD#EB00000000000000
(1779322105.408569) can0 76A#7F00000000000000
(1779322105.471211) can0 0000E005#1702440003B60591
(1779322105.471763) can0 1806E5F4#13CC010003B6023A
(1779322105.472649) can0 0000E000#13CC13CC020D0000
(1779322105.473649) can0 0000E004#181803B603B601E1
(1779322105.474630) can0 0000E006#0CD50CD50CD50CD5
(1779322105.475624) can0 0000E007#0CD50CD30CD50CD5
(1779322105.476624) can0 0000E008#0CD50CD50CD50CD5
(1779322105.477624) can0 0000E009#0CD50CD50CD50CD6
(1779322105.478669) can0 0000E010#0000000000000000
(1779322105.479669) can0 0000E011#0000000000000000
(1779322105.480649) can0 0000E012#0CD5000200000000
(1779322105.481681) can0 0000F001#0000000000000000
(1779322105.482663) can0 18FF28F4#10320000020D0000
(1779322105.483640) can0 18FE28F4#0CD60CD340400000
(1779322105.484644) can0 18FD28F4#1702FA6F00000000
(1779322105.485560) can0 4D4#000032007D0D0203
(1779322105.486548) can0 4D5#D30CD60C40400000
(1779322105.487634) can0 18914010#0CD6100CD3060000
(1779322105.488637) can0 18904010#020D020D753001FA
(1779322105.489637) can0 18FA28F4#123EA12C10270000
(1779322105.490637) can0 18FB28F4#D60CD30C40400000
(1779322105.491669) can0 18FC28F4#383200000D020000
(1779322105.492631) can0 18F810F3#0D02E80332640100
(1779322105.493663) can0 18F815F3#0000000010030000
(1779322105.494567) can0 273#000000000D023200
(1779322105.495541) can0 1E1#020D271001FA01FA
(1779322105.496580) can0 1F5#0000000000000000
(1779322105.497657) can0 0800A6A9#0000000000000000
(1779322105.498625) can0 1000A6A9#0D028813324A4A4A
(1779322105.499664) can0 1C00A6A9#0000000000030000
(1779322105.500669) can0 02018100#1003020D00000000
(1779322105.501670) can0 02028100#0000003264000000
(1779322105.502651) can0 02038100#0CD601100CD30106
(1779322105.503644) can0 02048100#4A01014A01010000
(1779322105.504548) can0 1AD#8814000059321818
(1779322105.505562) can0 2AD#D60C800C88140016
(1779322105.506555) can0 3AD#0000000000008814
(1779322105.507595) can0 4AD#EB00000000000000
(1779322105.508568) can0 76A#7F00000000000000
(1779322105.571250) can0 0000E005#1702440003B60591
(1779322105.571807) can0 1806E5F4#13CC010003B6023A
(1779322105.572639) can0 0000E000#13CC13CC020D0000
(1779322105.573642) can0 0000E004#181803B603B601E1
(1779322105.574629) can0 0000E006#0CD50CD30CD50CD5
(1779322105.575622) can0 0000E007#0CD50CD50CD50CD3
(1779322105.576641) can0 0000E008#0CD30CD50CD50CD5
(1779322105.577622) can0 0000E009#0CD50CD50CD50CD6
(1779322105.578667) can0 0000E010#0000000000000000
(1779322105.579667) can0 0000E011#0000000000000000
(1779322105.580645) can0 0000E012#0CD4000200000000
(1779322105.581660) can0 0000F001#0000000000000000
(1779322105.582661) can0 18FF28F4#10320000020D0000
(1779322105.583642) can0 18FE28F4#0CD60CD340400000
(1779322105.584668) can0 18FD28F4#1702FA6F00000000
(1779322105.585558) can0 4D4#000032007D0D0203
(1779322105.586540) can0 4D5#D30CD60C40400000
(1779322105.587635) can0 18914010#0CD6100CD3020000
(1779322105.588635) can0 18904010#020D020D753001FA
(1779322105.589636) can0 18FA28F4#123EA12C10270000
(1779322105.590636) can0 18FB28F4#D60CD30C40400000
(1779322105.591661) can0 18FC28F4#383200000D020000
(1779322105.592653) can0 18F810F3#0D02E80332640100
(1779322105.593655) can0 18F815F3#0000000010030000
(1779322105.594559) can0 273#000000000D023200
(1779322105.595553) can0 1E1#020D271001FA01FA
(1779322105.596565) can0 1F5#0000000000000000
(1779322105.597661) can0 0800A6A9#0000000000000000
(1779322105.598617) can0 1000A6A9#0D028813324A4A4A
(1779322105.599642) can0 1C00A6A9#0000000000030000
(1779322105.600707) can0 02018100#1003020D00000000
(1779322105.601656) can0 02028100#0000003264000000
(1779322105.602643) can0 02038100#0CD601100CD30102
(1779322105.603630) can0 02048100#4A01014A01010000
(1779322105.604534) can0 1AD#8714000059321818
(1779322105.605534) can0 2AD#D60C800C87140016
(1779322105.606560) can0 3AD#0000000000008714
(1779322105.607554) can0 4AD#EB00000000000000
(1779322105.608572) can0 76A#7F00000000000000
(1779322105.671187) can0 0000E005#1702440003B60591
(1779322105.671742) can0 1806E5F4#13CC010003B6023A
(1779322105.672646) can0 0000E000#13CC13CC020D0000
(1779322105.673626) can0 0000E004#181803B603B601E1
(1779322105.674608) can0 0000E006#0CD50CD30CD50CD5
(1779322105.675627) can0 0000E007#0CD50CD50CD50CD3
(1779322105.676603) can0 0000E008#0CD30CD50CD50CD5
(1779322105.677672) can0 0000E009#0CD50CD50CD50CD6
(1779322105.678672) can0 0000E010#0000000000000000
(1779322105.679665) can0 0000E011#0000000000000000
(1779322105.680643) can0 0000E012#0CD4000200000000
(1779322105.681665) can0 0000F001#0000000000000000
(1779322105.682646) can0 18FF28F4#10320000020D0000
(1779322105.683627) can0 18FE28F4#0CD60CD340400000
(1779322105.684640) can0 18FD28F4#1702FA6F00000000
(1779322105.685544) can0 4D4#000032007D0D0203
(1779322105.686545) can0 4D5#D30CD60C40400000
(1779322105.687640) can0 18914010#0CD6100CD3020000
(1779322105.688619) can0 18904010#020D020D753001FA
(1779322105.689634) can0 18FA28F4#123EA12C10270000
(1779322105.690615) can0 18FB28F4#D60CD30C40400000
(1779322105.691646) can0 18FC28F4#383200000D020000
(1779322105.692612) can0 18F810F3#0D02E80332640100
(1779322105.693660) can0 18F815F3#0000000010030000
(1779322105.694545) can0 273#000000000D023200
(1779322105.695545) can0 1E1#020D271001FA01FA
(1779322105.696576) can0 1F5#0000000000000000
(1779322105.697653) can0 0800A6A9#0000000000000000
(1779322105.698602) can0 1000A6A9#0D028813324A4A4A
(1779322105.699653) can0 1C00A6A9#0000000000030000
(1779322105.700642) can0 02018100#1003020D00000000
(1779322105.701647) can0 02028100#0000003264000000
(1779322105.702628) can0 02038100#0CD601100CD30102
(1779322105.703641) can0 02048100#4A01014A01010000
(1779322105.704522) can0 1AD#8714000059321818
(1779322105.705526) can0 2AD#D60C800C87140016
(1779322105.706552) can0 3AD#0000000000008714
(1779322105.707565) can0 4AD#EB00000000000000
(1779322105.708564) can0 76A#7F00000000000000
(1779322105.788192) can0 0000E005#1702440003B60591
(1779322105.788754) can0 1806E5F4#13CC010003B6023A
(1779322105.789638) can0 0000E000#13CC13CC020D0000
(1779322105.790631) can0 0000E004#181803B603B601E1
(1779322105.791619) can0 0000E006#0CD50CD50CD50CD5
(1779322105.792619) can0 0000E007#0CD30CD30CD50CD5
(1779322105.793613) can0 0000E008#0CD50CD50CD50CD5
(1779322105.794609) can0 0000E009#0CD50CD50CD50CD6
(1779322105.795658) can0 0000E010#0000000000000000
(1779322105.796658) can0 0000E011#0000000000000000
(1779322105.797639) can0 0000E012#0CD4000200000000
(1779322105.798607) can0 0000E013#4542323630354C43
(1779322105.799658) can0 0000E014#3134323300000000
(1779322105.800652) can0 0000E015#0000000000000003
(1779322105.801671) can0 0000F000#0000000000000000
(1779322105.802648) can0 0000F001#0000000000000000
(1779322105.803645) can0 18FF28F4#10320000020D0000
(1779322105.804633) can0 18FE28F4#0CD60CD340400000
(1779322105.805626) can0 18FD28F4#1702FA6F00000000
(1779322105.806542) can0 4D4#000032007D0D0203
(1779322105.807563) can0 4D5#D30CD60C40400000
(1779322105.808626) can0 18914010#0CD6100CD3050000
(1779322105.809620) can0 18904010#020D020D753001FA
(1779322105.810640) can0 18924010#4001400100000000
(1779322105.811633) can0 18934010#0000007E0000BC19
(1779322105.812652) can0 18944010#1003000000000000
(1779322105.813665) can0 18954010#0000000000000000
(1779322105.814663) can0 18954010#0100000000000000
(1779322105.815678) can0 18954010#0200000000000000
(1779322105.816646) can0 18954010#0300000000000000
(1779322105.817659) can0 18954010#0400000000000000
(1779322105.818640) can0 18954010#0500000000000000
(1779322105.819653) can0 18964010#0040404000000000
(1779322105.820652) can0 18974010#0000000000000000
(1779322105.821646) can0 18984010#0000000000000000
(1779322105.822628) can0 18FA28F4#123EA12C10270000
(1779322105.823659) can0 18FB28F4#D60CD30C40400000
(1779322105.824640) can0 18FC28F4#383200000D020000
(1779322105.825621) can0 18F810F3#0D02E80332640100
(1779322105.826633) can0 18F811F3#D60C1001D30C0501
(1779322105.827634) can0 18F812F3#4001014001010000
(1779322105.828647) can0 18F813F3#0101000000000000
(1779322105.829627) can0 18F814F3#3200EA1AA9015F00
(1779322105.830651) can0 18F815F3#0000000010030000
(1779322105.831589) can0 273#000000000D023200
(1779322105.832538) can0 1E1#020D271001FA01FA
(1779322105.833564) can0 1F5#0000000000000000
(1779322105.834646) can0 0800A6A9#0000000000000000
(1779322105.835609) can0 1000A6A9#0D028813324A4A4A
(1779322105.836641) can0 1C00A6A9#0000000000030000
(1779322105.837653) can0 02018100#1003020D00000000
(1779322105.838649) can0 02028100#0000003264000000
(1779322105.839622) can0 02038100#0CD601100CD30105
(1779322105.840634) can0 02048100#4A01014A01010000
(1779322105.841519) can0 1AD#8714000059321818
(1779322105.842527) can0 2AD#D60C800C87140016
(1779322105.843552) can0 3AD#0000000000008714
(1779322105.844565) can0 4AD#EB00000000000000
(1779322105.845565) can0 76A#7F00000000000000
(1779322105.904176) can0 0000E005#1702440003B60591
(1779322105.904740) can0 1806E5F4#13CC010003B6023A
(1779322105.905638) can0 0000E000#13CC13CC020D0000
(1779322105.906625) can0 0000E004#181803B603B601E1
(1779322105.907598) can0 0000E006#0CD50CD50CD50CD5
(1779322105.908650) can0 0000E007#0CD30CD30CD50CD5
(1779322105.909619) can0 0000E008#0CD50CD50CD50CD5
(1779322105.910600) can0 0000E009#0CD50CD50CD50CD6
(1779322105.911662) can0 0000E010#0000000000000000
(1779322105.912644) can0 0000E011#0000000000000000
(1779322105.913644) can0 0000E012#0CD4000200000000
(1779322105.914657) can0 0000F001#0000000000000000
(1779322105.915644) can0 18FF28F4#10320000020D0000
(1779322105.916625) can0 18FE28F4#0CD60CD340400000
(1779322105.917638) can0 18FD28F4#1702FA6F00000000
(1779322105.918542) can0 4D4#000032007D0D0203
(1779322105.919515) can0 4D5#D30CD60C40400000
(1779322105.920619) can0 18914010#0CD6100CD3050000
(1779322105.921619) can0 18904010#020D020D753001FA
(1779322105.922632) can0 18FA28F4#123EA12C10270000
(1779322105.923607) can0 18FB28F4#D60CD30C40400000
(1779322105.924644) can0 18FC28F4#383200000D020000
(1779322105.925613) can0 18F810F3#0D02E80332640100
(1779322105.926658) can0 18F815F3#0000000010030000
(1779322105.927542) can0 273#000000000D023200
(1779322105.928543) can0 1E1#020D271001FA01FA
(1779322105.929556) can0 1F5#0000000000000000
(1779322105.930653) can0 0800A6A9#0000000000000000
(1779322105.931601) can0 1000A6A9#0D028813324A4A4A
(1779322105.932632) can0 1C00A6A9#0000000000030000
(1779322105.933646) can0 02018100#1003020D00000000
(1779322105.934646) can0 02028100#0000003264000000
(1779322105.935624) can0 02038100#0CD601100CD30105
(1779322105.936626) can0 02048100#4A01014A01010000
(1779322105.937524) can0 1AD#8714000059321818
(1779322105.938524) can0 2AD#D60C800C87140016
(1779322105.939550) can0 3AD#0000000000008714
(1779322105.940550) can0 4AD#EB00000000000000
(1779322105.941563) can0 76A#7F00000000000000
(1779322106.004241) can0 0000E005#1702440003B60591
(1779322106.004793) can0 1806E5F4#13CC010003B6023A
(1779322106.005629) can0 0000E000#13CC13CC020D0000
(1779322106.006630) can0 0000E004#181803B603B601E1
(1779322106.007610) can0 0000E006#0CD50CD50CD50CD5
(1779322106.008604) can0 0000E007#0CD30CD30CD50CD5
(1779322106.009605) can0 0000E008#0CD50CD50CD50CD5
(1779322106.010605) can0 0000E009#0CD50CD50CD50CD6
(1779322106.011649) can0 0000E010#0000000000000000
(1779322106.012649) can0 0000E011#0000000000000000
(1779322106.013629) can0 0000E012#0CD4000200000000
(1779322106.014663) can0 0000F001#0000000000000000
(1779322106.015643) can0 18FF28F4#10320000020D0000
(1779322106.016611) can0 18FE28F4#0CD60CD340400000
(1779322106.017624) can0 18FD28F4#1702FA6F00000000
(1779322106.018547) can0 4D4#000032007D0D0203
(1779322106.019528) can0 4D5#D30CD60C40400000
(1779322106.020621) can0 18914010#0CD6100CD3050000
(1779322106.021617) can0 18904010#020D020D753001FA
(1779322106.022637) can0 18FA28F4#123EA12C10270000
(1779322106.023618) can0 18FB28F4#D60CD30C40400000
(1779322106.024650) can0 18FC28F4#383200000D020000
(1779322106.025618) can0 18F810F3#0D02E80332640100
(1779322106.026644) can0 18F815F3#0000000010030000
(1779322106.027547) can0 273#000000000D023200
(1779322106.028528) can0 1E1#020D271001FA01FA
(1779322106.029560) can0 1F5#0000000000000000
(1779322106.030657) can0 0800A6A9#0000000000000000
(1779322106.031605) can0 1000A6A9#0D028813324A4A4A
(1779322106.032636) can0 1C00A6A9#0000000000030000
(1779322106.033637) can0 02018100#1003020D00000000
(1779322106.034650) can0 02028100#0000003264000000
(1779322106.035612) can0 02038100#0CD601100CD30105
(1779322106.036631) can0 02048100#4A01014A01010000
(1779322106.037509) can0 1AD#8714000059321818
(1779322106.038561) can0 2AD#D60C800C87140016
(1779322106.039541) can0 3AD#0000000000008714
(1779322106.040552) can0 4AD#EB00000000000000
(1779322106.041549) can0 76A#7F00000000000000
(1779322106.104180) can0 0000E005#1702440003B60591
(1779322106.104743) can0 1806E5F4#13CC010003B6023A
(1779322106.105625) can0 0000E000#13CC13CC020D0000
(1779322106.106609) can0 0000E004#181803B603B601E1
(1779322106.107622) can0 0000E006#0CD50CD50CD50CD5
(1779322106.108590) can0 0000E007#0CD30CD30CD50CD5
(1779322106.109602) can0 0000E008#0CD50CD50CD50CD5
(1779322106.110584) can0 0000E009#0CD30CD30CD50CD6
(1779322106.111647) can0 0000E010#0000000000000000
(1779322106.112647) can0 0000E011#0000000000000000
(1779322106.113624) can0 0000E012#0CD4000200000000
(1779322106.114648) can0 0000F001#0000000000000000
(1779322106.115660) can0 18FF28F4#10320000020D0000
(1779322106.116609) can0 18FE28F4#0CD60CD340400000
(1779322106.117616) can0 18FD28F4#1702FA6F00000000
(1779322106.118539) can0 4D4#000032007D0D0203
(1779322106.119526) can0 4D5#D30CD60C40400000
(1779322106.120622) can0 18914010#0CD6100CD3050000
(1779322106.121616) can0 18904010#020D020D753001FA
(1779322106.122616) can0 18FA28F4#123EA12C10270000
(1779322106.123648) can0 18FB28F4#D60CD30C40400000
(1779322106.124629) can0 18FC28F4#383200000D020000
(1779322106.125609) can0 18F810F3#0D02E80332640100
(1779322106.126642) can0 18F815F3#0000000010030000
(1779322106.127546) can0 273#000000000D023200
(1779322106.128527) can0 1E1#020D271001FA01FA
(1779322106.129549) can0 1F5#0000000000000000
(1779322106.130636) can0 0800A6A9#0000000000000000
(1779322106.131636) can0 1000A6A9#0D028813324A4A4A
(1779322106.132636) can0 1C00A6A9#0000000000030000
(1779322106.133629) can0 02018100#1003020D00000000
(1779322106.134630) can0 02028100#0000003264000000
(1779322106.135611) can0 02038100#0CD601100CD30105
(1779322106.136623) can0 02048100#4A01014A01010000
(1779322106.137503) can0 1AD#8714000059321818
(1779322106.138521) can0 2AD#D60C800C87140016
(1779322106.139585) can0 3AD#0000000000008714
(1779322106.140546) can0 4AD#EB00000000000000
(1779322106.141541) can0 76A#7F00000000000000
(1779322106.204164) can0 0000E005#1702440003B60591
(1779322106.204722) can0 1806E5F4#13CC010003B6023A
(1779322106.205626) can0 0000E000#13CC13CC020D0000
(1779322106.206607) can0 0000E004#181803B603B601E1
(1779322106.207587) can0 0000E006#0CD50CD50CD50CD5
(1779322106.208639) can0 0000E007#0CD30CD30CD50CD5
(1779322106.209600) can0 0000E008#0CD50CD50CD50CD5
(1779322106.210582) can0 0000E009#0CD30CD30CD50CD6
(1779322106.211652) can0 0000E010#0000000000000000
(1779322106.212645) can0 0000E011#0000000000000000
(1779322106.213627) can0 0000E012#0CD4000200000000
(1779322106.214638) can0 0000F001#0000000000000000
(1779322106.215627) can0 18FF28F4#10320000020D0000
(1779322106.216658) can0 18FE28F4#0CD60CD340400000
(1779322106.217620) can0 18FD28F4#1702FA6F00000000
(1779322106.218544) can0 4D4#000032007D0D0203
(1779322106.219524) can0 4D5#D30CD60C40400000
(1779322106.220601) can0 18914010#0CD6100CD3050000
(1779322106.221602) can0 18904010#020D020D753001FA
(1779322106.222614) can0 18FA28F4#123EA12C10270000
(1779322106.223595) can0 18FB28F4#D60CD30C40400000
(1779322106.224627) can0 18FC28F4#383200000D020000
(1779322106.225595) can0 18F810F3#0D02E80332640100
(1779322106.226637) can0 18F815F3#0000000010030000
(1779322106.227524) can0 273#000000000D023200
(1779322106.228525) can0 1E1#020D271001FA01FA
(1779322106.229557) can0 1F5#0000000000000000
(1779322106.230634) can0 0800A6A9#0000000000000000
(1779322106.231601) can0 1000A6A9#0D028813324A4A4A
(1779322106.232634) can0 1C00A6A9#0000000000030000
(1779322106.233627) can0 02018100#1003020D00000000
(1779322106.234629) can0 02028100#0000003264000000
(1779322106.235608) can0 02038100#0CD601100CD30105
(1779322106.236621) can0 02048100#4A01014A01010000
(1779322106.237501) can0 1AD#8714000059321818
(1779322106.238519) can0 2AD#D60C800C87140016
(1779322106.239532) can0 3AD#0000000000008714
(1779322106.240544) can0 4AD#EB00000000000000
(1779322106.241544) can0 76A#7F00000000000000
(1779322106.321169) can0 0000E005#1702440003B60591
(1779322106.321728) can0 1806E5F4#13CC010003B6023A
(1779322106.322632) can0 0000E000#13CC13CC020D0000
(1779322106.323621) can0 0000E004#181803B603B601E1
(1779322106.324597) can0 0000E006#0CD50CD50CD30CD3
(1779322106.325592) can0 0000E007#0CD30CD30CD50CD5
(1779322106.326594) can0 0000E008#0CD50CD50CD50CD3
(1779322106.327588) can0 0000E009#0CD50CD50CD50CD6
(1779322106.328655) can0 0000E010#0000000000000000
(1779322106.329633) can0 0000E011#0000000000000000
(1779322106.330634) can0 0000E012#0CD4000200000000
(1779322106.331594) can0 0000E013#4542323630354C43
(1779322106.332626) can0 0000E014#3134323300000000
(1779322106.333639) can0 0000E015#0000000000000003
(1779322106.334640) can0 0000F000#0000000000000000
(1779322106.335635) can0 0000F001#0000000000000000
(1779322106.336620) can0 18FF28F4#10320000020D0000
(1779322106.337601) can0 18FE28F4#0CD60CD340400000
(1779322106.338633) can0 18FD28F4#1702FA6F00000000
(1779322106.339529) can0 4D4#000032007D0D0203
(1779322106.340518) can0 4D5#D30CD60C40400000
(1779322106.341614) can0 18914010#0CD6100CD3030000
(1779322106.342614) can0 18904010#020D020D753001FA
(1779322106.343627) can0 18924010#4001400100000000
(1779322106.344627) can0 18934010#0000007F0000BC19
(1779322106.345620) can0 18944010#1003000000000000
(1779322106.346684) can0 18954010#0000000000000000
(1779322106.347635) can0 18954010#0100000000000000
(1779322106.348633) can0 18954010#0200000000000000
(1779322106.349634) can0 18954010#0300000000000000
(1779322106.350635) can0 18954010#0400000000000000
(1779322106.351628) can0 18954010#0500000000000000
(1779322106.352627) can0 18964010#0040404000000000
(1779322106.353641) can0 18974010#0000000000000000
(1779322106.354672) can0 18984010#0000000000000000
(1779322106.355602) can0 18FA28F4#123EA12C10270000
(1779322106.356602) can0 18FB28F4#D60CD30C40400000
(1779322106.357628) can0 18FC28F4#383200000D020000
(1779322106.358596) can0 18F810F3#0D02E80332640100
(1779322106.359605) can0 18F811F3#D60C1001D30C0301
(1779322106.360622) can0 18F812F3#4001014001010000
(1779322106.361634) can0 18F813F3#0101000000000000
(1779322106.362648) can0 18F814F3#3200EA1AA9015F00
(1779322106.363623) can0 18F815F3#0000000010030000
(1779322106.364532) can0 273#000000000D023200
(1779322106.365513) can0 1E1#020D271001FA01FA
(1779322106.366539) can0 1F5#0000000000000000
(1779322106.367635) can0 0800A6A9#0000000000000000
(1779322106.368583) can0 1000A6A9#0D028813324A4A4A
(1779322106.369615) can0 1C00A6A9#0000000000030000
(1779322106.370628) can0 02018100#1003020D00000000
(1779322106.371622) can0 02028100#0000003264000000
(1779322106.372609) can0 02038100#0CD601100CD30103
(1779322106.373609) can0 02048100#4A01014A01010000
(1779322106.374513) can0 1AD#8714000059321818
(1779322106.375507) can0 2AD#D60C800C87140016
(1779322106.376526) can0 3AD#0000000000008714
(1779322106.377539) can0 4AD#EB00000000000000
(1779322106.378540) can0 76A#7F00000000000000
(1779322106.437213) can0 0000E005#1702440003B60591
(1779322106.437772) can0 1806E5F4#13CC010003B6023A
(1779322106.438613) can0 0000E000#13CC13CC020D0000
(1779322106.439657) can0 0000E004#181803B603B601E1
(1779322106.440586) can0 0000E006#0CD50CD50CD30CD3
(1779322106.441586) can0 0000E007#0CD30CD30CD50CD5
(1779322106.442587) can0 0000E008#0CD50CD50CD50CD3
(1779322106.443586) can0 0000E009#0CD50CD50CD50CD6
(1779322106.444626) can0 0000E010#0000000000000000
(1779322106.445632) can0 0000E011#0000000000000000
(1779322106.446613) can0 0000E012#0CD4000200000000
(1779322106.447676) can0 0000F001#0000000000000000
(1779322106.448626) can0 18FF28F4#10320000020D0000
(1779322106.449606) can0 18FE28F4#0CD60CD340400000
(1779322106.450620) can0 18FD28F4#1702FA6F00000000
(1779322106.451524) can0 4D4#000032007D0D0203
(1779322106.452503) can0 4D5#D30CD60C40400000
(1779322106.453600) can0 18914010#0CD6100CD3030000
(1779322106.454601) can0 18904010#020D020D753001FA
(1779322106.455613) can0 18FA28F4#123EA12C10270000
(1779322106.456595) can0 18FB28F4#D60CD30C40400000
(1779322106.457626) can0 18FC28F4#383200000D020000
(1779322106.458594) can0 18F810F3#0D02E80332640100
(1779322106.459626) can0 18F815F3#0000000010030000
(1779322106.460523) can0 273#000000000D023200
(1779322106.461524) can0 1E1#020D271001FA01FA
(1779322106.462537) can0 1F5#0000000000000000
(1779322106.463632) can0 0800A6A9#0000000000000000
(1779322106.464580) can0 1000A6A9#0D028813324A4A4A
(1779322106.465613) can0 1C00A6A9#0000000000030000
(1779322106.466626) can0 02018100#1003020D00000000
(1779322106.467626) can0 02028100#0000003264000000
(1779322106.468604) can0 02038100#0CD601100CD30103
(1779322106.469607) can0 02048100#4A01014A01010000
(1779322106.470505) can0 1AD#8714000059321818
(1779322106.471499) can0 2AD#D60C800C87140016
(1779322106.472530) can0 3AD#0000000000008714
(1779322106.473530) can0 4AD#EB00000000000000
(1779322106.474544) can0 76A#7F00000000000000
(1779322106.537206) can0 0000E005#1702440003B60591
(1779322106.537759) can0 1806E5F4#13CC010003B6023A
(1779322106.538617) can0 0000E000#13CC13CC020D0000
(1779322106.539598) can0 0000E004#181803B603B601E1
(1779322106.540578) can0 0000E006#0CD50CD50CD30CD3
(1779322106.541575) can0 0000E007#0CD30CD30CD50CD5
(1779322106.542578) can0 0000E008#0CD50CD50CD50CD3
(1779322106.543579) can0 0000E009#0CD50CD50CD50CD6
(1779322106.544642) can0 0000E010#0000000000000000
(1779322106.545636) can0 0000E011#0000000000000000
(1779322106.546624) can0 0000E012#0CD4000200000000
(1779322106.547636) can0 0000F001#0000000000000000
(1779322106.548617) can0 18FF28F4#10320000020D0000
(1779322106.549599) can0 18FE28F4#0CD60CD340400000
(1779322106.550618) can0 18FD28F4#1702FA6F00000000
(1779322106.551515) can0 4D4#000032007D0D0203
(1779322106.552496) can0 4D5#D30CD60C40400000
(1779322106.553608) can0 18914010#0CD6100CD3030000
(1779322106.554592) can0 18904010#020D020D753001FA
(1779322106.555604) can0 18FA28F4#123EA12C10270000
(1779322106.556585) can0 18FB28F4#D60CD30C40400000
(1779322106.557618) can0 18FC28F4#383200000D020000
(1779322106.558586) can0 18F810F3#0D02E80332640100
(1779322106.559617) can0 18F815F3#0000000010030000
(1779322106.560515) can0 273#000000000D023200
(1779322106.561515) can0 1E1#020D271001FA01FA
(1779322106.562528) can0 1F5#0000000000000000
(1779322106.563624) can0 0800A6A9#0000000000000000
(1779322106.564573) can0 1000A6A9#0D028813324A4A4A
(1779322106.565600) can0 1C00A6A9#0000000000030000
(1779322106.566618) can0 02018100#1003020D00000000
(1779322106.567618) can0 02028100#0000003264000000
(1779322106.568599) can0 02038100#0CD601100CD30103
(1779322106.569631) can0 02048100#4A01014A01010000
(1779322106.570497) can0 1AD#8714000059321818
(1779322106.571496) can0 2AD#D60C800C87140016
(1779322106.572522) can0 3AD#0000000000008714
(1779322106.573516) can0 4AD#EB00000000000000
(1779322106.574535) can0 76A#7F00000000000000
(1779322106.597441) can0 00000E00#00354C4331343233
(1779322106.637159) can0 0000E005#1702440003B60591
(1779322106.637718) can0 1806E5F4#13CC010003B6023A
(1779322106.638621) can0 0000E000#13CC13CC020D0000
(1779322106.639603) can0 0000E004#181803B603B601E1
(1779322106.640583) can0 0000E006#0CD50CD50CD30CD5
(1779322106.641583) can0 0000E007#0CD30CD30CD50CD5
(1779322106.642577) can0 0000E008#0CD50CD50CD50CD3
(1779322106.643577) can0 0000E009#0CD50CD50CD50CD6
(1779322106.644621) can0 0000E010#0000000000000000
(1779322106.645619) can0 0000E011#0000000000000000
(1779322106.646635) can0 0000E012#0CD4000200000000
(1779322106.647635) can0 0000F001#0000000000000000
(1779322106.648616) can0 18FF28F4#10320000020D0000
(1779322106.649596) can0 18FE28F4#0CD60CD340400000
(1779322106.650610) can0 18FD28F4#1702FA6F00000000
(1779322106.651513) can0 4D4#000032007D0D0203
(1779322106.652494) can0 4D5#D30CD60C40400000
(1779322106.653590) can0 18914010#0CD6100CD3030000
(1779322106.654623) can0 18904010#020D020D753001FA
(1779322106.655603) can0 18FA28F4#123EA12C10270000
(1779322106.656584) can0 18FB28F4#D60CD30C40400000
(1779322106.657612) can0 18FC28F4#383200000D020000
(1779322106.658585) can0 18F810F3#0D02E80332640100
(1779322106.659616) can0 18F815F3#0000000010030000
(1779322106.660514) can0 273#000000000D023200
(1779322106.661494) can0 1E1#020D271001FA01FA
(1779322106.662581) can0 1F5#0000000000000000
(1779322106.663623) can0 0800A6A9#0000000000000000
(1779322106.664571) can0 1000A6A9#0D028813324A4A4A
(1779322106.665603) can0 1C00A6A9#0000000000030000
(1779322106.666617) can0 02018100#1003020D00000000
(1779322106.667617) can0 02028100#0000003264000000
(1779322106.668598) can0 02038100#0CD601100CD30103
(1779322106.669597) can0 02048100#4A01014A01010000
(1779322106.670546) can0 1AD#8714000059321818
(1779322106.671495) can0 2AD#D60C800C87140016
(1779322106.672518) can0 3AD#0000000000008714
(1779322106.673524) can0 4AD#EB00000000000000
(1779322106.674528) can0 76A#7F00000000000000
(1779322106.737202) can0 0000E005#1702440003B60591
(1779322106.737760) can0 1806E5F4#13CC010003B6023A
(1779322106.738601) can0 0000E000#13CC13CC020D0000
(1779322106.739632) can0 0000E004#181803B603B601E1
(1779322106.740581) can0 0000E006#0CD50CD50CD30CD5
(1779322106.741582) can0 0000E007#0CD30CD30CD50CD5
(1779322106.742578) can0 0000E008#0CD50CD50CD50CD3
(1779322106.743575) can0 0000E009#0CD50CD50CD50CD6
(1779322106.744620) can0 0000E010#0000000000000000
(1779322106.745620) can0 0000E011#0000000000000000
(1779322106.746602) can0 0000E012#0CD4000200000000
(1779322106.747684) can0 0000F001#0000000000000000
(1779322106.748613) can0 18FF28F4#10320000020D0000
(1779322106.749582) can0 18FE28F4#0CD60CD340400000
(1779322106.750595) can0 18FD28F4#1702FA6F00000000
(1779322106.751511) can0 4D4#000032007D0D0203
(1779322106.752499) can0 4D5#D30CD60C40400000
(1779322106.753595) can0 18914010#0CD6100CD3030000
(1779322106.754587) can0 18904010#020D020D753001FA
(1779322106.755639) can0 18FA28F4#123EA12C10270000
(1779322106.756588) can0 18FB28F4#D60CD30C40400000
(1779322106.757620) can0 18FC28F4#383200000D020000
(1779322106.758578) can0 18F810F3#0D02E80332640100
(1779322106.759614) can0 18F815F3#0000000010030000
(1779322106.760518) can0 273#000000000D023200
(1779322106.761499) can0 1E1#020D271001FA01FA
(1779322106.762532) can0 1F5#0000000000000000
(1779322106.763608) can0 0800A6A9#0000000000000000
(1779322106.764576) can0 1000A6A9#0D028813324A4A4A
(1779322106.765608) can0 1C00A6A9#0000000000030000
(1779322106.766617) can0 02018100#1003020D00000000
(1779322106.767621) can0 02028100#0000003264000000
(1779322106.768602) can0 02038100#0CD601100CD30103
(1779322106.769596) can0 02048100#4A01014A01010000
(1779322106.770495) can0 1AD#8714000059321818
(1779322106.771493) can0 2AD#D60C800C87140016
(1779322106.772506) can0 3AD#0000000000008714
(1779322106.773519) can0 4AD#EB00000000000000
(1779322106.774520) can0 76A#7F00000000000000
(1779322106.854156) can0 0000E005#1702440003B60591
(1779322106.854715) can0 1806E5F4#13CC010003B6023A
(1779322106.855600) can0 0000E000#13CC13CC020D0000
(1779322106.856590) can0 0000E004#181803B603B601E1
(1779322106.857561) can0 0000E006#0CD50CD50CD30CD5
(1779322106.858581) can0 0000E007#0CD50CD30CD50CD5
(1779322106.859574) can0 0000E008#0CD50CD50CD50CD3
(1779322106.860575) can0 0000E009#0CD50CD50CD50CD6
(1779322106.861638) can0 0000E010#0000000000000000
(1779322106.862620) can0 0000E011#0000000000000000
(1779322106.863600) can0 0000E012#0CD4000200000000
(1779322106.864568) can0 0000E013#4542323630354C43
(1779322106.865600) can0 0000E014#3134323300000000
(1779322106.866613) can0 0000E015#0000000000000003
(1779322106.867626) can0 0000F000#0000000000000000
(1779322106.868621) can0 0000F001#0000000000000000
(1779322106.869626) can0 18FF28F4#10320000020D0000
(1779322106.870594) can0 18FE28F4#0CD60CD340400000
(1779322106.871607) can0 18FD28F4#1702FA6F00000000
(1779322106.872500) can0 4D4#000032007D0D0203
(1779322106.873492) can0 4D5#D30CD60C40400000
(1779322106.874588) can0 18914010#0CD6100CD3030000
(1779322106.875581) can0 18904010#020D020D753001FA
(1779322106.876613) can0 18924010#4001400100000000
(1779322106.877626) can0 18934010#000000800000BC19
(1779322106.878614) can0 18944010#1003000000000000
(1779322106.879626) can0 18954010#0000000000000000
(1779322106.880626) can0 18954010#0100000000000000
(1779322106.881620) can0 18954010#0200000000000000
(1779322106.882620) can0 18954010#0300000000000000
(1779322106.883615) can0 18954010#0400000000000000
(1779322106.884601) can0 18954010#0500000000000000
(1779322106.885645) can0 18964010#0040404000000000
(1779322106.886614) can0 18974010#0000000000000000
(1779322106.887607) can0 18984010#0000000000000000
(1779322106.888588) can0 18FA28F4#123EA12C10270000
(1779322106.889588) can0 18FB28F4#D60CD30C40400000
(1779322106.890614) can0 18FC28F4#383200000D020000
(1779322106.891577) can0 18F810F3#0D02E80332640100
(1779322106.892595) can0 18F811F3#D60C1001D30C0301
(1779322106.893640) can0 18F812F3#4001014001010000
(1779322106.894621) can0 18F813F3#0101000000000000
(1779322106.895578) can0 18F814F3#3200EA1AA9015F00
(1779322106.896614) can0 18F815F3#0000000010030000
(1779322106.897512) can0 273#000000000D023200
(1779322106.898493) can0 1E1#020D271001FA01FA
(1779322106.899525) can0 1F5#0000000000000000
(1779322106.900602) can0 0800A6A9#0000000000000000
(1779322106.901621) can0 1000A6A9#0D028813324A4A4A
(1779322106.902603) can0 1C00A6A9#0000000000030000
(1779322106.903608) can0 02018100#1003020D00000000
(1779322106.904615) can0 02028100#0000003264000000
(1779322106.905595) can0 02038100#0CD601100CD30103
(1779322106.906596) can0 02048100#4A01014A01010000
(1779322106.907478) can0 1AD#8714000059321818
(1779322106.908493) can0 2AD#D60C800C87140016
(1779322106.909506) can0 3AD#0000000000008714
(1779322106.910519) can0 4AD#EB00000000000000
(1779322106.911519) can0 76A#7F00000000000000
(1779322106.970201) can0 0000E005#1702440003B60591
(1779322106.970757) can0 1806E5F4#13CC010003B6023A
(1779322106.971587) can0 0000E000#13CC13CC020D0000
(1779322106.972581) can0 0000E004#181803B603B601E1
(1779322106.973572) can0 0000E006#0CD50CD50CD30CD5
(1779322106.974572) can0 0000E007#0CD50CD30CD50CD5
(1779322106.975569) can0 0000E008#0CD50CD50CD50CD3
(1779322106.976559) can0 0000E009#0CD50CD50CD50CD6
(1779322106.977612) can0 0000E010#0000000000000000
(1779322106.978656) can0 0000E011#0000000000000000
(1779322106.979592) can0 0000E012#0CD4000200000000
(1779322106.980625) can0 0000F001#0000000000000000
(1779322106.981605) can0 18FF28F4#10320000020D0000
(1779322106.982586) can0 18FE28F4#0CD60CD340400000
(1779322106.983586) can0 18FD28F4#1702FA6F00000000
(1779322106.984497) can0 4D4#000032007D0D0203
(1779322106.985503) can0 4D5#D30CD60C40400000
(1779322106.986580) can0 18914010#0CD6100CD3030000
(1779322106.987580) can0 18904010#020D020D753001FA
(1779322106.988589) can0 18FA28F4#123EA12C10270000
(1779322106.989574) can0 18FB28F4#D60CD30C40400000
(1779322106.990606) can0 18FC28F4#383200000D020000
(1779322106.991575) can0 18F810F3#0D02E80332640100
(1779322106.992600) can0 18F815F3#0000000010030000
(1779322106.993504) can0 273#000000000D023200
(1779322106.994504) can0 1E1#020D271001FA01FA
(1779322106.995516) can0 1F5#0000000000000000
(1779322106.996605) can0 0800A6A9#0000000000000000
(1779322106.997561) can0 1000A6A9#0D028813324A4A4A
(1779322106.998594) can0 1C00A6A9#0000000000030000
(1779322106.999606) can0 02018100#1003020D00000000
(1779322107.000598) can0 02028100#0000003264000000
(1779322107.001587) can0 02038100#0CD601100CD30103
(1779322107.002582) can0 02048100#4A01014A01010000
(1779322107.003478) can0 1AD#8714000059321818
(1779322107.004491) can0 2AD#D60C800C87140016
(1779322107.005511) can0 3AD#0000000000008714
(1779322107.006505) can0 4AD#EB00000000000000
(1779322107.007517) can0 76A#7F00000000000000
(1779322107.070132) can0 0000E005#1702440003B60591
(1779322107.070697) can0 1806E5F4#13CC010003B6023A
(1779322107.071591) can0 0000E000#13CC13CC020D0000
(1779322107.072583) can0 0000E004#181803B603B601E1
(1779322107.073558) can0 0000E006#0CD50CD50CD30CD5
(1779322107.074560) can0 0000E007#0CD50CD30CD50CD5
(1779322107.075572) can0 0000E008#0CD50CD50CD50CD3
(1779322107.076572) can0 0000E009#0CD50CD50CD50CD6
(1779322107.077616) can0 0000E010#0000000000000000
(1779322107.078617) can0 0000E011#0000000000000000
(1779322107.079597) can0 0000E012#0CD4000200000000
(1779322107.080610) can0 0000F001#0000000000000000
(1779322107.081586) can0 18FF28F4#10320000020D0000
(1779322107.082579) can0 18FE28F4#0CD60CD340400000
(1779322107.083591) can0 18FD28F4#1702FA6F00000000
(1779322107.084508) can0 4D4#000032007D0D0203
(1779322107.085486) can0 4D5#D30CD60C40400000
(1779322107.086585) can0 18914010#0CD6100CD3030000
(1779322107.087585) can0 18904010#020D020D753001FA
(1779322107.088578) can0 18FA28F4#123EA12C10270000
(1779322107.089579) can0 18FB28F4#D60CD30C40400000
(1779322107.090592) can0 18FC28F4#383200000D020000
(1779322107.091578) can0 18F810F3#0D02E80332640100
(1779322107.092604) can0 18F815F3#0000000010030000
(1779322107.093502) can0 273#000000000D023200
(1779322107.094489) can0 1E1#020D271001FA01FA
(1779322107.095521) can0 1F5#0000000000000000
(1779322107.096598) can0 0800A6A9#0000000000000000
(1779322107.097564) can0 1000A6A9#0D028813324A4A4A
(1779322107.098599) can0 1C00A6A9#0000000000030000
(1779322107.099598) can0 02018100#1003020D00000000
(1779322107.100624) can0 02028100#0000003264000000
(1779322107.101572) can0 02038100#0CD601100CD30103
(1779322107.102586) can0 02048100#4A01014A01010000
(1779322107.103490) can0 1AD#8714000059321818
(1779322107.104483) can0 2AD#D60C800C87140016
(1779322107.105495) can0 3AD#0000000000008714
(1779322107.106510) can0 4AD#EB00000000000000
(1779322107.107509) can0 76A#7F00000000000000
(1779322107.170143) can0 0000E005#1702440003B60591
(1779322107.170702) can0 1806E5F4#13CC010003B6023A
(1779322107.171590) can0 0000E000#13CC13CC020D0000
(1779322107.172583) can0 0000E004#181803B603B601E1
(1779322107.173551) can0 0000E006#0CD50CD30CD50CD3
(1779322107.174565) can0 0000E007#0CD30CD30CD50CD3
(1779322107.175564) can0 0000E008#0CD50CD50CD50CD3
(1779322107.176564) can0 0000E009#0CD50CD50CD50CD6
(1779322107.177627) can0 0000E010#0000000000000000
(1779322107.178606) can0 0000E011#0000000000000000
(1779322107.179589) can0 0000E012#0CD4000200000000
(1779322107.180602) can0 0000F001#0000000000000000
(1779322107.181602) can0 18FF28F4#10320000020D0000
(1779322107.182568) can0 18FE28F4#0CD60CD340400000
(1779322107.183584) can0 18FD28F4#1702FA6F00000000
(1779322107.184500) can0 4D4#000032007D0D0203
(1779322107.185513) can0 4D5#D30CD60C40400000
(1779322107.186577) can0 18914010#0CD6100CD3020000
(1779322107.187577) can0 18904010#020D020D753001FA
(1779322107.188577) can0 18FA28F4#123EA12C10270000
(1779322107.189571) can0 18FB28F4#D60CD30C40400000
(1779322107.190599) can0 18FC28F4#383200000D020000
(1779322107.191571) can0 18F810F3#0D02E80332640100
(1779322107.192602) can0 18F815F3#0000000010030000
(1779322107.193532) can0 273#000000000D023200
(1779322107.194477) can0 1E1#020D271001FA01FA
(1779322107.195513) can0 1F5#0000000000000000
(1779322107.196597) can0 0800A6A9#0000000000000000
(1779322107.197558) can0 1000A6A9#0D028813324A4A4A
(1779322107.198591) can0 1C00A6A9#0000000000030000
(1779322107.199603) can0 02018100#1003020D00000000
(1779322107.200603) can0 02028100#0000003264000000
(1779322107.201616) can0 02038100#0CD601100CD30102
(1779322107.202577) can0 02048100#4A01014A01010000
(1779322107.203482) can0 1AD#8714000059321818
(1779322107.204475) can0 2AD#D60C800C87140016
(1779322107.205508) can0 3AD#0000000000008714
(1779322107.206500) can0 4AD#EB00000000000000
(1779322107.207501) can0 76A#7F00000000000000
(1779322107.270182) can0 0000E005#1702440003B60591
(1779322107.270741) can0 1806E5F4#13CC010003B6023A
(1779322107.271575) can0 0000E000#13CC13CC020D0000
(1779322107.272574) can0 0000E004#181803B603B601E1
(1779322107.273555) can0 0000E006#0CD50CD30CD50CD3
(1779322107.274556) can0 0000E007#0CD30CD30CD50CD3
(1779322107.275549) can0 0000E008#0CD50CD50CD50CD3
(1779322107.276555) can0 0000E009#0CD50CD50CD50CD6
(1779322107.277600) can0 0000E010#0000000000000000
(1779322107.278646) can0 0000E011#0000000000000000
(1779322107.279580) can0 0000E012#0CD4000200000000
(1779322107.280594) can0 0000F001#0000000000000000
(1779322107.281594) can0 18FF28F4#10320000020D0000
(1779322107.282575) can0 18FE28F4#0CD60CD340400000
(1779322107.283588) can0 18FD28F4#1702FA6F00000000
(1779322107.284492) can0 4D4#000032007D0D0203
(1779322107.285492) can0 4D5#D30CD60C40400000
(1779322107.286569) can0 18914010#0CD6100CD3020000
(1779322107.287565) can0 18904010#020D020D753001FA
(1779322107.288569) can0 18FA28F4#123EA12C10270000
(1779322107.289562) can0 18FB28F4#D60CD30C40400000
(1779322107.290595) can0 18FC28F4#383200000D020000
(1779322107.291557) can0 18F810F3#0D02E80332640100
(1779322107.292595) can0 18F815F3#0000000010030000
(1779322107.293492) can0 273#000000000D023200
(1779322107.294493) can0 1E1#020D271001FA01FA
(1779322107.295505) can0 1F5#0000000000000000
(1779322107.296601) can0 0800A6A9#0000000000000000
(1779322107.297550) can0 1000A6A9#0D028813324A4A4A
(1779322107.298582) can0 1C00A6A9#0000000000030000
(1779322107.299596) can0 02018100#1003020D00000000
(1779322107.300595) can0 02028100#0000003264000000
(1779322107.301576) can0 02038100#0CD601100CD30102
(1779322107.302576) can0 02048100#4A01014A01010000
(1779322107.303474) can0 1AD#8714000059321818
(1779322107.304474) can0 2AD#D60C800C87140016
(1779322107.305499) can0 3AD#0000000000008714
(1779322107.306512) can0 4AD#EB00000000000000
(1779322107.307513) can0 76A#7F00000000000000
(1779322107.387166) can0 0000E005#1702440003B60591
(1779322107.387729) can0 1806E5F4#13CC010003B6023A
(1779322107.388580) can0 0000E000#13CC13CC020D0000
(1779322107.389570) can0 0000E004#181803B603B601E1
(1779322107.390542) can0 0000E006#0CD50CD30CD50CD3
(1779322107.391554) can0 0000E007#0CD50CD30CD50CD5
(1779322107.392554) can0 0000E008#0CD50CD50CD50CD3
(1779322107.393547) can0 0000E009#0CD50CD50CD50CD6
(1779322107.394600) can0 0000E010#0000000000000000
(1779322107.395599) can0 0000E011#0000000000000000
(1779322107.396580) can0 0000E012#0CD4000200000000
(1779322107.397548) can0 0000E013#4542323630354C43
(1779322107.398581) can0 0000E014#3134323300000000
(1779322107.399593) can0 0000E015#0000000000000003
(1779322107.400625) can0 0000F000#0000000000000000
(1779322107.401586) can0 0000F001#0000000000000000
(1779322107.402587) can0 18FF28F4#10320000020D0000
(1779322107.403568) can0 18FE28F4#0CD60CD340400000
(1779322107.404568) can0 18FD28F4#1702FA6F00000000
(1779322107.405487) can0 4D4#000032007D0D0203
(1779322107.406479) can0 4D5#D30CD60C40400000
(1779322107.407562) can0 18914010#0CD6100CD3020000
(1779322107.408593) can0 18904010#020D020D753001FA
(1779322107.409574) can0 18924010#4001400100000000
(1779322107.410575) can0 18934010#000000810000BC19
(1779322107.411587) can0 18944010#1003000000000000
(1779322107.412606) can0 18954010#0000000000000000
(1779322107.413601) can0 18954010#0100000000000000
(1779322107.414600) can0 18954010#0200000000000000
(1779322107.415600) can0 18954010#0300000000000000
(1779322107.416632) can0 18954010#0400000000000000
(1779322107.417579) can0 18954010#0500000000000000
(1779322107.418594) can0 18964010#0040404000000000
(1779322107.419588) can0 18974010#0000000000000000
(1779322107.420588) can0 18984010#0000000000000000
(1779322107.421569) can0 18FA28F4#123EA12C10270000
(1779322107.422568) can0 18FB28F4#D60CD30C40400000
(1779322107.423582) can0 18FC28F4#383200000D020000
(1779322107.424594) can0 18F810F3#0D02E80332640100
(1779322107.425571) can0 18F811F3#D60C1001D30C0201
(1779322107.426569) can0 18F812F3#4001014001010000
(1779322107.427588) can0 18F813F3#0101000000000000
(1779322107.428568) can0 18F814F3#3200EA1AA9015F00
(1779322107.429572) can0 18F815F3#0000000010030000
(1779322107.430499) can0 273#000000000D023200
(1779322107.431480) can0 1E1#020D271001FA01FA
(1779322107.432556) can0 1F5#0000000000000000
(1779322107.433582) can0 0800A6A9#0000000000000000
(1779322107.434550) can0 1000A6A9#0D028813324A4A4A
(1779322107.435582) can0 1C00A6A9#0000000000030000
(1779322107.436582) can0 02018100#1003020D00000000
(1779322107.437572) can0 02028100#0000003264000000
(1779322107.438576) can0 02038100#0CD601100CD30102
(1779322107.439576) can0 02048100#4A01014A01010000
(1779322107.440480) can0 1AD#8714000059321818
(1779322107.441480) can0 2AD#D60C800C87140016
(1779322107.442487) can0 3AD#0000000000008714
(1779322107.443506) can0 4AD#EB00000000000000
(1779322107.444499) can0 76A#7F00000000000000
(1779322107.503117) can0 0000E005#1702440003B60591
(1779322107.503681) can0 1806E5F4#13CC010003B6023A
(1779322107.504579) can0 0000E000#13CC13CC020D0000
(1779322107.505560) can0 0000E004#181803B603B601E1
(1779322107.506537) can0 0000E006#0CD50CD30CD50CD3
(1779322107.507541) can0 0000E007#0CD50CD30CD50CD5
(1779322107.508540) can0 0000E008#0CD50CD50CD50CD3
(1779322107.509585) can0 0000E009#0CD50CD50CD50CD6
(1779322107.510605) can0 0000E010#0000000000000000
(1779322107.511585) can0 0000E011#0000000000000000
(1779322107.512585) can0 0000E012#0CD4000200000000
(1779322107.513599) can0 0000F001#0000000000000000
(1779322107.514580) can0 18FF28F4#10320000020D0000
(1779322107.515567) can0 18FE28F4#0CD60CD340400000
(1779322107.516579) can0 18FD28F4#1702FA6F00000000
(1779322107.517491) can0 4D4#000032007D0D0203
(1779322107.518484) can0 4D5#D30CD60C40400000
(1779322107.519554) can0 18914010#0CD6100CD3020000
(1779322107.520554) can0 18904010#020D020D753001FA
(1779322107.521568) can0 18FA28F4#123EA12C10270000
(1779322107.522554) can0 18FB28F4#D60CD30C40400000
(1779322107.523586) can0 18FC28F4#383200000D020000
(1779322107.524548) can0 18F810F3#0D02E80332640100
(1779322107.525599) can0 18F815F3#0000000010030000
(1779322107.526484) can0 273#000000000D023200
(1779322107.527484) can0 1E1#020D271001FA01FA
(1779322107.528509) can0 1F5#0000000000000000
(1779322107.529583) can0 0800A6A9#0000000000000000
(1779322107.530542) can0 1000A6A9#0D028813324A4A4A
(1779322107.531567) can0 1C00A6A9#0000000000030000
(1779322107.532586) can0 02018100#1003020D00000000
(1779322107.533577) can0 02028100#0000003264000000
(1779322107.534568) can0 02038100#0CD601100CD30102
(1779322107.535561) can0 02048100#4A01014A01010000
(1779322107.536484) can0 1AD#8714000059321818
(1779322107.537484) can0 2AD#D60C800C87140016
(1779322107.538485) can0 3AD#0000000000008714
(1779322107.539498) can0 4AD#EB00000000000000
(1779322107.540491) can0 76A#7F00000000000000
(1779322107.603106) can0 0000E005#1702440003B60591
(1779322107.603673) can0 1806E5F4#13CC010003B6023A
(1779322107.604577) can0 0000E000#13CC13CC020D0000
(1779322107.605558) can0 0000E004#181803B603B601E1
(1779322107.606534) can0 0000E006#0CD50CD30CD50CD3
(1779322107.607539) can0 0000E007#0CD50CD30CD50CD5
(1779322107.608551) can0 0000E008#0CD50CD50CD50CD3
(1779322107.609532) can0 0000E009#0CD50CD50CD50CD6
(1779322107.610597) can0 0000E010#0000000000000000
(1779322107.611597) can0 0000E011#0000000000000000
(1779322107.612577) can0 0000E012#0CD4000200000000
(1779322107.613590) can0 0000F001#0000000000000000
(1779322107.614573) can0 18FF28F4#10320000020D0000
(1779322107.615558) can0 18FE28F4#0CD60CD340400000
(1779322107.616571) can0 18FD28F4#1702FA6F00000000
(1779322107.617488) can0 4D4#000032007D0D0203
(1779322107.618489) can0 4D5#D30CD60C40400000
(1779322107.619565) can0 18914010#0CD6100CD3020000
(1779322107.620565) can0 18904010#020D020D753001FA
(1779322107.621565) can0 18FA28F4#123EA12C10270000
(1779322107.622559) can0 18FB28F4#D60CD30C40400000
(1779322107.623591) can0 18FC28F4#383200000D020000
(1779322107.624559) can0 18F810F3#0D02E80332640100
(1779322107.625591) can0 18F815F3#0000000010030000
(1779322107.626489) can0 273#000000000D023200
(1779322107.627489) can0 1E1#020D271001FA01FA
(1779322107.628501) can0 1F5#0000000000000000
(1779322107.629578) can0 0800A6A9#0000000000000000
(1779322107.630542) can0 1000A6A9#0D028813324A4A4A
(1779322107.631591) can0 1C00A6A9#0000000000030000
(1779322107.632578) can0 02018100#1003020D00000000
(1779322107.633572) can0 02028100#0000003264000000
(1779322107.634572) can0 02038100#0CD601100CD30102
(1779322107.635566) can0 02048100#4A01014A01010000
(1779322107.636489) can0 1AD#8714000059321818
(1779322107.637489) can0 2AD#D60C800C87140016
(1779322107.638490) can0 3AD#0000000000008714
(1779322107.639521) can0 4AD#EB00000000000000
(1779322107.640489) can0 76A#7F00000000000000
(1779322107.703166) can0 0000E005#1702440003B60591
(1779322107.703726) can0 1806E5F4#13CC010003B6023A
(1779322107.704563) can0 0000E000#13CC13CC020D0000
(1779322107.705563) can0 0000E004#181803B603B601E1
(1779322107.706544) can0 0000E006#0CD50CD50CD50CD3
(1779322107.707543) can0 0000E007#0CD50CD30CD50CD5
(1779322107.708556) can0 0000E008#0CD50CD50CD50CD3
(1779322107.709537) can0 0000E009#0CD30CD50CD50CD6
(1779322107.710582) can0 0000E010#0000000000000000
(1779322107.711577) can0 0000E011#0000000000000000
(1779322107.712563) can0 0000E012#0CD4000200000000
(1779322107.713582) can0 0000F001#0000000000000000
(1779322107.714576) can0 18FF28F4#10320000020D0000
(1779322107.715554) can0 18FE28F4#0CD60CD340400000
(1779322107.716589) can0 18FD28F4#1702FA6F00000000
(1779322107.717493) can0 4D4#000032007D0D0203
(1779322107.718493) can0 4D5#D30CD60C40400000
(1779322107.719551) can0 18914010#0CD6100CD3040000
(1779322107.720550) can0 18904010#020D020D753001FA
(1779322107.721563) can0 18FA28F4#123EA12C10270000
(1779322107.722544) can0 18FB28F4#D60CD30C40400000
(1779322107.723578) can0 18FC28F4#383200000D020000
(1779322107.724576) can0 18F810F3#0D02E80332640100
(1779322107.725576) can0 18F815F3#0000000010030000
(1779322107.726494) can0 273#000000000D023200
(1779322107.727493) can0 1E1#020D271001FA01FA
(1779322107.728500) can0 1F5#0000000000000000
(1779322107.729583) can0 0800A6A9#0000000000000000
(1779322107.730532) can0 1000A6A9#0D028813324A4A4A
(1779322107.731564) can0 1C00A6A9#0000000000030000
(1779322107.732609) can0 02018100#1003020D00000000
(1779322107.733577) can0 02028100#0000003264000000
(1779322107.734558) can0 02038100#0CD601100CD30104
(1779322107.735555) can0 02048100#4A01014A01010000
(1779322107.736494) can0 1AD#8714000059321818
(1779322107.737494) can0 2AD#D60C800C87140016
(1779322107.738494) can0 3AD#0000000000008714
(1779322107.739494) can0 4AD#EB00000000000000
(1779322107.740533) can0 76A#7F00000000000000
(1779322107.803115) can0 0000E005#1702440003B60591
(1779322107.803672) can0 1806E5F4#13CC010003B6023A
(1779322107.804555) can0 0000E000#13CC13CC020D0000
(1779322107.805554) can0 0000E004#181803B603B601E1
(1779322107.806536) can0 0000E006#0CD50CD50CD50CD3
(1779322107.807535) can0 0000E007#0CD50CD30CD50CD5
(1779322107.808528) can0 0000E008#0CD50CD50CD50CD3
(1779322107.809561) can0 0000E009#0CD30CD50CD50CD6
(1779322107.810580) can0 0000E010#0000000000000000
(1779322107.811580) can0 0000E011#0000000000000000
(1779322107.812559) can0 0000E012#0CD4000200000000
(1779322107.813593) can0 0000F001#0000000000000000
(1779322107.814574) can0 18FF28F4#10320000020D0000
(1779322107.815555) can0 18FE28F4#0CD60CD340400000
(1779322107.816555) can0 18FD28F4#1702FA6F00000000
(1779322107.817523) can0 4D4#000032007D0D0203
(1779322107.818498) can0 4D5#D30CD60C40400000
(1779322107.819542) can0 18914010#0CD6100CD3040000
(1779322107.820543) can0 18904010#020D020D753001FA
(1779322107.821562) can0 18FA28F4#123EA12C10270000
(1779322107.822543) can0 18FB28F4#D60CD30C40400000
(1779322107.823574) can0 18FC28F4#383200000D020000
(1779322107.824536) can0 18F810F3#0D02E80332640100
(1779322107.825568) can0 18F815F3#0000000010030000
(1779322107.826498) can0 273#000000000D023200
(1779322107.827498) can0 1E1#020D271001FA01FA
(1779322107.828498) can0 1F5#0000000000000000
(1779322107.829577) can0 0800A6A9#0000000000000000
(1779322107.830539) can0 1000A6A9#0D028813324A4A4A
(1779322107.831569) can0 1C00A6A9#0000000000030000
(1779322107.832567) can0 02018100#1003020D00000000
(1779322107.833569) can0 02028100#0000003264000000
(1779322107.834550) can0 02038100#0CD601100CD30104
(1779322107.835562) can0 02048100#4A01014A01010000
(1779322107.836499) can0 1AD#8714000059321818
(1779322107.837498) can0 2AD#D60C800C87140016
(1779322107.838499) can0 3AD#0000000000008714
(1779322107.839499) can0 4AD#EB00000000000000
(1779322107.840498) can0 76A#7F00000000000000
(1779322107.920101) can0 0000E005#1702440003B60591
(1779322107.920665) can0 1806E5F4#13CC010003B6023A
(1779322107.921560) can0 0000E000#13CC13CC020D0000
(1779322107.922542) can0 0000E004#181803B603B601E1
(1779322107.923540) can0 0000E006#0CD50CD30CD50CD3
(1779322107.924541) can0 0000E007#0CD50CD50CD50CD5
(1779322107.925541) can0 0000E008#0CD50CD50CD30CD5
(1779322107.926534) can0 0000E009#0CD50CD50CD50CD6
(1779322107.927586) can0 0000E010#0000000000000000
(1779322107.928586) can0 0000E011#0000000000000000
(1779322107.929567) can0 0000E012#0CD4000200000000
(1779322107.930535) can0 0000E013#4542323630354C43
(1779322107.931560) can0 0000E014#3134323300000000
(1779322107.932580) can0 0000E015#0000000000000003
(1779322107.933580) can0 0000F000#0000000000000000
(1779322107.934573) can0 0000F001#0000000000000000
(1779322107.935561) can0 18FF28F4#10320000020D0000
(1779322107.936541) can0 18FE28F4#0CD60CD340400000
(1779322107.937554) can0 18FD28F4#1702FA6F00000000
(1779322107.938504) can0 4D4#000032007D0D0203
(1779322107.939503) can0 4D5#D30CD60C40400000
(1779322107.940548) can0 18914010#0CD6100CD3020000
(1779322107.941542) can0 18904010#020D020D753001FA
(1779322107.942561) can0 18924010#4001400100000000
(1779322107.943554) can0 18934010#000000820000BC19
(1779322107.944574) can0 18944010#1003000000000000
(1779322107.945586) can0 18954010#0000000000000000
(1779322107.946581) can0 18954010#0100000000000000
(1779322107.947599) can0 18954010#0200000000000000
(1779322107.948568) can0 18954010#0300000000000000
(1779322107.949580) can0 18954010#0400000000000000
(1779322107.950558) can0 18954010#0500000000000000
(1779322107.951574) can0 18964010#0040404000000000
(1779322107.952574) can0 18974010#0000000000000000
(1779322107.953568) can0 18984010#0000000000000000
(1779322107.954549) can0 18FA28F4#123EA12C10270000
(1779322107.955581) can0 18FB28F4#D60CD30C40400000
(1779322107.956562) can0 18FC28F4#383200000D020000
(1779322107.957543) can0 18F810F3#0D02E80332640100
(1779322107.958535) can0 18F811F3#D60C1001D30C0201
(1779322107.959555) can0 18F812F3#4001014001010000
(1779322107.960569) can0 18F813F3#0101000000000000
(1779322107.961550) can0 18F814F3#3200EA1AA9015F00
(1779322107.962560) can0 18F815F3#0000000010030000
(1779322107.963504) can0 273#000000000D023200
(1779322107.964504) can0 1E1#020D271001FA01FA
(1779322107.965504) can0 1F5#0000000000000000
(1779322107.966563) can0 0800A6A9#0000000000000000
(1779322107.967537) can0 1000A6A9#0D028813324A4A4A
(1779322107.968562) can0 1C00A6A9#0000000000030000
(1779322107.969576) can0 02018100#1003020D00000000
(1779322107.970568) can0 02028100#0000003264000000
(1779322107.971601) can0 02038100#0CD601100CD30102
(1779322107.972549) can0 02048100#4A01014A01010000
(1779322107.973511) can0 1AD#8714000059321818
(1779322107.974443) can0 2AD#D60C800C87140016
(1779322107.975508) can0 3AD#0000000000008714
(1779322107.976506) can0 4AD#EB00000000000000
(1779322107.977505) can0 76A#7F00000000000000
(1779322108.036107) can0 0000E005#1702440003B60591
(1779322108.036664) can0 1806E5F4#13CC010003B6023A
(1779322108.037547) can0 0000E000#13CC13CC020D0000
(1779322108.038547) can0 0000E004#181803B603B601E1
(1779322108.039524) can0 0000E006#0CD50CD30CD50CD3
(1779322108.040572) can0 0000E007#0CD50CD50CD50CD5
(1779322108.041540) can0 0000E008#0CD50CD50CD30CD5
(1779322108.042521) can0 0000E009#0CD50CD50CD50CD6
(1779322108.043562) can0 0000E010#0000000000000000
(1779322108.044565) can0 0000E011#0000000000000000
(1779322108.045553) can0 0000E012#0CD4000200000000
(1779322108.046579) can0 0000F001#0000000000000000
(1779322108.047566) can0 18FF28F4#10320000020D0000
(1779322108.048547) can0 18FE28F4#0CD60CD340400000
(1779322108.049560) can0 18FD28F4#1702FA6F00000000
(1779322108.050509) can0 4D4#000032007D0D0203
(1779322108.051445) can0 4D5#D30CD60C40400000
(1779322108.052553) can0 18914010#0CD6100CD3020000
(1779322108.053548) can0 18904010#020D020D753001FA
(1779322108.054547) can0 18FA28F4#123EA12C10270000
(1779322108.055539) can0 18FB28F4#D60CD30C40400000
(1779322108.056560) can0 18FC28F4#383200000D020000
(1779322108.057547) can0 18F810F3#0D02E80332640100
(1779322108.058573) can0 18F815F3#0000000010030000
(1779322108.059509) can0 273#000000000D023200
(1779322108.060450) can0 1E1#020D271001FA01FA
(1779322108.061509) can0 1F5#0000000000000000
(1779322108.062561) can0 0800A6A9#0000000000000000
(1779322108.063525) can0 1000A6A9#0D028813324A4A4A
(1779322108.064560) can0 1C00A6A9#0000000000030000
(1779322108.065561) can0 02018100#1003020D00000000
(1779322108.066554) can0 02028100#0000003264000000
(1779322108.067548) can0 02038100#0CD601100CD30102
(1779322108.068554) can0 02048100#4A01014A01010000
(1779322108.069451) can0 1AD#8714000059321818
(1779322108.070443) can0 2AD#D60C800C87140016
(1779322108.071509) can0 3AD#0000000000008714
(1779322108.072509) can0 4AD#EB00000000000000
(1779322108.073509) can0 76A#7F00000000000000
(1779322108.136159) can0 0000E005#1702440003B60591
(1779322108.136711) can0 1806E5F4#13CC010003B6023A
(1779322108.137551) can0 0000E000#13CC13CC020D0000
(1779322108.138551) can0 0000E004#181803B603B601E1
(1779322108.139531) can0 0000E006#0CD50CD30CD50CD3
(1779322108.140528) can0 0000E007#0CD50CD50CD50CD5
(1779322108.141532) can0 0000E008#0CD50CD50CD30CD5
(1779322108.142532) can0 0000E009#0CD50CD50CD50CD6
(1779322108.143577) can0 0000E010#0000000000000000
(1779322108.144577) can0 0000E011#0000000000000000
(1779322108.145558) can0 0000E012#0CD4000200000000
(1779322108.146570) can0 0000F001#0000000000000000
(1779322108.147557) can0 18FF28F4#10320000020D0000
(1779322108.148539) can0 18FE28F4#0CD60CD340400000
(1779322108.149551) can0 18FD28F4#1702FA6F00000000
(1779322108.150513) can0 4D4#000032007D0D0203
(1779322108.151441) can0 4D5#D30CD60C40400000
(1779322108.152545) can0 18914010#0CD6100CD3020000
(1779322108.153538) can0 18904010#020D020D753001FA
(1779322108.154559) can0 18FA28F4#123EA12C10270000
(1779322108.155539) can0 18FB28F4#D60CD30C40400000
(1779322108.156571) can0 18FC28F4#383200000D020000
(1779322108.157533) can0 18F810F3#0D02E80332640100
(1779322108.158565) can0 18F815F3#0000000010030000
(1779322108.159513) can0 273#000000000D023200
(1779322108.160454) can0 1E1#020D271001FA01FA
(1779322108.161514) can0 1F5#0000000000000000
(1779322108.162569) can0 0800A6A9#0000000000000000
(1779322108.163533) can0 1000A6A9#0D028813324A4A4A
(1779322108.164546) can0 1C00A6A9#0000000000030000
(1779322108.165558) can0 02018100#1003020D00000000
(1779322108.166559) can0 02028100#0000003264000000
(1779322108.167559) can0 02038100#0CD601100CD30102
(1779322108.168552) can0 02048100#4A01014A01010000
(1779322108.169431) can0 1AD#8714000059321818
(1779322108.170514) can0 2AD#D60C800C87140016
(1779322108.171450) can0 3AD#0000000000008714
(1779322108.172514) can0 4AD#EB00000000000000
(1779322108.173514) can0 76A#7F00000000000000
(1779322108.236109) can0 0000E005#1702440003B60591
(1779322108.236649) can0 1806E5F4#13CC010003B6023A
(1779322108.237555) can0 0000E000#13CC13CC020D0000
(1779322108.238537) can0 0000E004#181803B603B601E1
(1779322108.239537) can0 0000E006#0CD30CD30CD50CD3
(1779322108.240518) can0 0000E007#0CD50CD30CD50CD5
(1779322108.241517) can0 0000E008#0CD50CD50CD50CD3
(1779322108.242517) can0 0000E009#0CD50CD50CD50CD6
(1779322108.243562) can0 0000E010#0000000000000000
(1779322108.244556) can0 0000E011#0000000000000000
(1779322108.245562) can0 0000E012#0CD4000200000000
(1779322108.246575) can0 0000F001#0000000000000000
(1779322108.247575) can0 18FF28F4#10320000020D0000
(1779322108.248533) can0 18FE28F4#0CD60CD340400000
(1779322108.249556) can0 18FD28F4#1702FA6F00000000
(1779322108.250453) can0 4D4#000032007D0D0203
(1779322108.251427) can0 4D5#D30CD60C40400000
(1779322108.252530) can0 18914010#0CD6100CD3010000
(1779322108.253531) can0 18904010#020D020D753001FA
(1779322108.254544) can0 18FA28F4#123EA12C10270000
(1779322108.255557) can0 18FB28F4#D60CD30C40400000
(1779322108.256557) can0 18FC28F4#383200000D020000
(1779322108.257518) can0 18F810F3#0D02E80332640100
(1779322108.258557) can0 18F815F3#0000000010030000
(1779322108.259453) can0 273#000000000D023200
(1779322108.260445) can0 1E1#020D271001FA01FA
(1779322108.261518) can0 1F5#0000000000000000
(1779322108.262557) can0 0800A6A9#0000000000000000
(1779322108.263557) can0 1000A6A9#0D028813324A4A4A
(1779322108.264556) can0 1C00A6A9#0000000000030000
(1779322108.265557) can0 02018100#1003020D00000000
(1779322108.266551) can0 02028100#0000003264000000
(1779322108.267531) can0 02038100#0CD601100CD30101
(1779322108.268542) can0 02048100#4A01014A01010000
(1779322108.269421) can0 1AD#8714000059321818
(1779322108.270435) can0 2AD#D60C800C87140016
(1779322108.271519) can0 3AD#0000000000008714
(1779322108.272519) can0 4AD#EB00000000000000
(1779322108.273454) can0 76A#7F00000000000000
(1779322108.336095) can0 0000E005#1702440003B60591
(1779322108.336653) can0 1806E5F4#13CC010003B6023A
(1779322108.337554) can0 0000E000#13CC13CC020D0000
(1779322108.338535) can0 0000E004#181803B603B601E1
(1779322108.339522) can0 0000E006#0CD30CD30CD50CD3
(1779322108.340566) can0 0000E007#0CD50CD30CD50CD5
(1779322108.341522) can0 0000E008#0CD50CD50CD50CD3
(1779322108.342522) can0 0000E009#0CD50CD50CD50CD6
(1779322108.343554) can0 0000E010#0000000000000000
(1779322108.344554) can0 0000E011#0000000000000000
(1779322108.345546) can0 0000E012#0CD4000200000000
(1779322108.346567) can0 0000F001#0000000000000000
(1779322108.347548) can0 18FF28F4#10320000020D0000
(1779322108.348580) can0 18FE28F4#0CD60CD340400000
(1779322108.349548) can0 18FD28F4#1702FA6F00000000
(1779322108.350457) can0 4D4#000032007D0D0203
(1779322108.351438) can0 4D5#D30CD60C40400000
(1779322108.352522) can0 18914010#0CD6100CD3010000
(1779322108.353538) can0 18904010#020D020D753001FA
(1779322108.354542) can0 18FA28F4#123EA12C10270000
(1779322108.355522) can0 18FB28F4#D60CD30C40400000
(1779322108.356555) can0 18FC28F4#383200000D020000
(1779322108.357523) can0 18F810F3#0D02E80332640100
(1779322108.358568) can0 18F815F3#0000000010030000
(1779322108.359440) can0 273#000000000D023200
(1779322108.360438) can0 1E1#020D271001FA01FA
(1779322108.361523) can0 1F5#0000000000000000
(1779322108.362555) can0 0800A6A9#0000000000000000
(1779322108.363523) can0 1000A6A9#0D028813324A4A4A
(1779322108.364548) can0 1C00A6A9#0000000000030000
(1779322108.365547) can0 02018100#1003020D00000000
(1779322108.366549) can0 02028100#0000003264000000
(1779322108.367523) can0 02038100#0CD601100CD30101
(1779322108.368543) can0 02048100#4A01014A01010000
(1779322108.369418) can0 1AD#8714000059321818
(1779322108.370433) can0 2AD#D60C800C87140016
(1779322108.371446) can0 3AD#0000000000008714
(1779322108.372463) can0 4AD#EB00000000000000
(1779322108.373457) can0 76A#7F00000000000000
(1779322108.453090) can0 0000E005#1702440003B60591
(1779322108.453655) can0 1806E5F4#13CC010003B6023A
(1779322108.454534) can0 0000E000#13CC13CC020D0000
(1779322108.455535) can0 0000E004#181803B603B601E1
(1779322108.456527) can0 0000E006#0CD50CD30CD50CD5
(1779322108.457527) can0 0000E007#0CD30CD30CD50CD5
(1779322108.458528) can0 0000E008#0CD50CD50CD50CD3
(1779322108.459527) can0 0000E009#0CD50CD50CD50CD6
(1779322108.460573) can0 0000E010#0000000000000000
(1779322108.461553) can0 0000E011#0000000000000000
(1779322108.462553) can0 0000E012#0CD4000200000000
(1779322108.463528) can0 0000E013#4542323630354C43
(1779322108.464547) can0 0000E014#3134323300000000
(1779322108.465560) can0 0000E015#0000000000000003
(1779322108.466560) can0 0000F000#0000000000000000
(1779322108.467559) can0 0000F001#0000000000000000
(1779322108.468541) can0 18FF28F4#10320000020D0000
(1779322108.469528) can0 18FE28F4#0CD60CD340400000
(1779322108.470554) can0 18FD28F4#1702FA6F00000000
(1779322108.471452) can0 4D4#000032007D0D0203
(1779322108.472431) can0 4D5#D30CD60C40400000
(1779322108.473528) can0 18914010#0CD6100CD3020000
(1779322108.474528) can0 18904010#020D020D753001FA
(1779322108.475547) can0 18924010#4001400100000000
(1779322108.476548) can0 18934010#000000830000BC19
(1779322108.477541) can0 18944010#1003000000000000
(1779322108.478592) can0 18954010#0000000000000000
(1779322108.479567) can0 18954010#0100000000000000
(1779322108.480554) can0 18954010#0200000000000000
(1779322108.481554) can0 18954010#0300000000000000
(1779322108.482554) can0 18954010#0400000000000000
(1779322108.483544) can0 18954010#0500000000000000
(1779322108.484548) can0 18964010#0040404000000000
(1779322108.485560) can0 18974010#0000000000000000
(1779322108.486574) can0 18984010#0000000000000000
(1779322108.487529) can0 18FA28F4#123EA12C10270000
(1779322108.488529) can0 18FB28F4#D60CD30C40400000
(1779322108.489548) can0 18FC28F4#383200000D020000
(1779322108.490529) can0 18F810F3#0D02E80332640100
(1779322108.491529) can0 18F811F3#D60C1001D30C0201
(1779322108.492535) can0 18F812F3#4001014001010000
(1779322108.493555) can0 18F813F3#0101000000000000
(1779322108.494568) can0 18F814F3#3200EA1AA9015F00
(1779322108.495545) can0 18F815F3#0000000010030000
(1779322108.496437) can0 273#000000000D023200
(1779322108.497432) can0 1E1#020D271001FA01FA
(1779322108.498470) can0 1F5#0000000000000000
(1779322108.499555) can0 0800A6A9#0000000000000000
(1779322108.500530) can0 1000A6A9#0D028813324A4A4A
(1779322108.501548) can0 1C00A6A9#0000000000030000
(1779322108.502594) can0 02018100#1003020D00000000
(1779322108.503538) can0 02028100#0000003264000000
(1779322108.504542) can0 02038100#0CD601100CD30102
(1779322108.505542) can0 02048100#4A01014A01010000
(1779322108.506420) can0 1AD#8714000059321818
(1779322108.507415) can0 2AD#D60C800C87140016
(1779322108.508445) can0 3AD#0000000000008714
(1779322108.509445) can0 4AD#EB00000000000000
(1779322108.510446) can0 76A#7F00000000000000
(1779322108.569127) can0 0000E005#1702440003B60591
(1779322108.569686) can0 1806E5F4#13CC010003B6023A
(1779322108.570539) can0 0000E000#13CC13CC020D0000
(1779322108.571571) can0 0000E004#181803B603B601E1
(1779322108.572533) can0 0000E006#0CD50CD30CD50CD5
(1779322108.573533) can0 0000E007#0CD30CD30CD50CD5
(1779322108.574534) can0 0000E008#0CD50CD50CD50CD3
(1779322108.575533) can0 0000E009#0CD50CD50CD50CD6
(1779322108.576548) can0 0000E010#0000000000000000
(1779322108.577552) can0 0000E011#0000000000000000
(1779322108.578533) can0 0000E012#0CD4000200000000
(1779322108.579597) can0 0000F001#0000000000000000
(1779322108.580552) can0 18FF28F4#10320000020D0000
(1779322108.581533) can0 18FE28F4#0CD60CD340400000
(1779322108.582534) can0 18FD28F4#1702FA6F00000000
(1779322108.583438) can0 4D4#000032007D0D0203
(1779322108.584420) can0 4D5#D30CD60C40400000
(1779322108.585533) can0 18914010#0CD6100CD3020000
(1779322108.586534) can0 18904010#020D020D753001FA
(1779322108.587572) can0 18FA28F4#123EA12C10270000
(1779322108.588534) can0 18FB28F4#D60CD30C40400000
(1779322108.589546) can0 18FC28F4#383200000D020000
(1779322108.590534) can0 18F810F3#0D02E80332640100
(1779322108.591540) can0 18F815F3#0000000010030000
(1779322108.592438) can0 273#000000000D023200
(1779322108.593437) can0 1E1#020D271001FA01FA
(1779322108.594450) can0 1F5#0000000000000000
(1779322108.595553) can0 0800A6A9#0000000000000000
(1779322108.596534) can0 1000A6A9#0D028813324A4A4A
(1779322108.597547) can0 1C00A6A9#0000000000030000
(1779322108.598547) can0 02018100#1003020D00000000
(1779322108.599547) can0 02028100#0000003264000000
(1779322108.600534) can0 02038100#0CD601100CD30102
(1779322108.601534) can0 02048100#4A01014A01010000
(1779322108.602417) can0 1AD#8714000059321818
(1779322108.603424) can0 2AD#D60C800C87140016
(1779322108.604437) can0 3AD#0000000000008714
(1779322108.605450) can0 4AD#EB00000000000000
(1779322108.606451) can0 76A#7F00000000000000
(1779322108.669130) can0 0000E005#1702440003B60591
(1779322108.669686) can0 1806E5F4#13CC010003B6023A
(1779322108.670539) can0 0000E000#13CC13CC020D0000
(1779322108.671538) can0 0000E004#181803B603B601E1
(1779322108.672537) can0 0000E006#0CD50CD30CD50CD5
(1779322108.673538) can0 0000E007#0CD30CD30CD50CD5
(1779322108.674538) can0 0000E008#0CD50CD50CD50CD3
(1779322108.675537) can0 0000E009#0CD50CD50CD50CD6
(1779322108.676563) can0 0000E010#0000000000000000
(1779322108.677557) can0 0000E011#0000000000000000
(1779322108.678538) can0 0000E012#0CD4000200000000
(1779322108.679557) can0 0000F001#0000000000000000
(1779322108.680538) can0 18FF28F4#10320000020D0000
(1779322108.681538) can0 18FE28F4#0CD60CD340400000
(1779322108.682539) can0 18FD28F4#1702FA6F00000000
(1779322108.683428) can0 4D4#000032007D0D0203
(1779322108.684427) can0 4D5#D30CD60C40400000
(1779322108.685538) can0 18914010#0CD6100CD3020000
(1779322108.686538) can0 18904010#020D020D753001FA
(1779322108.687539) can0 18FA28F4#123EA12C10270000
(1779322108.688538) can0 18FB28F4#D60CD30C40400000
(1779322108.689544) can0 18FC28F4#383200000D020000
(1779322108.690539) can0 18F810F3#0D02E80332640100
(1779322108.691538) can0 18F815F3#0000000010030000
(1779322108.692437) can0 273#000000000D023200
(1779322108.693432) can0 1E1#020D271001FA01FA
(1779322108.694449) can0 1F5#0000000000000000
(1779322108.695539) can0 0800A6A9#0000000000000000
(1779322108.696539) can0 1000A6A9#0D028813324A4A4A
(1779322108.697538) can0 1C00A6A9#0000000000030000
(1779322108.698539) can0 02018100#1003020D00000000
(1779322108.699539) can0 02028100#0000003264000000
(1779322108.700538) can0 02038100#0CD601100CD30102
(1779322108.701551) can0 02048100#4A01014A01010000
(1779322108.702416) can0 1AD#8714000059321818
(1779322108.703414) can0 2AD#D60C800C87140016
(1779322108.704435) can0 3AD#0000000000008714
(1779322108.705449) can0 4AD#EB00000000000000
(1779322108.706448) can0 76A#7F00000000000000
(1779322108.769083) can0 0000E005#1702440003B60591
(1779322108.769647) can0 1806E5F4#13CC010003B6023A
(1779322108.770544) can0 0000E000#13CC13CC020D0000
(1779322108.771542) can0 0000E004#181803B603B601E1
(1779322108.772542) can0 0000E006#0CD50CD50CD30CD5
(1779322108.773542) can0 0000E007#0CD30CD30CD50CD5
(1779322108.774542) can0 0000E008#0CD50CD50CD50CD5
(1779322108.775542) can0 0000E009#0CD50CD50CD50CD6
(1779322108.776542) can0 0000E010#0000000000000000
(1779322108.777542) can0 0000E011#0000000000000000
(1779322108.778543) can0 0000E012#0CD4000200000000
(1779322108.779562) can0 0000F001#0000000000000000
(1779322108.780542) can0 18FF28F4#10320000020D0000
(1779322108.781542) can0 18FE28F4#0CD60CD340400000
(1779322108.782543) can0 18FD28F4#1702FA6F00000000
(1779322108.783432) can0 4D4#000032007D0D0203
(1779322108.784412) can0 4D5#D30CD60C40400000
(1779322108.785542) can0 18914010#0CD6100CD3030000
(1779322108.786544) can0 18904010#020D020D753001FA
(1779322108.787543) can0 18FA28F4#123EA12C10270000
(1779322108.788543) can0 18FB28F4#D60CD30C40400000
(1779322108.789543) can0 18FC28F4#383200000D020000
(1779322108.790543) can0 18F810F3#0D02E80332640100
(1779322108.791543) can0 18F815F3#0000000010030000
(1779322108.792434) can0 273#000000000D023200
(1779322108.793414) can0 1E1#020D271001FA01FA
(1779322108.794483) can0 1F5#0000000000000000
(1779322108.795543) can0 0800A6A9#0000000000000000
(1779322108.796543) can0 1000A6A9#0D028813324A4A4A
(1779322108.797543) can0 1C00A6A9#0000000000030000
(1779322108.798544) can0 02018100#1003020D00000000
(1779322108.799543) can0 02028100#0000003264000000
(1779322108.800543) can0 02038100#0CD601100CD30103
(1779322108.801543) can0 02048100#4A01014A01010000
(1779322108.802460) can0 1AD#8714000059321818
(1779322108.803413) can0 2AD#D60C800C87140016
(1779322108.804440) can0 3AD#0000000000008714
(1779322108.805438) can0 4AD#EB00000000000000
(1779322108.806434) can0 76A#7F00000000000000
(1779322108.869120) can0 0000E005#1702440003B60591
(1779322108.869678) can0 1806E5F4#13CC010003B6023A
(1779322108.870548) can0 0000E000#13CC13CC020D0000
(1779322108.871553) can0 0000E004#181803B603B601E1
(1779322108.872487) can0 0000E006#0CD50CD50CD30CD5
(1779322108.873547) can0 0000E007#0CD30CD30CD50CD5
(1779322108.874547) can0 0000E008#0CD50CD50CD50CD5
(1779322108.875487) can0 0000E009#0CD50CD50CD50CD6
(1779322108.876553) can0 0000E010#0000000000000000
(1779322108.877547) can0 0000E011#0000000000000000
(1779322108.878547) can0 0000E012#0CD4000200000000
(1779322108.879598) can0 0000F001#0000000000000000
(1779322108.880547) can0 18FF28F4#10320000020D0000
(1779322108.881547) can0 18FE28F4#0CD60CD340400000
(1779322108.882548) can0 18FD28F4#1702FA6F00000000
(1779322108.883431) can0 4D4#000032007D0D0203
(1779322108.884417) can0 4D5#D30CD60C40400000
(1779322108.885547) can0 18914010#0CD6100CD3030000
(1779322108.886548) can0 18904010#020D020D753001FA
(1779322108.887567) can0 18FA28F4#123EA12C10270000
(1779322108.888548) can0 18FB28F4#D60CD30C40400000
(1779322108.889547) can0 18FC28F4#383200000D020000
(1779322108.890548) can0 18F810F3#0D02E80332640100
(1779322108.891548) can0 18F815F3#0000000010030000
(1779322108.892431) can0 273#000000000D023200
(1779322108.893411) can0 1E1#020D271001FA01FA
(1779322108.894438) can0 1F5#0000000000000000
(1779322108.895548) can0 0800A6A9#0000000000000000
(1779322108.896489) can0 1000A6A9#0D028813324A4A4A
(1779322108.897548) can0 1C00A6A9#0000000000030000
(1779322108.898551) can0 02018100#1003020D00000000
(1779322108.899550) can0 02028100#0000003264000000
(1779322108.900548) can0 02038100#0CD601100CD30103
(1779322108.901548) can0 02048100#4A01014A01010000
(1779322108.902419) can0 1AD#8714000059321818
(1779322108.903411) can0 2AD#D60C800C87140016
(1779322108.904424) can0 3AD#0000000000008714
(1779322108.905436) can0 4AD#EB00000000000000
(1779322108.906437) can0 76A#7F00000000000000
(1779322108.986130) can0 0000E005#1702440003B60591
(1779322108.986689) can0 1806E5F4#13CC010003B6023A
(1779322108.987552) can0 0000E000#13CC13CC020D0000
(1779322108.988552) can0 0000E004#181803B603B601E1
(1779322108.989492) can0 0000E006#0CD50CD50CD50CD3
(1779322108.990492) can0 0000E007#0CD30CD50CD50CD5
(1779322108.991485) can0 0000E008#0CD50CD50CD50CD3
(1779322108.992486) can0 0000E009#0CD30CD50CD50CD6
(1779322108.993552) can0 0000E010#0000000000000000
(1779322108.994553) can0 0000E011#0000000000000000
(1779322108.995552) can0 0000E012#0CD4000200000000
(1779322108.996493) can0 0000E013#4542323630354C43
(1779322108.997552) can0 0000E014#3134323300000000
(1779322108.998553) can0 0000E015#0000000000000003
(1779322108.999553) can0 0000F000#0000000000000000
(1779322109.000553) can0 0000F001#0000000000000000
(1779322109.001553) can0 18FF28F4#10320000020D0000
(1779322109.002553) can0 18FE28F4#0CD60CD340400000
(1779322109.003553) can0 18FD28F4#1702FA6F00000000
(1779322109.004435) can0 4D4#000032007D0D0203
(1779322109.005416) can0 4D5#D30CD60C40400000
(1779322109.006553) can0 18914010#0CD6100CD3040000
(1779322109.007553) can0 18904010#020D020D753001FA
(1779322109.008553) can0 18924010#4001400100000000
(1779322109.009553) can0 18934010#000000840000BC19
(1779322109.010554) can0 18944010#1003000000000000
(1779322109.011553) can0 18954010#0000000000000000
(1779322109.012553) can0 18954010#0100000000000000
(1779322109.013553) can0 18954010#0200000000000000
(1779322109.014553) can0 18954010#0300000000000000
(1779322109.015553) can0 18954010#0400000000000000
(1779322109.016554) can0 18954010#0500000000000000
(1779322109.017553) can0 18964010#0040404000000000
(1779322109.018553) can0 18974010#0000000000000000
(1779322109.019553) can0 18984010#0000000000000000
(1779322109.020554) can0 18FA28F4#123EA12C10270000
(1779322109.021494) can0 18FB28F4#D60CD30C40400000
(1779322109.022554) can0 18FC28F4#383200000D020000
(1779322109.023554) can0 18F810F3#0D02E80332640100
(1779322109.024554) can0 18F811F3#D60C1001D30C0401
(1779322109.025560) can0 18F812F3#4001014001010000
(1779322109.026554) can0 18F813F3#0101000000000000
(1779322109.027554) can0 18F814F3#3200EA1AA9015F00
(1779322109.028554) can0 18F815F3#0000000010030000
(1779322109.029424) can0 273#000000000D023200
(1779322109.030418) can0 1E1#020D271001FA01FA
(1779322109.031444) can0 1F5#0000000000000000
(1779322109.032554) can0 0800A6A9#0000000000000000
(1779322109.033554) can0 1000A6A9#0D028813324A4A4A
(1779322109.034555) can0 1C00A6A9#0000000000030000
(1779322109.035554) can0 02018100#1003020D00000000
(1779322109.036554) can0 02028100#0000003264000000
(1779322109.037554) can0 02038100#0CD601100CD30104
(1779322109.038555) can0 02048100#4A01014A01010000
(1779322109.039400) can0 1AD#8714000059321818
(1779322109.040393) can0 2AD#D60C800C87140016
(1779322109.041430) can0 3AD#0000000000008714
(1779322109.042431) can0 4AD#EB00000000000000
(1779322109.043431) can0 76A#7F00000000000000
(1779322109.102108) can0 0000E005#1702440003B60591
(1779322109.102673) can0 1806E5F4#13CC010003B6023A
(1779322109.103558) can0 0000E000#13CC13CC020D0000
(1779322109.104498) can0 0000E004#181803B603B601E1
(1779322109.105477) can0 0000E006#0CD50CD50CD50CD3
(1779322109.106492) can0 0000E007#0CD30CD50CD50CD5
(1779322109.107491) can0 0000E008#0CD50CD50CD50CD3
(1779322109.108467) can0 0000E009#0CD30CD50CD50CD6
(1779322109.109558) can0 0000E010#0000000000000000
(1779322109.110590) can0 0000E011#0000000000000000
(1779322109.111557) can0 0000E012#0CD4000200000000
(1779322109.112558) can0 0000F001#0000000000000000
(1779322109.113558) can0 18FF28F4#10320000020D0000
(1779322109.114558) can0 18FE28F4#0CD60CD340400000
(1779322109.115558) can0 18FD28F4#1702FA6F00000000
(1779322109.116429) can0 4D4#000032007D0D0203
(1779322109.117406) can0 4D5#D30CD60C40400000
(1779322109.118558) can0 18914010#0CD6100CD3040000
(1779322109.119499) can0 18904010#020D020D753001FA
(1779322109.120497) can0 18FA28F4#123EA12C10270000
(1779322109.121494) can0 18FB28F4#D60CD30C40400000
(1779322109.122559) can0 18FC28F4#383200000D020000
(1779322109.123493) can0 18F810F3#0D02E80332640100
(1779322109.124558) can0 18F815F3#0000000010030000
(1779322109.125422) can0 273#000000000D023200
(1779322109.126416) can0 1E1#020D271001FA01FA
(1779322109.127434) can0 1F5#0000000000000000
(1779322109.128559) can0 0800A6A9#0000000000000000
(1779322109.129472) can0 1000A6A9#0D028813324A4A4A
(1779322109.130559) can0 1C00A6A9#0000000000030000
(1779322109.131559) can0 02018100#1003020D00000000
(1779322109.132558) can0 02028100#0000003264000000
(1779322109.133558) can0 02038100#0CD601100CD30104
(1779322109.134499) can0 02048100#4A01014A01010000
(1779322109.135396) can0 1AD#8714000059321818
(1779322109.136396) can0 2AD#D60C800C87140016
(1779322109.137428) can0 3AD#0000000000008714
(1779322109.138422) can0 4AD#EB00000000000000
(1779322109.139435) can0 76A#7F00000000000000
(1779322109.202072) can0 0000E005#1702440003B60591
(1779322109.202611) can0 1806E5F4#13CC010003B6023A
(1779322109.203563) can0 0000E000#13CC13CC020D0000
(1779322109.204503) can0 0000E004#181803B603B601E1
(1779322109.205479) can0 0000E006#0CD50CD50CD50CD3
(1779322109.206479) can0 0000E007#0CD30CD50CD50CD5
(1779322109.207479) can0 0000E008#0CD50CD50CD50CD3
(1779322109.208479) can0 0000E009#0CD30CD50CD50CD6
(1779322109.209562) can0 0000E010#0000000000000000
(1779322109.210563) can0 0000E011#0000000000000000
(1779322109.211562) can0 0000E012#0CD4000200000000
(1779322109.212562) can0 0000F001#0000000000000000
(1779322109.213563) can0 18FF28F4#10320000020D0000
(1779322109.214500) can0 18FE28F4#0CD60CD340400000
(1779322109.215502) can0 18FD28F4#1702FA6F00000000
(1779322109.216419) can0 4D4#000032007D0D0203
(1779322109.217400) can0 4D5#D30CD60C40400000
(1779322109.218494) can0 18914010#0CD6100CD3040000
(1779322109.219496) can0 18904010#020D020D753001FA
(1779322109.220563) can0 18FA28F4#123EA12C10270000
(1779322109.221480) can0 18FB28F4#D60CD30C40400000
(1779322109.222564) can0 18FC28F4#383200000D020000
(1779322109.223474) can0 18F810F3#0D02E80332640100
(1779322109.224563) can0 18F815F3#0000000010030000
(1779322109.225427) can0 273#000000000D023200
(1779322109.226404) can0 1E1#020D271001FA01FA
(1779322109.227439) can0 1F5#0000000000000000
(1779322109.228564) can0 0800A6A9#0000000000000000
(1779322109.229474) can0 1000A6A9#0D028813324A4A4A
(1779322109.230563) can0 1C00A6A9#0000000000030000
(1779322109.231563) can0 02018100#1003020D00000000
(1779322109.232563) can0 02028100#0000003264000000
(1779322109.233504) can0 02038100#0CD601100CD30104
(1779322109.234503) can0 02048100#4A01014A01010000
(1779322109.235401) can0 1AD#8714000059321818
(1779322109.236401) can0 2AD#D60C800C87140016
(1779322109.237413) can0 3AD#0000000000008714
(1779322109.238419) can0 4AD#EB00000000000000
(1779322109.239421) can0 76A#7F00000000000000
(1779322109.302053) can0 0000E005#1702440003B60591
(1779322109.302612) can0 1806E5F4#13CC010003B6023A
(1779322109.303567) can0 0000E000#13CC13CC020D0000
(1779322109.304501) can0 0000E004#181803B603B601E1
(1779322109.305482) can0 0000E006#0CD50CD30CD30CD5
(1779322109.306477) can0 0000E007#0CD50CD30CD50CD5
(1779322109.307476) can0 0000E008#0CD50CD50CD30CD3
(1779322109.308476) can0 0000E009#0CD50CD50CD50CD5
(1779322109.309567) can0 0000E010#0000000000000000
(1779322109.310567) can0 0000E011#0000000000000000
(1779322109.311567) can0 0000E012#0CD4000100000000
(1779322109.312567) can0 0000F001#0000000000000000
(1779322109.313508) can0 18FF28F4#10320000020D0000
(1779322109.314484) can0 18FE28F4#0CD50CD340400000
(1779322109.315500) can0 18FD28F4#1702FA6F00000000
(1779322109.316424) can0 4D4#000032007D0D0203
(1779322109.317418) can0 4D5#D30CD50C40400000
(1779322109.318477) can0 18914010#0CD5010CD3020000
(1779322109.319501) can0 18904010#020D020D753001FA
(1779322109.320489) can0 18FA28F4#123EA12C10270000
(1779322109.321490) can0 18FB28F4#D50CD30C40400000
(1779322109.322507) can0 18FC28F4#383200000D020000
(1779322109.323471) can0 18F810F3#0D02E80332640100
(1779322109.324568) can0 18F815F3#0000000010030000
(1779322109.325451) can0 273#000000000D023200
(1779322109.326406) can0 1E1#020D271001FA01FA
(1779322109.327431) can0 1F5#0000000000000000
(1779322109.328568) can0 0800A6A9#0000000000000000
(1779322109.329466) can0 1000A6A9#0D028813324A4A4A
(1779322109.330502) can0 1C00A6A9#0000000000030000
(1779322109.331571) can0 02018100#1003020D00000000
(1779322109.332571) can0 02028100#0000003264000000
(1779322109.333569) can0 02038100#0CD501010CD30102
(1779322109.334492) can0 02048100#4A01014A01010000
(1779322109.335394) can0 1AD#8714000059321818
(1779322109.336393) can0 2AD#D50C800C87140016
(1779322109.337412) can0 3AD#0000000000008714
(1779322109.338425) can0 4AD#EB00000000000000
(1779322109.339417) can0 76A#7F00000000000000
(1779322109.402103) can0 0000E005#1702440003B60591
(1779322109.402668) can0 1806E5F4#13CC010003B6023A
(1779322109.403495) can0 0000E000#13CC13CC020D0000
(1779322109.404494) can0 0000E004#181803B603B601E1
(1779322109.405475) can0 0000E006#0CD50CD30CD30CD5
(1779322109.406474) can0 0000E007#0CD50CD30CD50CD5
(1779322109.407469) can0 0000E008#0CD50CD50CD30CD3
(1779322109.408473) can0 0000E009#0CD50CD50CD50CD5
(1779322109.409572) can0 0000E010#0000000000000000
(1779322109.410572) can0 0000E011#0000000000000000
(1779322109.411513) can0 0000E012#0CD4000100000000
(1779322109.412573) can0 0000F001#0000000000000000
(1779322109.413507) can0 18FF28F4#10320000020D0000
(1779322109.414482) can0 18FE28F4#0CD50CD340400000
(1779322109.415505) can0 18FD28F4#1702FA6F00000000
(1779322109.416423) can0 4D4#000032007D0D0203
(1779322109.417384) can0 4D5#D30CD50C40400000
(1779322109.418573) can0 18914010#0CD5010CD3020000
(1779322109.419485) can0 18904010#020D020D753001FA
(1779322109.420488) can0 18FA28F4#123EA12C10270000
(1779322109.421482) can0 18FB28F4#D50CD30C40400000
(1779322109.422573) can0 18FC28F4#383200000D020000
(1779322109.423477) can0 18F810F3#0D02E80332640100
(1779322109.424512) can0 18F815F3#0000000010030000
(1779322109.425416) can0 273#000000000D023200
(1779322109.426398) can0 1E1#020D271001FA01FA
(1779322109.427430) can0 1F5#0000000000000000
(1779322109.428506) can0 0800A6A9#0000000000000000
(1779322109.429469) can0 1000A6A9#0D028813324A4A4A
(1779322109.430507) can0 1C00A6A9#0000000000030000
(1779322109.431573) can0 02018100#1003020D00000000
(1779322109.432513) can0 02028100#0000003264000000
(1779322109.433489) can0 02038100#0CD501010CD30102
(1779322109.434489) can0 02048100#4A01014A01010000
(1779322109.435390) can0 1AD#8714000059321818
(1779322109.436391) can0 2AD#D50C800C87140016
(1779322109.437417) can0 3AD#0000000000008714
(1779322109.438417) can0 4AD#EB00000000000000
(1779322109.439429) can0 76A#7F00000000000000
(1779322109.519095) can0 0000E005#1702440003B60591
(1779322109.519653) can0 1806E5F4#13CC010003B6023A
(1779322109.520494) can0 0000E000#13CC13CC020D0000
(1779322109.521479) can0 0000E004#181803B603B601E1
(1779322109.522466) can0 0000E006#0CD50CD30CD30CD3
(1779322109.523466) can0 0000E007#0CD30CD30CD50CD5
(1779322109.524474) can0 0000E008#0CD50CD50CD50CD3
(1779322109.525462) can0 0000E009#0CD50CD50CD50CD6
(1779322109.526578) can0 0000E010#0000000000000000
(1779322109.527519) can0 0000E011#0000000000000000
(1779322109.528500) can0 0000E012#0CD4000200000000
(1779322109.529465) can0 0000E013#4542323630354C43
(1779322109.530494) can0 0000E014#3134323300000000
(1779322109.531517) can0 0000E015#0000000000000003
(1779322109.532577) can0 0000F000#0000000000000000
(1779322109.533506) can0 0000F001#0000000000000000
(1779322109.534500) can0 18FF28F4#10320000020D0000
(1779322109.535481) can0 18FE28F4#0CD60CD340400000
(1779322109.536481) can0 18FD28F4#1702FA6F00000000
(1779322109.537402) can0 4D4#000032007D0D0203
(1779322109.538383) can0 4D5#D30CD60C40400000
(1779322109.539475) can0 18914010#0CD6100CD3020000
(1779322109.540494) can0 18904010#020D020D753001FA
(1779322109.541488) can0 18924010#4001400100000000
(1779322109.542487) can0 18934010#000000850000BC19
(1779322109.543499) can0 18944010#1003000000000000
(1779322109.544518) can0 18954010#0000000000000000
(1779322109.545513) can0 18954010#0100000000000000
(1779322109.546519) can0 18954010#0200000000000000
(1779322109.547518) can0 18954010#0300000000000000
(1779322109.548578) can0 18954010#0400000000000000
(1779322109.549506) can0 18954010#0500000000000000
(1779322109.550500) can0 18964010#0040404000000000
(1779322109.551517) can0 18974010#0000000000000000
(1779322109.552511) can0 18984010#0000000000000000
(1779322109.553474) can0 18FA28F4#123EA12C10270000
(1779322109.554469) can0 18FB28F4#D60CD30C40400000
(1779322109.555501) can0 18FC28F4#383200000D020000
(1779322109.556518) can0 18F810F3#0D02E80332640100
(1779322109.557474) can0 18F811F3#D60C1001D30C0201
(1779322109.558489) can0 18F812F3#4001014001010000
(1779322109.559511) can0 18F813F3#0101000000000000
(1779322109.560468) can0 18F814F3#3200EA1AA9015F00
(1779322109.561502) can0 18F815F3#0000000010030000
(1779322109.562404) can0 273#000000000D023200
(1779322109.563403) can0 1E1#020D271001FA01FA
(1779322109.564461) can0 1F5#0000000000000000
(1779322109.565501) can0 0800A6A9#0000000000000000
(1779322109.566456) can0 1000A6A9#0D028813324A4A4A
(1779322109.567482) can0 1C00A6A9#0000000000030000
(1779322109.568501) can0 02018100#1003020D00000000
(1779322109.569496) can0 02028100#0000003264000000
(1779322109.570476) can0 02038100#0CD601100CD30102
(1779322109.571476) can0 02048100#4A01014A01010000
(1779322109.572430) can0 1AD#8714000059321818
(1779322109.573381) can0 2AD#D60C800C87140016
(1779322109.574410) can0 3AD#0000000000008714
(1779322109.575410) can0 4AD#EB00000000000000
(1779322109.576404) can0 76A#7F00000000000000
(1779322109.635043) can0 0000E005#1702440003B60591
(1779322109.635601) can0 1806E5F4#13CC010003B6023A
(1779322109.636480) can0 0000E000#13CC13CC020D0000
(1779322109.637479) can0 0000E004#181803B603B601E1
(1779322109.638462) can0 0000E006#0CD50CD30CD30CD3
(1779322109.639465) can0 0000E007#0CD30CD30CD50CD5
(1779322109.640464) can0 0000E008#0CD50CD50CD50CD3
(1779322109.641505) can0 0000E009#0CD50CD50CD50CD6
(1779322109.642506) can0 0000E010#0000000000000000
(1779322109.643498) can0 0000E011#0000000000000000
(1779322109.644486) can0 0000E012#0CD4000200000000
(1779322109.645516) can0 0000F001#0000000000000000
(1779322109.646498) can0 18FF28F4#10320000020D0000
(1779322109.647479) can0 18FE28F4#0CD60CD340400000
(1779322109.648493) can0 18FD28F4#1702FA6F00000000
(1779322109.649446) can0 4D4#000032007D0D0203
(1779322109.650378) can0 4D5#D30CD60C40400000
(1779322109.651473) can0 18914010#0CD6100CD3020000
(1779322109.652473) can0 18904010#020D020D753001FA
(1779322109.653486) can0 18FA28F4#123EA12C10270000
(1779322109.654470) can0 18FB28F4#D60CD30C40400000
(1779322109.655499) can0 18FC28F4#383200000D020000
(1779322109.656472) can0 18F810F3#0D02E80332640100
(1779322109.657493) can0 18F815F3#0000000010030000
(1779322109.658401) can0 273#000000000D023200
(1779322109.659383) can0 1E1#020D271001FA01FA
(1779322109.660414) can0 1F5#0000000000000000
(1779322109.661505) can0 0800A6A9#0000000000000000
(1779322109.662455) can0 1000A6A9#0D028813324A4A4A
(1779322109.663486) can0 1C00A6A9#0000000000030000
(1779322109.664503) can0 02018100#1003020D00000000
(1779322109.665502) can0 02028100#0000003264000000
(1779322109.666485) can0 02038100#0CD601100CD30102
(1779322109.667480) can0 02048100#4A01014A01010000
(1779322109.668383) can0 1AD#8714000059321818
(1779322109.669376) can0 2AD#D60C800C87140016
(1779322109.670408) can0 3AD#0000000000008714
(1779322109.671402) can0 4AD#EB00000000000000
(1779322109.672415) can0 76A#7F00000000000000
(1779322109.735041) can0 0000E005#1702440003B60591
(1779322109.735610) can0 1806E5F4#13CC010003B6023A
(1779322109.736490) can0 0000E000#13CC13CC020D0000
(1779322109.737477) can0 0000E004#181803B603B601E1
(1779322109.738463) can0 0000E006#0CD50CD30CD30CD3
(1779322109.739458) can0 0000E007#0CD30CD30CD50CD5
(1779322109.740456) can0 0000E008#0CD50CD50CD50CD3
(1779322109.741456) can0 0000E009#0CD50CD50CD50CD6
(1779322109.742521) can0 0000E010#0000000000000000
(1779322109.743497) can0 0000E011#0000000000000000
(1779322109.744478) can0 0000E012#0CD4000200000000
(1779322109.745510) can0 0000F001#0000000000000000
(1779322109.746491) can0 18FF28F4#10320000020D0000
(1779322109.747475) can0 18FE28F4#0CD60CD340400000
(1779322109.748490) can0 18FD28F4#1702FA6F00000000
(1779322109.749393) can0 4D4#000032007D0D0203
(1779322109.750374) can0 4D5#D30CD60C40400000
(1779322109.751469) can0 18914010#0CD6100CD3020000
(1779322109.752473) can0 18904010#020D020D753001FA
(1779322109.753478) can0 18FA28F4#123EA12C10270000
(1779322109.754472) can0 18FB28F4#D60CD30C40400000
(1779322109.755491) can0 18FC28F4#383200000D020000
(1779322109.756464) can0 18F810F3#0D02E80332640100
(1779322109.757504) can0 18F815F3#0000000010030000
(1779322109.758394) can0 273#000000000D023200
(1779322109.759391) can0 1E1#020D271001FA01FA
(1779322109.760407) can0 1F5#0000000000000000
(1779322109.761497) can0 0800A6A9#0000000000000000
(1779322109.762458) can0 1000A6A9#0D028813324A4A4A
(1779322109.763497) can0 1C00A6A9#0000000000030000
(1779322109.764498) can0 02018100#1003020D00000000
(1779322109.765491) can0 02028100#0000003264000000
(1779322109.766478) can0 02038100#0CD601100CD30102
(1779322109.767477) can0 02048100#4A01014A01010000
(1779322109.768375) can0 1AD#8714000059321818
(1779322109.769375) can0 2AD#D60C800C87140016
(1779322109.770406) can0 3AD#0000000000008714
(1779322109.771429) can0 4AD#EB00000000000000
(1779322109.772414) can0 76A#7F00000000000000
(1779322109.835088) can0 0000E005#1702440003B60591
(1779322109.835646) can0 1806E5F4#13CC010003B6023A
(1779322109.836486) can0 0000E000#13CC13CC020D0000
(1779322109.837475) can0 0000E004#181803B603B601E1
(1779322109.838455) can0 0000E006#0CD50CD50CD50CD5
(1779322109.839455) can0 0000E007#0CD30CD30CD50CD5
(1779322109.840473) can0 0000E008#0CD50CD50CD50CD5
(1779322109.841455) can0 0000E009#0CD50CD50CD50CD6
(1779322109.842515) can0 0000E010#0000000000000000
(1779322109.843495) can0 0000E011#0000000000000000
(1779322109.844494) can0 0000E012#0CD4000200000000
(1779322109.845508) can0 0000F001#0000000000000000
(1779322109.846489) can0 18FF28F4#10320000020D0000
(1779322109.847474) can0 18FE28F4#0CD60CD340400000
(1779322109.848500) can0 18FD28F4#1702FA6F00000000
(1779322109.849391) can0 4D4#000032007D0D0203
(1779322109.850372) can0 4D5#D30CD60C40400000
(1779322109.851468) can0 18914010#0CD6100CD3050000
(1779322109.852468) can0 18904010#020D020D753001FA
(1779322109.853481) can0 18FA28F4#123EA12C10270000
(1779322109.854468) can0 18FB28F4#D60CD30C40400000
(1779322109.855489) can0 18FC28F4#383200000D020000
(1779322109.856493) can0 18F810F3#0D02E80332640100
(1779322109.857490) can0 18F815F3#0000000010030000
(1779322109.858392) can0 273#000000000D023200
(1779322109.859379) can0 1E1#020D271001FA01FA
(1779322109.860402) can0 1F5#0000000000000000
(1779322109.861497) can0 0800A6A9#0000000000000000
(1779322109.862457) can0 1000A6A9#0D028813324A4A4A
(1779322109.863482) can0 1C00A6A9#0000000000030000
(1779322109.864533) can0 02018100#1003020D00000000
(1779322109.865490) can0 02028100#0000003264000000
(1779322109.866482) can0 02038100#0CD601100CD30105
(1779322109.867475) can0 02048100#4A01014A01010000
(1779322109.868373) can0 1AD#8714000059321818
(1779322109.869373) can0 2AD#D60C800C87140016
(1779322109.870406) can0 3AD#0000000000008714
(1779322109.871399) can0 4AD#EB00000000000000
(1779322109.872441) can0 76A#7F00000000000000
(1779322109.935039) can0 0000E005#1702440003B60591
(1779322109.935596) can0 1806E5F4#13CC010003B6023A
(1779322109.936480) can0 0000E000#13CC13CC020D0000
(1779322109.937472) can0 0000E004#181803B603B601E1
(1779322109.938459) can0 0000E006#0CD50CD50CD50CD5
(1779322109.939453) can0 0000E007#0CD30CD30CD50CD5
(1779322109.940453) can0 0000E008#0CD50CD50CD50CD5
(1779322109.941482) can0 0000E009#0CD50CD50CD50CD6
(1779322109.942494) can0 0000E010#0000000000000000
(1779322109.943493) can0 0000E011#0000000000000000
(1779322109.944478) can0 0000E012#0CD4000200000000
(1779322109.945489) can0 0000F001#0000000000000000
(1779322109.946488) can0 18FF28F4#10320000020D0000
(1779322109.947459) can0 18FE28F4#0CD60CD340400000
(1779322109.948472) can0 18FD28F4#1702FA6F00000000
(1779322109.949440) can0 4D4#000032007D0D0203
(1779322109.950377) can0 4D5#D30CD60C40400000
(1779322109.951473) can0 18914010#0CD6100CD3050000
(1779322109.952467) can0 18904010#020D020D753001FA
(1779322109.953461) can0 18FA28F4#123EA12C10270000
(1779322109.954462) can0 18FB28F4#D60CD30C40400000
(1779322109.955495) can0 18FC28F4#383200000D020000
(1779322109.956461) can0 18F810F3#0D02E80332640100
(1779322109.957597) can0 18F815F3#0000000010030000
(1779322109.958392) can0 273#000000000D023200
(1779322109.959371) can0 1E1#020D271001FA01FA
(1779322109.960403) can0 1F5#0000000000000000
(1779322109.961494) can0 0800A6A9#0000000000000000
(1779322109.962448) can0 1000A6A9#0D028813324A4A4A
(1779322109.963479) can0 1C00A6A9#0000000000030000
(1779322109.964487) can0 02018100#1003020D00000000
(1779322109.965484) can0 02028100#0000003264000000
(1779322109.966474) can0 02038100#0CD601100CD30105
(1779322109.967474) can0 02048100#4A01014A01010000
(1779322109.968378) can0 1AD#8714000059321818
(1779322109.969361) can0 2AD#D60C800C87140016
(1779322109.970397) can0 3AD#0000000000008714
(1779322109.971397) can0 4AD#EB00000000000000
(1779322109.972390) can0 76A#7F00000000000000
(1779322110.052028) can0 0000E005#1702440003B60591
(1779322110.052605) can0 1806E5F4#13CC010003B6023A
(1779322110.053480) can0 0000E000#13CC13CC020D0000
(1779322110.054465) can0 0000E004#181803B603B601E1
(1779322110.055443) can0 0000E006#0CD50CD50CD50CD3
(1779322110.056446) can0 0000E007#0CD30CD30CD30CD5
(1779322110.057446) can0 0000E008#0CD50CD50CD30CD3
(1779322110.058440) can0 0000E009#0CD50CD50CD50CD6
(1779322110.059503) can0 0000E010#0000000000000000
(1779322110.060491) can0 0000E011#0000000000000000
(1779322110.061484) can0 0000E012#0CD4000200000000
(1779322110.062453) can0 0000E013#4542323630354C43
(1779322110.063485) can0 0000E014#3134323300000000
(1779322110.064493) can0 0000E015#0000000000000003
(1779322110.065493) can0 0000F000#0000000000000000
(1779322110.066493) can0 0000F001#0000000000000000
(1779322110.067478) can0 18FF28F4#10320000020D0000
(1779322110.068459) can0 18FE28F4#0CD60CD340400000
(1779322110.069473) can0 18FD28F4#1702FA6F00000000
(1779322110.070388) can0 4D4#000032007D0D0203
(1779322110.071389) can0 4D5#D30CD60C40400000
(1779322110.072472) can0 18914010#0CD6100CD3040000
(1779322110.073465) can0 18904010#020D020D753001FA
(1779322110.074485) can0 18924010#4001400100000000
(1779322110.075466) can0 18934010#000000860000BC19
(1779322110.076479) can0 18944010#1003000000000000
(1779322110.077494) can0 18954010#0000000000000000
(1779322110.078505) can0 18954010#0100000000000000
(1779322110.079523) can0 18954010#0200000000000000
(1779322110.080492) can0 18954010#0300000000000000
(1779322110.081492) can0 18954010#0400000000000000
(1779322110.082483) can0 18954010#0500000000000000
(1779322110.083485) can0 18964010#0040404000000000
(1779322110.084494) can0 18974010#0000000000000000
(1779322110.085479) can0 18984010#0000000000000000
(1779322110.086461) can0 18FA28F4#123EA12C10270000
(1779322110.087492) can0 18FB28F4#D60CD30C40400000
(1779322110.088485) can0 18FC28F4#383200000D020000
(1779322110.089454) can0 18F810F3#0D02E80332640100
(1779322110.090459) can0 18F811F3#D60C1001D30C0401
(1779322110.091460) can0 18F812F3#4001014001010000
(1779322110.092492) can0 18F813F3#0101000000000000
(1779322110.093460) can0 18F814F3#3200EA1AA9015F00
(1779322110.094481) can0 18F815F3#0000000010030000
(1779322110.095421) can0 273#000000000D023200
(1779322110.096371) can0 1E1#020D271001FA01FA
(1779322110.097396) can0 1F5#0000000000000000
(1779322110.098492) can0 0800A6A9#0000000000000000
(1779322110.099441) can0 1000A6A9#0D028813324A4A4A
(1779322110.100474) can0 1C00A6A9#0000000000030000
(1779322110.101486) can0 02018100#1003020D00000000
(1779322110.102483) can0 02028100#0000003264000000
(1779322110.103513) can0 02038100#0CD601100CD30104
(1779322110.104467) can0 02048100#4A01014A01010000
(1779322110.105371) can0 1AD#8714000059321818
(1779322110.106360) can0 2AD#D60C800C87140016
(1779322110.107385) can0 3AD#0000000000008714
(1779322110.108397) can0 4AD#EB00000000000000
(1779322110.109397) can0 76A#7F00000000000000
(1779322110.168045) can0 0000E005#1702440003B60591
(1779322110.168611) can0 1806E5F4#13CC010003B6023A
(1779322110.169466) can0 0000E000#13CC13CC020D0000
(1779322110.170464) can0 0000E004#181803B603B601E1
(1779322110.171440) can0 0000E006#0CD50CD50CD50CD3
(1779322110.172495) can0 0000E007#0CD30CD30CD30CD5
(1779322110.173444) can0 0000E008#0CD50CD50CD30CD3
(1779322110.174445) can0 0000E009#0CD50CD50CD50CD6
(1779322110.175485) can0 0000E010#0000000000000000
(1779322110.176489) can0 0000E011#0000000000000000
(1779322110.177470) can0 0000E012#0CD4000200000000
(1779322110.178499) can0 0000F001#0000000000000000
(1779322110.179483) can0 18FF28F4#10320000020D0000
(1779322110.180496) can0 18FE28F4#0CD60CD340400000
(1779322110.181464) can0 18FD28F4#1702FA6F00000000
(1779322110.182381) can0 4D4#000032007D0D0203
(1779322110.183357) can0 4D5#D30CD60C40400000
(1779322110.184458) can0 18914010#0CD6100CD3040000
(1779322110.185457) can0 18904010#020D020D753001FA
(1779322110.186458) can0 18FA28F4#123EA12C10270000
(1779322110.187449) can0 18FB28F4#D60CD30C40400000
(1779322110.188483) can0 18FC28F4#383200000D020000
(1779322110.189452) can0 18F810F3#0D02E80332640100
(1779322110.190484) can0 18F815F3#0000000010030000
(1779322110.191381) can0 273#000000000D023200
(1779322110.192362) can0 1E1#020D271001FA01FA
(1779322110.193396) can0 1F5#0000000000000000
(1779322110.194491) can0 0800A6A9#0000000000000000
(1779322110.195434) can0 1000A6A9#0D028813324A4A4A
(1779322110.196472) can0 1C00A6A9#0000000000030000
(1779322110.197484) can0 02018100#1003020D00000000
(1779322110.198485) can0 02028100#0000003264000000
(1779322110.199464) can0 02038100#0CD601100CD30104
(1779322110.200460) can0 02048100#4A01014A01010000
(1779322110.201363) can0 1AD#8714000059321818
(1779322110.202356) can0 2AD#D60C800C87140016
(1779322110.203389) can0 3AD#0000000000008714
(1779322110.204388) can0 4AD#EB00000000000000
(1779322110.205382) can0 76A#7F00000000000000
(1779322110.268060) can0 0000E005#1702440003B60591
(1779322110.268620) can0 1806E5F4#13CC010003B6023A
(1779322110.269471) can0 0000E000#13CC13CC020D0000
(1779322110.270456) can0 0000E004#181803B603B601E1
(1779322110.271455) can0 0000E006#0CD50CD50CD50CD3
(1779322110.272444) can0 0000E007#0CD30CD30CD30CD5
(1779322110.273430) can0 0000E008#0CD50CD50CD30CD3
(1779322110.274450) can0 0000E009#0CD50CD50CD50CD6
(1779322110.275493) can0 0000E010#0000000000000000
(1779322110.276493) can0 0000E011#0000000000000000
(1779322110.277474) can0 0000E012#0CD4000200000000
(1779322110.278488) can0 0000F001#0000000000000000
(1779322110.279468) can0 18FF28F4#10320000020D0000
(1779322110.280452) can0 18FE28F4#0CD60CD340400000
(1779322110.281469) can0 18FD28F4#1702FA6F00000000
(1779322110.282385) can0 4D4#000032007D0D0203
(1779322110.283366) can0 4D5#D30CD60C40400000
(1779322110.284459) can0 18914010#0CD6100CD3040000
(1779322110.285462) can0 18904010#020D020D753001FA
(1779322110.286462) can0 18FA28F4#123EA12C10270000
(1779322110.287455) can0 18FB28F4#D60CD30C40400000
(1779322110.288475) can0 18FC28F4#383200000D020000
(1779322110.289456) can0 18F810F3#0D02E80332640100
(1779322110.290488) can0 18F815F3#0000000010030000
(1779322110.291386) can0 273#000000000D023200
(1779322110.292368) can0 1E1#020D271001FA01FA
(1779322110.293398) can0 1F5#0000000000000000
(1779322110.294495) can0 0800A6A9#0000000000000000
(1779322110.295444) can0 1000A6A9#0D028813324A4A4A
(1779322110.296469) can0 1C00A6A9#0000000000030000
(1779322110.297475) can0 02018100#1003020D00000000
(1779322110.298488) can0 02028100#0000003264000000
(1779322110.299469) can0 02038100#0CD601100CD30104
(1779322110.300463) can0 02048100#4A01014A01010000
(1779322110.301348) can0 1AD#8714000059321818
(1779322110.302380) can0 2AD#D60C800C87140016
(1779322110.303374) can0 3AD#0000000000008714
(1779322110.304385) can0 4AD#EB00000000000000
(1779322110.305387) can0 76A#7F00000000000000
(1779322110.368026) can0 0000E005#1702440003B60591
(1779322110.368619) can0 1806E5F4#13CC010003B6023A
(1779322110.369452) can0 0000E000#13CC13CC020D0000
(1779322110.370460) can0 0000E004#181803B603B601E1
(1779322110.371454) can0 0000E006#0CD50CD50CD30CD5
(1779322110.372442) can0 0000E007#0CD30CD30CD50CD5
(1779322110.373435) can0 0000E008#0CD50CD50CD50CD3
(1779322110.374439) can0 0000E009#0CD50CD50CD50CD6
(1779322110.375479) can0 0000E010#0000000000000000
(1779322110.376480) can0 0000E011#0000000000000000
(1779322110.377458) can0 0000E012#0CD4000200000000
(1779322110.378493) can0 0000F001#0000000000000000
(1779322110.379493) can0 18FF28F4#10320000020D0000
(1779322110.380442) can0 18FE28F4#0CD60CD340400000
(1779322110.381450) can0 18FD28F4#1702FA6F00000000
(1779322110.382371) can0 4D4#000032007D0D0203
(1779322110.383359) can0 4D5#D30CD60C40400000
(1779322110.384448) can0 18914010#0CD6100CD3030000
(1779322110.385448) can0 18904010#020D020D753001FA
(1779322110.386461) can0 18FA28F4#123EA12C10270000
(1779322110.387480) can0 18FB28F4#D60CD30C40400000
(1779322110.388480) can0 18FC28F4#383200000D020000
(1779322110.389442) can0 18F810F3#0D02E80332640100
(1779322110.390474) can0 18F815F3#0000000010030000
(1779322110.391378) can0 273#000000000D023200
(1779322110.392359) can0 1E1#020D271001FA01FA
(1779322110.393388) can0 1F5#0000000000000000
(1779322110.394468) can0 0800A6A9#0000000000000000
(1779322110.395467) can0 1000A6A9#0D028813324A4A4A
(1779322110.396462) can0 1C00A6A9#0000000000030000
(1779322110.397480) can0 02018100#1003020D00000000
(1779322110.398475) can0 02028100#0000003264000000
(1779322110.399456) can0 02038100#0CD601100CD30103
(1779322110.400455) can0 02048100#4A01014A01010000
(1779322110.401351) can0 1AD#8714000059321818
(1779322110.402353) can0 2AD#D60C800C87140016
(1779322110.403417) can0 3AD#0000000000008714
(1779322110.404378) can0 4AD#EB00000000000000
(1779322110.405374) can0 76A#7F00000000000000
(1779322110.468015) can0 0000E005#1702440003B60591
(1779322110.468624) can0 1806E5F4#13CC010003B6023A
(1779322110.469466) can0 0000E000#13CC13CC020D0000
(1779322110.470445) can0 0000E004#181803B603B601E1
(1779322110.471433) can0 0000E006#0CD50CD50CD30CD5
(1779322110.472459) can0 0000E007#0CD30CD30CD50CD5
(1779322110.473446) can0 0000E008#0CD50CD50CD50CD3
(1779322110.474424) can0 0000E009#0CD50CD50CD50CD6
(1779322110.475491) can0 0000E010#0000000000000000
(1779322110.476484) can0 0000E011#0000000000000000
(1779322110.477472) can0 0000E012#0CD4000200000000
(1779322110.478476) can0 0000F001#0000000000000000
(1779322110.479466) can0 18FF28F4#10320000020D0000
(1779322110.480497) can0 18FE28F4#0CD60CD340400000
(1779322110.481466) can0 18FD28F4#1702FA6F00000000
(1779322110.482363) can0 4D4#000032007D0D0203
(1779322110.483351) can0 4D5#D30CD60C40400000
(1779322110.484441) can0 18914010#0CD6100CD3030000
(1779322110.485440) can0 18904010#020D020D753001FA
(1779322110.486455) can0 18FA28F4#123EA12C10270000
(1779322110.487440) can0 18FB28F4#D60CD30C40400000
(1779322110.488512) can0 18FC28F4#383200000D020000
(1779322110.489434) can0 18F810F3#0D02E80332640100
(1779322110.490461) can0 18F815F3#0000000010030000
(1779322110.491370) can0 273#000000000D023200
(1779322110.492363) can0 1E1#020D271001FA01FA
(1779322110.493383) can0 1F5#0000000000000000
(1779322110.494480) can0 0800A6A9#0000000000000000
(1779322110.495428) can0 1000A6A9#0D028813324A4A4A
(1779322110.496459) can0 1C00A6A9#0000000000030000
(1779322110.497473) can0 02018100#1003020D00000000
(1779322110.498463) can0 02028100#0000003264000000
(1779322110.499453) can0 02038100#0CD601100CD30103
(1779322110.500447) can0 02048100#4A01014A01010000
(1779322110.501351) can0 1AD#8714000059321818
(1779322110.502338) can0 2AD#D60C800C87140016
(1779322110.503377) can0 3AD#0000000000008714
(1779322110.504370) can0 4AD#EB00000000000000
(1779322110.505384) can0 76A#7F00000000000000
(1779322110.585010) can0 0000E005#1702440003B60591
(1779322110.585567) can0 1806E5F4#13CC010003B6023A
(1779322110.586451) can0 0000E000#13CC13CC020D0000
(1779322110.587445) can0 0000E004#181803B603B601E1
(1779322110.588428) can0 0000E006#0CD50CD30CD50CD5
(1779322110.589425) can0 0000E007#0CD30CD30CD50CD5
(1779322110.590425) can0 0000E008#0CD50CD50CD50CD3
(1779322110.591425) can0 0000E009#0CD50CD50CD50CD5
(1779322110.592481) can0 0000E010#0000000000000000
(1779322110.593470) can0 0000E011#0000000000000000
(1779322110.594471) can0 0000E012#0CD4000100000000
(1779322110.595432) can0 0000E013#4542323630354C43
(1779322110.596445) can0 0000E014#3134323300000000
(1779322110.597476) can0 0000E015#0000000000000003
(1779322110.598477) can0 0000F000#0000000000000000
(1779322110.599476) can0 0000F001#0000000000000000
(1779322110.600452) can0 18FF28F4#10320000020D0000
(1779322110.601439) can0 18FE28F4#0CD50CD340400000
(1779322110.602471) can0 18FD28F4#1702FA6F00000000
(1779322110.603369) can0 4D4#000032007D0D0203
(1779322110.604351) can0 4D5#D30CD50C40400000
(1779322110.605432) can0 18914010#0CD5010CD3020000
(1779322110.606446) can0 18904010#020D020D753001FA
(1779322110.607458) can0 18924010#4001400100000000
(1779322110.608445) can0 18934010#000000870000BC19
(1779322110.609458) can0 18944010#1003000000000000
(1779322110.610503) can0 18954010#0000000000000000
(1779322110.611484) can0 18954010#0100000000000000
(1779322110.612468) can0 18954010#0200000000000000
(1779322110.613465) can0 18954010#0300000000000000
(1779322110.614465) can0 18954010#0400000000000000
(1779322110.615465) can0 18954010#0500000000000000
(1779322110.616460) can0 18964010#0040404000000000
(1779322110.617471) can0 18974010#0000000000000000
(1779322110.618485) can0 18984010#0000000000000000
(1779322110.619434) can0 18FA28F4#123EA12C10270000
(1779322110.620434) can0 18FB28F4#D50CD30C40400000
(1779322110.621466) can0 18FC28F4#383200000D020000
(1779322110.622427) can0 18F810F3#0D02E80332640100
(1779322110.623440) can0 18F811F3#D50C0101D30C0201
(1779322110.624453) can0 18F812F3#4001014001010000
(1779322110.625465) can0 18F813F3#0101000000000000
(1779322110.626479) can0 18F814F3#3200EA1AA9015F00
(1779322110.627459) can0 18F815F3#0000000010030000
(1779322110.628360) can0 273#000000000D023200
(1779322110.629357) can0 1E1#020D271001FA01FA
(1779322110.630389) can0 1F5#0000000000000000
(1779322110.631466) can0 0800A6A9#0000000000000000
(1779322110.632434) can0 1000A6A9#0D028813324A4A4A
(1779322110.633466) can0 1C00A6A9#0000000000030000
(1779322110.634511) can0 02018100#1003020D00000000
(1779322110.635460) can0 02028100#0000003264000000
(1779322110.636447) can0 02038100#0CD501010CD30102
(1779322110.637440) can0 02048100#4A01014A01010000
(1779322110.638345) can0 1AD#8714000059321818
(1779322110.639339) can0 2AD#D50C800C87140016
(1779322110.640370) can0 3AD#0000000000008714
(1779322110.641370) can0 4AD#EB00000000000000
(1779322110.642371) can0 76A#7F00000000000000
(1779322110.701052) can0 0000E005#1702440003B60591
(1779322110.701634) can0 1806E5F4#13CC010003B6023A
(1779322110.702458) can0 0000E000#13CC13CC020D0000
(1779322110.703489) can0 0000E004#181803B603B601E1
(1779322110.704434) can0 0000E006#0CD50CD30CD50CD5
(1779322110.705418) can0 0000E007#0CD30CD30CD50CD5
(1779322110.706431) can0 0000E008#0CD50CD50CD50CD3
(1779322110.707431) can0 0000E009#0CD50CD50CD50CD5
(1779322110.708471) can0 0000E010#0000000000000000
(1779322110.709476) can0 0000E011#0000000000000000
(1779322110.710457) can0 0000E012#0CD4000100000000
(1779322110.711520) can0 0000F001#0000000000000000
(1779322110.712456) can0 18FF28F4#10320000020D0000
(1779322110.713438) can0 18FE28F4#0CD50CD340400000
(1779322110.714451) can0 18FD28F4#1702FA6F00000000
(1779322110.715368) can0 4D4#000032007D0D0203
(1779322110.716343) can0 4D5#D30CD50C40400000
(1779322110.717431) can0 18914010#0CD5010CD3020000
(1779322110.718444) can0 18904010#020D020D753001FA
(1779322110.719489) can0 18FA28F4#123EA12C10270000
(1779322110.720435) can0 18FB28F4#D50CD30C40400000
(1779322110.721470) can0 18FC28F4#383200000D020000
(1779322110.722438) can0 18F810F3#0D02E80332640100
(1779322110.723470) can0 18F815F3#0000000010030000
(1779322110.724368) can0 273#000000000D023200
(1779322110.725349) can0 1E1#020D271001FA01FA
(1779322110.726380) can0 1F5#0000000000000000
(1779322110.727464) can0 0800A6A9#0000000000000000
(1779322110.728420) can0 1000A6A9#0D028813324A4A4A
(1779322110.729457) can0 1C00A6A9#0000000000030000
(1779322110.730458) can0 02018100#1003020D00000000
(1779322110.731470) can0 02028100#0000003264000000
(1779322110.732434) can0 02038100#0CD501010CD30102
(1779322110.733451) can0 02048100#4A01014A01010000
(1779322110.734330) can0 1AD#8714000059321818
(1779322110.735343) can0 2AD#D50C800C87140016
(1779322110.736355) can0 3AD#0000000000008714
(1779322110.737368) can0 4AD#EB00000000000000
(1779322110.738368) can0 76A#7F00000000000000
(1779322110.801043) can0 0000E005#1702440003B60591
(1779322110.801639) can0 1806E5F4#13CC010003B6023A
(1779322110.802443) can0 0000E000#13CC13CC020D0000
(1779322110.803442) can0 0000E004#181803B603B601E1
(1779322110.804422) can0 0000E006#0CD50CD30CD50CD5
(1779322110.805416) can0 0000E007#0CD30CD30CD50CD5
(1779322110.806423) can0 0000E008#0CD50CD50CD50CD3
(1779322110.807416) can0 0000E009#0CD50CD50CD50CD5
(1779322110.808467) can0 0000E010#0000000000000000
(1779322110.809461) can0 0000E011#0000000000000000
(1779322110.810449) can0 0000E012#0CD4000100000000
(1779322110.811473) can0 0000F001#0000000000000000
(1779322110.812455) can0 18FF28F4#10320000020D0000
(1779322110.813440) can0 18FE28F4#0CD50CD340400000
(1779322110.814437) can0 18FD28F4#1702FA6F00000000
(1779322110.815353) can0 4D4#000032007D0D0203
(1779322110.816334) can0 4D5#D30CD50C40400000
(1779322110.817430) can0 18914010#0CD5010CD3020000
(1779322110.818429) can0 18904010#020D020D753001FA
(1779322110.819443) can0 18FA28F4#123EA12C10270000
(1779322110.820430) can0 18FB28F4#D50CD30C40400000
(1779322110.821455) can0 18FC28F4#383200000D020000
(1779322110.822424) can0 18F810F3#0D02E80332640100
(1779322110.823456) can0 18F815F3#0000000010030000
(1779322110.824353) can0 273#000000000D023200
(1779322110.825348) can0 1E1#020D271001FA01FA
(1779322110.826366) can0 1F5#0000000000000000
(1779322110.827462) can0 0800A6A9#0000000000000000
(1779322110.828411) can0 1000A6A9#0D028813324A4A4A
(1779322110.829440) can0 1C00A6A9#0000000000030000
(1779322110.830463) can0 02018100#1003020D00000000
(1779322110.831458) can0 02028100#0000003264000000
(1779322110.832439) can0 02038100#0CD501010CD30102
(1779322110.833472) can0 02048100#4A01014A01010000
(1779322110.834338) can0 1AD#8714000059321818
(1779322110.835335) can0 2AD#D50C800C87140016
(1779322110.836361) can0 3AD#0000000000008714
(1779322110.837357) can0 4AD#EB00000000000000
(1779322110.838373) can0 76A#7F00000000000000
(1779322110.900987) can0 0000E005#1702440003B60591
(1779322110.901539) can0 1806E5F4#13CC010003B6023A
(1779322110.902463) can0 0000E000#13CC13CC020D0000
(1779322110.903441) can0 0000E004#181803B603B601E1
(1779322110.904409) can0 0000E006#0CD50CD50CD50CD5
(1779322110.905421) can0 0000E007#0CD50CD30CD50CD5
(1779322110.906421) can0 0000E008#0CD50CD50CD50CD3
(1779322110.907414) can0 0000E009#0CD50CD50CD50CD6
(1779322110.908466) can0 0000E010#0000000000000000
(1779322110.909466) can0 0000E011#0000000000000000
(1779322110.910460) can0 0000E012#0CD4000200000000
(1779322110.911460) can0 0000F001#0000000000000000
(1779322110.912459) can0 18FF28F4#10320000020D0000
(1779322110.913421) can0 18FE28F4#0CD60CD340400000
(1779322110.914437) can0 18FD28F4#1702FA6F00000000
(1779322110.915358) can0 4D4#000032007D0D0203
(1779322110.916338) can0 4D5#D30CD60C40400000
(1779322110.917434) can0 18914010#0CD6100CD3060000
(1779322110.918447) can0 18904010#020D020D753001FA
(1779322110.919428) can0 18FA28F4#123EA12C10270000
(1779322110.920428) can0 18FB28F4#D60CD30C40400000
(1779322110.921461) can0 18FC28F4#383200000D020000
(1779322110.922421) can0 18F810F3#0D02E80332640100
(1779322110.923454) can0 18F815F3#0000000010030000
(1779322110.924358) can0 273#000000000D023200
(1779322110.925339) can0 1E1#020D271001FA01FA
(1779322110.926397) can0 1F5#0000000000000000
(1779322110.927448) can0 0800A6A9#0000000000000000
(1779322110.928415) can0 1000A6A9#0D028813324A4A4A
(1779322110.929448) can0 1C00A6A9#0000000000030000
(1779322110.930461) can0 02018100#1003020D00000000
(1779322110.931460) can0 02028100#0000003264000000
(1779322110.932442) can0 02038100#0CD601100CD30106
(1779322110.933435) can0 02048100#4A01014A01010000
(1779322110.934361) can0 1AD#8714000059321818
(1779322110.935333) can0 2AD#D60C800C87140016
(1779322110.936347) can0 3AD#0000000000008714
(1779322110.937359) can0 4AD#EB00000000000000
(1779322110.938353) can0 76A#7F00000000000000
(1779322111.001054) can0 0000E005#1702440003B60591
(1779322111.001649) can0 1806E5F4#13CC010003B6023A
(1779322111.002447) can0 0000E000#13CC13CC020D0000
(1779322111.003459) can0 0000E004#181803B603B601E1
(1779322111.004415) can0 0000E006#0CD50CD50CD50CD5
(1779322111.005406) can0 0000E007#0CD50CD30CD50CD5
(1779322111.006426) can0 0000E008#0CD50CD50CD50CD3
(1779322111.007402) can0 0000E009#0CD50CD50CD50CD6
(1779322111.008470) can0 0000E010#0000000000000000
(1779322111.009464) can0 0000E011#0000000000000000
(1779322111.010452) can0 0000E012#0CD4000200000000
(1779322111.011492) can0 0000F001#0000000000000000
(1779322111.012446) can0 18FF28F4#10320000020D0000
(1779322111.013426) can0 18FE28F4#0CD60CD340400000
(1779322111.014446) can0 18FD28F4#1702FA6F00000000
(1779322111.015343) can0 4D4#000032007D0D0203
(1779322111.016343) can0 4D5#D30CD60C40400000
(1779322111.017420) can0 18914010#0CD6100CD3060000
(1779322111.018420) can0 18904010#020D020D753001FA
(1779322111.019480) can0 18FA28F4#123EA12C10270000
(1779322111.020420) can0 18FB28F4#D60CD30C40400000
(1779322111.021446) can0 18FC28F4#383200000D020000
(1779322111.022414) can0 18F810F3#0D02E80332640100
(1779322111.023457) can0 18F815F3#0000000010030000
(1779322111.024344) can0 273#000000000D023200
(1779322111.025343) can0 1E1#020D271001FA01FA
(1779322111.026356) can0 1F5#0000000000000000
(1779322111.027453) can0 0800A6A9#0000000000000000
(1779322111.028401) can0 1000A6A9#0D028813324A4A4A
(1779322111.029453) can0 1C00A6A9#0000000000030000
(1779322111.030446) can0 02018100#1003020D00000000
(1779322111.031442) can0 02028100#0000003264000000
(1779322111.032427) can0 02038100#0CD601100CD30106
(1779322111.033440) can0 02048100#4A01014A01010000
(1779322111.034332) can0 1AD#8714000059321818
(1779322111.035318) can0 2AD#D60C800C87140016
(1779322111.036351) can0 3AD#0000000000008714
(1779322111.037363) can0 4AD#EB00000000000000
(1779322111.038363) can0 76A#7F00000000000000
(1779322111.118035) can0 0000E005#1702440003B60591
(1779322111.118592) can0 1806E5F4#13CC010003B6023A
(1779322111.119444) can0 0000E000#13CC13CC020D0000
(1779322111.120425) can0 0000E004#181803B603B601E1
(1779322111.121400) can0 0000E006#0CD50CD30CD50CD3
(1779322111.122406) can0 0000E007#0CD50CD30CD50CD5
(1779322111.123418) can0 0000E008#0CD50CD50CD50CD5
(1779322111.124399) can0 0000E009#0CD50CD50CD50CD6
(1779322111.125461) can0 0000E010#0000000000000000
(1779322111.126464) can0 0000E011#0000000000000000
(1779322111.127444) can0 0000E012#0CD4000200000000
(1779322111.128412) can0 0000E013#4542323630354C43
(1779322111.129444) can0 0000E014#3134323300000000
(1779322111.130458) can0 0000E015#0000000000000003
(1779322111.131457) can0 0000F000#0000000000000000
(1779322111.132450) can0 0000F001#0000000000000000
(1779322111.133447) can0 18FF28F4#10320000020D0000
(1779322111.134420) can0 18FE28F4#0CD60CD340400000
(1779322111.135432) can0 18FD28F4#1702FA6F00000000
(1779322111.136349) can0 4D4#000032007D0D0203
(1779322111.137330) can0 4D5#D30CD60C40400000
(1779322111.138426) can0 18914010#0CD6100CD3020000
(1779322111.139426) can0 18904010#020D020D753001FA
(1779322111.140438) can0 18924010#4001400100000000
(1779322111.141439) can0 18934010#000000880000BC19
(1779322111.142438) can0 18944010#1003000000000000
(1779322111.143452) can0 18954010#0000000000000000
(1779322111.144464) can0 18954010#0100000000000000
(1779322111.145447) can0 18954010#0200000000000000
(1779322111.146445) can0 18954010#0300000000000000
(1779322111.147445) can0 18954010#0400000000000000
(1779322111.148445) can0 18954010#0500000000000000
(1779322111.149470) can0 18964010#0040404000000000
(1779322111.150458) can0 18974010#0000000000000000
(1779322111.151452) can0 18984010#0000000000000000
(1779322111.152420) can0 18FA28F4#123EA12C10270000
(1779322111.153413) can0 18FB28F4#D60CD30C40400000
(1779322111.154446) can0 18FC28F4#383200000D020000
(1779322111.155407) can0 18F810F3#0D02E80332640100
(1779322111.156420) can0 18F811F3#D60C1001D30C0201
(1779322111.157462) can0 18F812F3#4001014001010000
(1779322111.158453) can0 18F813F3#0101000000000000
(1779322111.159434) can0 18F814F3#3200EA1AA9015F00
(1779322111.160446) can0 18F815F3#0000000010030000
(1779322111.161338) can0 273#000000000D023200
(1779322111.162343) can0 1E1#020D271001FA01FA
(1779322111.163370) can0 1F5#0000000000000000
(1779322111.164449) can0 0800A6A9#0000000000000000
(1779322111.165449) can0 1000A6A9#0D028813324A4A4A
(1779322111.166448) can0 1C00A6A9#0000000000030000
(1779322111.167447) can0 02018100#1003020D00000000
(1779322111.168440) can0 02028100#0000003264000000
(1779322111.169417) can0 02038100#0CD601100CD30102
(1779322111.170421) can0 02048100#4A01014A01010000
(1779322111.171325) can0 1AD#8714000059321818
(1779322111.172325) can0 2AD#D60C800C87140016
(1779322111.173379) can0 3AD#0000000000008714
(1779322111.174350) can0 4AD#EB00000000000000
(1779322111.175352) can0 76A#7F00000000000000
(1779322111.234034) can0 0000E005#1702440003B60591
(1779322111.234591) can0 1806E5F4#13CC010003B6023A
(1779322111.235424) can0 0000E000#13CC13CC020D0000
(1779322111.236424) can0 0000E004#181803B603B601E1
(1779322111.237404) can0 0000E006#0CD50CD30CD50CD3
(1779322111.238398) can0 0000E007#0CD50CD30CD50CD5
(1779322111.239405) can0 0000E008#0CD50CD50CD50CD5
(1779322111.240405) can0 0000E009#0CD50CD50CD50CD6
(1779322111.241463) can0 0000E010#0000000000000000
(1779322111.242489) can0 0000E011#0000000000000000
(1779322111.243430) can0 0000E012#0CD4000200000000
(1779322111.244461) can0 0000F001#0000000000000000
(1779322111.245443) can0 18FF28F4#10320000020D0000
(1779322111.246424) can0 18FE28F4#0CD60CD340400000
(1779322111.247425) can0 18FD28F4#1702FA6F00000000
(1779322111.248341) can0 4D4#000032007D0D0203
(1779322111.249322) can0 4D5#D30CD60C40400000
(1779322111.250460) can0 18914010#0CD6100CD3020000
(1779322111.251418) can0 18904010#020D020D753001FA
(1779322111.252430) can0 18FA28F4#123EA12C10270000
(1779322111.253411) can0 18FB28F4#D60CD30C40400000
(1779322111.254438) can0 18FC28F4#383200000D020000
(1779322111.255406) can0 18F810F3#0D02E80332640100
(1779322111.256437) can0 18F815F3#0000000010030000
(1779322111.257342) can0 273#000000000D023200
(1779322111.258323) can0 1E1#020D271001FA01FA
(1779322111.259355) can0 1F5#0000000000000000
(1779322111.260431) can0 0800A6A9#0000000000000000
(1779322111.261399) can0 1000A6A9#0D028813324A4A4A
(1779322111.262423) can0 1C00A6A9#0000000000030000
(1779322111.263444) can0 02018100#1003020D00000000
(1779322111.264444) can0 02028100#0000003264000000
(1779322111.265425) can0 02038100#0CD601100CD30102
(1779322111.266419) can0 02048100#4A01014A01010000
(1779322111.267316) can0 1AD#8714000059321818
(1779322111.268316) can0 2AD#D60C800C87140016
(1779322111.269348) can0 3AD#0000000000008714
(1779322111.270342) can0 4AD#EB00000000000000
(1779322111.271342) can0 76A#7F00000000000000
(1779322111.333990) can0 0000E005#1702440003B60591
(1779322111.334537) can0 1806E5F4#13CC010003B6023A
(1779322111.335428) can0 0000E000#13CC13CC020D0000
(1779322111.336422) can0 0000E004#181803B603B601E1
(1779322111.337389) can0 0000E006#0CD50CD30CD50CD3
(1779322111.338401) can0 0000E007#0CD50CD30CD50CD5
(1779322111.339403) can0 0000E008#0CD50CD50CD50CD5
(1779322111.340402) can0 0000E009#0CD50CD50CD50CD6
(1779322111.341447) can0 0000E010#0000000000000000
(1779322111.342447) can0 0000E011#0000000000000000
(1779322111.343429) can0 0000E012#0CD4000200000000
(1779322111.344441) can0 0000F001#0000000000000000
(1779322111.345428) can0 18FF28F4#10320000020D0000
(1779322111.346406) can0 18FE28F4#0CD60CD340400000
(1779322111.347422) can0 18FD28F4#1702FA6F00000000
(1779322111.348339) can0 4D4#000032007D0D0203
(1779322111.349320) can0 4D5#D30CD60C40400000
(1779322111.350433) can0 18914010#0CD6100CD3020000
(1779322111.351417) can0 18904010#020D020D753001FA
(1779322111.352416) can0 18FA28F4#123EA12C10270000
(1779322111.353410) can0 18FB28F4#D60CD30C40400000
(1779322111.354442) can0 18FC28F4#383200000D020000
(1779322111.355410) can0 18F810F3#0D02E80332640100
(1779322111.356442) can0 18F815F3#0000000010030000
(1779322111.357340) can0 273#000000000D023200
(1779322111.358320) can0 1E1#020D271001FA01FA
(1779322111.359353) can0 1F5#0000000000000000
(1779322111.360429) can0 0800A6A9#0000000000000000
(1779322111.361397) can0 1000A6A9#0D028813324A4A4A
(1779322111.362427) can0 1C00A6A9#0000000000030000
(1779322111.363442) can0 02018100#1003020D00000000
(1779322111.364442) can0 02028100#0000003264000000
(1779322111.365423) can0 02038100#0CD601100CD30102
(1779322111.366417) can0 02048100#4A01014A01010000
(1779322111.367321) can0 1AD#8714000059321818
(1779322111.368314) can0 2AD#D60C800C87140016
(1779322111.369327) can0 3AD#0000000000008714
(1779322111.370336) can0 4AD#EB00000000000000
(1779322111.371340) can0 76A#7F00000000000000
(1779322111.433967) can0 0000E005#1702440003B60591
(1779322111.434524) can0 1806E5F4#13CC010003B6023A
(1779322111.435420) can0 0000E000#13CC13CC020D0000
(1779322111.436407) can0 0000E004#181803B603B601E1
(1779322111.437395) can0 0000E006#0CD50CD30CD50CD5
(1779322111.438408) can0 0000E007#0CD50CD30CD50CD3
(1779322111.439407) can0 0000E008#0CD50CD50CD50CD3
(1779322111.440388) can0 0000E009#0CD50CD50CD50CD6
(1779322111.441465) can0 0000E010#0000000000000000
(1779322111.442446) can0 0000E011#0000000000000000
(1779322111.443430) can0 0000E012#0CD4000200000000
(1779322111.444446) can0 0000F001#0000000000000000
(1779322111.445428) can0 18FF28F4#10320000020D0000
(1779322111.446408) can0 18FE28F4#0CD60CD340400000
(1779322111.447423) can0 18FD28F4#1702FA6F00000000
(1779322111.448344) can0 4D4#000032007D0D0203
(1779322111.449338) can0 4D5#D30CD60C40400000
(1779322111.450401) can0 18914010#0CD6100CD3020000
(1779322111.451414) can0 18904010#020D020D753001FA
(1779322111.452415) can0 18FA28F4#123EA12C10270000
(1779322111.453414) can0 18FB28F4#D60CD30C40400000
(1779322111.454427) can0 18FC28F4#383200000D020000
(1779322111.455392) can0 18F810F3#0D02E80332640100
(1779322111.456440) can0 18F815F3#0000000010030000
(1779322111.457357) can0 273#000000000D023200
(1779322111.458325) can0 1E1#020D271001FA01FA
(1779322111.459352) can0 1F5#0000000000000000
(1779322111.460434) can0 0800A6A9#0000000000000000
(1779322111.461402) can0 1000A6A9#0D028813324A4A4A
(1779322111.462434) can0 1C00A6A9#0000000000030000
(1779322111.463428) can0 02018100#1003020D00000000
(1779322111.464427) can0 02028100#0000003264000000
(1779322111.465459) can0 02038100#0CD601100CD30102
(1779322111.466422) can0 02048100#4A01014A01010000
(1779322111.467302) can0 1AD#8714000059321818
(1779322111.468319) can0 2AD#D60C800C87140016
(1779322111.469332) can0 3AD#0000000000008714
(1779322111.470345) can0 4AD#EB00000000000000
(1779322111.471340) can0 76A#7F00000000000000
(1779322111.534023) can0 0000E005#1702440003B60591
(1779322111.534574) can0 1806E5F4#13CC010003B6023A
(1779322111.535419) can0 0000E000#13CC13CC020D0000
(1779322111.536412) can0 0000E004#181803B603B601E1
(1779322111.537399) can0 0000E006#0CD50CD30CD50CD5
(1779322111.538393) can0 0000E007#0CD50CD30CD50CD3
(1779322111.539393) can0 0000E008#0CD50CD50CD50CD3
(1779322111.540389) can0 0000E009#0CD50CD50CD50CD6
(1779322111.541437) can0 0000E010#0000000000000000
(1779322111.542470) can0 0000E011#0000000000000000
(1779322111.543418) can0 0000E012#0CD4000200000000
(1779322111.544448) can0 0000F001#0000000000000000
(1779322111.545431) can0 18FF28F4#10320000020D0000
(1779322111.546413) can0 18FE28F4#0CD60CD340400000
(1779322111.547412) can0 18FD28F4#1702FA6F00000000
(1779322111.548329) can0 4D4#000032007D0D0203
(1779322111.549310) can0 4D5#D30CD60C40400000
(1779322111.550457) can0 18914010#0CD6100CD3020000
(1779322111.551406) can0 18904010#020D020D753001FA
(1779322111.552397) can0 18FA28F4#123EA12C10270000
(1779322111.553406) can0 18FB28F4#D60CD30C40400000
(1779322111.554432) can0 18FC28F4#383200000D020000
(1779322111.555400) can0 18F810F3#0D02E80332640100
(1779322111.556427) can0 18F815F3#0000000010030000
(1779322111.557330) can0 273#000000000D023200
(1779322111.558310) can0 1E1#020D271001FA01FA
(1779322111.559343) can0 1F5#0000000000000000
(1779322111.560438) can0 0800A6A9#0000000000000000
(1779322111.561387) can0 1000A6A9#0D028813324A4A4A
(1779322111.562419) can0 1C00A6A9#0000000000030000
(1779322111.563432) can0 02018100#1003020D00000000
(1779322111.564427) can0 02028100#0000003264000000
(1779322111.565413) can0 02038100#0CD601100CD30102
(1779322111.566413) can0 02048100#4A01014A01010000
(1779322111.567311) can0 1AD#8714000059321818
(1779322111.568303) can0 2AD#D60C800C87140016
(1779322111.569336) can0 3AD#0000000000008714
(1779322111.570337) can0 4AD#EB00000000000000
(1779322111.571331) can0 76A#7F00000000000000
(1779322111.644193) can0 00000E00#00354C4331343233
(1779322111.651958) can0 0000E005#1702440003B60591
(1779322111.652528) can0 1806E5F4#13CC010003B6023A
(1779322111.653411) can0 0000E000#13CC13CC020D0000
(1779322111.654409) can0 0000E004#181803B603B601E1
(1779322111.655391) can0 0000E006#0CD50CD50CD30CD5
(1779322111.656392) can0 0000E007#0CD50CD30CD50CD5
(1779322111.657392) can0 0000E008#0CD50CD50CD30CD3
(1779322111.658387) can0 0000E009#0CD30CD50CD50CD6
(1779322111.659437) can0 0000E010#0000000000000000
(1779322111.660437) can0 0000E011#0000000000000000
(1779322111.661417) can0 0000E012#0CD4000200000000
(1779322111.662386) can0 0000E013#4542323630354C43
(1779322111.663412) can0 0000E014#3134323300000000
(1779322111.664431) can0 0000E015#0000000000000003
(1779322111.665447) can0 0000F000#0000000000000000
(1779322111.666445) can0 0000F001#0000000000000000
(1779322111.667424) can0 18FF28F4#10320000020D0000
(1779322111.668406) can0 18FE28F4#0CD60CD340400000
(1779322111.669418) can0 18FD28F4#1702FA6F00000000
(1779322111.670316) can0 4D4#000032007D0D0203
(1779322111.671303) can0 4D5#D30CD60C40400000
(1779322111.672418) can0 18914010#0CD6100CD3030000
(1779322111.673399) can0 18904010#020D020D753001FA
(1779322111.674412) can0 18924010#4001400100000000
(1779322111.675412) can0 18934010#000000890000BC19
(1779322111.676425) can0 18944010#1003000000000000
(1779322111.677437) can0 18954010#0000000000000000
(1779322111.678427) can0 18954010#0100000000000000
(1779322111.679431) can0 18954010#0200000000000000
(1779322111.680463) can0 18954010#0300000000000000
(1779322111.681425) can0 18954010#0400000000000000
(1779322111.682418) can0 18954010#0500000000000000
(1779322111.683419) can0 18964010#0040404000000000
(1779322111.684431) can0 18974010#0000000000000000
(1779322111.685432) can0 18984010#0000000000000000
(1779322111.686393) can0 18FA28F4#123EA12C10270000
(1779322111.687393) can0 18FB28F4#D60CD30C40400000
(1779322111.688451) can0 18FC28F4#383200000D020000
(1779322111.689387) can0 18F810F3#0D02E80332640100
(1779322111.690395) can0 18F811F3#D60C1001D30C0301
(1779322111.691413) can0 18F812F3#4001014001010000
(1779322111.692431) can0 18F813F3#0101000000000000
(1779322111.693394) can0 18F814F3#3200EA1AA9015F00
(1779322111.694425) can0 18F815F3#0000000010030000
(1779322111.695330) can0 273#000000000D023200
(1779322111.696355) can0 1E1#020D271001FA01FA
(1779322111.697342) can0 1F5#0000000000000000
(1779322111.698419) can0 0800A6A9#0000000000000000
(1779322111.699387) can0 1000A6A9#0D028813324A4A4A
(1779322111.700419) can0 1C00A6A9#0000000000030000
(1779322111.701432) can0 02018100#1003020D00000000
(1779322111.702427) can0 02028100#0000003264000000
(1779322111.703394) can0 02038100#0CD601100CD30103
(1779322111.704458) can0 02048100#4A01014A01010000
(1779322111.705291) can0 1AD#8714000059321818
(1779322111.706304) can0 2AD#D60C800C87140016
(1779322111.707324) can0 3AD#0000000000008714
(1779322111.708336) can0 4AD#EB00000000000000
(1779322111.709337) can0 76A#7F00000000000000
(1779322111.768018) can0 0000E005#1702440003B60591
(1779322111.768573) can0 1806E5F4#13CC010003B6023A
(1779322111.769409) can0 0000E000#13CC13CC020D0000
(1779322111.770410) can0 0000E004#181803B603B601E1
(1779322111.771384) can0 0000E006#0CD50CD50CD30CD5
(1779322111.772384) can0 0000E007#0CD50CD30CD50CD5
(1779322111.773417) can0 0000E008#0CD50CD50CD30CD3
(1779322111.774385) can0 0000E009#0CD30CD50CD50CD6
(1779322111.775428) can0 0000E010#0000000000000000
(1779322111.776429) can0 0000E011#0000000000000000
(1779322111.777410) can0 0000E012#0CD4000200000000
(1779322111.778423) can0 0000F001#0000000000000000
(1779322111.779423) can0 18FF28F4#10320000020D0000
(1779322111.780391) can0 18FE28F4#0CD60CD340400000
(1779322111.781454) can0 18FD28F4#1702FA6F00000000
(1779322111.782321) can0 4D4#000032007D0D0203
(1779322111.783302) can0 4D5#D30CD60C40400000
(1779322111.784398) can0 18914010#0CD6100CD3030000
(1779322111.785397) can0 18904010#020D020D753001FA
(1779322111.786410) can0 18FA28F4#123EA12C10270000
(1779322111.787392) can0 18FB28F4#D60CD30C40400000
(1779322111.788424) can0 18FC28F4#383200000D020000
(1779322111.789391) can0 18F810F3#0D02E80332640100
(1779322111.790424) can0 18F815F3#0000000010030000
(1779322111.791322) can0 273#000000000D023200
(1779322111.792302) can0 1E1#020D271001FA01FA
(1779322111.793334) can0 1F5#0000000000000000
(1779322111.794417) can0 0800A6A9#0000000000000000
(1779322111.795378) can0 1000A6A9#0D028813324A4A4A
(1779322111.796411) can0 1C00A6A9#0000000000030000
(1779322111.797424) can0 02018100#1003020D00000000
(1779322111.798424) can0 02028100#0000003264000000
(1779322111.799399) can0 02038100#0CD601100CD30103
(1779322111.800405) can0 02048100#4A01014A01010000
(1779322111.801302) can0 1AD#8714000059321818
(1779322111.802302) can0 2AD#D60C800C87140016
(1779322111.803315) can0 3AD#0000000000008714
(1779322111.804328) can0 4AD#EB00000000000000
(1779322111.805323) can0 76A#7F00000000000000
(1779322111.867959) can0 0000E005#1702440003B60591
(1779322111.868511) can0 1806E5F4#13CC010003B6023A
(1779322111.869415) can0 0000E000#13CC13CC020D0000
(1779322111.870396) can0 0000E004#181803B603B601E1
(1779322111.871377) can0 0000E006#0CD50CD50CD30CD5
(1779322111.872373) can0 0000E007#0CD50CD30CD50CD5
(1779322111.873376) can0 0000E008#0CD50CD50CD30CD3
(1779322111.874370) can0 0000E009#0CD30CD50CD50CD6
(1779322111.875435) can0 0000E010#0000000000000000
(1779322111.876422) can0 0000E011#0000000000000000
(1779322111.877415) can0 0000E012#0CD4000200000000
(1779322111.878434) can0 0000F001#0000000000000000
(1779322111.879415) can0 18FF28F4#10320000020D0000
(1779322111.880389) can0 18FE28F4#0CD60CD340400000
(1779322111.881409) can0 18FD28F4#1702FA6F00000000
(1779322111.882313) can0 4D4#000032007D0D0203
(1779322111.883294) can0 4D5#D30CD60C40400000
(1779322111.884387) can0 18914010#0CD6100CD3030000
(1779322111.885389) can0 18904010#020D020D753001FA
(1779322111.886403) can0 18FA28F4#123EA12C10270000
(1779322111.887384) can0 18FB28F4#D60CD30C40400000
(1779322111.888416) can0 18FC28F4#383200000D020000
(1779322111.889384) can0 18F810F3#0D02E80332640100
(1779322111.890416) can0 18F815F3#0000000010030000
(1779322111.891313) can0 273#000000000D023200
(1779322111.892306) can0 1E1#020D271001FA01FA
(1779322111.893326) can0 1F5#0000000000000000
(1779322111.894422) can0 0800A6A9#0000000000000000
(1779322111.895390) can0 1000A6A9#0D028813324A4A4A
(1779322111.896398) can0 1C00A6A9#0000000000030000
(1779322111.897416) can0 02018100#1003020D00000000
(1779322111.898416) can0 02028100#0000003264000000
(1779322111.899397) can0 02038100#0CD601100CD30103
(1779322111.900397) can0 02048100#4A01014A01010000
(1779322111.901295) can0 1AD#8714000059321818
(1779322111.902295) can0 2AD#D60C800C87140016
(1779322111.903339) can0 3AD#0000000000008714
(1779322111.904320) can0 4AD#EB00000000000000
(1779322111.905320) can0 76A#7F00000000000000
(1779322111.967963) can0 0000E005#1702440003B60591
(1779322111.968506) can0 1806E5F4#13CC010003B6023A
(1779322111.969394) can0 0000E000#13CC13CC020D0000
(1779322111.970394) can0 0000E004#181803B603B601E1
(1779322111.971375) can0 0000E006#0CD50CD50CD50CD3
(1779322111.972393) can0 0000E007#0CD30CD30CD50CD5
(1779322111.973374) can0 0000E008#0CD50CD50CD50CD5
(1779322111.974368) can0 0000E009#0CD50CD50CD50CD6
(1779322111.975433) can0 0000E010#0000000000000000
(1779322111.976416) can0 0000E011#0000000000000000
(1779322111.977405) can0 0000E012#0CD4000200000000
(1779322111.978437) can0 0000F001#0000000000000000
(1779322111.979415) can0 18FF28F4#10320000020D0000
(1779322111.980409) can0 18FE28F4#0CD60CD340400000
(1779322111.981407) can0 18FD28F4#1702FA6F00000000
(1779322111.982311) can0 4D4#000032007D0D0203
(1779322111.983292) can0 4D5#D30CD60C40400000
(1779322111.984388) can0 18914010#0CD6100CD3040000
(1779322111.985388) can0 18904010#020D020D753001FA
(1779322111.986407) can0 18FA28F4#123EA12C10270000
(1779322111.987382) can0 18FB28F4#D60CD30C40400000
(1779322111.988440) can0 18FC28F4#383200000D020000
(1779322111.989382) can0 18F810F3#0D02E80332640100
(1779322111.990416) can0 18F815F3#0000000010030000
(1779322111.991312) can0 273#000000000D023200
(1779322111.992293) can0 1E1#020D271001FA01FA
(1779322111.993324) can0 1F5#0000000000000000
(1779322111.994421) can0 0800A6A9#0000000000000000
(1779322111.995369) can0 1000A6A9#0D028813324A4A4A
(1779322111.996433) can0 1C00A6A9#0000000000030000
(1779322111.997414) can0 02018100#1003020D00000000
(1779322111.998416) can0 02028100#0000003264000000
(1779322111.999396) can0 02038100#0CD601100CD30104
(1779322112.000387) can0 02048100#4A01014A01010000
(1779322112.001293) can0 1AD#8714000059321818
(1779322112.002293) can0 2AD#D60C800C87140016
(1779322112.003319) can0 3AD#0000000000008714
(1779322112.004364) can0 4AD#EB00000000000000
(1779322112.005332) can0 76A#7F00000000000000
(1779322112.067996) can0 0000E005#1702440003B60591
(1779322112.068553) can0 1806E5F4#13CC010003B6023A
(1779322112.069405) can0 0000E000#13CC13CC020D0000
(1779322112.070386) can0 0000E004#181803B603B601E1
(1779322112.071373) can0 0000E006#0CD50CD50CD50CD3
(1779322112.072373) can0 0000E007#0CD30CD30CD50CD5
(1779322112.073413) can0 0000E008#0CD50CD50CD50CD5
(1779322112.074367) can0 0000E009#0CD50CD50CD50CD6
(1779322112.075431) can0 0000E010#0000000000000000
(1779322112.076412) can0 0000E011#0000000000000000
(1779322112.077404) can0 0000E012#0CD4000200000000
(1779322112.078425) can0 0000F001#0000000000000000
(1779322112.079405) can0 18FF28F4#10320000020D0000
(1779322112.080392) can0 18FE28F4#0CD60CD340400000
(1779322112.081437) can0 18FD28F4#1702FA6F00000000
(1779322112.082309) can0 4D4#000032007D0D0203
(1779322112.083290) can0 4D5#D30CD60C40400000
(1779322112.084387) can0 18914010#0CD6100CD3040000
(1779322112.085375) can0 18904010#020D020D753001FA
(1779322112.086399) can0 18FA28F4#123EA12C10270000
(1779322112.087380) can0 18FB28F4#D60CD30C40400000
(1779322112.088412) can0 18FC28F4#383200000D020000
(1779322112.089421) can0 18F810F3#0D02E80332640100
(1779322112.090406) can0 18F815F3#0000000010030000
(1779322112.091310) can0 273#000000000D023200
(1779322112.092291) can0 1E1#020D271001FA01FA
(1779322112.093323) can0 1F5#0000000000000000
(1779322112.094413) can0 0800A6A9#0000000000000000
(1779322112.095367) can0 1000A6A9#0D028813324A4A4A
(1779322112.096399) can0 1C00A6A9#0000000000030000
(1779322112.097407) can0 02018100#1003020D00000000
(1779322112.098406) can0 02028100#0000003264000000
(1779322112.099393) can0 02038100#0CD601100CD30104
(1779322112.100387) can0 02048100#4A01014A01010000
(1779322112.101281) can0 1AD#8714000059321818
(1779322112.102284) can0 2AD#D60C800C87140016
(1779322112.103317) can0 3AD#0000000000008714
(1779322112.104310) can0 4AD#EB00000000000000
(1779322112.105310) can0 76A#7F00000000000000
(1779322112.185005) can0 0000E005#1702440003B60591
(1779322112.185561) can0 1806E5F4#13CC010003B6023A
(1779322112.186398) can0 0000E000#13CC13CC020D0000
(1779322112.187389) can0 0000E004#181803B603B601E1
(1779322112.188360) can0 0000E006#0CD50CD50CD50CD5
(1779322112.189359) can0 0000E007#0CD30CD30CD50CD5
(1779322112.190372) can0 0000E008#0CD50CD50CD30CD3
(1779322112.191350) can0 0000E009#0CD30CD50CD50CD6
(1779322112.192417) can0 0000E010#0000000000000000
(1779322112.193417) can0 0000E011#0000000000000000
(1779322112.194397) can0 0000E012#0CD4000200000000
(1779322112.195366) can0 0000E013#4542323630354C43
(1779322112.196398) can0 0000E014#3134323300000000
(1779322112.197410) can0 0000E015#0000000000000003
(1779322112.198424) can0 0000F000#0000000000000000
(1779322112.199404) can0 0000F001#0000000000000000
(1779322112.200404) can0 18FF28F4#10320000020D0000
(1779322112.201385) can0 18FE28F4#0CD60CD340400000
(1779322112.202385) can0 18FD28F4#1702FA6F00000000
(1779322112.203318) can0 4D4#000032007D0D0203
(1779322112.204283) can0 4D5#D30CD60C40400000
(1779322112.205379) can0 18914010#0CD6100CD3050000
(1779322112.206379) can0 18904010#020D020D753001FA
(1779322112.207392) can0 18924010#4001400100000000
(1779322112.208392) can0 18934010#0000008A0000BC19
(1779322112.209405) can0 18944010#1003000000000000
(1779322112.210424) can0 18954010#0000000000000000
(1779322112.211435) can0 18954010#0100000000000000
(1779322112.212417) can0 18954010#0200000000000000
(1779322112.213418) can0 18954010#0300000000000000
(1779322112.214411) can0 18954010#0400000000000000
(1779322112.215390) can0 18954010#0500000000000000
(1779322112.216411) can0 18964010#0040404000000000
(1779322112.217405) can0 18974010#0000000000000000
(1779322112.218405) can0 18984010#0000000000000000
(1779322112.219399) can0 18FA28F4#123EA12C10270000
(1779322112.220379) can0 18FB28F4#D60CD30C40400000
(1779322112.221412) can0 18FC28F4#383200000D020000
(1779322112.222374) can0 18F810F3#0D02E80332640100
(1779322112.223390) can0 18F811F3#D60C1001D30C0501
(1779322112.224387) can0 18F812F3#4001014001010000
(1779322112.225399) can0 18F813F3#0101000000000000
(1779322112.226380) can0 18F814F3#3200EA1AA9015F00
(1779322112.227442) can0 18F815F3#0000000010030000
(1779322112.228309) can0 273#000000000D023200
(1779322112.229291) can0 1E1#020D271001FA01FA
(1779322112.230323) can0 1F5#0000000000000000
(1779322112.231400) can0 0800A6A9#0000000000000000
(1779322112.232368) can0 1000A6A9#0D028813324A4A4A
(1779322112.233399) can0 1C00A6A9#0000000000030000
(1779322112.234400) can0 02018100#1003020D00000000
(1779322112.235436) can0 02028100#0000003264000000
(1779322112.236374) can0 02038100#0CD601100CD30105
(1779322112.237393) can0 02048100#4A01014A01010000
(1779322112.238278) can0 1AD#8714000059321818
(1779322112.239291) can0 2AD#D60C800C87140016
(1779322112.240304) can0 3AD#0000000000008714
(1779322112.241304) can0 4AD#EB00000000000000
(1779322112.242317) can0 76A#7F00000000000000
(1779322112.300982) can0 0000E005#1702440003B60591
(1779322112.301539) can0 1806E5F4#13CC010003B6023A
(1779322112.302391) can0 0000E000#13CC13CC020D0000
(1779322112.303371) can0 0000E004#181803B603B601E1
(1779322112.304401) can0 0000E006#0CD50CD50CD50CD5
(1779322112.305352) can0 0000E007#0CD30CD30CD50CD5
(1779322112.306371) can0 0000E008#0CD50CD50CD30CD3
(1779322112.307352) can0 0000E009#0CD30CD50CD50CD6
(1779322112.308414) can0 0000E010#0000000000000000
(1779322112.309416) can0 0000E011#0000000000000000
(1779322112.310397) can0 0000E012#0CD4000200000000
(1779322112.311410) can0 0000F001#0000000000000000
(1779322112.312442) can0 18FF28F4#10320000020D0000
(1779322112.313378) can0 18FE28F4#0CD60CD340400000
(1779322112.314390) can0 18FD28F4#1702FA6F00000000
(1779322112.315307) can0 4D4#000032007D0D0203
(1779322112.316287) can0 4D5#D30CD60C40400000
(1779322112.317372) can0 18914010#0CD6100CD3050000
(1779322112.318384) can0 18904010#020D020D753001FA
(1779322112.319385) can0 18FA28F4#123EA12C10270000
(1779322112.320379) can0 18FB28F4#D60CD30C40400000
(1779322112.321398) can0 18FC28F4#383200000D020000
(1779322112.322358) can0 18F810F3#0D02E80332640100
(1779322112.323410) can0 18F815F3#0000000010030000
(1779322112.324295) can0 273#000000000D023200
(1779322112.325295) can0 1E1#020D271001FA01FA
(1779322112.326321) can0 1F5#0000000000000000
(1779322112.327404) can0 0800A6A9#0000000000000000
(1779322112.328364) can0 1000A6A9#0D028813324A4A4A
(1779322112.329398) can0 1C00A6A9#0000000000030000
(1779322112.330398) can0 02018100#1003020D00000000
(1779322112.331397) can0 02028100#0000003264000000
(1779322112.332369) can0 02038100#0CD601100CD30105
(1779322112.333394) can0 02048100#4A01014A01010000
(1779322112.334280) can0 1AD#8714000059321818
(1779322112.335292) can0 2AD#D60C800C87140016
(1779322112.336302) can0 3AD#0000000000008714
(1779322112.337315) can0 4AD#EB00000000000000
(1779322112.338308) can0 76A#7F00000000000000
(1779322112.400928) can0 0000E005#1702440003B60591
(1779322112.401498) can0 1806E5F4#13CC010003B6023A
(1779322112.402388) can0 0000E000#13CC13CC020D0000
(1779322112.403382) can0 0000E004#181803B603B601E1
(1779322112.404369) can0 0000E006#0CD50CD50CD50CD5
(1779322112.405360) can0 0000E007#0CD30CD30CD50CD5
(1779322112.406363) can0 0000E008#0CD50CD50CD30CD3
(1779322112.407363) can0 0000E009#0CD30CD50CD50CD6
(1779322112.408408) can0 0000E010#0000000000000000
(1779322112.409407) can0 0000E011#0000000000000000
(1779322112.410388) can0 0000E012#0CD4000200000000
(1779322112.411401) can0 0000F001#0000000000000000
(1779322112.412401) can0 18FF28F4#10320000020D0000
(1779322112.413361) can0 18FE28F4#0CD60CD340400000
(1779322112.414383) can0 18FD28F4#1702FA6F00000000
(1779322112.415300) can0 4D4#000032007D0D0203
(1779322112.416280) can0 4D5#D30CD60C40400000
(1779322112.417375) can0 18914010#0CD6100CD3050000
(1779322112.418376) can0 18904010#020D020D753001FA
(1779322112.419377) can0 18FA28F4#123EA12C10270000
(1779322112.420370) can0 18FB28F4#D60CD30C40400000
(1779322112.421402) can0 18FC28F4#383200000D020000
(1779322112.422369) can0 18F810F3#0D02E80332640100
(1779322112.423402) can0 18F815F3#0000000010030000
(1779322112.424300) can0 273#000000000D023200
(1779322112.425277) can0 1E1#020D271001FA01FA
(1779322112.426312) can0 1F5#0000000000000000
(1779322112.427390) can0 0800A6A9#0000000000000000
(1779322112.428357) can0 1000A6A9#0D028813324A4A4A
(1779322112.429383) can0 1C00A6A9#0000000000030000
(1779322112.430402) can0 02018100#1003020D00000000
(1779322112.431403) can0 02028100#0000003264000000
(1779322112.432384) can0 02038100#0CD601100CD30105
(1779322112.433383) can0 02048100#4A01014A01010000
(1779322112.434281) can0 1AD#8714000059321818
(1779322112.435275) can0 2AD#D60C800C87140016
(1779322112.436287) can0 3AD#0000000000008714
(1779322112.437300) can0 4AD#EB00000000000000
(1779322112.438300) can0 76A#7F00000000000000
(1779322112.500978) can0 0000E005#1702440003B60591
(1779322112.501535) can0 1806E5F4#13CC010003B6023A
(1779322112.502385) can0 0000E000#13CC13CC020D0000
(1779322112.503387) can0 0000E004#181803B603B601E1
(1779322112.504368) can0 0000E006#0CD50CD50CD50CD3
(1779322112.505367) can0 0000E007#0CD30CD50CD50CD5
(1779322112.506367) can0 0000E008#0CD50CD50CD50CD3
(1779322112.507349) can0 0000E009#0CD30CD50CD50CD6
(1779322112.508412) can0 0000E010#0000000000000000
(1779322112.509406) can0 0000E011#0000000000000000
(1779322112.510388) can0 0000E012#0CD4000200000000
(1779322112.511419) can0 0000F001#0000000000000000
(1779322112.512387) can0 18FF28F4#10320000020D0000
(1779322112.513368) can0 18FE28F4#0CD60CD340400000
(1779322112.514380) can0 18FD28F4#1702FA6F00000000
(1779322112.515297) can0 4D4#000032007D0D0203
(1779322112.516285) can0 4D5#D30CD60C40400000
(1779322112.517381) can0 18914010#0CD6100CD3040000
(1779322112.518374) can0 18904010#020D020D753001FA
(1779322112.519406) can0 18FA28F4#123EA12C10270000
(1779322112.520374) can0 18FB28F4#D60CD30C40400000
(1779322112.521387) can0 18FC28F4#383200000D020000
(1779322112.522365) can0 18F810F3#0D02E80332640100
(1779322112.523400) can0 18F815F3#0000000010030000
(1779322112.524304) can0 273#000000000D023200
(1779322112.525285) can0 1E1#020D271001FA01FA
(1779322112.526310) can0 1F5#0000000000000000
(1779322112.527426) can0 0800A6A9#0000000000000000
(1779322112.528362) can0 1000A6A9#0D028813324A4A4A
(1779322112.529394) can0 1C00A6A9#0000000000030000
(1779322112.530388) can0 02018100#1003020D00000000
(1779322112.531388) can0 02028100#0000003264000000
(1779322112.532369) can0 02038100#0CD601100CD30104
(1779322112.533381) can0 02048100#4A01014A01010000
(1779322112.534266) can0 1AD#8714000059321818
(1779322112.535311) can0 2AD#D60C800C87140016
(1779322112.536292) can0 3AD#0000000000008714
(1779322112.537304) can0 4AD#EB00000000000000
(1779322112.538305) can0 76A#7F00000000000000
(1779322112.600950) can0 0000E005#1702440003B60591
(1779322112.601513) can0 1806E5F4#13CC010003B6023A
(1779322112.602378) can0 0000E000#13CC13CC020D0000
(1779322112.603360) can0 0000E004#181803B603B601E1
(1779322112.604378) can0 0000E006#0CD50CD50CD50CD3
(1779322112.605359) can0 0000E007#0CD30CD50CD50CD5
(1779322112.606354) can0 0000E008#0CD50CD50CD50CD3
(1779322112.607341) can0 0000E009#0CD30CD50CD50CD6
(1779322112.608404) can0 0000E010#0000000000000000
(1779322112.609404) can0 0000E011#0000000000000000
(1779322112.610383) can0 0000E012#0CD4000200000000
(1779322112.611398) can0 0000F001#0000000000000000
(1779322112.612430) can0 18FF28F4#10320000020D0000
(1779322112.613366) can0 18FE28F4#0CD60CD340400000
(1779322112.614379) can0 18FD28F4#1702FA6F00000000
(1779322112.615296) can0 4D4#000032007D0D0203
(1779322112.616277) can0 4D5#D30CD60C40400000
(1779322112.617372) can0 18914010#0CD6100CD3040000
(1779322112.618370) can0 18904010#020D020D753001FA
(1779322112.619373) can0 18FA28F4#123EA12C10270000
(1779322112.620398) can0 18FB28F4#D60CD30C40400000
(1779322112.621385) can0 18FC28F4#383200000D020000
(1779322112.622347) can0 18F810F3#0D02E80332640100
(1779322112.623399) can0 18F815F3#0000000010030000
(1779322112.624283) can0 273#000000000D023200
(1779322112.625277) can0 1E1#020D271001FA01FA
(1779322112.626309) can0 1F5#0000000000000000
(1779322112.627392) can0 0800A6A9#0000000000000000
(1779322112.628354) can0 1000A6A9#0D028813324A4A4A
(1779322112.629386) can0 1C00A6A9#0000000000030000
(1779322112.630379) can0 02018100#1003020D00000000
(1779322112.631386) can0 02028100#0000003264000000
(1779322112.632367) can0 02038100#0CD601100CD30104
(1779322112.633380) can0 02048100#4A01014A01010000
(1779322112.634253) can0 1AD#8714000059321818
(1779322112.635278) can0 2AD#D60C800C87140016
(1779322112.636291) can0 3AD#0000000000008714
(1779322112.637303) can0 4AD#EB00000000000000
(1779322112.638297) can0 76A#7F00000000000000
(1779322112.717959) can0 0000E005#1702440003B60591
(1779322112.718535) can0 1806E5F4#13CC010003B6023A
(1779322112.719371) can0 0000E000#13CC13CC020D0000
(1779322112.720359) can0 0000E004#181803B603B601E1
(1779322112.721351) can0 0000E006#0CD50CD30CD50CD5
(1779322112.722345) can0 0000E007#0CD30CD50CD50CD5
(1779322112.723346) can0 0000E008#0CD50CD50CD50CD3
(1779322112.724337) can0 0000E009#0CD50CD50CD50CD6
(1779322112.725390) can0 0000E010#0000000000000000
(1779322112.726390) can0 0000E011#0000000000000000
(1779322112.727372) can0 0000E012#0CD4000200000000
(1779322112.728352) can0 0000E013#4542323630354C43
(1779322112.729371) can0 0000E014#3134323300000000
(1779322112.730384) can0 0000E015#0000000000000003
(1779322112.731397) can0 0000F000#0000000000000000
(1779322112.732390) can0 0000F001#0000000000000000
(1779322112.733378) can0 18FF28F4#10320000020D0000
(1779322112.734378) can0 18FE28F4#0CD60CD340400000
(1779322112.735378) can0 18FD28F4#1702FA6F00000000
(1779322112.736288) can0 4D4#000032007D0D0203
(1779322112.737276) can0 4D5#D30CD60C40400000
(1779322112.738353) can0 18914010#0CD6100CD3020000
(1779322112.739366) can0 18904010#020D020D753001FA
(1779322112.740385) can0 18924010#4001400100000000
(1779322112.741365) can0 18934010#0000008B0000BC19
(1779322112.742397) can0 18944010#1003000000000000
(1779322112.743391) can0 18954010#0000000000000000
(1779322112.744391) can0 18954010#0100000000000000
(1779322112.745390) can0 18954010#0200000000000000
(1779322112.746391) can0 18954010#0300000000000000
(1779322112.747385) can0 18954010#0400000000000000
(1779322112.748383) can0 18954010#0500000000000000
(1779322112.749385) can0 18964010#0040404000000000
(1779322112.750410) can0 18974010#0000000000000000
(1779322112.751378) can0 18984010#0000000000000000
(1779322112.752362) can0 18FA28F4#123EA12C10270000
(1779322112.753355) can0 18FB28F4#D60CD30C40400000
(1779322112.754385) can0 18FC28F4#383200000D020000
(1779322112.755354) can0 18F810F3#0D02E80332640100
(1779322112.756361) can0 18F811F3#D60C1001D30C0201
(1779322112.757379) can0 18F812F3#4001014001010000
(1779322112.758424) can0 18F813F3#0101000000000000
(1779322112.759353) can0 18F814F3#3200EA1AA9015F00
(1779322112.760382) can0 18F815F3#0000000010030000
(1779322112.761283) can0 273#000000000D023200
(1779322112.762264) can0 1E1#020D271001FA01FA
(1779322112.763296) can0 1F5#0000000000000000
(1779322112.764385) can0 0800A6A9#0000000000000000
(1779322112.765341) can0 1000A6A9#0D028813324A4A4A
(1779322112.766418) can0 1C00A6A9#0000000000030000
(1779322112.767385) can0 02018100#1003020D00000000
(1779322112.768377) can0 02028100#0000003264000000
(1779322112.769360) can0 02038100#0CD601100CD30102
(1779322112.770360) can0 02048100#4A01014A01010000
(1779322112.771264) can0 1AD#8714000059321818
(1779322112.772254) can0 2AD#D60C800C87140016
(1779322112.773290) can0 3AD#0000000000008714
(1779322112.774335) can0 4AD#EB00000000000000
(1779322112.775290) can0 76A#7F00000000000000
(1779322112.833918) can0 0000E005#1702440003B60591
(1779322112.834476) can0 1806E5F4#13CC010003B6023A
(1779322112.835411) can0 0000E000#13CC13CC020D0000
(1779322112.836359) can0 0000E004#181803B603B601E1
(1779322112.837334) can0 0000E006#0CD50CD30CD50CD5
(1779322112.838351) can0 0000E007#0CD30CD50CD50CD5
(1779322112.839351) can0 0000E008#0CD50CD50CD50CD3
(1779322112.840332) can0 0000E009#0CD50CD50CD50CD6
(1779322112.841392) can0 0000E010#0000000000000000
(1779322112.842395) can0 0000E011#0000000000000000
(1779322112.843408) can0 0000E012#0CD4000200000000
(1779322112.844395) can0 0000F001#0000000000000000
(1779322112.845377) can0 18FF28F4#10320000020D0000
(1779322112.846357) can0 18FE28F4#0CD60CD340400000
(1779322112.847370) can0 18FD28F4#1702FA6F00000000
(1779322112.848287) can0 4D4#000032007D0D0203
(1779322112.849265) can0 4D5#D30CD60C40400000
(1779322112.850351) can0 18914010#0CD6100CD3020000
(1779322112.851396) can0 18904010#020D020D753001FA
(1779322112.852364) can0 18FA28F4#123EA12C10270000
(1779322112.853342) can0 18FB28F4#D60CD30C40400000
(1779322112.854377) can0 18FC28F4#383200000D020000
(1779322112.855345) can0 18F810F3#0D02E80332640100
(1779322112.856390) can0 18F815F3#0000000010030000
(1779322112.857274) can0 273#000000000D023200
(1779322112.858275) can0 1E1#020D271001FA01FA
(1779322112.859301) can0 1F5#0000000000000000
(1779322112.860383) can0 0800A6A9#0000000000000000
(1779322112.861343) can0 1000A6A9#0D028813324A4A4A
(1779322112.862377) can0 1C00A6A9#0000000000030000
(1779322112.863378) can0 02018100#1003020D00000000
(1779322112.864377) can0 02028100#0000003264000000
(1779322112.865355) can0 02038100#0CD601100CD30102
(1779322112.866371) can0 02048100#4A01014A01010000
(1779322112.867256) can0 1AD#8714000059321818
(1779322112.868269) can0 2AD#D60C800C87140016
(1779322112.869282) can0 3AD#0000000000008714
(1779322112.870295) can0 4AD#EB00000000000000
(1779322112.871288) can0 76A#7F00000000000000
(1779322112.933953) can0 0000E005#1702440003B60591
(1779322112.934522) can0 1806E5F4#13CC010003B6023A
(1779322112.935368) can0 0000E000#13CC13CC020D0000
(1779322112.936361) can0 0000E004#181803B603B601E1
(1779322112.937349) can0 0000E006#0CD50CD30CD50CD5
(1779322112.938338) can0 0000E007#0CD30CD50CD50CD5
(1779322112.939343) can0 0000E008#0CD50CD50CD50CD3
(1779322112.940343) can0 0000E009#0CD50CD50CD50CD6
(1779322112.941387) can0 0000E010#0000000000000000
(1779322112.942387) can0 0000E011#0000000000000000
(1779322112.943369) can0 0000E012#0CD4000200000000
(1779322112.944381) can0 0000F001#0000000000000000
(1779322112.945381) can0 18FF28F4#10320000020D0000
(1779322112.946362) can0 18FE28F4#0CD60CD340400000
(1779322112.947362) can0 18FD28F4#1702FA6F00000000
(1779322112.948278) can0 4D4#000032007D0D0203
(1779322112.949260) can0 4D5#D30CD60C40400000
(1779322112.950351) can0 18914010#0CD6100CD3020000
(1779322112.951356) can0 18904010#020D020D753001FA
(1779322112.952356) can0 18FA28F4#123EA12C10270000
(1779322112.953349) can0 18FB28F4#D60CD30C40400000
(1779322112.954382) can0 18FC28F4#383200000D020000
(1779322112.955350) can0 18F810F3#0D02E80332640100
(1779322112.956381) can0 18F815F3#0000000010030000
(1779322112.957279) can0 273#000000000D023200
(1779322112.958256) can0 1E1#020D271001FA01FA
(1779322112.959292) can0 1F5#0000000000000000
(1779322112.960369) can0 0800A6A9#0000000000000000
(1779322112.961337) can0 1000A6A9#0D028813324A4A4A
(1779322112.962363) can0 1C00A6A9#0000000000030000
(1779322112.963369) can0 02018100#1003020D00000000
(1779322112.964382) can0 02028100#0000003264000000
(1779322112.965375) can0 02038100#0CD601100CD30102
(1779322112.966356) can0 02048100#4A01014A01010000
(1779322112.967245) can0 1AD#8714000059321818
(1779322112.968263) can0 2AD#D60C800C87140016
(1779322112.969267) can0 3AD#0000000000008714
(1779322112.970278) can0 4AD#EB00000000000000
(1779322112.971281) can0 76A#7F00000000000000
(1779322113.033956) can0 0000E005#1702440003B60591
(1779322113.034518) can0 1806E5F4#13CC010003B6023A
(1779322113.035357) can0 0000E000#13CC13CC020D0000
(1779322113.036347) can0 0000E004#181803B603B601E1
(1779322113.037328) can0 0000E006#0CD50CD30CD30CD5
(1779322113.038328) can0 0000E007#0CD50CD30CD50CD5
(1779322113.039341) can0 0000E008#0CD50CD50CD50CD5
(1779322113.040341) can0 0000E009#0CD50CD50CD50CD6
(1779322113.041385) can0 0000E010#0000000000000000
(1779322113.042398) can0 0000E011#0000000000000000
(1779322113.043359) can0 0000E012#0CD4000200000000
(1779322113.044379) can0 0000F001#0000000000000000
(1779322113.045360) can0 18FF28F4#10320000020D0000
(1779322113.046348) can0 18FE28F4#0CD60CD340400000
(1779322113.047352) can0 18FD28F4#1702FA6F00000000
(1779322113.048277) can0 4D4#000032007D0D0203
(1779322113.049258) can0 4D5#D30CD60C40400000
(1779322113.050373) can0 18914010#0CD6100CD3020000
(1779322113.051355) can0 18904010#020D020D753001FA
(1779322113.052348) can0 18FA28F4#123EA12C10270000
(1779322113.053348) can0 18FB28F4#D60CD30C40400000
(1779322113.054367) can0 18FC28F4#383200000D020000
(1779322113.055345) can0 18F810F3#0D02E80332640100
(1779322113.056381) can0 18F815F3#0000000010030000
(1779322113.057277) can0 273#000000000D023200
(1779322113.058291) can0 1E1#020D271001FA01FA
(1779322113.059288) can0 1F5#0000000000000000
(1779322113.060367) can0 0800A6A9#0000000000000000
(1779322113.061335) can0 1000A6A9#0D028813324A4A4A
(1779322113.062367) can0 1C00A6A9#0000000000030000
(1779322113.063368) can0 02018100#1003020D00000000
(1779322113.064361) can0 02028100#0000003264000000
(1779322113.065361) can0 02038100#0CD601100CD30102
(1779322113.066393) can0 02048100#4A01014A01010000
(1779322113.067238) can0 1AD#8714000059321818
(1779322113.068253) can0 2AD#D60C800C87140016
(1779322113.069265) can0 3AD#0000000000008714
(1779322113.070285) can0 4AD#EB00000000000000
(1779322113.071276) can0 76A#7F00000000000000
(1779322113.133911) can0 0000E005#1702440003B60591
(1779322113.134468) can0 1806E5F4#13CC010003B6023A
(1779322113.135390) can0 0000E000#13CC13CC020D0000
(1779322113.136352) can0 0000E004#181803B603B601E1
(1779322113.137332) can0 0000E006#0CD50CD30CD30CD5
(1779322113.138333) can0 0000E007#0CD50CD30CD50CD5
(1779322113.139332) can0 0000E008#0CD50CD50CD50CD5
(1779322113.140326) can0 0000E009#0CD50CD50CD50CD6
(1779322113.141378) can0 0000E010#0000000000000000
(1779322113.142377) can0 0000E011#0000000000000000
(1779322113.143391) can0 0000E012#0CD4000200000000
(1779322113.144369) can0 0000F001#0000000000000000
(1779322113.145371) can0 18FF28F4#10320000020D0000
(1779322113.146339) can0 18FE28F4#0CD60CD340400000
(1779322113.147353) can0 18FD28F4#1702FA6F00000000
(1779322113.148268) can0 4D4#000032007D0D0203
(1779322113.149250) can0 4D5#D30CD60C40400000
(1779322113.150346) can0 18914010#0CD6100CD3020000
(1779322113.151391) can0 18904010#020D020D753001FA
(1779322113.152357) can0 18FA28F4#123EA12C10270000
(1779322113.153339) can0 18FB28F4#D60CD30C40400000
(1779322113.154372) can0 18FC28F4#383200000D020000
(1779322113.155340) can0 18F810F3#0D02E80332640100
(1779322113.156363) can0 18F815F3#0000000010030000
(1779322113.157269) can0 273#000000000D023200
(1779322113.158251) can0 1E1#020D271001FA01FA
(1779322113.159334) can0 1F5#0000000000000000
(1779322113.160365) can0 0800A6A9#0000000000000000
(1779322113.161327) can0 1000A6A9#0D028813324A4A4A
(1779322113.162359) can0 1C00A6A9#0000000000030000
(1779322113.163373) can0 02018100#1003020D00000000
(1779322113.164365) can0 02028100#0000003264000000
(1779322113.165353) can0 02038100#0CD601100CD30102
(1779322113.166357) can0 02048100#4A01014A01010000
(1779322113.167254) can0 1AD#8714000059321818
(1779322113.168245) can0 2AD#D60C800C87140016
(1779322113.169257) can0 3AD#0000000000008714
(1779322113.170270) can0 4AD#EB00000000000000
(1779322113.171271) can0 76A#7F00000000000000
(1779322113.250898) can0 0000E005#1702440003B60591
(1779322113.251455) can0 1806E5F4#13CC010003B6023A
(1779322113.252357) can0 0000E000#13CC13CC020D0000
(1779322113.253338) can0 0000E004#181803B603B601E1
(1779322113.254319) can0 0000E006#0CD50CD30CD50CD3
(1779322113.255320) can0 0000E007#0CD50CD30CD50CD5
(1779322113.256332) can0 0000E008#0CD50CD50CD50CD3
(1779322113.257330) can0 0000E009#0CD50CD50CD50CD6
(1779322113.258382) can0 0000E010#0000000000000000
(1779322113.259377) can0 0000E011#0000000000000000
(1779322113.260358) can0 0000E012#0CD4000200000000
(1779322113.261326) can0 0000E013#4542323630354C43
(1779322113.262357) can0 0000E014#3134323300000000
(1779322113.263370) can0 0000E015#0000000000000003
(1779322113.264371) can0 0000F000#0000000000000000
(1779322113.265362) can0 0000F001#0000000000000000
(1779322113.266371) can0 18FF28F4#10320000020D0000
(1779322113.267333) can0 18FE28F4#0CD60CD340400000
(1779322113.268345) can0 18FD28F4#1702FA6F00000000
(1779322113.269260) can0 4D4#000032007D0D0203
(1779322113.270249) can0 4D5#D30CD60C40400000
(1779322113.271346) can0 18914010#0CD6100CD3020000
(1779322113.272339) can0 18904010#020D020D753001FA
(1779322113.273371) can0 18924010#4001400100000000
(1779322113.274358) can0 18934010#0000008C0000BC19
(1779322113.275352) can0 18944010#1003000000000000
(1779322113.276384) can0 18954010#0000000000000000
(1779322113.277379) can0 18954010#0100000000000000
(1779322113.278365) can0 18954010#0200000000000000
(1779322113.279365) can0 18954010#0300000000000000
(1779322113.280364) can0 18954010#0400000000000000
(1779322113.281370) can0 18954010#0500000000000000
(1779322113.282358) can0 18964010#0040404000000000
(1779322113.283372) can0 18974010#0000000000000000
(1779322113.284371) can0 18984010#0000000000000000
(1779322113.285334) can0 18FA28F4#123EA12C10270000
(1779322113.286333) can0 18FB28F4#D60CD30C40400000
(1779322113.287359) can0 18FC28F4#383200000D020000
(1779322113.288327) can0 18F810F3#0D02E80332640100
(1779322113.289371) can0 18F811F3#D60C1001D30C0201
(1779322113.290352) can0 18F812F3#4001014001010000
(1779322113.291366) can0 18F813F3#0101000000000000
(1779322113.292346) can0 18F814F3#3200EA1AA9015F00
(1779322113.293360) can0 18F815F3#0000000010030000
(1779322113.294263) can0 273#000000000D023200
(1779322113.295257) can0 1E1#020D271001FA01FA
(1779322113.296289) can0 1F5#0000000000000000
(1779322113.297398) can0 0800A6A9#0000000000000000
(1779322113.298333) can0 1000A6A9#0D028813324A4A4A
(1779322113.299360) can0 1C00A6A9#0000000000030000
(1779322113.300359) can0 02018100#1003020D00000000
(1779322113.301355) can0 02028100#0000003264000000
(1779322113.302339) can0 02038100#0CD601100CD30102
(1779322113.303341) can0 02048100#4A01014A01010000
(1779322113.304244) can0 1AD#8714000059321818
(1779322113.305286) can0 2AD#D60C800C87140016
(1779322113.306270) can0 3AD#0000000000008714
(1779322113.307271) can0 4AD#EB00000000000000
(1779322113.308270) can0 76A#7F00000000000000
(1779322113.366906) can0 0000E005#1702440003B60591
(1779322113.367455) can0 1806E5F4#13CC010003B6023A
(1779322113.368356) can0 0000E000#13CC13CC020D0000
(1779322113.369337) can0 0000E004#181803B603B601E1
(1779322113.370320) can0 0000E006#0CD50CD30CD50CD3
(1779322113.371318) can0 0000E007#0CD50CD30CD50CD5
(1779322113.372336) can0 0000E008#0CD50CD50CD50CD3
(1779322113.373318) can0 0000E009#0CD50CD50CD50CD6
(1779322113.374409) can0 0000E010#0000000000000000
(1779322113.375375) can0 0000E011#0000000000000000
(1779322113.376356) can0 0000E012#0CD4000200000000
(1779322113.377376) can0 0000F001#0000000000000000
(1779322113.378356) can0 18FF28F4#10320000020D0000
(1779322113.379337) can0 18FE28F4#0CD60CD340400000
(1779322113.380350) can0 18FD28F4#1702FA6F00000000
(1779322113.381255) can0 4D4#000032007D0D0203
(1779322113.382283) can0 4D5#D30CD60C40400000
(1779322113.383331) can0 18914010#0CD6100CD3020000
(1779322113.384331) can0 18904010#020D020D753001FA
(1779322113.385344) can0 18FA28F4#123EA12C10270000
(1779322113.386320) can0 18FB28F4#D60CD30C40400000
(1779322113.387357) can0 18FC28F4#383200000D020000
(1779322113.388325) can0 18F810F3#0D02E80332640100
(1779322113.389357) can0 18F815F3#0000000010030000
(1779322113.390255) can0 273#000000000D023200
(1779322113.391255) can0 1E1#020D271001FA01FA
(1779322113.392267) can0 1F5#0000000000000000
(1779322113.393364) can0 0800A6A9#0000000000000000
(1779322113.394306) can0 1000A6A9#0D028813324A4A4A
(1779322113.395364) can0 1C00A6A9#0000000000030000
(1779322113.396357) can0 02018100#1003020D00000000
(1779322113.397357) can0 02028100#0000003264000000
(1779322113.398334) can0 02038100#0CD601100CD30102
(1779322113.399351) can0 02048100#4A01014A01010000
(1779322113.400236) can0 1AD#8714000059321818
(1779322113.401229) can0 2AD#D60C800C87140016
(1779322113.402262) can0 3AD#0000000000008714
(1779322113.403262) can0 4AD#EB00000000000000
(1779322113.404275) can0 76A#7F00000000000000
(1779322113.466933) can0 0000E005#1702440003B60591
(1779322113.467486) can0 1806E5F4#13CC010003B6023A
(1779322113.468341) can0 0000E000#13CC13CC020D0000
(1779322113.469341) can0 0000E004#181803B603B601E1
(1779322113.470309) can0 0000E006#0CD50CD30CD50CD3
(1779322113.471317) can0 0000E007#0CD50CD30CD50CD5
(1779322113.472322) can0 0000E008#0CD50CD50CD50CD3
(1779322113.473322) can0 0000E009#0CD50CD50CD50CD6
(1779322113.474367) can0 0000E010#0000000000000000
(1779322113.475369) can0 0000E011#0000000000000000
(1779322113.476348) can0 0000E012#0CD4000200000000
(1779322113.477362) can0 0000F001#0000000000000000
(1779322113.478342) can0 18FF28F4#10320000020D0000
(1779322113.479319) can0 18FE28F4#0CD60CD340400000
(1779322113.480342) can0 18FD28F4#1702FA6F00000000
(1779322113.481259) can0 4D4#000032007D0D0203
(1779322113.482240) can0 4D5#D30CD60C40400000
(1779322113.483331) can0 18914010#0CD6100CD3020000
(1779322113.484336) can0 18904010#020D020D753001FA
(1779322113.485329) can0 18FA28F4#123EA12C10270000
(1779322113.486330) can0 18FB28F4#D60CD30C40400000
(1779322113.487362) can0 18FC28F4#383200000D020000
(1779322113.488329) can0 18F810F3#0D02E80332640100
(1779322113.489355) can0 18F815F3#0000000010030000
(1779322113.490259) can0 273#000000000D023200
(1779322113.491236) can0 1E1#020D271001FA01FA
(1779322113.492272) can0 1F5#0000000000000000
(1779322113.493349) can0 0800A6A9#0000000000000000
(1779322113.494317) can0 1000A6A9#0D028813324A4A4A
(1779322113.495343) can0 1C00A6A9#0000000000030000
(1779322113.496362) can0 02018100#1003020D00000000
(1779322113.497362) can0 02028100#0000003264000000
(1779322113.498343) can0 02038100#0CD601100CD30102
(1779322113.499337) can0 02048100#4A01014A01010000
(1779322113.500221) can0 1AD#8714000059321818
(1779322113.501234) can0 2AD#D60C800C87140016
(1779322113.502247) can0 3AD#0000000000008714
(1779322113.503258) can0 4AD#EB00000000000000
(1779322113.504273) can0 76A#7F00000000000000
(1779322113.566893) can0 0000E005#1702440003B60591
(1779322113.567449) can0 1806E5F4#13CC010003B6023A
(1779322113.568342) can0 0000E000#13CC13CC020D0000
(1779322113.569327) can0 0000E004#181803B603B601E1
(1779322113.570314) can0 0000E006#0CD50CD50CD30CD5
(1779322113.571308) can0 0000E007#0CD30CD30CD50CD5
(1779322113.572308) can0 0000E008#0CD50CD50CD30CD3
(1779322113.573321) can0 0000E009#0CD50CD50CD50CD6
(1779322113.574372) can0 0000E010#0000000000000000
(1779322113.575365) can0 0000E011#0000000000000000
(1779322113.576345) can0 0000E012#0CD4000200000000
(1779322113.577366) can0 0000F001#0000000000000000
(1779322113.578347) can0 18FF28F4#10320000020D0000
(1779322113.579327) can0 18FE28F4#0CD60CD340400000
(1779322113.580338) can0 18FD28F4#1702FA6F00000000
(1779322113.581263) can0 4D4#000032007D0D0203
(1779322113.582244) can0 4D5#D30CD60C40400000
(1779322113.583322) can0 18914010#0CD6100CD3030000
(1779322113.584321) can0 18904010#020D020D753001FA
(1779322113.585334) can0 18FA28F4#123EA12C10270000
(1779322113.586315) can0 18FB28F4#D60CD30C40400000
(1779322113.587347) can0 18FC28F4#383200000D020000
(1779322113.588307) can0 18F810F3#0D02E80332640100
(1779322113.589379) can0 18F815F3#0000000010030000
(1779322113.590245) can0 273#000000000D023200
(1779322113.591245) can0 1E1#020D271001FA01FA
(1779322113.592274) can0 1F5#0000000000000000
(1779322113.593353) can0 0800A6A9#0000000000000000
(1779322113.594303) can0 1000A6A9#0D028813324A4A4A
(1779322113.595354) can0 1C00A6A9#0000000000030000
(1779322113.596347) can0 02018100#1003020D00000000
(1779322113.597379) can0 02028100#0000003264000000
(1779322113.598328) can0 02038100#0CD601100CD30103
(1779322113.599342) can0 02048100#4A01014A01010000
(1779322113.600224) can0 1AD#8714000059321818
(1779322113.601239) can0 2AD#D60C800C87140016
(1779322113.602251) can0 3AD#0000000000008714
(1779322113.603264) can0 4AD#EB00000000000000
(1779322113.604254) can0 76A#7F00000000000000
(1779322113.666902) can0 0000E005#1702440003B60591
(1779322113.667456) can0 1806E5F4#13CC010003B6023A
(1779322113.668338) can0 0000E000#13CC13CC020D0000
(1779322113.669331) can0 0000E004#181803B603B601E1
(1779322113.670319) can0 0000E006#0CD50CD50CD30CD5
(1779322113.671314) can0 0000E007#0CD30CD30CD50CD5
(1779322113.672312) can0 0000E008#0CD50CD50CD30CD3
(1779322113.673311) can0 0000E009#0CD50CD50CD50CD6
(1779322113.674389) can0 0000E010#0000000000000000
(1779322113.675358) can0 0000E011#0000000000000000
(1779322113.676338) can0 0000E012#0CD4000200000000
(1779322113.677350) can0 0000F001#0000000000000000
(1779322113.678351) can0 18FF28F4#10320000020D0000
(1779322113.679320) can0 18FE28F4#0CD60CD340400000
(1779322113.680332) can0 18FD28F4#1702FA6F00000000
(1779322113.681249) can0 4D4#000032007D0D0203
(1779322113.682282) can0 4D5#D30CD60C40400000
(1779322113.683327) can0 18914010#0CD6100CD3030000
(1779322113.684326) can0 18904010#020D020D753001FA
(1779322113.685320) can0 18FA28F4#123EA12C10270000
(1779322113.686326) can0 18FB28F4#D60CD30C40400000
(1779322113.687352) can0 18FC28F4#383200000D020000
(1779322113.688320) can0 18F810F3#0D02E80332640100
(1779322113.689350) can0 18F815F3#0000000010030000
(1779322113.690301) can0 273#000000000D023200
(1779322113.691237) can0 1E1#020D271001FA01FA
(1779322113.692263) can0 1F5#0000000000000000
(1779322113.693346) can0 0800A6A9#0000000000000000
(1779322113.694313) can0 1000A6A9#0D028813324A4A4A
(1779322113.695340) can0 1C00A6A9#0000000000030000
(1779322113.696358) can0 02018100#1003020D00000000
(1779322113.697352) can0 02028100#0000003264000000
(1779322113.698333) can0 02038100#0CD601100CD30103
(1779322113.699333) can0 02048100#4A01014A01010000
(1779322113.700217) can0 1AD#8714000059321818
(1779322113.701226) can0 2AD#D60C800C87140016
(1779322113.702244) can0 3AD#0000000000008714
(1779322113.703257) can0 4AD#EB00000000000000
(1779322113.704256) can0 76A#7F00000000000000
(1779322113.783887) can0 0000E005#1702440003B60591
(1779322113.784463) can0 1806E5F4#13CC010003B6023A
(1779322113.785331) can0 0000E000#13CC13CC020D0000
(1779322113.786324) can0 0000E004#181803B603B601E1
(1779322113.787303) can0 0000E006#0CD50CD30CD30CD3
(1779322113.788305) can0 0000E007#0CD30CD30CD50CD5
(1779322113.789306) can0 0000E008#0CD50CD50CD50CD5
(1779322113.790305) can0 0000E009#0CD50CD50CD50CD6
(1779322113.791348) can0 0000E010#0000000000000000
(1779322113.792350) can0 0000E011#0000000000000000
(1779322113.793331) can0 0000E012#0CD4000200000000
(1779322113.794312) can0 0000E013#4542323630354C43
(1779322113.795325) can0 0000E014#3134323300000000
(1779322113.796357) can0 0000E015#0000000000000003
(1779322113.797357) can0 0000F000#0000000000000000
(1779322113.798357) can0 0000F001#0000000000000000
(1779322113.799333) can0 18FF28F4#10320000020D0000
(1779322113.800318) can0 18FE28F4#0CD60CD340400000
(1779322113.801332) can0 18FD28F4#1702FA6F00000000
(1779322113.802255) can0 4D4#000032007D0D0203
(1779322113.803230) can0 4D5#D30CD60C40400000
(1779322113.804331) can0 18914010#0CD6100CD3020000
(1779322113.805331) can0 18904010#020D020D753001FA
(1779322113.806345) can0 18924010#4001400100000000
(1779322113.807326) can0 18934010#0000008D0000BC19
(1779322113.808338) can0 18944010#1003000000000000
(1779322113.809357) can0 18954010#0000000000000000
(1779322113.810351) can0 18954010#0100000000000000
(1779322113.811349) can0 18954010#0200000000000000
(1779322113.812363) can0 18954010#0300000000000000
(1779322113.813351) can0 18954010#0400000000000000
(1779322113.814345) can0 18954010#0500000000000000
(1779322113.815342) can0 18964010#0040404000000000
(1779322113.816344) can0 18974010#0000000000000000
(1779322113.817338) can0 18984010#0000000000000000
(1779322113.818319) can0 18FA28F4#123EA12C10270000
(1779322113.819319) can0 18FB28F4#D60CD30C40400000
(1779322113.820364) can0 18FC28F4#383200000D020000
(1779322113.821313) can0 18F810F3#0D02E80332640100
(1779322113.822326) can0 18F811F3#D60C1001D30C0201
(1779322113.823320) can0 18F812F3#4001014001010000
(1779322113.824351) can0 18F813F3#0101000000000000
(1779322113.825313) can0 18F814F3#3200EA1AA9015F00
(1779322113.826338) can0 18F815F3#0000000010030000
(1779322113.827243) can0 273#000000000D023200
(1779322113.828256) can0 1E1#020D271001FA01FA
(1779322113.829256) can0 1F5#0000000000000000
(1779322113.830351) can0 0800A6A9#0000000000000000
(1779322113.831301) can0 1000A6A9#0D028813324A4A4A
(1779322113.832333) can0 1C00A6A9#0000000000030000
(1779322113.833345) can0 02018100#1003020D00000000
(1779322113.834342) can0 02028100#0000003264000000
(1779322113.835326) can0 02038100#0CD601100CD30102
(1779322113.836373) can0 02048100#4A01014A01010000
(1779322113.837214) can0 1AD#8714000059321818
(1779322113.838219) can0 2AD#D60C800C87140016
(1779322113.839237) can0 3AD#0000000000008714
(1779322113.840250) can0 4AD#EB00000000000000
(1779322113.841250) can0 76A#7F00000000000000
(1779322113.899935) can0 0000E005#1702440003B60591
(1779322113.900491) can0 1806E5F4#13CC010003B6023A
(1779322113.901323) can0 0000E000#13CC13CC020D0000
(1779322113.902323) can0 0000E004#181803B603B601E1
(1779322113.903299) can0 0000E006#0CD50CD30CD30CD3
(1779322113.904304) can0 0000E007#0CD30CD30CD50CD5
(1779322113.905336) can0 0000E008#0CD50CD50CD50CD5
(1779322113.906304) can0 0000E009#0CD50CD50CD50CD6
(1779322113.907343) can0 0000E010#0000000000000000
(1779322113.908349) can0 0000E011#0000000000000000
(1779322113.909330) can0 0000E012#0CD4000200000000
(1779322113.910343) can0 0000F001#0000000000000000
(1779322113.911331) can0 18FF28F4#10320000020D0000
(1779322113.912311) can0 18FE28F4#0CD60CD340400000
(1779322113.913375) can0 18FD28F4#1702FA6F00000000
(1779322113.914240) can0 4D4#000032007D0D0203
(1779322113.915216) can0 4D5#D30CD60C40400000
(1779322113.916318) can0 18914010#0CD6100CD3020000
(1779322113.917317) can0 18904010#020D020D753001FA
(1779322113.918318) can0 18FA28F4#123EA12C10270000
(1779322113.919307) can0 18FB28F4#D60CD30C40400000
(1779322113.920343) can0 18FC28F4#383200000D020000
(1779322113.921362) can0 18F810F3#0D02E80332640100
(1779322113.922343) can0 18F815F3#0000000010030000
(1779322113.923242) can0 273#000000000D023200
(1779322113.924228) can0 1E1#020D271001FA01FA
(1779322113.925254) can0 1F5#0000000000000000
(1779322113.926337) can0 0800A6A9#0000000000000000
(1779322113.927301) can0 1000A6A9#0D028813324A4A4A
(1779322113.928330) can0 1C00A6A9#0000000000030000
(1779322113.929330) can0 02018100#1003020D00000000
(1779322113.930343) can0 02028100#0000003264000000
(1779322113.931321) can0 02038100#0CD601100CD30102
(1779322113.932324) can0 02048100#4A01014A01010000
(1779322113.933209) can0 1AD#8714000059321818
(1779322113.934222) can0 2AD#D60C800C87140016
(1779322113.935235) can0 3AD#0000000000008714
(1779322113.936248) can0 4AD#EB00000000000000
(1779322113.937241) can0 76A#7F00000000000000
(1779322113.999882) can0 0000E005#1702440003B60591
(1779322114.000431) can0 1806E5F4#13CC010003B6023A
(1779322114.001315) can0 0000E000#13CC13CC020D0000
(1779322114.002315) can0 0000E004#181803B603B601E1
(1779322114.003297) can0 0000E006#0CD50CD30CD30CD3
(1779322114.004295) can0 0000E007#0CD30CD30CD50CD5
(1779322114.005296) can0 0000E008#0CD50CD50CD50CD5
(1779322114.006289) can0 0000E009#0CD50CD50CD50CD6
(1779322114.007355) can0 0000E010#0000000000000000
(1779322114.008335) can0 0000E011#0000000000000000
(1779322114.009334) can0 0000E012#0CD4000200000000
(1779322114.010347) can0 0000F001#0000000000000000
(1779322114.011335) can0 18FF28F4#10320000020D0000
(1779322114.012312) can0 18FE28F4#0CD60CD340400000
(1779322114.013329) can0 18FD28F4#1702FA6F00000000
(1779322114.014232) can0 4D4#000032007D0D0203
(1779322114.015214) can0 4D5#D30CD60C40400000
(1779322114.016301) can0 18914010#0CD6100CD3020000
(1779322114.017309) can0 18904010#020D020D753001FA
(1779322114.018322) can0 18FA28F4#123EA12C10270000
(1779322114.019303) can0 18FB28F4#D60CD30C40400000
(1779322114.020335) can0 18FC28F4#383200000D020000
(1779322114.021297) can0 18F810F3#0D02E80332640100
(1779322114.022347) can0 18F815F3#0000000010030000
(1779322114.023233) can0 273#000000000D023200
(1779322114.024229) can0 1E1#020D271001FA01FA
(1779322114.025245) can0 1F5#0000000000000000
(1779322114.026341) can0 0800A6A9#0000000000000000
(1779322114.027303) can0 1000A6A9#0D028813324A4A4A
(1779322114.028314) can0 1C00A6A9#0000000000030000
(1779322114.029335) can0 02018100#1003020D00000000
(1779322114.030336) can0 02028100#0000003264000000
(1779322114.031317) can0 02038100#0CD601100CD30102
(1779322114.032330) can0 02048100#4A01014A01010000
(1779322114.033208) can0 1AD#8714000059321818
(1779322114.034208) can0 2AD#D60C800C87140016
(1779322114.035252) can0 3AD#0000000000008714
(1779322114.036244) can0 4AD#EB00000000000000
(1779322114.037246) can0 76A#7F00000000000000
(1779322114.099873) can0 0000E005#1702440003B60591
(1779322114.100429) can0 1806E5F4#13CC010003B6023A
(1779322114.101312) can0 0000E000#13CC13CC020D0000
(1779322114.102313) can0 0000E004#181803B603B601E1
(1779322114.103295) can0 0000E006#0CD50CD50CD50CD5
(1779322114.104313) can0 0000E007#0CD30CD50CD50CD5
(1779322114.105294) can0 0000E008#0CD50CD30CD50CD3
(1779322114.106294) can0 0000E009#0CD30CD50CD50CD6
(1779322114.107339) can0 0000E010#0000000000000000
(1779322114.108339) can0 0000E011#0000000000000000
(1779322114.109317) can0 0000E012#0CD4000200000000
(1779322114.110351) can0 0000F001#0000000000000000
(1779322114.111333) can0 18FF28F4#10320000020D0000
(1779322114.112333) can0 18FE28F4#0CD60CD340400000
(1779322114.113327) can0 18FD28F4#1702FA6F00000000
(1779322114.114234) can0 4D4#000032007D0D0203
(1779322114.115212) can0 4D5#D30CD60C40400000
(1779322114.116307) can0 18914010#0CD6100CD3050000
(1779322114.117307) can0 18904010#020D020D753001FA
(1779322114.118320) can0 18FA28F4#123EA12C10270000
(1779322114.119301) can0 18FB28F4#D60CD30C40400000
(1779322114.120346) can0 18FC28F4#383200000D020000
(1779322114.121294) can0 18F810F3#0D02E80332640100
(1779322114.122326) can0 18F815F3#0000000010030000
(1779322114.123231) can0 273#000000000D023200
(1779322114.124224) can0 1E1#020D271001FA01FA
(1779322114.125237) can0 1F5#0000000000000000
(1779322114.126340) can0 0800A6A9#0000000000000000
(1779322114.127288) can0 1000A6A9#0D028813324A4A4A
(1779322114.128353) can0 1C00A6A9#0000000000030000
(1779322114.129334) can0 02018100#1003020D00000000
(1779322114.130333) can0 02028100#0000003264000000
(1779322114.131314) can0 02038100#0CD601100CD30105
(1779322114.132308) can0 02048100#4A01014A01010000
(1779322114.133203) can0 1AD#8714000059321818
(1779322114.134205) can0 2AD#D60C800C87140016
(1779322114.135231) can0 3AD#0000000000008714
(1779322114.136282) can0 4AD#EB00000000000000
(1779322114.137241) can0 76A#7F00000000000000
(1779322114.199920) can0 0000E005#1702440003B60591
(1779322114.200475) can0 1806E5F4#13CC010003B6023A
(1779322114.201312) can0 0000E000#13CC13CC020D0000
(1779322114.202311) can0 0000E004#181803B603B601E1
(1779322114.203292) can0 0000E006#0CD50CD50CD50CD5
(1779322114.204292) can0 0000E007#0CD30CD50CD50CD5
(1779322114.205317) can0 0000E008#0CD50CD30CD50CD3
(1779322114.206283) can0 0000E009#0CD30CD50CD50CD6
(1779322114.207350) can0 0000E010#0000000000000000
(1779322114.208330) can0 0000E011#0000000000000000
(1779322114.209311) can0 0000E012#0CD4000200000000
(1779322114.210341) can0 0000F001#0000000000000000
(1779322114.211325) can0 18FF28F4#10320000020D0000
(1779322114.212312) can0 18FE28F4#0CD60CD340400000
(1779322114.213357) can0 18FD28F4#1702FA6F00000000
(1779322114.214222) can0 4D4#000032007D0D0203
(1779322114.215203) can0 4D5#D30CD60C40400000
(1779322114.216299) can0 18914010#0CD6100CD3050000
(1779322114.217299) can0 18904010#020D020D753001FA
(1779322114.218306) can0 18FA28F4#123EA12C10270000
(1779322114.219293) can0 18FB28F4#D60CD30C40400000
(1779322114.220324) can0 18FC28F4#383200000D020000
(1779322114.221344) can0 18F810F3#0D02E80332640100
(1779322114.222322) can0 18F815F3#0000000010030000
(1779322114.223223) can0 273#000000000D023200
(1779322114.224223) can0 1E1#020D271001FA01FA
(1779322114.225255) can0 1F5#0000000000000000
(1779322114.226331) can0 0800A6A9#0000000000000000
(1779322114.227280) can0 1000A6A9#0D028813324A4A4A
(1779322114.228332) can0 1C00A6A9#0000000000030000
(1779322114.229325) can0 02018100#1003020D00000000
(1779322114.230322) can0 02028100#0000003264000000
(1779322114.231309) can0 02038100#0CD601100CD30105
(1779322114.232321) can0 02048100#4A01014A01010000
(1779322114.233204) can0 1AD#8714000059321818
(1779322114.234211) can0 2AD#D60C800C87140016
(1779322114.235230) can0 3AD#0000000000008714
(1779322114.236242) can0 4AD#EB00000000000000
(1779322114.237236) can0 76A#7F00000000000000
(1779322114.316902) can0 0000E005#1702440003B60591
(1779322114.317471) can0 1806E5F4#13CC010003B6023A
(1779322114.318310) can0 0000E000#13CC13CC020D0000
(1779322114.319311) can0 0000E004#181803B603B601E1
(1779322114.320272) can0 0000E006#0CD50CD50CD30CD3
(1779322114.321291) can0 0000E007#0CD30CD30CD50CD5
(1779322114.322291) can0 0000E008#0CD50CD50CD50CD5
(1779322114.323285) can0 0000E009#0CD50CD50CD50CD6
(1779322114.324326) can0 0000E010#0000000000000000
(1779322114.325330) can0 0000E011#0000000000000000
(1779322114.326317) can0 0000E012#0CD4000200000000
(1779322114.327279) can0 0000E013#4542323630354C43
(1779322114.328311) can0 0000E014#3134323300000000
(1779322114.329324) can0 0000E015#0000000000000003
(1779322114.330343) can0 0000F000#0000000000000000
(1779322114.331324) can0 0000F001#0000000000000000
(1779322114.332319) can0 18FF28F4#10320000020D0000
(1779322114.333305) can0 18FE28F4#0CD60CD340400000
(1779322114.334305) can0 18FD28F4#1702FA6F00000000
(1779322114.335234) can0 4D4#000032007D0D0203
(1779322114.336200) can0 4D5#D30CD60C40400000
(1779322114.337301) can0 18914010#0CD6100CD3030000
(1779322114.338294) can0 18904010#020D020D753001FA
(1779322114.339324) can0 18924010#4001400100000000
(1779322114.340305) can0 18934010#0000008E0000BC19
(1779322114.341324) can0 18944010#1003000000000000
(1779322114.342336) can0 18954010#0000000000000000
(1779322114.343350) can0 18954010#0100000000000000
(1779322114.344328) can0 18954010#0200000000000000
(1779322114.345331) can0 18954010#0300000000000000
(1779322114.346330) can0 18954010#0400000000000000
(1779322114.347330) can0 18954010#0500000000000000
(1779322114.348320) can0 18964010#0040404000000000
(1779322114.349324) can0 18974010#0000000000000000
(1779322114.350318) can0 18984010#0000000000000000
(1779322114.351318) can0 18FA28F4#123EA12C10270000
(1779322114.352299) can0 18FB28F4#D60CD30C40400000
(1779322114.353324) can0 18FC28F4#383200000D020000
(1779322114.354293) can0 18F810F3#0D02E80332640100
(1779322114.355305) can0 18F811F3#D60C1001D30C0301
(1779322114.356297) can0 18F812F3#4001014001010000
(1779322114.357331) can0 18F813F3#0101000000000000
(1779322114.358292) can0 18F814F3#3200EA1AA9015F00
(1779322114.359357) can0 18F815F3#0000000010030000
(1779322114.360217) can0 273#000000000D023200
(1779322114.361203) can0 1E1#020D271001FA01FA
(1779322114.362236) can0 1F5#0000000000000000
(1779322114.363332) can0 0800A6A9#0000000000000000
(1779322114.364280) can0 1000A6A9#0D028813324A4A4A
(1779322114.365306) can0 1C00A6A9#0000000000030000
(1779322114.366325) can0 02018100#1003020D00000000
(1779322114.367357) can0 02028100#0000003264000000
(1779322114.368298) can0 02038100#0CD601100CD30103
(1779322114.369300) can0 02048100#4A01014A01010000
(1779322114.370203) can0 1AD#8714000059321818
(1779322114.371205) can0 2AD#D60C800C87140016
(1779322114.372214) can0 3AD#0000000000008714
(1779322114.373229) can0 4AD#EB00000000000000
(1779322114.374229) can0 76A#7F00000000000000
(1779322114.432888) can0 0000E005#1702440003B60591
(1779322114.433444) can0 1806E5F4#13CC010003B6023A
(1779322114.434309) can0 0000E000#13CC13CC020D0000
(1779322114.435297) can0 0000E004#181803B603B601E1
(1779322114.436309) can0 0000E006#0CD50CD50CD30CD3
(1779322114.437270) can0 0000E007#0CD30CD30CD50CD5
(1779322114.438290) can0 0000E008#0CD50CD50CD50CD5
(1779322114.439271) can0 0000E009#0CD50CD50CD50CD6
(1779322114.440335) can0 0000E010#0000000000000000
(1779322114.441329) can0 0000E011#0000000000000000
(1779322114.442315) can0 0000E012#0CD4000200000000
(1779322114.443329) can0 0000F001#0000000000000000
(1779322114.444361) can0 18FF28F4#10320000020D0000
(1779322114.445297) can0 18FE28F4#0CD60CD340400000
