(1779321551.318915) can0 0000E005#1702440003B60591
(1779321551.319473) can0 1806E5F4#13D2010003B6023A
(1779321551.320360) can0 0000E000#13D213D2020D0000
(1779321551.321358) can0 0000E004#181803B603B601E2
(1779321551.322337) can0 0000E006#0CD60CD50CD50CD6
(1779321551.323338) can0 0000E007#0CD50CD50CD60CD6
(1779321551.324360) can0 0000E008#0CD60CD60CD60CD5
(1779321551.325375) can0 0000E009#0CD60CD60CD60CD6
(1779321551.326386) can0 0000E010#0000000000000000
(1779321551.327390) can0 0000E011#0000000000000000
(1779321551.328367) can0 0000E012#0CD5000100000000
(1779321551.329387) can0 0000F001#0000000000000000
(1779321551.330389) can0 18FF28F4#10320000020D0000
(1779321551.331365) can0 18FE28F4#0CD60CD540400000
(1779321551.332386) can0 18FD28F4#1702FA6F00000000
(1779321551.333311) can0 4D4#000032007D0D0203
(1779321551.334279) can0 4D5#D50CD60C40400000
(1779321551.335354) can0 18914010#0CD6100CD5020000
(1779321551.336355) can0 18904010#020D020D753001FB
(1779321551.337381) can0 18FA28F4#123EA12C10270000
(1779321551.338352) can0 18FB28F4#D60CD50C40400000
(1779321551.339375) can0 18FC28F4#383200000D020000
(1779321551.340333) can0 18F810F3#0D02E80332640100
(1779321551.341400) can0 18F815F3#0000000010030000
(1779321551.342269) can0 273#000000000D023200
(1779321551.343251) can0 1E1#020D271001FB01FB
(1779321551.344281) can0 1F5#0000000000000000
(1779321551.345379) can0 0800A6A9#0000000000000000
(1779321551.346328) can0 1000A6A9#0D028813324A4A4A
(1779321551.347359) can0 1C00A6A9#0000000000030000
(1779321551.348371) can0 02018100#1003020D00000000
(1779321551.349405) can0 02028100#0000003264000000
(1779321551.350353) can0 02038100#0CD601100CD50102
(1779321551.351354) can0 02048100#4A01014A01010000
(1779321551.352245) can0 1AD#8914000059321818
(1779321551.353253) can0 2AD#D60C800C89140016
(1779321551.354277) can0 3AD#0000000000008914
(1779321551.355277) can0 4AD#EB00000000000000
(1779321551.356267) can0 76A#7F00000000000000
(1779321551.435926) can0 0000E005#1702440003B60591
(1779321551.436464) can0 1806E5F4#13D2010003B6023A
(1779321551.437356) can0 0000E000#13D213D2020D0000
(1779321551.438358) can0 0000E004#181803B603B601E2
(1779321551.439357) can0 0000E006#0CD50CD60CD60CD6
(1779321551.440340) can0 0000E007#0CD50CD60CD60CD6
(1779321551.441357) can0 0000E008#0CD60CD60CD60CD5
(1779321551.442343) can0 0000E009#0CD60CD60CD60CD6
(1779321551.443381) can0 0000E010#0000000000000000
(1779321551.444388) can0 0000E011#0000000000000000
(1779321551.445367) can0 0000E012#0CD5000100000000
(1779321551.446338) can0 0000E013#4542323630354C43
(1779321551.447358) can0 0000E014#3134323300000000
(1779321551.448367) can0 0000E015#0000000000000003
(1779321551.449388) can0 0000F000#0000000000000000
(1779321551.450382) can0 0000F001#0000000000000000
(1779321551.451369) can0 18FF28F4#10320000020D0000
(1779321551.452344) can0 18FE28F4#0CD60CD540400000
(1779321551.453355) can0 18FD28F4#1702FA6F00000000
(1779321551.454264) can0 4D4#000032007D0D0203
(1779321551.455249) can0 4D5#D50CD60C40400000
(1779321551.456345) can0 18914010#0CD6100CD5010000
(1779321551.457353) can0 18904010#020D020D753001FB
(1779321551.458362) can0 18924010#4001400100000000
(1779321551.459346) can0 18934010#0000006E0000BC51
(1779321551.460358) can0 18944010#1003000000000000
(1779321551.461371) can0 18954010#0000000000000000
(1779321551.462384) can0 18954010#0100000000000000
(1779321551.463375) can0 18954010#0200000000000000
(1779321551.464363) can0 18954010#0300000000000000
(1779321551.465363) can0 18954010#0400000000000000
(1779321551.466371) can0 18954010#0500000000000000
(1779321551.467364) can0 18964010#0040404000000000
(1779321551.468379) can0 18974010#0000000000000000
(1779321551.469360) can0 18984010#0000000000000000
(1779321551.470331) can0 18FA28F4#123EA12C10270000
(1779321551.471352) can0 18FB28F4#D60CD50C40400000
(1779321551.472364) can0 18FC28F4#383200000D020000
(1779321551.473333) can0 18F810F3#0D02E80332640100
(1779321551.474350) can0 18F811F3#D60C1001D50C0101
(1779321551.475350) can0 18F812F3#4001014001010000
(1779321551.476363) can0 18F813F3#0101000000000000
(1779321551.477341) can0 18F814F3#3200EA1AA9015F00
(1779321551.478365) can0 18F815F3#0000000010030000
(1779321551.479284) can0 273#000000000D023200
(1779321551.480254) can0 1E1#020D271001FB01FB
(1779321551.481276) can0 1F5#0000000000000000
(1779321551.482366) can0 0800A6A9#0000000000000000
(1779321551.483317) can0 1000A6A9#0D028813324A4A4A
(1779321551.484350) can0 1C00A6A9#0000000000030000
(1779321551.485372) can0 02018100#1003020D00000000
(1779321551.486366) can0 02028100#0000003264000000
(1779321551.487374) can0 02038100#0CD601100CD50101
(1779321551.488341) can0 02048100#4A01014A01010000
(1779321551.489244) can0 1AD#8914000059321818
(1779321551.490235) can0 2AD#D60C800C89140016
(1779321551.491256) can0 3AD#0000000000008914
(1779321551.492269) can0 4AD#EB00000000000000
(1779321551.493269) can0 76A#7F00000000000000
(1779321551.551912) can0 0000E005#1702440003B60591
(1779321551.552469) can0 1806E5F4#13D2010003B6023A
(1779321551.553347) can0 0000E000#13D213D2020D0000
(1779321551.554346) can0 0000E004#181803B603B601E2
(1779321551.555326) can0 0000E006#0CD50CD60CD60CD6
(1779321551.556344) can0 0000E007#0CD50CD60CD60CD6
(1779321551.557337) can0 0000E008#0CD60CD60CD60CD5
(1779321551.558337) can0 0000E009#0CD60CD60CD60CD6
(1779321551.559368) can0 0000E010#0000000000000000
(1779321551.560370) can0 0000E011#0000000000000000
(1779321551.561351) can0 0000E012#0CD5000100000000
(1779321551.562363) can0 0000F001#0000000000000000
(1779321551.563358) can0 18FF28F4#10320000020D0000
(1779321551.564363) can0 18FE28F4#0CD60CD540400000
(1779321551.565344) can0 18FD28F4#1702FA6F00000000
(1779321551.566261) can0 4D4#000032007D0D0203
(1779321551.567249) can0 4D5#D50CD60C40400000
(1779321551.568344) can0 18914010#0CD6100CD5010000
(1779321551.569349) can0 18904010#020D020D753001FB
(1779321551.570380) can0 18FA28F4#123EA12C10270000
(1779321551.571341) can0 18FB28F4#D60CD50C40400000
(1779321551.572406) can0 18FC28F4#383200000D020000
(1779321551.573335) can0 18F810F3#0D02E80332640100
(1779321551.574370) can0 18F815F3#0000000010030000
(1779321551.575263) can0 273#000000000D023200
(1779321551.576251) can0 1E1#020D271001FB01FB
(1779321551.577277) can0 1F5#0000000000000000
(1779321551.578358) can0 0800A6A9#0000000000000000
(1779321551.579320) can0 1000A6A9#0D028813324A4A4A
(1779321551.580402) can0 1C00A6A9#0000000000030000
(1779321551.581364) can0 02018100#1003020D00000000
(1779321551.582364) can0 02028100#0000003264000000
(1779321551.583345) can0 02038100#0CD601100CD50101
(1779321551.584343) can0 02048100#4A01014A01010000
(1779321551.585230) can0 1AD#8914000059321818
(1779321551.586243) can0 2AD#D60C800C89140016
(1779321551.587254) can0 3AD#0000000000008914
(1779321551.588313) can0 4AD#EB00000000000000
(1779321551.589263) can0 76A#7F00000000000000
(1779321551.651945) can0 0000E005#1702440003B60591
(1779321551.652495) can0 1806E5F4#13D2010003B6023A
(1779321551.653334) can0 0000E000#13D213D2020D0000
(1779321551.654334) can0 0000E004#181803B603B601E2
(1779321551.655315) can0 0000E006#0CD50CD60CD60CD6
(1779321551.656315) can0 0000E007#0CD50CD60CD60CD6
(1779321551.657360) can0 0000E008#0CD60CD60CD60CD5
(1779321551.658327) can0 0000E009#0CD60CD60CD60CD6
(1779321551.659356) can0 0000E010#0000000000000000
(1779321551.660353) can0 0000E011#0000000000000000
(1779321551.661334) can0 0000E012#0CD5000100000000
(1779321551.662366) can0 0000F001#0000000000000000
(1779321551.663347) can0 18FF28F4#10320000020D0000
(1779321551.664334) can0 18FE28F4#0CD60CD540400000
(1779321551.665328) can0 18FD28F4#1702FA6F00000000
(1779321551.666245) can0 4D4#000032007D0D0203
(1779321551.667229) can0 4D5#D50CD60C40400000
(1779321551.668329) can0 18914010#0CD6100CD5010000
(1779321551.669321) can0 18904010#020D020D753001FB
(1779321551.670322) can0 18FA28F4#123EA12C10270000
(1779321551.671317) can0 18FB28F4#D60CD50C40400000
(1779321551.672354) can0 18FC28F4#383200000D020000
(1779321551.673315) can0 18F810F3#0D02E80332640100
(1779321551.674347) can0 18F815F3#0000000010030000
(1779321551.675252) can0 273#000000000D023200
(1779321551.676232) can0 1E1#020D271001FB01FB
(1779321551.677264) can0 1F5#0000000000000000
(1779321551.678341) can0 0800A6A9#0000000000000000
(1779321551.679306) can0 1000A6A9#0D028813324A4A4A
(1779321551.680335) can0 1C00A6A9#0000000000030000
(1779321551.681354) can0 02018100#1003020D00000000
(1779321551.682347) can0 02028100#0000003264000000
(1779321551.683327) can0 02038100#0CD601100CD50101
(1779321551.684328) can0 02048100#4A01014A01010000
(1779321551.685227) can0 1AD#8914000059321818
(1779321551.686226) can0 2AD#D60C800C89140016
(1779321551.687259) can0 3AD#0000000000008914
(1779321551.688252) can0 4AD#EB00000000000000
(1779321551.689252) can0 76A#7F00000000000000
(1779321551.751866) can0 0000E005#1702440003B60591
(1779321551.752440) can0 1806E5F4#13D2010003B6023A
(1779321551.753326) can0 0000E000#13D213D2020D0000
(1779321551.754326) can0 0000E004#181803B603B601E2
(1779321551.755326) can0 0000E006#0CD60CD60CD50CD5
(1779321551.756298) can0 0000E007#0CD50CD50CD60CD6
(1779321551.757319) can0 0000E008#0CD60CD60CD50CD5
(1779321551.758319) can0 0000E009#0CD60CD60CD60CD6
(1779321551.759364) can0 0000E010#0000000000000000
(1779321551.760345) can0 0000E011#0000000000000000
(1779321551.761345) can0 0000E012#0CD5000100000000
(1779321551.762358) can0 0000F001#0000000000000000
(1779321551.763345) can0 18FF28F4#10320000020D0000
(1779321551.764324) can0 18FE28F4#0CD60CD540400000
(1779321551.765339) can0 18FD28F4#1702FA6F00000000
(1779321551.766242) can0 4D4#000032007D0D0203
(1779321551.767236) can0 4D5#D50CD60C40400000
(1779321551.768317) can0 18914010#0CD6100CD5030000
(1779321551.769320) can0 18904010#020D020D753001FB
(1779321551.770332) can0 18FA28F4#123EA12C10270000
(1779321551.771313) can0 18FB28F4#D60CD50C40400000
(1779321551.772345) can0 18FC28F4#383200000D020000
(1779321551.773313) can0 18F810F3#0D02E80332640100
(1779321551.774339) can0 18F815F3#0000000010030000
(1779321551.775243) can0 273#000000000D023200
(1779321551.776233) can0 1E1#020D271001FB01FB
(1779321551.777255) can0 1F5#0000000000000000
(1779321551.778352) can0 0800A6A9#0000000000000000
(1779321551.779313) can0 1000A6A9#0D028813324A4A4A
(1779321551.780330) can0 1C00A6A9#0000000000030000
(1779321551.781345) can0 02018100#1003020D00000000
(1779321551.782346) can0 02028100#0000003264000000
(1779321551.783327) can0 02038100#0CD601100CD50103
(1779321551.784339) can0 02048100#4A01014A01010000
(1779321551.785224) can0 1AD#8914000059321818
(1779321551.786237) can0 2AD#D60C800C89140016
(1779321551.787263) can0 3AD#0000000000008914
(1779321551.788257) can0 4AD#EB00000000000000
(1779321551.789257) can0 76A#7F00000000000000
(1779321551.851870) can0 0000E005#1702440003B60591
(1779321551.852445) can0 1806E5F4#13D2010003B6023A
(1779321551.853311) can0 0000E000#13D213D2020D0000
(1779321551.854316) can0 0000E004#181803B603B601E2
(1779321551.855311) can0 0000E006#0CD60CD60CD50CD5
(1779321551.856311) can0 0000E007#0CD50CD50CD60CD6
(1779321551.857319) can0 0000E008#0CD60CD60CD50CD5
(1779321551.858304) can0 0000E009#0CD60CD60CD60CD6
(1779321551.859356) can0 0000E010#0000000000000000
(1779321551.860355) can0 0000E011#0000000000000000
(1779321551.861327) can0 0000E012#0CD5000100000000
(1779321551.862349) can0 0000F001#0000000000000000
(1779321551.863331) can0 18FF28F4#10320000020D0000
(1779321551.864343) can0 18FE28F4#0CD60CD540400000
(1779321551.865326) can0 18FD28F4#1702FA6F00000000
(1779321551.866247) can0 4D4#000032007D0D0203
(1779321551.867229) can0 4D5#D50CD60C40400000
(1779321551.868305) can0 18914010#0CD6100CD5030000
(1779321551.869324) can0 18904010#020D020D753001FB
(1779321551.870317) can0 18FA28F4#123EA12C10270000
(1779321551.871305) can0 18FB28F4#D60CD50C40400000
(1779321551.872363) can0 18FC28F4#383200000D020000
(1779321551.873294) can0 18F810F3#0D02E80332640100
(1779321551.874343) can0 18F815F3#0000000010030000
(1779321551.875229) can0 273#000000000D023200
(1779321551.876228) can0 1E1#020D271001FB01FB
(1779321551.877258) can0 1F5#0000000000000000
(1779321551.878337) can0 0800A6A9#0000000000000000
(1779321551.879306) can0 1000A6A9#0D028813324A4A4A
(1779321551.880369) can0 1C00A6A9#0000000000030000
(1779321551.881338) can0 02018100#1003020D00000000
(1779321551.882331) can0 02028100#0000003264000000
(1779321551.883312) can0 02038100#0CD601100CD50103
(1779321551.884324) can0 02048100#4A01014A01010000
(1779321551.885208) can0 1AD#8914000059321818
(1779321551.886222) can0 2AD#D60C800C89140016
(1779321551.887236) can0 3AD#0000000000008914
(1779321551.888300) can0 4AD#EB00000000000000
(1779321551.889244) can0 76A#7F00000000000000
(1779321551.968863) can0 0000E005#1702440003B60591
(1779321551.969439) can0 1806E5F4#13D2010003B6023A
(1779321551.970322) can0 0000E000#13D213D2020D0000
(1779321551.971322) can0 0000E004#181803B603B601E2
(1779321551.972303) can0 0000E006#0CD60CD50CD50CD6
(1779321551.973303) can0 0000E007#0CD50CD50CD60CD5
(1779321551.974304) can0 0000E008#0CD60CD60CD50CD5
(1779321551.975311) can0 0000E009#0CD60CD60CD60CD6
(1779321551.976348) can0 0000E010#0000000000000000
(1779321551.977341) can0 0000E011#0000000000000000
(1779321551.978329) can0 0000E012#0CD5000100000000
(1779321551.979287) can0 0000E013#4542323630354C43
(1779321551.980323) can0 0000E014#3134323300000000
(1779321551.981335) can0 0000E015#0000000000000003
(1779321551.982355) can0 0000F000#0000000000000000
(1779321551.983336) can0 0000F001#0000000000000000
(1779321551.984336) can0 18FF28F4#10320000020D0000
(1779321551.985316) can0 18FE28F4#0CD60CD540400000
(1779321551.986317) can0 18FD28F4#1702FA6F00000000
(1779321551.987228) can0 4D4#000032007D0D0203
(1779321551.988233) can0 4D5#D50CD60C40400000
(1779321551.989311) can0 18914010#0CD6100CD5020000
(1779321551.990310) can0 18904010#020D020D753001FB
(1779321551.991317) can0 18924010#4001400100000000
(1779321551.992323) can0 18934010#0000006F0000BC51
(1779321551.993336) can0 18944010#1003000000000000
(1779321551.994349) can0 18954010#0000000000000000
(1779321551.995349) can0 18954010#0100000000000000
(1779321551.996330) can0 18954010#0200000000000000
(1779321551.997349) can0 18954010#0300000000000000
(1779321551.998342) can0 18954010#0400000000000000
(1779321551.999320) can0 18954010#0500000000000000
(1779321552.000342) can0 18964010#0040404000000000
(1779321552.001337) can0 18974010#0000000000000000
(1779321552.002337) can0 18984010#0000000000000000
(1779321552.003311) can0 18FA28F4#123EA12C10270000
(1779321552.004310) can0 18FB28F4#D60CD50C40400000
(1779321552.005324) can0 18FC28F4#383200000D020000
(1779321552.006305) can0 18F810F3#0D02E80332640100
(1779321552.007318) can0 18F811F3#D60C1001D50C0201
(1779321552.008318) can0 18F812F3#4001014001010000
(1779321552.009331) can0 18F813F3#0101000000000000
(1779321552.010330) can0 18F814F3#3200EA1AA9015F00
(1779321552.011320) can0 18F815F3#0000000010030000
(1779321552.012229) can0 273#000000000D023200
(1779321552.013222) can0 1E1#020D271001FB01FB
(1779321552.014254) can0 1F5#0000000000000000
(1779321552.015326) can0 0800A6A9#0000000000000000
(1779321552.016299) can0 1000A6A9#0D028813324A4A4A
(1779321552.017331) can0 1C00A6A9#0000000000030000
(1779321552.018363) can0 02018100#1003020D00000000
(1779321552.019325) can0 02028100#0000003264000000
(1779321552.020311) can0 02038100#0CD601100CD50102
(1779321552.021324) can0 02048100#4A01014A01010000
(1779321552.022222) can0 1AD#8814000059321818
(1779321552.023215) can0 2AD#D60C800C88140016
(1779321552.024235) can0 3AD#0000000000008814
(1779321552.025235) can0 4AD#EB00000000000000
(1779321552.026267) can0 76A#7F00000000000000
(1779321552.084916) can0 0000E005#1702440003B60591
(1779321552.085473) can0 1806E5F4#13D2010003B6023A
(1779321552.086315) can0 0000E000#13D213D2020D0000
(1779321552.087327) can0 0000E004#181803B603B601E2
(1779321552.088295) can0 0000E006#0CD60CD50CD50CD6
(1779321552.089290) can0 0000E007#0CD50CD50CD60CD5
(1779321552.090308) can0 0000E008#0CD60CD60CD50CD5
(1779321552.091303) can0 0000E009#0CD60CD60CD60CD6
(1779321552.092331) can0 0000E010#0000000000000000
(1779321552.093334) can0 0000E011#0000000000000000
(1779321552.094315) can0 0000E012#0CD5000100000000
(1779321552.095366) can0 0000F001#0000000000000000
(1779321552.096328) can0 18FF28F4#10320000020D0000
(1779321552.097315) can0 18FE28F4#0CD60CD540400000
(1779321552.098309) can0 18FD28F4#1702FA6F00000000
(1779321552.099226) can0 4D4#000032007D0D0203
(1779321552.100213) can0 4D5#D50CD60C40400000
(1779321552.101309) can0 18914010#0CD6100CD5020000
(1779321552.102303) can0 18904010#020D020D753001FB
(1779321552.103353) can0 18FA28F4#123EA12C10270000
(1779321552.104301) can0 18FB28F4#D60CD50C40400000
(1779321552.105335) can0 18FC28F4#383200000D020000
(1779321552.106296) can0 18F810F3#0D02E80332640100
(1779321552.107329) can0 18F815F3#0000000010030000
(1779321552.108224) can0 273#000000000D023200
(1779321552.109214) can0 1E1#020D271001FB01FB
(1779321552.110246) can0 1F5#0000000000000000
(1779321552.111374) can0 0800A6A9#0000000000000000
(1779321552.112290) can0 1000A6A9#0D028813324A4A4A
(1779321552.113323) can0 1C00A6A9#0000000000030000
(1779321552.114335) can0 02018100#1003020D00000000
(1779321552.115335) can0 02028100#0000003264000000
(1779321552.116309) can0 02038100#0CD601100CD50102
(1779321552.117310) can0 02048100#4A01014A01010000
(1779321552.118214) can0 1AD#8814000059321818
(1779321552.119272) can0 2AD#D60C800C88140016
(1779321552.120232) can0 3AD#0000000000008814
(1779321552.121233) can0 4AD#EB00000000000000
(1779321552.122233) can0 76A#7F00000000000000
(1779321552.184898) can0 0000E005#1702440003B60591
(1779321552.185454) can0 1806E5F4#13D2010003B6023A
(1779321552.186306) can0 0000E000#13D213D2020D0000
(1779321552.187306) can0 0000E004#181803B603B601E2
(1779321552.188338) can0 0000E006#0CD60CD50CD50CD6
(1779321552.189282) can0 0000E007#0CD50CD50CD60CD5
(1779321552.190300) can0 0000E008#0CD60CD60CD50CD5
(1779321552.191300) can0 0000E009#0CD60CD60CD60CD6
(1779321552.192345) can0 0000E010#0000000000000000
(1779321552.193342) can0 0000E011#0000000000000000
(1779321552.194325) can0 0000E012#0CD5000100000000
(1779321552.195339) can0 0000F001#0000000000000000
(1779321552.196370) can0 18FF28F4#10320000020D0000
(1779321552.197307) can0 18FE28F4#0CD60CD540400000
(1779321552.198320) can0 18FD28F4#1702FA6F00000000
(1779321552.199225) can0 4D4#000032007D0D0203
(1779321552.200218) can0 4D5#D50CD60C40400000
(1779321552.201298) can0 18914010#0CD6100CD5020000
(1779321552.202301) can0 18904010#020D020D753001FB
(1779321552.203316) can0 18FA28F4#123EA12C10270000
(1779321552.204294) can0 18FB28F4#D60CD50C40400000
(1779321552.205319) can0 18FC28F4#383200000D020000
(1779321552.206294) can0 18F810F3#0D02E80332640100
(1779321552.207320) can0 18F815F3#0000000010030000
(1779321552.208224) can0 273#000000000D023200
(1779321552.209224) can0 1E1#020D271001FB01FB
(1779321552.210237) can0 1F5#0000000000000000
(1779321552.211333) can0 0800A6A9#0000000000000000
(1779321552.212282) can0 1000A6A9#0D028813324A4A4A
(1779321552.213306) can0 1C00A6A9#0000000000030000
(1779321552.214327) can0 02018100#1003020D00000000
(1779321552.215327) can0 02028100#0000003264000000
(1779321552.216307) can0 02038100#0CD601100CD50102
(1779321552.217303) can0 02048100#4A01014A01010000
(1779321552.218205) can0 1AD#8814000059321818
(1779321552.219218) can0 2AD#D60C800C88140016
(1779321552.220231) can0 3AD#0000000000008814
(1779321552.221225) can0 4AD#EB00000000000000
(1779321552.222244) can0 76A#7F00000000000000
(1779321552.284858) can0 0000E005#1702440003B60591
(1779321552.285415) can0 1806E5F4#13D2010003B6023A
(1779321552.286302) can0 0000E000#13D213D2020D0000
(1779321552.287304) can0 0000E004#181803B603B601E2
(1779321552.288298) can0 0000E006#0CD60CD60CD50CD6
(1779321552.289285) can0 0000E007#0CD50CD50CD60CD6
(1779321552.290298) can0 0000E008#0CD60CD60CD60CD5
(1779321552.291280) can0 0000E009#0CD60CD60CD50CD6
(1779321552.292323) can0 0000E010#0000000000000000
(1779321552.293324) can0 0000E011#0000000000000000
(1779321552.294311) can0 0000E012#0CD5000100000000
(1779321552.295337) can0 0000F001#0000000000000000
(1779321552.296323) can0 18FF28F4#10320000020D0000
(1779321552.297295) can0 18FE28F4#0CD60CD540400000
(1779321552.298318) can0 18FD28F4#1702FA6F00000000
(1779321552.299216) can0 4D4#000032007D0D0203
(1779321552.300216) can0 4D5#D50CD60C40400000
(1779321552.301294) can0 18914010#0CD6100CD5030000
(1779321552.302292) can0 18904010#020D020D753001FB
(1779321552.303305) can0 18FA28F4#123EA12C10270000
(1779321552.304293) can0 18FB28F4#D60CD50C40400000
(1779321552.305325) can0 18FC28F4#383200000D020000
(1779321552.306286) can0 18F810F3#0D02E80332640100
(1779321552.307318) can0 18F815F3#0000000010030000
(1779321552.308222) can0 273#000000000D023200
(1779321552.309195) can0 1E1#020D271001FB01FB
(1779321552.310247) can0 1F5#0000000000000000
(1779321552.311325) can0 0800A6A9#0000000000000000
(1779321552.312274) can0 1000A6A9#0D028813324A4A4A
(1779321552.313307) can0 1C00A6A9#0000000000030000
(1779321552.314325) can0 02018100#1003020D00000000
(1779321552.315319) can0 02028100#0000003264000000
(1779321552.316299) can0 02038100#0CD601100CD50103
(1779321552.317300) can0 02048100#4A01014A01010000
(1779321552.318216) can0 1AD#8914000059321818
(1779321552.319210) can0 2AD#D60C800C89140016
(1779321552.320223) can0 3AD#0000000000008914
(1779321552.321214) can0 4AD#EB00000000000000
(1779321552.322236) can0 76A#7F00000000000000
(1779321552.384909) can0 0000E005#1702440003B60591
(1779321552.385464) can0 1806E5F4#13D2010003B6023A
(1779321552.386297) can0 0000E000#13D213D2020D0000
(1779321552.387309) can0 0000E004#181803B603B601E2
(1779321552.388296) can0 0000E006#0CD60CD60CD50CD6
(1779321552.389277) can0 0000E007#0CD50CD50CD60CD6
(1779321552.390290) can0 0000E008#0CD60CD60CD60CD5
(1779321552.391290) can0 0000E009#0CD60CD60CD50CD6
(1779321552.392335) can0 0000E010#0000000000000000
(1779321552.393322) can0 0000E011#0000000000000000
(1779321552.394313) can0 0000E012#0CD5000100000000
(1779321552.395347) can0 0000F001#0000000000000000
(1779321552.396316) can0 18FF28F4#10320000020D0000
(1779321552.397297) can0 18FE28F4#0CD60CD540400000
(1779321552.398305) can0 18FD28F4#1702FA6F00000000
(1779321552.399213) can0 4D4#000032007D0D0203
(1779321552.400208) can0 4D5#D50CD60C40400000
(1779321552.401290) can0 18914010#0CD6100CD5030000
(1779321552.402291) can0 18904010#020D020D753001FB
(1779321552.403317) can0 18FA28F4#123EA12C10270000
(1779321552.404283) can0 18FB28F4#D60CD50C40400000
(1779321552.405317) can0 18FC28F4#383200000D020000
(1779321552.406276) can0 18F810F3#0D02E80332640100
(1779321552.407322) can0 18F815F3#0000000010030000
(1779321552.408227) can0 273#000000000D023200
(1779321552.409208) can0 1E1#020D271001FB01FB
(1779321552.410228) can0 1F5#0000000000000000
(1779321552.411348) can0 0800A6A9#0000000000000000
(1779321552.412278) can0 1000A6A9#0D028813324A4A4A
(1779321552.413309) can0 1C00A6A9#0000000000030000
(1779321552.414323) can0 02018100#1003020D00000000
(1779321552.415317) can0 02028100#0000003264000000
(1779321552.416297) can0 02038100#0CD601100CD50103
(1779321552.417296) can0 02048100#4A01014A01010000
(1779321552.418193) can0 1AD#8914000059321818
(1779321552.419241) can0 2AD#D60C800C89140016
(1779321552.420221) can0 3AD#0000000000008914
(1779321552.421233) can0 4AD#EB00000000000000
(1779321552.422220) can0 76A#7F00000000000000
(1779321552.501913) can0 0000E005#1702440003B60591
(1779321552.502456) can0 1806E5F4#13D2010003B6023A
(1779321552.503307) can0 0000E000#13D213D2020D0000
(1779321552.504288) can0 0000E004#181803B603B601E2
(1779321552.505282) can0 0000E006#0CD60CD50CD50CD5
(1779321552.506282) can0 0000E007#0CD50CD50CD50CD5
(1779321552.507283) can0 0000E008#0CD60CD60CD50CD5
(1779321552.508273) can0 0000E009#0CD50CD60CD60CD6
(1779321552.509321) can0 0000E010#0000000000000000
(1779321552.510320) can0 0000E011#0000000000000000
(1779321552.511301) can0 0000E012#0CD5000100000000
(1779321552.512264) can0 0000E013#4542323630354C43
(1779321552.513295) can0 0000E014#3134323300000000
(1779321552.514308) can0 0000E015#0000000000000003
(1779321552.515322) can0 0000F000#0000000000000000
(1779321552.516321) can0 0000F001#0000000000000000
(1779321552.517302) can0 18FF28F4#10320000020D0000
(1779321552.518282) can0 18FE28F4#0CD60CD540400000
(1779321552.519296) can0 18FD28F4#1702FA6F00000000
(1779321552.520214) can0 4D4#000032007D0D0203
(1779321552.521193) can0 4D5#D50CD60C40400000
(1779321552.522288) can0 18914010#0CD6100CD5020000
(1779321552.523290) can0 18904010#020D020D753001FB
(1779321552.524301) can0 18924010#4001400100000000
(1779321552.525302) can0 18934010#000000700000BC51
(1779321552.526314) can0 18944010#1003000000000000
(1779321552.527328) can0 18954010#0000000000000000
(1779321552.528328) can0 18954010#0100000000000000
(1779321552.529321) can0 18954010#0200000000000000
(1779321552.530322) can0 18954010#0300000000000000
(1779321552.531315) can0 18954010#0400000000000000
(1779321552.532312) can0 18954010#0500000000000000
(1779321552.533309) can0 18964010#0040404000000000
(1779321552.534321) can0 18974010#0000000000000000
(1779321552.535322) can0 18984010#0000000000000000
(1779321552.536280) can0 18FA28F4#123EA12C10270000
(1779321552.537282) can0 18FB28F4#D60CD50C40400000
(1779321552.538309) can0 18FC28F4#383200000D020000
(1779321552.539290) can0 18F810F3#0D02E80332640100
(1779321552.540283) can0 18F811F3#D60C1001D50C0201
(1779321552.541315) can0 18F812F3#4001014001010000
(1779321552.542309) can0 18F813F3#0101000000000000
(1779321552.543290) can0 18F814F3#3200EA1AA9015F00
(1779321552.544314) can0 18F815F3#0000000010030000
(1779321552.545220) can0 273#000000000D023200
(1779321552.546202) can0 1E1#020D271001FB01FB
(1779321552.547227) can0 1F5#0000000000000000
(1779321552.548303) can0 0800A6A9#0000000000000000
(1779321552.549290) can0 1000A6A9#0D028813324A4A4A
(1779321552.550303) can0 1C00A6A9#0000000000030000
(1779321552.551317) can0 02018100#1003020D00000000
(1779321552.552315) can0 02028100#0000003264000000
(1779321552.553297) can0 02038100#0CD601100CD50102
(1779321552.554297) can0 02048100#4A01014A01010000
(1779321552.555195) can0 1AD#8814000059321818
(1779321552.556207) can0 2AD#D60C800C88140016
(1779321552.557240) can0 3AD#0000000000008814
(1779321552.558220) can0 4AD#EB00000000000000
(1779321552.559216) can0 76A#7F00000000000000
(1779321552.617896) can0 0000E005#1702440003B60591
(1779321552.618449) can0 1806E5F4#13D2010003B6023A
(1779321552.619300) can0 0000E000#13D213D2020D0000
(1779321552.620293) can0 0000E004#181803B603B601E2
(1779321552.621274) can0 0000E006#0CD60CD50CD50CD5
(1779321552.622274) can0 0000E007#0CD50CD50CD50CD5
(1779321552.623269) can0 0000E008#0CD60CD60CD50CD5
(1779321552.624287) can0 0000E009#0CD50CD60CD60CD6
(1779321552.625310) can0 0000E010#0000000000000000
(1779321552.626345) can0 0000E011#0000000000000000
(1779321552.627313) can0 0000E012#0CD5000100000000
(1779321552.628325) can0 0000F001#0000000000000000
(1779321552.629299) can0 18FF28F4#10320000020D0000
(1779321552.630287) can0 18FE28F4#0CD60CD540400000
(1779321552.631300) can0 18FD28F4#1702FA6F00000000
(1779321552.632217) can0 4D4#000032007D0D0203
(1779321552.633198) can0 4D5#D50CD60C40400000
(1779321552.634307) can0 18914010#0CD6100CD5020000
(1779321552.635288) can0 18904010#020D020D753001FB
(1779321552.636288) can0 18FA28F4#123EA12C10270000
(1779321552.637280) can0 18FB28F4#D60CD50C40400000
(1779321552.638313) can0 18FC28F4#383200000D020000
(1779321552.639282) can0 18F810F3#0D02E80332640100
(1779321552.640307) can0 18F815F3#0000000010030000
(1779321552.641209) can0 273#000000000D023200
(1779321552.642224) can0 1E1#020D271001FB01FB
(1779321552.643225) can0 1F5#0000000000000000
(1779321552.644313) can0 0800A6A9#0000000000000000
(1779321552.645262) can0 1000A6A9#0D028813324A4A4A
(1779321552.646294) can0 1C00A6A9#0000000000030000
(1779321552.647308) can0 02018100#1003020D00000000
(1779321552.648307) can0 02028100#0000003264000000
(1779321552.649280) can0 02038100#0CD601100CD50102
(1779321552.650333) can0 02048100#4A01014A01010000
(1779321552.651198) can0 1AD#8814000059321818
(1779321552.652193) can0 2AD#D60C800C88140016
(1779321552.653199) can0 3AD#0000000000008814
(1779321552.654218) can0 4AD#EB00000000000000
(1779321552.655211) can0 76A#7F00000000000000
(1779321552.717839) can0 0000E005#1702440003B60591
(1779321552.718407) can0 1806E5F4#13D2010003B6023A
(1779321552.719323) can0 0000E000#13D213D2020D0000
(1779321552.720291) can0 0000E004#181803B603B601E2
(1779321552.721272) can0 0000E006#0CD60CD50CD50CD5
(1779321552.722268) can0 0000E007#0CD50CD50CD50CD5
(1779321552.723266) can0 0000E008#0CD60CD60CD50CD5
(1779321552.724268) can0 0000E009#0CD50CD60CD60CD6
(1779321552.725310) can0 0000E010#0000000000000000
(1779321552.726302) can0 0000E011#0000000000000000
(1779321552.727336) can0 0000E012#0CD5000100000000
(1779321552.728317) can0 0000F001#0000000000000000
(1779321552.729298) can0 18FF28F4#10320000020D0000
(1779321552.730279) can0 18FE28F4#0CD60CD540400000
(1779321552.731298) can0 18FD28F4#1702FA6F00000000
(1779321552.732196) can0 4D4#000032007D0D0203
(1779321552.733196) can0 4D5#D50CD60C40400000
(1779321552.734284) can0 18914010#0CD6100CD5020000
(1779321552.735286) can0 18904010#020D020D753001FB
(1779321552.736286) can0 18FA28F4#123EA12C10270000
(1779321552.737279) can0 18FB28F4#D60CD50C40400000
(1779321552.738302) can0 18FC28F4#383200000D020000
(1779321552.739274) can0 18F810F3#0D02E80332640100
(1779321552.740305) can0 18F815F3#0000000010030000
(1779321552.741209) can0 273#000000000D023200
(1779321552.742190) can0 1E1#020D271001FB01FB
(1779321552.743216) can0 1F5#0000000000000000
(1779321552.744299) can0 0800A6A9#0000000000000000
(1779321552.745261) can0 1000A6A9#0D028813324A4A4A
(1779321552.746285) can0 1C00A6A9#0000000000030000
(1779321552.747306) can0 02018100#1003020D00000000
(1779321552.748306) can0 02028100#0000003264000000
(1779321552.749287) can0 02038100#0CD601100CD50102
(1779321552.750281) can0 02048100#4A01014A01010000
(1779321552.751185) can0 1AD#8814000059321818
(1779321552.752198) can0 2AD#D60C800C88140016
(1779321552.753210) can0 3AD#0000000000008814
(1779321552.754210) can0 4AD#EB00000000000000
(1779321552.755204) can0 76A#7F00000000000000
(1779321552.817887) can0 0000E005#1702440003B60591
(1779321552.818444) can0 1806E5F4#13D2010003B6023A
(1779321552.819280) can0 0000E000#13D213D2020D0000
(1779321552.820283) can0 0000E004#181803B603B601E2
(1779321552.821277) can0 0000E006#0CD60CD60CD50CD5
(1779321552.822276) can0 0000E007#0CD60CD50CD60CD6
(1779321552.823270) can0 0000E008#0CD60CD60CD60CD5
(1779321552.824270) can0 0000E009#0CD60CD60CD60CD6
(1779321552.825315) can0 0000E010#0000000000000000
(1779321552.826314) can0 0000E011#0000000000000000
(1779321552.827296) can0 0000E012#0CD5000100000000
(1779321552.828309) can0 0000F001#0000000000000000
(1779321552.829290) can0 18FF28F4#10320000020D0000
(1779321552.830270) can0 18FE28F4#0CD60CD540400000
(1779321552.831280) can0 18FD28F4#1702FA6F00000000
(1779321552.832200) can0 4D4#000032007D0D0203
(1779321552.833182) can0 4D5#D50CD60C40400000
(1779321552.834277) can0 18914010#0CD6100CD5030000
(1779321552.835271) can0 18904010#020D020D753001FB
(1779321552.836284) can0 18FA28F4#123EA12C10270000
(1779321552.837264) can0 18FB28F4#D60CD50C40400000
(1779321552.838296) can0 18FC28F4#383200000D020000
(1779321552.839265) can0 18F810F3#0D02E80332640100
(1779321552.840310) can0 18F815F3#0000000010030000
(1779321552.841207) can0 273#000000000D023200
(1779321552.842188) can0 1E1#020D271001FB01FB
(1779321552.843212) can0 1F5#0000000000000000
(1779321552.844298) can0 0800A6A9#0000000000000000
(1779321552.845265) can0 1000A6A9#0D028813324A4A4A
(1779321552.846297) can0 1C00A6A9#0000000000030000
(1779321552.847285) can0 02018100#1003020D00000000
(1779321552.848304) can0 02028100#0000003264000000
(1779321552.849291) can0 02038100#0CD601100CD50103
(1779321552.850285) can0 02048100#4A01014A01010000
(1779321552.851170) can0 1AD#8914000059321818
(1779321552.852182) can0 2AD#D60C800C89140016
(1779321552.853196) can0 3AD#0000000000008914
(1779321552.854208) can0 4AD#EB00000000000000
(1779321552.855206) can0 76A#7F00000000000000
(1779321552.917872) can0 0000E005#1702440003B60591
(1779321552.918442) can0 1806E5F4#13D2010003B6023A
(1779321552.919281) can0 0000E000#13D213D2020D0000
(1779321552.920276) can0 0000E004#181803B603B601E2
(1779321552.921274) can0 0000E006#0CD60CD60CD50CD5
(1779321552.922275) can0 0000E007#0CD60CD50CD60CD6
(1779321552.923268) can0 0000E008#0CD60CD60CD60CD5
(1779321552.924268) can0 0000E009#0CD60CD60CD60CD6
(1779321552.925313) can0 0000E010#0000000000000000
(1779321552.926326) can0 0000E011#0000000000000000
(1779321552.927295) can0 0000E012#0CD5000100000000
(1779321552.928307) can0 0000F001#0000000000000000
(1779321552.929288) can0 18FF28F4#10320000020D0000
(1779321552.930270) can0 18FE28F4#0CD60CD540400000
(1779321552.931281) can0 18FD28F4#1702FA6F00000000
(1779321552.932205) can0 4D4#000032007D0D0203
(1779321552.933186) can0 4D5#D50CD60C40400000
(1779321552.934295) can0 18914010#0CD6100CD5030000
(1779321552.935282) can0 18904010#020D020D753001FB
(1779321552.936276) can0 18FA28F4#123EA12C10270000
(1779321552.937263) can0 18FB28F4#D60CD50C40400000
(1779321552.938288) can0 18FC28F4#383200000D020000
(1779321552.939255) can0 18F810F3#0D02E80332640100
(1779321552.940302) can0 18F815F3#0000000010030000
(1779321552.941186) can0 273#000000000D023200
(1779321552.942219) can0 1E1#020D271001FB01FB
(1779321552.943213) can0 1F5#0000000000000000
(1779321552.944295) can0 0800A6A9#0000000000000000
(1779321552.945256) can0 1000A6A9#0D028813324A4A4A
(1779321552.946289) can0 1C00A6A9#0000000000030000
(1779321552.947289) can0 02018100#1003020D00000000
(1779321552.948302) can0 02028100#0000003264000000
(1779321552.949282) can0 02038100#0CD601100CD50103
(1779321552.950315) can0 02048100#4A01014A01010000
(1779321552.951165) can0 1AD#8914000059321818
(1779321552.952181) can0 2AD#D60C800C89140016
(1779321552.953193) can0 3AD#0000000000008914
(1779321552.954205) can0 4AD#EB00000000000000
(1779321552.955198) can0 76A#7F00000000000000
(1779321552.961143) can0 00000E00#00354C4331343233
(1779321553.034865) can0 0000E005#1702440003B60591
(1779321553.035441) can0 1806E5F4#13D2010003B6023A
(1779321553.036274) can0 0000E000#13D213D2020D0000
(1779321553.037274) can0 0000E004#181803B603B601E2
(1779321553.038274) can0 0000E006#0CD60CD60CD50CD5
(1779321553.039255) can0 0000E007#0CD50CD50CD60CD5
(1779321553.040267) can0 0000E008#0CD60CD60CD60CD5
(1779321553.041267) can0 0000E009#0CD50CD60CD60CD6
(1779321553.042312) can0 0000E010#0000000000000000
(1779321553.043293) can0 0000E011#0000000000000000
(1779321553.044287) can0 0000E012#0CD5000100000000
(1779321553.045255) can0 0000E013#4542323630354C43
(1779321553.046287) can0 0000E014#3134323300000000
(1779321553.047299) can0 0000E015#0000000000000003
(1779321553.048299) can0 0000F000#0000000000000000
(1779321553.049299) can0 0000F001#0000000000000000
(1779321553.050293) can0 18FF28F4#10320000020D0000
(1779321553.051274) can0 18FE28F4#0CD60CD540400000
(1779321553.052266) can0 18FD28F4#1702FA6F00000000
(1779321553.053191) can0 4D4#000032007D0D0203
(1779321553.054172) can0 4D5#D50CD60C40400000
(1779321553.055269) can0 18914010#0CD6100CD5030000
(1779321553.056265) can0 18904010#020D020D753001FB
(1779321553.057281) can0 18924010#4001400100000000
(1779321553.058280) can0 18934010#000000710000BC51
(1779321553.059294) can0 18944010#1003000000000000
(1779321553.060306) can0 18954010#0000000000000000
(1779321553.061306) can0 18954010#0100000000000000
(1779321553.062300) can0 18954010#0200000000000000
(1779321553.063300) can0 18954010#0300000000000000
(1779321553.064290) can0 18954010#0400000000000000
(1779321553.065294) can0 18954010#0500000000000000
(1779321553.066288) can0 18964010#0040404000000000
(1779321553.067302) can0 18974010#0000000000000000
(1779321553.068297) can0 18984010#0000000000000000
(1779321553.069262) can0 18FA28F4#123EA12C10270000
(1779321553.070263) can0 18FB28F4#D60CD50C40400000
(1779321553.071289) can0 18FC28F4#383200000D020000
(1779321553.072269) can0 18F810F3#0D02E80332640100
(1779321553.073269) can0 18F811F3#D60C1001D50C0301
(1779321553.074282) can0 18F812F3#4001014001010000
(1779321553.075296) can0 18F813F3#0101000000000000
(1779321553.076260) can0 18F814F3#3200EA1AA9015F00
(1779321553.077288) can0 18F815F3#0000000010030000
(1779321553.078193) can0 273#000000000D023200
(1779321553.079186) can0 1E1#020D271001FB01FB
(1779321553.080212) can0 1F5#0000000000000000
(1779321553.081295) can0 0800A6A9#0000000000000000
(1779321553.082245) can0 1000A6A9#0D028813324A4A4A
(1779321553.083276) can0 1C00A6A9#0000000000030000
(1779321553.084295) can0 02018100#1003020D00000000
(1779321553.085289) can0 02028100#0000003264000000
(1779321553.086276) can0 02038100#0CD601100CD50103
(1779321553.087270) can0 02048100#4A01014A01010000
(1779321553.088216) can0 1AD#8814000059321818
(1779321553.089187) can0 2AD#D60C800C88140016
(1779321553.090200) can0 3AD#0000000000008814
(1779321553.091199) can0 4AD#EB00000000000000
(1779321553.092197) can0 76A#7F00000000000000
(1779321553.150825) can0 0000E005#1702440003B60591
(1779321553.151382) can0 1806E5F4#13D2010003B6023A
(1779321553.152266) can0 0000E000#13D213D2020D0000
(1779321553.153266) can0 0000E004#181803B603B601E2
(1779321553.154266) can0 0000E006#0CD60CD60CD50CD5
(1779321553.155247) can0 0000E007#0CD50CD50CD60CD5
(1779321553.156260) can0 0000E008#0CD60CD60CD60CD5
(1779321553.157272) can0 0000E009#0CD50CD60CD60CD6
(1779321553.158305) can0 0000E010#0000000000000000
(1779321553.159285) can0 0000E011#0000000000000000
(1779321553.160285) can0 0000E012#0CD5000100000000
(1779321553.161291) can0 0000F001#0000000000000000
(1779321553.162279) can0 18FF28F4#10320000020D0000
(1779321553.163260) can0 18FE28F4#0CD60CD540400000
(1779321553.164273) can0 18FD28F4#1702FA6F00000000
(1779321553.165203) can0 4D4#000032007D0D0203
(1779321553.166171) can0 4D5#D50CD60C40400000
(1779321553.167267) can0 18914010#0CD6100CD5030000
(1779321553.168267) can0 18904010#020D020D753001FB
(1779321553.169259) can0 18FA28F4#123EA12C10270000
(1779321553.170261) can0 18FB28F4#D60CD50C40400000
(1779321553.171280) can0 18FC28F4#383200000D020000
(1779321553.172261) can0 18F810F3#0D02E80332640100
(1779321553.173318) can0 18F815F3#0000000010030000
(1779321553.174191) can0 273#000000000D023200
(1779321553.175172) can0 1E1#020D271001FB01FB
(1779321553.176204) can0 1F5#0000000000000000
(1779321553.177287) can0 0800A6A9#0000000000000000
(1779321553.178248) can0 1000A6A9#0D028813324A4A4A
(1779321553.179281) can0 1C00A6A9#0000000000030000
(1779321553.180280) can0 02018100#1003020D00000000
(1779321553.181319) can0 02028100#0000003264000000
(1779321553.182262) can0 02038100#0CD601100CD50103
(1779321553.183274) can0 02048100#4A01014A01010000
(1779321553.184172) can0 1AD#8814000059321818
(1779321553.185165) can0 2AD#D60C800C88140016
(1779321553.186184) can0 3AD#0000000000008814
(1779321553.187198) can0 4AD#EB00000000000000
(1779321553.188191) can0 76A#7F00000000000000
(1779321553.250817) can0 0000E005#1702440003B60591
(1779321553.251374) can0 1806E5F4#13D2010003B6023A
(1779321553.252271) can0 0000E000#13D213D2020D0000
(1779321553.253257) can0 0000E004#181803B603B601E2
(1779321553.254246) can0 0000E006#0CD60CD60CD50CD5
(1779321553.255252) can0 0000E007#0CD50CD50CD60CD5
(1779321553.256252) can0 0000E008#0CD60CD60CD60CD5
(1779321553.257251) can0 0000E009#0CD50CD60CD60CD6
(1779321553.258342) can0 0000E010#0000000000000000
(1779321553.259297) can0 0000E011#0000000000000000
(1779321553.260277) can0 0000E012#0CD5000100000000
(1779321553.261290) can0 0000F001#0000000000000000
(1779321553.262271) can0 18FF28F4#10320000020D0000
(1779321553.263259) can0 18FE28F4#0CD60CD540400000
(1779321553.264271) can0 18FD28F4#1702FA6F00000000
(1779321553.265188) can0 4D4#000032007D0D0203
(1779321553.266216) can0 4D5#D50CD60C40400000
(1779321553.267252) can0 18914010#0CD6100CD5030000
(1779321553.268265) can0 18904010#020D020D753001FB
(1779321553.269265) can0 18FA28F4#123EA12C10270000
(1779321553.270258) can0 18FB28F4#D60CD50C40400000
(1779321553.271278) can0 18FC28F4#383200000D020000
(1779321553.272239) can0 18F810F3#0D02E80332640100
(1779321553.273290) can0 18F815F3#0000000010030000
(1779321553.274189) can0 273#000000000D023200
(1779321553.275175) can0 1E1#020D271001FB01FB
(1779321553.276201) can0 1F5#0000000000000000
(1779321553.277278) can0 0800A6A9#0000000000000000
(1779321553.278240) can0 1000A6A9#0D028813324A4A4A
(1779321553.279279) can0 1C00A6A9#0000000000030000
(1779321553.280279) can0 02018100#1003020D00000000
(1779321553.281272) can0 02028100#0000003264000000
(1779321553.282252) can0 02038100#0CD601100CD50103
(1779321553.283266) can0 02048100#4A01014A01010000
(1779321553.284170) can0 1AD#8814000059321818
(1779321553.285182) can0 2AD#D60C800C88140016
(1779321553.286195) can0 3AD#0000000000008814
(1779321553.287189) can0 4AD#EB00000000000000
(1779321553.288189) can0 76A#7F00000000000000
(1779321553.350856) can0 0000E005#1702440003B60591
(1779321553.351406) can0 1806E5F4#13D2010003B6023A
(1779321553.352263) can0 0000E000#13D213D2020D0000
(1779321553.353262) can0 0000E004#181803B603B601E2
(1779321553.354244) can0 0000E006#0CD60CD50CD50CD5
(1779321553.355239) can0 0000E007#0CD50CD50CD60CD5
(1779321553.356244) can0 0000E008#0CD60CD60CD50CD5
(1779321553.357243) can0 0000E009#0CD50CD60CD60CD6
(1779321553.358288) can0 0000E010#0000000000000000
(1779321553.359289) can0 0000E011#0000000000000000
(1779321553.360269) can0 0000E012#0CD5000100000000
(1779321553.361282) can0 0000F001#0000000000000000
(1779321553.362282) can0 18FF28F4#10320000020D0000
(1779321553.363244) can0 18FE28F4#0CD60CD540400000
(1779321553.364263) can0 18FD28F4#1702FA6F00000000
(1779321553.365180) can0 4D4#000032007D0D0203
(1779321553.366161) can0 4D5#D50CD60C40400000
(1779321553.367256) can0 18914010#0CD6100CD5020000
(1779321553.368257) can0 18904010#020D020D753001FB
(1779321553.369256) can0 18FA28F4#123EA12C10270000
(1779321553.370257) can0 18FB28F4#D60CD50C40400000
(1779321553.371289) can0 18FC28F4#383200000D020000
(1779321553.372250) can0 18F810F3#0D02E80332640100
(1779321553.373282) can0 18F815F3#0000000010030000
(1779321553.374188) can0 273#000000000D023200
(1779321553.375160) can0 1E1#020D271001FB01FB
(1779321553.376199) can0 1F5#0000000000000000
(1779321553.377276) can0 0800A6A9#0000000000000000
(1779321553.378244) can0 1000A6A9#0D028813324A4A4A
(1779321553.379272) can0 1C00A6A9#0000000000030000
(1779321553.380290) can0 02018100#1003020D00000000
(1779321553.381270) can0 02028100#0000003264000000
(1779321553.382251) can0 02038100#0CD601100CD50102
(1779321553.383264) can0 02048100#4A01014A01010000
(1779321553.384161) can0 1AD#8814000059321818
(1779321553.385174) can0 2AD#D60C800C88140016
(1779321553.386186) can0 3AD#0000000000008814
(1779321553.387187) can0 4AD#EB00000000000000
(1779321553.388213) can0 76A#7F00000000000000
(1779321553.450808) can0 0000E005#1702440003B60591
(1779321553.451376) can0 1806E5F4#13D2010003B6023A
(1779321553.452260) can0 0000E000#13D213D2020D0000
(1779321553.453260) can0 0000E004#181803B603B601E2
(1779321553.454241) can0 0000E006#0CD60CD50CD50CD5
(1779321553.455241) can0 0000E007#0CD50CD50CD60CD5
(1779321553.456235) can0 0000E008#0CD60CD60CD50CD5
(1779321553.457247) can0 0000E009#0CD50CD60CD60CD6
(1779321553.458280) can0 0000E010#0000000000000000
(1779321553.459280) can0 0000E011#0000000000000000
(1779321553.460255) can0 0000E012#0CD5000100000000
(1779321553.461293) can0 0000F001#0000000000000000
(1779321553.462274) can0 18FF28F4#10320000020D0000
(1779321553.463255) can0 18FE28F4#0CD60CD540400000
(1779321553.464251) can0 18FD28F4#1702FA6F00000000
(1779321553.465204) can0 4D4#000032007D0D0203
(1779321553.466172) can0 4D5#D50CD60C40400000
(1779321553.467248) can0 18914010#0CD6100CD5020000
(1779321553.468248) can0 18904010#020D020D753001FB
(1779321553.469260) can0 18FA28F4#123EA12C10270000
(1779321553.470241) can0 18FB28F4#D60CD50C40400000
(1779321553.471274) can0 18FC28F4#383200000D020000
(1779321553.472232) can0 18F810F3#0D02E80332640100
(1779321553.473299) can0 18F815F3#0000000010030000
(1779321553.474165) can0 273#000000000D023200
(1779321553.475165) can0 1E1#020D271001FB01FB
(1779321553.476191) can0 1F5#0000000000000000
(1779321553.477274) can0 0800A6A9#0000000000000000
(1779321553.478242) can0 1000A6A9#0D028813324A4A4A
(1779321553.479268) can0 1C00A6A9#0000000000030000
(1779321553.480281) can0 02018100#1003020D00000000
(1779321553.481313) can0 02028100#0000003264000000
(1779321553.482261) can0 02038100#0CD601100CD50102
(1779321553.483255) can0 02048100#4A01014A01010000
(1779321553.484149) can0 1AD#8814000059321818
(1779321553.485166) can0 2AD#D60C800C88140016
(1779321553.486178) can0 3AD#0000000000008814
(1779321553.487178) can0 4AD#EB00000000000000
(1779321553.488183) can0 76A#7F00000000000000
(1779321553.567806) can0 0000E005#1702440003B60591
(1779321553.568362) can0 1806E5F4#13D2010003B6023A
(1779321553.569246) can0 0000E000#13D213D2020D0000
(1779321553.570240) can0 0000E004#181803B603B601E2
(1779321553.571241) can0 0000E006#0CD60CD50CD50CD6
(1779321553.572221) can0 0000E007#0CD50CD50CD50CD6
(1779321553.573233) can0 0000E008#0CD60CD60CD50CD5
(1779321553.574234) can0 0000E009#0CD50CD50CD60CD6
(1779321553.575278) can0 0000E010#0000000000000000
(1779321553.576272) can0 0000E011#0000000000000000
(1779321553.577250) can0 0000E012#0CD5000100000000
(1779321553.578221) can0 0000E013#4542323630354C43
(1779321553.579253) can0 0000E014#3134323300000000
(1779321553.580266) can0 0000E015#0000000000000003
(1779321553.581278) can0 0000F000#0000000000000000
(1779321553.582278) can0 0000F001#0000000000000000
(1779321553.583260) can0 18FF28F4#10320000020D0000
(1779321553.584241) can0 18FE28F4#0CD60CD540400000
(1779321553.585248) can0 18FD28F4#1702FA6F00000000
(1779321553.586170) can0 4D4#000032007D0D0203
(1779321553.587151) can0 4D5#D50CD60C40400000
(1779321553.588247) can0 18914010#0CD6100CD5020000
(1779321553.589234) can0 18904010#020D020D753001FB
(1779321553.590273) can0 18924010#4001400100000000
(1779321553.591253) can0 18934010#000000720000BC51
(1779321553.592267) can0 18944010#1003000000000000
(1779321553.593279) can0 18954010#0000000000000000
(1779321553.594279) can0 18954010#0100000000000000
(1779321553.595273) can0 18954010#0200000000000000
(1779321553.596273) can0 18954010#0300000000000000
(1779321553.597268) can0 18954010#0400000000000000
(1779321553.598267) can0 18954010#0500000000000000
(1779321553.599267) can0 18964010#0040404000000000
(1779321553.600273) can0 18974010#0000000000000000
(1779321553.601268) can0 18984010#0000000000000000
(1779321553.602235) can0 18FA28F4#123EA12C10270000
(1779321553.603247) can0 18FB28F4#D60CD50C40400000
(1779321553.604260) can0 18FC28F4#383200000D020000
(1779321553.605241) can0 18F810F3#0D02E80332640100
(1779321553.606254) can0 18F811F3#D60C1001D50C0201
(1779321553.607249) can0 18F812F3#4001014001010000
(1779321553.608280) can0 18F813F3#0101000000000000
(1779321553.609238) can0 18F814F3#3200EA1AA9015F00
(1779321553.610267) can0 18F815F3#0000000010030000
(1779321553.611184) can0 273#000000000D023200
(1779321553.612146) can0 1E1#020D271001FB01FB
(1779321553.613174) can0 1F5#0000000000000000
(1779321553.614274) can0 0800A6A9#0000000000000000
(1779321553.615223) can0 1000A6A9#0D028813324A4A4A
(1779321553.616248) can0 1C00A6A9#0000000000030000
(1779321553.617261) can0 02018100#1003020D00000000
(1779321553.618261) can0 02028100#0000003264000000
(1779321553.619262) can0 02038100#0CD601100CD50102
(1779321553.620255) can0 02048100#4A01014A01010000
(1779321553.621156) can0 1AD#8814000059321818
(1779321553.622153) can0 2AD#D60C800C88140016
(1779321553.623165) can0 3AD#0000000000008814
(1779321553.624185) can0 4AD#EB00000000000000
(1779321553.625175) can0 76A#7F00000000000000
(1779321553.683798) can0 0000E005#1702440003B60591
(1779321553.684368) can0 1806E5F4#13D2010003B6023A
(1779321553.685239) can0 0000E000#13D213D2020D0000
(1779321553.686239) can0 0000E004#181803B603B601E2
(1779321553.687220) can0 0000E006#0CD60CD50CD50CD6
(1779321553.688240) can0 0000E007#0CD50CD50CD50CD6
(1779321553.689233) can0 0000E008#0CD60CD60CD50CD5
(1779321553.690212) can0 0000E009#0CD50CD50CD60CD6
(1779321553.691278) can0 0000E010#0000000000000000
(1779321553.692277) can0 0000E011#0000000000000000
(1779321553.693265) can0 0000E012#0CD5000100000000
(1779321553.694270) can0 0000F001#0000000000000000
(1779321553.695258) can0 18FF28F4#10320000020D0000
(1779321553.696271) can0 18FE28F4#0CD60CD540400000
(1779321553.697251) can0 18FD28F4#1702FA6F00000000
(1779321553.698168) can0 4D4#000032007D0D0203
(1779321553.699149) can0 4D5#D50CD60C40400000
(1779321553.700245) can0 18914010#0CD6100CD5020000
(1779321553.701240) can0 18904010#020D020D753001FB
(1779321553.702250) can0 18FA28F4#123EA12C10270000
(1779321553.703240) can0 18FB28F4#D60CD50C40400000
(1779321553.704298) can0 18FC28F4#383200000D020000
(1779321553.705233) can0 18F810F3#0D02E80332640100
(1779321553.706255) can0 18F815F3#0000000010030000
(1779321553.707163) can0 273#000000000D023200
(1779321553.708157) can0 1E1#020D271001FB01FB
(1779321553.709169) can0 1F5#0000000000000000
(1779321553.710265) can0 0800A6A9#0000000000000000
(1779321553.711215) can0 1000A6A9#0D028813324A4A4A
(1779321553.712297) can0 1C00A6A9#0000000000030000
(1779321553.713265) can0 02018100#1003020D00000000
(1779321553.714260) can0 02028100#0000003264000000
(1779321553.715241) can0 02038100#0CD601100CD50102
(1779321553.716240) can0 02048100#4A01014A01010000
(1779321553.717138) can0 1AD#8814000059321818
(1779321553.718147) can0 2AD#D60C800C88140016
(1779321553.719164) can0 3AD#0000000000008814
(1779321553.720215) can0 4AD#EB00000000000000
(1779321553.721177) can0 76A#7F00000000000000
(1779321553.783848) can0 0000E005#1702440003B60591
(1779321553.784417) can0 1806E5F4#13D2010003B6023A
(1779321553.785237) can0 0000E000#13D213D2020D0000
(1779321553.786237) can0 0000E004#181803B603B601E2
(1779321553.787217) can0 0000E006#0CD60CD50CD50CD6
(1779321553.788218) can0 0000E007#0CD50CD50CD50CD6
(1779321553.789263) can0 0000E008#0CD60CD60CD50CD5
(1779321553.790218) can0 0000E009#0CD50CD50CD60CD6
(1779321553.791274) can0 0000E010#0000000000000000
(1779321553.792276) can0 0000E011#0000000000000000
(1779321553.793257) can0 0000E012#0CD5000100000000
(1779321553.794275) can0 0000F001#0000000000000000
(1779321553.795256) can0 18FF28F4#10320000020D0000
(1779321553.796238) can0 18FE28F4#0CD60CD540400000
(1779321553.797282) can0 18FD28F4#1702FA6F00000000
(1779321553.798155) can0 4D4#000032007D0D0203
(1779321553.799149) can0 4D5#D50CD60C40400000
(1779321553.800231) can0 18914010#0CD6100CD5020000
(1779321553.801231) can0 18904010#020D020D753001FB
(1779321553.802244) can0 18FA28F4#123EA12C10270000
(1779321553.803220) can0 18FB28F4#D60CD50C40400000
(1779321553.804257) can0 18FC28F4#383200000D020000
(1779321553.805226) can0 18F810F3#0D02E80332640100
(1779321553.806270) can0 18F815F3#0000000010030000
(1779321553.807155) can0 273#000000000D023200
(1779321553.808155) can0 1E1#020D271001FB01FB
(1779321553.809167) can0 1F5#0000000000000000
(1779321553.810263) can0 0800A6A9#0000000000000000
(1779321553.811225) can0 1000A6A9#0D028813324A4A4A
(1779321553.812257) can0 1C00A6A9#0000000000030000
(1779321553.813258) can0 02018100#1003020D00000000
(1779321553.814251) can0 02028100#0000003264000000
(1779321553.815230) can0 02038100#0CD601100CD50102
(1779321553.816244) can0 02048100#4A01014A01010000
(1779321553.817149) can0 1AD#8814000059321818
(1779321553.818162) can0 2AD#D60C800C88140016
(1779321553.819155) can0 3AD#0000000000008814
(1779321553.820168) can0 4AD#EB00000000000000
(1779321553.821161) can0 76A#7F00000000000000
(1779321553.883801) can0 0000E005#1702440003B60591
(1779321553.884352) can0 1806E5F4#13D2010003B6023A
(1779321553.885241) can0 0000E000#13D213D2020D0000
(1779321553.886234) can0 0000E004#181803B603B601E2
(1779321553.887216) can0 0000E006#0CD60CD50CD50CD5
(1779321553.888211) can0 0000E007#0CD50CD50CD50CD6
(1779321553.889229) can0 0000E008#0CD60CD60CD60CD5
(1779321553.890229) can0 0000E009#0CD60CD60CD60CD6
(1779321553.891274) can0 0000E010#0000000000000000
(1779321553.892273) can0 0000E011#0000000000000000
(1779321553.893254) can0 0000E012#0CD5000100000000
(1779321553.894268) can0 0000F001#0000000000000000
(1779321553.895248) can0 18FF28F4#10320000020D0000
(1779321553.896222) can0 18FE28F4#0CD60CD540400000
(1779321553.897241) can0 18FD28F4#1702FA6F00000000
(1779321553.898158) can0 4D4#000032007D0D0203
(1779321553.899139) can0 4D5#D50CD60C40400000
(1779321553.900227) can0 18914010#0CD6100CD5020000
(1779321553.901229) can0 18904010#020D020D753001FB
(1779321553.902229) can0 18FA28F4#123EA12C10270000
(1779321553.903229) can0 18FB28F4#D60CD50C40400000
(1779321553.904255) can0 18FC28F4#383200000D020000
(1779321553.905223) can0 18F810F3#0D02E80332640100
(1779321553.906249) can0 18F815F3#0000000010030000
(1779321553.907152) can0 273#000000000D023200
(1779321553.908145) can0 1E1#020D271001FB01FB
(1779321553.909179) can0 1F5#0000000000000000
(1779321553.910255) can0 0800A6A9#0000000000000000
(1779321553.911222) can0 1000A6A9#0D028813324A4A4A
(1779321553.912247) can0 1C00A6A9#0000000000030000
(1779321553.913261) can0 02018100#1003020D00000000
(1779321553.914262) can0 02028100#0000003264000000
(1779321553.915242) can0 02038100#0CD601100CD50102
(1779321553.916236) can0 02048100#4A01014A01010000
(1779321553.917140) can0 1AD#8814000059321818
(1779321553.918146) can0 2AD#D60C800C88140016
(1779321553.919179) can0 3AD#0000000000008814
(1779321553.920154) can0 4AD#EB00000000000000
(1779321553.921173) can0 76A#7F00000000000000
(1779321553.983787) can0 0000E005#1702440003B60591
(1779321553.984343) can0 1806E5F4#13D2010003B6023A
(1779321553.985231) can0 0000E000#13D213D2020D0000
(1779321553.986233) can0 0000E004#181803B603B601E2
(1779321553.987214) can0 0000E006#0CD60CD50CD50CD5
(1779321553.988227) can0 0000E007#0CD50CD50CD50CD6
(1779321553.989227) can0 0000E008#0CD60CD60CD60CD5
(1779321553.990220) can0 0000E009#0CD60CD60CD60CD6
(1779321553.991272) can0 0000E010#0000000000000000
(1779321553.992253) can0 0000E011#0000000000000000
(1779321553.993232) can0 0000E012#0CD5000100000000
(1779321553.994265) can0 0000F001#0000000000000000
(1779321553.995247) can0 18FF28F4#10320000020D0000
(1779321553.996247) can0 18FE28F4#0CD60CD540400000
(1779321553.997237) can0 18FD28F4#1702FA6F00000000
(1779321553.998144) can0 4D4#000032007D0D0203
(1779321553.999144) can0 4D5#D50CD60C40400000
(1779321554.000240) can0 18914010#0CD6100CD5020000
(1779321554.001221) can0 18904010#020D020D753001FB
(1779321554.002234) can0 18FA28F4#123EA12C10270000
(1779321554.003215) can0 18FB28F4#D60CD50C40400000
(1779321554.004279) can0 18FC28F4#383200000D020000
(1779321554.005210) can0 18F810F3#0D02E80332640100
(1779321554.006260) can0 18F815F3#0000000010030000
(1779321554.007144) can0 273#000000000D023200
(1779321554.008145) can0 1E1#020D271001FB01FB
(1779321554.009168) can0 1F5#0000000000000000
(1779321554.010253) can0 0800A6A9#0000000000000000
(1779321554.011203) can0 1000A6A9#0D028813324A4A4A
(1779321554.012265) can0 1C00A6A9#0000000000030000
(1779321554.013247) can0 02018100#1003020D00000000
(1779321554.014246) can0 02028100#0000003264000000
(1779321554.015228) can0 02038100#0CD601100CD50102
(1779321554.016241) can0 02048100#4A01014A01010000
(1779321554.017137) can0 1AD#8814000059321818
(1779321554.018138) can0 2AD#D60C800C88140016
(1779321554.019151) can0 3AD#0000000000008814
(1779321554.020197) can0 4AD#EB00000000000000
(1779321554.021153) can0 76A#7F00000000000000
(1779321554.100779) can0 0000E005#1702440003B60591
(1779321554.101348) can0 1806E5F4#13D2010003B6023A
(1779321554.102239) can0 0000E000#13D213D2020D0000
(1779321554.103232) can0 0000E004#181803B603B601E2
(1779321554.104212) can0 0000E006#0CD60CD60CD60CD5
(1779321554.105263) can0 0000E007#0CD50CD50CD50CD5
(1779321554.106225) can0 0000E008#0CD60CD60CD60CD5
(1779321554.107200) can0 0000E009#0CD50CD60CD60CD6
(1779321554.108250) can0 0000E010#0000000000000000
(1779321554.109250) can0 0000E011#0000000000000000
(1779321554.110233) can0 0000E012#0CD5000100000000
(1779321554.111212) can0 0000E013#4542323630354C43
(1779321554.112245) can0 0000E014#3134323300000000
(1779321554.113256) can0 0000E015#0000000000000003
(1779321554.114250) can0 0000F000#0000000000000000
(1779321554.115251) can0 0000F001#0000000000000000
(1779321554.116245) can0 18FF28F4#10320000020D0000
(1779321554.117233) can0 18FE28F4#0CD60CD540400000
(1779321554.118225) can0 18FD28F4#1702FA6F00000000
(1779321554.119140) can0 4D4#000032007D0D0203
(1779321554.120143) can0 4D5#D50CD60C40400000
(1779321554.121220) can0 18914010#0CD6100CD5040000
(1779321554.122213) can0 18904010#020D020D753001FB
(1779321554.123241) can0 18924010#4001400100000000
(1779321554.124225) can0 18934010#000000730000BC51
(1779321554.125239) can0 18944010#1003000000000000
(1779321554.126252) can0 18954010#0000000000000000
(1779321554.127271) can0 18954010#0100000000000000
(1779321554.128251) can0 18954010#0200000000000000
(1779321554.129245) can0 18954010#0300000000000000
(1779321554.130258) can0 18954010#0400000000000000
(1779321554.131240) can0 18954010#0500000000000000
(1779321554.132240) can0 18964010#0040404000000000
(1779321554.133252) can0 18974010#0000000000000000
(1779321554.134253) can0 18984010#0000000000000000
(1779321554.135214) can0 18FA28F4#123EA12C10270000
(1779321554.136214) can0 18FB28F4#D60CD50C40400000
(1779321554.137239) can0 18FC28F4#383200000D020000
(1779321554.138220) can0 18F810F3#0D02E80332640100
(1779321554.139233) can0 18F811F3#D60C1001D50C0401
(1779321554.140227) can0 18F812F3#4001014001010000
(1779321554.141259) can0 18F813F3#0101000000000000
(1779321554.142239) can0 18F814F3#3200EA1AA9015F00
(1779321554.143247) can0 18F815F3#0000000010030000
(1779321554.144149) can0 273#000000000D023200
(1779321554.145131) can0 1E1#020D271001FB01FB
(1779321554.146157) can0 1F5#0000000000000000
(1779321554.147254) can0 0800A6A9#0000000000000000
(1779321554.148201) can0 1000A6A9#0D028813324A4A4A
(1779321554.149234) can0 1C00A6A9#0000000000030000
(1779321554.150259) can0 02018100#1003020D00000000
(1779321554.151240) can0 02028100#0000003264000000
(1779321554.152228) can0 02038100#0CD601100CD50104
(1779321554.153221) can0 02048100#4A01014A01010000
(1779321554.154118) can0 1AD#8814000059321818
(1779321554.155138) can0 2AD#D60C800C88140016
(1779321554.156152) can0 3AD#0000000000008814
(1779321554.157145) can0 4AD#EB00000000000000
(1779321554.158175) can0 76A#7F00000000000000
(1779321554.216829) can0 0000E005#1702440003B60591
(1779321554.217385) can0 1806E5F4#13D2010003B6023A
(1779321554.218218) can0 0000E000#13D213D2020D0000
(1779321554.219238) can0 0000E004#181803B603B601E2
(1779321554.220218) can0 0000E006#0CD60CD60CD60CD5
(1779321554.221217) can0 0000E007#0CD50CD50CD50CD5
(1779321554.222212) can0 0000E008#0CD60CD60CD60CD5
(1779321554.223205) can0 0000E009#0CD50CD60CD60CD6
(1779321554.224256) can0 0000E010#0000000000000000
(1779321554.225256) can0 0000E011#0000000000000000
(1779321554.226236) can0 0000E012#0CD5000100000000
(1779321554.227277) can0 0000F001#0000000000000000
(1779321554.228249) can0 18FF28F4#10320000020D0000
(1779321554.229211) can0 18FE28F4#0CD60CD540400000
(1779321554.230224) can0 18FD28F4#1702FA6F00000000
(1779321554.231141) can0 4D4#000032007D0D0203
(1779321554.232122) can0 4D5#D50CD60C40400000
(1779321554.233219) can0 18914010#0CD6100CD5040000
(1779321554.234218) can0 18904010#020D020D753001FB
(1779321554.235244) can0 18FA28F4#123EA12C10270000
(1779321554.236212) can0 18FB28F4#D60CD50C40400000
(1779321554.237244) can0 18FC28F4#383200000D020000
(1779321554.238206) can0 18F810F3#0D02E80332640100
(1779321554.239249) can0 18F815F3#0000000010030000
(1779321554.240135) can0 273#000000000D023200
(1779321554.241135) can0 1E1#020D271001FB01FB
(1779321554.242166) can0 1F5#0000000000000000
(1779321554.243277) can0 0800A6A9#0000000000000000
(1779321554.244206) can0 1000A6A9#0D028813324A4A4A
(1779321554.245237) can0 1C00A6A9#0000000000030000
(1779321554.246238) can0 02018100#1003020D00000000
(1779321554.247245) can0 02028100#0000003264000000
(1779321554.248231) can0 02038100#0CD601100CD50104
(1779321554.249225) can0 02048100#4A01014A01010000
(1779321554.250123) can0 1AD#8814000059321818
(1779321554.251164) can0 2AD#D60C800C88140016
(1779321554.252149) can0 3AD#0000000000008814
(1779321554.253142) can0 4AD#EB00000000000000
(1779321554.254155) can0 76A#7F00000000000000
(1779321554.316828) can0 0000E005#1702440003B60591
(1779321554.317368) can0 1806E5F4#13D2010003B6023A
(1779321554.318238) can0 0000E000#13D213D2020D0000
(1779321554.319234) can0 0000E004#181803B603B601E2
(1779321554.320257) can0 0000E006#0CD60CD60CD60CD5
(1779321554.321222) can0 0000E007#0CD50CD50CD50CD5
(1779321554.322223) can0 0000E008#0CD60CD60CD60CD5
(1779321554.323217) can0 0000E009#0CD50CD60CD60CD6
(1779321554.324261) can0 0000E010#0000000000000000
(1779321554.325261) can0 0000E011#0000000000000000
(1779321554.326250) can0 0000E012#0CD5000100000000
(1779321554.327260) can0 0000F001#0000000000000000
(1779321554.328285) can0 18FF28F4#10320000020D0000
(1779321554.329229) can0 18FE28F4#0CD60CD540400000
(1779321554.330240) can0 18FD28F4#1702FA6F00000000
(1779321554.331217) can0 4D4#000032007D0D0203
(1779321554.332134) can0 4D5#D50CD60C40400000
(1779321554.333232) can0 18914010#0CD6100CD5040000
(1779321554.334237) can0 18904010#020D020D753001FB
(1779321554.335267) can0 18FA28F4#123EA12C10270000
(1779321554.336247) can0 18FB28F4#D60CD50C40400000
(1779321554.337254) can0 18FC28F4#383200000D020000
(1779321554.338227) can0 18F810F3#0D02E80332640100
(1779321554.339251) can0 18F815F3#0000000010030000
(1779321554.340149) can0 273#000000000D023200
(1779321554.341138) can0 1E1#020D271001FB01FB
(1779321554.342147) can0 1F5#0000000000000000
(1779321554.343245) can0 0800A6A9#0000000000000000
(1779321554.344190) can0 1000A6A9#0D028813324A4A4A
(1779321554.345225) can0 1C00A6A9#0000000000030000
(1779321554.346243) can0 02018100#1003020D00000000
(1779321554.347238) can0 02028100#0000003264000000
(1779321554.348215) can0 02038100#0CD601100CD50104
(1779321554.349230) can0 02048100#4A01014A01010000
(1779321554.350128) can0 1AD#8814000059321818
(1779321554.351127) can0 2AD#D60C800C88140016
(1779321554.352141) can0 3AD#0000000000008814
(1779321554.353153) can0 4AD#EB00000000000000
(1779321554.354147) can0 76A#7F00000000000000
(1779321554.416786) can0 0000E005#1702440003B60591
(1779321554.417319) can0 1806E5F4#13D2010003B6023A
(1779321554.418208) can0 0000E000#13D213D2020D0000
(1779321554.419210) can0 0000E004#181803B603B601E2
(1779321554.420189) can0 0000E006#0CD50CD50CD50CD5
(1779321554.421197) can0 0000E007#0CD50CD60CD60CD6
(1779321554.422202) can0 0000E008#0CD60CD60CD50CD5
(1779321554.423200) can0 0000E009#0CD50CD60CD60CD6
(1779321554.424247) can0 0000E010#0000000000000000
(1779321554.425240) can0 0000E011#0000000000000000
(1779321554.426227) can0 0000E012#0CD5000100000000
(1779321554.427252) can0 0000F001#0000000000000000
(1779321554.428233) can0 18FF28F4#10320000020D0000
(1779321554.429207) can0 18FE28F4#0CD60CD540400000
(1779321554.430227) can0 18FD28F4#1702FA6F00000000
(1779321554.431131) can0 4D4#000032007D0D0203
(1779321554.432125) can0 4D5#D50CD60C40400000
(1779321554.433213) can0 18914010#0CD6100CD5010000
(1779321554.434216) can0 18904010#020D020D753001FB
(1779321554.435215) can0 18FA28F4#123EA12C10270000
(1779321554.436217) can0 18FB28F4#D60CD50C40400000
(1779321554.437227) can0 18FC28F4#383200000D020000
(1779321554.438209) can0 18F810F3#0D02E80332640100
(1779321554.439235) can0 18F815F3#0000000010030000
(1779321554.440138) can0 273#000000000D023200
(1779321554.441117) can0 1E1#020D271001FB01FB
(1779321554.442164) can0 1F5#0000000000000000
(1779321554.443228) can0 0800A6A9#0000000000000000
(1779321554.444195) can0 1000A6A9#0D028813324A4A4A
(1779321554.445216) can0 1C00A6A9#0000000000030000
(1779321554.446234) can0 02018100#1003020D00000000
(1779321554.447236) can0 02028100#0000003264000000
(1779321554.448215) can0 02038100#0CD601100CD50101
(1779321554.449209) can0 02048100#4A01014A01010000
(1779321554.450126) can0 1AD#8814000059321818
(1779321554.451120) can0 2AD#D60C800C88140016
(1779321554.452132) can0 3AD#0000000000008814
(1779321554.453139) can0 4AD#EB00000000000000
(1779321554.454140) can0 76A#7F00000000000000
(1779321554.516841) can0 0000E005#1702440003B60591
(1779321554.517378) can0 1806E5F4#13D2010003B6023A
(1779321554.518210) can0 0000E000#13D213D2020D0000
(1779321554.519229) can0 0000E004#181803B603B601E2
(1779321554.520189) can0 0000E006#0CD50CD50CD50CD5
(1779321554.521201) can0 0000E007#0CD50CD60CD60CD6
(1779321554.522201) can0 0000E008#0CD60CD60CD50CD5
(1779321554.523204) can0 0000E009#0CD50CD60CD60CD6
(1779321554.524248) can0 0000E010#0000000000000000
(1779321554.525240) can0 0000E011#0000000000000000
(1779321554.526220) can0 0000E012#0CD5000100000000
(1779321554.527253) can0 0000F001#0000000000000000
(1779321554.528234) can0 18FF28F4#10320000020D0000
(1779321554.529214) can0 18FE28F4#0CD60CD540400000
(1779321554.530209) can0 18FD28F4#1702FA6F00000000
(1779321554.531131) can0 4D4#000032007D0D0203
(1779321554.532121) can0 4D5#D50CD60C40400000
(1779321554.533222) can0 18914010#0CD6100CD5010000
(1779321554.534218) can0 18904010#020D020D753001FB
(1779321554.535244) can0 18FA28F4#123EA12C10270000
(1779321554.536202) can0 18FB28F4#D60CD50C40400000
(1779321554.537229) can0 18FC28F4#383200000D020000
(1779321554.538190) can0 18F810F3#0D02E80332640100
(1779321554.539239) can0 18F815F3#0000000010030000
(1779321554.540124) can0 273#000000000D023200
(1779321554.541124) can0 1E1#020D271001FB01FB
(1779321554.542146) can0 1F5#0000000000000000
(1779321554.543264) can0 0800A6A9#0000000000000000
(1779321554.544194) can0 1000A6A9#0D028813324A4A4A
(1779321554.545226) can0 1C00A6A9#0000000000030000
(1779321554.546226) can0 02018100#1003020D00000000
(1779321554.547240) can0 02028100#0000003264000000
(1779321554.548201) can0 02038100#0CD601100CD50101
(1779321554.549213) can0 02048100#4A01014A01010000
(1779321554.550106) can0 1AD#8814000059321818
(1779321554.551156) can0 2AD#D60C800C88140016
(1779321554.552136) can0 3AD#0000000000008814
(1779321554.553137) can0 4AD#EB00000000000000
(1779321554.554124) can0 76A#7F00000000000000
(1779321554.633821) can0 0000E005#1702440003B60591
(1779321554.634378) can0 1806E5F4#13D2010003B6023A
(1779321554.635209) can0 0000E000#13D213D2020D0000
(1779321554.636261) can0 0000E004#181803B603B601E2
(1779321554.637190) can0 0000E006#0CD60CD50CD50CD5
(1779321554.638193) can0 0000E007#0CD50CD50CD50CD6
(1779321554.639211) can0 0000E008#0CD60CD60CD50CD5
(1779321554.640209) can0 0000E009#0CD60CD60CD60CD6
(1779321554.641255) can0 0000E010#0000000000000000
(1779321554.642251) can0 0000E011#0000000000000000
(1779321554.643237) can0 0000E012#0CD5000100000000
(1779321554.644217) can0 0000E013#4542323630354C43
(1779321554.645216) can0 0000E014#3134323300000000
(1779321554.646226) can0 0000E015#0000000000000003
(1779321554.647244) can0 0000F000#0000000000000000
(1779321554.648253) can0 0000F001#0000000000000000
(1779321554.649243) can0 18FF28F4#10320000020D0000
(1779321554.650226) can0 18FE28F4#0CD60CD540400000
(1779321554.651250) can0 18FD28F4#1702FA6F00000000
(1779321554.652149) can0 4D4#000032007D0D0203
(1779321554.653138) can0 4D5#D50CD60C40400000
(1779321554.654215) can0 18914010#0CD6100CD5020000
(1779321554.655238) can0 18904010#020D020D753001FB
(1779321554.656228) can0 18924010#4001400100000000
(1779321554.657218) can0 18934010#000000740000BC51
(1779321554.658232) can0 18944010#1003000000000000
(1779321554.659261) can0 18954010#0000000000000000
(1779321554.660273) can0 18954010#0100000000000000
(1779321554.661241) can0 18954010#0200000000000000
(1779321554.662242) can0 18954010#0300000000000000
(1779321554.663256) can0 18954010#0400000000000000
(1779321554.664239) can0 18954010#0500000000000000
(1779321554.665263) can0 18964010#0040404000000000
(1779321554.666251) can0 18974010#0000000000000000
(1779321554.667238) can0 18984010#0000000000000000
(1779321554.668241) can0 18FA28F4#123EA12C10270000
(1779321554.669226) can0 18FB28F4#D60CD50C40400000
(1779321554.670245) can0 18FC28F4#383200000D020000
(1779321554.671224) can0 18F810F3#0D02E80332640100
(1779321554.672227) can0 18F811F3#D60C1001D50C0201
(1779321554.673282) can0 18F812F3#4001014001010000
(1779321554.674288) can0 18F813F3#0101000000000000
(1779321554.675267) can0 18F814F3#3200EA1AA9015F00
(1779321554.676306) can0 18F815F3#0000000010030000
(1779321554.677208) can0 273#000000000D023200
(1779321554.678174) can0 1E1#020D271001FB01FB
(1779321554.679241) can0 1F5#0000000000000000
(1779321554.680267) can0 0800A6A9#0000000000000000
(1779321554.681254) can0 1000A6A9#0D028813324A4A4A
(1779321554.682256) can0 1C00A6A9#0000000000030000
(1779321554.683253) can0 02018100#1003020D00000000
(1779321554.684247) can0 02028100#0000003264000000
(1779321554.685233) can0 02038100#0CD601100CD50102
(1779321554.686233) can0 02048100#4A01014A01010000
(1779321554.687128) can0 1AD#8814000059321818
(1779321554.688123) can0 2AD#D60C800C88140016
(1779321554.689172) can0 3AD#0000000000008814
(1779321554.690172) can0 4AD#EB00000000000000
(1779321554.691164) can0 76A#7F00000000000000
(1779321554.749828) can0 0000E005#1702440003B60591
(1779321554.750371) can0 1806E5F4#13D2010003B6023A
(1779321554.751203) can0 0000E000#13D213D2020D0000
(1779321554.752203) can0 0000E004#181803B603B601E2
(1779321554.753203) can0 0000E006#0CD60CD50CD50CD5
(1779321554.754184) can0 0000E007#0CD50CD50CD50CD6
(1779321554.755198) can0 0000E008#0CD60CD60CD50CD5
(1779321554.756190) can0 0000E009#0CD60CD60CD60CD6
(1779321554.757235) can0 0000E010#0000000000000000
(1779321554.758254) can0 0000E011#0000000000000000
(1779321554.759217) can0 0000E012#0CD5000100000000
(1779321554.760250) can0 0000F001#0000000000000000
(1779321554.761232) can0 18FF28F4#10320000020D0000
(1779321554.762214) can0 18FE28F4#0CD60CD540400000
(1779321554.763226) can0 18FD28F4#1702FA6F00000000
(1779321554.764131) can0 4D4#000032007D0D0203
(1779321554.765124) can0 4D5#D50CD60C40400000
(1779321554.766231) can0 18914010#0CD6100CD5020000
(1779321554.767212) can0 18904010#020D020D753001FB
(1779321554.768211) can0 18FA28F4#123EA12C10270000
(1779321554.769211) can0 18FB28F4#D60CD50C40400000
(1779321554.770227) can0 18FC28F4#383200000D020000
(1779321554.771208) can0 18F810F3#0D02E80332640100
(1779321554.772237) can0 18F815F3#0000000010030000
(1779321554.773132) can0 273#000000000D023200
(1779321554.774158) can0 1E1#020D271001FB01FB
(1779321554.775154) can0 1F5#0000000000000000
(1779321554.776232) can0 0800A6A9#0000000000000000
(1779321554.777185) can0 1000A6A9#0D028813324A4A4A
(1779321554.778220) can0 1C00A6A9#0000000000030000
(1779321554.779228) can0 02018100#1003020D00000000
(1779321554.780227) can0 02028100#0000003264000000
(1779321554.781207) can0 02038100#0CD601100CD50102
(1779321554.782249) can0 02048100#4A01014A01010000
(1779321554.783119) can0 1AD#8814000059321818
(1779321554.784108) can0 2AD#D60C800C88140016
(1779321554.785125) can0 3AD#0000000000008814
(1779321554.786137) can0 4AD#EB00000000000000
(1779321554.787131) can0 76A#7F00000000000000
(1779321554.849779) can0 0000E005#1702440003B60591
(1779321554.850313) can0 1806E5F4#13D2010003B6023A
(1779321554.851244) can0 0000E000#13D213D2020D0000
(1779321554.852210) can0 0000E004#181803B603B601E2
(1779321554.853187) can0 0000E006#0CD60CD50CD50CD5
(1779321554.854177) can0 0000E007#0CD50CD50CD50CD6
(1779321554.855248) can0 0000E008#0CD60CD60CD50CD5
(1779321554.856207) can0 0000E009#0CD60CD60CD60CD6
(1779321554.857243) can0 0000E010#0000000000000000
(1779321554.858235) can0 0000E011#0000000000000000
(1779321554.859253) can0 0000E012#0CD5000100000000
(1779321554.860235) can0 0000F001#0000000000000000
(1779321554.861216) can0 18FF28F4#10320000020D0000
(1779321554.862193) can0 18FE28F4#0CD60CD540400000
(1779321554.863223) can0 18FD28F4#1702FA6F00000000
(1779321554.864109) can0 4D4#000032007D0D0203
(1779321554.865162) can0 4D5#D50CD60C40400000
(1779321554.866213) can0 18914010#0CD6100CD5020000
(1779321554.867283) can0 18904010#020D020D753001FB
(1779321554.868263) can0 18FA28F4#123EA12C10270000
(1779321554.869195) can0 18FB28F4#D60CD50C40400000
(1779321554.870231) can0 18FC28F4#383200000D020000
(1779321554.871208) can0 18F810F3#0D02E80332640100
(1779321554.872229) can0 18F815F3#0000000010030000
(1779321554.873120) can0 273#000000000D023200
(1779321554.874121) can0 1E1#020D271001FB01FB
(1779321554.875137) can0 1F5#0000000000000000
(1779321554.876241) can0 0800A6A9#0000000000000000
(1779321554.877179) can0 1000A6A9#0D028813324A4A4A
(1779321554.878225) can0 1C00A6A9#0000000000030000
(1779321554.879225) can0 02018100#1003020D00000000
(1779321554.880218) can0 02028100#0000003264000000
(1779321554.881187) can0 02038100#0CD601100CD50102
(1779321554.882202) can0 02048100#4A01014A01010000
(1779321554.883104) can0 1AD#8814000059321818
(1779321554.884118) can0 2AD#D60C800C88140016
(1779321554.885124) can0 3AD#0000000000008814
(1779321554.886124) can0 4AD#EB00000000000000
(1779321554.887117) can0 76A#7F00000000000000
(1779321554.949813) can0 0000E005#1702440003B60591
(1779321554.950378) can0 1806E5F4#13D2010003B6023A
(1779321554.951223) can0 0000E000#13D213D2020D0000
(1779321554.952218) can0 0000E004#181803B603B601E2
(1779321554.953198) can0 0000E006#0CD50CD60CD60CD5
(1779321554.954204) can0 0000E007#0CD60CD50CD60CD6
(1779321554.955242) can0 0000E008#0CD60CD60CD60CD6
(1779321554.956228) can0 0000E009#0CD60CD60CD60CD6
(1779321554.957261) can0 0000E010#0000000000000000
(1779321554.958255) can0 0000E011#0000000000000000
(1779321554.959231) can0 0000E012#0CD5000100000000
(1779321554.960245) can0 0000F001#0000000000000000
(1779321554.961224) can0 18FF28F4#10320000020D0000
(1779321554.962191) can0 18FE28F4#0CD60CD540400000
(1779321554.963225) can0 18FD28F4#1702FA6F00000000
(1779321554.964129) can0 4D4#000032007D0D0203
(1779321554.965110) can0 4D5#D50CD60C40400000
(1779321554.966196) can0 18914010#0CD6100CD5010000
(1779321554.967207) can0 18904010#020D020D753001FB
(1779321554.968196) can0 18FA28F4#123EA12C10270000
(1779321554.969197) can0 18FB28F4#D60CD50C40400000
(1779321554.970231) can0 18FC28F4#383200000D020000
(1779321554.971220) can0 18F810F3#0D02E80332640100
(1779321554.972221) can0 18F815F3#0000000010030000
(1779321554.973163) can0 273#000000000D023200
(1779321554.974105) can0 1E1#020D271001FB01FB
(1779321554.975138) can0 1F5#0000000000000000
(1779321554.976217) can0 0800A6A9#0000000000000000
(1779321554.977179) can0 1000A6A9#0D028813324A4A4A
(1779321554.978211) can0 1C00A6A9#0000000000030000
(1779321554.979213) can0 02018100#1003020D00000000
(1779321554.980208) can0 02028100#0000003264000000
(1779321554.981206) can0 02038100#0CD601100CD50101
(1779321554.982203) can0 02048100#4A01014A01010000
(1779321554.983081) can0 1AD#8914000059321818
(1779321554.984095) can0 2AD#D60C800C89140016
(1779321554.985108) can0 3AD#0000000000008914
(1779321554.986121) can0 4AD#EB00000000000000
(1779321554.987121) can0 76A#7F00000000000000
(1779321555.049813) can0 0000E005#1702440003B60591
(1779321555.050356) can0 1806E5F4#13D2010003B6023A
(1779321555.051190) can0 0000E000#13D213D2020D0000
(1779321555.052190) can0 0000E004#181803B603B601E2
(1779321555.053170) can0 0000E006#0CD50CD60CD60CD5
(1779321555.054189) can0 0000E007#0CD60CD50CD60CD6
(1779321555.055192) can0 0000E008#0CD60CD60CD60CD6
(1779321555.056189) can0 0000E009#0CD60CD60CD60CD6
(1779321555.057243) can0 0000E010#0000000000000000
(1779321555.058232) can0 0000E011#0000000000000000
(1779321555.059213) can0 0000E012#0CD5000100000000
(1779321555.060226) can0 0000F001#0000000000000000
(1779321555.061209) can0 18FF28F4#10320000020D0000
(1779321555.062190) can0 18FE28F4#0CD60CD540400000
(1779321555.063197) can0 18FD28F4#1702FA6F00000000
(1779321555.064119) can0 4D4#000032007D0D0203
(1779321555.065100) can0 4D5#D50CD60C40400000
(1779321555.066208) can0 18914010#0CD6100CD5010000
(1779321555.067190) can0 18904010#020D020D753001FB
(1779321555.068189) can0 18FA28F4#123EA12C10270000
(1779321555.069189) can0 18FB28F4#D60CD50C40400000
(1779321555.070216) can0 18FC28F4#383200000D020000
(1779321555.071185) can0 18F810F3#0D02E80332640100
(1779321555.072229) can0 18F815F3#0000000010030000
(1779321555.073121) can0 273#000000000D023200
(1779321555.074130) can0 1E1#020D271001FB01FB
(1779321555.075121) can0 1F5#0000000000000000
(1779321555.076218) can0 0800A6A9#0000000000000000
(1779321555.077165) can0 1000A6A9#0D028813324A4A4A
(1779321555.078196) can0 1C00A6A9#0000000000030000
(1779321555.079209) can0 02018100#1003020D00000000
(1779321555.080209) can0 02028100#0000003264000000
(1779321555.081191) can0 02038100#0CD601100CD50101
(1779321555.082236) can0 02048100#4A01014A01010000
(1779321555.083080) can0 1AD#8914000059321818
(1779321555.084095) can0 2AD#D60C800C89140016
(1779321555.085107) can0 3AD#0000000000008914
(1779321555.086120) can0 4AD#EB00000000000000
(1779321555.087113) can0 76A#7F00000000000000
(1779321555.166815) can0 0000E005#1702440003B60591
(1779321555.167353) can0 1806E5F4#13D2010003B6023A
(1779321555.168207) can0 0000E000#13D213D2020D0000
(1779321555.169204) can0 0000E004#181803B603B601E2
(1779321555.170173) can0 0000E006#0CD50CD50CD50CD5
(1779321555.171214) can0 0000E007#0CD50CD50CD60CD6
(1779321555.172170) can0 0000E008#0CD60CD60CD50CD5
(1779321555.173208) can0 0000E009#0CD60CD60CD60CD6
(1779321555.174244) can0 0000E010#0000000000000000
(1779321555.175227) can0 0000E011#0000000000000000
(1779321555.176224) can0 0000E012#0CD5000100000000
(1779321555.177160) can0 0000E013#4542323630354C43
(1779321555.178203) can0 0000E014#3134323300000000
(1779321555.179237) can0 0000E015#0000000000000003
(1779321555.180237) can0 0000F000#0000000000000000
(1779321555.181244) can0 0000F001#0000000000000000
(1779321555.182222) can0 18FF28F4#10320000020D0000
(1779321555.183219) can0 18FE28F4#0CD60CD540400000
(1779321555.184205) can0 18FD28F4#1702FA6F00000000
(1779321555.185100) can0 4D4#000032007D0D0203
(1779321555.186096) can0 4D5#D50CD60C40400000
(1779321555.187209) can0 18914010#0CD6100CD5010000
(1779321555.188173) can0 18904010#020D020D753001FB
(1779321555.189198) can0 18924010#4001400100000000
(1779321555.190201) can0 18934010#000000750000BC51
(1779321555.191223) can0 18944010#1003000000000000
(1779321555.192238) can0 18954010#0000000000000000
(1779321555.193214) can0 18954010#0100000000000000
(1779321555.194213) can0 18954010#0200000000000000
(1779321555.195240) can0 18954010#0300000000000000
(1779321555.196209) can0 18954010#0400000000000000
(1779321555.197199) can0 18954010#0500000000000000
(1779321555.198198) can0 18964010#0040404000000000
(1779321555.199215) can0 18974010#0000000000000000
(1779321555.200205) can0 18984010#0000000000000000
(1779321555.201187) can0 18FA28F4#123EA12C10270000
(1779321555.202187) can0 18FB28F4#D60CD50C40400000
(1779321555.203213) can0 18FC28F4#383200000D020000
(1779321555.204173) can0 18F810F3#0D02E80332640100
(1779321555.205186) can0 18F811F3#D60C1001D50C0101
(1779321555.206186) can0 18F812F3#4001014001010000
(1779321555.207213) can0 18F813F3#0101000000000000
(1779321555.208179) can0 18F814F3#3200EA1AA9015F00
(1779321555.209198) can0 18F815F3#0000000010030000
(1779321555.210102) can0 273#000000000D023200
(1779321555.211097) can0 1E1#020D271001FB01FB
(1779321555.212136) can0 1F5#0000000000000000
(1779321555.213208) can0 0800A6A9#0000000000000000
(1779321555.214174) can0 1000A6A9#0D028813324A4A4A
(1779321555.215200) can0 1C00A6A9#0000000000030000
(1779321555.216199) can0 02018100#1003020D00000000
(1779321555.217211) can0 02028100#0000003264000000
(1779321555.218180) can0 02038100#0CD601100CD50101
(1779321555.219194) can0 02048100#4A01014A01010000
(1779321555.220109) can0 1AD#8814000059321818
(1779321555.221089) can0 2AD#D60C800C88140016
(1779321555.222113) can0 3AD#0000000000008814
(1779321555.223103) can0 4AD#EB00000000000000
(1779321555.224120) can0 76A#7F00000000000000
(1779321555.282791) can0 0000E005#1702440003B60591
(1779321555.283292) can0 1806E5F4#13D2010003B6023A
(1779321555.284176) can0 0000E000#13D213D2020D0000
(1779321555.285170) can0 0000E004#181803B603B601E2
(1779321555.286150) can0 0000E006#0CD50CD50CD50CD5
(1779321555.287170) can0 0000E007#0CD50CD50CD60CD6
(1779321555.288163) can0 0000E008#0CD60CD60CD50CD5
(1779321555.289176) can0 0000E009#0CD60CD60CD60CD6
(1779321555.290199) can0 0000E010#0000000000000000
(1779321555.291202) can0 0000E011#0000000000000000
(1779321555.292183) can0 0000E012#0CD5000100000000
(1779321555.293215) can0 0000F001#0000000000000000
(1779321555.294194) can0 18FF28F4#10320000020D0000
(1779321555.295185) can0 18FE28F4#0CD60CD540400000
(1779321555.296190) can0 18FD28F4#1702FA6F00000000
(1779321555.297125) can0 4D4#000032007D0D0203
(1779321555.298087) can0 4D5#D50CD60C40400000
(1779321555.299183) can0 18914010#0CD6100CD5010000
(1779321555.300164) can0 18904010#020D020D753001FB
(1779321555.301177) can0 18FA28F4#123EA12C10270000
(1779321555.302170) can0 18FB28F4#D60CD50C40400000
(1779321555.303190) can0 18FC28F4#383200000D020000
(1779321555.304170) can0 18F810F3#0D02E80332640100
(1779321555.305234) can0 18F815F3#0000000010030000
(1779321555.306096) can0 273#000000000D023200
(1779321555.307081) can0 1E1#020D271001FB01FB
(1779321555.308113) can0 1F5#0000000000000000
(1779321555.309190) can0 0800A6A9#0000000000000000
(1779321555.310164) can0 1000A6A9#0D028813324A4A4A
(1779321555.311195) can0 1C00A6A9#0000000000030000
(1779321555.312203) can0 02018100#1003020D00000000
(1779321555.313228) can0 02028100#0000003264000000
(1779321555.314170) can0 02038100#0CD601100CD50101
(1779321555.315177) can0 02048100#4A01014A01010000
(1779321555.316075) can0 1AD#8814000059321818
(1779321555.317087) can0 2AD#D60C800C88140016
(1779321555.318090) can0 3AD#0000000000008814
(1779321555.319108) can0 4AD#EB00000000000000
(1779321555.320118) can0 76A#7F00000000000000
(1779321555.382802) can0 0000E005#1702440003B60591
(1779321555.383291) can0 1806E5F4#13D2010003B6023A
(1779321555.384187) can0 0000E000#13D213D2020D0000
(1779321555.385174) can0 0000E004#181803B603B601E2
(1779321555.386153) can0 0000E006#0CD50CD50CD50CD5
(1779321555.387166) can0 0000E007#0CD50CD50CD60CD6
(1779321555.388169) can0 0000E008#0CD60CD60CD50CD5
(1779321555.389164) can0 0000E009#0CD60CD60CD60CD6
(1779321555.390241) can0 0000E010#0000000000000000
(1779321555.391203) can0 0000E011#0000000000000000
(1779321555.392190) can0 0000E012#0CD5000100000000
(1779321555.393202) can0 0000F001#0000000000000000
(1779321555.394196) can0 18FF28F4#10320000020D0000
(1779321555.395190) can0 18FE28F4#0CD60CD540400000
(1779321555.396177) can0 18FD28F4#1702FA6F00000000
(1779321555.397095) can0 4D4#000032007D0D0203
(1779321555.398139) can0 4D5#D50CD60C40400000
(1779321555.399162) can0 18914010#0CD6100CD5010000
(1779321555.400166) can0 18904010#020D020D753001FB
(1779321555.401184) can0 18FA28F4#123EA12C10270000
(1779321555.402167) can0 18FB28F4#D60CD50C40400000
(1779321555.403198) can0 18FC28F4#383200000D020000
(1779321555.404159) can0 18F810F3#0D02E80332640100
(1779321555.405203) can0 18F815F3#0000000010030000
(1779321555.406100) can0 273#000000000D023200
(1779321555.407081) can0 1E1#020D271001FB01FB
(1779321555.408114) can0 1F5#0000000000000000
(1779321555.409190) can0 0800A6A9#0000000000000000
(1779321555.410159) can0 1000A6A9#0D028813324A4A4A
(1779321555.411187) can0 1C00A6A9#0000000000030000
(1779321555.412203) can0 02018100#1003020D00000000
(1779321555.413196) can0 02028100#0000003264000000
(1779321555.414173) can0 02038100#0CD601100CD50101
(1779321555.415184) can0 02048100#4A01014A01010000
(1779321555.416076) can0 1AD#8814000059321818
(1779321555.417089) can0 2AD#D60C800C88140016
(1779321555.418094) can0 3AD#0000000000008814
(1779321555.419107) can0 4AD#EB00000000000000
(1779321555.420109) can0 76A#7F00000000000000
(1779321555.482805) can0 0000E005#1702440003B60591
(1779321555.483340) can0 1806E5F4#13D2010003B6023A
(1779321555.484176) can0 0000E000#13D213D2020D0000
(1779321555.485170) can0 0000E004#181803B603B601E2
(1779321555.486158) can0 0000E006#0CD60CD50CD50CD5
(1779321555.487182) can0 0000E007#0CD60CD50CD60CD5
(1779321555.488170) can0 0000E008#0CD60CD60CD60CD5
(1779321555.489164) can0 0000E009#0CD60CD50CD60CD6
(1779321555.490209) can0 0000E010#0000000000000000
(1779321555.491209) can0 0000E011#0000000000000000
(1779321555.492191) can0 0000E012#0CD5000100000000
(1779321555.493203) can0 0000F001#0000000000000000
(1779321555.494192) can0 18FF28F4#10320000020D0000
(1779321555.495189) can0 18FE28F4#0CD60CD540400000
(1779321555.496184) can0 18FD28F4#1702FA6F00000000
(1779321555.497102) can0 4D4#000032007D0D0203
(1779321555.498089) can0 4D5#D50CD60C40400000
(1779321555.499157) can0 18914010#0CD6100CD5020000
(1779321555.500178) can0 18904010#020D020D753001FB
(1779321555.501178) can0 18FA28F4#123EA12C10270000
(1779321555.502177) can0 18FB28F4#D60CD50C40400000
(1779321555.503191) can0 18FC28F4#383200000D020000
(1779321555.504158) can0 18F810F3#0D02E80332640100
(1779321555.505203) can0 18F815F3#0000000010030000
(1779321555.506088) can0 273#000000000D023200
(1779321555.507085) can0 1E1#020D271001FB01FB
(1779321555.508120) can0 1F5#0000000000000000
(1779321555.509196) can0 0800A6A9#0000000000000000
(1779321555.510158) can0 1000A6A9#0D028813324A4A4A
(1779321555.511189) can0 1C00A6A9#0000000000030000
(1779321555.512210) can0 02018100#1003020D00000000
(1779321555.513191) can0 02028100#0000003264000000
(1779321555.514172) can0 02038100#0CD601100CD50102
(1779321555.515198) can0 02048100#4A01014A01010000
(1779321555.516082) can0 1AD#8814000059321818
(1779321555.517086) can0 2AD#D60C800C88140016
(1779321555.518096) can0 3AD#0000000000008814
(1779321555.519101) can0 4AD#EB00000000000000
(1779321555.520121) can0 76A#7F00000000000000
(1779321555.582736) can0 0000E005#1702440003B60591
(1779321555.583278) can0 1806E5F4#13D2010003B6023A
(1779321555.584174) can0 0000E000#13D213D2020D0000
(1779321555.585180) can0 0000E004#181803B603B601E2
(1779321555.586161) can0 0000E006#0CD60CD50CD50CD5
(1779321555.587161) can0 0000E007#0CD60CD50CD60CD5
(1779321555.588155) can0 0000E008#0CD60CD60CD60CD5
(1779321555.589155) can0 0000E009#0CD60CD50CD60CD6
(1779321555.590206) can0 0000E010#0000000000000000
(1779321555.591199) can0 0000E011#0000000000000000
(1779321555.592178) can0 0000E012#0CD5000100000000
(1779321555.593199) can0 0000F001#0000000000000000
(1779321555.594182) can0 18FF28F4#10320000020D0000
(1779321555.595163) can0 18FE28F4#0CD60CD540400000
(1779321555.596186) can0 18FD28F4#1702FA6F00000000
(1779321555.597116) can0 4D4#000032007D0D0203
(1779321555.598083) can0 4D5#D50CD60C40400000
(1779321555.599194) can0 18914010#0CD6100CD5020000
(1779321555.600175) can0 18904010#020D020D753001FB
(1779321555.601173) can0 18FA28F4#123EA12C10270000
(1779321555.602166) can0 18FB28F4#D60CD50C40400000
(1779321555.603199) can0 18FC28F4#383200000D020000
(1779321555.604162) can0 18F810F3#0D02E80332640100
(1779321555.605210) can0 18F815F3#0000000010030000
(1779321555.606096) can0 273#000000000D023200
(1779321555.607077) can0 1E1#020D271001FB01FB
(1779321555.608099) can0 1F5#0000000000000000
(1779321555.609184) can0 0800A6A9#0000000000000000
(1779321555.610152) can0 1000A6A9#0D028813324A4A4A
(1779321555.611184) can0 1C00A6A9#0000000000030000
(1779321555.612179) can0 02018100#1003020D00000000
(1779321555.613229) can0 02028100#0000003264000000
(1779321555.614158) can0 02038100#0CD601100CD50102
(1779321555.615177) can0 02048100#4A01014A01010000
(1779321555.616073) can0 1AD#8814000059321818
(1779321555.617095) can0 2AD#D60C800C88140016
(1779321555.618088) can0 3AD#0000000000008814
(1779321555.619096) can0 4AD#EB00000000000000
(1779321555.620088) can0 76A#7F00000000000000
(1779321555.699723) can0 0000E005#1702440003B60591
(1779321555.700284) can0 1806E5F4#13D2010003B6023A
(1779321555.701169) can0 0000E000#13D213D2020D0000
(1779321555.702163) can0 0000E004#181803B603B601E2
(1779321555.703163) can0 0000E006#0CD60CD50CD60CD5
(1779321555.704144) can0 0000E007#0CD50CD50CD60CD6
(1779321555.705163) can0 0000E008#0CD60CD60CD60CD5
(1779321555.706203) can0 0000E009#0CD60CD60CD60CD6
(1779321555.707189) can0 0000E010#0000000000000000
(1779321555.708188) can0 0000E011#0000000000000000
(1779321555.709169) can0 0000E012#0CD5000100000000
(1779321555.710131) can0 0000E013#4542323630354C43
(1779321555.711175) can0 0000E014#3134323300000000
(1779321555.712185) can0 0000E015#0000000000000003
(1779321555.713196) can0 0000F000#0000000000000000
(1779321555.714196) can0 0000F001#0000000000000000
(1779321555.715176) can0 18FF28F4#10320000020D0000
(1779321555.716163) can0 18FE28F4#0CD60CD540400000
(1779321555.717177) can0 18FD28F4#1702FA6F00000000
(1779321555.718075) can0 4D4#000032007D0D0203
(1779321555.719074) can0 4D5#D50CD60C40400000
(1779321555.720157) can0 18914010#0CD6100CD5020000
(1779321555.721151) can0 18904010#020D020D753001FB
(1779321555.722183) can0 18924010#4001400100000000
(1779321555.723164) can0 18934010#000000760000BC51
(1779321555.724183) can0 18944010#1003000000000000
(1779321555.725196) can0 18954010#0000000000000000
(1779321555.726196) can0 18954010#0100000000000000
(1779321555.727190) can0 18954010#0200000000000000
(1779321555.728190) can0 18954010#0300000000000000
(1779321555.729190) can0 18954010#0400000000000000
(1779321555.730182) can0 18954010#0500000000000000
(1779321555.731184) can0 18964010#0040404000000000
(1779321555.732183) can0 18974010#0000000000000000
(1779321555.733177) can0 18984010#0000000000000000
(1779321555.734154) can0 18FA28F4#123EA12C10270000
(1779321555.735158) can0 18FB28F4#D60CD50C40400000
(1779321555.736184) can0 18FC28F4#383200000D020000
(1779321555.737152) can0 18F810F3#0D02E80332640100
(1779321555.738164) can0 18F811F3#D60C1001D50C0201
(1779321555.739164) can0 18F812F3#4001014001010000
(1779321555.740178) can0 18F813F3#0101000000000000
(1779321555.741158) can0 18F814F3#3200EA1AA9015F00
(1779321555.742183) can0 18F815F3#0000000010030000
(1779321555.743088) can0 273#000000000D023200
(1779321555.744069) can0 1E1#020D271001FB01FB
(1779321555.745095) can0 1F5#0000000000000000
(1779321555.746170) can0 0800A6A9#0000000000000000
(1779321555.747141) can0 1000A6A9#0D028813324A4A4A
(1779321555.748172) can0 1C00A6A9#0000000000030000
(1779321555.749171) can0 02018100#1003020D00000000
(1779321555.750184) can0 02028100#0000003264000000
(1779321555.751184) can0 02038100#0CD601100CD50102
(1779321555.752165) can0 02048100#4A01014A01010000
(1779321555.753043) can0 1AD#8914000059321818
(1779321555.754061) can0 2AD#D60C800C89140016
(1779321555.755076) can0 3AD#0000000000008914
(1779321555.756089) can0 4AD#EB00000000000000
(1779321555.757089) can0 76A#7F00000000000000
(1779321555.815712) can0 0000E005#1702440003B60591
(1779321555.816283) can0 1806E5F4#13D2010003B6023A
(1779321555.817168) can0 0000E000#13D213D2020D0000
(1779321555.818149) can0 0000E004#181803B603B601E2
(1779321555.819149) can0 0000E006#0CD60CD50CD60CD5
(1779321555.820143) can0 0000E007#0CD50CD50CD60CD6
(1779321555.821142) can0 0000E008#0CD60CD60CD60CD5
(1779321555.822143) can0 0000E009#0CD60CD60CD60CD6
(1779321555.823186) can0 0000E010#0000000000000000
(1779321555.824187) can0 0000E011#0000000000000000
(1779321555.825168) can0 0000E012#0CD5000100000000
(1779321555.826181) can0 0000F001#0000000000000000
(1779321555.827165) can0 18FF28F4#10320000020D0000
(1779321555.828162) can0 18FE28F4#0CD60CD540400000
(1779321555.829162) can0 18FD28F4#1702FA6F00000000
(1779321555.830079) can0 4D4#000032007D0D0203
(1779321555.831060) can0 4D5#D50CD60C40400000
(1779321555.832156) can0 18914010#0CD6100CD5020000
(1779321555.833156) can0 18904010#020D020D753001FB
(1779321555.834156) can0 18FA28F4#123EA12C10270000
(1779321555.835149) can0 18FB28F4#D60CD50C40400000
(1779321555.836201) can0 18FC28F4#383200000D020000
(1779321555.837150) can0 18F810F3#0D02E80332640100
(1779321555.838182) can0 18F815F3#0000000010030000
(1779321555.839075) can0 273#000000000D023200
(1779321555.840067) can0 1E1#020D271001FB01FB
(1779321555.841093) can0 1F5#0000000000000000
(1779321555.842176) can0 0800A6A9#0000000000000000
(1779321555.843143) can0 1000A6A9#0D028813324A4A4A
(1779321555.844202) can0 1C00A6A9#0000000000030000
(1779321555.845169) can0 02018100#1003020D00000000
(1779321555.846169) can0 02028100#0000003264000000
(1779321555.847150) can0 02038100#0CD601100CD50102
(1779321555.848164) can0 02048100#4A01014A01010000
(1779321555.849048) can0 1AD#8914000059321818
(1779321555.850060) can0 2AD#D60C800C89140016
(1779321555.851066) can0 3AD#0000000000008914
(1779321555.852138) can0 4AD#EB00000000000000
(1779321555.853080) can0 76A#7F00000000000000
(1779321555.915802) can0 0000E005#1702440003B60591
(1779321555.916321) can0 1806E5F4#13D2010003B6023A
(1779321555.917160) can0 0000E000#13D213D2020D0000
(1779321555.918159) can0 0000E004#181803B603B601E2
(1779321555.919141) can0 0000E006#0CD60CD50CD60CD5
(1779321555.920137) can0 0000E007#0CD50CD50CD60CD6
(1779321555.921185) can0 0000E008#0CD60CD60CD60CD5
(1779321555.922154) can0 0000E009#0CD60CD60CD60CD6
(1779321555.923186) can0 0000E010#0000000000000000
(1779321555.924178) can0 0000E011#0000000000000000
(1779321555.925166) can0 0000E012#0CD5000100000000
(1779321555.926179) can0 0000F001#0000000000000000
(1779321555.927179) can0 18FF28F4#10320000020D0000
(1779321555.928141) can0 18FE28F4#0CD60CD540400000
(1779321555.929205) can0 18FD28F4#1702FA6F00000000
(1779321555.930077) can0 4D4#000032007D0D0203
(1779321555.931058) can0 4D5#D50CD60C40400000
(1779321555.932153) can0 18914010#0CD6100CD5020000
(1779321555.933154) can0 18904010#020D020D753001FB
(1779321555.934154) can0 18FA28F4#123EA12C10270000
(1779321555.935148) can0 18FB28F4#D60CD50C40400000
(1779321555.936179) can0 18FC28F4#383200000D020000
(1779321555.937147) can0 18F810F3#0D02E80332640100
(1779321555.938174) can0 18F815F3#0000000010030000
(1779321555.939077) can0 273#000000000D023200
(1779321555.940058) can0 1E1#020D271001FB01FB
(1779321555.941091) can0 1F5#0000000000000000
(1779321555.942167) can0 0800A6A9#0000000000000000
(1779321555.943135) can0 1000A6A9#0D028813324A4A4A
(1779321555.944161) can0 1C00A6A9#0000000000030000
(1779321555.945168) can0 02018100#1003020D00000000
(1779321555.946180) can0 02028100#0000003264000000
(1779321555.947142) can0 02038100#0CD601100CD50102
(1779321555.948156) can0 02048100#4A01014A01010000
(1779321555.949046) can0 1AD#8914000059321818
(1779321555.950059) can0 2AD#D60C800C89140016
(1779321555.951072) can0 3AD#0000000000008914
(1779321555.952084) can0 4AD#EB00000000000000
(1779321555.953078) can0 76A#7F00000000000000
(1779321556.015697) can0 0000E005#1702440003B60591
(1779321556.016260) can0 1806E5F4#13D2010003B6023A
(1779321556.017158) can0 0000E000#13D213D2020D0000
(1779321556.018145) can0 0000E004#181803B603B601E2
(1779321556.019139) can0 0000E006#0CD60CD50CD50CD6
(1779321556.020126) can0 0000E007#0CD50CD50CD50CD6
(1779321556.021137) can0 0000E008#0CD60CD60CD60CD5
(1779321556.022139) can0 0000E009#0CD60CD60CD60CD6
(1779321556.023184) can0 0000E010#0000000000000000
(1779321556.024184) can0 0000E011#0000000000000000
(1779321556.025164) can0 0000E012#0CD5000100000000
(1779321556.026178) can0 0000F001#0000000000000000
(1779321556.027165) can0 18FF28F4#10320000020D0000
(1779321556.028146) can0 18FE28F4#0CD60CD540400000
(1779321556.029158) can0 18FD28F4#1702FA6F00000000
(1779321556.030075) can0 4D4#000032007D0D0203
(1779321556.031056) can0 4D5#D50CD60C40400000
(1779321556.032139) can0 18914010#0CD6100CD5020000
(1779321556.033146) can0 18904010#020D020D753001FB
(1779321556.034153) can0 18FA28F4#123EA12C10270000
(1779321556.035133) can0 18FB28F4#D60CD50C40400000
(1779321556.036165) can0 18FC28F4#383200000D020000
(1779321556.037132) can0 18F810F3#0D02E80332640100
(1779321556.038178) can0 18F815F3#0000000010030000
(1779321556.039076) can0 273#000000000D023200
(1779321556.040057) can0 1E1#020D271001FB01FB
(1779321556.041089) can0 1F5#0000000000000000
(1779321556.042172) can0 0800A6A9#0000000000000000
(1779321556.043133) can0 1000A6A9#0D028813324A4A4A
(1779321556.044166) can0 1C00A6A9#0000000000030000
(1779321556.045165) can0 02018100#1003020D00000000
(1779321556.046160) can0 02028100#0000003264000000
(1779321556.047146) can0 02038100#0CD601100CD50102
(1779321556.048159) can0 02048100#4A01014A01010000
(1779321556.049044) can0 1AD#8914000059321818
(1779321556.050057) can0 2AD#D60C800C89140016
(1779321556.051082) can0 3AD#0000000000008914
(1779321556.052075) can0 4AD#EB00000000000000
(1779321556.053076) can0 76A#7F00000000000000
(1779321556.115694) can0 0000E005#1702440003B60591
(1779321556.116251) can0 1806E5F4#13D2010003B6023A
(1779321556.117149) can0 0000E000#13D213D2020D0000
(1779321556.118149) can0 0000E004#181803B603B601E2
(1779321556.119137) can0 0000E006#0CD60CD50CD50CD6
(1779321556.120130) can0 0000E007#0CD50CD50CD50CD6
(1779321556.121131) can0 0000E008#0CD60CD60CD60CD5
(1779321556.122143) can0 0000E009#0CD60CD60CD60CD6
(1779321556.123175) can0 0000E010#0000000000000000
(1779321556.124176) can0 0000E011#0000000000000000
(1779321556.125154) can0 0000E012#0CD5000100000000
(1779321556.126175) can0 0000F001#0000000000000000
(1779321556.127157) can0 18FF28F4#10320000020D0000
(1779321556.128150) can0 18FE28F4#0CD60CD540400000
(1779321556.129150) can0 18FD28F4#1702FA6F00000000
(1779321556.130067) can0 4D4#000032007D0D0203
(1779321556.131048) can0 4D5#D50CD60C40400000
(1779321556.132145) can0 18914010#0CD6100CD5020000
(1779321556.133144) can0 18904010#020D020D753001FB
(1779321556.134144) can0 18FA28F4#123EA12C10270000
(1779321556.135144) can0 18FB28F4#D60CD50C40400000
(1779321556.136189) can0 18FC28F4#383200000D020000
(1779321556.137132) can0 18F810F3#0D02E80332640100
(1779321556.138170) can0 18F815F3#0000000010030000
(1779321556.139055) can0 273#000000000D023200
(1779321556.140055) can0 1E1#020D271001FB01FB
(1779321556.141080) can0 1F5#0000000000000000
(1779321556.142164) can0 0800A6A9#0000000000000000
(1779321556.143131) can0 1000A6A9#0D028813324A4A4A
(1779321556.144196) can0 1C00A6A9#0000000000030000
(1779321556.145157) can0 02018100#1003020D00000000
(1779321556.146157) can0 02028100#0000003264000000
(1779321556.147138) can0 02038100#0CD601100CD50102
(1779321556.148151) can0 02048100#4A01014A01010000
(1779321556.149033) can0 1AD#8914000059321818
(1779321556.150049) can0 2AD#D60C800C89140016
(1779321556.151061) can0 3AD#0000000000008914
(1779321556.152107) can0 4AD#EB00000000000000
(1779321556.153065) can0 76A#7F00000000000000
(1779321556.232692) can0 0000E005#1702440003B60591
(1779321556.233251) can0 1806E5F4#13D2010003B6023A
(1779321556.234136) can0 0000E000#13D213D2020D0000
(1779321556.235135) can0 0000E004#181803B603B601E2
(1779321556.236136) can0 0000E006#0CD60CD60CD60CD5
(1779321556.237161) can0 0000E007#0CD50CD50CD60CD6
(1779321556.238130) can0 0000E008#0CD60CD60CD50CD5
(1779321556.239121) can0 0000E009#0CD60CD60CD60CD6
(1779321556.240175) can0 0000E010#0000000000000000
(1779321556.241174) can0 0000E011#0000000000000000
(1779321556.242155) can0 0000E012#0CD5000100000000
(1779321556.243116) can0 0000E013#4542323630354C43
(1779321556.244148) can0 0000E014#3134323300000000
(1779321556.245161) can0 0000E015#0000000000000003
(1779321556.246174) can0 0000F000#0000000000000000
(1779321556.247162) can0 0000F001#0000000000000000
(1779321556.248156) can0 18FF28F4#10320000020D0000
(1779321556.249142) can0 18FE28F4#0CD60CD540400000
(1779321556.250155) can0 18FD28F4#1702FA6F00000000
(1779321556.251053) can0 4D4#000032007D0D0203
(1779321556.252053) can0 4D5#D50CD60C40400000
(1779321556.253143) can0 18914010#0CD6100CD5040000
(1779321556.254129) can0 18904010#020D020D753001FB
(1779321556.255154) can0 18924010#4001400100000000
(1779321556.256137) can0 18934010#000000770000BC51
(1779321556.257156) can0 18944010#1003000000000000
(1779321556.258168) can0 18954010#0000000000000000
(1779321556.259181) can0 18954010#0100000000000000
(1779321556.260162) can0 18954010#0200000000000000
(1779321556.261163) can0 18954010#0300000000000000
(1779321556.262155) can0 18954010#0400000000000000
(1779321556.263152) can0 18954010#0500000000000000
(1779321556.264149) can0 18964010#0040404000000000
(1779321556.265162) can0 18974010#0000000000000000
(1779321556.266162) can0 18984010#0000000000000000
(1779321556.267132) can0 18FA28F4#123EA12C10270000
(1779321556.268137) can0 18FB28F4#D60CD50C40400000
(1779321556.269163) can0 18FC28F4#383200000D020000
(1779321556.270130) can0 18F810F3#0D02E80332640100
(1779321556.271143) can0 18F811F3#D60C1001D50C0401
(1779321556.272137) can0 18F812F3#4001014001010000
(1779321556.273162) can0 18F813F3#0101000000000000
(1779321556.274143) can0 18F814F3#3200EA1AA9015F00
(1779321556.275153) can0 18F815F3#0000000010030000
(1779321556.276054) can0 273#000000000D023200
(1779321556.277054) can0 1E1#020D271001FB01FB
(1779321556.278080) can0 1F5#0000000000000000
(1779321556.279155) can0 0800A6A9#0000000000000000
(1779321556.280125) can0 1000A6A9#0D028813324A4A4A
(1779321556.281150) can0 1C00A6A9#0000000000030000
(1779321556.282169) can0 02018100#1003020D00000000
(1779321556.283163) can0 02028100#0000003264000000
(1779321556.284131) can0 02038100#0CD601100CD50104
(1779321556.285144) can0 02048100#4A01014A01010000
(1779321556.286029) can0 1AD#8914000059321818
(1779321556.287039) can0 2AD#D60C800C89140016
(1779321556.288055) can0 3AD#0000000000008914
(1779321556.289067) can0 4AD#EB00000000000000
(1779321556.290080) can0 76A#7F00000000000000
(1779321556.348737) can0 0000E005#1702440003B60591
(1779321556.349294) can0 1806E5F4#13D2010003B6023A
(1779321556.350134) can0 0000E000#13D213D2020D0000
(1779321556.351147) can0 0000E004#181803B603B601E2
(1779321556.352128) can0 0000E006#0CD60CD60CD60CD5
(1779321556.353127) can0 0000E007#0CD50CD50CD60CD6
(1779321556.354122) can0 0000E008#0CD60CD60CD50CD5
(1779321556.355122) can0 0000E009#0CD60CD60CD60CD6
(1779321556.356164) can0 0000E010#0000000000000000
(1779321556.357167) can0 0000E011#0000000000000000
(1779321556.358147) can0 0000E012#0CD5000100000000
(1779321556.359179) can0 0000F001#0000000000000000
(1779321556.360135) can0 18FF28F4#10320000020D0000
(1779321556.361122) can0 18FE28F4#0CD60CD540400000
(1779321556.362141) can0 18FD28F4#1702FA6F00000000
(1779321556.363052) can0 4D4#000032007D0D0203
(1779321556.364032) can0 4D5#D50CD60C40400000
(1779321556.365128) can0 18914010#0CD6100CD5040000
(1779321556.366128) can0 18904010#020D020D753001FB
(1779321556.367154) can0 18FA28F4#123EA12C10270000
(1779321556.368119) can0 18FB28F4#D60CD50C40400000
(1779321556.369155) can0 18FC28F4#383200000D020000
(1779321556.370115) can0 18F810F3#0D02E80332640100
(1779321556.371161) can0 18F815F3#0000000010030000
(1779321556.372046) can0 273#000000000D023200
(1779321556.373046) can0 1E1#020D271001FB01FB
(1779321556.374071) can0 1F5#0000000000000000
(1779321556.375187) can0 0800A6A9#0000000000000000
(1779321556.376116) can0 1000A6A9#0D028813324A4A4A
(1779321556.377148) can0 1C00A6A9#0000000000030000
(1779321556.378161) can0 02018100#1003020D00000000
(1779321556.379161) can0 02028100#0000003264000000
(1779321556.380135) can0 02038100#0CD601100CD50104
(1779321556.381136) can0 02048100#4A01014A01010000
(1779321556.382034) can0 1AD#8914000059321818
(1779321556.383078) can0 2AD#D60C800C89140016
(1779321556.384053) can0 3AD#0000000000008914
(1779321556.385052) can0 4AD#EB00000000000000
(1779321556.386065) can0 76A#7F00000000000000
(1779321556.448716) can0 0000E005#1702440003B60591
(1779321556.449274) can0 1806E5F4#13D2010003B6023A
(1779321556.450139) can0 0000E000#13D213D2020D0000
(1779321556.451140) can0 0000E004#181803B603B601E2
(1779321556.452153) can0 0000E006#0CD60CD60CD60CD5
(1779321556.453109) can0 0000E007#0CD50CD50CD60CD6
(1779321556.454115) can0 0000E008#0CD60CD60CD50CD5
(1779321556.455127) can0 0000E009#0CD60CD60CD60CD6
(1779321556.456159) can0 0000E010#0000000000000000
(1779321556.457148) can0 0000E011#0000000000000000
(1779321556.458153) can0 0000E012#0CD5000100000000
(1779321556.459165) can0 0000F001#0000000000000000
(1779321556.460198) can0 18FF28F4#10320000020D0000
(1779321556.461127) can0 18FE28F4#0CD60CD540400000
(1779321556.462141) can0 18FD28F4#1702FA6F00000000
(1779321556.463057) can0 4D4#000032007D0D0203
(1779321556.464039) can0 4D5#D50CD60C40400000
(1779321556.465127) can0 18914010#0CD6100CD5040000
(1779321556.466134) can0 18904010#020D020D753001FB
(1779321556.467128) can0 18FA28F4#123EA12C10270000
(1779321556.468172) can0 18FB28F4#D60CD50C40400000
(1779321556.469150) can0 18FC28F4#383200000D020000
(1779321556.470121) can0 18F810F3#0D02E80332640100
(1779321556.471153) can0 18F815F3#0000000010030000
(1779321556.472052) can0 273#000000000D023200
(1779321556.473032) can0 1E1#020D271001FB01FB
(1779321556.474064) can0 1F5#0000000000000000
(1779321556.475153) can0 0800A6A9#0000000000000000
(1779321556.476103) can0 1000A6A9#0D028813324A4A4A
(1779321556.477148) can0 1C00A6A9#0000000000030000
(1779321556.478147) can0 02018100#1003020D00000000
(1779321556.479148) can0 02028100#0000003264000000
(1779321556.480129) can0 02038100#0CD601100CD50104
(1779321556.481142) can0 02048100#4A01014A01010000
(1779321556.482026) can0 1AD#8914000059321818
(1779321556.483039) can0 2AD#D60C800C89140016
(1779321556.484052) can0 3AD#0000000000008914
(1779321556.485065) can0 4AD#EB00000000000000
(1779321556.486064) can0 76A#7F00000000000000
(1779321556.548682) can0 0000E005#1702440003B60591
(1779321556.549241) can0 1806E5F4#13D2010003B6023A
(1779321556.550123) can0 0000E000#13D213D2020D0000
(1779321556.551126) can0 0000E004#181803B603B601E2
(1779321556.552119) can0 0000E006#0CD60CD50CD60CD5
(1779321556.553119) can0 0000E007#0CD50CD60CD60CD6
(1779321556.554109) can0 0000E008#0CD60CD60CD50CD5
(1779321556.555132) can0 0000E009#0CD60CD60CD60CD6
(1779321556.556159) can0 0000E010#0000000000000000
(1779321556.557158) can0 0000E011#0000000000000000
(1779321556.558138) can0 0000E012#0CD5000100000000
(1779321556.559152) can0 0000F001#0000000000000000
(1779321556.560152) can0 18FF28F4#10320000020D0000
(1779321556.561132) can0 18FE28F4#0CD60CD540400000
(1779321556.562146) can0 18FD28F4#1702FA6F00000000
(1779321556.563049) can0 4D4#000032007D0D0203
(1779321556.564044) can0 4D5#D50CD60C40400000
(1779321556.565120) can0 18914010#0CD6100CD5020000
(1779321556.566116) can0 18904010#020D020D753001FB
(1779321556.567133) can0 18FA28F4#123EA12C10270000
(1779321556.568114) can0 18FB28F4#D60CD50C40400000
(1779321556.569146) can0 18FC28F4#383200000D020000
(1779321556.570127) can0 18F810F3#0D02E80332640100
(1779321556.571158) can0 18F815F3#0000000010030000
(1779321556.572057) can0 273#000000000D023200
(1779321556.573037) can0 1E1#020D271001FB01FB
(1779321556.574063) can0 1F5#0000000000000000
(1779321556.575146) can0 0800A6A9#0000000000000000
(1779321556.576108) can0 1000A6A9#0D028813324A4A4A
(1779321556.577139) can0 1C00A6A9#0000000000030000
(1779321556.578148) can0 02018100#1003020D00000000
(1779321556.579152) can0 02028100#0000003264000000
(1779321556.580134) can0 02038100#0CD601100CD50102
(1779321556.581127) can0 02048100#4A01014A01010000
(1779321556.582044) can0 1AD#8914000059321818
(1779321556.583024) can0 2AD#D60C800C89140016
(1779321556.584051) can0 3AD#0000000000008914
(1779321556.585050) can0 4AD#EB00000000000000
(1779321556.586055) can0 76A#7F00000000000000
(1779321556.648721) can0 0000E005#1702440003B60591
(1779321556.649298) can0 1806E5F4#13D2010003B6023A
(1779321556.650130) can0 0000E000#13D213D2020D0000
(1779321556.651127) can0 0000E004#181803B603B601E2
(1779321556.652111) can0 0000E006#0CD60CD50CD60CD5
(1779321556.653111) can0 0000E007#0CD50CD60CD60CD6
(1779321556.654111) can0 0000E008#0CD60CD60CD50CD5
(1779321556.655123) can0 0000E009#0CD60CD60CD60CD6
(1779321556.656149) can0 0000E010#0000000000000000
(1779321556.657149) can0 0000E011#0000000000000000
(1779321556.658130) can0 0000E012#0CD5000100000000
(1779321556.659158) can0 0000F001#0000000000000000
(1779321556.660144) can0 18FF28F4#10320000020D0000
(1779321556.661124) can0 18FE28F4#0CD60CD540400000
(1779321556.662137) can0 18FD28F4#1702FA6F00000000
(1779321556.663029) can0 4D4#000032007D0D0203
(1779321556.664035) can0 4D5#D50CD60C40400000
(1779321556.665130) can0 18914010#0CD6100CD5020000
(1779321556.666125) can0 18904010#020D020D753001FB
(1779321556.667137) can0 18FA28F4#123EA12C10270000
(1779321556.668124) can0 18FB28F4#D60CD50C40400000
(1779321556.669137) can0 18FC28F4#383200000D020000
(1779321556.670118) can0 18F810F3#0D02E80332640100
(1779321556.671143) can0 18F815F3#0000000010030000
(1779321556.672048) can0 273#000000000D023200
(1779321556.673029) can0 1E1#020D271001FB01FB
(1779321556.674055) can0 1F5#0000000000000000
(1779321556.675166) can0 0800A6A9#0000000000000000
(1779321556.676099) can0 1000A6A9#0D028813324A4A4A
(1779321556.677131) can0 1C00A6A9#0000000000030000
(1779321556.678144) can0 02018100#1003020D00000000
(1779321556.679144) can0 02028100#0000003264000000
(1779321556.680119) can0 02038100#0CD601100CD50102
(1779321556.681119) can0 02048100#4A01014A01010000
(1779321556.682016) can0 1AD#8914000059321818
(1779321556.683061) can0 2AD#D60C800C89140016
(1779321556.684042) can0 3AD#0000000000008914
(1779321556.685055) can0 4AD#EB00000000000000
(1779321556.686046) can0 76A#7F00000000000000
(1779321556.765711) can0 0000E005#1702440003B60591
(1779321556.766270) can0 1806E5F4#13D2010003B6023A
(1779321556.767123) can0 0000E000#13D213D2020D0000
(1779321556.768167) can0 0000E004#181803B603B601E2
(1779321556.769116) can0 0000E006#0CD60CD60CD60CD5
(1779321556.770103) can0 0000E007#0CD50CD50CD60CD5
(1779321556.771115) can0 0000E008#0CD60CD60CD60CD5
(1779321556.772109) can0 0000E009#0CD60CD60CD60CD6
(1779321556.773161) can0 0000E010#0000000000000000
(1779321556.774142) can0 0000E011#0000000000000000
(1779321556.775136) can0 0000E012#0CD5000100000000
(1779321556.776148) can0 0000E013#4542323630354C43
(1779321556.777129) can0 0000E014#3134323300000000
(1779321556.778148) can0 0000E015#0000000000000003
(1779321556.779142) can0 0000F000#0000000000000000
(1779321556.780142) can0 0000F001#0000000000000000
(1779321556.781136) can0 18FF28F4#10320000020D0000
(1779321556.782123) can0 18FE28F4#0CD60CD540400000
(1779321556.783136) can0 18FD28F4#1702FA6F00000000
(1779321556.784033) can0 4D4#000032007D0D0203
(1779321556.785033) can0 4D5#D50CD60C40400000
(1779321556.786110) can0 18914010#0CD6100CD5040000
(1779321556.787110) can0 18904010#020D020D753001FB
(1779321556.788135) can0 18924010#4001400100000000
(1779321556.789117) can0 18934010#000000780000BC51
(1779321556.790130) can0 18944010#1003000000000000
(1779321556.791161) can0 18954010#0000000000000000
(1779321556.792142) can0 18954010#0100000000000000
(1779321556.793142) can0 18954010#0200000000000000
(1779321556.794137) can0 18954010#0300000000000000
(1779321556.795136) can0 18954010#0400000000000000
(1779321556.796126) can0 18954010#0500000000000000
(1779321556.797143) can0 18964010#0040404000000000
(1779321556.798143) can0 18974010#0000000000000000
(1779321556.799137) can0 18984010#0000000000000000
(1779321556.800111) can0 18FA28F4#123EA12C10270000
(1779321556.801111) can0 18FB28F4#D60CD50C40400000
(1779321556.802144) can0 18FC28F4#383200000D020000
(1779321556.803105) can0 18F810F3#0D02E80332640100
(1779321556.804118) can0 18F811F3#D60C1001D50C0401
(1779321556.805131) can0 18F812F3#4001014001010000
(1779321556.806143) can0 18F813F3#0101000000000000
(1779321556.807111) can0 18F814F3#3200EA1AA9015F00
(1779321556.808134) can0 18F815F3#0000000010030000
(1779321556.809034) can0 273#000000000D023200
(1779321556.810028) can0 1E1#020D271001FB01FB
(1779321556.811060) can0 1F5#0000000000000000
(1779321556.812136) can0 0800A6A9#0000000000000000
(1779321556.813105) can0 1000A6A9#0D028813324A4A4A
(1779321556.814131) can0 1C00A6A9#0000000000030000
(1779321556.815131) can0 02018100#1003020D00000000
(1779321556.816144) can0 02028100#0000003264000000
(1779321556.817112) can0 02038100#0CD601100CD50104
(1779321556.818125) can0 02048100#4A01014A01010000
(1779321556.819010) can0 1AD#8914000059321818
(1779321556.820020) can0 2AD#D60C800C89140016
(1779321556.821048) can0 3AD#0000000000008914
(1779321556.822048) can0 4AD#EB00000000000000
(1779321556.823048) can0 76A#7F00000000000000
(1779321556.881749) can0 0000E005#1702440003B60591
(1779321556.882291) can0 1806E5F4#13D2010003B6023A
(1779321556.883125) can0 0000E000#13D213D2020D0000
(1779321556.884126) can0 0000E004#181803B603B601E2
(1779321556.885107) can0 0000E006#0CD60CD60CD60CD5
(1779321556.886108) can0 0000E007#0CD50CD50CD60CD5
(1779321556.887120) can0 0000E008#0CD60CD60CD60CD5
(1779321556.888113) can0 0000E009#0CD60CD60CD60CD6
(1779321556.889142) can0 0000E010#0000000000000000
(1779321556.890160) can0 0000E011#0000000000000000
(1779321556.891127) can0 0000E012#0CD5000100000000
(1779321556.892151) can0 0000F001#0000000000000000
(1779321556.893134) can0 18FF28F4#10320000020D0000
(1779321556.894119) can0 18FE28F4#0CD60CD540400000
(1779321556.895132) can0 18FD28F4#1702FA6F00000000
(1779321556.896036) can0 4D4#000032007D0D0203
(1779321556.897032) can0 4D5#D50CD60C40400000
(1779321556.898127) can0 18914010#0CD6100CD5040000
(1779321556.899108) can0 18904010#020D020D753001FB
(1779321556.900120) can0 18FA28F4#123EA12C10270000
(1779321556.901103) can0 18FB28F4#D60CD50C40400000
(1779321556.902133) can0 18FC28F4#383200000D020000
(1779321556.903100) can0 18F810F3#0D02E80332640100
(1779321556.904145) can0 18F815F3#0000000010030000
(1779321556.905044) can0 273#000000000D023200
(1779321556.906065) can0 1E1#020D271001FB01FB
(1779321556.907062) can0 1F5#0000000000000000
(1779321556.908138) can0 0800A6A9#0000000000000000
(1779321556.909100) can0 1000A6A9#0D028813324A4A4A
(1779321556.910131) can0 1C00A6A9#0000000000030000
(1779321556.911148) can0 02018100#1003020D00000000
(1779321556.912146) can0 02028100#0000003264000000
(1779321556.913119) can0 02038100#0CD601100CD50104
(1779321556.914155) can0 02048100#4A01014A01010000
(1779321556.915020) can0 1AD#8914000059321818
(1779321556.916033) can0 2AD#D60C800C89140016
(1779321556.917041) can0 3AD#0000000000008914
(1779321556.918040) can0 4AD#EB00000000000000
(1779321556.919052) can0 76A#7F00000000000000
(1779321556.981670) can0 0000E005#1702440003B60591
(1779321556.982223) can0 1806E5F4#13D2010003B6023A
(1779321556.983137) can0 0000E000#13D213D2020D0000
(1779321556.984118) can0 0000E004#181803B603B601E2
(1779321556.985099) can0 0000E006#0CD60CD60CD60CD5
(1779321556.986093) can0 0000E007#0CD50CD50CD60CD5
(1779321556.987099) can0 0000E008#0CD60CD60CD60CD5
(1779321556.988099) can0 0000E009#0CD60CD60CD60CD6
(1779321556.989144) can0 0000E010#0000000000000000
(1779321556.990133) can0 0000E011#0000000000000000
(1779321556.991175) can0 0000E012#0CD5000100000000
(1779321556.992137) can0 0000F001#0000000000000000
(1779321556.993131) can0 18FF28F4#10320000020D0000
(1779321556.994113) can0 18FE28F4#0CD60CD540400000
(1779321556.995113) can0 18FD28F4#1702FA6F00000000
(1779321556.996029) can0 4D4#000032007D0D0203
(1779321556.997016) can0 4D5#D50CD60C40400000
(1779321556.998101) can0 18914010#0CD6100CD5040000
(1779321556.999137) can0 18904010#020D020D753001FB
(1779321557.000106) can0 18FA28F4#123EA12C10270000
(1779321557.001099) can0 18FB28F4#D60CD50C40400000
(1779321557.002125) can0 18FC28F4#383200000D020000
(1779321557.003099) can0 18F810F3#0D02E80332640100
(1779321557.004125) can0 18F815F3#0000000010030000
(1779321557.005029) can0 273#000000000D023200
(1779321557.006010) can0 1E1#020D271001FB01FB
(1779321557.007036) can0 1F5#0000000000000000
(1779321557.008132) can0 0800A6A9#0000000000000000
(1779321557.009099) can0 1000A6A9#0D028813324A4A4A
(1779321557.010109) can0 1C00A6A9#0000000000030000
(1779321557.011131) can0 02018100#1003020D00000000
(1779321557.012121) can0 02028100#0000003264000000
(1779321557.013100) can0 02038100#0CD601100CD50104
(1779321557.014111) can0 02048100#4A01014A01010000
(1779321557.014997) can0 1AD#8914000059321818
(1779321557.016010) can0 2AD#D60C800C89140016
(1779321557.017023) can0 3AD#0000000000008914
(1779321557.018036) can0 4AD#EB00000000000000
(1779321557.019030) can0 76A#7F00000000000000
(1779321557.081698) can0 0000E005#1702440003B60591
(1779321557.082263) can0 1806E5F4#13D2010003B6023A
(1779321557.083105) can0 0000E000#13D213D2020D0000
(1779321557.084109) can0 0000E004#181803B603B601E2
(1779321557.085090) can0 0000E006#0CD60CD60CD60CD5
(1779321557.086091) can0 0000E007#0CD50CD50CD60CD6
(1779321557.087099) can0 0000E008#0CD60CD60CD60CD5
(1779321557.088097) can0 0000E009#0CD50CD60CD60CD6
(1779321557.089128) can0 0000E010#0000000000000000
(1779321557.090129) can0 0000E011#0000000000000000
(1779321557.091109) can0 0000E012#0CD5000100000000
(1779321557.092135) can0 0000F001#0000000000000000
(1779321557.093116) can0 18FF28F4#10320000020D0000
(1779321557.094097) can0 18FE28F4#0CD60CD540400000
(1779321557.095113) can0 18FD28F4#1702FA6F00000000
(1779321557.096028) can0 4D4#000032007D0D0203
(1779321557.097014) can0 4D5#D50CD60C40400000
(1779321557.098103) can0 18914010#0CD6100CD5040000
(1779321557.099100) can0 18904010#020D020D753001FB
(1779321557.100097) can0 18FA28F4#123EA12C10270000
(1779321557.101098) can0 18FB28F4#D60CD50C40400000
(1779321557.102129) can0 18FC28F4#383200000D020000
(1779321557.103091) can0 18F810F3#0D02E80332640100
(1779321557.104123) can0 18F815F3#0000000010030000
(1779321557.105021) can0 273#000000000D023200
(1779321557.106021) can0 1E1#020D271001FB01FB
(1779321557.107030) can0 1F5#0000000000000000
(1779321557.108130) can0 0800A6A9#0000000000000000
(1779321557.109079) can0 1000A6A9#0D028813324A4A4A
(1779321557.110123) can0 1C00A6A9#0000000000030000
(1779321557.111116) can0 02018100#1003020D00000000
(1779321557.112117) can0 02028100#0000003264000000
(1779321557.113117) can0 02038100#0CD601100CD50104
(1779321557.114111) can0 02048100#4A01014A01010000
(1779321557.114996) can0 1AD#8914000059321818
(1779321557.116009) can0 2AD#D60C800C89140016
(1779321557.117028) can0 3AD#0000000000008914
(1779321557.118040) can0 4AD#EB00000000000000
(1779321557.119031) can0 76A#7F00000000000000
(1779321557.181709) can0 0000E005#1702440003B60591
(1779321557.182266) can0 1806E5F4#13D2010003B6023A
(1779321557.183101) can0 0000E000#13D213D2020D0000
(1779321557.184096) can0 0000E004#181803B603B601E2
(1779321557.185094) can0 0000E006#0CD60CD60CD60CD5
(1779321557.186082) can0 0000E007#0CD50CD50CD60CD6
(1779321557.187095) can0 0000E008#0CD60CD60CD60CD5
(1779321557.188095) can0 0000E009#0CD50CD60CD60CD6
(1779321557.189139) can0 0000E010#0000000000000000
(1779321557.190133) can0 0000E011#0000000000000000
(1779321557.191114) can0 0000E012#0CD5000100000000
(1779321557.192126) can0 0000F001#0000000000000000
(1779321557.193115) can0 18FF28F4#10320000020D0000
(1779321557.194095) can0 18FE28F4#0CD60CD540400000
(1779321557.195108) can0 18FD28F4#1702FA6F00000000
(1779321557.196020) can0 4D4#000032007D0D0203
(1779321557.197006) can0 4D5#D50CD60C40400000
(1779321557.198115) can0 18914010#0CD6100CD5040000
(1779321557.199096) can0 18904010#020D020D753001FB
(1779321557.200096) can0 18FA28F4#123EA12C10270000
(1779321557.201096) can0 18FB28F4#D60CD50C40400000
(1779321557.202121) can0 18FC28F4#383200000D020000
(1779321557.203089) can0 18F810F3#0D02E80332640100
(1779321557.204118) can0 18F815F3#0000000010030000
(1779321557.205026) can0 273#000000000D023200
(1779321557.206038) can0 1E1#020D271001FB01FB
(1779321557.207038) can0 1F5#0000000000000000
(1779321557.208113) can0 0800A6A9#0000000000000000
(1779321557.209077) can0 1000A6A9#0D028813324A4A4A
(1779321557.210111) can0 1C00A6A9#0000000000030000
(1779321557.211123) can0 02018100#1003020D00000000
(1779321557.212122) can0 02028100#0000003264000000
(1779321557.213102) can0 02038100#0CD601100CD50104
(1779321557.214128) can0 02048100#4A01014A01010000
(1779321557.215000) can0 1AD#8914000059321818
(1779321557.216005) can0 2AD#D60C800C89140016
(1779321557.217026) can0 3AD#0000000000008914
(1779321557.218020) can0 4AD#EB00000000000000
(1779321557.219033) can0 76A#7F00000000000000
(1779321557.298682) can0 0000E005#1702440003B60591
(1779321557.299247) can0 1806E5F4#13D2010003B6023A
(1779321557.300100) can0 0000E000#13D213D2020D0000
(1779321557.301094) can0 0000E004#181803B603B601E2
(1779321557.302094) can0 0000E006#0CD60CD50CD60CD6
(1779321557.303074) can0 0000E007#0CD50CD50CD60CD6
(1779321557.304087) can0 0000E008#0CD50CD60CD60CD5
(1779321557.305087) can0 0000E009#0CD60CD60CD60CD6
(1779321557.306130) can0 0000E010#0000000000000000
(1779321557.307165) can0 0000E011#0000000000000000
(1779321557.308113) can0 0000E012#0CD5000100000000
(1779321557.309075) can0 0000E013#4542323630354C43
(1779321557.310102) can0 0000E014#3134323300000000
(1779321557.311119) can0 0000E015#0000000000000003
(1779321557.312132) can0 0000F000#0000000000000000
(1779321557.313132) can0 0000F001#0000000000000000
(1779321557.314113) can0 18FF28F4#10320000020D0000
(1779321557.315094) can0 18FE28F4#0CD60CD540400000
(1779321557.316107) can0 18FD28F4#1702FA6F00000000
(1779321557.317024) can0 4D4#000032007D0D0203
(1779321557.318002) can0 4D5#D50CD60C40400000
(1779321557.319101) can0 18914010#0CD6100CD5020000
(1779321557.320095) can0 18904010#020D020D753001FB
(1779321557.321107) can0 18924010#4001400100000000
(1779321557.322086) can0 18934010#000000790000BC51
(1779321557.323107) can0 18944010#1003000000000000
(1779321557.324133) can0 18954010#0000000000000000
(1779321557.325134) can0 18954010#0100000000000000
(1779321557.326114) can0 18954010#0200000000000000
(1779321557.327126) can0 18954010#0300000000000000
(1779321557.328126) can0 18954010#0400000000000000
(1779321557.329121) can0 18954010#0500000000000000
(1779321557.330123) can0 18964010#0040404000000000
(1779321557.331116) can0 18974010#0000000000000000
(1779321557.332108) can0 18984010#0000000000000000
(1779321557.333088) can0 18FA28F4#123EA12C10270000
(1779321557.334089) can0 18FB28F4#D60CD50C40400000
(1779321557.335115) can0 18FC28F4#383200000D020000
(1779321557.336076) can0 18F810F3#0D02E80332640100
(1779321557.337089) can0 18F811F3#D60C1001D50C0201
(1779321557.338102) can0 18F812F3#4001014001010000
(1779321557.339115) can0 18F813F3#0101000000000000
(1779321557.340095) can0 18F814F3#3200EA1AA9015F00
(1779321557.341102) can0 18F815F3#0000000010030000
(1779321557.342006) can0 273#000000000D023200
(1779321557.343006) can0 1E1#020D271001FB01FB
(1779321557.344032) can0 1F5#0000000000000000
(1779321557.345105) can0 0800A6A9#0000000000000000
(1779321557.346076) can0 1000A6A9#0D028813324A4A4A
(1779321557.347108) can0 1C00A6A9#0000000000030000
(1779321557.348121) can0 02018100#1003020D00000000
(1779321557.349114) can0 02028100#0000003264000000
(1779321557.350095) can0 02038100#0CD601100CD50102
(1779321557.351096) can0 02048100#4A01014A01010000
(1779321557.352012) can0 1AD#8914000059321818
(1779321557.352988) can0 2AD#D60C800C89140016
(1779321557.354026) can0 3AD#0000000000008914
(1779321557.355019) can0 4AD#EB00000000000000
(1779321557.356019) can0 76A#7F00000000000000
(1779321557.414647) can0 0000E005#1702440003B60591
(1779321557.415217) can0 1806E5F4#13D2010003B6023A
(1779321557.416099) can0 0000E000#13D213D2020D0000
(1779321557.417099) can0 0000E004#181803B603B601E2
(1779321557.418080) can0 0000E006#0CD60CD50CD60CD6
(1779321557.419073) can0 0000E007#0CD50CD50CD60CD6
(1779321557.420086) can0 0000E008#0CD50CD60CD60CD5
(1779321557.421086) can0 0000E009#0CD60CD60CD60CD6
(1779321557.422127) can0 0000E010#0000000000000000
(1779321557.423112) can0 0000E011#0000000000000000
(1779321557.424112) can0 0000E012#0CD5000100000000
(1779321557.425125) can0 0000F001#0000000000000000
(1779321557.426100) can0 18FF28F4#10320000020D0000
(1779321557.427086) can0 18FE28F4#0CD60CD540400000
(1779321557.428100) can0 18FD28F4#1702FA6F00000000
(1779321557.429035) can0 4D4#000032007D0D0203
(1779321557.429997) can0 4D5#D50CD60C40400000
(1779321557.431093) can0 18914010#0CD6100CD5020000
(1779321557.432093) can0 18904010#020D020D753001FB
(1779321557.433087) can0 18FA28F4#123EA12C10270000
(1779321557.434083) can0 18FB28F4#D60CD50C40400000
(1779321557.435112) can0 18FC28F4#383200000D020000
(1779321557.436081) can0 18F810F3#0D02E80332640100
(1779321557.437145) can0 18F815F3#0000000010030000
(1779321557.438008) can0 273#000000000D023200
(1779321557.438991) can0 1E1#020D271001FB01FB
(1779321557.440023) can0 1F5#0000000000000000
(1779321557.441113) can0 0800A6A9#0000000000000000
(1779321557.442062) can0 1000A6A9#0D028813324A4A4A
(1779321557.443093) can0 1C00A6A9#0000000000030000
(1779321557.444107) can0 02018100#1003020D00000000
(1779321557.445139) can0 02028100#0000003264000000
(1779321557.446083) can0 02038100#0CD601100CD50102
(1779321557.447100) can0 02048100#4A01014A01010000
(1779321557.447979) can0 1AD#8914000059321818
(1779321557.448991) can0 2AD#D60C800C89140016
(1779321557.450001) can0 3AD#0000000000008914
(1779321557.451017) can0 4AD#EB00000000000000
(1779321557.452012) can0 76A#7F00000000000000
(1779321557.514634) can0 0000E005#1702440003B60591
(1779321557.515193) can0 1806E5F4#13D2010003B6023A
(1779321557.516097) can0 0000E000#13D213D2020D0000
(1779321557.517078) can0 0000E004#181803B603B601E2
(1779321557.518077) can0 0000E006#0CD60CD50CD60CD6
(1779321557.519071) can0 0000E007#0CD50CD50CD60CD6
(1779321557.520072) can0 0000E008#0CD50CD60CD60CD5
(1779321557.521084) can0 0000E009#0CD60CD60CD60CD6
(1779321557.522148) can0 0000E010#0000000000000000
(1779321557.523111) can0 0000E011#0000000000000000
(1779321557.524097) can0 0000E012#0CD5000100000000
(1779321557.525123) can0 0000F001#0000000000000000
(1779321557.526103) can0 18FF28F4#10320000020D0000
(1779321557.527084) can0 18FE28F4#0CD60CD540400000
(1779321557.528104) can0 18FD28F4#1702FA6F00000000
(1779321557.529001) can0 4D4#000032007D0D0203
(1779321557.530028) can0 4D5#D50CD60C40400000
(1779321557.531086) can0 18914010#0CD6100CD5020000
(1779321557.532072) can0 18904010#020D020D753001FB
(1779321557.533084) can0 18FA28F4#123EA12C10270000
(1779321557.534085) can0 18FB28F4#D60CD50C40400000
(1779321557.535096) can0 18FC28F4#383200000D020000
(1779321557.536079) can0 18F810F3#0D02E80332640100
(1779321557.537110) can0 18F815F3#0000000010030000
(1779321557.538059) can0 273#000000000D023200
(1779321557.538989) can0 1E1#020D271001FB01FB
(1779321557.540022) can0 1F5#0000000000000000
(1779321557.541098) can0 0800A6A9#0000000000000000
(1779321557.542066) can0 1000A6A9#0D028813324A4A4A
(1779321557.543088) can0 1C00A6A9#0000000000030000
(1779321557.544111) can0 02018100#1003020D00000000
(1779321557.545104) can0 02028100#0000003264000000
(1779321557.546085) can0 02038100#0CD601100CD50102
(1779321557.547081) can0 02048100#4A01014A01010000
(1779321557.547983) can0 1AD#8914000059321818
(1779321557.548996) can0 2AD#D60C800C89140016
(1779321557.550009) can0 3AD#0000000000008914
(1779321557.551015) can0 4AD#EB00000000000000
(1779321557.552015) can0 76A#7F00000000000000
(1779321557.614683) can0 0000E005#1702440003B60591
(1779321557.615248) can0 1806E5F4#13D2010003B6023A
(1779321557.616084) can0 0000E000#13D213D2020D0000
(1779321557.617082) can0 0000E004#181803B603B601E2
(1779321557.618082) can0 0000E006#0CD60CD60CD50CD5
(1779321557.619063) can0 0000E007#0CD50CD50CD60CD6
(1779321557.620078) can0 0000E008#0CD60CD60CD60CD6
(1779321557.621076) can0 0000E009#0CD60CD60CD60CD6
(1779321557.622108) can0 0000E010#0000000000000000
(1779321557.623101) can0 0000E011#0000000000000000
(1779321557.624102) can0 0000E012#0CD5000100000000
(1779321557.625115) can0 0000F001#0000000000000000
(1779321557.626096) can0 18FF28F4#10320000020D0000
(1779321557.627076) can0 18FE28F4#0CD60CD540400000
(1779321557.628091) can0 18FD28F4#1702FA6F00000000
(1779321557.629006) can0 4D4#000032007D0D0203
(1779321557.629993) can0 4D5#D50CD60C40400000
(1779321557.631070) can0 18914010#0CD6100CD5030000
(1779321557.632078) can0 18904010#020D020D753001FB
(1779321557.633083) can0 18FA28F4#123EA12C10270000
(1779321557.634083) can0 18FB28F4#D60CD50C40400000
(1779321557.635095) can0 18FC28F4#383200000D020000
(1779321557.636076) can0 18F810F3#0D02E80332640100
(1779321557.637108) can0 18F815F3#0000000010030000
(1779321557.638006) can0 273#000000000D023200
(1779321557.638987) can0 1E1#020D271001FB01FB
(1779321557.640016) can0 1F5#0000000000000000
(1779321557.641096) can0 0800A6A9#0000000000000000
(1779321557.642057) can0 1000A6A9#0D028813324A4A4A
(1779321557.643089) can0 1C00A6A9#0000000000030000
(1779321557.644102) can0 02018100#1003020D00000000
(1779321557.645103) can0 02028100#0000003264000000
(1779321557.646083) can0 02038100#0CD601100CD50103
(1779321557.647096) can0 02048100#4A01014A01010000
(1779321557.647974) can0 1AD#8914000059321818
(1779321557.648987) can0 2AD#D60C800C89140016
(1779321557.650000) can0 3AD#0000000000008914
(1779321557.651013) can0 4AD#EB00000000000000
(1779321557.652024) can0 76A#7F00000000000000
(1779321557.714637) can0 0000E005#1702440003B60591
(1779321557.715195) can0 1806E5F4#13D2010003B6023A
(1779321557.716080) can0 0000E000#13D213D2020D0000
(1779321557.717074) can0 0000E004#181803B603B601E2
(1779321557.718074) can0 0000E006#0CD60CD60CD50CD5
(1779321557.719055) can0 0000E007#0CD50CD50CD60CD6
(1779321557.720074) can0 0000E008#0CD60CD60CD60CD6
(1779321557.721067) can0 0000E009#0CD60CD60CD60CD6
(1779321557.722118) can0 0000E010#0000000000000000
(1779321557.723099) can0 0000E011#0000000000000000
(1779321557.724100) can0 0000E012#0CD5000100000000
(1779321557.725110) can0 0000F001#0000000000000000
(1779321557.726093) can0 18FF28F4#10320000020D0000
(1779321557.727074) can0 18FE28F4#0CD60CD540400000
(1779321557.728087) can0 18FD28F4#1702FA6F00000000
(1779321557.729007) can0 4D4#000032007D0D0203
(1779321557.729987) can0 4D5#D50CD60C40400000
(1779321557.731062) can0 18914010#0CD6100CD5030000
(1779321557.732081) can0 18904010#020D020D753001FB
(1779321557.733074) can0 18FA28F4#123EA12C10270000
(1779321557.734074) can0 18FB28F4#D60CD50C40400000
(1779321557.735100) can0 18FC28F4#383200000D020000
(1779321557.736068) can0 18F810F3#0D02E80332640100
(1779321557.737127) can0 18F815F3#0000000010030000
(1779321557.737998) can0 273#000000000D023200
(1779321557.738998) can0 1E1#020D271001FB01FB
(1779321557.740012) can0 1F5#0000000000000000
(1779321557.741098) can0 0800A6A9#0000000000000000
(1779321557.742056) can0 1000A6A9#0D028813324A4A4A
(1779321557.743088) can0 1C00A6A9#0000000000030000
(1779321557.744101) can0 02018100#1003020D00000000
(1779321557.745132) can0 02028100#0000003264000000
(1779321557.746082) can0 02038100#0CD601100CD50103
(1779321557.747075) can0 02048100#4A01014A01010000
(1779321557.747973) can0 1AD#8914000059321818
(1779321557.748982) can0 2AD#D60C800C89140016
(1779321557.749998) can0 3AD#0000000000008914
(1779321557.751011) can0 4AD#EB00000000000000
(1779321557.752005) can0 76A#7F00000000000000
(1779321557.831620) can0 0000E005#1702440003B60591
(1779321557.832183) can0 1806E5F4#13D2010003B6023A
(1779321557.833079) can0 0000E000#13D213D2020D0000
(1779321557.834079) can0 0000E004#181803B603B601E2
(1779321557.835060) can0 0000E006#0CD60CD50CD50CD6
(1779321557.836060) can0 0000E007#0CD50CD50CD60CD6
(1779321557.837054) can0 0000E008#0CD60CD50CD50CD5
(1779321557.838117) can0 0000E009#0CD60CD60CD60CD6
(1779321557.839109) can0 0000E010#0000000000000000
(1779321557.840114) can0 0000E011#0000000000000000
(1779321557.841094) can0 0000E012#0CD5000100000000
(1779321557.842060) can0 0000E013#4542323630354C43
(1779321557.843087) can0 0000E014#3134323300000000
(1779321557.844098) can0 0000E015#0000000000000003
(1779321557.845111) can0 0000F000#0000000000000000
(1779321557.846099) can0 0000F001#0000000000000000
(1779321557.847092) can0 18FF28F4#10320000020D0000
(1779321557.848074) can0 18FE28F4#0CD60CD540400000
(1779321557.849086) can0 18FD28F4#1702FA6F00000000
(1779321557.849990) can0 4D4#000032007D0D0203
(1779321557.850987) can0 4D5#D50CD60C40400000
(1779321557.852068) can0 18914010#0CD6100CD5020000
(1779321557.853067) can0 18904010#020D020D753001FB
(1779321557.854099) can0 18924010#4001400100000000
(1779321557.855072) can0 18934010#0000007A0000BC51
(1779321557.856093) can0 18944010#1003000000000000
(1779321557.857106) can0 18954010#0000000000000000
(1779321557.858105) can0 18954010#0100000000000000
(1779321557.859106) can0 18954010#0200000000000000
(1779321557.860106) can0 18954010#0300000000000000
(1779321557.861106) can0 18954010#0400000000000000
(1779321557.862086) can0 18954010#0500000000000000
(1779321557.863094) can0 18964010#0040404000000000
(1779321557.864093) can0 18974010#0000000000000000
(1779321557.865087) can0 18984010#0000000000000000
(1779321557.866067) can0 18FA28F4#123EA12C10270000
(1779321557.867057) can0 18FB28F4#D60CD50C40400000
(1779321557.868093) can0 18FC28F4#383200000D020000
(1779321557.869055) can0 18F810F3#0D02E80332640100
(1779321557.870068) can0 18F811F3#D60C1001D50C0201
(1779321557.871068) can0 18F812F3#4001014001010000
(1779321557.872100) can0 18F813F3#0101000000000000
(1779321557.873062) can0 18F814F3#3200EA1AA9015F00
(1779321557.874087) can0 18F815F3#0000000010030000
(1779321557.875003) can0 273#000000000D023200
(1779321557.875988) can0 1E1#020D271001FB01FB
(1779321557.877013) can0 1F5#0000000000000000
(1779321557.878094) can0 0800A6A9#0000000000000000
(1779321557.879051) can0 1000A6A9#0D028813324A4A4A
(1779321557.880088) can0 1C00A6A9#0000000000030000
(1779321557.881088) can0 02018100#1003020D00000000
(1779321557.882101) can0 02028100#0000003264000000
(1779321557.883081) can0 02038100#0CD601100CD50102
(1779321557.884075) can0 02048100#4A01014A01010000
(1779321557.884979) can0 1AD#8814000059321818
(1779321557.885972) can0 2AD#D60C800C88140016
(1779321557.886981) can0 3AD#0000000000008814
(1779321557.888005) can0 4AD#EB00000000000000
(1779321557.888998) can0 76A#7F00000000000000
(1779321557.947623) can0 0000E005#1702440003B60591
(1779321557.948178) can0 1806E5F4#13D2010003B6023A
(1779321557.949071) can0 0000E000#13D213D2020D0000
(1779321557.950065) can0 0000E004#181803B603B601E2
(1779321557.951045) can0 0000E006#0CD60CD50CD50CD6
(1779321557.952059) can0 0000E007#0CD50CD50CD60CD6
(1779321557.953059) can0 0000E008#0CD60CD50CD50CD5
(1779321557.954059) can0 0000E009#0CD60CD60CD60CD6
(1779321557.955103) can0 0000E010#0000000000000000
(1779321557.956099) can0 0000E011#0000000000000000
(1779321557.957085) can0 0000E012#0CD5000100000000
(1779321557.958097) can0 0000F001#0000000000000000
(1779321557.959084) can0 18FF28F4#10320000020D0000
(1779321557.960078) can0 18FE28F4#0CD60CD540400000
(1779321557.961078) can0 18FD28F4#1702FA6F00000000
(1779321557.961995) can0 4D4#000032007D0D0203
(1779321557.962976) can0 4D5#D50CD60C40400000
(1779321557.964075) can0 18914010#0CD6100CD5020000
(1779321557.965068) can0 18904010#020D020D753001FB
(1779321557.966080) can0 18FA28F4#123EA12C10270000
(1779321557.967061) can0 18FB28F4#D60CD50C40400000
(1779321557.968111) can0 18FC28F4#383200000D020000
(1779321557.969059) can0 18F810F3#0D02E80332640100
(1779321557.970085) can0 18F815F3#0000000010030000
(1779321557.970985) can0 273#000000000D023200
(1779321557.971971) can0 1E1#020D271001FB01FB
(1779321557.972995) can0 1F5#0000000000000000
(1779321557.974092) can0 0800A6A9#0000000000000000
(1779321557.975040) can0 1000A6A9#0D028813324A4A4A
(1779321557.976105) can0 1C00A6A9#0000000000030000
(1779321557.977086) can0 02018100#1003020D00000000
(1779321557.978079) can0 02028100#0000003264000000
(1779321557.979060) can0 02038100#0CD601100CD50102
(1779321557.980073) can0 02048100#4A01014A01010000
(1779321557.980970) can0 1AD#8814000059321818
(1779321557.981989) can0 2AD#D60C800C88140016
(1779321557.982994) can0 3AD#0000000000008814
(1779321557.984028) can0 4AD#EB00000000000000
(1779321557.984996) can0 76A#7F00000000000000
(1779321557.990990) can0 00000E00#00354C4331343233
(1779321558.047667) can0 0000E005#1702440003B60591
(1779321558.048225) can0 1806E5F4#13D2010003B6023A
(1779321558.049079) can0 0000E000#13D213D2020D0000
(1779321558.050078) can0 0000E004#181803B603B601E2
(1779321558.051049) can0 0000E006#0CD60CD50CD50CD6
(1779321558.052050) can0 0000E007#0CD50CD50CD60CD6
(1779321558.053082) can0 0000E008#0CD60CD50CD50CD5
(1779321558.054063) can0 0000E009#0CD60CD60CD60CD6
(1779321558.055089) can0 0000E010#0000000000000000
(1779321558.056090) can0 0000E011#0000000000000000
(1779321558.057070) can0 0000E012#0CD5000100000000
(1779321558.058101) can0 0000F001#0000000000000000
(1779321558.059082) can0 18FF28F4#10320000020D0000
(1779321558.060064) can0 18FE28F4#0CD60CD540400000
(1779321558.061108) can0 18FD28F4#1702FA6F00000000
(1779321558.061974) can0 4D4#000032007D0D0203
(1779321558.062974) can0 4D5#D50CD60C40400000
(1779321558.064056) can0 18914010#0CD6100CD5020000
(1779321558.065068) can0 18904010#020D020D753001FB
(1779321558.066066) can0 18FA28F4#123EA12C10270000
(1779321558.067062) can0 18FB28F4#D60CD50C40400000
(1779321558.068091) can0 18FC28F4#383200000D020000
(1779321558.069102) can0 18F810F3#0D02E80332640100
(1779321558.070083) can0 18F815F3#0000000010030000
(1779321558.070987) can0 273#000000000D023200
(1779321558.071968) can0 1E1#020D271001FB01FB
(1779321558.072994) can0 1F5#0000000000000000
(1779321558.074089) can0 0800A6A9#0000000000000000
(1779321558.075035) can0 1000A6A9#0D028813324A4A4A
(1779321558.076070) can0 1C00A6A9#0000000000030000
(1779321558.077083) can0 02018100#1003020D00000000
(1779321558.078083) can0 02028100#0000003264000000
(1779321558.079059) can0 02038100#0CD601100CD50102
(1779321558.080058) can0 02048100#4A01014A01010000
(1779321558.080962) can0 1AD#8814000059321818
(1779321558.081975) can0 2AD#D60C800C88140016
(1779321558.082987) can0 3AD#0000000000008814
(1779321558.084001) can0 4AD#EB00000000000000
(1779321558.084995) can0 76A#7F00000000000000
(1779321558.147615) can0 0000E005#1702440003B60591
(1779321558.148170) can0 1806E5F4#13D2010003B6023A
(1779321558.149075) can0 0000E000#13D213D2020D0000
(1779321558.150056) can0 0000E004#181803B603B601E2
(1779321558.151054) can0 0000E006#0CD60CD50CD60CD6
(1779321558.152048) can0 0000E007#0CD50CD50CD60CD6
(1779321558.153048) can0 0000E008#0CD60CD60CD50CD6
(1779321558.154049) can0 0000E009#0CD60CD60CD60CD6
(1779321558.155093) can0 0000E010#0000000000000000
(1779321558.156094) can0 0000E011#0000000000000000
(1779321558.157074) can0 0000E012#0CD5000100000000
(1779321558.158087) can0 0000F001#0000000000000000
(1779321558.159074) can0 18FF28F4#10320000020D0000
(1779321558.160047) can0 18FE28F4#0CD60CD540400000
(1779321558.161068) can0 18FD28F4#1702FA6F00000000
(1779321558.161984) can0 4D4#000032007D0D0203
(1779321558.162965) can0 4D5#D50CD60C40400000
(1779321558.164056) can0 18914010#0CD6100CD5020000
(1779321558.165055) can0 18904010#020D020D753001FB
(1779321558.166056) can0 18FA28F4#123EA12C10270000
(1779321558.167055) can0 18FB28F4#D60CD50C40400000
(1779321558.168088) can0 18FC28F4#383200000D020000
(1779321558.169052) can0 18F810F3#0D02E80332640100
(1779321558.170083) can0 18F815F3#0000000010030000
(1779321558.170985) can0 273#000000000D023200
(1779321558.171964) can0 1E1#020D271001FB01FB
(1779321558.172992) can0 1F5#0000000000000000
(1779321558.174088) can0 0800A6A9#0000000000000000
(1779321558.175037) can0 1000A6A9#0D028813324A4A4A
(1779321558.176064) can0 1C00A6A9#0000000000030000
(1779321558.177082) can0 02018100#1003020D00000000
(1779321558.178081) can0 02028100#0000003264000000
(1779321558.179062) can0 02038100#0CD601100CD50102
(1779321558.180056) can0 02048100#4A01014A01010000
(1779321558.180954) can0 1AD#8914000059321818
(1779321558.181973) can0 2AD#D60C800C89140016
(1779321558.182979) can0 3AD#0000000000008914
(1779321558.183987) can0 4AD#EB00000000000000
(1779321558.184993) can0 76A#7F00000000000000
(1779321558.247618) can0 0000E005#1702440003B60591
(1779321558.248176) can0 1806E5F4#13D2010003B6023A
(1779321558.249060) can0 0000E000#13D213D2020D0000
(1779321558.250059) can0 0000E004#181803B603B601E2
(1779321558.251059) can0 0000E006#0CD60CD50CD60CD6
(1779321558.252041) can0 0000E007#0CD50CD50CD60CD6
(1779321558.253053) can0 0000E008#0CD60CD60CD50CD6
(1779321558.254053) can0 0000E009#0CD60CD60CD60CD6
(1779321558.255097) can0 0000E010#0000000000000000
(1779321558.256079) can0 0000E011#0000000000000000
(1779321558.257076) can0 0000E012#0CD5000100000000
(1779321558.258091) can0 0000F001#0000000000000000
(1779321558.259072) can0 18FF28F4#10320000020D0000
(1779321558.260054) can0 18FE28F4#0CD60CD540400000
(1779321558.261067) can0 18FD28F4#1702FA6F00000000
(1779321558.261970) can0 4D4#000032007D0D0203
(1779321558.262970) can0 4D5#D50CD60C40400000
(1779321558.264047) can0 18914010#0CD6100CD5020000
(1779321558.265047) can0 18904010#020D020D753001FB
(1779321558.266060) can0 18FA28F4#123EA12C10270000
(1779321558.267060) can0 18FB28F4#D60CD50C40400000
(1779321558.268086) can0 18FC28F4#383200000D020000
(1779321558.269044) can0 18F810F3#0D02E80332640100
(1779321558.270079) can0 18F815F3#0000000010030000
(1779321558.270983) can0 273#000000000D023200
(1779321558.271965) can0 1E1#020D271001FB01FB
(1779321558.272985) can0 1F5#0000000000000000
(1779321558.274073) can0 0800A6A9#0000000000000000
(1779321558.275035) can0 1000A6A9#0D028813324A4A4A
(1779321558.276099) can0 1C00A6A9#0000000000030000
(1779321558.277080) can0 02018100#1003020D00000000
(1779321558.278080) can0 02028100#0000003264000000
(1779321558.279054) can0 02038100#0CD601100CD50102
(1779321558.280067) can0 02048100#4A01014A01010000
(1779321558.280945) can0 1AD#8914000059321818
(1779321558.281965) can0 2AD#D60C800C89140016
(1779321558.282977) can0 3AD#0000000000008914
(1779321558.284022) can0 4AD#EB00000000000000
(1779321558.284984) can0 76A#7F00000000000000
(1779321558.364609) can0 0000E005#1702440003B60591
(1779321558.365162) can0 1806E5F4#13D2010003B6023A
(1779321558.366065) can0 0000E000#13D213D2020D0000
(1779321558.367045) can0 0000E004#181803B603B601E2
(1779321558.368046) can0 0000E006#0CD60CD60CD50CD6
(1779321558.369090) can0 0000E007#0CD50CD50CD60CD6
(1779321558.370039) can0 0000E008#0CD60CD60CD60CD5
(1779321558.371033) can0 0000E009#0CD60CD60CD60CD6
(1779321558.372084) can0 0000E010#0000000000000000
(1779321558.373086) can0 0000E011#0000000000000000
(1779321558.374067) can0 0000E012#0CD5000100000000
(1779321558.375027) can0 0000E013#4542323630354C43
(1779321558.376066) can0 0000E014#3134323300000000
(1779321558.377128) can0 0000E015#0000000000000003
(1779321558.378078) can0 0000F000#0000000000000000
(1779321558.379078) can0 0000F001#0000000000000000
(1779321558.380072) can0 18FF28F4#10320000020D0000
(1779321558.381040) can0 18FE28F4#0CD60CD540400000
(1779321558.382052) can0 18FD28F4#1702FA6F00000000
(1779321558.382966) can0 4D4#000032007D0D0203
(1779321558.383957) can0 4D5#D50CD60C40400000
(1779321558.385053) can0 18914010#0CD6100CD5030000
(1779321558.386046) can0 18904010#020D020D753001FB
(1779321558.387058) can0 18924010#4001400100000000
(1779321558.388046) can0 18934010#0000007B0000BC51
(1779321558.389059) can0 18944010#1003000000000000
(1779321558.390091) can0 18954010#0000000000000000
(1779321558.391091) can0 18954010#0100000000000000
(1779321558.392072) can0 18954010#0200000000000000
(1779321558.393072) can0 18954010#0300000000000000
(1779321558.394085) can0 18954010#0400000000000000
(1779321558.395057) can0 18954010#0500000000000000
(1779321558.396079) can0 18964010#0040404000000000
(1779321558.397072) can0 18974010#0000000000000000
(1779321558.398072) can0 18984010#0000000000000000
(1779321558.399043) can0 18FA28F4#123EA12C10270000
(1779321558.400046) can0 18FB28F4#D60CD50C40400000
(1779321558.401072) can0 18FC28F4#383200000D020000
(1779321558.402040) can0 18F810F3#0D02E80332640100
(1779321558.403053) can0 18F811F3#D60C1001D50C0301
(1779321558.404047) can0 18F812F3#4001014001010000
(1779321558.405072) can0 18F813F3#0101000000000000
(1779321558.406053) can0 18F814F3#3200EA1AA9015F00
(1779321558.407065) can0 18F815F3#0000000010030000
(1779321558.407965) can0 273#000000000D023200
(1779321558.408964) can0 1E1#020D271001FB01FB
(1779321558.409989) can0 1F5#0000000000000000
(1779321558.411066) can0 0800A6A9#0000000000000000
(1779321558.412035) can0 1000A6A9#0D028813324A4A4A
(1779321558.413066) can0 1C00A6A9#0000000000030000
(1779321558.414079) can0 02018100#1003020D00000000
(1779321558.415079) can0 02028100#0000003264000000
(1779321558.416041) can0 02038100#0CD601100CD50103
(1779321558.417054) can0 02048100#4A01014A01010000
(1779321558.417939) can0 1AD#8914000059321818
(1779321558.418952) can0 2AD#D60C800C89140016
(1779321558.419974) can0 3AD#0000000000008914
(1779321558.420986) can0 4AD#EB00000000000000
(1779321558.421997) can0 76A#7F00000000000000
(1779321558.480641) can0 0000E005#1702440003B60591
(1779321558.481212) can0 1806E5F4#13D2010003B6023A
(1779321558.482057) can0 0000E000#13D213D2020D0000
(1779321558.483057) can0 0000E004#181803B603B601E2
(1779321558.484038) can0 0000E006#0CD60CD60CD50CD6
(1779321558.485038) can0 0000E007#0CD50CD50CD60CD6
(1779321558.486031) can0 0000E008#0CD60CD60CD60CD5
(1779321558.487044) can0 0000E009#0CD60CD60CD60CD6
(1779321558.488068) can0 0000E010#0000000000000000
(1779321558.489079) can0 0000E011#0000000000000000
(1779321558.490059) can0 0000E012#0CD5000100000000
(1779321558.491083) can0 0000F001#0000000000000000
(1779321558.492063) can0 18FF28F4#10320000020D0000
(1779321558.493044) can0 18FE28F4#0CD60CD540400000
(1779321558.494064) can0 18FD28F4#1702FA6F00000000
(1779321558.494961) can0 4D4#000032007D0D0203
(1779321558.495962) can0 4D5#D50CD60C40400000
(1779321558.497038) can0 18914010#0CD6100CD5030000
(1779321558.498038) can0 18904010#020D020D753001FB
(1779321558.499070) can0 18FA28F4#123EA12C10270000
(1779321558.500031) can0 18FB28F4#D60CD50C40400000
(1779321558.501064) can0 18FC28F4#383200000D020000
(1779321558.502026) can0 18F810F3#0D02E80332640100
(1779321558.503077) can0 18F815F3#0000000010030000
(1779321558.503971) can0 273#000000000D023200
(1779321558.504956) can0 1E1#020D271001FB01FB
(1779321558.505987) can0 1F5#0000000000000000
(1779321558.507096) can0 0800A6A9#0000000000000000
(1779321558.508033) can0 1000A6A9#0D028813324A4A4A
(1779321558.509058) can0 1C00A6A9#0000000000030000
(1779321558.510058) can0 02018100#1003020D00000000
(1779321558.511071) can0 02028100#0000003264000000
(1779321558.512032) can0 02038100#0CD601100CD50103
(1779321558.513052) can0 02048100#4A01014A01010000
(1779321558.513949) can0 1AD#8914000059321818
(1779321558.514984) can0 2AD#D60C800C89140016
(1779321558.515959) can0 3AD#0000000000008914
(1779321558.516975) can0 4AD#EB00000000000000
(1779321558.517969) can0 76A#7F00000000000000
(1779321558.580606) can0 0000E005#1702440003B60591
(1779321558.581185) can0 1806E5F4#13D2010003B6023A
(1779321558.582048) can0 0000E000#13D213D2020D0000
(1779321558.583048) can0 0000E004#181803B603B601E2
(1779321558.584062) can0 0000E006#0CD60CD60CD50CD6
(1779321558.585020) can0 0000E007#0CD50CD50CD60CD6
(1779321558.586042) can0 0000E008#0CD60CD60CD60CD5
(1779321558.587036) can0 0000E009#0CD60CD60CD60CD6
(1779321558.588081) can0 0000E010#0000000000000000
(1779321558.589058) can0 0000E011#0000000000000000
(1779321558.590062) can0 0000E012#0CD5000100000000
(1779321558.591074) can0 0000F001#0000000000000000
(1779321558.592088) can0 18FF28F4#10320000020D0000
(1779321558.593036) can0 18FE28F4#0CD60CD540400000
(1779321558.594055) can0 18FD28F4#1702FA6F00000000
(1779321558.594966) can0 4D4#000032007D0D0203
(1779321558.595953) can0 4D5#D50CD60C40400000
(1779321558.597030) can0 18914010#0CD6100CD5030000
(1779321558.598042) can0 18904010#020D020D753001FB
(1779321558.599036) can0 18FA28F4#123EA12C10270000
(1779321558.600083) can0 18FB28F4#D60CD50C40400000
(1779321558.601069) can0 18FC28F4#383200000D020000
(1779321558.602030) can0 18F810F3#0D02E80332640100
(1779321558.603062) can0 18F815F3#0000000010030000
(1779321558.603960) can0 273#000000000D023200
(1779321558.604960) can0 1E1#020D271001FB01FB
(1779321558.605973) can0 1F5#0000000000000000
(1779321558.607069) can0 0800A6A9#0000000000000000
(1779321558.608014) can0 1000A6A9#0D028813324A4A4A
(1779321558.609062) can0 1C00A6A9#0000000000030000
(1779321558.610062) can0 02018100#1003020D00000000
(1779321558.611056) can0 02028100#0000003264000000
(1779321558.612031) can0 02038100#0CD601100CD50103
(1779321558.613050) can0 02048100#4A01014A01010000
(1779321558.613948) can0 1AD#8914000059321818
(1779321558.614944) can0 2AD#D60C800C89140016
(1779321558.615957) can0 3AD#0000000000008914
(1779321558.616967) can0 4AD#EB00000000000000
(1779321558.617961) can0 76A#7F00000000000000
(1779321558.680598) can0 0000E005#1702440003B60591
(1779321558.681155) can0 1806E5F4#13D2010003B6023A
(1779321558.682040) can0 0000E000#13D213D2020D0000
(1779321558.683040) can0 0000E004#181803B603B601E2
(1779321558.684034) can0 0000E006#0CD60CD50CD60CD5
(1779321558.685017) can0 0000E007#0CD50CD50CD60CD6
(1779321558.686034) can0 0000E008#0CD60CD60CD60CD5
(1779321558.687027) can0 0000E009#0CD50CD60CD60CD6
(1779321558.688072) can0 0000E010#0000000000000000
(1779321558.689072) can0 0000E011#0000000000000000
(1779321558.690053) can0 0000E012#0CD5000100000000
(1779321558.691066) can0 0000F001#0000000000000000
(1779321558.692048) can0 18FF28F4#10320000020D0000
(1779321558.693025) can0 18FE28F4#0CD60CD540400000
(1779321558.694047) can0 18FD28F4#1702FA6F00000000
(1779321558.694958) can0 4D4#000032007D0D0203
(1779321558.695958) can0 4D5#D50CD60C40400000
(1779321558.697034) can0 18914010#0CD6100CD5020000
(1779321558.698035) can0 18904010#020D020D753001FB
(1779321558.699047) can0 18FA28F4#123EA12C10270000
(1779321558.700029) can0 18FB28F4#D60CD50C40400000
(1779321558.701060) can0 18FC28F4#383200000D020000
(1779321558.702022) can0 18F810F3#0D02E80332640100
(1779321558.703054) can0 18F815F3#0000000010030000
(1779321558.703971) can0 273#000000000D023200
(1779321558.704943) can0 1E1#020D271001FB01FB
(1779321558.705977) can0 1F5#0000000000000000
(1779321558.707060) can0 0800A6A9#0000000000000000
(1779321558.708024) can0 1000A6A9#0D028813324A4A4A
(1779321558.709051) can0 1C00A6A9#0000000000030000
(1779321558.710067) can0 02018100#1003020D00000000
(1779321558.711067) can0 02028100#0000003264000000
(1779321558.712042) can0 02038100#0CD601100CD50102
(1779321558.713041) can0 02048100#4A01014A01010000
(1779321558.713939) can0 1AD#8914000059321818
(1779321558.714953) can0 2AD#D60C800C89140016
(1779321558.715965) can0 3AD#0000000000008914
(1779321558.716957) can0 4AD#EB00000000000000
(1779321558.717971) can0 76A#7F00000000000000
(1779321558.780641) can0 0000E005#1702440003B60591
(1779321558.781200) can0 1806E5F4#13D2010003B6023A
(1779321558.782029) can0 0000E000#13D213D2020D0000
(1779321558.783032) can0 0000E004#181803B603B601E2
(1779321558.784026) can0 0000E006#0CD60CD50CD60CD5
(1779321558.785013) can0 0000E007#0CD50CD50CD60CD6
(1779321558.786025) can0 0000E008#0CD60CD60CD60CD5
(1779321558.787026) can0 0000E009#0CD50CD60CD60CD6
(1779321558.788071) can0 0000E010#0000000000000000
(1779321558.789052) can0 0000E011#0000000000000000
(1779321558.790044) can0 0000E012#0CD5000100000000
(1779321558.791083) can0 0000F001#0000000000000000
(1779321558.792046) can0 18FF28F4#10320000020D0000
(1779321558.793033) can0 18FE28F4#0CD60CD540400000
(1779321558.794038) can0 18FD28F4#1702FA6F00000000
(1779321558.794962) can0 4D4#000032007D0D0203
(1779321558.795937) can0 4D5#D50CD60C40400000
(1779321558.797032) can0 18914010#0CD6100CD5020000
(1779321558.798032) can0 18904010#020D020D753001FB
(1779321558.799045) can0 18FA28F4#123EA12C10270000
(1779321558.800026) can0 18FB28F4#D60CD50C40400000
(1779321558.801058) can0 18FC28F4#383200000D020000
(1779321558.802023) can0 18F810F3#0D02E80332640100
(1779321558.803052) can0 18F815F3#0000000010030000
(1779321558.803957) can0 273#000000000D023200
(1779321558.804952) can0 1E1#020D271001FB01FB
(1779321558.805964) can0 1F5#0000000000000000
(1779321558.807078) can0 0800A6A9#0000000000000000
(1779321558.808015) can0 1000A6A9#0D028813324A4A4A
(1779321558.809047) can0 1C00A6A9#0000000000030000
(1779321558.810058) can0 02018100#1003020D00000000
(1779321558.811052) can0 02028100#0000003264000000
(1779321558.812034) can0 02038100#0CD601100CD50102
(1779321558.813033) can0 02048100#4A01014A01010000
(1779321558.813931) can0 1AD#8914000059321818
(1779321558.814963) can0 2AD#D60C800C89140016
(1779321558.815963) can0 3AD#0000000000008914
(1779321558.816957) can0 4AD#EB00000000000000
(1779321558.817962) can0 76A#7F00000000000000
(1779321558.897641) can0 0000E005#1702440003B60591
(1779321558.898198) can0 1806E5F4#13D2010003B6023A
(1779321558.899037) can0 0000E000#13D213D2020D0000
(1779321558.900063) can0 0000E004#181803B603B601E2
(1779321558.901031) can0 0000E006#0CD60CD50CD60CD5
(1779321558.902025) can0 0000E007#0CD60CD50CD60CD6
(1779321558.903025) can0 0000E008#0CD60CD60CD60CD5
(1779321558.904019) can0 0000E009#0CD60CD60CD60CD6
(1779321558.905069) can0 0000E010#0000000000000000
(1779321558.906063) can0 0000E011#0000000000000000
(1779321558.907043) can0 0000E012#0CD5000100000000
(1779321558.908058) can0 0000E013#4542323630354C43
(1779321558.909044) can0 0000E014#3134323300000000
(1779321558.910057) can0 0000E015#0000000000000003
(1779321558.911069) can0 0000F000#0000000000000000
(1779321558.912051) can0 0000F001#0000000000000000
(1779321558.913051) can0 18FF28F4#10320000020D0000
(1779321558.914031) can0 18FE28F4#0CD60CD540400000
(1779321558.915044) can0 18FD28F4#1702FA6F00000000
(1779321558.915959) can0 4D4#000032007D0D0203
(1779321558.916936) can0 4D5#D50CD60C40400000
(1779321558.918019) can0 18914010#0CD6100CD5020000
(1779321558.919031) can0 18904010#020D020D753001FB
(1779321558.920043) can0 18924010#4001400100000000
(1779321558.921025) can0 18934010#0000007C0000BC51
(1779321558.922038) can0 18944010#1003000000000000
(1779321558.923070) can0 18954010#0000000000000000
(1779321558.924070) can0 18954010#0100000000000000
(1779321558.925051) can0 18954010#0200000000000000
(1779321558.926045) can0 18954010#0300000000000000
(1779321558.927057) can0 18954010#0400000000000000
(1779321558.928035) can0 18954010#0500000000000000
(1779321558.929051) can0 18964010#0040404000000000
(1779321558.930051) can0 18974010#0000000000000000
(1779321558.931045) can0 18984010#0000000000000000
(1779321558.932021) can0 18FA28F4#123EA12C10270000
(1779321558.933019) can0 18FB28F4#D60CD50C40400000
(1779321558.934051) can0 18FC28F4#383200000D020000
(1779321558.935013) can0 18F810F3#0D02E80332640100
(1779321558.936026) can0 18F811F3#D60C1001D50C0201
(1779321558.937039) can0 18F812F3#4001014001010000
(1779321558.938051) can0 18F813F3#0101000000000000
(1779321558.939032) can0 18F814F3#3200EA1AA9015F00
(1779321558.940036) can0 18F815F3#0000000010030000
(1779321558.940956) can0 273#000000000D023200
(1779321558.941937) can0 1E1#020D271001FB01FB
(1779321558.942968) can0 1F5#0000000000000000
(1779321558.944044) can0 0800A6A9#0000000000000000
(1779321558.945014) can0 1000A6A9#0D028813324A4A4A
(1779321558.946039) can0 1C00A6A9#0000000000030000
(1779321558.947051) can0 02018100#1003020D00000000
(1779321558.948052) can0 02028100#0000003264000000
(1779321558.949033) can0 02038100#0CD601100CD50102
(1779321558.950033) can0 02048100#4A01014A01010000
(1779321558.950937) can0 1AD#8914000059321818
(1779321558.951937) can0 2AD#D60C800C89140016
(1779321558.952969) can0 3AD#0000000000008914
(1779321558.953956) can0 4AD#EB00000000000000
(1779321558.954969) can0 76A#7F00000000000000
(1779321559.013623) can0 0000E005#1702440003B60591
(1779321559.014189) can0 1806E5F4#13D2010003B6023A
(1779321559.015029) can0 0000E000#13D213D2020D0000
(1779321559.016023) can0 0000E004#181803B603B601E2
(1779321559.017023) can0 0000E006#0CD60CD50CD60CD5
(1779321559.018023) can0 0000E007#0CD60CD50CD60CD6
(1779321559.019023) can0 0000E008#0CD60CD60CD60CD5
(1779321559.020024) can0 0000E009#0CD60CD60CD60CD6
(1779321559.021047) can0 0000E010#0000000000000000
(1779321559.022068) can0 0000E011#0000000000000000
(1779321559.023030) can0 0000E012#0CD5000100000000
(1779321559.024062) can0 0000F001#0000000000000000
(1779321559.025042) can0 18FF28F4#10320000020D0000
(1779321559.026030) can0 18FE28F4#0CD60CD540400000
(1779321559.027024) can0 18FD28F4#1702FA6F00000000
(1779321559.027941) can0 4D4#000032007D0D0203
(1779321559.028940) can0 4D5#D50CD60C40400000
(1779321559.030037) can0 18914010#0CD6100CD5020000
(1779321559.031017) can0 18904010#020D020D753001FB
(1779321559.032030) can0 18FA28F4#123EA12C10270000
(1779321559.033009) can0 18FB28F4#D60CD50C40400000
(1779321559.034043) can0 18FC28F4#383200000D020000
(1779321559.035005) can0 18F810F3#0D02E80332640100
(1779321559.036056) can0 18F815F3#0000000010030000
(1779321559.036949) can0 273#000000000D023200
(1779321559.037967) can0 1E1#020D271001FB01FB
(1779321559.038967) can0 1F5#0000000000000000
(1779321559.040043) can0 0800A6A9#0000000000000000
(1779321559.041012) can0 1000A6A9#0D028813324A4A4A
(1779321559.042043) can0 1C00A6A9#0000000000030000
(1779321559.043043) can0 02018100#1003020D00000000
(1779321559.044038) can0 02028100#0000003264000000
(1779321559.045018) can0 02038100#0CD601100CD50102
(1779321559.046069) can0 02048100#4A01014A01010000
(1779321559.046942) can0 1AD#8914000059321818
(1779321559.047941) can0 2AD#D60C800C89140016
(1779321559.048950) can0 3AD#0000000000008914
(1779321559.049954) can0 4AD#EB00000000000000
(1779321559.050948) can0 76A#7F00000000000000
(1779321559.113600) can0 0000E005#1702440003B60591
(1779321559.114153) can0 1806E5F4#13D2010003B6023A
(1779321559.115054) can0 0000E000#13D213D2020D0000
(1779321559.116021) can0 0000E004#181803B603B601E2
(1779321559.117017) can0 0000E006#0CD60CD50CD60CD5
(1779321559.118007) can0 0000E007#0CD60CD50CD60CD6
(1779321559.119009) can0 0000E008#0CD60CD60CD60CD5
(1779321559.120009) can0 0000E009#0CD60CD60CD60CD6
(1779321559.121053) can0 0000E010#0000000000000000
(1779321559.122052) can0 0000E011#0000000000000000
(1779321559.123072) can0 0000E012#0CD5000100000000
(1779321559.124054) can0 0000F001#0000000000000000
(1779321559.125034) can0 18FF28F4#10320000020D0000
(1779321559.126015) can0 18FE28F4#0CD60CD540400000
(1779321559.127034) can0 18FD28F4#1702FA6F00000000
(1779321559.127945) can0 4D4#000032007D0D0203
(1779321559.128951) can0 4D5#D50CD60C40400000
(1779321559.130024) can0 18914010#0CD6100CD5020000
(1779321559.131054) can0 18904010#020D020D753001FB
(1779321559.132022) can0 18FA28F4#123EA12C10270000
(1779321559.133022) can0 18FB28F4#D60CD50C40400000
(1779321559.134030) can0 18FC28F4#383200000D020000
(1779321559.135002) can0 18F810F3#0D02E80332640100
(1779321559.136049) can0 18F815F3#0000000010030000
(1779321559.136946) can0 273#000000000D023200
(1779321559.137946) can0 1E1#020D271001FB01FB
(1779321559.138997) can0 1F5#0000000000000000
(1779321559.140042) can0 0800A6A9#0000000000000000
(1779321559.141009) can0 1000A6A9#0D028813324A4A4A
(1779321559.142037) can0 1C00A6A9#0000000000030000
(1779321559.143035) can0 02018100#1003020D00000000
(1779321559.144036) can0 02028100#0000003264000000
(1779321559.145016) can0 02038100#0CD601100CD50102
(1779321559.146023) can0 02048100#4A01014A01010000
(1779321559.146946) can0 1AD#8914000059321818
(1779321559.147946) can0 2AD#D60C800C89140016
(1779321559.148946) can0 3AD#0000000000008914
(1779321559.149946) can0 4AD#EB00000000000000
(1779321559.150959) can0 76A#7F00000000000000
(1779321559.213622) can0 0000E005#1702440003B60591
(1779321559.214186) can0 1806E5F4#13D2010003B6023A
(1779321559.215018) can0 0000E000#13D213D2020D0000
(1779321559.216071) can0 0000E004#181803B603B601E2
(1779321559.217000) can0 0000E006#0CD60CD60CD60CD6
(1779321559.218000) can0 0000E007#0CD50CD50CD60CD6
(1779321559.219010) can0 0000E008#0CD60CD60CD60CD5
(1779321559.220001) can0 0000E009#0CD50CD60CD60CD6
(1779321559.221045) can0 0000E010#0000000000000000
(1779321559.222045) can0 0000E011#0000000000000000
(1779321559.223026) can0 0000E012#0CD5000100000000
(1779321559.224039) can0 0000F001#0000000000000000
(1779321559.225039) can0 18FF28F4#10320000020D0000
(1779321559.226007) can0 18FE28F4#0CD60CD540400000
(1779321559.227019) can0 18FD28F4#1702FA6F00000000
(1779321559.227949) can0 4D4#000032007D0D0203
(1779321559.228949) can0 4D5#D50CD60C40400000
(1779321559.230011) can0 18914010#0CD6100CD5050000
(1779321559.231014) can0 18904010#020D020D753001FB
(1779321559.232027) can0 18FA28F4#123EA12C10270000
(1779321559.233007) can0 18FB28F4#D60CD50C40400000
(1779321559.234039) can0 18FC28F4#383200000D020000
(1779321559.235007) can0 18F810F3#0D02E80332640100
(1779321559.236039) can0 18F815F3#0000000010030000
(1779321559.236950) can0 273#000000000D023200
(1779321559.237950) can0 1E1#020D271001FB01FB
(1779321559.238950) can0 1F5#0000000000000000
(1779321559.240027) can0 0800A6A9#0000000000000000
(1779321559.240995) can0 1000A6A9#0D028813324A4A4A
(1779321559.242019) can0 1C00A6A9#0000000000030000
(1779321559.243039) can0 02018100#1003020D00000000
(1779321559.244040) can0 02028100#0000003264000000
(1779321559.245020) can0 02038100#0CD601100CD50105
(1779321559.246014) can0 02048100#4A01014A01010000
(1779321559.246950) can0 1AD#8914000059321818
(1779321559.247950) can0 2AD#D60C800C89140016
(1779321559.248950) can0 3AD#0000000000008914
(1779321559.249950) can0 4AD#EB00000000000000
(1779321559.250950) can0 76A#7F00000000000000
(1779321559.313616) can0 0000E005#1702440003B60591
(1779321559.314179) can0 1806E5F4#13D2010003B6023A
(1779321559.315007) can0 0000E000#13D213D2020D0000
(1779321559.316012) can0 0000E004#181803B603B601E2
(1779321559.317010) can0 0000E006#0CD60CD60CD60CD6
(1779321559.317992) can0 0000E007#0CD50CD50CD60CD6
(1779321559.319005) can0 0000E008#0CD60CD60CD60CD5
(1779321559.320004) can0 0000E009#0CD50CD60CD60CD6
(1779321559.321037) can0 0000E010#0000000000000000
(1779321559.322049) can0 0000E011#0000000000000000
(1779321559.323015) can0 0000E012#0CD5000100000000
(1779321559.324050) can0 0000F001#0000000000000000
(1779321559.325031) can0 18FF28F4#10320000020D0000
(1779321559.326011) can0 18FE28F4#0CD60CD540400000
(1779321559.327023) can0 18FD28F4#1702FA6F00000000
(1779321559.327954) can0 4D4#000032007D0D0203
(1779321559.328956) can0 4D5#D50CD60C40400000
(1779321559.330020) can0 18914010#0CD6100CD5050000
(1779321559.331019) can0 18904010#020D020D753001FB
(1779321559.332013) can0 18FA28F4#123EA12C10270000
(1779321559.333011) can0 18FB28F4#D60CD50C40400000
(1779321559.334024) can0 18FC28F4#383200000D020000
(1779321559.335000) can0 18F810F3#0D02E80332640100
(1779321559.336037) can0 18F815F3#0000000010030000
(1779321559.336954) can0 273#000000000D023200
(1779321559.337954) can0 1E1#020D271001FB01FB
(1779321559.338957) can0 1F5#0000000000000000
(1779321559.340039) can0 0800A6A9#0000000000000000
(1779321559.340987) can0 1000A6A9#0D028813324A4A4A
(1779321559.342019) can0 1C00A6A9#0000000000030000
(1779321559.343031) can0 02018100#1003020D00000000
(1779321559.344031) can0 02028100#0000003264000000
(1779321559.345012) can0 02038100#0CD601100CD50105
(1779321559.346038) can0 02048100#4A01014A01010000
(1779321559.346955) can0 1AD#8914000059321818
(1779321559.347955) can0 2AD#D60C800C89140016
(1779321559.348954) can0 3AD#0000000000008914
(1779321559.349955) can0 4AD#EB00000000000000
(1779321559.350955) can0 76A#7F00000000000000
(1779321559.430620) can0 0000E005#1702440003B60591
(1779321559.431185) can0 1806E5F4#13D2010003B6023A
(1779321559.432016) can0 0000E000#13D213D2020D0000
(1779321559.433018) can0 0000E004#181803B603B601E2
(1779321559.433999) can0 0000E006#0CD50CD50CD50CD5
(1779321559.434997) can0 0000E007#0CD60CD50CD60CD6
(1779321559.435997) can0 0000E008#0CD60CD50CD60CD5
(1779321559.436989) can0 0000E009#0CD60CD60CD60CD6
(1779321559.438041) can0 0000E010#0000000000000000
(1779321559.439086) can0 0000E011#0000000000000000
(1779321559.440017) can0 0000E012#0CD5000100000000
(1779321559.440984) can0 0000E013#4542323630354C43
(1779321559.442017) can0 0000E014#3134323300000000
(1779321559.443029) can0 0000E015#0000000000000003
(1779321559.444043) can0 0000F000#0000000000000000
(1779321559.445042) can0 0000F001#0000000000000000
(1779321559.446023) can0 18FF28F4#10320000020D0000
(1779321559.447010) can0 18FE28F4#0CD60CD540400000
(1779321559.448023) can0 18FD28F4#1702FA6F00000000
(1779321559.448959) can0 4D4#000032007D0D0203
(1779321559.449959) can0 4D5#D50CD60C40400000
(1779321559.451010) can0 18914010#0CD6100CD5010000
(1779321559.452011) can0 18904010#020D020D753001FB
(1779321559.453021) can0 18924010#4001400100000000
(1779321559.454017) can0 18934010#0000007D0000BC51
(1779321559.455017) can0 18944010#1003000000000000
(1779321559.456030) can0 18954010#0000000000000000
(1779321559.457049) can0 18954010#0100000000000000
(1779321559.458030) can0 18954010#0200000000000000
(1779321559.459030) can0 18954010#0300000000000000
(1779321559.460024) can0 18954010#0400000000000000
(1779321559.461021) can0 18954010#0500000000000000
(1779321559.462024) can0 18964010#0040404000000000
(1779321559.463037) can0 18974010#0000000000000000
(1779321559.464030) can0 18984010#0000000000000000
(1779321559.464991) can0 18FA28F4#123EA12C10270000
(1779321559.465992) can0 18FB28F4#D60CD50C40400000
(1779321559.467024) can0 18FC28F4#383200000D020000
(1779321559.468005) can0 18F810F3#0D02E80332640100
(1779321559.469005) can0 18F811F3#D60C1001D50C0101
(1779321559.470018) can0 18F812F3#4001014001010000
(1779321559.471031) can0 18F813F3#0101000000000000
(1779321559.472012) can0 18F814F3#3200EA1AA9015F00
(1779321559.473026) can0 18F815F3#0000000010030000
(1779321559.473963) can0 273#000000000D023200
(1779321559.474960) can0 1E1#020D271001FB01FB
(1779321559.475961) can0 1F5#0000000000000000
(1779321559.477030) can0 0800A6A9#0000000000000000
(1779321559.477986) can0 1000A6A9#0D028813324A4A4A
(1779321559.479012) can0 1C00A6A9#0000000000030000
(1779321559.480031) can0 02018100#1003020D00000000
(1779321559.481031) can0 02028100#0000003264000000
(1779321559.482012) can0 02038100#0CD601100CD50101
(1779321559.483012) can0 02048100#4A01014A01010000
(1779321559.483961) can0 1AD#8814000059321818
(1779321559.484961) can0 2AD#D60C800C88140016
(1779321559.485961) can0 3AD#0000000000008814
(1779321559.486961) can0 4AD#EB00000000000000
(1779321559.487961) can0 76A#7F00000000000000
(1779321559.546568) can0 0000E005#1702440003B60591
(1779321559.547132) can0 1806E5F4#13D2010003B6023A
(1779321559.548015) can0 0000E000#13D213D2020D0000
(1779321559.549008) can0 0000E004#181803B603B601E2
(1779321559.549995) can0 0000E006#0CD50CD50CD50CD5
(1779321559.551009) can0 0000E007#0CD60CD50CD60CD6
(1779321559.552002) can0 0000E008#0CD60CD50CD60CD5
(1779321559.553002) can0 0000E009#0CD60CD60CD60CD6
(1779321559.554028) can0 0000E010#0000000000000000
(1779321559.555030) can0 0000E011#0000000000000000
(1779321559.556009) can0 0000E012#0CD5000100000000
(1779321559.557041) can0 0000F001#0000000000000000
(1779321559.558018) can0 18FF28F4#10320000020D0000
(1779321559.559003) can0 18FE28F4#0CD60CD540400000
(1779321559.560016) can0 18FD28F4#1702FA6F00000000
(1779321559.560964) can0 4D4#000032007D0D0203
(1779321559.561904) can0 4D5#D50CD60C40400000
(1779321559.563003) can0 18914010#0CD6100CD5010000
(1779321559.564003) can0 18904010#020D020D753001FB
(1779321559.565003) can0 18FA28F4#123EA12C10270000
(1779321559.565995) can0 18FB28F4#D60CD50C40400000
(1779321559.567029) can0 18FC28F4#383200000D020000
(1779321559.567990) can0 18F810F3#0D02E80332640100
(1779321559.569054) can0 18F815F3#0000000010030000
(1779321559.569965) can0 273#000000000D023200
(1779321559.570965) can0 1E1#020D271001FB01FB
(1779321559.571965) can0 1F5#0000000000000000
(1779321559.573015) can0 0800A6A9#0000000000000000
(1779321559.573986) can0 1000A6A9#0D028813324A4A4A
(1779321559.575012) can0 1C00A6A9#0000000000030000
(1779321559.576031) can0 02018100#1003020D00000000
(1779321559.577054) can0 02028100#0000003264000000
(1779321559.577996) can0 02038100#0CD601100CD50101
(1779321559.579016) can0 02048100#4A01014A01010000
(1779321559.579965) can0 1AD#8814000059321818
(1779321559.580965) can0 2AD#D60C800C88140016
(1779321559.581965) can0 3AD#0000000000008814
(1779321559.582965) can0 4AD#EB00000000000000
(1779321559.583966) can0 76A#7F00000000000000
(1779321559.646566) can0 0000E005#1702440003B60591
(1779321559.647123) can0 1806E5F4#13D2010003B6023A
(1779321559.648006) can0 0000E000#13D213D2020D0000
(1779321559.649000) can0 0000E004#181803B603B601E2
(1779321559.649981) can0 0000E006#0CD50CD50CD50CD5
(1779321559.650991) can0 0000E007#0CD60CD50CD60CD6
(1779321559.651995) can0 0000E008#0CD60CD50CD60CD5
(1779321559.652994) can0 0000E009#0CD60CD60CD60CD6
(1779321559.654058) can0 0000E010#0000000000000000
(1779321559.655014) can0 0000E011#0000000000000000
(1779321559.656020) can0 0000E012#0CD5000100000000
(1779321559.657032) can0 0000F001#0000000000000000
(1779321559.658013) can0 18FF28F4#10320000020D0000
(1779321559.658994) can0 18FE28F4#0CD60CD540400000
(1779321559.660007) can0 18FD28F4#1702FA6F00000000
(1779321559.660969) can0 4D4#000032007D0D0203
(1779321559.661969) can0 4D5#D50CD60C40400000
(1779321559.662995) can0 18914010#0CD6100CD5010000
(1779321559.663996) can0 18904010#020D020D753001FB
(1779321559.665008) can0 18FA28F4#123EA12C10270000
(1779321559.665988) can0 18FB28F4#D60CD50C40400000
(1779321559.667015) can0 18FC28F4#383200000D020000
(1779321559.667982) can0 18F810F3#0D02E80332640100
(1779321559.669027) can0 18F815F3#0000000010030000
(1779321559.669976) can0 273#000000000D023200
(1779321559.670903) can0 1E1#020D271001FB01FB
(1779321559.671970) can0 1F5#0000000000000000
(1779321559.673014) can0 0800A6A9#0000000000000000
(1779321559.673976) can0 1000A6A9#0D028813324A4A4A
(1779321559.675008) can0 1C00A6A9#0000000000030000
(1779321559.676021) can0 02018100#1003020D00000000
(1779321559.677021) can0 02028100#0000003264000000
(1779321559.678001) can0 02038100#0CD601100CD50101
(1779321559.679008) can0 02048100#4A01014A01010000
(1779321559.679911) can0 1AD#8814000059321818
(1779321559.680903) can0 2AD#D60C800C88140016
(1779321559.681970) can0 3AD#0000000000008814
(1779321559.682970) can0 4AD#EB00000000000000
(1779321559.683970) can0 76A#7F00000000000000
(1779321559.746610) can0 0000E005#1702440003B60591
(1779321559.747158) can0 1806E5F4#13D2010003B6023A
(1779321559.747999) can0 0000E000#13D213D2020D0000
(1779321559.749003) can0 0000E004#181803B603B601E2
(1779321559.749984) can0 0000E006#0CD60CD50CD50CD6
(1779321559.750985) can0 0000E007#0CD50CD60CD60CD6
(1779321559.752008) can0 0000E008#0CD60CD60CD60CD5
(1779321559.753022) can0 0000E009#0CD60CD60CD60CD6
(1779321559.754028) can0 0000E010#0000000000000000
(1779321559.755074) can0 0000E011#0000000000000000
(1779321559.756031) can0 0000E012#0CD5000100000000
(1779321559.757031) can0 0000F001#0000000000000000
(1779321559.758012) can0 18FF28F4#10320000020D0000
(1779321559.758993) can0 18FE28F4#0CD60CD540400000
(1779321559.760005) can0 18FD28F4#1702FA6F00000000
(1779321559.760973) can0 4D4#000032007D0D0203
(1779321559.761907) can0 4D5#D50CD60C40400000
(1779321559.762992) can0 18914010#0CD6100CD5020000
(1779321559.763984) can0 18904010#020D020D753001FB
(1779321559.764999) can0 18FA28F4#123EA12C10270000
(1779321559.765980) can0 18FB28F4#D60CD50C40400000
(1779321559.767012) can0 18FC28F4#383200000D020000
(1779321559.767973) can0 18F810F3#0D02E80332640100
(1779321559.769024) can0 18F815F3#0000000010030000
(1779321559.769975) can0 273#000000000D023200
(1779321559.770900) can0 1E1#020D271001FB01FB
(1779321559.771976) can0 1F5#0000000000000000
(1779321559.773019) can0 0800A6A9#0000000000000000
(1779321559.773974) can0 1000A6A9#0D028813324A4A4A
(1779321559.775019) can0 1C00A6A9#0000000000030000
(1779321559.776012) can0 02018100#1003020D00000000
(1779321559.777012) can0 02028100#0000003264000000
(1779321559.777993) can0 02038100#0CD601100CD50102
(1779321559.779006) can0 02048100#4A01014A01010000
(1779321559.779884) can0 1AD#8914000059321818
(1779321559.780895) can0 2AD#D60C800C89140016
(1779321559.781908) can0 3AD#0000000000008914
(1779321559.782975) can0 4AD#EB00000000000000
(1779321559.783974) can0 76A#7F00000000000000
(1779321559.846550) can0 0000E005#1702440003B60591
(1779321559.847113) can0 1806E5F4#13D2010003B6023A
(1779321559.847997) can0 0000E000#13D213D2020D0000
(1779321559.848985) can0 0000E004#181803B603B601E2
(1779321559.849977) can0 0000E006#0CD60CD50CD50CD6
(1779321559.850983) can0 0000E007#0CD50CD60CD60CD6
(1779321559.851977) can0 0000E008#0CD60CD60CD60CD5
(1779321559.852977) can0 0000E009#0CD60CD60CD60CD6
(1779321559.854028) can0 0000E010#0000000000000000
(1779321559.855022) can0 0000E011#0000000000000000
(1779321559.856010) can0 0000E012#0CD5000100000000
(1779321559.857020) can0 0000F001#0000000000000000
(1779321559.858018) can0 18FF28F4#10320000020D0000
(1779321559.858997) can0 18FE28F4#0CD60CD540400000
(1779321559.859997) can0 18FD28F4#1702FA6F00000000
(1779321559.860978) can0 4D4#000032007D0D0203
(1779321559.861899) can0 4D5#D50CD60C40400000
(1779321559.862978) can0 18914010#0CD6100CD5020000
(1779321559.863997) can0 18904010#020D020D753001FB
(1779321559.864997) can0 18FA28F4#123EA12C10270000
(1779321559.865991) can0 18FB28F4#D60CD50C40400000
(1779321559.867010) can0 18FC28F4#383200000D020000
(1779321559.867986) can0 18F810F3#0D02E80332640100
(1779321559.869035) can0 18F815F3#0000000010030000
(1779321559.869912) can0 273#000000000D023200
(1779321559.870898) can0 1E1#020D271001FB01FB
(1779321559.871978) can0 1F5#0000000000000000
(1779321559.873023) can0 0800A6A9#0000000000000000
(1779321559.873978) can0 1000A6A9#0D028813324A4A4A
(1779321559.875016) can0 1C00A6A9#0000000000030000
(1779321559.876011) can0 02018100#1003020D00000000
(1779321559.877023) can0 02028100#0000003264000000
(1779321559.877985) can0 02038100#0CD601100CD50102
(1779321559.878997) can0 02048100#4A01014A01010000
(1779321559.879878) can0 1AD#8914000059321818
(1779321559.880893) can0 2AD#D60C800C89140016
(1779321559.881905) can0 3AD#0000000000008914
(1779321559.882918) can0 4AD#EB00000000000000
(1779321559.883908) can0 76A#7F00000000000000
(1779321559.963546) can0 0000E005#1702440003B60591
(1779321559.964106) can0 1806E5F4#13D2010003B6023A
(1779321559.965002) can0 0000E000#13D213D2020D0000
(1779321559.965982) can0 0000E004#181803B603B601E2
(1779321559.966982) can0 0000E006#0CD60CD60CD60CD6
(1779321559.967983) can0 0000E007#0CD50CD50CD60CD6
(1779321559.968982) can0 0000E008#0CD60CD60CD60CD6
(1779321559.970013) can0 0000E009#0CD60CD60CD60CD6
(1779321559.971021) can0 0000E010#0000000000000000
(1779321559.972015) can0 0000E011#0000000000000000
(1779321559.972995) can0 0000E012#0CD5000100000000
(1779321559.973985) can0 0000E013#4542323630354C43
(1779321559.974991) can0 0000E014#3134323300000000
(1779321559.976022) can0 0000E015#0000000000000003
(1779321559.977022) can0 0000F000#0000000000000000
(1779321559.978053) can0 0000F001#0000000000000000
(1779321559.979002) can0 18FF28F4#10320000020D0000
(1779321559.979983) can0 18FE28F4#0CD60CD540400000
(1779321559.980996) can0 18FD28F4#1702FA6F00000000
(1779321559.981905) can0 4D4#000032007D0D0203
(1779321559.982892) can0 4D5#D50CD60C40400000
(1779321559.983990) can0 18914010#0CD6100CD5050000
(1779321559.984983) can0 18904010#020D020D753001FB
(1779321559.985999) can0 18924010#4001400100000000
(1779321559.986996) can0 18934010#0000007E0000BC51
(1779321559.988015) can0 18944010#1003000000000000
(1779321559.989028) can0 18954010#0000000000000000
(1779321559.990022) can0 18954010#0100000000000000
(1779321559.991022) can0 18954010#0200000000000000
(1779321559.992016) can0 18954010#0300000000000000
(1779321559.993015) can0 18954010#0400000000000000
(1779321559.994007) can0 18954010#0500000000000000
(1779321559.995009) can0 18964010#0040404000000000
(1779321559.996022) can0 18974010#0000000000000000
(1779321559.997016) can0 18984010#0000000000000000
(1779321559.997984) can0 18FA28F4#123EA12C10270000
(1779321559.998986) can0 18FB28F4#D60CD50C40400000
(1779321560.000006) can0 18FC28F4#383200000D020000
(1779321560.000985) can0 18F810F3#0D02E80332640100
(1779321560.001997) can0 18F811F3#D60C1001D50C0501
(1779321560.002991) can0 18F812F3#4001014001010000
(1779321560.004023) can0 18F813F3#0101000000000000
(1779321560.004984) can0 18F814F3#3200EA1AA9015F00
(1779321560.006007) can0 18F815F3#0000000010030000
(1779321560.006910) can0 273#000000000D023200
(1779321560.007887) can0 1E1#020D271001FB01FB
(1779321560.008918) can0 1F5#0000000000000000
(1779321560.010015) can0 0800A6A9#0000000000000000
(1779321560.010984) can0 1000A6A9#0D028813324A4A4A
(1779321560.011991) can0 1C00A6A9#0000000000030000
(1779321560.013010) can0 02018100#1003020D00000000
(1779321560.014003) can0 02028100#0000003264000000
(1779321560.015004) can0 02038100#0CD601100CD50105
(1779321560.016005) can0 02048100#4A01014A01010000
(1779321560.016880) can0 1AD#8914000059321818
(1779321560.017891) can0 2AD#D60C800C89140016
(1779321560.018911) can0 3AD#0000000000008914
(1779321560.019924) can0 4AD#EB00000000000000
(1779321560.020905) can0 76A#7F00000000000000
(1779321560.079535) can0 0000E005#1702440003B60591
(1779321560.080098) can0 1806E5F4#13D2010003B6023A
(1779321560.080988) can0 0000E000#13D213D2020D0000
(1779321560.081988) can0 0000E004#181803B603B601E2
(1779321560.082988) can0 0000E006#0CD60CD60CD60CD6
(1779321560.083988) can0 0000E007#0CD50CD50CD60CD6
(1779321560.084987) can0 0000E008#0CD60CD60CD60CD6
(1779321560.085988) can0 0000E009#0CD60CD60CD60CD6
(1779321560.087003) can0 0000E010#0000000000000000
(1779321560.088007) can0 0000E011#0000000000000000
(1779321560.088988) can0 0000E012#0CD5000100000000
(1779321560.090020) can0 0000F001#0000000000000000
(1779321560.090996) can0 18FF28F4#10320000020D0000
(1779321560.091995) can0 18FE28F4#0CD60CD540400000
(1779321560.092988) can0 18FD28F4#1702FA6F00000000
(1779321560.093903) can0 4D4#000032007D0D0203
(1779321560.094889) can0 4D5#D50CD60C40400000
(1779321560.095988) can0 18914010#0CD6100CD5050000
(1779321560.096988) can0 18904010#020D020D753001FB
(1779321560.097988) can0 18FA28F4#123EA12C10270000
(1779321560.098989) can0 18FB28F4#D60CD50C40400000
(1779321560.100021) can0 18FC28F4#383200000D020000
(1779321560.100991) can0 18F810F3#0D02E80332640100
(1779321560.102017) can0 18F815F3#0000000010030000
(1779321560.102892) can0 273#000000000D023200
(1779321560.103891) can0 1E1#020D271001FB01FB
(1779321560.104922) can0 1F5#0000000000000000
(1779321560.106008) can0 0800A6A9#0000000000000000
(1779321560.106989) can0 1000A6A9#0D028813324A4A4A
(1779321560.108014) can0 1C00A6A9#0000000000030000
(1779321560.108996) can0 02018100#1003020D00000000
(1779321560.110011) can0 02028100#0000003264000000
(1779321560.110991) can0 02038100#0CD601100CD50105
(1779321560.111989) can0 02048100#4A01014A01010000
(1779321560.112879) can0 1AD#8914000059321818
(1779321560.113877) can0 2AD#D60C800C89140016
(1779321560.114900) can0 3AD#0000000000008914
(1779321560.115989) can0 4AD#EB00000000000000
(1779321560.116911) can0 76A#7F00000000000000
(1779321560.179570) can0 0000E005#1702440003B60591
(1779321560.180135) can0 1806E5F4#13D2010003B6023A
(1779321560.180992) can0 0000E000#13D213D2020D0000
(1779321560.181992) can0 0000E004#181803B603B601E2
(1779321560.182992) can0 0000E006#0CD60CD60CD60CD6
(1779321560.183992) can0 0000E007#0CD50CD50CD60CD6
(1779321560.184992) can0 0000E008#0CD60CD60CD60CD6
(1779321560.185992) can0 0000E009#0CD60CD60CD60CD6
(1779321560.187005) can0 0000E010#0000000000000000
(1779321560.188003) can0 0000E011#0000000000000000
(1779321560.188994) can0 0000E012#0CD5000100000000
(1779321560.190018) can0 0000F001#0000000000000000
(1779321560.190993) can0 18FF28F4#10320000020D0000
(1779321560.191993) can0 18FE28F4#0CD60CD540400000
(1779321560.193025) can0 18FD28F4#1702FA6F00000000
(1779321560.193901) can0 4D4#000032007D0D0203
(1779321560.194887) can0 4D5#D50CD60C40400000
(1779321560.195993) can0 18914010#0CD6100CD5050000
(1779321560.196992) can0 18904010#020D020D753001FB
(1779321560.197992) can0 18FA28F4#123EA12C10270000
(1779321560.198993) can0 18FB28F4#D60CD50C40400000
(1779321560.200001) can0 18FC28F4#383200000D020000
(1779321560.201018) can0 18F810F3#0D02E80332640100
(1779321560.201993) can0 18F815F3#0000000010030000
(1779321560.202895) can0 273#000000000D023200
(1779321560.203875) can0 1E1#020D271001FB01FB
(1779321560.204908) can0 1F5#0000000000000000
(1779321560.206006) can0 0800A6A9#0000000000000000
(1779321560.206993) can0 1000A6A9#0D028813324A4A4A
(1779321560.207993) can0 1C00A6A9#0000000000030000
(1779321560.209044) can0 02018100#1003020D00000000
(1779321560.210006) can0 02028100#0000003264000000
(1779321560.210993) can0 02038100#0CD601100CD50105
(1779321560.211993) can0 02048100#4A01014A01010000
(1779321560.212876) can0 1AD#8914000059321818
(1779321560.213878) can0 2AD#D60C800C89140016
(1779321560.214904) can0 3AD#0000000000008914
(1779321560.215896) can0 4AD#EB00000000000000
(1779321560.216907) can0 76A#7F00000000000000
(1779321560.279523) can0 0000E005#1702440003B60591
(1779321560.280082) can0 1806E5F4#13D2010003B6023A
(1779321560.280997) can0 0000E000#13D213D2020D0000
(1779321560.281998) can0 0000E004#181803B603B601E2
(1779321560.282996) can0 0000E006#0CD60CD60CD50CD6
(1779321560.283997) can0 0000E007#0CD50CD50CD60CD6
(1779321560.284999) can0 0000E008#0CD60CD60CD60CD5
(1779321560.285998) can0 0000E009#0CD50CD60CD60CD6
(1779321560.287016) can0 0000E010#0000000000000000
(1779321560.288017) can0 0000E011#0000000000000000
(1779321560.288997) can0 0000E012#0CD5000100000000
(1779321560.290003) can0 0000F001#0000000000000000
(1779321560.290997) can0 18FF28F4#10320000020D0000
(1779321560.291997) can0 18FE28F4#0CD60CD540400000
(1779321560.292997) can0 18FD28F4#1702FA6F00000000
(1779321560.293893) can0 4D4#000032007D0D0203
(1779321560.294885) can0 4D5#D50CD60C40400000
(1779321560.295997) can0 18914010#0CD6100CD5030000
(1779321560.296997) can0 18904010#020D020D753001FB
(1779321560.297997) can0 18FA28F4#123EA12C10270000
(1779321560.298997) can0 18FB28F4#D60CD50C40400000
(1779321560.299997) can0 18FC28F4#383200000D020000
(1779321560.300997) can0 18F810F3#0D02E80332640100
(1779321560.301997) can0 18F815F3#0000000010030000
(1779321560.302893) can0 273#000000000D023200
(1779321560.303881) can0 1E1#020D271001FB01FB
(1779321560.304906) can0 1F5#0000000000000000
(1779321560.306000) can0 0800A6A9#0000000000000000
(1779321560.306998) can0 1000A6A9#0D028813324A4A4A
(1779321560.307998) can0 1C00A6A9#0000000000030000
(1779321560.308998) can0 02018100#1003020D00000000
(1779321560.309998) can0 02028100#0000003264000000
(1779321560.310998) can0 02038100#0CD601100CD50103
(1779321560.311998) can0 02048100#4A01014A01010000
(1779321560.312862) can0 1AD#8914000059321818
(1779321560.313874) can0 2AD#D60C800C89140016
(1779321560.314887) can0 3AD#0000000000008914
(1779321560.315900) can0 4AD#EB00000000000000
(1779321560.316897) can0 76A#7F00000000000000
