(1779048011.045177) can0 0000E005#16D2430003B60591
(1779048011.045748) can0 1806E5F4#13EC010003B6023A
(1779048011.046584) can0 0000E000#13EC13EC020F0000
(1779048011.047564) can0 0000E004#171703B603B601E4
(1779048011.048581) can0 0000E006#0CDF0CDF0CDF0CDF
(1779048011.049575) can0 0000E007#0CDF0CDF0CDF0CDF
(1779048011.050575) can0 0000E008#0CDF0CDF0CDF0CDF
(1779048011.051557) can0 0000E009#0CDF0CDF0CDD0CE0
(1779048011.052601) can0 0000E010#0000000000000000
(1779048011.053587) can0 0000E011#0000000000000000
(1779048011.054582) can0 0000E012#0CDE000200000000
(1779048011.055594) can0 0000F001#0000000000000000
(1779048011.056575) can0 18FF28F4#10330000020F0000
(1779048011.057563) can0 18FE28F4#0CE00CDD3F3F0000
(1779048011.058576) can0 18FD28F4#16D2FA6F00000000
(1779048011.059473) can0 4D4#000033007D0F0203
(1779048011.060474) can0 4D5#DD0CE00C3F3F0000
(1779048011.061550) can0 18914010#0CE0100CDD0F0000
(1779048011.062563) can0 18904010#020F020F753001FE
(1779048011.063559) can0 18FA28F4#E23DA12C10270000
(1779048011.064564) can0 18FB28F4#E00CDD0C3F3F0000
(1779048011.065577) can0 18FC28F4#383300000F020000
(1779048011.066570) can0 18F810F3#0F02E80333640100
(1779048011.067583) can0 18F815F3#0000000010030000
(1779048011.068487) can0 273#000000000F023300
(1779048011.069481) can0 1E1#020F271001FE01FE
(1779048011.070500) can0 1F5#0000000000000000
(1779048011.071588) can0 0800A6A9#0000000000000000
(1779048011.072557) can0 1000A6A9#0F02881333494949
(1779048011.073570) can0 1C00A6A9#0000000000030000
(1779048011.074615) can0 02018100#1003020F00000000
(1779048011.075582) can0 02028100#0000003364000000
(1779048011.076564) can0 02038100#0CE001100CDD010F
(1779048011.077576) can0 02048100#4901014901010000
(1779048011.078456) can0 1AD#9714000059331717
(1779048011.079468) can0 2AD#E00C800C97140016
(1779048011.080481) can0 3AD#0000000000009714
(1779048011.081495) can0 4AD#EB00000000000000
(1779048011.082526) can0 76A#7F00000000000000
(1779048011.145101) can0 0000E005#16D2430003B60591
(1779048011.145690) can0 1806E5F4#13EC010003B6023A
(1779048011.146589) can0 0000E000#13EC13EC020F0000
(1779048011.147556) can0 0000E004#171703B603B601E4
(1779048011.148564) can0 0000E006#0CDF0CDF0CDF0CDF
(1779048011.149582) can0 0000E007#0CDF0CDF0CDF0CDF
(1779048011.150582) can0 0000E008#0CDF0CDF0CDF0CDF
(1779048011.151595) can0 0000E009#0CDF0CDF0CDF0CE0
(1779048011.152595) can0 0000E010#0000000000000000
(1779048011.153589) can0 0000E011#0000000000000000
(1779048011.154589) can0 0000E012#0CDF000000000000
(1779048011.155601) can0 0000F001#0000000000000000
(1779048011.156579) can0 18FF28F4#10330000020F0000
(1779048011.157564) can0 18FE28F4#0CE00CDF3F3F0000
(1779048011.158564) can0 18FD28F4#16D2FA6F00000000
(1779048011.159513) can0 4D4#000033007D0F0203
(1779048011.160473) can0 4D5#DF0CE00C3F3F0000
(1779048011.161569) can0 18914010#0CE0100CDF010000
(1779048011.162571) can0 18904010#020F020F753001FE
(1779048011.163570) can0 18FA28F4#E23DA12C10270000
(1779048011.164564) can0 18FB28F4#E00CDF0C3F3F0000
(1779048011.165577) can0 18FC28F4#383300000F020000
(1779048011.166546) can0 18F810F3#0F02E80333640100
(1779048011.167622) can0 18F815F3#0000000010030000
(1779048011.168488) can0 273#000000000F023300
(1779048011.169477) can0 1E1#020F271001FE01FE
(1779048011.170501) can0 1F5#0000000000000000
(1779048011.171584) can0 0800A6A9#0000000000000000
(1779048011.172551) can0 1000A6A9#0F02881333494949
(1779048011.173579) can0 1C00A6A9#0000000000030000
(1779048011.174590) can0 02018100#1003020F00000000
(1779048011.175623) can0 02028100#0000003364000000
(1779048011.176572) can0 02038100#0CE001100CDF0101
(1779048011.177565) can0 02048100#4901014901010000
(1779048011.178464) can0 1AD#9814000059331717
(1779048011.179476) can0 2AD#E00C800C98140016
(1779048011.180489) can0 3AD#0000000000009814
(1779048011.181489) can0 4AD#EB00000000000000
(1779048011.182483) can0 76A#7F00000000000000
(1779048011.245119) can0 0000E005#16D2430003B60591
(1779048011.245695) can0 1806E5F4#13EC010003B6023A
(1779048011.246584) can0 0000E000#13EC13EC020F0000
(1779048011.247571) can0 0000E004#171703B603B601E4
(1779048011.248582) can0 0000E006#0CDF0CDF0CDF0CDF
(1779048011.249574) can0 0000E007#0CDF0CDF0CDF0CDF
(1779048011.250572) can0 0000E008#0CDF0CDF0CDF0CDF
(1779048011.251571) can0 0000E009#0CDF0CDF0CDF0CE0
(1779048011.252648) can0 0000E010#0000000000000000
(1779048011.253594) can0 0000E011#0000000000000000
(1779048011.254578) can0 0000E012#0CDF000000000000
(1779048011.255591) can0 0000F001#0000000000000000
(1779048011.256590) can0 18FF28F4#10330000020F0000
(1779048011.257549) can0 18FE28F4#0CE00CDF3F3F0000
(1779048011.258572) can0 18FD28F4#16D2FA6F00000000
(1779048011.259489) can0 4D4#000033007D0F0203
(1779048011.260483) can0 4D5#DF0CE00C3F3F0000
(1779048011.261566) can0 18914010#0CE0100CDF010000
(1779048011.262559) can0 18904010#020F020F753001FE
(1779048011.263559) can0 18FA28F4#E23DA12C10270000
(1779048011.264559) can0 18FB28F4#E00CDF0C3F3F0000
(1779048011.265564) can0 18FC28F4#383300000F020000
(1779048011.266553) can0 18F810F3#0F02E80333640100
(1779048011.267586) can0 18F815F3#0000000010030000
(1779048011.268483) can0 273#000000000F023300
(1779048011.269481) can0 1E1#020F271001FE01FE
(1779048011.270496) can0 1F5#0000000000000000
(1779048011.271595) can0 0800A6A9#0000000000000000
(1779048011.272540) can0 1000A6A9#0F02881333494949
(1779048011.273572) can0 1C00A6A9#0000000000030000
(1779048011.274585) can0 02018100#1003020F00000000
(1779048011.275585) can0 02028100#0000003364000000
(1779048011.276579) can0 02038100#0CE001100CDF0101
(1779048011.277573) can0 02048100#4901014901010000
(1779048011.278458) can0 1AD#9814000059331717
(1779048011.279471) can0 2AD#E00C800C98140016
(1779048011.280484) can0 3AD#0000000000009814
(1779048011.281490) can0 4AD#EB00000000000000
(1779048011.282491) can0 76A#7F00000000000000
(1779048011.362119) can0 0000E005#16D2430003B60591
(1779048011.362706) can0 1806E5F4#13EC010003B6023A
(1779048011.363572) can0 0000E000#13EC13EC020F0000
(1779048011.364554) can0 0000E004#171703B603B601E4
(1779048011.365553) can0 0000E006#0CDF0CDD0CDF0CDF
(1779048011.366586) can0 0000E007#0CDF0CDF0CDF0CDF
(1779048011.367564) can0 0000E008#0CDF0CDF0CDF0CDF
(1779048011.368563) can0 0000E009#0CDF0CDF0CDF0CE0
(1779048011.369592) can0 0000E010#0000000000000000
(1779048011.370593) can0 0000E011#0000000000000000
(1779048011.371581) can0 0000E012#0CDE000200000000
(1779048011.372535) can0 0000E013#4542323630354C43
(1779048011.373567) can0 0000E014#3134323300000000
(1779048011.374600) can0 0000E015#0000000000000003
(1779048011.375593) can0 0000F000#0000000000000000
(1779048011.376594) can0 0000F001#0000000000000000
(1779048011.377574) can0 18FF28F4#10330000020F0000
(1779048011.378556) can0 18FE28F4#0CE00CDD3F3F0000
(1779048011.379550) can0 18FD28F4#16D2FA6F00000000
(1779048011.380472) can0 4D4#000033007D0F0203
(1779048011.381466) can0 4D5#DD0CE00C3F3F0000
(1779048011.382580) can0 18914010#0CE0100CDD020000
(1779048011.383559) can0 18904010#020F020F753001FE
(1779048011.384574) can0 18924010#3F013F0100000000
(1779048011.385568) can0 18934010#000000120000BD42
(1779048011.386577) can0 18944010#1003000000000000
(1779048011.387600) can0 18954010#0000000000000000
(1779048011.388597) can0 18954010#0100000000000000
(1779048011.389593) can0 18954010#0200000000000000
(1779048011.390626) can0 18954010#0300000000000000
(1779048011.391581) can0 18954010#0400000000000000
(1779048011.392587) can0 18954010#0500000000000000
(1779048011.393581) can0 18964010#003F3F3F00000000
(1779048011.394581) can0 18974010#0000000000000000
(1779048011.395574) can0 18984010#0000000000000000
(1779048011.396555) can0 18FA28F4#E23DA12C10270000
(1779048011.397556) can0 18FB28F4#E00CDD0C3F3F0000
(1779048011.398620) can0 18FC28F4#383300000F020000
(1779048011.399555) can0 18F810F3#0F02E80333640100
(1779048011.400567) can0 18F811F3#E00C1001DD0C0201
(1779048011.401570) can0 18F812F3#3F01013F01010000
(1779048011.402583) can0 18F813F3#0101000000000000
(1779048011.403559) can0 18F814F3#3200BA1AA9015F00
(1779048011.404576) can0 18F815F3#0000000010030000
(1779048011.405484) can0 273#000000000F023300
(1779048011.406524) can0 1E1#020F271001FE01FE
(1779048011.407499) can0 1F5#0000000000000000
(1779048011.408575) can0 0800A6A9#0000000000000000
(1779048011.409544) can0 1000A6A9#0F02881333494949
(1779048011.410580) can0 1C00A6A9#0000000000030000
(1779048011.411592) can0 02018100#1003020F00000000
(1779048011.412570) can0 02028100#0000003364000000
(1779048011.413570) can0 02038100#0CE001100CDD0102
(1779048011.414565) can0 02048100#4901014901010000
(1779048011.415468) can0 1AD#9714000059331717
(1779048011.416462) can0 2AD#E00C800C97140016
(1779048011.417475) can0 3AD#0000000000009714
(1779048011.418484) can0 4AD#EB00000000000000
(1779048011.419488) can0 76A#7F00000000000000
(1779048011.478163) can0 0000E005#16D2430003B60591
(1779048011.478754) can0 1806E5F4#13EC010003B6023A
(1779048011.479568) can0 0000E000#13EC13EC020F0000
(1779048011.480555) can0 0000E004#171703B603B601E4
(1779048011.481568) can0 0000E006#0CDF0CDD0CDF0CDF
(1779048011.482563) can0 0000E007#0CDF0CDF0CDF0CDF
(1779048011.483610) can0 0000E008#0CDF0CDF0CDF0CDF
(1779048011.484562) can0 0000E009#0CDF0CDF0CDF0CE0
(1779048011.485588) can0 0000E010#0000000000000000
(1779048011.486588) can0 0000E011#0000000000000000
(1779048011.487582) can0 0000E012#0CDE000200000000
(1779048011.488600) can0 0000F001#0000000000000000
(1779048011.489582) can0 18FF28F4#10330000020F0000
(1779048011.490563) can0 18FE28F4#0CE00CDD3F3F0000
(1779048011.491563) can0 18FD28F4#16D2FA6F00000000
(1779048011.492474) can0 4D4#000033007D0F0203
(1779048011.493474) can0 4D5#DD0CE00C3F3F0000
(1779048011.494550) can0 18914010#0CE0100CDD020000
(1779048011.495565) can0 18904010#020F020F753001FE
(1779048011.496563) can0 18FA28F4#E23DA12C10270000
(1779048011.497563) can0 18FB28F4#E00CDD0C3F3F0000
(1779048011.498576) can0 18FC28F4#383300000F020000
(1779048011.499536) can0 18F810F3#0F02E80333640100
(1779048011.500589) can0 18F815F3#0000000010030000
(1779048011.501474) can0 273#000000000F023300
(1779048011.502468) can0 1E1#020F271001FE01FE
(1779048011.503500) can0 1F5#0000000000000000
(1779048011.504576) can0 0800A6A9#0000000000000000
(1779048011.505545) can0 1000A6A9#0F02881333494949
(1779048011.506570) can0 1C00A6A9#0000000000030000
(1779048011.507581) can0 02018100#1003020F00000000
(1779048011.508571) can0 02028100#0000003364000000
(1779048011.509564) can0 02038100#0CE001100CDD0102
(1779048011.510564) can0 02048100#4901014901010000
(1779048011.511460) can0 1AD#9714000059331717
(1779048011.512475) can0 2AD#E00C800C97140016
(1779048011.513488) can0 3AD#0000000000009714
(1779048011.514482) can0 4AD#EB00000000000000
(1779048011.515481) can0 76A#7F00000000000000
(1779048011.578121) can0 0000E005#16D2430003B60591
(1779048011.578690) can0 1806E5F4#13EC010003B6023A
(1779048011.579569) can0 0000E000#13EC13EC020F0000
(1779048011.580549) can0 0000E004#171703B603B601E4
(1779048011.581550) can0 0000E006#0CDF0CDD0CDF0CDF
(1779048011.582564) can0 0000E007#0CDF0CDF0CDF0CDF
(1779048011.583563) can0 0000E008#0CDF0CDF0CDF0CDF
(1779048011.584558) can0 0000E009#0CDF0CDF0CDF0CE0
(1779048011.585589) can0 0000E010#0000000000000000
(1779048011.586589) can0 0000E011#0000000000000000
(1779048011.587589) can0 0000E012#0CDE000200000000
(1779048011.588582) can0 0000F001#0000000000000000
(1779048011.589583) can0 18FF28F4#10330000020F0000
(1779048011.590564) can0 18FE28F4#0CE00CDD3F3F0000
(1779048011.591558) can0 18FD28F4#16D2FA6F00000000
(1779048011.592474) can0 4D4#000033007D0F0203
(1779048011.593475) can0 4D5#DD0CE00C3F3F0000
(1779048011.594552) can0 18914010#0CE0100CDD020000
(1779048011.595569) can0 18904010#020F020F753001FE
(1779048011.596544) can0 18FA28F4#E23DA12C10270000
(1779048011.597564) can0 18FB28F4#E00CDD0C3F3F0000
(1779048011.598578) can0 18FC28F4#383300000F020000
(1779048011.599539) can0 18F810F3#0F02E80333640100
(1779048011.600590) can0 18F815F3#0000000010030000
(1779048011.601488) can0 273#000000000F023300
(1779048011.602472) can0 1E1#020F271001FE01FE
(1779048011.603501) can0 1F5#0000000000000000
(1779048011.604574) can0 0800A6A9#0000000000000000
(1779048011.605559) can0 1000A6A9#0F02881333494949
(1779048011.606572) can0 1C00A6A9#0000000000030000
(1779048011.607590) can0 02018100#1003020F00000000
(1779048011.608567) can0 02028100#0000003364000000
(1779048011.609565) can0 02038100#0CE001100CDD0102
(1779048011.610565) can0 02048100#4901014901010000
(1779048011.611463) can0 1AD#9714000059331717
(1779048011.612457) can0 2AD#E00C800C97140016
(1779048011.613501) can0 3AD#0000000000009714
(1779048011.614483) can0 4AD#EB00000000000000
(1779048011.615477) can0 76A#7F00000000000000
(1779048011.698143) can0 0000E005#16D2430003B60591
(1779048011.698726) can0 1806E5F4#13EC010003B6023A
(1779048011.699579) can0 0000E000#13EC13EC020F0000
(1779048011.700559) can0 0000E004#171703B603B601E4
(1779048011.701553) can0 0000E006#0CDF0CDF0CDF0CDF
(1779048011.702573) can0 0000E007#0CDF0CDF0CDF0CDF
(1779048011.703583) can0 0000E008#0CDF0CDF0CDF0CDF
(1779048011.704567) can0 0000E009#0CDF0CDF0CDF0CE0
(1779048011.705603) can0 0000E010#0000000000000000
(1779048011.706632) can0 0000E011#0000000000000000
(1779048011.707579) can0 0000E012#0CDF000000000000
(1779048011.708591) can0 0000F001#0000000000000000
(1779048011.709567) can0 18FF28F4#10330000020F0000
(1779048011.710554) can0 18FE28F4#0CE00CDF3F3F0000
(1779048011.711563) can0 18FD28F4#16D2FA6F00000000
(1779048011.712484) can0 4D4#000033007D0F0203
(1779048011.713489) can0 4D5#DF0CE00C3F3F0000
(1779048011.714613) can0 18914010#0CE0100CDF010000
(1779048011.715560) can0 18904010#020F020F753001FE
(1779048011.716561) can0 18FA28F4#E23DA12C10270000
(1779048011.717564) can0 18FB28F4#E00CDF0C3F3F0000
(1779048011.718573) can0 18FC28F4#383300000F020000
(1779048011.719555) can0 18F810F3#0F02E80333640100
(1779048011.720580) can0 18F815F3#0000000010030000
(1779048011.721476) can0 273#000000000F023300
(1779048011.722479) can0 1E1#020F271001FE01FE
(1779048011.723491) can0 1F5#0000000000000000
(1779048011.724574) can0 0800A6A9#0000000000000000
(1779048011.725546) can0 1000A6A9#0F02881333494949
(1779048011.726574) can0 1C00A6A9#0000000000030000
(1779048011.727581) can0 02018100#1003020F00000000
(1779048011.728580) can0 02028100#0000003364000000
(1779048011.729561) can0 02038100#0CE001100CDF0101
(1779048011.730555) can0 02048100#4901014901010000
(1779048011.731453) can0 1AD#9814000059331717
(1779048011.732473) can0 2AD#E00C800C98140016
(1779048011.733477) can0 3AD#0000000000009814
(1779048011.734501) can0 4AD#EB00000000000000
(1779048011.735499) can0 76A#7F00000000000000
(1779048011.798111) can0 0000E005#16D2430003B60591
(1779048011.798683) can0 1806E5F4#13EC010003B6023A
(1779048011.799573) can0 0000E000#13EC13EC020F0000
(1779048011.800556) can0 0000E004#171703B603B601E4
(1779048011.801566) can0 0000E006#0CDF0CDF0CDF0CDF
(1779048011.802567) can0 0000E007#0CDF0CDF0CDF0CDF
(1779048011.803560) can0 0000E008#0CDF0CDF0CDF0CDF
(1779048011.804560) can0 0000E009#0CDF0CDF0CDF0CE0
(1779048011.805586) can0 0000E010#0000000000000000
(1779048011.806582) can0 0000E011#0000000000000000
(1779048011.807567) can0 0000E012#0CDF000000000000
(1779048011.808579) can0 0000F001#0000000000000000
(1779048011.809580) can0 18FF28F4#10330000020F0000
(1779048011.810561) can0 18FE28F4#0CE00CDF3F3F0000
(1779048011.811561) can0 18FD28F4#16D2FA6F00000000
(1779048011.812478) can0 4D4#000033007D0F0203
(1779048011.813472) can0 4D5#DF0CE00C3F3F0000
(1779048011.814568) can0 18914010#0CE0100CDF010000
(1779048011.815548) can0 18904010#020F020F753001FE
(1779048011.816549) can0 18FA28F4#E23DA12C10270000
(1779048011.817561) can0 18FB28F4#E00CDF0C3F3F0000
(1779048011.818559) can0 18FC28F4#383300000F020000
(1779048011.819543) can0 18F810F3#0F02E80333640100
(1779048011.820587) can0 18F815F3#0000000010030000
(1779048011.821473) can0 273#000000000F023300
(1779048011.822469) can0 1E1#020F271001FE01FE
(1779048011.823498) can0 1F5#0000000000000000
(1779048011.824581) can0 0800A6A9#0000000000000000
(1779048011.825543) can0 1000A6A9#0F02881333494949
(1779048011.826575) can0 1C00A6A9#0000000000030000
(1779048011.827588) can0 02018100#1003020F00000000
(1779048011.828587) can0 02028100#0000003364000000
(1779048011.829568) can0 02038100#0CE001100CDF0101
(1779048011.830559) can0 02048100#4901014901010000
(1779048011.831460) can0 1AD#9814000059331717
(1779048011.832461) can0 2AD#E00C800C98140016
(1779048011.833486) can0 3AD#0000000000009814
(1779048011.834476) can0 4AD#EB00000000000000
(1779048011.835480) can0 76A#7F00000000000000
(1779048011.915104) can0 0000E005#16D2430003B60591
(1779048011.915690) can0 1806E5F4#13EC010003B6023A
(1779048011.916575) can0 0000E000#13EC13EC020F0000
(1779048011.917556) can0 0000E004#171703B603B601E4
(1779048011.918556) can0 0000E006#0CDF0CDF0CDF0CDF
(1779048011.919569) can0 0000E007#0CDF0CDF0CDF0CDF
(1779048011.920567) can0 0000E008#0CDF0CDF0CDF0CDF
(1779048011.921582) can0 0000E009#0CDF0CDF0CDF0CE0
(1779048011.922582) can0 0000E010#0000000000000000
(1779048011.923575) can0 0000E011#0000000000000000
(1779048011.924568) can0 0000E012#0CDF000000000000
(1779048011.925537) can0 0000E013#4542323630354C43
(1779048011.926557) can0 0000E014#3134323300000000
(1779048011.927582) can0 0000E015#0000000000000003
(1779048011.928582) can0 0000F000#0000000000000000
(1779048011.929614) can0 0000F001#0000000000000000
(1779048011.930576) can0 18FF28F4#10330000020F0000
(1779048011.931557) can0 18FE28F4#0CE00CDF3F3F0000
(1779048011.932552) can0 18FD28F4#16D2FA6F00000000
(1779048011.933468) can0 4D4#000033007D0F0203
(1779048011.934469) can0 4D5#DF0CE00C3F3F0000
(1779048011.935550) can0 18914010#0CE0100CDF010000
(1779048011.936561) can0 18904010#020F020F753001FE
(1779048011.937608) can0 18924010#3F013F0100000000
(1779048011.938558) can0 18934010#000000130000BD42
(1779048011.939570) can0 18944010#1003000000000000
(1779048011.940589) can0 18954010#0000000000000000
(1779048011.941583) can0 18954010#0100000000000000
(1779048011.942584) can0 18954010#0200000000000000
(1779048011.943583) can0 18954010#0300000000000000
(1779048011.944576) can0 18954010#0400000000000000
(1779048011.945628) can0 18954010#0500000000000000
(1779048011.946572) can0 18964010#003F3F3F00000000
(1779048011.947571) can0 18974010#0000000000000000
(1779048011.948561) can0 18984010#0000000000000000
(1779048011.949545) can0 18FA28F4#E23DA12C10270000
(1779048011.950559) can0 18FB28F4#E00CDF0C3F3F0000
(1779048011.951571) can0 18FC28F4#383300000F020000
(1779048011.952533) can0 18F810F3#0F02E80333640100
(1779048011.953565) can0 18F811F3#E00C1001DF0C0101
(1779048011.954559) can0 18F812F3#3F01013F01010000
(1779048011.955571) can0 18F813F3#0101000000000000
(1779048011.956553) can0 18F814F3#3200BA1AA9015F00
(1779048011.957565) can0 18F815F3#0000000010030000
(1779048011.958494) can0 273#000000000F023300
(1779048011.959477) can0 1E1#020F271001FE01FE
(1779048011.960488) can0 1F5#0000000000000000
(1779048011.961566) can0 0800A6A9#0000000000000000
(1779048011.962534) can0 1000A6A9#0F02881333494949
(1779048011.963566) can0 1C00A6A9#0000000000030000
(1779048011.964579) can0 02018100#1003020F00000000
(1779048011.965572) can0 02028100#0000003364000000
(1779048011.966560) can0 02038100#0CE001100CDF0101
(1779048011.967553) can0 02048100#4901014901010000
(1779048011.968470) can0 1AD#9814000059331717
(1779048011.969471) can0 2AD#E00C800C98140016
(1779048011.970484) can0 3AD#0000000000009814
(1779048011.971479) can0 4AD#EB00000000000000
(1779048011.972476) can0 76A#7F00000000000000
(1779048012.031123) can0 0000E005#16D2430003B60591
(1779048012.031692) can0 1806E5F4#13EC010003B6023A
(1779048012.032577) can0 0000E000#13EC13EC020F0000
(1779048012.033546) can0 0000E004#171703B603B601E4
(1779048012.034559) can0 0000E006#0CDF0CDF0CDF0CDF
(1779048012.035572) can0 0000E007#0CDF0CDF0CDF0CDF
(1779048012.036552) can0 0000E008#0CDF0CDF0CDF0CDF
(1779048012.037545) can0 0000E009#0CDF0CDF0CDF0CE0
(1779048012.038585) can0 0000E010#0000000000000000
(1779048012.039577) can0 0000E011#0000000000000000
(1779048012.040578) can0 0000E012#0CDF000000000000
(1779048012.041584) can0 0000F001#0000000000000000
(1779048012.042572) can0 18FF28F4#10330000020F0000
(1779048012.043553) can0 18FE28F4#0CE00CDF3F3F0000
(1779048012.044553) can0 18FD28F4#16D2FA6F00000000
(1779048012.045476) can0 4D4#000033007D0F0203
(1779048012.046477) can0 4D5#DF0CE00C3F3F0000
(1779048012.047559) can0 18914010#0CE0100CDF010000
(1779048012.048553) can0 18904010#020F020F753001FE
(1779048012.049553) can0 18FA28F4#E23DA12C10270000
(1779048012.050554) can0 18FB28F4#E00CDF0C3F3F0000
(1779048012.051566) can0 18FC28F4#383300000F020000
(1779048012.052547) can0 18F810F3#0F02E80333640100
(1779048012.053569) can0 18F815F3#0000000010030000
(1779048012.054477) can0 273#000000000F023300
(1779048012.055477) can0 1E1#020F271001FE01FE
(1779048012.056490) can0 1F5#0000000000000000
(1779048012.057566) can0 0800A6A9#0000000000000000
(1779048012.058535) can0 1000A6A9#0F02881333494949
(1779048012.059579) can0 1C00A6A9#0000000000030000
(1779048012.060579) can0 02018100#1003020F00000000
(1779048012.061569) can0 02028100#0000003364000000
(1779048012.062554) can0 02038100#0CE001100CDF0101
(1779048012.063554) can0 02048100#4901014901010000
(1779048012.064478) can0 1AD#9814000059331717
(1779048012.065478) can0 2AD#E00C800C98140016
(1779048012.066478) can0 3AD#0000000000009814
(1779048012.067503) can0 4AD#EB00000000000000
(1779048012.068478) can0 76A#7F00000000000000
(1779048012.131163) can0 0000E005#16D2430003B60591
(1779048012.131743) can0 1806E5F4#13EC010003B6023A
(1779048012.132578) can0 0000E000#13EC13EC020F0000
(1779048012.133536) can0 0000E004#171703B603B601E4
(1779048012.134559) can0 0000E006#0CDF0CDF0CDF0CDF
(1779048012.135572) can0 0000E007#0CDF0CDF0CDF0CDF
(1779048012.136571) can0 0000E008#0CDF0CDF0CDF0CDF
(1779048012.137544) can0 0000E009#0CDF0CDF0CDF0CE0
(1779048012.138579) can0 0000E010#0000000000000000
(1779048012.139578) can0 0000E011#0000000000000000
(1779048012.140578) can0 0000E012#0CDF000000000000
(1779048012.141572) can0 0000F001#0000000000000000
(1779048012.142572) can0 18FF28F4#10330000020F0000
(1779048012.143553) can0 18FE28F4#0CE00CDF3F3F0000
(1779048012.144566) can0 18FD28F4#16D2FA6F00000000
(1779048012.145483) can0 4D4#000033007D0F0203
(1779048012.146484) can0 4D5#DF0CE00C3F3F0000
(1779048012.147560) can0 18914010#0CE0100CDF010000
(1779048012.148553) can0 18904010#020F020F753001FE
(1779048012.149552) can0 18FA28F4#E23DA12C10270000
(1779048012.150554) can0 18FB28F4#E00CDF0C3F3F0000
(1779048012.151566) can0 18FC28F4#383300000F020000
(1779048012.152579) can0 18F810F3#0F02E80333640100
(1779048012.153579) can0 18F815F3#0000000010030000
(1779048012.154484) can0 273#000000000F023300
(1779048012.155484) can0 1E1#020F271001FE01FE
(1779048012.156484) can0 1F5#0000000000000000
(1779048012.157561) can0 0800A6A9#0000000000000000
(1779048012.158529) can0 1000A6A9#0F02881333494949
(1779048012.159560) can0 1C00A6A9#0000000000030000
(1779048012.160624) can0 02018100#1003020F00000000
(1779048012.161570) can0 02028100#0000003364000000
(1779048012.162555) can0 02038100#0CE001100CDF0101
(1779048012.163548) can0 02048100#4901014901010000
(1779048012.164490) can0 1AD#9814000059331717
(1779048012.165496) can0 2AD#E00C800C98140016
(1779048012.166488) can0 3AD#0000000000009814
(1779048012.167485) can0 4AD#EB00000000000000
(1779048012.168523) can0 76A#7F00000000000000
(1779048012.191279) can0 00000E00#00354C4331343233
(1779048012.231113) can0 0000E005#16D2430003B60591
(1779048012.231682) can0 1806E5F4#13EC010003B6023A
(1779048012.232567) can0 0000E000#13EC13EC020F0000
(1779048012.233545) can0 0000E004#171703B603B601E4
(1779048012.234561) can0 0000E006#0CDF0CDF0CDF0CDF
(1779048012.235554) can0 0000E007#0CDF0CDF0CDF0CDF
(1779048012.236554) can0 0000E008#0CDF0CDF0CDF0CDF
(1779048012.237598) can0 0000E009#0CDF0CDF0CDF0CE0
(1779048012.238594) can0 0000E010#0000000000000000
(1779048012.239596) can0 0000E011#0000000000000000
(1779048012.240569) can0 0000E012#0CDF000000000000
(1779048012.241568) can0 0000F001#0000000000000000
(1779048012.242575) can0 18FF28F4#10330000020F0000
(1779048012.243555) can0 18FE28F4#0CE00CDF3F3F0000
(1779048012.244548) can0 18FD28F4#16D2FA6F00000000
(1779048012.245514) can0 4D4#000033007D0F0203
(1779048012.246492) can0 4D5#DF0CE00C3F3F0000
(1779048012.247555) can0 18914010#0CE0100CDF010000
(1779048012.248555) can0 18904010#020F020F753001FE
(1779048012.249556) can0 18FA28F4#E23DA12C10270000
(1779048012.250550) can0 18FB28F4#E00CDF0C3F3F0000
(1779048012.251562) can0 18FC28F4#383300000F020000
(1779048012.252530) can0 18F810F3#0F02E80333640100
(1779048012.253579) can0 18F815F3#0000000010030000
(1779048012.254499) can0 273#000000000F023300
(1779048012.255503) can0 1E1#020F271001FE01FE
(1779048012.256501) can0 1F5#0000000000000000
(1779048012.257558) can0 0800A6A9#0000000000000000
(1779048012.258524) can0 1000A6A9#0F02881333494949
(1779048012.259556) can0 1C00A6A9#0000000000030000
(1779048012.260569) can0 02018100#1003020F00000000
(1779048012.261569) can0 02028100#0000003364000000
(1779048012.262553) can0 02038100#0CE001100CDF0101
(1779048012.263550) can0 02048100#4901014901010000
(1779048012.264492) can0 1AD#9814000059331717
(1779048012.265493) can0 2AD#E00C800C98140016
(1779048012.266496) can0 3AD#0000000000009814
(1779048012.267493) can0 4AD#EB00000000000000
(1779048012.268493) can0 76A#7F00000000000000
(1779048012.331099) can0 0000E005#16D2430003B60591
(1779048012.331689) can0 1806E5F4#13EC010003B6023A
(1779048012.332574) can0 0000E000#13EC13EC020F0000
(1779048012.333535) can0 0000E004#171703B603B601E4
(1779048012.334555) can0 0000E006#0CDF0CDF0CDF0CDF
(1779048012.335568) can0 0000E007#0CDF0CDF0CDF0CDF
(1779048012.336562) can0 0000E008#0CDF0CDF0CDF0CDF
(1779048012.337548) can0 0000E009#0CDF0CDF0CDF0CE0
(1779048012.338576) can0 0000E010#0000000000000000
(1779048012.339574) can0 0000E011#0000000000000000
(1779048012.340574) can0 0000E012#0CDF000000000000
(1779048012.341587) can0 0000F001#0000000000000000
(1779048012.342560) can0 18FF28F4#10330000020F0000
(1779048012.343549) can0 18FE28F4#0CE00CDF3F3F0000
(1779048012.344549) can0 18FD28F4#16D2FA6F00000000
(1779048012.345498) can0 4D4#000033007D0F0203
(1779048012.346499) can0 4D5#DF0CE00C3F3F0000
(1779048012.347549) can0 18914010#0CE0100CDF010000
(1779048012.348549) can0 18904010#020F020F753001FE
(1779048012.349543) can0 18FA28F4#E23DA12C10270000
(1779048012.350537) can0 18FB28F4#E00CDF0C3F3F0000
(1779048012.351557) can0 18FC28F4#383300000F020000
(1779048012.352538) can0 18F810F3#0F02E80333640100
(1779048012.353569) can0 18F815F3#0000000010030000
(1779048012.354500) can0 273#000000000F023300
(1779048012.355508) can0 1E1#020F271001FE01FE
(1779048012.356499) can0 1F5#0000000000000000
(1779048012.357576) can0 0800A6A9#0000000000000000
(1779048012.358538) can0 1000A6A9#0F02881333494949
(1779048012.359563) can0 1C00A6A9#0000000000030000
(1779048012.360582) can0 02018100#1003020F00000000
(1779048012.361563) can0 02028100#0000003364000000
(1779048012.362555) can0 02038100#0CE001100CDF0101
(1779048012.363556) can0 02048100#4901014901010000
(1779048012.364500) can0 1AD#9814000059331717
(1779048012.365500) can0 2AD#E00C800C98140016
(1779048012.366500) can0 3AD#0000000000009814
(1779048012.367500) can0 4AD#EB00000000000000
(1779048012.368500) can0 76A#7F00000000000000
(1779048012.448110) can0 0000E005#16D2430003B60591
(1779048012.448684) can0 1806E5F4#13EC010003B6023A
(1779048012.449570) can0 0000E000#13EC13EC020F0000
(1779048012.450552) can0 0000E004#171703B603B601E4
(1779048012.451563) can0 0000E006#0CDF0CDF0CDF0CDF
(1779048012.452590) can0 0000E007#0CDF0CDF0CDF0CDF
(1779048012.453557) can0 0000E008#0CDF0CDF0CDF0CDF
(1779048012.454559) can0 0000E009#0CDF0CDF0CDF0CE0
(1779048012.455589) can0 0000E010#0000000000000000
(1779048012.456569) can0 0000E011#0000000000000000
(1779048012.457570) can0 0000E012#0CDF000000000000
(1779048012.458533) can0 0000E013#4542323630354C43
(1779048012.459564) can0 0000E014#3134323300000000
(1779048012.460609) can0 0000E015#0000000000000003
(1779048012.461577) can0 0000F000#0000000000000000
(1779048012.462571) can0 0000F001#0000000000000000
(1779048012.463571) can0 18FF28F4#10330000020F0000
(1779048012.464546) can0 18FE28F4#0CE00CDF3F3F0000
(1779048012.465552) can0 18FD28F4#16D2FA6F00000000
(1779048012.466508) can0 4D4#000033007D0F0203
(1779048012.467508) can0 4D5#DF0CE00C3F3F0000
(1779048012.468600) can0 18914010#0CE0100CDF010000
(1779048012.469552) can0 18904010#020F020F753001FE
(1779048012.470566) can0 18924010#3F013F0100000000
(1779048012.471546) can0 18934010#000000140000BD42
(1779048012.472560) can0 18944010#1003000000000000
(1779048012.473572) can0 18954010#0000000000000000
(1779048012.474584) can0 18954010#0100000000000000
(1779048012.475584) can0 18954010#0200000000000000
(1779048012.476613) can0 18954010#0300000000000000
(1779048012.477566) can0 18954010#0400000000000000
(1779048012.478565) can0 18954010#0500000000000000
(1779048012.479559) can0 18964010#003F3F3F00000000
(1779048012.480570) can0 18974010#0000000000000000
(1779048012.481566) can0 18984010#0000000000000000
(1779048012.482547) can0 18FA28F4#E23DA12C10270000
(1779048012.483547) can0 18FB28F4#E00CDF0C3F3F0000
(1779048012.484559) can0 18FC28F4#383300000F020000
(1779048012.485541) can0 18F810F3#0F02E80333640100
(1779048012.486554) can0 18F811F3#E00C1001DF0C0101
(1779048012.487547) can0 18F812F3#3F01013F01010000
(1779048012.488570) can0 18F813F3#0101000000000000
(1779048012.489541) can0 18F814F3#3200BA1AA9015F00
(1779048012.490573) can0 18F815F3#0000000010030000
(1779048012.491510) can0 273#000000000F023300
(1779048012.492510) can0 1E1#020F271001FE01FE
(1779048012.493509) can0 1F5#0000000000000000
(1779048012.494560) can0 0800A6A9#0000000000000000
(1779048012.495541) can0 1000A6A9#0F02881333494949
(1779048012.496567) can0 1C00A6A9#0000000000030000
(1779048012.497582) can0 02018100#1003020F00000000
(1779048012.498569) can0 02028100#0000003364000000
(1779048012.499548) can0 02038100#0CE001100CDF0101
(1779048012.500548) can0 02048100#4901014901010000
(1779048012.501447) can0 1AD#9814000059331717
(1779048012.502512) can0 2AD#E00C800C98140016
(1779048012.503510) can0 3AD#0000000000009814
(1779048012.504510) can0 4AD#EB00000000000000
(1779048012.505511) can0 76A#7F00000000000000
(1779048012.564148) can0 0000E005#16D2430003B60591
(1779048012.564733) can0 1806E5F4#13EC010003B6023A
(1779048012.565566) can0 0000E000#13EC13EC020F0000
(1779048012.566547) can0 0000E004#171703B603B601E4
(1779048012.567560) can0 0000E006#0CDF0CDF0CDF0CDF
(1779048012.568559) can0 0000E007#0CDF0CDF0CDF0CDF
(1779048012.569554) can0 0000E008#0CDF0CDF0CDF0CDF
(1779048012.570553) can0 0000E009#0CDF0CDF0CDF0CE0
(1779048012.571586) can0 0000E010#0000000000000000
(1779048012.572587) can0 0000E011#0000000000000000
(1779048012.573563) can0 0000E012#0CDF000000000000
(1779048012.574580) can0 0000F001#0000000000000000
(1779048012.575560) can0 18FF28F4#10330000020F0000
(1779048012.576554) can0 18FE28F4#0CE00CDF3F3F0000
(1779048012.577554) can0 18FD28F4#16D2FA6F00000000
(1779048012.578516) can0 4D4#000033007D0F0203
(1779048012.579516) can0 4D5#DF0CE00C3F3F0000
(1779048012.580554) can0 18914010#0CE0100CDF010000
(1779048012.581547) can0 18904010#020F020F753001FE
(1779048012.582549) can0 18FA28F4#E23DA12C10270000
(1779048012.583548) can0 18FB28F4#E00CDF0C3F3F0000
(1779048012.584561) can0 18FC28F4#383300000F020000
(1779048012.585540) can0 18F810F3#0F02E80333640100
(1779048012.586574) can0 18F815F3#0000000010030000
(1779048012.587516) can0 273#000000000F023300
(1779048012.588524) can0 1E1#020F271001FE01FE
(1779048012.589517) can0 1F5#0000000000000000
(1779048012.590587) can0 0800A6A9#0000000000000000
(1779048012.591530) can0 1000A6A9#0F02881333494949
(1779048012.592561) can0 1C00A6A9#0000000000030000
(1779048012.593571) can0 02018100#1003020F00000000
(1779048012.594556) can0 02028100#0000003364000000
(1779048012.595555) can0 02038100#0CE001100CDF0101
(1779048012.596555) can0 02048100#4901014901010000
(1779048012.597440) can0 1AD#9814000059331717
(1779048012.598518) can0 2AD#E00C800C98140016
(1779048012.599518) can0 3AD#0000000000009814
(1779048012.600519) can0 4AD#EB00000000000000
(1779048012.601518) can0 76A#7F00000000000000
(1779048012.683154) can0 0000E005#16D2430003B60591
(1779048012.683728) can0 1806E5F4#13EC010003B6023A
(1779048012.684568) can0 0000E000#13EC13EC020F0000
(1779048012.685539) can0 0000E004#171703B603B601E4
(1779048012.686562) can0 0000E006#0CDF0CDF0CDF0CDF
(1779048012.687556) can0 0000E007#0CDF0CDF0CDF0CDF
(1779048012.688556) can0 0000E008#0CDF0CDF0CDF0CDF
(1779048012.689547) can0 0000E009#0CDF0CDF0CDF0CE0
(1779048012.690569) can0 0000E010#0000000000000000
(1779048012.691601) can0 0000E011#0000000000000000
(1779048012.692562) can0 0000E012#0CDF000000000000
(1779048012.693575) can0 0000F001#0000000000000000
(1779048012.694563) can0 18FF28F4#10330000020F0000
(1779048012.695543) can0 18FE28F4#0CE00CDF3F3F0000
(1779048012.696537) can0 18FD28F4#16D2FA6F00000000
(1779048012.697447) can0 4D4#000033007D0F0203
(1779048012.698471) can0 4D5#DF0CE00C3F3F0000
(1779048012.699595) can0 18914010#0CE0100CDF010000
(1779048012.700544) can0 18904010#020F020F753001FE
(1779048012.701542) can0 18FA28F4#E23DA12C10270000
(1779048012.702545) can0 18FB28F4#E00CDF0C3F3F0000
(1779048012.703557) can0 18FC28F4#383300000F020000
(1779048012.704539) can0 18F810F3#0F02E80333640100
(1779048012.705577) can0 18F815F3#0000000010030000
(1779048012.706463) can0 273#000000000F023300
(1779048012.707464) can0 1E1#020F271001FE01FE
(1779048012.708526) can0 1F5#0000000000000000
(1779048012.709564) can0 0800A6A9#0000000000000000
(1779048012.710532) can0 1000A6A9#0F02881333494949
(1779048012.711564) can0 1C00A6A9#0000000000030000
(1779048012.712576) can0 02018100#1003020F00000000
(1779048012.713556) can0 02028100#0000003364000000
(1779048012.714558) can0 02038100#0CE001100CDF0101
(1779048012.715551) can0 02048100#4901014901010000
(1779048012.716447) can0 1AD#9814000059331717
(1779048012.717447) can0 2AD#E00C800C98140016
(1779048012.718526) can0 3AD#0000000000009814
(1779048012.719468) can0 4AD#EB00000000000000
(1779048012.720526) can0 76A#7F00000000000000
(1779048012.782128) can0 0000E005#16D2430003B60591
(1779048012.782716) can0 1806E5F4#13EC010003B6023A
(1779048012.783569) can0 0000E000#13EC13EC020F0000
(1779048012.784531) can0 0000E004#171703B603B601E4
(1779048012.785550) can0 0000E006#0CDF0CDF0CDF0CDF
(1779048012.786563) can0 0000E007#0CDF0CDF0CDF0CDF
(1779048012.787563) can0 0000E008#0CDF0CDF0CDF0CDF
(1779048012.788544) can0 0000E009#0CDF0CDF0CDF0CE0
(1779048012.789575) can0 0000E010#0000000000000000
(1779048012.790570) can0 0000E011#0000000000000000
(1779048012.791569) can0 0000E012#0CDF000000000000
(1779048012.792562) can0 0000F001#0000000000000000
(1779048012.793563) can0 18FF28F4#10330000020F0000
(1779048012.794545) can0 18FE28F4#0CE00CDF3F3F0000
(1779048012.795544) can0 18FD28F4#16D2FA6F00000000
(1779048012.796453) can0 4D4#000033007D0F0203
(1779048012.797454) can0 4D5#DF0CE00C3F3F0000
(1779048012.798551) can0 18914010#0CE0100CDF010000
(1779048012.799551) can0 18904010#020F020F753001FE
(1779048012.800551) can0 18FA28F4#E23DA12C10270000
(1779048012.801545) can0 18FB28F4#E00CDF0C3F3F0000
(1779048012.802563) can0 18FC28F4#383300000F020000
(1779048012.803539) can0 18F810F3#0F02E80333640100
(1779048012.804570) can0 18F815F3#0000000010030000
(1779048012.805468) can0 273#000000000F023300
(1779048012.806443) can0 1E1#020F271001FE01FE
(1779048012.807533) can0 1F5#0000000000000000
(1779048012.808572) can0 0800A6A9#0000000000000000
(1779048012.809532) can0 1000A6A9#0F02881333494949
(1779048012.810552) can0 1C00A6A9#0000000000030000
(1779048012.811564) can0 02018100#1003020F00000000
(1779048012.812564) can0 02028100#0000003364000000
(1779048012.813558) can0 02038100#0CE001100CDF0101
(1779048012.814558) can0 02048100#4901014901010000
(1779048012.815436) can0 1AD#9814000059331717
(1779048012.816445) can0 2AD#E00C800C98140016
(1779048012.817461) can0 3AD#0000000000009814
(1779048012.818475) can0 4AD#EB00000000000000
(1779048012.819468) can0 76A#7F00000000000000
(1779048012.882131) can0 0000E005#16D2430003B60591
(1779048012.882718) can0 1806E5F4#13EC010003B6023A
(1779048012.883570) can0 0000E000#13EC13EC020F0000
(1779048012.884552) can0 0000E004#171703B603B601E4
(1779048012.885544) can0 0000E006#0CDF0CDF0CDF0CDF
(1779048012.886564) can0 0000E007#0CDF0CDF0CDF0CDF
(1779048012.887557) can0 0000E008#0CDF0CDF0CDF0CDF
(1779048012.888557) can0 0000E009#0CDF0CDF0CDF0CE0
(1779048012.889569) can0 0000E010#0000000000000000
(1779048012.890583) can0 0000E011#0000000000000000
(1779048012.891564) can0 0000E012#0CDF000000000000
(1779048012.892583) can0 0000F001#0000000000000000
(1779048012.893554) can0 18FF28F4#10330000020F0000
(1779048012.894539) can0 18FE28F4#0CE00CDF3F3F0000
(1779048012.895539) can0 18FD28F4#16D2FA6F00000000
(1779048012.896456) can0 4D4#000033007D0F0203
(1779048012.897454) can0 4D5#DF0CE00C3F3F0000
(1779048012.898565) can0 18914010#0CE0100CDF010000
(1779048012.899545) can0 18904010#020F020F753001FE
(1779048012.900539) can0 18FA28F4#E23DA12C10270000
(1779048012.901539) can0 18FB28F4#E00CDF0C3F3F0000
(1779048012.902558) can0 18FC28F4#383300000F020000
(1779048012.903539) can0 18F810F3#0F02E80333640100
(1779048012.904571) can0 18F815F3#0000000010030000
(1779048012.905463) can0 273#000000000F023300
(1779048012.906481) can0 1E1#020F271001FE01FE
(1779048012.907480) can0 1F5#0000000000000000
(1779048012.908558) can0 0800A6A9#0000000000000000
(1779048012.909540) can0 1000A6A9#0F02881333494949
(1779048012.910553) can0 1C00A6A9#0000000000030000
(1779048012.911565) can0 02018100#1003020F00000000
(1779048012.912565) can0 02028100#0000003364000000
(1779048012.913540) can0 02038100#0CE001100CDF0101
(1779048012.914579) can0 02048100#4901014901010000
(1779048012.915437) can0 1AD#9814000059331717
(1779048012.916449) can0 2AD#E00C800C98140016
(1779048012.917460) can0 3AD#0000000000009814
(1779048012.918474) can0 4AD#EB00000000000000
(1779048012.919475) can0 76A#7F00000000000000
(1779048012.999126) can0 0000E005#16D2430003B60591
(1779048012.999718) can0 1806E5F4#13EC010003B6023A
(1779048013.000572) can0 0000E000#13EC13EC020F0000
(1779048013.001547) can0 0000E004#171703B603B601E4
(1779048013.002547) can0 0000E006#0CDF0CDF0CDF0CDF
(1779048013.003555) can0 0000E007#0CDF0CDF0CDF0CDF
(1779048013.004559) can0 0000E008#0CDF0CDF0CDF0CDF
(1779048013.005546) can0 0000E009#0CDF0CDF0CDF0CE0
(1779048013.006573) can0 0000E010#0000000000000000
(1779048013.007616) can0 0000E011#0000000000000000
(1779048013.008566) can0 0000E012#0CDF000000000000
(1779048013.009560) can0 0000E013#4542323630354C43
(1779048013.010558) can0 0000E014#3134323300000000
(1779048013.011585) can0 0000E015#0000000000000003
(1779048013.012589) can0 0000F000#0000000000000000
(1779048013.013582) can0 0000F001#0000000000000000
(1779048013.014576) can0 18FF28F4#10330000020F0000
(1779048013.015549) can0 18FE28F4#0CE00CDF3F3F0000
(1779048013.016555) can0 18FD28F4#16D2FA6F00000000
(1779048013.017465) can0 4D4#000033007D0F0203
(1779048013.018459) can0 4D5#DF0CE00C3F3F0000
(1779048013.019548) can0 18914010#0CE0100CDF010000
(1779048013.020555) can0 18904010#020F020F753001FE
(1779048013.021549) can0 18924010#3F013F0100000000
(1779048013.022550) can0 18934010#000000150000BD42
(1779048013.023573) can0 18944010#1003000000000000
(1779048013.024580) can0 18954010#0000000000000000
(1779048013.025581) can0 18954010#0100000000000000
(1779048013.026575) can0 18954010#0200000000000000
(1779048013.027579) can0 18954010#0300000000000000
(1779048013.028583) can0 18954010#0400000000000000
(1779048013.029558) can0 18954010#0500000000000000
(1779048013.030573) can0 18964010#003F3F3F00000000
(1779048013.031558) can0 18974010#0000000000000000
(1779048013.032562) can0 18984010#0000000000000000
(1779048013.033549) can0 18FA28F4#E23DA12C10270000
(1779048013.034550) can0 18FB28F4#E00CDF0C3F3F0000
(1779048013.035550) can0 18FC28F4#383300000F020000
(1779048013.036549) can0 18F810F3#0F02E80333640100
(1779048013.037556) can0 18F811F3#E00C1001DF0C0101
(1779048013.038550) can0 18F812F3#3F01013F01010000
(1779048013.039565) can0 18F813F3#0101000000000000
(1779048013.040550) can0 18F814F3#3200BA1AA9015F00
(1779048013.041556) can0 18F815F3#0000000010030000
(1779048013.042455) can0 273#000000000F023300
(1779048013.043448) can0 1E1#020F271001FE01FE
(1779048013.044479) can0 1F5#0000000000000000
(1779048013.045562) can0 0800A6A9#0000000000000000
(1779048013.046550) can0 1000A6A9#0F02881333494949
(1779048013.047550) can0 1C00A6A9#0000000000030000
(1779048013.048569) can0 02018100#1003020F00000000
(1779048013.049569) can0 02028100#0000003364000000
(1779048013.050551) can0 02038100#0CE001100CDF0101
(1779048013.051551) can0 02048100#4901014901010000
(1779048013.052461) can0 1AD#9814000059331717
(1779048013.053441) can0 2AD#E00C800C98140016
(1779048013.054453) can0 3AD#0000000000009814
(1779048013.055464) can0 4AD#EB00000000000000
(1779048013.056467) can0 76A#7F00000000000000
(1779048013.115089) can0 0000E005#16D2430003B60591
(1779048013.115676) can0 1806E5F4#13EC010003B6023A
(1779048013.116555) can0 0000E000#13EC13EC020F0000
(1779048013.117555) can0 0000E004#171703B603B601E4
(1779048013.118556) can0 0000E006#0CDF0CDF0CDF0CDF
(1779048013.119556) can0 0000E007#0CDF0CDF0CDF0CDF
(1779048013.120556) can0 0000E008#0CDF0CDF0CDF0CDF
(1779048013.121555) can0 0000E009#0CDF0CDF0CDF0CE0
(1779048013.122575) can0 0000E010#0000000000000000
(1779048013.123568) can0 0000E011#0000000000000000
(1779048013.124555) can0 0000E012#0CDF000000000000
(1779048013.125569) can0 0000F001#0000000000000000
(1779048013.126563) can0 18FF28F4#10330000020F0000
(1779048013.127556) can0 18FE28F4#0CE00CDF3F3F0000
(1779048013.128556) can0 18FD28F4#16D2FA6F00000000
(1779048013.129473) can0 4D4#000033007D0F0203
(1779048013.130453) can0 4D5#DF0CE00C3F3F0000
(1779048013.131556) can0 18914010#0CE0100CDF010000
(1779048013.132556) can0 18904010#020F020F753001FE
(1779048013.133556) can0 18FA28F4#E23DA12C10270000
(1779048013.134557) can0 18FB28F4#E00CDF0C3F3F0000
(1779048013.135557) can0 18FC28F4#383300000F020000
(1779048013.136556) can0 18F810F3#0F02E80333640100
(1779048013.137595) can0 18F815F3#0000000010030000
(1779048013.138460) can0 273#000000000F023300
(1779048013.139440) can0 1E1#020F271001FE01FE
(1779048013.140472) can0 1F5#0000000000000000
(1779048013.141557) can0 0800A6A9#0000000000000000
(1779048013.142558) can0 1000A6A9#0F02881333494949
(1779048013.143557) can0 1C00A6A9#0000000000030000
(1779048013.144573) can0 02018100#1003020F00000000
(1779048013.145589) can0 02028100#0000003364000000
(1779048013.146557) can0 02038100#0CE001100CDF0101
(1779048013.147558) can0 02048100#4901014901010000
(1779048013.148440) can0 1AD#9814000059331717
(1779048013.149440) can0 2AD#E00C800C98140016
(1779048013.150466) can0 3AD#0000000000009814
(1779048013.151466) can0 4AD#EB00000000000000
(1779048013.152460) can0 76A#7F00000000000000
(1779048013.215080) can0 0000E005#16D2430003B60591
(1779048013.215664) can0 1806E5F4#13EC010003B6023A
(1779048013.216563) can0 0000E000#13EC13EC020F0000
(1779048013.217563) can0 0000E004#171703B603B601E4
(1779048013.218563) can0 0000E006#0CDF0CDF0CDF0CDF
(1779048013.219563) can0 0000E007#0CDF0CDF0CDF0CDF
(1779048013.220562) can0 0000E008#0CDF0CDF0CDF0CDF
(1779048013.221563) can0 0000E009#0CDF0CDF0CDF0CE0
(1779048013.222608) can0 0000E010#0000000000000000
(1779048013.223569) can0 0000E011#0000000000000000
(1779048013.224563) can0 0000E012#0CDF000000000000
(1779048013.225563) can0 0000F001#0000000000000000
(1779048013.226563) can0 18FF28F4#10330000020F0000
(1779048013.227564) can0 18FE28F4#0CE00CDF3F3F0000
(1779048013.228563) can0 18FD28F4#16D2FA6F00000000
(1779048013.229450) can0 4D4#000033007D0F0203
(1779048013.230497) can0 4D5#DF0CE00C3F3F0000
(1779048013.231563) can0 18914010#0CE0100CDF010000
(1779048013.232564) can0 18904010#020F020F753001FE
(1779048013.233564) can0 18FA28F4#E23DA12C10270000
(1779048013.234564) can0 18FB28F4#E00CDF0C3F3F0000
(1779048013.235564) can0 18FC28F4#383300000F020000
(1779048013.236564) can0 18F810F3#0F02E80333640100
(1779048013.237564) can0 18F815F3#0000000010030000
(1779048013.238501) can0 273#000000000F023300
(1779048013.239449) can0 1E1#020F271001FE01FE
(1779048013.240480) can0 1F5#0000000000000000
(1779048013.241565) can0 0800A6A9#0000000000000000
(1779048013.242565) can0 1000A6A9#0F02881333494949
(1779048013.243565) can0 1C00A6A9#0000000000030000
(1779048013.244565) can0 02018100#1003020F00000000
(1779048013.245564) can0 02028100#0000003364000000
(1779048013.246565) can0 02038100#0CE001100CDF0101
(1779048013.247565) can0 02048100#4901014901010000
(1779048013.248430) can0 1AD#9814000059331717
(1779048013.249442) can0 2AD#E00C800C98140016
(1779048013.250456) can0 3AD#0000000000009814
(1779048013.251468) can0 4AD#EB00000000000000
(1779048013.252462) can0 76A#7F00000000000000
(1779048013.315125) can0 0000E005#16D2430003B60591
(1779048013.315716) can0 1806E5F4#13EC010003B6023A
(1779048013.316570) can0 0000E000#13EC13EC020F0000
(1779048013.317570) can0 0000E004#171703B603B601E4
(1779048013.318570) can0 0000E006#0CDF0CDF0CDF0CDF
(1779048013.319570) can0 0000E007#0CDF0CDF0CDF0CDF
(1779048013.320571) can0 0000E008#0CDF0CDF0CDF0CDF
(1779048013.321570) can0 0000E009#0CDF0CDF0CDF0CE0
(1779048013.322571) can0 0000E010#0000000000000000
(1779048013.323570) can0 0000E011#0000000000000000
(1779048013.324570) can0 0000E012#0CDF000000000000
(1779048013.325570) can0 0000F001#0000000000000000
(1779048013.326571) can0 18FF28F4#10330000020F0000
(1779048013.327571) can0 18FE28F4#0CE00CDF3F3F0000
(1779048013.328571) can0 18FD28F4#16D2FA6F00000000
(1779048013.329449) can0 4D4#000033007D0F0203
(1779048013.330445) can0 4D5#DF0CE00C3F3F0000
(1779048013.331571) can0 18914010#0CE0100CDF010000
(1779048013.332571) can0 18904010#020F020F753001FE
(1779048013.333571) can0 18FA28F4#E23DA12C10270000
(1779048013.334572) can0 18FB28F4#E00CDF0C3F3F0000
(1779048013.335572) can0 18FC28F4#383300000F020000
(1779048013.336571) can0 18F810F3#0F02E80333640100
(1779048013.337571) can0 18F815F3#0000000010030000
(1779048013.338459) can0 273#000000000F023300
(1779048013.339446) can0 1E1#020F271001FE01FE
(1779048013.340468) can0 1F5#0000000000000000
(1779048013.341572) can0 0800A6A9#0000000000000000
(1779048013.342572) can0 1000A6A9#0F02881333494949
(1779048013.343572) can0 1C00A6A9#0000000000030000
(1779048013.344572) can0 02018100#1003020F00000000
(1779048013.345572) can0 02028100#0000003364000000
(1779048013.346572) can0 02038100#0CE001100CDF0101
(1779048013.347572) can0 02048100#4901014901010000
(1779048013.348431) can0 1AD#9814000059331717
(1779048013.349449) can0 2AD#E00C800C98140016
(1779048013.350463) can0 3AD#0000000000009814
(1779048013.351456) can0 4AD#EB00000000000000
(1779048013.352474) can0 76A#7F00000000000000
(1779048013.415086) can0 0000E005#16D2430003B60591
(1779048013.415654) can0 1806E5F4#13EC010003B6023A
(1779048013.416577) can0 0000E000#13EC13EC020F0000
(1779048013.417577) can0 0000E004#171703B603B601E4
(1779048013.418578) can0 0000E006#0CDF0CDF0CDF0CDF
(1779048013.419577) can0 0000E007#0CDF0CDF0CDF0CDF
(1779048013.420577) can0 0000E008#0CDF0CDF0CDF0CDF
(1779048013.421577) can0 0000E009#0CDF0CDF0CDF0CE0
(1779048013.422578) can0 0000E010#0000000000000000
(1779048013.423577) can0 0000E011#0000000000000000
(1779048013.424577) can0 0000E012#0CDF000000000000
(1779048013.425578) can0 0000F001#0000000000000000
(1779048013.426579) can0 18FF28F4#10330000020F0000
(1779048013.427578) can0 18FE28F4#0CE00CDF3F3F0000
(1779048013.428578) can0 18FD28F4#16D2FA6F00000000
(1779048013.429462) can0 4D4#000033007D0F0203
(1779048013.430442) can0 4D5#DF0CE00C3F3F0000
(1779048013.431578) can0 18914010#0CE0100CDF010000
(1779048013.432578) can0 18904010#020F020F753001FE
(1779048013.433578) can0 18FA28F4#E23DA12C10270000
(1779048013.434580) can0 18FB28F4#E00CDF0C3F3F0000
(1779048013.435578) can0 18FC28F4#383300000F020000
(1779048013.436579) can0 18F810F3#0F02E80333640100
(1779048013.437579) can0 18F815F3#0000000010030000
(1779048013.438449) can0 273#000000000F023300
(1779048013.439449) can0 1E1#020F271001FE01FE
(1779048013.440475) can0 1F5#0000000000000000
(1779048013.441579) can0 0800A6A9#0000000000000000
(1779048013.442521) can0 1000A6A9#0F02881333494949
(1779048013.443579) can0 1C00A6A9#0000000000030000
(1779048013.444580) can0 02018100#1003020F00000000
(1779048013.445587) can0 02028100#0000003364000000
(1779048013.446593) can0 02038100#0CE001100CDF0101
(1779048013.447583) can0 02048100#4901014901010000
(1779048013.448447) can0 1AD#9814000059331717
(1779048013.449440) can0 2AD#E00C800C98140016
(1779048013.450447) can0 3AD#0000000000009814
(1779048013.451465) can0 4AD#EB00000000000000
(1779048013.452465) can0 76A#7F00000000000000
(1779048013.532080) can0 0000E005#16D2430003B60591
(1779048013.532666) can0 1806E5F4#13EC010003B6023A
(1779048013.533587) can0 0000E000#13EC13EC020F0000
(1779048013.534522) can0 0000E004#171703B603B601E4
(1779048013.535587) can0 0000E006#0CDF0CDF0CDF0CDF
(1779048013.536587) can0 0000E007#0CDF0CDF0CDF0CDF
(1779048013.537587) can0 0000E008#0CDF0CDF0CDF0CDD
(1779048013.538587) can0 0000E009#0CDD0CDF0CDF0CE0
(1779048013.539587) can0 0000E010#0000000000000000
(1779048013.540589) can0 0000E011#0000000000000000
(1779048013.541588) can0 0000E012#0CDE000200000000
(1779048013.542517) can0 0000E013#4542323630354C43
(1779048013.543587) can0 0000E014#3134323300000000
(1779048013.544587) can0 0000E015#0000000000000003
(1779048013.545587) can0 0000F000#0000000000000000
(1779048013.546588) can0 0000F001#0000000000000000
(1779048013.547588) can0 18FF28F4#10330000020F0000
(1779048013.548588) can0 18FE28F4#0CE00CDD3F3F0000
(1779048013.549530) can0 18FD28F4#16D2FA6F00000000
(1779048013.550447) can0 4D4#000033007D0F0203
(1779048013.551446) can0 4D5#DD0CE00C3F3F0000
(1779048013.552520) can0 18914010#0CE0100CDD0C0000
(1779048013.553588) can0 18904010#020F020F753001FE
(1779048013.554593) can0 18924010#3F013F0100000000
(1779048013.555532) can0 18934010#000000160000BD42
(1779048013.556589) can0 18944010#1003000000000000
(1779048013.557588) can0 18954010#0000000000000000
(1779048013.558589) can0 18954010#0100000000000000
(1779048013.559588) can0 18954010#0200000000000000
(1779048013.560588) can0 18954010#0300000000000000
(1779048013.561589) can0 18954010#0400000000000000
(1779048013.562589) can0 18954010#0500000000000000
(1779048013.563589) can0 18964010#003F3F3F00000000
(1779048013.564589) can0 18974010#0000000000000000
(1779048013.565589) can0 18984010#0000000000000000
(1779048013.566517) can0 18FA28F4#E23DA12C10270000
(1779048013.567529) can0 18FB28F4#E00CDD0C3F3F0000
(1779048013.568589) can0 18FC28F4#383300000F020000
(1779048013.569518) can0 18F810F3#0F02E80333640100
(1779048013.570531) can0 18F811F3#E00C1001DD0C0C01
(1779048013.571589) can0 18F812F3#3F01013F01010000
(1779048013.572589) can0 18F813F3#0101000000000000
(1779048013.573531) can0 18F814F3#3200BA1AA9015F00
(1779048013.574590) can0 18F815F3#0000000010030000
(1779048013.575456) can0 273#000000000F023300
(1779048013.576445) can0 1E1#020F271001FE01FE
(1779048013.577460) can0 1F5#0000000000000000
(1779048013.578590) can0 0800A6A9#0000000000000000
(1779048013.579519) can0 1000A6A9#0F02881333494949
(1779048013.580590) can0 1C00A6A9#0000000000030000
(1779048013.581590) can0 02018100#1003020F00000000
(1779048013.582590) can0 02028100#0000003364000000
(1779048013.583590) can0 02038100#0CE001100CDD010C
(1779048013.584590) can0 02048100#4901014901010000
(1779048013.585423) can0 1AD#9714000059331717
(1779048013.586436) can0 2AD#E00C800C97140016
(1779048013.587448) can0 3AD#0000000000009714
(1779048013.588459) can0 4AD#EB00000000000000
(1779048013.589461) can0 76A#7F00000000000000
(1779048013.648073) can0 0000E005#16D2430003B60591
(1779048013.648662) can0 1806E5F4#13EC010003B6023A
(1779048013.649596) can0 0000E000#13EC13EC020F0000
(1779048013.650518) can0 0000E004#171703B603B601E4
(1779048013.651536) can0 0000E006#0CDF0CDF0CDF0CDF
(1779048013.652595) can0 0000E007#0CDF0CDF0CDF0CDF
(1779048013.653595) can0 0000E008#0CDF0CDF0CDF0CDD
(1779048013.654537) can0 0000E009#0CDD0CDF0CDF0CE0
(1779048013.655595) can0 0000E010#0000000000000000
(1779048013.656595) can0 0000E011#0000000000000000
(1779048013.657595) can0 0000E012#0CDE000200000000
(1779048013.658596) can0 0000F001#0000000000000000
(1779048013.659595) can0 18FF28F4#10330000020F0000
(1779048013.660537) can0 18FE28F4#0CE00CDD3F3F0000
(1779048013.661536) can0 18FD28F4#16D2FA6F00000000
(1779048013.662453) can0 4D4#000033007D0F0203
(1779048013.663435) can0 4D5#DD0CE00C3F3F0000
(1779048013.664523) can0 18914010#0CE0100CDD0C0000
(1779048013.665597) can0 18904010#020F020F753001FE
(1779048013.666539) can0 18FA28F4#E23DA12C10270000
(1779048013.667535) can0 18FB28F4#E00CDD0C3F3F0000
(1779048013.668601) can0 18FC28F4#383300000F020000
(1779048013.669521) can0 18F810F3#0F02E80333640100
(1779048013.670597) can0 18F815F3#0000000010030000
(1779048013.671450) can0 273#000000000F023300
(1779048013.672448) can0 1E1#020F271001FE01FE
(1779048013.673460) can0 1F5#0000000000000000
(1779048013.674598) can0 0800A6A9#0000000000000000
(1779048013.675514) can0 1000A6A9#0F02881333494949
(1779048013.676597) can0 1C00A6A9#0000000000030000
(1779048013.677597) can0 02018100#1003020F00000000
(1779048013.678597) can0 02028100#0000003364000000
(1779048013.679540) can0 02038100#0CE001100CDD010C
(1779048013.680602) can0 02048100#4901014901010000
(1779048013.681418) can0 1AD#9714000059331717
(1779048013.682435) can0 2AD#E00C800C97140016
(1779048013.683444) can0 3AD#0000000000009714
(1779048013.684507) can0 4AD#EB00000000000000
(1779048013.685456) can0 76A#7F00000000000000
(1779048013.748129) can0 0000E005#16D2430003B60591
(1779048013.748720) can0 1806E5F4#13EC010003B6023A
(1779048013.749603) can0 0000E000#13EC13EC020F0000
(1779048013.750520) can0 0000E004#171703B603B601E4
(1779048013.751542) can0 0000E006#0CDF0CDF0CDF0CDF
(1779048013.752537) can0 0000E007#0CDF0CDF0CDF0CDF
(1779048013.753603) can0 0000E008#0CDF0CDF0CDF0CDD
(1779048013.754528) can0 0000E009#0CDD0CDF0CDF0CE0
(1779048013.755603) can0 0000E010#0000000000000000
(1779048013.756603) can0 0000E011#0000000000000000
(1779048013.757603) can0 0000E012#0CDE000200000000
(1779048013.758604) can0 0000F001#0000000000000000
(1779048013.759603) can0 18FF28F4#10330000020F0000
(1779048013.760526) can0 18FE28F4#0CE00CDD3F3F0000
(1779048013.761603) can0 18FD28F4#16D2FA6F00000000
(1779048013.762437) can0 4D4#000033007D0F0203
(1779048013.763437) can0 4D5#DD0CE00C3F3F0000
(1779048013.764531) can0 18914010#0CE0100CDD0C0000
(1779048013.765531) can0 18904010#020F020F753001FE
(1779048013.766522) can0 18FA28F4#E23DA12C10270000
(1779048013.767525) can0 18FB28F4#E00CDD0C3F3F0000
(1779048013.768538) can0 18FC28F4#383300000F020000
(1779048013.769603) can0 18F810F3#0F02E80333640100
(1779048013.770546) can0 18F815F3#0000000010030000
(1779048013.771449) can0 273#000000000F023300
(1779048013.772443) can0 1E1#020F271001FE01FE
(1779048013.773461) can0 1F5#0000000000000000
(1779048013.774605) can0 0800A6A9#0000000000000000
(1779048013.775513) can0 1000A6A9#0F02881333494949
(1779048013.776544) can0 1C00A6A9#0000000000030000
(1779048013.777604) can0 02018100#1003020F00000000
(1779048013.778605) can0 02028100#0000003364000000
(1779048013.779526) can0 02038100#0CE001100CDD010C
(1779048013.780545) can0 02048100#4901014901010000
(1779048013.781424) can0 1AD#9714000059331717
(1779048013.782438) can0 2AD#E00C800C97140016
(1779048013.783451) can0 3AD#0000000000009714
(1779048013.784464) can0 4AD#EB00000000000000
(1779048013.785457) can0 76A#7F00000000000000
(1779048013.848080) can0 0000E005#16D2430003B60591
(1779048013.848665) can0 1806E5F4#13EC010003B6023A
(1779048013.849540) can0 0000E000#13EC13EC020F0000
(1779048013.850526) can0 0000E004#171703B603B601E4
(1779048013.851536) can0 0000E006#0CDF0CDF0CDF0CDF
(1779048013.852538) can0 0000E007#0CDF0CDF0CDF0CDF
(1779048013.853532) can0 0000E008#0CDF0CDF0CDF0CDD
(1779048013.854532) can0 0000E009#0CDF0CDF0CDF0CE0
(1779048013.855610) can0 0000E010#0000000000000000
(1779048013.856610) can0 0000E011#0000000000000000
(1779048013.857552) can0 0000E012#0CDE000200000000
(1779048013.858610) can0 0000F001#0000000000000000
(1779048013.859610) can0 18FF28F4#10330000020F0000
(1779048013.860534) can0 18FE28F4#0CE00CDD3F3F0000
(1779048013.861533) can0 18FD28F4#16D2FA6F00000000
(1779048013.862450) can0 4D4#000033007D0F0203
(1779048013.863427) can0 4D5#DD0CE00C3F3F0000
(1779048013.864526) can0 18914010#0CE0100CDD0C0000
(1779048013.865538) can0 18904010#020F020F753001FE
(1779048013.866521) can0 18FA28F4#E23DA12C10270000
(1779048013.867534) can0 18FB28F4#E00CDD0C3F3F0000
(1779048013.868551) can0 18FC28F4#383300000F020000
(1779048013.869514) can0 18F810F3#0F02E80333640100
(1779048013.870546) can0 18F815F3#0000000010030000
(1779048013.871443) can0 273#000000000F023300
(1779048013.872444) can0 1E1#020F271001FE01FE
(1779048013.873477) can0 1F5#0000000000000000
(1779048013.874553) can0 0800A6A9#0000000000000000
(1779048013.875516) can0 1000A6A9#0F02881333494949
(1779048013.876547) can0 1C00A6A9#0000000000030000
(1779048013.877612) can0 02018100#1003020F00000000
(1779048013.878543) can0 02028100#0000003364000000
(1779048013.879533) can0 02038100#0CE001100CDD010C
(1779048013.880535) can0 02048100#4901014901010000
(1779048013.881434) can0 1AD#9714000059331717
(1779048013.882432) can0 2AD#E00C800C97140016
(1779048013.883459) can0 3AD#0000000000009714
(1779048013.884457) can0 4AD#EB00000000000000
(1779048013.885453) can0 76A#7F00000000000000
(1779048013.948064) can0 0000E005#16D2430003B60591
(1779048013.948656) can0 1806E5F4#13EC010003B6023A
(1779048013.949536) can0 0000E000#13EC13EC020F0000
(1779048013.950520) can0 0000E004#171703B603B601E4
(1779048013.951533) can0 0000E006#0CDF0CDF0CDF0CDF
(1779048013.952533) can0 0000E007#0CDF0CDF0CDF0CDF
(1779048013.953532) can0 0000E008#0CDF0CDF0CDF0CDD
(1779048013.954527) can0 0000E009#0CDF0CDF0CDF0CE0
(1779048013.955559) can0 0000E010#0000000000000000
(1779048013.956548) can0 0000E011#0000000000000000
(1779048013.957552) can0 0000E012#0CDE000200000000
(1779048013.958552) can0 0000F001#0000000000000000
(1779048013.959552) can0 18FF28F4#10330000020F0000
(1779048013.960529) can0 18FE28F4#0CE00CDD3F3F0000
(1779048013.961526) can0 18FD28F4#16D2FA6F00000000
(1779048013.962444) can0 4D4#000033007D0F0203
(1779048013.963425) can0 4D5#DD0CE00C3F3F0000
(1779048013.964521) can0 18914010#0CE0100CDD0C0000
(1779048013.965534) can0 18904010#020F020F753001FE
(1779048013.966534) can0 18FA28F4#E23DA12C10270000
(1779048013.967534) can0 18FB28F4#E00CDD0C3F3F0000
(1779048013.968618) can0 18FC28F4#383300000F020000
(1779048013.969521) can0 18F810F3#0F02E80333640100
(1779048013.970554) can0 18F815F3#0000000010030000
(1779048013.971451) can0 273#000000000F023300
(1779048013.972432) can0 1E1#020F271001FE01FE
(1779048013.973464) can0 1F5#0000000000000000
(1779048013.974540) can0 0800A6A9#0000000000000000
(1779048013.975509) can0 1000A6A9#0F02881333494949
(1779048013.976619) can0 1C00A6A9#0000000000030000
(1779048013.977548) can0 02018100#1003020F00000000
(1779048013.978548) can0 02028100#0000003364000000
(1779048013.979527) can0 02038100#0CE001100CDD010C
(1779048013.980516) can0 02048100#4901014901010000
(1779048013.981420) can0 1AD#9714000059331717
(1779048013.982420) can0 2AD#E00C800C97140016
(1779048013.983445) can0 3AD#0000000000009714
(1779048013.984490) can0 4AD#EB00000000000000
(1779048013.985459) can0 76A#7F00000000000000
(1779048014.065070) can0 0000E005#16D2430003B60591
(1779048014.065674) can0 1806E5F4#13EC010003B6023A
(1779048014.066552) can0 0000E000#13EC13EC020F0000
(1779048014.067516) can0 0000E004#171703B603B601E4
(1779048014.068530) can0 0000E006#0CDF0CDF0CDF0CDF
(1779048014.069626) can0 0000E007#0CDF0CDF0CDF0CDF
(1779048014.070536) can0 0000E008#0CDF0CDF0CDF0CDF
(1779048014.071535) can0 0000E009#0CDF0CDF0CDF0CE0
(1779048014.072561) can0 0000E010#0000000000000000
(1779048014.073542) can0 0000E011#0000000000000000
(1779048014.074541) can0 0000E012#0CDF000000000000
(1779048014.075510) can0 0000E013#4542323630354C43
(1779048014.076535) can0 0000E014#3134323300000000
(1779048014.077627) can0 0000E015#0000000000000003
(1779048014.078562) can0 0000F000#0000000000000000
(1779048014.079542) can0 0000F001#0000000000000000
(1779048014.080542) can0 18FF28F4#10330000020F0000
(1779048014.081517) can0 18FE28F4#0CE00CDF3F3F0000
(1779048014.082523) can0 18FD28F4#16D2FA6F00000000
(1779048014.083440) can0 4D4#000033007D0F0203
(1779048014.084434) can0 4D5#DF0CE00C3F3F0000
(1779048014.085530) can0 18914010#0CE0100CDF010000
(1779048014.086529) can0 18904010#020F020F753001FE
(1779048014.087542) can0 18924010#3F013F0100000000
(1779048014.088523) can0 18934010#000000170000BD42
(1779048014.089536) can0 18944010#1003000000000000
(1779048014.090568) can0 18954010#0000000000000000
(1779048014.091549) can0 18954010#0100000000000000
(1779048014.092549) can0 18954010#0200000000000000
(1779048014.093541) can0 18954010#0300000000000000
(1779048014.094543) can0 18954010#0400000000000000
(1779048014.095543) can0 18954010#0500000000000000
(1779048014.096556) can0 18964010#003F3F3F00000000
(1779048014.097551) can0 18974010#0000000000000000
(1779048014.098554) can0 18984010#0000000000000000
(1779048014.099512) can0 18FA28F4#E23DA12C10270000
(1779048014.100523) can0 18FB28F4#E00CDF0C3F3F0000
(1779048014.101536) can0 18FC28F4#383300000F020000
(1779048014.102517) can0 18F810F3#0F02E80333640100
(1779048014.103531) can0 18F811F3#E00C1001DF0C0101
(1779048014.104527) can0 18F812F3#3F01013F01010000
(1779048014.105548) can0 18F813F3#0101000000000000
(1779048014.106518) can0 18F814F3#3200BA1AA9015F00
(1779048014.107550) can0 18F815F3#0000000010030000
(1779048014.108449) can0 273#000000000F023300
(1779048014.109442) can0 1E1#020F271001FE01FE
(1779048014.110458) can0 1F5#0000000000000000
(1779048014.111550) can0 0800A6A9#0000000000000000
(1779048014.112518) can0 1000A6A9#0F02881333494949
(1779048014.113533) can0 1C00A6A9#0000000000030000
(1779048014.114564) can0 02018100#1003020F00000000
(1779048014.115544) can0 02028100#0000003364000000
(1779048014.116539) can0 02038100#0CE001100CDF0101
(1779048014.117513) can0 02048100#4901014901010000
(1779048014.118419) can0 1AD#9814000059331717
(1779048014.119436) can0 2AD#E00C800C98140016
(1779048014.120450) can0 3AD#0000000000009814
(1779048014.121442) can0 4AD#EB00000000000000
(1779048014.122463) can0 76A#7F00000000000000
(1779048014.181116) can0 0000E005#16D2430003B60591
(1779048014.181708) can0 1806E5F4#13EC010003B6023A
(1779048014.182551) can0 0000E000#13EC13EC020F0000
(1779048014.183519) can0 0000E004#171703B603B601E4
(1779048014.184531) can0 0000E006#0CDF0CDF0CDF0CDF
(1779048014.185543) can0 0000E007#0CDF0CDF0CDF0CDF
(1779048014.186541) can0 0000E008#0CDF0CDF0CDF0CDF
(1779048014.187525) can0 0000E009#0CDF0CDF0CDF0CE0
(1779048014.188551) can0 0000E010#0000000000000000
(1779048014.189549) can0 0000E011#0000000000000000
(1779048014.190545) can0 0000E012#0CDF000000000000
(1779048014.191563) can0 0000F001#0000000000000000
(1779048014.192544) can0 18FF28F4#10330000020F0000
(1779048014.193525) can0 18FE28F4#0CE00CDF3F3F0000
(1779048014.194527) can0 18FD28F4#16D2FA6F00000000
(1779048014.195443) can0 4D4#000033007D0F0203
(1779048014.196442) can0 4D5#DF0CE00C3F3F0000
(1779048014.197533) can0 18914010#0CE0100CDF010000
(1779048014.198527) can0 18904010#020F020F753001FE
(1779048014.199532) can0 18FA28F4#E23DA12C10270000
(1779048014.200527) can0 18FB28F4#E00CDF0C3F3F0000
(1779048014.201539) can0 18FC28F4#383300000F020000
(1779048014.202503) can0 18F810F3#0F02E80333640100
(1779048014.203551) can0 18F815F3#0000000010030000
(1779048014.204436) can0 273#000000000F023300
(1779048014.205436) can0 1E1#020F271001FE01FE
(1779048014.206468) can0 1F5#0000000000000000
(1779048014.207563) can0 0800A6A9#0000000000000000
(1779048014.208513) can0 1000A6A9#0F02881333494949
(1779048014.209539) can0 1C00A6A9#0000000000030000
(1779048014.210548) can0 02018100#1003020F00000000
(1779048014.211533) can0 02028100#0000003364000000
(1779048014.212532) can0 02038100#0CE001100CDF0101
(1779048014.213527) can0 02048100#4901014901010000
(1779048014.214429) can0 1AD#9814000059331717
(1779048014.215456) can0 2AD#E00C800C98140016
(1779048014.216457) can0 3AD#0000000000009814
(1779048014.217450) can0 4AD#EB00000000000000
(1779048014.218451) can0 76A#7F00000000000000
(1779048014.281107) can0 0000E005#16D2430003B60591
(1779048014.281689) can0 1806E5F4#13EC010003B6023A
(1779048014.282546) can0 0000E000#13EC13EC020F0000
(1779048014.283510) can0 0000E004#171703B603B601E4
(1779048014.284556) can0 0000E006#0CDF0CDF0CDF0CDF
(1779048014.285537) can0 0000E007#0CDF0CDF0CDF0CDF
(1779048014.286539) can0 0000E008#0CDF0CDF0CDF0CDF
(1779048014.287533) can0 0000E009#0CDF0CDF0CDF0CE0
(1779048014.288551) can0 0000E010#0000000000000000
(1779048014.289545) can0 0000E011#0000000000000000
(1779048014.290545) can0 0000E012#0CDF000000000000
(1779048014.291557) can0 0000F001#0000000000000000
(1779048014.292571) can0 18FF28F4#10330000020F0000
(1779048014.293520) can0 18FE28F4#0CE00CDF3F3F0000
(1779048014.294522) can0 18FD28F4#16D2FA6F00000000
(1779048014.295434) can0 4D4#000033007D0F0203
(1779048014.296438) can0 4D5#DF0CE00C3F3F0000
(1779048014.297526) can0 18914010#0CE0100CDF010000
(1779048014.298526) can0 18904010#020F020F753001FE
(1779048014.299523) can0 18FA28F4#E23DA12C10270000
(1779048014.300571) can0 18FB28F4#E00CDF0C3F3F0000
(1779048014.301539) can0 18FC28F4#383300000F020000
(1779048014.302521) can0 18F810F3#0F02E80333640100
(1779048014.303549) can0 18F815F3#0000000010030000
(1779048014.304456) can0 273#000000000F023300
(1779048014.305434) can0 1E1#020F271001FE01FE
(1779048014.306463) can0 1F5#0000000000000000
(1779048014.307534) can0 0800A6A9#0000000000000000
(1779048014.308552) can0 1000A6A9#0F02881333494949
(1779048014.309533) can0 1C00A6A9#0000000000030000
(1779048014.310546) can0 02018100#1003020F00000000
(1779048014.311541) can0 02028100#0000003364000000
(1779048014.312527) can0 02038100#0CE001100CDF0101
(1779048014.313527) can0 02048100#4901014901010000
(1779048014.314427) can0 1AD#9814000059331717
(1779048014.315438) can0 2AD#E00C800C98140016
(1779048014.316451) can0 3AD#0000000000009814
(1779048014.317444) can0 4AD#EB00000000000000
(1779048014.318458) can0 76A#7F00000000000000
(1779048014.381051) can0 0000E005#16D2430003B60591
(1779048014.381659) can0 1806E5F4#13EC010003B6023A
(1779048014.382541) can0 0000E000#13EC13EC020F0000
(1779048014.383519) can0 0000E004#171703B603B601E4
(1779048014.384528) can0 0000E006#0CDF0CDF0CDF0CDF
(1779048014.385533) can0 0000E007#0CDF0CDF0CDF0CDF
(1779048014.386532) can0 0000E008#0CDF0CDF0CDF0CDF
(1779048014.387527) can0 0000E009#0CDF0CDF0CDF0CDF
(1779048014.388558) can0 0000E010#0000000000000000
(1779048014.389558) can0 0000E011#0000000000000000
(1779048014.390539) can0 0000E012#0CDE000000000000
(1779048014.391552) can0 0000F001#0000000000000000
(1779048014.392531) can0 18FF28F4#10330000020F0000
(1779048014.393533) can0 18FE28F4#0CDF0CDF3F3F0000
(1779048014.394527) can0 18FD28F4#16D2FA6F00000000
(1779048014.395431) can0 4D4#000033007D0F0203
(1779048014.396440) can0 4D5#DF0CDF0C3F3F0000
(1779048014.397521) can0 18914010#0CDF010CDF010000
(1779048014.398520) can0 18904010#020F020F753001FE
(1779048014.399525) can0 18FA28F4#E23DA12C10270000
(1779048014.400542) can0 18FB28F4#DF0CDF0C3F3F0000
(1779048014.401530) can0 18FC28F4#383300000F020000
(1779048014.402512) can0 18F810F3#0F02E80333640100
(1779048014.403540) can0 18F815F3#0000000010030000
(1779048014.404436) can0 273#000000000F023300
(1779048014.405449) can0 1E1#020F271001FE01FE
(1779048014.406454) can0 1F5#0000000000000000
(1779048014.407548) can0 0800A6A9#0000000000000000
(1779048014.408496) can0 1000A6A9#0F02881333494949
(1779048014.409530) can0 1C00A6A9#0000000000030000
(1779048014.410541) can0 02018100#1003020F00000000
(1779048014.411541) can0 02028100#0000003364000000
(1779048014.412533) can0 02038100#0CDF01010CDF0101
(1779048014.413527) can0 02048100#4901014901010000
(1779048014.414433) can0 1AD#9714000059331717
(1779048014.415426) can0 2AD#DF0C800C97140016
(1779048014.416435) can0 3AD#0000000000009714
(1779048014.417452) can0 4AD#EB00000000000000
(1779048014.418446) can0 76A#7F00000000000000
(1779048014.481127) can0 0000E005#16D2430003B60591
(1779048014.481699) can0 1806E5F4#13EC010003B6023A
(1779048014.482550) can0 0000E000#13EC13EC020F0000
(1779048014.483514) can0 0000E004#171703B603B601E4
(1779048014.484527) can0 0000E006#0CDF0CDF0CDF0CDF
(1779048014.485527) can0 0000E007#0CDF0CDF0CDF0CDF
(1779048014.486521) can0 0000E008#0CDF0CDF0CDF0CDF
(1779048014.487534) can0 0000E009#0CDF0CDF0CDF0CDF
(1779048014.488552) can0 0000E010#0000000000000000
(1779048014.489547) can0 0000E011#0000000000000000
(1779048014.490546) can0 0000E012#0CDE000000000000
(1779048014.491560) can0 0000F001#0000000000000000
(1779048014.492541) can0 18FF28F4#10330000020F0000
(1779048014.493520) can0 18FE28F4#0CDF0CDF3F3F0000
(1779048014.494523) can0 18FD28F4#16D2FA6F00000000
(1779048014.495439) can0 4D4#000033007D0F0203
(1779048014.496440) can0 4D5#DF0CDF0C3F3F0000
(1779048014.497531) can0 18914010#0CDF010CDF010000
(1779048014.498535) can0 18904010#020F020F753001FE
(1779048014.499530) can0 18FA28F4#E23DA12C10270000
(1779048014.500528) can0 18FB28F4#DF0CDF0C3F3F0000
(1779048014.501532) can0 18FC28F4#383300000F020000
(1779048014.502505) can0 18F810F3#0F02E80333640100
(1779048014.503554) can0 18F815F3#0000000010030000
(1779048014.504434) can0 273#000000000F023300
(1779048014.505433) can0 1E1#020F271001FE01FE
(1779048014.506466) can0 1F5#0000000000000000
(1779048014.507555) can0 0800A6A9#0000000000000000
(1779048014.508510) can0 1000A6A9#0F02881333494949
(1779048014.509539) can0 1C00A6A9#0000000000030000
(1779048014.510555) can0 02018100#1003020F00000000
(1779048014.511536) can0 02028100#0000003364000000
(1779048014.512530) can0 02038100#0CDF01010CDF0101
(1779048014.513525) can0 02048100#4901014901010000
(1779048014.514408) can0 1AD#9714000059331717
(1779048014.515453) can0 2AD#DF0C800C97140016
(1779048014.516434) can0 3AD#0000000000009714
(1779048014.517446) can0 4AD#EB00000000000000
(1779048014.518448) can0 76A#7F00000000000000
(1779048014.598127) can0 0000E005#16D2430003B60591
(1779048014.598709) can0 1806E5F4#13EC010003B6023A
(1779048014.599531) can0 0000E000#13EC13EC020F0000
(1779048014.600561) can0 0000E004#171703B603B601E4
(1779048014.601534) can0 0000E006#0CDF0CDF0CDF0CDF
(1779048014.602541) can0 0000E007#0CDF0CDF0CDF0CDF
(1779048014.603523) can0 0000E008#0CDF0CDF0CDF0CDF
(1779048014.604524) can0 0000E009#0CDF0CDF0CDF0CE0
(1779048014.605557) can0 0000E010#0000000000000000
(1779048014.606550) can0 0000E011#0000000000000000
(1779048014.607532) can0 0000E012#0CDF000000000000
(1779048014.608549) can0 0000E013#4542323630354C43
(1779048014.609530) can0 0000E014#3134323300000000
(1779048014.610543) can0 0000E015#0000000000000003
(1779048014.611556) can0 0000F000#0000000000000000
(1779048014.612555) can0 0000F001#0000000000000000
(1779048014.613537) can0 18FF28F4#10330000020F0000
(1779048014.614518) can0 18FE28F4#0CE00CDF3F3F0000
(1779048014.615510) can0 18FD28F4#16D2FA6F00000000
(1779048014.616435) can0 4D4#000033007D0F0203
(1779048014.617430) can0 4D5#DF0CE00C3F3F0000
(1779048014.618524) can0 18914010#0CE0100CDF010000
(1779048014.619523) can0 18904010#020F020F753001FE
(1779048014.620538) can0 18924010#3F013F0100000000
(1779048014.621518) can0 18934010#000000180000BD42
(1779048014.622533) can0 18944010#1003000000000000
(1779048014.623550) can0 18954010#0000000000000000
(1779048014.624544) can0 18954010#0100000000000000
(1779048014.625545) can0 18954010#0200000000000000
(1779048014.626544) can0 18954010#0300000000000000
(1779048014.627534) can0 18954010#0400000000000000
(1779048014.628538) can0 18954010#0500000000000000
(1779048014.629531) can0 18964010#003F3F3F00000000
(1779048014.630545) can0 18974010#0000000000000000
(1779048014.631536) can0 18984010#0000000000000000
(1779048014.632506) can0 18FA28F4#E23DA12C10270000
(1779048014.633518) can0 18FB28F4#E00CDF0C3F3F0000
(1779048014.634533) can0 18FC28F4#383300000F020000
(1779048014.635512) can0 18F810F3#0F02E80333640100
(1779048014.636524) can0 18F811F3#E00C1001DF0C0101
(1779048014.637525) can0 18F812F3#3F01013F01010000
(1779048014.638543) can0 18F813F3#0101000000000000
(1779048014.639517) can0 18F814F3#3200BA1AA9015F00
(1779048014.640546) can0 18F815F3#0000000010030000
(1779048014.641445) can0 273#000000000F023300
(1779048014.642421) can0 1E1#020F271001FE01FE
(1779048014.643456) can0 1F5#0000000000000000
(1779048014.644534) can0 0800A6A9#0000000000000000
(1779048014.645514) can0 1000A6A9#0F02881333494949
(1779048014.646528) can0 1C00A6A9#0000000000030000
(1779048014.647539) can0 02018100#1003020F00000000
(1779048014.648555) can0 02028100#0000003364000000
(1779048014.649534) can0 02038100#0CE001100CDF0101
(1779048014.650517) can0 02048100#4901014901010000
(1779048014.651425) can0 1AD#9814000059331717
(1779048014.652432) can0 2AD#E00C800C98140016
(1779048014.653464) can0 3AD#0000000000009814
(1779048014.654452) can0 4AD#EB00000000000000
(1779048014.655460) can0 76A#7F00000000000000
(1779048014.738123) can0 0000E005#16D2430003B60591
(1779048014.738699) can0 1806E5F4#13EC010003B6023A
(1779048014.739543) can0 0000E000#13EC13EC020F0000
(1779048014.740508) can0 0000E004#171703B603B601E4
(1779048014.741522) can0 0000E006#0CDF0CDF0CDF0CDF
(1779048014.742541) can0 0000E007#0CDF0CDF0CDF0CDF
(1779048014.743513) can0 0000E008#0CDF0CDF0CDF0CDF
(1779048014.744516) can0 0000E009#0CDF0CDF0CDF0CE0
(1779048014.745547) can0 0000E010#0000000000000000
(1779048014.746580) can0 0000E011#0000000000000000
(1779048014.747524) can0 0000E012#0CDF000000000000
(1779048014.748543) can0 0000F001#0000000000000000
(1779048014.749542) can0 18FF28F4#10330000020F0000
(1779048014.750523) can0 18FE28F4#0CE00CDF3F3F0000
(1779048014.751522) can0 18FD28F4#16D2FA6F00000000
(1779048014.752433) can0 4D4#000033007D0F0203
(1779048014.753432) can0 4D5#DF0CE00C3F3F0000
(1779048014.754561) can0 18914010#0CE0100CDF010000
(1779048014.755520) can0 18904010#020F020F753001FE
(1779048014.756509) can0 18FA28F4#E23DA12C10270000
(1779048014.757524) can0 18FB28F4#E00CDF0C3F3F0000
(1779048014.758535) can0 18FC28F4#383300000F020000
(1779048014.759497) can0 18F810F3#0F02E80333640100
(1779048014.760534) can0 18F815F3#0000000010030000
(1779048014.761432) can0 273#000000000F023300
(1779048014.762484) can0 1E1#020F271001FE01FE
(1779048014.763463) can0 1F5#0000000000000000
(1779048014.764541) can0 0800A6A9#0000000000000000
(1779048014.765505) can0 1000A6A9#0F02881333494949
(1779048014.766537) can0 1C00A6A9#0000000000030000
(1779048014.767545) can0 02018100#1003020F00000000
(1779048014.768530) can0 02028100#0000003364000000
(1779048014.769530) can0 02038100#0CE001100CDF0101
(1779048014.770523) can0 02048100#4901014901010000
(1779048014.771423) can0 1AD#9814000059331717
(1779048014.772421) can0 2AD#E00C800C98140016
(1779048014.773447) can0 3AD#0000000000009814
(1779048014.774447) can0 4AD#EB00000000000000
(1779048014.775440) can0 76A#7F00000000000000
(1779048014.838068) can0 0000E005#16D2430003B60591
(1779048014.838685) can0 1806E5F4#13EC010003B6023A
(1779048014.839575) can0 0000E000#13EC13EC020F0000
(1779048014.840504) can0 0000E004#171703B603B601E4
(1779048014.841522) can0 0000E006#0CDF0CDF0CDF0CDF
(1779048014.842521) can0 0000E007#0CDF0CDF0CDF0CDF
(1779048014.843516) can0 0000E008#0CDF0CDF0CDF0CDF
(1779048014.844509) can0 0000E009#0CDF0CDF0CDF0CE0
(1779048014.845547) can0 0000E010#0000000000000000
(1779048014.846542) can0 0000E011#0000000000000000
(1779048014.847522) can0 0000E012#0CDF000000000000
(1779048014.848535) can0 0000F001#0000000000000000
(1779048014.849534) can0 18FF28F4#10330000020F0000
(1779048014.850516) can0 18FE28F4#0CE00CDF3F3F0000
(1779048014.851515) can0 18FD28F4#16D2FA6F00000000
(1779048014.852428) can0 4D4#000033007D0F0203
(1779048014.853433) can0 4D5#DF0CE00C3F3F0000
(1779048014.854530) can0 18914010#0CE0100CDF010000
(1779048014.855523) can0 18904010#020F020F753001FE
(1779048014.856513) can0 18FA28F4#E23DA12C10270000
(1779048014.857516) can0 18FB28F4#E00CDF0C3F3F0000
(1779048014.858537) can0 18FC28F4#383300000F020000
(1779048014.859497) can0 18F810F3#0F02E80333640100
(1779048014.860543) can0 18F815F3#0000000010030000
(1779048014.861427) can0 273#000000000F023300
(1779048014.862429) can0 1E1#020F271001FE01FE
(1779048014.863459) can0 1F5#0000000000000000
(1779048014.864529) can0 0800A6A9#0000000000000000
(1779048014.865504) can0 1000A6A9#0F02881333494949
(1779048014.866530) can0 1C00A6A9#0000000000030000
(1779048014.867560) can0 02018100#1003020F00000000
(1779048014.868544) can0 02028100#0000003364000000
(1779048014.869539) can0 02038100#0CE001100CDF0101
(1779048014.870530) can0 02048100#4901014901010000
(1779048014.871429) can0 1AD#9814000059331717
(1779048014.872420) can0 2AD#E00C800C98140016
(1779048014.873448) can0 3AD#0000000000009814
(1779048014.874449) can0 4AD#EB00000000000000
(1779048014.875440) can0 76A#7F00000000000000
(1779048014.938072) can0 0000E005#16D2430003B60591
(1779048014.938694) can0 1806E5F4#13EC010003B6023A
(1779048014.939537) can0 0000E000#13EC13EC020F0000
(1779048014.940516) can0 0000E004#171703B603B601E4
(1779048014.941527) can0 0000E006#0CDF0CDF0CDF0CDF
(1779048014.942532) can0 0000E007#0CDF0CDF0CDF0CDF
(1779048014.943523) can0 0000E008#0CDF0CDF0CDF0CDF
(1779048014.944525) can0 0000E009#0CDF0CDF0CDF0CE0
(1779048014.945555) can0 0000E010#0000000000000000
(1779048014.946537) can0 0000E011#0000000000000000
(1779048014.947535) can0 0000E012#0CDF000000000000
(1779048014.948560) can0 0000F001#0000000000000000
(1779048014.949537) can0 18FF28F4#10330000020F0000
(1779048014.950520) can0 18FE28F4#0CE00CDF3F3F0000
(1779048014.951516) can0 18FD28F4#16D2FA6F00000000
(1779048014.952430) can0 4D4#000033007D0F0203
(1779048014.953437) can0 4D5#DF0CE00C3F3F0000
(1779048014.954520) can0 18914010#0CE0100CDF010000
(1779048014.955523) can0 18904010#020F020F753001FE
(1779048014.956525) can0 18FA28F4#E23DA12C10270000
(1779048014.957520) can0 18FB28F4#E00CDF0C3F3F0000
(1779048014.958531) can0 18FC28F4#383300000F020000
(1779048014.959511) can0 18F810F3#0F02E80333640100
(1779048014.960537) can0 18F815F3#0000000010030000
(1779048014.961453) can0 273#000000000F023300
(1779048014.962423) can0 1E1#020F271001FE01FE
(1779048014.963454) can0 1F5#0000000000000000
(1779048014.964528) can0 0800A6A9#0000000000000000
(1779048014.965494) can0 1000A6A9#0F02881333494949
(1779048014.966524) can0 1C00A6A9#0000000000030000
(1779048014.967542) can0 02018100#1003020F00000000
(1779048014.968524) can0 02028100#0000003364000000
(1779048014.969549) can0 02038100#0CE001100CDF0101
(1779048014.970511) can0 02048100#4901014901010000
(1779048014.971416) can0 1AD#9814000059331717
(1779048014.972428) can0 2AD#E00C800C98140016
(1779048014.973438) can0 3AD#0000000000009814
(1779048014.974436) can0 4AD#EB00000000000000
(1779048014.975448) can0 76A#7F00000000000000
(1779048015.038120) can0 0000E005#16D2430003B60591
(1779048015.038697) can0 1806E5F4#13EC010003B6023A
(1779048015.039538) can0 0000E000#13EC13EC020F0000
(1779048015.040504) can0 0000E004#171703B603B601E4
(1779048015.041515) can0 0000E006#0CDF0CDF0CDF0CDF
(1779048015.042531) can0 0000E007#0CDF0CDF0CDF0CDF
(1779048015.043510) can0 0000E008#0CDF0CDF0CDF0CDF
(1779048015.044509) can0 0000E009#0CDF0CDF0CDF0CE0
(1779048015.045543) can0 0000E010#0000000000000000
(1779048015.046564) can0 0000E011#0000000000000000
(1779048015.047523) can0 0000E012#0CDF000000000000
(1779048015.048549) can0 0000F001#0000000000000000
(1779048015.049535) can0 18FF28F4#10330000020F0000
(1779048015.050515) can0 18FE28F4#0CE00CDF3F3F0000
(1779048015.051512) can0 18FD28F4#16D2FA6F00000000
(1779048015.052429) can0 4D4#000033007D0F0203
(1779048015.053434) can0 4D5#DF0CE00C3F3F0000
(1779048015.054578) can0 18914010#0CE0100CDF010000
(1779048015.055527) can0 18904010#020F020F753001FE
(1779048015.056499) can0 18FA28F4#E23DA12C10270000
(1779048015.057518) can0 18FB28F4#E00CDF0C3F3F0000
(1779048015.058528) can0 18FC28F4#383300000F020000
(1779048015.059498) can0 18F810F3#0F02E80333640100
(1779048015.060543) can0 18F815F3#0000000010030000
(1779048015.061427) can0 273#000000000F023300
(1779048015.062468) can0 1E1#020F271001FE01FE
(1779048015.063454) can0 1F5#0000000000000000
(1779048015.064533) can0 0800A6A9#0000000000000000
(1779048015.065499) can0 1000A6A9#0F02881333494949
(1779048015.066532) can0 1C00A6A9#0000000000030000
(1779048015.067544) can0 02018100#1003020F00000000
(1779048015.068525) can0 02028100#0000003364000000
(1779048015.069518) can0 02038100#0CE001100CDF0101
(1779048015.070559) can0 02048100#4901014901010000
(1779048015.071416) can0 1AD#9814000059331717
(1779048015.072410) can0 2AD#E00C800C98140016
(1779048015.073442) can0 3AD#0000000000009814
(1779048015.074434) can0 4AD#EB00000000000000
(1779048015.075436) can0 76A#7F00000000000000
(1779048015.155125) can0 0000E005#16D2430003B60591
(1779048015.155705) can0 1806E5F4#13EC010003B6023A
(1779048015.156533) can0 0000E000#13EC13EC020F0000
(1779048015.157513) can0 0000E004#171703B603B601E4
(1779048015.158514) can0 0000E006#0CDF0CDF0CDD0CDF
(1779048015.159525) can0 0000E007#0CDF0CDF0CDF0CDF
(1779048015.160520) can0 0000E008#0CDF0CDF0CDF0CDF
(1779048015.161521) can0 0000E009#0CDF0CDF0CDF0CE0
(1779048015.162538) can0 0000E010#0000000000000000
(1779048015.163532) can0 0000E011#0000000000000000
(1779048015.164527) can0 0000E012#0CDE000200000000
(1779048015.165500) can0 0000E013#4542323630354C43
(1779048015.166526) can0 0000E014#3134323300000000
(1779048015.167546) can0 0000E015#0000000000000003
(1779048015.168540) can0 0000F000#0000000000000000
(1779048015.169538) can0 0000F001#0000000000000000
(1779048015.170552) can0 18FF28F4#10330000020F0000
(1779048015.171529) can0 18FE28F4#0CE00CDD3F3F0000
(1779048015.172516) can0 18FD28F4#16D2FA6F00000000
(1779048015.173431) can0 4D4#000033007D0F0203
(1779048015.174413) can0 4D5#DD0CE00C3F3F0000
(1779048015.175506) can0 18914010#0CE0100CDD030000
(1779048015.176517) can0 18904010#020F020F753001FE
(1779048015.177528) can0 18924010#3F013F0100000000
(1779048015.178534) can0 18934010#000000190000BD42
(1779048015.179539) can0 18944010#1003000000000000
(1779048015.180547) can0 18954010#0000000000000000
(1779048015.181545) can0 18954010#0100000000000000
(1779048015.182540) can0 18954010#0200000000000000
(1779048015.183540) can0 18954010#0300000000000000
(1779048015.184551) can0 18954010#0400000000000000
(1779048015.185534) can0 18954010#0500000000000000
(1779048015.186533) can0 18964010#003F3F3F00000000
(1779048015.187547) can0 18974010#0000000000000000
(1779048015.188521) can0 18984010#0000000000000000
(1779048015.189508) can0 18FA28F4#E23DA12C10270000
(1779048015.190516) can0 18FB28F4#E00CDD0C3F3F0000
(1779048015.191528) can0 18FC28F4#383300000F020000
(1779048015.192508) can0 18F810F3#0F02E80333640100
(1779048015.193509) can0 18F811F3#E00C1001DD0C0301
(1779048015.194523) can0 18F812F3#3F01013F01010000
(1779048015.195535) can0 18F813F3#0101000000000000
(1779048015.196507) can0 18F814F3#3200BA1AA9015F00
(1779048015.197530) can0 18F815F3#0000000010030000
(1779048015.198426) can0 273#000000000F023300
(1779048015.199421) can0 1E1#020F271001FE01FE
(1779048015.200464) can0 1F5#0000000000000000
(1779048015.201528) can0 0800A6A9#0000000000000000
(1779048015.202497) can0 1000A6A9#0F02881333494949
(1779048015.203528) can0 1C00A6A9#0000000000030000
(1779048015.204541) can0 02018100#1003020F00000000
(1779048015.205522) can0 02028100#0000003364000000
(1779048015.206516) can0 02038100#0CE001100CDD0103
(1779048015.207515) can0 02048100#4901014901010000
(1779048015.208431) can0 1AD#9714000059331717
(1779048015.209414) can0 2AD#E00C800C97140016
(1779048015.210427) can0 3AD#0000000000009714
(1779048015.211439) can0 4AD#EB00000000000000
(1779048015.212432) can0 76A#7F00000000000000
(1779048015.271071) can0 0000E005#16D2430003B60591
(1779048015.271644) can0 1806E5F4#13EC010003B6023A
(1779048015.272528) can0 0000E000#13EC13EC020F0000
(1779048015.273508) can0 0000E004#171703B603B601E4
(1779048015.274502) can0 0000E006#0CDF0CDF0CDD0CDF
(1779048015.275541) can0 0000E007#0CDF0CDF0CDF0CDF
(1779048015.276532) can0 0000E008#0CDF0CDF0CDF0CDF
(1779048015.277549) can0 0000E009#0CDF0CDF0CDF0CE0
(1779048015.278548) can0 0000E010#0000000000000000
(1779048015.279541) can0 0000E011#0000000000000000
(1779048015.280522) can0 0000E012#0CDE000200000000
(1779048015.281544) can0 0000F001#0000000000000000
(1779048015.282531) can0 18FF28F4#10330000020F0000
(1779048015.283512) can0 18FE28F4#0CE00CDD3F3F0000
(1779048015.284515) can0 18FD28F4#16D2FA6F00000000
(1779048015.285465) can0 4D4#000033007D0F0203
(1779048015.286414) can0 4D5#DD0CE00C3F3F0000
(1779048015.287509) can0 18914010#0CE0100CDD030000
(1779048015.288509) can0 18904010#020F020F753001FE
(1779048015.289503) can0 18FA28F4#E23DA12C10270000
(1779048015.290503) can0 18FB28F4#E00CDD0C3F3F0000
(1779048015.291517) can0 18FC28F4#383300000F020000
(1779048015.292495) can0 18F810F3#0F02E80333640100
(1779048015.293580) can0 18F815F3#0000000010030000
(1779048015.294432) can0 273#000000000F023300
(1779048015.295432) can0 1E1#020F271001FE01FE
(1779048015.296453) can0 1F5#0000000000000000
(1779048015.297547) can0 0800A6A9#0000000000000000
(1779048015.298492) can0 1000A6A9#0F02881333494949
(1779048015.299517) can0 1C00A6A9#0000000000030000
(1779048015.300522) can0 02018100#1003020F00000000
(1779048015.301533) can0 02028100#0000003364000000
(1779048015.302532) can0 02038100#0CE001100CDD0103
(1779048015.303512) can0 02048100#4901014901010000
(1779048015.304401) can0 1AD#9714000059331717
(1779048015.305407) can0 2AD#E00C800C97140016
(1779048015.306429) can0 3AD#0000000000009714
(1779048015.307441) can0 4AD#EB00000000000000
(1779048015.308441) can0 76A#7F00000000000000
(1779048015.371071) can0 0000E005#16D2430003B60591
(1779048015.371657) can0 1806E5F4#13EC010003B6023A
(1779048015.372521) can0 0000E000#13EC13EC020F0000
(1779048015.373496) can0 0000E004#171703B603B601E4
(1779048015.374503) can0 0000E006#0CDF0CDF0CDD0CDF
(1779048015.375515) can0 0000E007#0CDF0CDF0CDF0CDF
(1779048015.376515) can0 0000E008#0CDF0CDF0CDF0CDF
(1779048015.377503) can0 0000E009#0CDF0CDF0CDF0CE0
(1779048015.378541) can0 0000E010#0000000000000000
(1779048015.379541) can0 0000E011#0000000000000000
(1779048015.380522) can0 0000E012#0CDE000200000000
(1779048015.381536) can0 0000F001#0000000000000000
(1779048015.382530) can0 18FF28F4#10330000020F0000
(1779048015.383517) can0 18FE28F4#0CE00CDD3F3F0000
(1779048015.384509) can0 18FD28F4#16D2FA6F00000000
(1779048015.385422) can0 4D4#000033007D0F0203
(1779048015.386409) can0 4D5#DD0CE00C3F3F0000
(1779048015.387504) can0 18914010#0CE0100CDD030000
(1779048015.388516) can0 18904010#020F020F753001FE
(1779048015.389495) can0 18FA28F4#E23DA12C10270000
(1779048015.390517) can0 18FB28F4#E00CDD0C3F3F0000
(1779048015.391510) can0 18FC28F4#383300000F020000
(1779048015.392490) can0 18F810F3#0F02E80333640100
(1779048015.393539) can0 18F815F3#0000000010030000
(1779048015.394436) can0 273#000000000F023300
(1779048015.395436) can0 1E1#020F271001FE01FE
(1779048015.396435) can0 1F5#0000000000000000
(1779048015.397537) can0 0800A6A9#0000000000000000
(1779048015.398499) can0 1000A6A9#0F02881333494949
(1779048015.399534) can0 1C00A6A9#0000000000030000
(1779048015.400553) can0 02018100#1003020F00000000
(1779048015.401529) can0 02028100#0000003364000000
(1779048015.402521) can0 02038100#0CE001100CDD0103
(1779048015.403517) can0 02048100#4901014901010000
(1779048015.404400) can0 1AD#9714000059331717
(1779048015.405420) can0 2AD#E00C800C97140016
(1779048015.406435) can0 3AD#0000000000009714
(1779048015.407436) can0 4AD#EB00000000000000
(1779048015.408435) can0 76A#7F00000000000000
(1779048015.471110) can0 0000E005#16D2430003B60591
(1779048015.471729) can0 1806E5F4#13EC010003B6023A
(1779048015.472524) can0 0000E000#13EC13EC020F0000
(1779048015.473509) can0 0000E004#171703B603B601E4
(1779048015.474515) can0 0000E006#0CDF0CDF0CDF0CDF
(1779048015.475522) can0 0000E007#0CDF0CDF0CDF0CDF
(1779048015.476516) can0 0000E008#0CDF0CDF0CDF0CDF
(1779048015.477516) can0 0000E009#0CDF0CDF0CDF0CDF
(1779048015.478549) can0 0000E010#0000000000000000
(1779048015.479542) can0 0000E011#0000000000000000
(1779048015.480523) can0 0000E012#0CDE000000000000
(1779048015.481542) can0 0000F001#0000000000000000
(1779048015.482513) can0 18FF28F4#10330000020F0000
(1779048015.483516) can0 18FE28F4#0CDF0CDF3F3F0000
(1779048015.484517) can0 18FD28F4#16D2FA6F00000000
(1779048015.485415) can0 4D4#000033007D0F0203
(1779048015.486427) can0 4D5#DF0CDF0C3F3F0000
(1779048015.487511) can0 18914010#0CDF010CDF010000
(1779048015.488504) can0 18904010#020F020F753001FE
(1779048015.489505) can0 18FA28F4#E23DA12C10270000
(1779048015.490518) can0 18FB28F4#DF0CDF0C3F3F0000
(1779048015.491517) can0 18FC28F4#383300000F020000
(1779048015.492511) can0 18F810F3#0F02E80333640100
(1779048015.493530) can0 18F815F3#0000000010030000
(1779048015.494422) can0 273#000000000F023300
(1779048015.495428) can0 1E1#020F271001FE01FE
(1779048015.496442) can0 1F5#0000000000000000
(1779048015.497517) can0 0800A6A9#0000000000000000
(1779048015.498482) can0 1000A6A9#0F02881333494949
(1779048015.499512) can0 1C00A6A9#0000000000030000
(1779048015.500563) can0 02018100#1003020F00000000
(1779048015.501526) can0 02028100#0000003364000000
(1779048015.502533) can0 02038100#0CDF01010CDF0101
(1779048015.503506) can0 02048100#4901014901010000
(1779048015.504405) can0 1AD#9714000059331717
(1779048015.505417) can0 2AD#DF0C800C97140016
(1779048015.506423) can0 3AD#0000000000009714
(1779048015.507456) can0 4AD#EB00000000000000
(1779048015.508474) can0 76A#7F00000000000000
(1779048015.571055) can0 0000E005#16D2430003B60591
(1779048015.571635) can0 1806E5F4#13EC010003B6023A
(1779048015.572524) can0 0000E000#13EC13EC020F0000
(1779048015.573504) can0 0000E004#171703B603B601E4
(1779048015.574518) can0 0000E006#0CDF0CDF0CDF0CDF
(1779048015.575511) can0 0000E007#0CDF0CDF0CDF0CDF
(1779048015.576511) can0 0000E008#0CDF0CDF0CDF0CDF
(1779048015.577542) can0 0000E009#0CDF0CDF0CDF0CDF
(1779048015.578543) can0 0000E010#0000000000000000
(1779048015.579536) can0 0000E011#0000000000000000
(1779048015.580518) can0 0000E012#0CDE000000000000
(1779048015.581532) can0 0000F001#0000000000000000
(1779048015.582531) can0 18FF28F4#10330000020F0000
(1779048015.583508) can0 18FE28F4#0CDF0CDF3F3F0000
(1779048015.584512) can0 18FD28F4#16D2FA6F00000000
(1779048015.585442) can0 4D4#000033007D0F0203
(1779048015.586423) can0 4D5#DF0CDF0C3F3F0000
(1779048015.587505) can0 18914010#0CDF010CDF010000
(1779048015.588518) can0 18904010#020F020F753001FE
(1779048015.589500) can0 18FA28F4#E23DA12C10270000
(1779048015.590513) can0 18FB28F4#DF0CDF0C3F3F0000
(1779048015.591506) can0 18FC28F4#383300000F020000
(1779048015.592494) can0 18F810F3#0F02E80333640100
(1779048015.593575) can0 18F815F3#0000000010030000
(1779048015.594423) can0 273#000000000F023300
(1779048015.595421) can0 1E1#020F271001FE01FE
(1779048015.596436) can0 1F5#0000000000000000
(1779048015.597538) can0 0800A6A9#0000000000000000
(1779048015.598495) can0 1000A6A9#0F02881333494949
(1779048015.599525) can0 1C00A6A9#0000000000030000
(1779048015.600538) can0 02018100#1003020F00000000
(1779048015.601570) can0 02028100#0000003364000000
(1779048015.602519) can0 02038100#0CDF01010CDF0101
(1779048015.603507) can0 02048100#4901014901010000
(1779048015.604398) can0 1AD#9714000059331717
(1779048015.605411) can0 2AD#DF0C800C97140016
(1779048015.606424) can0 3AD#0000000000009714
(1779048015.607432) can0 4AD#EB00000000000000
(1779048015.608434) can0 76A#7F00000000000000
(1779048015.688061) can0 0000E005#16D2430003B60591
(1779048015.688643) can0 1806E5F4#13EC010003B6023A
(1779048015.689525) can0 0000E000#13EC13EC020F0000
(1779048015.690494) can0 0000E004#171703B603B601E4
(1779048015.691506) can0 0000E006#0CDF0CDF0CDD0CDF
(1779048015.692519) can0 0000E007#0CDF0CDF0CDF0CDF
(1779048015.693512) can0 0000E008#0CDF0CDF0CDF0CDF
(1779048015.694500) can0 0000E009#0CDD0CDF0CDF0CE0
(1779048015.695532) can0 0000E010#0000000000000000
(1779048015.696525) can0 0000E011#0000000000000000
(1779048015.697519) can0 0000E012#0CDE000200000000
(1779048015.698488) can0 0000E013#4542323630354C43
(1779048015.699506) can0 0000E014#3134323300000000
(1779048015.700519) can0 0000E015#0000000000000003
(1779048015.701533) can0 0000F000#0000000000000000
(1779048015.702533) can0 0000F001#0000000000000000
(1779048015.703526) can0 18FF28F4#10330000020F0000
(1779048015.704507) can0 18FE28F4#0CE00CDD3F3F0000
(1779048015.705505) can0 18FD28F4#16D2FA6F00000000
(1779048015.706425) can0 4D4#000033007D0F0203
(1779048015.707408) can0 4D5#DD0CE00C3F3F0000
(1779048015.708502) can0 18914010#0CE0100CDD030000
(1779048015.709517) can0 18904010#020F020F753001FE
(1779048015.710527) can0 18924010#3F013F0100000000
(1779048015.711518) can0 18934010#0000001A0000BD42
(1779048015.712523) can0 18944010#1003000000000000
(1779048015.713540) can0 18954010#0000000000000000
(1779048015.714535) can0 18954010#0100000000000000
(1779048015.715545) can0 18954010#0200000000000000
(1779048015.716538) can0 18954010#0300000000000000
(1779048015.717532) can0 18954010#0400000000000000
(1779048015.718530) can0 18954010#0500000000000000
(1779048015.719522) can0 18964010#003F3F3F00000000
(1779048015.720516) can0 18974010#0000000000000000
(1779048015.721507) can0 18984010#0000000000000000
(1779048015.722496) can0 18FA28F4#E23DA12C10270000
(1779048015.723522) can0 18FB28F4#E00CDD0C3F3F0000
(1779048015.724522) can0 18FC28F4#383300000F020000
(1779048015.725484) can0 18F810F3#0F02E80333640100
(1779048015.726497) can0 18F811F3#E00C1001DD0C0301
(1779048015.727509) can0 18F812F3#3F01013F01010000
(1779048015.728522) can0 18F813F3#0101000000000000
(1779048015.729500) can0 18F814F3#3200BA1AA9015F00
(1779048015.730516) can0 18F815F3#0000000010030000
(1779048015.731453) can0 273#000000000F023300
(1779048015.732416) can0 1E1#020F271001FE01FE
(1779048015.733445) can0 1F5#0000000000000000
(1779048015.734518) can0 0800A6A9#0000000000000000
(1779048015.735485) can0 1000A6A9#0F02881333494949
(1779048015.736518) can0 1C00A6A9#0000000000030000
(1779048015.737537) can0 02018100#1003020F00000000
(1779048015.738530) can0 02028100#0000003364000000
(1779048015.739543) can0 02038100#0CE001100CDD0103
(1779048015.740504) can0 02048100#4901014901010000
(1779048015.741402) can0 1AD#9714000059331717
(1779048015.742413) can0 2AD#E00C800C97140016
(1779048015.743424) can0 3AD#0000000000009714
(1779048015.744436) can0 4AD#EB00000000000000
(1779048015.745425) can0 76A#7F00000000000000
(1779048015.804061) can0 0000E005#16D2430003B60591
(1779048015.804648) can0 1806E5F4#13EC010003B6023A
(1779048015.805528) can0 0000E000#13EC13EC020F0000
(1779048015.806491) can0 0000E004#171703B603B601E4
(1779048015.807503) can0 0000E006#0CDF0CDF0CDD0CDF
(1779048015.808535) can0 0000E007#0CDF0CDF0CDF0CDF
(1779048015.809515) can0 0000E008#0CDF0CDF0CDF0CDF
(1779048015.810493) can0 0000E009#0CDD0CDF0CDF0CE0
(1779048015.811528) can0 0000E010#0000000000000000
(1779048015.812529) can0 0000E011#0000000000000000
(1779048015.813522) can0 0000E012#0CDE000200000000
(1779048015.814534) can0 0000F001#0000000000000000
(1779048015.815522) can0 18FF28F4#10330000020F0000
(1779048015.816535) can0 18FE28F4#0CE00CDD3F3F0000
(1779048015.817497) can0 18FD28F4#16D2FA6F00000000
(1779048015.818416) can0 4D4#000033007D0F0203
(1779048015.819415) can0 4D5#DD0CE00C3F3F0000
(1779048015.820491) can0 18914010#0CE0100CDD030000
(1779048015.821504) can0 18904010#020F020F753001FE
(1779048015.822500) can0 18FA28F4#E23DA12C10270000
(1779048015.823504) can0 18FB28F4#E00CDD0C3F3F0000
(1779048015.824549) can0 18FC28F4#383300000F020000
(1779048015.825485) can0 18F810F3#0F02E80333640100
(1779048015.826528) can0 18F815F3#0000000010030000
(1779048015.827428) can0 273#000000000F023300
(1779048015.828409) can0 1E1#020F271001FE01FE
(1779048015.829440) can0 1F5#0000000000000000
(1779048015.830518) can0 0800A6A9#0000000000000000
(1779048015.831485) can0 1000A6A9#0F02881333494949
(1779048015.832562) can0 1C00A6A9#0000000000030000
(1779048015.833530) can0 02018100#1003020F00000000
(1779048015.834510) can0 02028100#0000003364000000
(1779048015.835506) can0 02038100#0CE001100CDD0103
(1779048015.836505) can0 02048100#4901014901010000
(1779048015.837403) can0 1AD#9714000059331717
(1779048015.838393) can0 2AD#E00C800C97140016
(1779048015.839410) can0 3AD#0000000000009714
(1779048015.840428) can0 4AD#EB00000000000000
(1779048015.841423) can0 76A#7F00000000000000
(1779048015.904107) can0 0000E005#16D2430003B60591
(1779048015.904689) can0 1806E5F4#13EC010003B6023A
(1779048015.905522) can0 0000E000#13EC13EC020F0000
(1779048015.906504) can0 0000E004#171703B603B601E4
(1779048015.907498) can0 0000E006#0CDF0CDF0CDD0CDF
(1779048015.908516) can0 0000E007#0CDF0CDF0CDF0CDF
(1779048015.909561) can0 0000E008#0CDF0CDF0CDF0CDF
(1779048015.910497) can0 0000E009#0CDD0CDF0CDF0CE0
(1779048015.911534) can0 0000E010#0000000000000000
(1779048015.912523) can0 0000E011#0000000000000000
(1779048015.913522) can0 0000E012#0CDE000200000000
(1779048015.914536) can0 0000F001#0000000000000000
(1779048015.915517) can0 18FF28F4#10330000020F0000
(1779048015.916497) can0 18FE28F4#0CE00CDD3F3F0000
(1779048015.917492) can0 18FD28F4#16D2FA6F00000000
(1779048015.918408) can0 4D4#000033007D0F0203
(1779048015.919400) can0 4D5#DD0CE00C3F3F0000
(1779048015.920504) can0 18914010#0CE0100CDD030000
(1779048015.921504) can0 18904010#020F020F753001FE
(1779048015.922499) can0 18FA28F4#E23DA12C10270000
(1779048015.923498) can0 18FB28F4#E00CDD0C3F3F0000
(1779048015.924511) can0 18FC28F4#383300000F020000
(1779048015.925492) can0 18F810F3#0F02E80333640100
(1779048015.926524) can0 18F815F3#0000000010030000
(1779048015.927422) can0 273#000000000F023300
(1779048015.928423) can0 1E1#020F271001FE01FE
(1779048015.929435) can0 1F5#0000000000000000
(1779048015.930508) can0 0800A6A9#0000000000000000
(1779048015.931480) can0 1000A6A9#0F02881333494949
(1779048015.932505) can0 1C00A6A9#0000000000030000
(1779048015.933525) can0 02018100#1003020F00000000
(1779048015.934514) can0 02028100#0000003364000000
(1779048015.935518) can0 02038100#0CE001100CDD0103
(1779048015.936500) can0 02048100#4901014901010000
(1779048015.937398) can0 1AD#9714000059331717
(1779048015.938411) can0 2AD#E00C800C97140016
(1779048015.939423) can0 3AD#0000000000009714
(1779048015.940435) can0 4AD#EB00000000000000
(1779048015.941429) can0 76A#7F00000000000000
(1779048016.004045) can0 0000E005#16D2430003B60591
(1779048016.004627) can0 1806E5F4#13EC010003B6023A
(1779048016.005523) can0 0000E000#13EC13EC020F0000
(1779048016.006492) can0 0000E004#171703B603B601E4
(1779048016.007501) can0 0000E006#0CDF0CDF0CDF0CDF
(1779048016.008517) can0 0000E007#0CDF0CDF0CDF0CDF
(1779048016.009517) can0 0000E008#0CDF0CDF0CDF0CDF
(1779048016.010498) can0 0000E009#0CDF0CDF0CDF0CE0
(1779048016.011530) can0 0000E010#0000000000000000
(1779048016.012523) can0 0000E011#0000000000000000
(1779048016.013524) can0 0000E012#0CDF000000000000
(1779048016.014537) can0 0000F001#0000000000000000
(1779048016.015513) can0 18FF28F4#10330000020F0000
(1779048016.016498) can0 18FE28F4#0CE00CDF3F3F0000
(1779048016.017499) can0 18FD28F4#16D2FA6F00000000
(1779048016.018417) can0 4D4#000033007D0F0203
(1779048016.019404) can0 4D5#DF0CE00C3F3F0000
(1779048016.020505) can0 18914010#0CE0100CDF010000
(1779048016.021505) can0 18904010#020F020F753001FE
(1779048016.022500) can0 18FA28F4#E23DA12C10270000
(1779048016.023519) can0 18FB28F4#E00CDF0C3F3F0000
(1779048016.024512) can0 18FC28F4#383300000F020000
(1779048016.025494) can0 18F810F3#0F02E80333640100
(1779048016.026525) can0 18F815F3#0000000010030000
(1779048016.027423) can0 273#000000000F023300
(1779048016.028404) can0 1E1#020F271001FE01FE
(1779048016.029436) can0 1F5#0000000000000000
(1779048016.030519) can0 0800A6A9#0000000000000000
(1779048016.031491) can0 1000A6A9#0F02881333494949
(1779048016.032512) can0 1C00A6A9#0000000000030000
(1779048016.033525) can0 02018100#1003020F00000000
(1779048016.034525) can0 02028100#0000003364000000
(1779048016.035500) can0 02038100#0CE001100CDF0101
(1779048016.036500) can0 02048100#4901014901010000
(1779048016.037399) can0 1AD#9814000059331717
(1779048016.038414) can0 2AD#E00C800C98140016
(1779048016.039454) can0 3AD#0000000000009814
(1779048016.040437) can0 4AD#EB00000000000000
(1779048016.041431) can0 76A#7F00000000000000
(1779048016.104051) can0 0000E005#16D2430003B60591
(1779048016.104628) can0 1806E5F4#13EC010003B6023A
(1779048016.105512) can0 0000E000#13EC13EC020F0000
(1779048016.106494) can0 0000E004#171703B603B601E4
(1779048016.107507) can0 0000E006#0CDF0CDF0CDF0CDF
(1779048016.108538) can0 0000E007#0CDF0CDF0CDF0CDF
(1779048016.109506) can0 0000E008#0CDF0CDF0CDF0CDF
(1779048016.110506) can0 0000E009#0CDF0CDF0CDF0CE0
(1779048016.111531) can0 0000E010#0000000000000000
(1779048016.112528) can0 0000E011#0000000000000000
(1779048016.113513) can0 0000E012#0CDF000000000000
(1779048016.114526) can0 0000F001#0000000000000000
(1779048016.115506) can0 18FF28F4#10330000020F0000
(1779048016.116519) can0 18FE28F4#0CE00CDF3F3F0000
(1779048016.117506) can0 18FD28F4#16D2FA6F00000000
(1779048016.118404) can0 4D4#000033007D0F0203
(1779048016.119418) can0 4D5#DF0CE00C3F3F0000
(1779048016.120500) can0 18914010#0CE0100CDF010000
(1779048016.121495) can0 18904010#020F020F753001FE
(1779048016.122495) can0 18FA28F4#E23DA12C10270000
(1779048016.123494) can0 18FB28F4#E00CDF0C3F3F0000
(1779048016.124551) can0 18FC28F4#383300000F020000
(1779048016.125488) can0 18F810F3#0F02E80333640100
(1779048016.126520) can0 18F815F3#0000000010030000
(1779048016.127417) can0 273#000000000F023300
(1779048016.128413) can0 1E1#020F271001FE01FE
(1779048016.129431) can0 1F5#0000000000000000
(1779048016.130508) can0 0800A6A9#0000000000000000
(1779048016.131475) can0 1000A6A9#0F02881333494949
(1779048016.132552) can0 1C00A6A9#0000000000030000
(1779048016.133520) can0 02018100#1003020F00000000
(1779048016.134515) can0 02028100#0000003364000000
(1779048016.135495) can0 02038100#0CE001100CDF0101
(1779048016.136492) can0 02048100#4901014901010000
(1779048016.137394) can0 1AD#9814000059331717
(1779048016.138407) can0 2AD#E00C800C98140016
(1779048016.139419) can0 3AD#0000000000009814
(1779048016.140428) can0 4AD#EB00000000000000
(1779048016.141425) can0 76A#7F00000000000000
(1779048016.221047) can0 0000E005#16D2430003B60591
(1779048016.221623) can0 1806E5F4#13EC010003B6023A
(1779048016.222509) can0 0000E000#13EC13EC020F0000
(1779048016.223488) can0 0000E004#171703B603B601E4
(1779048016.224507) can0 0000E006#0CDF0CDF0CDF0CDF
(1779048016.225501) can0 0000E007#0CDF0CDF0CDF0CDF
(1779048016.226499) can0 0000E008#0CDF0CDF0CDF0CDF
(1779048016.227495) can0 0000E009#0CDF0CDF0CDF0CE0
(1779048016.228527) can0 0000E010#0000000000000000
(1779048016.229526) can0 0000E011#0000000000000000
(1779048016.230499) can0 0000E012#0CDF000000000000
(1779048016.231470) can0 0000E013#4542323630354C43
(1779048016.232502) can0 0000E014#3134323300000000
(1779048016.233514) can0 0000E015#0000000000000003
(1779048016.234527) can0 0000F000#0000000000000000
(1779048016.235527) can0 0000F001#0000000000000000
(1779048016.236508) can0 18FF28F4#10330000020F0000
(1779048016.237489) can0 18FE28F4#0CE00CDF3F3F0000
(1779048016.238485) can0 18FD28F4#16D2FA6F00000000
(1779048016.239408) can0 4D4#000033007D0F0203
(1779048016.240420) can0 4D5#DF0CE00C3F3F0000
(1779048016.241496) can0 18914010#0CE0100CDF010000
(1779048016.242489) can0 18904010#020F020F753001FE
(1779048016.243509) can0 18924010#3F013F0100000000
(1779048016.244508) can0 18934010#0000001B0000BD42
(1779048016.245502) can0 18944010#1003000000000000
(1779048016.246536) can0 18954010#0000000000000000
(1779048016.247528) can0 18954010#0100000000000000
(1779048016.248510) can0 18954010#0200000000000000
(1779048016.249539) can0 18954010#0300000000000000
(1779048016.250535) can0 18954010#0400000000000000
(1779048016.251532) can0 18954010#0500000000000000
(1779048016.252518) can0 18964010#003F3F3F00000000
(1779048016.253516) can0 18974010#0000000000000000
(1779048016.254524) can0 18984010#0000000000000000
(1779048016.255491) can0 18FA28F4#E23DA12C10270000
(1779048016.256485) can0 18FB28F4#E00CDF0C3F3F0000
(1779048016.257497) can0 18FC28F4#383300000F020000
(1779048016.258478) can0 18F810F3#0F02E80333640100
(1779048016.259511) can0 18F811F3#E00C1001DF0C0101
(1779048016.260504) can0 18F812F3#3F01013F01010000
(1779048016.261516) can0 18F813F3#0101000000000000
(1779048016.262509) can0 18F814F3#3200BA1AA9015F00
(1779048016.263510) can0 18F815F3#0000000010030000
(1779048016.264409) can0 273#000000000F023300
(1779048016.265409) can0 1E1#020F271001FE01FE
(1779048016.266430) can0 1F5#0000000000000000
(1779048016.267517) can0 0800A6A9#0000000000000000
(1779048016.268480) can0 1000A6A9#0F02881333494949
(1779048016.269511) can0 1C00A6A9#0000000000030000
(1779048016.270555) can0 02018100#1003020F00000000
(1779048016.271504) can0 02028100#0000003364000000
(1779048016.272505) can0 02038100#0CE001100CDF0101
(1779048016.273498) can0 02048100#4901014901010000
(1779048016.274395) can0 1AD#9814000059331717
(1779048016.275397) can0 2AD#E00C800C98140016
(1779048016.276410) can0 3AD#0000000000009814
(1779048016.277429) can0 4AD#EB00000000000000
(1779048016.278454) can0 76A#7F00000000000000
(1779048016.337103) can0 0000E005#16D2430003B60591
(1779048016.337671) can0 1806E5F4#13EC010003B6023A
(1779048016.338523) can0 0000E000#13EC13EC020F0000
(1779048016.339516) can0 0000E004#171703B603B601E4
(1779048016.340497) can0 0000E006#0CDF0CDF0CDF0CDF
(1779048016.341510) can0 0000E007#0CDF0CDF0CDF0CDF
(1779048016.342509) can0 0000E008#0CDF0CDF0CDF0CDF
(1779048016.343484) can0 0000E009#0CDF0CDF0CDF0CE0
(1779048016.344522) can0 0000E010#0000000000000000
(1779048016.345516) can0 0000E011#0000000000000000
(1779048016.346517) can0 0000E012#0CDF000000000000
(1779048016.347563) can0 0000F001#0000000000000000
(1779048016.348511) can0 18FF28F4#10330000020F0000
(1779048016.349502) can0 18FE28F4#0CE00CDF3F3F0000
(1779048016.350492) can0 18FD28F4#16D2FA6F00000000
(1779048016.351409) can0 4D4#000033007D0F0203
(1779048016.352410) can0 4D5#DF0CE00C3F3F0000
(1779048016.353497) can0 18914010#0CE0100CDF010000
(1779048016.354500) can0 18904010#020F020F753001FE
(1779048016.355523) can0 18FA28F4#E23DA12C10270000
(1779048016.356492) can0 18FB28F4#E00CDF0C3F3F0000
(1779048016.357504) can0 18FC28F4#383300000F020000
(1779048016.358492) can0 18F810F3#0F02E80333640100
(1779048016.359513) can0 18F815F3#0000000010030000
(1779048016.360422) can0 273#000000000F023300
(1779048016.361415) can0 1E1#020F271001FE01FE
(1779048016.362442) can0 1F5#0000000000000000
(1779048016.363564) can0 0800A6A9#0000000000000000
(1779048016.364474) can0 1000A6A9#0F02881333494949
(1779048016.365505) can0 1C00A6A9#0000000000030000
(1779048016.366519) can0 02018100#1003020F00000000
(1779048016.367510) can0 02028100#0000003364000000
(1779048016.368499) can0 02038100#0CE001100CDF0101
(1779048016.369493) can0 02048100#4901014901010000
(1779048016.370391) can0 1AD#9814000059331717
(1779048016.371400) can0 2AD#E00C800C98140016
(1779048016.372418) can0 3AD#0000000000009814
(1779048016.373430) can0 4AD#EB00000000000000
(1779048016.374430) can0 76A#7F00000000000000
(1779048016.437079) can0 0000E005#16D2430003B60591
(1779048016.437660) can0 1806E5F4#13EC010003B6023A
(1779048016.438511) can0 0000E000#13EC13EC020F0000
(1779048016.439493) can0 0000E004#171703B603B601E4
(1779048016.440551) can0 0000E006#0CDF0CDF0CDF0CDF
(1779048016.441505) can0 0000E007#0CDF0CDF0CDF0CDF
(1779048016.442505) can0 0000E008#0CDF0CDF0CDF0CDF
(1779048016.443498) can0 0000E009#0CDF0CDF0CDF0CE0
(1779048016.444530) can0 0000E010#0000000000000000
(1779048016.445530) can0 0000E011#0000000000000000
(1779048016.446512) can0 0000E012#0CDF000000000000
(1779048016.447524) can0 0000F001#0000000000000000
(1779048016.448525) can0 18FF28F4#10330000020F0000
(1779048016.449487) can0 18FE28F4#0CE00CDF3F3F0000
(1779048016.450500) can0 18FD28F4#16D2FA6F00000000
(1779048016.451403) can0 4D4#000033007D0F0203
(1779048016.452409) can0 4D5#DF0CE00C3F3F0000
(1779048016.453493) can0 18914010#0CE0100CDF010000
(1779048016.454494) can0 18904010#020F020F753001FE
(1779048016.455493) can0 18FA28F4#E23DA12C10270000
(1779048016.456482) can0 18FB28F4#E00CDF0C3F3F0000
(1779048016.457505) can0 18FC28F4#383300000F020000
(1779048016.458487) can0 18F810F3#0F02E80333640100
(1779048016.459512) can0 18F815F3#0000000010030000
(1779048016.460420) can0 273#000000000F023300
(1779048016.461413) can0 1E1#020F271001FE01FE
(1779048016.462433) can0 1F5#0000000000000000
(1779048016.463536) can0 0800A6A9#0000000000000000
(1779048016.464485) can0 1000A6A9#0F02881333494949
(1779048016.465500) can0 1C00A6A9#0000000000030000
(1779048016.466514) can0 02018100#1003020F00000000
(1779048016.467513) can0 02028100#0000003364000000
(1779048016.468507) can0 02038100#0CE001100CDF0101
(1779048016.469506) can0 02048100#4901014901010000
(1779048016.470386) can0 1AD#9814000059331717
(1779048016.471399) can0 2AD#E00C800C98140016
(1779048016.472411) can0 3AD#0000000000009814
(1779048016.473425) can0 4AD#EB00000000000000
(1779048016.474425) can0 76A#7F00000000000000
(1779048016.537054) can0 0000E005#16D2430003B60591
(1779048016.537618) can0 1806E5F4#13EC010003B6023A
(1779048016.538513) can0 0000E000#13EC13EC020F0000
(1779048016.539493) can0 0000E004#171703B603B601E4
(1779048016.540487) can0 0000E006#0CDF0CDF0CDF0CDD
(1779048016.541502) can0 0000E007#0CDF0CDF0CDF0CDF
(1779048016.542504) can0 0000E008#0CDF0CDF0CDF0CDF
(1779048016.543500) can0 0000E009#0CDF0CDF0CDF0CE0
(1779048016.544531) can0 0000E010#0000000000000000
(1779048016.545511) can0 0000E011#0000000000000000
(1779048016.546507) can0 0000E012#0CDE000200000000
(1779048016.547525) can0 0000F001#0000000000000000
(1779048016.548506) can0 18FF28F4#10330000020F0000
(1779048016.549486) can0 18FE28F4#0CE00CDD3F3F0000
(1779048016.550482) can0 18FD28F4#16D2FA6F00000000
(1779048016.551412) can0 4D4#000033007D0F0203
(1779048016.552405) can0 4D5#DD0CE00C3F3F0000
(1779048016.553499) can0 18914010#0CE0100CDD040000
(1779048016.554518) can0 18904010#020F020F753001FE
(1779048016.555494) can0 18FA28F4#E23DA12C10270000
(1779048016.556495) can0 18FB28F4#E00CDD0C3F3F0000
(1779048016.557507) can0 18FC28F4#383300000F020000
(1779048016.558484) can0 18F810F3#0F02E80333640100
(1779048016.559514) can0 18F815F3#0000000010030000
(1779048016.560412) can0 273#000000000F023300
(1779048016.561398) can0 1E1#020F271001FE01FE
(1779048016.562452) can0 1F5#0000000000000000
(1779048016.563514) can0 0800A6A9#0000000000000000
(1779048016.564474) can0 1000A6A9#0F02881333494949
(1779048016.565503) can0 1C00A6A9#0000000000030000
(1779048016.566516) can0 02018100#1003020F00000000
(1779048016.567514) can0 02028100#0000003364000000
(1779048016.568495) can0 02038100#0CE001100CDD0104
(1779048016.569488) can0 02048100#4901014901010000
(1779048016.570406) can0 1AD#9714000059331717
(1779048016.571387) can0 2AD#E00C800C97140016
(1779048016.572410) can0 3AD#0000000000009714
(1779048016.573413) can0 4AD#EB00000000000000
(1779048016.574426) can0 76A#7F00000000000000
(1779048016.637087) can0 0000E005#16D2430003B60591
(1779048016.637668) can0 1806E5F4#13EC010003B6023A
(1779048016.638507) can0 0000E000#13EC13EC020F0000
(1779048016.639500) can0 0000E004#171703B603B601E4
(1779048016.640500) can0 0000E006#0CDF0CDF0CDF0CDD
(1779048016.641499) can0 0000E007#0CDF0CDF0CDF0CDF
(1779048016.642494) can0 0000E008#0CDF0CDF0CDF0CDF
(1779048016.643493) can0 0000E009#0CDF0CDF0CDF0CE0
(1779048016.644519) can0 0000E010#0000000000000000
(1779048016.645514) can0 0000E011#0000000000000000
(1779048016.646520) can0 0000E012#0CDE000200000000
(1779048016.647545) can0 0000F001#0000000000000000
(1779048016.648513) can0 18FF28F4#10330000020F0000
(1779048016.649492) can0 18FE28F4#0CE00CDD3F3F0000
(1779048016.650494) can0 18FD28F4#16D2FA6F00000000
(1779048016.651412) can0 4D4#000033007D0F0203
(1779048016.652392) can0 4D5#DD0CE00C3F3F0000
(1779048016.653488) can0 18914010#0CE0100CDD040000
(1779048016.654501) can0 18904010#020F020F753001FE
(1779048016.655526) can0 18FA28F4#E23DA12C10270000
(1779048016.656494) can0 18FB28F4#E00CDD0C3F3F0000
(1779048016.657507) can0 18FC28F4#383300000F020000
(1779048016.658476) can0 18F810F3#0F02E80333640100
(1779048016.659520) can0 18F815F3#0000000010030000
(1779048016.660405) can0 273#000000000F023300
(1779048016.661398) can0 1E1#020F271001FE01FE
(1779048016.662432) can0 1F5#0000000000000000
(1779048016.663559) can0 0800A6A9#0000000000000000
(1779048016.664476) can0 1000A6A9#0F02881333494949
(1779048016.665508) can0 1C00A6A9#0000000000030000
(1779048016.666520) can0 02018100#1003020F00000000
(1779048016.667502) can0 02028100#0000003364000000
(1779048016.668495) can0 02038100#0CE001100CDD0104
(1779048016.669493) can0 02048100#4901014901010000
(1779048016.670394) can0 1AD#9714000059331717
(1779048016.671438) can0 2AD#E00C800C97140016
(1779048016.672401) can0 3AD#0000000000009714
(1779048016.673407) can0 4AD#EB00000000000000
(1779048016.674413) can0 76A#7F00000000000000
(1779048016.774050) can0 0000E005#16D2430003B60591
(1779048016.774627) can0 1806E5F4#13EC010003B6023A
(1779048016.775510) can0 0000E000#13EC13EC020F0000
(1779048016.776479) can0 0000E004#171703B603B601E4
(1779048016.777511) can0 0000E006#0CDF0CDF0CDF0CDF
(1779048016.778505) can0 0000E007#0CDF0CDF0CDF0CDF
(1779048016.779487) can0 0000E008#0CDF0CDF0CDF0CDD
(1779048016.780485) can0 0000E009#0CDF0CDF0CDF0CE0
(1779048016.781516) can0 0000E010#0000000000000000
(1779048016.782518) can0 0000E011#0000000000000000
(1779048016.783509) can0 0000E012#0CDE000200000000
(1779048016.784459) can0 0000E013#4542323630354C43
(1779048016.785505) can0 0000E014#3134323300000000
(1779048016.786507) can0 0000E015#0000000000000003
(1779048016.787517) can0 0000F000#0000000000000000
(1779048016.788518) can0 0000F001#0000000000000000
(1779048016.789518) can0 18FF28F4#10330000020F0000
(1779048016.790482) can0 18FE28F4#0CE00CDD3F3F0000
(1779048016.791495) can0 18FD28F4#16D2FA6F00000000
(1779048016.792410) can0 4D4#000033007D0F0203
(1779048016.793410) can0 4D5#DD0CE00C3F3F0000
(1779048016.794488) can0 18914010#0CE0100CDD0C0000
(1779048016.795484) can0 18904010#020F020F753001FE
(1779048016.796500) can0 18924010#3F013F0100000000
(1779048016.797499) can0 18934010#0000001C0000BD42
(1779048016.798521) can0 18944010#1003000000000000
(1779048016.799526) can0 18954010#0000000000000000
(1779048016.800525) can0 18954010#0100000000000000
(1779048016.801537) can0 18954010#0200000000000000
(1779048016.802520) can0 18954010#0300000000000000
(1779048016.803518) can0 18954010#0400000000000000
(1779048016.804518) can0 18954010#0500000000000000
(1779048016.805513) can0 18964010#003F3F3F00000000
(1779048016.806506) can0 18974010#0000000000000000
(1779048016.807504) can0 18984010#0000000000000000
(1779048016.808487) can0 18FA28F4#E23DA12C10270000
(1779048016.809532) can0 18FB28F4#E00CDD0C3F3F0000
(1779048016.810494) can0 18FC28F4#383300000F020000
(1779048016.811476) can0 18F810F3#0F02E80333640100
(1779048016.812487) can0 18F811F3#E00C1001DD0C0C01
(1779048016.813500) can0 18F812F3#3F01013F01010000
(1779048016.814513) can0 18F813F3#0101000000000000
(1779048016.815474) can0 18F814F3#3200BA1AA9015F00
(1779048016.816507) can0 18F815F3#0000000010030000
(1779048016.817456) can0 273#000000000F023300
(1779048016.818405) can0 1E1#020F271001FE01FE
(1779048016.819426) can0 1F5#0000000000000000
(1779048016.820514) can0 0800A6A9#0000000000000000
(1779048016.821475) can0 1000A6A9#0F02881333494949
(1779048016.822507) can0 1C00A6A9#0000000000030000
(1779048016.823520) can0 02018100#1003020F00000000
(1779048016.824500) can0 02028100#0000003364000000
(1779048016.825533) can0 02038100#0CE001100CDD010C
(1779048016.826502) can0 02048100#4901014901010000
(1779048016.827382) can0 1AD#9714000059331717
(1779048016.828379) can0 2AD#E00C800C97140016
(1779048016.829412) can0 3AD#0000000000009714
(1779048016.830426) can0 4AD#EB00000000000000
(1779048016.831418) can0 76A#7F00000000000000
(1779048016.890036) can0 0000E005#16D2430003B60591
(1779048016.890621) can0 1806E5F4#13EC010003B6023A
(1779048016.891505) can0 0000E000#13EC13EC020F0000
(1779048016.892487) can0 0000E004#171703B603B601E4
(1779048016.893506) can0 0000E006#0CDF0CDF0CDF0CDF
(1779048016.894532) can0 0000E007#0CDF0CDF0CDF0CDF
(1779048016.895499) can0 0000E008#0CDF0CDF0CDF0CDD
(1779048016.896494) can0 0000E009#0CDF0CDF0CDF0CE0
(1779048016.897525) can0 0000E010#0000000000000000
(1779048016.898525) can0 0000E011#0000000000000000
(1779048016.899506) can0 0000E012#0CDE000200000000
(1779048016.900516) can0 0000F001#0000000000000000
(1779048016.901500) can0 18FF28F4#10330000020F0000
(1779048016.902539) can0 18FE28F4#0CE00CDD3F3F0000
(1779048016.903481) can0 18FD28F4#16D2FA6F00000000
(1779048016.904398) can0 4D4#000033007D0F0203
(1779048016.905392) can0 4D5#DD0CE00C3F3F0000
(1779048016.906487) can0 18914010#0CE0100CDD0C0000
(1779048016.907487) can0 18904010#020F020F753001FE
(1779048016.908479) can0 18FA28F4#E23DA12C10270000
(1779048016.909481) can0 18FB28F4#E00CDD0C3F3F0000
(1779048016.910495) can0 18FC28F4#383300000F020000
(1779048016.911481) can0 18F810F3#0F02E80333640100
(1779048016.912500) can0 18F815F3#0000000010030000
(1779048016.913412) can0 273#000000000F023300
(1779048016.914406) can0 1E1#020F271001FE01FE
(1779048016.915418) can0 1F5#0000000000000000
(1779048016.916514) can0 0800A6A9#0000000000000000
(1779048016.917482) can0 1000A6A9#0F02881333494949
(1779048016.918495) can0 1C00A6A9#0000000000030000
(1779048016.919508) can0 02018100#1003020F00000000
(1779048016.920503) can0 02028100#0000003364000000
(1779048016.921488) can0 02038100#0CE001100CDD010C
(1779048016.922501) can0 02048100#4901014901010000
(1779048016.923381) can0 1AD#9714000059331717
(1779048016.924393) can0 2AD#E00C800C97140016
(1779048016.925407) can0 3AD#0000000000009714
(1779048016.926420) can0 4AD#EB00000000000000
(1779048016.927413) can0 76A#7F00000000000000
(1779048016.990094) can0 0000E005#16D2430003B60591
(1779048016.990678) can0 1806E5F4#13EC010003B6023A
(1779048016.991512) can0 0000E000#13EC13EC020F0000
(1779048016.992488) can0 0000E004#171703B603B601E4
(1779048016.993491) can0 0000E006#0CDF0CDF0CDF0CDF
(1779048016.994501) can0 0000E007#0CDF0CDF0CDF0CDF
(1779048016.995493) can0 0000E008#0CDF0CDF0CDF0CDD
(1779048016.996493) can0 0000E009#0CDF0CDF0CDF0CE0
(1779048016.997516) can0 0000E010#0000000000000000
(1779048016.998526) can0 0000E011#0000000000000000
(1779048016.999519) can0 0000E012#0CDE000200000000
(1779048017.000516) can0 0000F001#0000000000000000
(1779048017.001517) can0 18FF28F4#10330000020F0000
(1779048017.002500) can0 18FE28F4#0CE00CDD3F3F0000
(1779048017.003499) can0 18FD28F4#16D2FA6F00000000
(1779048017.004410) can0 4D4#000033007D0F0203
(1779048017.005382) can0 4D5#DD0CE00C3F3F0000
(1779048017.006499) can0 18914010#0CE0100CDD0C0000
(1779048017.007508) can0 18904010#020F020F753001FE
(1779048017.008493) can0 18FA28F4#E23DA12C10270000
(1779048017.009500) can0 18FB28F4#E00CDD0C3F3F0000
(1779048017.010516) can0 18FC28F4#383300000F020000
(1779048017.011471) can0 18F810F3#0F02E80333640100
(1779048017.012514) can0 18F815F3#0000000010030000
(1779048017.013399) can0 273#000000000F023300
(1779048017.014395) can0 1E1#020F271001FE01FE
(1779048017.015425) can0 1F5#0000000000000000
(1779048017.016521) can0 0800A6A9#0000000000000000
(1779048017.017464) can0 1000A6A9#0F02881333494949
(1779048017.018502) can0 1C00A6A9#0000000000030000
(1779048017.019514) can0 02018100#1003020F00000000
(1779048017.020495) can0 02028100#0000003364000000
(1779048017.021470) can0 02038100#0CE001100CDD010C
(1779048017.022490) can0 02048100#4901014901010000
(1779048017.023375) can0 1AD#9714000059331717
(1779048017.024401) can0 2AD#E00C800C97140016
(1779048017.025394) can0 3AD#0000000000009714
(1779048017.026407) can0 4AD#EB00000000000000
(1779048017.027407) can0 76A#7F00000000000000
(1779048017.090050) can0 0000E005#16D2430003B60591
(1779048017.090620) can0 1806E5F4#13EC010003B6023A
(1779048017.091508) can0 0000E000#13EC13EC020F0000
(1779048017.092476) can0 0000E004#171703B603B601E4
(1779048017.093507) can0 0000E006#0CDF0CDD0CDF0CDF
(1779048017.094497) can0 0000E007#0CDF0CDF0CDF0CDF
(1779048017.095482) can0 0000E008#0CDF0CDF0CDF0CDF
(1779048017.096483) can0 0000E009#0CDF0CDF0CDF0CE0
(1779048017.097514) can0 0000E010#0000000000000000
(1779048017.098508) can0 0000E011#0000000000000000
(1779048017.099509) can0 0000E012#0CDE000200000000
(1779048017.100522) can0 0000F001#0000000000000000
(1779048017.101521) can0 18FF28F4#10330000020F0000
(1779048017.102480) can0 18FE28F4#0CE00CDD3F3F0000
(1779048017.103483) can0 18FD28F4#16D2FA6F00000000
(1779048017.104401) can0 4D4#000033007D0F0203
(1779048017.105401) can0 4D5#DD0CE00C3F3F0000
(1779048017.106477) can0 18914010#0CE0100CDD020000
(1779048017.107490) can0 18904010#020F020F753001FE
(1779048017.108490) can0 18FA28F4#E23DA12C10270000
(1779048017.109522) can0 18FB28F4#E00CDD0C3F3F0000
(1779048017.110502) can0 18FC28F4#383300000F020000
(1779048017.111465) can0 18F810F3#0F02E80333640100
(1779048017.112515) can0 18F815F3#0000000010030000
(1779048017.113395) can0 273#000000000F023300
(1779048017.114389) can0 1E1#020F271001FE01FE
(1779048017.115426) can0 1F5#0000000000000000
(1779048017.116503) can0 0800A6A9#0000000000000000
(1779048017.117502) can0 1000A6A9#0F02881333494949
(1779048017.118492) can0 1C00A6A9#0000000000030000
(1779048017.119517) can0 02018100#1003020F00000000
(1779048017.120498) can0 02028100#0000003364000000
(1779048017.121491) can0 02038100#0CE001100CDD0102
(1779048017.122490) can0 02048100#4901014901010000
(1779048017.123390) can0 1AD#9714000059331717
(1779048017.124383) can0 2AD#E00C800C97140016
(1779048017.125446) can0 3AD#0000000000009714
(1779048017.126406) can0 4AD#EB00000000000000
(1779048017.127403) can0 76A#7F00000000000000
(1779048017.190046) can0 0000E005#16D2430003B60591
(1779048017.190625) can0 1806E5F4#13EC010003B6023A
(1779048017.191506) can0 0000E000#13EC13EC020F0000
(1779048017.192477) can0 0000E004#171703B603B601E4
(1779048017.193490) can0 0000E006#0CDF0CDD0CDF0CDF
(1779048017.194535) can0 0000E007#0CDF0CDF0CDF0CDF
(1779048017.195484) can0 0000E008#0CDF0CDF0CDF0CDF
(1779048017.196484) can0 0000E009#0CDF0CDF0CDF0CE0
(1779048017.197516) can0 0000E010#0000000000000000
(1779048017.198511) can0 0000E011#0000000000000000
(1779048017.199503) can0 0000E012#0CDE000200000000
(1779048017.200522) can0 0000F001#0000000000000000
(1779048017.201503) can0 18FF28F4#10330000020F0000
(1779048017.202537) can0 18FE28F4#0CE00CDD3F3F0000
(1779048017.203478) can0 18FD28F4#16D2FA6F00000000
(1779048017.204402) can0 4D4#000033007D0F0203
(1779048017.205396) can0 4D5#DD0CE00C3F3F0000
(1779048017.206479) can0 18914010#0CE0100CDD020000
(1779048017.207491) can0 18904010#020F020F753001FE
(1779048017.208472) can0 18FA28F4#E23DA12C10270000
(1779048017.209485) can0 18FB28F4#E00CDD0C3F3F0000
(1779048017.210505) can0 18FC28F4#383300000F020000
(1779048017.211467) can0 18F810F3#0F02E80333640100
(1779048017.212511) can0 18F815F3#0000000010030000
(1779048017.213396) can0 273#000000000F023300
(1779048017.214394) can0 1E1#020F271001FE01FE
(1779048017.215428) can0 1F5#0000000000000000
(1779048017.216504) can0 0800A6A9#0000000000000000
(1779048017.217472) can0 1000A6A9#0F02881333494949
(1779048017.218498) can0 1C00A6A9#0000000000030000
(1779048017.219511) can0 02018100#1003020F00000000
(1779048017.220497) can0 02028100#0000003364000000
(1779048017.221492) can0 02038100#0CE001100CDD0102
(1779048017.222487) can0 02048100#4901014901010000
(1779048017.223372) can0 1AD#9714000059331717
(1779048017.224384) can0 2AD#E00C800C97140016
(1779048017.225397) can0 3AD#0000000000009714
(1779048017.226408) can0 4AD#EB00000000000000
(1779048017.227403) can0 76A#7F00000000000000
(1779048017.233398) can0 00000E00#00354C4331343233
(1779048017.307021) can0 0000E005#16D2430003B60591
(1779048017.307608) can0 1806E5F4#13EC010003B6023A
(1779048017.308505) can0 0000E000#13EC13EC020F0000
(1779048017.309472) can0 0000E004#171703B603B601E4
(1779048017.310484) can0 0000E006#0CDF0CDF0CDF0CDF
(1779048017.311496) can0 0000E007#0CDF0CDF0CDF0CDF
(1779048017.312485) can0 0000E008#0CDF0CDF0CDF0CDF
(1779048017.313480) can0 0000E009#0CDF0CDF0CDF0CE0
(1779048017.314512) can0 0000E010#0000000000000000
(1779048017.315508) can0 0000E011#0000000000000000
(1779048017.316505) can0 0000E012#0CDF000000000000
(1779048017.317454) can0 0000E013#4542323630354C43
(1779048017.318488) can0 0000E014#3134323300000000
(1779048017.319498) can0 0000E015#0000000000000003
(1779048017.320512) can0 0000F000#0000000000000000
(1779048017.321511) can0 0000F001#0000000000000000
(1779048017.322512) can0 18FF28F4#10330000020F0000
(1779048017.323472) can0 18FE28F4#0CE00CDF3F3F0000
(1779048017.324492) can0 18FD28F4#16D2FA6F00000000
(1779048017.325404) can0 4D4#000033007D0F0203
(1779048017.326405) can0 4D5#DF0CE00C3F3F0000
(1779048017.327476) can0 18914010#0CE0100CDF010000
(1779048017.328481) can0 18904010#020F020F753001FE
(1779048017.329494) can0 18924010#3F013F0100000000
(1779048017.330494) can0 18934010#0000001D0000BD42
(1779048017.331506) can0 18944010#1003000000000000
(1779048017.332538) can0 18954010#0000000000000000
(1779048017.333519) can0 18954010#0100000000000000
(1779048017.334500) can0 18954010#0200000000000000
(1779048017.335511) can0 18954010#0300000000000000
(1779048017.336514) can0 18954010#0400000000000000
(1779048017.337513) can0 18954010#0500000000000000
(1779048017.338509) can0 18964010#003F3F3F00000000
(1779048017.339501) can0 18974010#0000000000000000
(1779048017.340534) can0 18984010#0000000000000000
(1779048017.341481) can0 18FA28F4#E23DA12C10270000
(1779048017.342475) can0 18FB28F4#E00CDF0C3F3F0000
(1779048017.343488) can0 18FC28F4#383300000F020000
(1779048017.344469) can0 18F810F3#0F02E80333640100
(1779048017.345500) can0 18F811F3#E00C1001DF0C0101
(1779048017.346495) can0 18F812F3#3F01013F01010000
(1779048017.347504) can0 18F813F3#0101000000000000
(1779048017.348520) can0 18F814F3#3200BA1AA9015F00
(1779048017.349501) can0 18F815F3#0000000010030000
(1779048017.350408) can0 273#000000000F023300
(1779048017.351405) can0 1E1#020F271001FE01FE
(1779048017.352432) can0 1F5#0000000000000000
(1779048017.353504) can0 0800A6A9#0000000000000000
(1779048017.354471) can0 1000A6A9#0F02881333494949
(1779048017.355502) can0 1C00A6A9#0000000000030000
(1779048017.356546) can0 02018100#1003020F00000000
(1779048017.357495) can0 02028100#0000003364000000
(1779048017.358496) can0 02038100#0CE001100CDF0101
(1779048017.359491) can0 02048100#4901014901010000
(1779048017.360375) can0 1AD#9814000059331717
(1779048017.361388) can0 2AD#E00C800C98140016
(1779048017.362401) can0 3AD#0000000000009814
(1779048017.363411) can0 4AD#EB00000000000000
(1779048017.364413) can0 76A#7F00000000000000
(1779048017.423077) can0 0000E005#16D2430003B60591
(1779048017.423659) can0 1806E5F4#13EC010003B6023A
(1779048017.424494) can0 0000E000#13EC13EC020F0000
(1779048017.425507) can0 0000E004#171703B603B601E4
(1779048017.426489) can0 0000E006#0CDF0CDF0CDF0CDF
(1779048017.427489) can0 0000E007#0CDF0CDF0CDF0CDF
(1779048017.428482) can0 0000E008#0CDF0CDF0CDF0CDF
(1779048017.429482) can0 0000E009#0CDF0CDF0CDF0CE0
(1779048017.430514) can0 0000E010#0000000000000000
(1779048017.431507) can0 0000E011#0000000000000000
(1779048017.432488) can0 0000E012#0CDF000000000000
(1779048017.433552) can0 0000F001#0000000000000000
(1779048017.434502) can0 18FF28F4#10330000020F0000
(1779048017.435483) can0 18FE28F4#0CE00CDF3F3F0000
(1779048017.436482) can0 18FD28F4#16D2FA6F00000000
(1779048017.437401) can0 4D4#000033007D0F0203
(1779048017.438401) can0 4D5#DF0CE00C3F3F0000
(1779048017.439496) can0 18914010#0CE0100CDF010000
(1779048017.440473) can0 18904010#020F020F753001FE
(1779048017.441520) can0 18FA28F4#E23DA12C10270000
(1779048017.442471) can0 18FB28F4#E00CDF0C3F3F0000
(1779048017.443483) can0 18FC28F4#383300000F020000
(1779048017.444463) can0 18F810F3#0F02E80333640100
(1779048017.445496) can0 18F815F3#0000000010030000
(1779048017.446402) can0 273#000000000F023300
(1779048017.447395) can0 1E1#020F271001FE01FE
(1779048017.448408) can0 1F5#0000000000000000
(1779048017.449503) can0 0800A6A9#0000000000000000
(1779048017.450452) can0 1000A6A9#0F02881333494949
(1779048017.451484) can0 1C00A6A9#0000000000030000
(1779048017.452491) can0 02018100#1003020F00000000
(1779048017.453496) can0 02028100#0000003364000000
(1779048017.454495) can0 02038100#0CE001100CDF0101
(1779048017.455491) can0 02048100#4901014901010000
(1779048017.456373) can0 1AD#9814000059331717
(1779048017.457388) can0 2AD#E00C800C98140016
(1779048017.458401) can0 3AD#0000000000009814
(1779048017.459414) can0 4AD#EB00000000000000
(1779048017.460408) can0 76A#7F00000000000000
(1779048017.523071) can0 0000E005#16D2430003B60591
(1779048017.523662) can0 1806E5F4#13EC010003B6023A
(1779048017.524495) can0 0000E000#13EC13EC020F0000
(1779048017.525472) can0 0000E004#171703B603B601E4
(1779048017.526490) can0 0000E006#0CDF0CDF0CDF0CDF
(1779048017.527489) can0 0000E007#0CDF0CDF0CDF0CDF
(1779048017.528490) can0 0000E008#0CDF0CDF0CDF0CDF
(1779048017.529491) can0 0000E009#0CDF0CDF0CDF0CE0
(1779048017.530516) can0 0000E010#0000000000000000
(1779048017.531515) can0 0000E011#0000000000000000
(1779048017.532496) can0 0000E012#0CDF000000000000
(1779048017.533508) can0 0000F001#0000000000000000
(1779048017.534490) can0 18FF28F4#10330000020F0000
(1779048017.535471) can0 18FE28F4#0CE00CDF3F3F0000
(1779048017.536470) can0 18FD28F4#16D2FA6F00000000
(1779048017.537382) can0 4D4#000033007D0F0203
(1779048017.538401) can0 4D5#DF0CE00C3F3F0000
(1779048017.539478) can0 18914010#0CE0100CDF010000
(1779048017.540477) can0 18904010#020F020F753001FE
(1779048017.541471) can0 18FA28F4#E23DA12C10270000
(1779048017.542471) can0 18FB28F4#E00CDF0C3F3F0000
(1779048017.543484) can0 18FC28F4#383300000F020000
(1779048017.544470) can0 18F810F3#0F02E80333640100
(1779048017.545497) can0 18F815F3#0000000010030000
(1779048017.546401) can0 273#000000000F023300
(1779048017.547395) can0 1E1#020F271001FE01FE
(1779048017.548408) can0 1F5#0000000000000000
(1779048017.549488) can0 0800A6A9#0000000000000000
(1779048017.550453) can0 1000A6A9#0F02881333494949
(1779048017.551484) can0 1C00A6A9#0000000000030000
(1779048017.552498) can0 02018100#1003020F00000000
(1779048017.553504) can0 02028100#0000003364000000
(1779048017.554480) can0 02038100#0CE001100CDF0101
(1779048017.555491) can0 02048100#4901014901010000
(1779048017.556376) can0 1AD#9814000059331717
(1779048017.557389) can0 2AD#E00C800C98140016
(1779048017.558407) can0 3AD#0000000000009814
(1779048017.559409) can0 4AD#EB00000000000000
(1779048017.560410) can0 76A#7F00000000000000
(1779048017.623015) can0 0000E005#16D2430003B60591
(1779048017.623600) can0 1806E5F4#13EC010003B6023A
(1779048017.624516) can0 0000E000#13EC13EC020F0000
(1779048017.625477) can0 0000E004#171703B603B601E4
(1779048017.626478) can0 0000E006#0CDF0CDF0CDF0CDF
(1779048017.627491) can0 0000E007#0CDF0CDF0CDF0CDF
(1779048017.628490) can0 0000E008#0CDF0CDF0CDF0CDF
(1779048017.629494) can0 0000E009#0CDF0CDF0CDF0CE0
(1779048017.630505) can0 0000E010#0000000000000000
(1779048017.631503) can0 0000E011#0000000000000000
(1779048017.632517) can0 0000E012#0CDF000000000000
(1779048017.633509) can0 0000F001#0000000000000000
(1779048017.634489) can0 18FF28F4#10330000020F0000
(1779048017.635472) can0 18FE28F4#0CE00CDF3F3F0000
(1779048017.636472) can0 18FD28F4#16D2FA6F00000000
(1779048017.637389) can0 4D4#000033007D0F0203
(1779048017.638385) can0 4D5#DF0CE00C3F3F0000
(1779048017.639486) can0 18914010#0CE0100CDF010000
(1779048017.640510) can0 18904010#020F020F753001FE
(1779048017.641479) can0 18FA28F4#E23DA12C10270000
(1779048017.642478) can0 18FB28F4#E00CDF0C3F3F0000
(1779048017.643491) can0 18FC28F4#383300000F020000
(1779048017.644472) can0 18F810F3#0F02E80333640100
(1779048017.645504) can0 18F815F3#0000000010030000
(1779048017.646399) can0 273#000000000F023300
(1779048017.647384) can0 1E1#020F271001FE01FE
(1779048017.648447) can0 1F5#0000000000000000
(1779048017.649491) can0 0800A6A9#0000000000000000
(1779048017.650456) can0 1000A6A9#0F02881333494949
(1779048017.651491) can0 1C00A6A9#0000000000030000
(1779048017.652504) can0 02018100#1003020F00000000
(1779048017.653498) can0 02028100#0000003364000000
(1779048017.654479) can0 02038100#0CE001100CDF0101
(1779048017.655479) can0 02048100#4901014901010000
(1779048017.656409) can0 1AD#9814000059331717
(1779048017.657390) can0 2AD#E00C800C98140016
(1779048017.658398) can0 3AD#0000000000009814
(1779048017.659396) can0 4AD#EB00000000000000
(1779048017.660409) can0 76A#7F00000000000000
(1779048017.743011) can0 0000E005#16D2430003B60591
(1779048017.743599) can0 1806E5F4#13EC010003B6023A
(1779048017.744492) can0 0000E000#13EC13EC020F0000
(1779048017.745474) can0 0000E004#171703B603B601E4
(1779048017.746487) can0 0000E006#0CDF0CDF0CDF0CDF
(1779048017.747485) can0 0000E007#0CDF0CDF0CDF0CDF
(1779048017.748480) can0 0000E008#0CDF0CDF0CDF0CDF
(1779048017.749480) can0 0000E009#0CDF0CDF0CDF0CE0
(1779048017.750512) can0 0000E010#0000000000000000
(1779048017.751505) can0 0000E011#0000000000000000
(1779048017.752493) can0 0000E012#0CDF000000000000
(1779048017.753505) can0 0000F001#0000000000000000
(1779048017.754500) can0 18FF28F4#10330000020F0000
(1779048017.755480) can0 18FE28F4#0CE00CDF3F3F0000
(1779048017.756484) can0 18FD28F4#16D2FA6F00000000
(1779048017.757405) can0 4D4#000033007D0F0203
(1779048017.758399) can0 4D5#DF0CE00C3F3F0000
(1779048017.759475) can0 18914010#0CE0100CDF010000
(1779048017.760476) can0 18904010#020F020F753001FE
(1779048017.761474) can0 18FA28F4#E23DA12C10270000
(1779048017.762468) can0 18FB28F4#E00CDF0C3F3F0000
(1779048017.763482) can0 18FC28F4#383300000F020000
(1779048017.764468) can0 18F810F3#0F02E80333640100
(1779048017.765494) can0 18F815F3#0000000010030000
(1779048017.766397) can0 273#000000000F023300
(1779048017.767387) can0 1E1#020F271001FE01FE
(1779048017.768410) can0 1F5#0000000000000000
(1779048017.769500) can0 0800A6A9#0000000000000000
(1779048017.770482) can0 1000A6A9#0F02881333494949
(1779048017.771490) can0 1C00A6A9#0000000000030000
(1779048017.772520) can0 02018100#1003020F00000000
(1779048017.773495) can0 02028100#0000003364000000
(1779048017.774488) can0 02038100#0CE001100CDF0101
(1779048017.775482) can0 02048100#4901014901010000
(1779048017.776367) can0 1AD#9814000059331717
(1779048017.777381) can0 2AD#E00C800C98140016
(1779048017.778412) can0 3AD#0000000000009814
(1779048017.779403) can0 4AD#EB00000000000000
(1779048017.780405) can0 76A#7F00000000000000
(1779048017.860023) can0 0000E005#16D2430003B60591
(1779048017.860623) can0 1806E5F4#13EC010003B6023A
(1779048017.861488) can0 0000E000#13EC13EC020F0000
(1779048017.862476) can0 0000E004#171703B603B601E4
(1779048017.863501) can0 0000E006#0CDF0CDF0CDF0CDF
(1779048017.864481) can0 0000E007#0CDF0CDF0CDF0CDF
(1779048017.865481) can0 0000E008#0CDF0CDF0CDF0CDF
(1779048017.866482) can0 0000E009#0CDF0CDF0CDF0CE0
(1779048017.867508) can0 0000E010#0000000000000000
(1779048017.868507) can0 0000E011#0000000000000000
(1779048017.869487) can0 0000E012#0CDF000000000000
(1779048017.870458) can0 0000E013#4542323630354C43
(1779048017.871502) can0 0000E014#3134323300000000
(1779048017.872501) can0 0000E015#0000000000000003
(1779048017.873495) can0 0000F000#0000000000000000
(1779048017.874496) can0 0000F001#0000000000000000
(1779048017.875496) can0 18FF28F4#10330000020F0000
(1779048017.876476) can0 18FE28F4#0CE00CDF3F3F0000
(1779048017.877467) can0 18FD28F4#16D2FA6F00000000
(1779048017.878388) can0 4D4#000033007D0F0203
(1779048017.879420) can0 4D5#DF0CE00C3F3F0000
(1779048017.880483) can0 18914010#0CE0100CDF010000
(1779048017.881477) can0 18904010#020F020F753001FE
(1779048017.882477) can0 18924010#3F013F0100000000
(1779048017.883489) can0 18934010#0000001E0000BD42
(1779048017.884489) can0 18944010#1003000000000000
(1779048017.885502) can0 18954010#0000000000000000
(1779048017.886503) can0 18954010#0100000000000000
(1779048017.887546) can0 18954010#0200000000000000
(1779048017.888491) can0 18954010#0300000000000000
(1779048017.889496) can0 18954010#0400000000000000
(1779048017.890490) can0 18954010#0500000000000000
(1779048017.891503) can0 18964010#003F3F3F00000000
(1779048017.892496) can0 18974010#0000000000000000
(1779048017.893496) can0 18984010#0000000000000000
(1779048017.894465) can0 18FA28F4#E23DA12C10270000
(1779048017.895471) can0 18FB28F4#E00CDF0C3F3F0000
(1779048017.896484) can0 18FC28F4#383300000F020000
(1779048017.897465) can0 18F810F3#0F02E80333640100
(1779048017.898478) can0 18F811F3#E00C1001DF0C0101
(1779048017.899477) can0 18F812F3#3F01013F01010000
(1779048017.900485) can0 18F813F3#0101000000000000
(1779048017.901471) can0 18F814F3#3200BA1AA9015F00
(1779048017.902497) can0 18F815F3#0000000010030000
(1779048017.903395) can0 273#000000000F023300
(1779048017.904373) can0 1E1#020F271001FE01FE
(1779048017.905408) can0 1F5#0000000000000000
(1779048017.906485) can0 0800A6A9#0000000000000000
(1779048017.907453) can0 1000A6A9#0F02881333494949
(1779048017.908478) can0 1C00A6A9#0000000000030000
(1779048017.909498) can0 02018100#1003020F00000000
(1779048017.910492) can0 02028100#0000003364000000
(1779048017.911472) can0 02038100#0CE001100CDF0101
(1779048017.912469) can0 02048100#4901014901010000
(1779048017.913371) can0 1AD#9814000059331717
(1779048017.914385) can0 2AD#E00C800C98140016
(1779048017.915403) can0 3AD#0000000000009814
(1779048017.916397) can0 4AD#EB00000000000000
(1779048017.917396) can0 76A#7F00000000000000
(1779048017.976014) can0 0000E005#16D2430003B60591
(1779048017.976606) can0 1806E5F4#13EC010003B6023A
(1779048017.977490) can0 0000E000#13EC13EC020F0000
(1779048017.978470) can0 0000E004#171703B603B601E4
(1779048017.979483) can0 0000E006#0CDF0CDF0CDF0CDF
(1779048017.980484) can0 0000E007#0CDF0CDF0CDF0CDF
(1779048017.981474) can0 0000E008#0CDF0CDF0CDF0CDF
(1779048017.982478) can0 0000E009#0CDF0CDF0CDF0CE0
(1779048017.983510) can0 0000E010#0000000000000000
(1779048017.984502) can0 0000E011#0000000000000000
(1779048017.985482) can0 0000E012#0CDF000000000000
(1779048017.986504) can0 0000F001#0000000000000000
(1779048017.987497) can0 18FF28F4#10330000020F0000
(1779048017.988466) can0 18FE28F4#0CE00CDF3F3F0000
(1779048017.989477) can0 18FD28F4#16D2FA6F00000000
(1779048017.990396) can0 4D4#000033007D0F0203
(1779048017.991396) can0 4D5#DF0CE00C3F3F0000
(1779048017.992472) can0 18914010#0CE0100CDF010000
(1779048017.993468) can0 18904010#020F020F753001FE
(1779048017.994466) can0 18FA28F4#E23DA12C10270000
(1779048017.995467) can0 18FB28F4#E00CDF0C3F3F0000
(1779048017.996479) can0 18FC28F4#383300000F020000
(1779048017.997459) can0 18F810F3#0F02E80333640100
(1779048017.998507) can0 18F815F3#0000000010030000
(1779048017.999393) can0 273#000000000F023300
(1779048018.000391) can0 1E1#020F271001FE01FE
(1779048018.001404) can0 1F5#0000000000000000
(1779048018.002500) can0 0800A6A9#0000000000000000
(1779048018.003448) can0 1000A6A9#0F02881333494949
(1779048018.004479) can0 1C00A6A9#0000000000030000
(1779048018.005492) can0 02018100#1003020F00000000
(1779048018.006492) can0 02028100#0000003364000000
(1779048018.007485) can0 02038100#0CE001100CDF0101
(1779048018.008485) can0 02048100#4901014901010000
(1779048018.009384) can0 1AD#9814000059331717
(1779048018.010388) can0 2AD#E00C800C98140016
(1779048018.011403) can0 3AD#0000000000009814
(1779048018.012407) can0 4AD#EB00000000000000
(1779048018.013400) can0 76A#7F00000000000000
(1779048018.076071) can0 0000E005#16D2430003B60591
(1779048018.076646) can0 1806E5F4#13EC010003B6023A
(1779048018.077497) can0 0000E000#13EC13EC020F0000
(1779048018.078474) can0 0000E004#171703B603B601E4
(1779048018.079479) can0 0000E006#0CDF0CDF0CDF0CDF
(1779048018.080492) can0 0000E007#0CDF0CDF0CDF0CDF
(1779048018.081473) can0 0000E008#0CDF0CDF0CDF0CDF
(1779048018.082464) can0 0000E009#0CDF0CDF0CDF0CE0
(1779048018.083498) can0 0000E010#0000000000000000
(1779048018.084499) can0 0000E011#0000000000000000
(1779048018.085480) can0 0000E012#0CDF000000000000
(1779048018.086512) can0 0000F001#0000000000000000
(1779048018.087492) can0 18FF28F4#10330000020F0000
(1779048018.088473) can0 18FE28F4#0CE00CDF3F3F0000
(1779048018.089473) can0 18FD28F4#16D2FA6F00000000
(1779048018.090385) can0 4D4#000033007D0F0203
(1779048018.091384) can0 4D5#DF0CE00C3F3F0000
(1779048018.092480) can0 18914010#0CE0100CDF010000
(1779048018.093480) can0 18904010#020F020F753001FE
(1779048018.094488) can0 18FA28F4#E23DA12C10270000
(1779048018.095474) can0 18FB28F4#E00CDF0C3F3F0000
(1779048018.096486) can0 18FC28F4#383300000F020000
(1779048018.097454) can0 18F810F3#0F02E80333640100
(1779048018.098500) can0 18F815F3#0000000010030000
(1779048018.099384) can0 273#000000000F023300
(1779048018.100385) can0 1E1#020F271001FE01FE
(1779048018.101416) can0 1F5#0000000000000000
(1779048018.102521) can0 0800A6A9#0000000000000000
(1779048018.103455) can0 1000A6A9#0F02881333494949
(1779048018.104487) can0 1C00A6A9#0000000000030000
(1779048018.105500) can0 02018100#1003020F00000000
(1779048018.106480) can0 02028100#0000003364000000
(1779048018.107480) can0 02038100#0CE001100CDF0101
(1779048018.108476) can0 02048100#4901014901010000
(1779048018.109378) can0 1AD#9814000059331717
(1779048018.110424) can0 2AD#E00C800C98140016
(1779048018.111385) can0 3AD#0000000000009814
(1779048018.112397) can0 4AD#EB00000000000000
(1779048018.113398) can0 76A#7F00000000000000
(1779048018.176034) can0 0000E005#16D2430003B60591
(1779048018.176630) can0 1806E5F4#13EC010003B6023A
(1779048018.177485) can0 0000E000#13EC13EC020F0000
(1779048018.178467) can0 0000E004#171703B603B601E4
(1779048018.179508) can0 0000E006#0CDF0CDF0CDF0CDF
(1779048018.180479) can0 0000E007#0CDF0CDF0CDF0CDF
(1779048018.181473) can0 0000E008#0CDF0CDF0CDF0CDF
(1779048018.182486) can0 0000E009#0CDF0CDF0CDF0CDF
(1779048018.183499) can0 0000E010#0000000000000000
(1779048018.184499) can0 0000E011#0000000000000000
(1779048018.185498) can0 0000E012#0CDE000000000000
(1779048018.186493) can0 0000F001#0000000000000000
(1779048018.187521) can0 18FF28F4#10330000020F0000
(1779048018.188473) can0 18FE28F4#0CDF0CDF3F3F0000
(1779048018.189474) can0 18FD28F4#16D2FA6F00000000
(1779048018.190391) can0 4D4#000033007D0F0203
(1779048018.191387) can0 4D5#DF0CDF0C3F3F0000
(1779048018.192479) can0 18914010#0CDF010CDF010000
(1779048018.193481) can0 18904010#020F020F753001FE
(1779048018.194462) can0 18FA28F4#E23DA12C10270000
(1779048018.195525) can0 18FB28F4#DF0CDF0C3F3F0000
(1779048018.196493) can0 18FC28F4#383300000F020000
(1779048018.197455) can0 18F810F3#0F02E80333640100
(1779048018.198488) can0 18F815F3#0000000010030000
(1779048018.199384) can0 273#000000000F023300
(1779048018.200385) can0 1E1#020F271001FE01FE
(1779048018.201411) can0 1F5#0000000000000000
(1779048018.202494) can0 0800A6A9#0000000000000000
(1779048018.203456) can0 1000A6A9#0F02881333494949
(1779048018.204488) can0 1C00A6A9#0000000000030000
(1779048018.205501) can0 02018100#1003020F00000000
(1779048018.206481) can0 02028100#0000003364000000
(1779048018.207481) can0 02038100#0CDF01010CDF0101
(1779048018.208476) can0 02048100#4901014901010000
(1779048018.209361) can0 1AD#9714000059331717
(1779048018.210374) can0 2AD#DF0C800C97140016
(1779048018.211377) can0 3AD#0000000000009714
(1779048018.212399) can0 4AD#EB00000000000000
(1779048018.213393) can0 76A#7F00000000000000
(1779048018.276010) can0 0000E005#16D2430003B60591
(1779048018.276598) can0 1806E5F4#13EC010003B6023A
(1779048018.277481) can0 0000E000#13EC13EC020F0000
(1779048018.278467) can0 0000E004#171703B603B601E4
(1779048018.279480) can0 0000E006#0CDF0CDF0CDF0CDF
(1779048018.280480) can0 0000E007#0CDF0CDF0CDF0CDF
(1779048018.281474) can0 0000E008#0CDF0CDF0CDF0CDF
(1779048018.282473) can0 0000E009#0CDF0CDF0CDF0CDF
(1779048018.283506) can0 0000E010#0000000000000000
(1779048018.284498) can0 0000E011#0000000000000000
(1779048018.285480) can0 0000E012#0CDE000000000000
(1779048018.286500) can0 0000F001#0000000000000000
(1779048018.287480) can0 18FF28F4#10330000020F0000
(1779048018.288470) can0 18FE28F4#0CDF0CDF3F3F0000
(1779048018.289462) can0 18FD28F4#16D2FA6F00000000
(1779048018.290379) can0 4D4#000033007D0F0203
(1779048018.291392) can0 4D5#DF0CDF0C3F3F0000
(1779048018.292468) can0 18914010#0CDF010CDF010000
(1779048018.293469) can0 18904010#020F020F753001FE
(1779048018.294462) can0 18FA28F4#E23DA12C10270000
(1779048018.295486) can0 18FB28F4#DF0CDF0C3F3F0000
(1779048018.296476) can0 18FC28F4#383300000F020000
(1779048018.297456) can0 18F810F3#0F02E80333640100
(1779048018.298488) can0 18F815F3#0000000010030000
(1779048018.299387) can0 273#000000000F023300
(1779048018.300365) can0 1E1#020F271001FE01FE
(1779048018.301399) can0 1F5#0000000000000000
(1779048018.302482) can0 0800A6A9#0000000000000000
(1779048018.303444) can0 1000A6A9#0F02881333494949
(1779048018.304476) can0 1C00A6A9#0000000000030000
(1779048018.305486) can0 02018100#1003020F00000000
(1779048018.306488) can0 02028100#0000003364000000
(1779048018.307482) can0 02038100#0CDF01010CDF0101
(1779048018.308463) can0 02048100#4901014901010000
(1779048018.309383) can0 1AD#9714000059331717
(1779048018.310380) can0 2AD#DF0C800C97140016
(1779048018.311387) can0 3AD#0000000000009714
(1779048018.312396) can0 4AD#EB00000000000000
(1779048018.313400) can0 76A#7F00000000000000
(1779048018.393024) can0 0000E005#16D2430003B60591
(1779048018.393604) can0 1806E5F4#13EC010003B6023A
(1779048018.394508) can0 0000E000#13EC13EC020F0000
(1779048018.395457) can0 0000E004#171703B603B601E4
(1779048018.396471) can0 0000E006#0CDF0CDD0CDF0CDF
(1779048018.397483) can0 0000E007#0CDF0CDF0CDF0CDF
(1779048018.398475) can0 0000E008#0CDF0CDF0CDF0CDF
(1779048018.399465) can0 0000E009#0CDF0CDF0CDF0CE0
(1779048018.400506) can0 0000E010#0000000000000000
(1779048018.401492) can0 0000E011#0000000000000000
(1779048018.402521) can0 0000E012#0CDE000200000000
(1779048018.403439) can0 0000E013#4542323630354C43
(1779048018.404479) can0 0000E014#3134323300000000
(1779048018.405506) can0 0000E015#0000000000000003
(1779048018.406505) can0 0000F000#0000000000000000
(1779048018.407499) can0 0000F001#0000000000000000
(1779048018.408493) can0 18FF28F4#10330000020F0000
(1779048018.409460) can0 18FE28F4#0CE00CDD3F3F0000
(1779048018.410499) can0 18FD28F4#16D2FA6F00000000
(1779048018.411390) can0 4D4#000033007D0F0203
(1779048018.412371) can0 4D5#DD0CE00C3F3F0000
(1779048018.413464) can0 18914010#0CE0100CDD020000
(1779048018.414458) can0 18904010#020F020F753001FE
(1779048018.415478) can0 18924010#3F013F0100000000
(1779048018.416478) can0 18934010#0000001F0000BD42
(1779048018.417482) can0 18944010#1003000000000000
(1779048018.418549) can0 18954010#0000000000000000
(1779048018.419508) can0 18954010#0100000000000000
(1779048018.420491) can0 18954010#0200000000000000
(1779048018.421490) can0 18954010#0300000000000000
(1779048018.422496) can0 18954010#0400000000000000
(1779048018.423480) can0 18954010#0500000000000000
(1779048018.424493) can0 18964010#003F3F3F00000000
(1779048018.425485) can0 18974010#0000000000000000
(1779048018.426528) can0 18984010#0000000000000000
(1779048018.427466) can0 18FA28F4#E23DA12C10270000
(1779048018.428460) can0 18FB28F4#E00CDD0C3F3F0000
(1779048018.429473) can0 18FC28F4#383300000F020000
(1779048018.430453) can0 18F810F3#0F02E80333640100
(1779048018.431468) can0 18F811F3#E00C1001DD0C0201
(1779048018.432480) can0 18F812F3#3F01013F01010000
(1779048018.433492) can0 18F813F3#0101000000000000
(1779048018.434455) can0 18F814F3#3200BA1AA9015F00
(1779048018.435487) can0 18F815F3#0000000010030000
(1779048018.436384) can0 273#000000000F023300
(1779048018.437386) can0 1E1#020F271001FE01FE
(1779048018.438393) can0 1F5#0000000000000000
(1779048018.439494) can0 0800A6A9#0000000000000000
(1779048018.440455) can0 1000A6A9#0F02881333494949
(1779048018.441468) can0 1C00A6A9#0000000000030000
(1779048018.442500) can0 02018100#1003020F00000000
(1779048018.443480) can0 02028100#0000003364000000
(1779048018.444461) can0 02038100#0CE001100CDD0102
(1779048018.445461) can0 02048100#4901014901010000
(1779048018.446359) can0 1AD#9714000059331717
(1779048018.447360) can0 2AD#E00C800C97140016
(1779048018.448391) can0 3AD#0000000000009714
(1779048018.449391) can0 4AD#EB00000000000000
(1779048018.450381) can0 76A#7F00000000000000
(1779048018.509058) can0 0000E005#16D2430003B60591
(1779048018.509661) can0 1806E5F4#13EC010003B6023A
(1779048018.510493) can0 0000E000#13EC13EC020F0000
(1779048018.511460) can0 0000E004#171703B603B601E4
(1779048018.512473) can0 0000E006#0CDF0CDD0CDF0CDF
(1779048018.513473) can0 0000E007#0CDF0CDF0CDF0CDF
(1779048018.514474) can0 0000E008#0CDF0CDF0CDF0CDF
(1779048018.515467) can0 0000E009#0CDF0CDF0CDF0CE0
(1779048018.516498) can0 0000E010#0000000000000000
(1779048018.517498) can0 0000E011#0000000000000000
(1779048018.518491) can0 0000E012#0CDE000200000000
(1779048018.519492) can0 0000F001#0000000000000000
(1779048018.520487) can0 18FF28F4#10330000020F0000
(1779048018.521474) can0 18FE28F4#0CE00CDD3F3F0000
(1779048018.522467) can0 18FD28F4#16D2FA6F00000000
(1779048018.523384) can0 4D4#000033007D0F0203
(1779048018.524366) can0 4D5#DD0CE00C3F3F0000
(1779048018.525461) can0 18914010#0CE0100CDD020000
(1779048018.526470) can0 18904010#020F020F753001FE
(1779048018.527456) can0 18FA28F4#E23DA12C10270000
(1779048018.528474) can0 18FB28F4#E00CDD0C3F3F0000
(1779048018.529487) can0 18FC28F4#383300000F020000
(1779048018.530451) can0 18F810F3#0F02E80333640100
(1779048018.531500) can0 18F815F3#0000000010030000
(1779048018.532385) can0 273#000000000F023300
(1779048018.533378) can0 1E1#020F271001FE01FE
(1779048018.534392) can0 1F5#0000000000000000
(1779048018.535487) can0 0800A6A9#0000000000000000
(1779048018.536456) can0 1000A6A9#0F02881333494949
(1779048018.537481) can0 1C00A6A9#0000000000030000
(1779048018.538494) can0 02018100#1003020F00000000
(1779048018.539481) can0 02028100#0000003364000000
(1779048018.540474) can0 02038100#0CE001100CDD0102
(1779048018.541475) can0 02048100#4901014901010000
(1779048018.542354) can0 1AD#9714000059331717
(1779048018.543373) can0 2AD#E00C800C97140016
(1779048018.544380) can0 3AD#0000000000009714
(1779048018.545393) can0 4AD#EB00000000000000
(1779048018.546393) can0 76A#7F00000000000000
(1779048018.609064) can0 0000E005#16D2430003B60591
(1779048018.609651) can0 1806E5F4#13EC010003B6023A
(1779048018.610482) can0 0000E000#13EC13EC020F0000
(1779048018.611461) can0 0000E004#171703B603B601E4
(1779048018.612460) can0 0000E006#0CDF0CDD0CDF0CDF
(1779048018.613473) can0 0000E007#0CDF0CDF0CDF0CDF
(1779048018.614474) can0 0000E008#0CDF0CDF0CDF0CDF
(1779048018.615466) can0 0000E009#0CDF0CDF0CDF0CE0
(1779048018.616500) can0 0000E010#0000000000000000
(1779048018.617499) can0 0000E011#0000000000000000
(1779048018.618481) can0 0000E012#0CDE000200000000
(1779048018.619493) can0 0000F001#0000000000000000
(1779048018.620475) can0 18FF28F4#10330000020F0000
(1779048018.621462) can0 18FE28F4#0CE00CDD3F3F0000
(1779048018.622462) can0 18FD28F4#16D2FA6F00000000
(1779048018.623371) can0 4D4#000033007D0F0203
(1779048018.624372) can0 4D5#DD0CE00C3F3F0000
(1779048018.625487) can0 18914010#0CE0100CDD020000
(1779048018.626464) can0 18904010#020F020F753001FE
(1779048018.627458) can0 18FA28F4#E23DA12C10270000
(1779048018.628464) can0 18FB28F4#E00CDD0C3F3F0000
(1779048018.629476) can0 18FC28F4#383300000F020000
(1779048018.630456) can0 18F810F3#0F02E80333640100
(1779048018.631487) can0 18F815F3#0000000010030000
(1779048018.632387) can0 273#000000000F023300
(1779048018.633406) can0 1E1#020F271001FE01FE
(1779048018.634400) can0 1F5#0000000000000000
(1779048018.635476) can0 0800A6A9#0000000000000000
(1779048018.636442) can0 1000A6A9#0F02881333494949
(1779048018.637477) can0 1C00A6A9#0000000000030000
(1779048018.638489) can0 02018100#1003020F00000000
(1779048018.639482) can0 02028100#0000003364000000
(1779048018.640469) can0 02038100#0CE001100CDD0102
(1779048018.641495) can0 02048100#4901014901010000
(1779048018.642368) can0 1AD#9714000059331717
(1779048018.643362) can0 2AD#E00C800C97140016
(1779048018.644392) can0 3AD#0000000000009714
(1779048018.645391) can0 4AD#EB00000000000000
(1779048018.646404) can0 76A#7F00000000000000
(1779048018.709006) can0 0000E005#16D2430003B60591
(1779048018.709598) can0 1806E5F4#13EC010003B6023A
(1779048018.710513) can0 0000E000#13EC13EC020F0000
(1779048018.711463) can0 0000E004#171703B603B601E4
(1779048018.712471) can0 0000E006#0CDF0CDF0CDF0CDF
(1779048018.713475) can0 0000E007#0CDF0CDF0CDF0CDF
(1779048018.714469) can0 0000E008#0CDF0CDF0CDF0CDF
(1779048018.715469) can0 0000E009#0CDF0CDF0CDF0CE0
(1779048018.716500) can0 0000E010#0000000000000000
(1779048018.717482) can0 0000E011#0000000000000000
(1779048018.718515) can0 0000E012#0CDF000000000000
(1779048018.719495) can0 0000F001#0000000000000000
(1779048018.720469) can0 18FF28F4#10330000020F0000
(1779048018.721456) can0 18FE28F4#0CE00CDF3F3F0000
(1779048018.722456) can0 18FD28F4#16D2FA6F00000000
(1779048018.723373) can0 4D4#000033007D0F0203
(1779048018.724366) can0 4D5#DF0CE00C3F3F0000
(1779048018.725463) can0 18914010#0CE0100CDF010000
(1779048018.726515) can0 18904010#020F020F753001FE
(1779048018.727464) can0 18FA28F4#E23DA12C10270000
(1779048018.728458) can0 18FB28F4#E00CDF0C3F3F0000
(1779048018.729476) can0 18FC28F4#383300000F020000
(1779048018.730458) can0 18F810F3#0F02E80333640100
(1779048018.731482) can0 18F815F3#0000000010030000
(1779048018.732378) can0 273#000000000F023300
(1779048018.733368) can0 1E1#020F271001FE01FE
(1779048018.734401) can0 1F5#0000000000000000
(1779048018.735477) can0 0800A6A9#0000000000000000
(1779048018.736443) can0 1000A6A9#0F02881333494949
(1779048018.737473) can0 1C00A6A9#0000000000030000
(1779048018.738485) can0 02018100#1003020F00000000
(1779048018.739483) can0 02028100#0000003364000000
(1779048018.740465) can0 02038100#0CE001100CDF0101
(1779048018.741458) can0 02048100#4901014901010000
(1779048018.742361) can0 1AD#9814000059331717
(1779048018.743375) can0 2AD#E00C800C98140016
(1779048018.744379) can0 3AD#0000000000009814
(1779048018.745386) can0 4AD#EB00000000000000
(1779048018.746399) can0 76A#7F00000000000000
(1779048018.809052) can0 0000E005#16D2430003B60591
(1779048018.809636) can0 1806E5F4#13EC010003B6023A
(1779048018.810487) can0 0000E000#13EC13EC020F0000
(1779048018.811450) can0 0000E004#171703B603B601E4
(1779048018.812463) can0 0000E006#0CDF0CDF0CDF0CDF
(1779048018.813475) can0 0000E007#0CDF0CDF0CDF0CDF
(1779048018.814476) can0 0000E008#0CDF0CDF0CDF0CDF
(1779048018.815457) can0 0000E009#0CDF0CDF0CDF0CE0
(1779048018.816489) can0 0000E010#0000000000000000
(1779048018.817483) can0 0000E011#0000000000000000
(1779048018.818483) can0 0000E012#0CDF000000000000
(1779048018.819496) can0 0000F001#0000000000000000
(1779048018.820482) can0 18FF28F4#10330000020F0000
(1779048018.821459) can0 18FE28F4#0CE00CDF3F3F0000
(1779048018.822457) can0 18FD28F4#16D2FA6F00000000
(1779048018.823375) can0 4D4#000033007D0F0203
(1779048018.824375) can0 4D5#DF0CE00C3F3F0000
(1779048018.825470) can0 18914010#0CE0100CDF010000
(1779048018.826464) can0 18904010#020F020F753001FE
(1779048018.827465) can0 18FA28F4#E23DA12C10270000
(1779048018.828464) can0 18FB28F4#E00CDF0C3F3F0000
(1779048018.829470) can0 18FC28F4#383300000F020000
(1779048018.830459) can0 18F810F3#0F02E80333640100
(1779048018.831484) can0 18F815F3#0000000010030000
(1779048018.832389) can0 273#000000000F023300
(1779048018.833366) can0 1E1#020F271001FE01FE
(1779048018.834402) can0 1F5#0000000000000000
(1779048018.835477) can0 0800A6A9#0000000000000000
(1779048018.836445) can0 1000A6A9#0F02881333494949
(1779048018.837471) can0 1C00A6A9#0000000000030000
(1779048018.838491) can0 02018100#1003020F00000000
(1779048018.839470) can0 02028100#0000003364000000
(1779048018.840484) can0 02038100#0CE001100CDF0101
(1779048018.841454) can0 02048100#4901014901010000
(1779048018.842364) can0 1AD#9814000059331717
(1779048018.843376) can0 2AD#E00C800C98140016
(1779048018.844389) can0 3AD#0000000000009814
(1779048018.845382) can0 4AD#EB00000000000000
(1779048018.846396) can0 76A#7F00000000000000
(1779048018.926008) can0 0000E005#16D2430003B60591
(1779048018.926599) can0 1806E5F4#13EC010003B6023A
(1779048018.927479) can0 0000E000#13EC13EC020F0000
(1779048018.928465) can0 0000E004#171703B603B601E4
(1779048018.929458) can0 0000E006#0CDF0CDD0CDF0CDF
(1779048018.930477) can0 0000E007#0CDF0CDF0CDF0CDF
(1779048018.931469) can0 0000E008#0CDF0CDF0CDF0CDD
(1779048018.932471) can0 0000E009#0CDF0CDF0CDF0CE0
(1779048018.933516) can0 0000E010#0000000000000000
(1779048018.934485) can0 0000E011#0000000000000000
(1779048018.935474) can0 0000E012#0CDE000200000000
(1779048018.936446) can0 0000E013#4542323630354C43
(1779048018.937478) can0 0000E014#3134323300000000
(1779048018.938491) can0 0000E015#0000000000000003
(1779048018.939490) can0 0000F000#0000000000000000
(1779048018.940484) can0 0000F001#0000000000000000
(1779048018.941517) can0 18FF28F4#10330000020F0000
(1779048018.942467) can0 18FE28F4#0CE00CDD3F3F0000
(1779048018.943455) can0 18FD28F4#16D2FA6F00000000
(1779048018.944377) can0 4D4#000033007D0F0203
(1779048018.945358) can0 4D5#DD0CE00C3F3F0000
(1779048018.946454) can0 18914010#0CE0100CDD020000
(1779048018.947465) can0 18904010#020F020F753001FE
(1779048018.948466) can0 18924010#3F013F0100000000
(1779048018.949497) can0 18934010#000000200000BD42
(1779048018.950479) can0 18944010#1003000000000000
(1779048018.951492) can0 18954010#0000000000000000
(1779048018.952491) can0 18954010#0100000000000000
(1779048018.953485) can0 18954010#0200000000000000
(1779048018.954486) can0 18954010#0300000000000000
(1779048018.955478) can0 18954010#0400000000000000
(1779048018.956479) can0 18954010#0500000000000000
(1779048018.957525) can0 18964010#003F3F3F00000000
(1779048018.958493) can0 18974010#0000000000000000
(1779048018.959484) can0 18984010#0000000000000000
(1779048018.960454) can0 18FA28F4#E23DA12C10270000
(1779048018.961467) can0 18FB28F4#E00CDD0C3F3F0000
(1779048018.962474) can0 18FC28F4#383300000F020000
(1779048018.963442) can0 18F810F3#0F02E80333640100
(1779048018.964455) can0 18F811F3#E00C1001DD0C0201
(1779048018.965468) can0 18F812F3#3F01013F01010000
(1779048018.966481) can0 18F813F3#0101000000000000
(1779048018.967457) can0 18F814F3#3200BA1AA9015F00
(1779048018.968476) can0 18F815F3#0000000010030000
(1779048018.969373) can0 273#000000000F023300
(1779048018.970368) can0 1E1#020F271001FE01FE
(1779048018.971391) can0 1F5#0000000000000000
(1779048018.972476) can0 0800A6A9#0000000000000000
(1779048018.973444) can0 1000A6A9#0F02881333494949
(1779048018.974474) can0 1C00A6A9#0000000000030000
(1779048018.975487) can0 02018100#1003020F00000000
(1779048018.976486) can0 02028100#0000003364000000
(1779048018.977469) can0 02038100#0CE001100CDD0102
(1779048018.978463) can0 02048100#4901014901010000
(1779048018.979357) can0 1AD#9714000059331717
(1779048018.980365) can0 2AD#E00C800C97140016
(1779048018.981380) can0 3AD#0000000000009714
(1779048018.982395) can0 4AD#EB00000000000000
(1779048018.983386) can0 76A#7F00000000000000
(1779048019.042050) can0 0000E005#16D2430003B60591
(1779048019.042641) can0 1806E5F4#13EC010003B6023A
(1779048019.043473) can0 0000E000#13EC13EC020F0000
(1779048019.044460) can0 0000E004#171703B603B601E4
(1779048019.045455) can0 0000E006#0CDF0CDD0CDF0CDF
(1779048019.046467) can0 0000E007#0CDF0CDF0CDF0CDF
(1779048019.047467) can0 0000E008#0CDF0CDF0CDF0CDD
(1779048019.048462) can0 0000E009#0CDF0CDF0CDF0CE0
(1779048019.049493) can0 0000E010#0000000000000000
(1779048019.050493) can0 0000E011#0000000000000000
(1779048019.051474) can0 0000E012#0CDE000200000000
(1779048019.052489) can0 0000F001#0000000000000000
(1779048019.053486) can0 18FF28F4#10330000020F0000
(1779048019.054457) can0 18FE28F4#0CE00CDD3F3F0000
(1779048019.055468) can0 18FD28F4#16D2FA6F00000000
(1779048019.056367) can0 4D4#000033007D0F0203
(1779048019.057366) can0 4D5#DD0CE00C3F3F0000
(1779048019.058464) can0 18914010#0CE0100CDD020000
(1779048019.059462) can0 18904010#020F020F753001FE
(1779048019.060449) can0 18FA28F4#E23DA12C10270000
(1779048019.061457) can0 18FB28F4#E00CDD0C3F3F0000
(1779048019.062468) can0 18FC28F4#383300000F020000
(1779048019.063450) can0 18F810F3#0F02E80333640100
(1779048019.064476) can0 18F815F3#0000000010030000
(1779048019.065380) can0 273#000000000F023300
(1779048019.066362) can0 1E1#020F271001FE01FE
(1779048019.067393) can0 1F5#0000000000000000
(1779048019.068475) can0 0800A6A9#0000000000000000
(1779048019.069437) can0 1000A6A9#0F02881333494949
(1779048019.070469) can0 1C00A6A9#0000000000030000
(1779048019.071499) can0 02018100#1003020F00000000
(1779048019.072472) can0 02028100#0000003364000000
(1779048019.073457) can0 02038100#0CE001100CDD0102
(1779048019.074456) can0 02048100#4901014901010000
(1779048019.075355) can0 1AD#9714000059331717
(1779048019.076352) can0 2AD#E00C800C97140016
(1779048019.077380) can0 3AD#0000000000009714
(1779048019.078395) can0 4AD#EB00000000000000
(1779048019.079406) can0 76A#7F00000000000000
(1779048019.142018) can0 0000E005#16D2430003B60591
(1779048019.142609) can0 1806E5F4#13EC010003B6023A
(1779048019.143478) can0 0000E000#13EC13EC020F0000
(1779048019.144458) can0 0000E004#171703B603B601E4
(1779048019.145455) can0 0000E006#0CDF0CDD0CDF0CDF
(1779048019.146468) can0 0000E007#0CDF0CDF0CDF0CDF
(1779048019.147468) can0 0000E008#0CDF0CDF0CDF0CDD
(1779048019.148459) can0 0000E009#0CDF0CDF0CDF0CE0
(1779048019.149493) can0 0000E010#0000000000000000
(1779048019.150494) can0 0000E011#0000000000000000
(1779048019.151475) can0 0000E012#0CDE000200000000
(1779048019.152487) can0 0000F001#0000000000000000
(1779048019.153469) can0 18FF28F4#10330000020F0000
(1779048019.154450) can0 18FE28F4#0CE00CDD3F3F0000
(1779048019.155450) can0 18FD28F4#16D2FA6F00000000
(1779048019.156378) can0 4D4#000033007D0F0203
(1779048019.157360) can0 4D5#DD0CE00C3F3F0000
(1779048019.158457) can0 18914010#0CE0100CDD020000
(1779048019.159456) can0 18904010#020F020F753001FE
(1779048019.160452) can0 18FA28F4#E23DA12C10270000
(1779048019.161450) can0 18FB28F4#E00CDD0C3F3F0000
(1779048019.162463) can0 18FC28F4#383300000F020000
(1779048019.163445) can0 18F810F3#0F02E80333640100
(1779048019.164507) can0 18F815F3#0000000010030000
(1779048019.165374) can0 273#000000000F023300
(1779048019.166374) can0 1E1#020F271001FE01FE
(1779048019.167387) can0 1F5#0000000000000000
(1779048019.168478) can0 0800A6A9#0000000000000000
(1779048019.169432) can0 1000A6A9#0F02881333494949
(1779048019.170464) can0 1C00A6A9#0000000000030000
(1779048019.171477) can0 02018100#1003020F00000000
(1779048019.172506) can0 02028100#0000003364000000
(1779048019.173458) can0 02038100#0CE001100CDD0102
(1779048019.174452) can0 02048100#4901014901010000
(1779048019.175349) can0 1AD#9714000059331717
(1779048019.176349) can0 2AD#E00C800C97140016
(1779048019.177375) can0 3AD#0000000000009714
(1779048019.178388) can0 4AD#EB00000000000000
(1779048019.179388) can0 76A#7F00000000000000
(1779048019.242015) can0 0000E005#16D2430003B60591
(1779048019.242587) can0 1806E5F4#13EC010003B6023A
(1779048019.243469) can0 0000E000#13EC13EC020F0000
(1779048019.244450) can0 0000E004#171703B603B601E4
(1779048019.245441) can0 0000E006#0CDF0CDD0CDF0CDF
(1779048019.246465) can0 0000E007#0CDF0CDF0CDF0CDF
(1779048019.247457) can0 0000E008#0CDF0CDF0CDF0CDF
(1779048019.248456) can0 0000E009#0CDF0CDF0CDF0CE0
(1779048019.249519) can0 0000E010#0000000000000000
(1779048019.250483) can0 0000E011#0000000000000000
(1779048019.251483) can0 0000E012#0CDE000200000000
(1779048019.252483) can0 0000F001#0000000000000000
(1779048019.253477) can0 18FF28F4#10330000020F0000
(1779048019.254464) can0 18FE28F4#0CE00CDD3F3F0000
(1779048019.255460) can0 18FD28F4#16D2FA6F00000000
(1779048019.256376) can0 4D4#000033007D0F0203
(1779048019.257404) can0 4D5#DD0CE00C3F3F0000
(1779048019.258452) can0 18914010#0CE0100CDD020000
(1779048019.259463) can0 18904010#020F020F753001FE
(1779048019.260464) can0 18FA28F4#E23DA12C10270000
(1779048019.261457) can0 18FB28F4#E00CDD0C3F3F0000
(1779048019.262477) can0 18FC28F4#383300000F020000
(1779048019.263440) can0 18F810F3#0F02E80333640100
(1779048019.264483) can0 18F815F3#0000000010030000
(1779048019.265418) can0 273#000000000F023300
(1779048019.266369) can0 1E1#020F271001FE01FE
(1779048019.267401) can0 1F5#0000000000000000
(1779048019.268476) can0 0800A6A9#0000000000000000
(1779048019.269436) can0 1000A6A9#0F02881333494949
(1779048019.270471) can0 1C00A6A9#0000000000030000
(1779048019.271483) can0 02018100#1003020F00000000
(1779048019.272465) can0 02028100#0000003364000000
(1779048019.273465) can0 02038100#0CE001100CDD0102
(1779048019.274459) can0 02048100#4901014901010000
(1779048019.275344) can0 1AD#9714000059331717
(1779048019.276357) can0 2AD#E00C800C97140016
(1779048019.277365) can0 3AD#0000000000009714
(1779048019.278383) can0 4AD#EB00000000000000
(1779048019.279376) can0 76A#7F00000000000000
(1779048019.342057) can0 0000E005#16D2430003B60591
(1779048019.342641) can0 1806E5F4#13EC010003B6023A
(1779048019.343476) can0 0000E000#13EC13EC020F0000
(1779048019.344444) can0 0000E004#171703B603B601E4
(1779048019.345458) can0 0000E006#0CDF0CDD0CDF0CDF
(1779048019.346471) can0 0000E007#0CDF0CDF0CDF0CDF
(1779048019.347470) can0 0000E008#0CDF0CDF0CDF0CDF
(1779048019.348451) can0 0000E009#0CDF0CDF0CDF0CE0
(1779048019.349483) can0 0000E010#0000000000000000
(1779048019.350477) can0 0000E011#0000000000000000
(1779048019.351477) can0 0000E012#0CDE000200000000
(1779048019.352490) can0 0000F001#0000000000000000
(1779048019.353470) can0 18FF28F4#10330000020F0000
(1779048019.354449) can0 18FE28F4#0CE00CDD3F3F0000
(1779048019.355452) can0 18FD28F4#16D2FA6F00000000
(1779048019.356369) can0 4D4#000033007D0F0203
(1779048019.357369) can0 4D5#DD0CE00C3F3F0000
(1779048019.358445) can0 18914010#0CE0100CDD020000
(1779048019.359458) can0 18904010#020F020F753001FE
(1779048019.360458) can0 18FA28F4#E23DA12C10270000
(1779048019.361453) can0 18FB28F4#E00CDD0C3F3F0000
(1779048019.362465) can0 18FC28F4#383300000F020000
(1779048019.363434) can0 18F810F3#0F02E80333640100
(1779048019.364484) can0 18F815F3#0000000010030000
(1779048019.365363) can0 273#000000000F023300
(1779048019.366360) can0 1E1#020F271001FE01FE
(1779048019.367395) can0 1F5#0000000000000000
(1779048019.368472) can0 0800A6A9#0000000000000000
(1779048019.369440) can0 1000A6A9#0F02881333494949
(1779048019.370472) can0 1C00A6A9#0000000000030000
(1779048019.371484) can0 02018100#1003020F00000000
(1779048019.372465) can0 02028100#0000003364000000
(1779048019.373459) can0 02038100#0CE001100CDD0102
(1779048019.374456) can0 02048100#4901014901010000
(1779048019.375358) can0 1AD#9714000059331717
(1779048019.376352) can0 2AD#E00C800C97140016
(1779048019.377383) can0 3AD#0000000000009714
(1779048019.378375) can0 4AD#EB00000000000000
(1779048019.379389) can0 76A#7F00000000000000
(1779048019.459047) can0 0000E005#16D2430003B60591
(1779048019.459630) can0 1806E5F4#13EC010003B6023A
(1779048019.460478) can0 0000E000#13EC13EC020F0000
(1779048019.461459) can0 0000E004#171703B603B601E4
(1779048019.462454) can0 0000E006#0CDF0CDF0CDF0CDF
(1779048019.463472) can0 0000E007#0CDF0CDF0CDF0CDF
(1779048019.464478) can0 0000E008#0CDF0CDF0CDF0CDF
(1779048019.465467) can0 0000E009#0CDF0CDF0CDF0CE0
(1779048019.466479) can0 0000E010#0000000000000000
(1779048019.467479) can0 0000E011#0000000000000000
(1779048019.468467) can0 0000E012#0CDF000000000000
(1779048019.469441) can0 0000E013#4542323630354C43
(1779048019.470454) can0 0000E014#3134323300000000
(1779048019.471485) can0 0000E015#0000000000000003
(1779048019.472517) can0 0000F000#0000000000000000
(1779048019.473479) can0 0000F001#0000000000000000
(1779048019.474480) can0 18FF28F4#10330000020F0000
(1779048019.475460) can0 18FE28F4#0CE00CDF3F3F0000
(1779048019.476456) can0 18FD28F4#16D2FA6F00000000
(1779048019.477371) can0 4D4#000033007D0F0203
(1779048019.478372) can0 4D5#DF0CE00C3F3F0000
(1779048019.479447) can0 18914010#0CE0100CDF010000
(1779048019.480491) can0 18904010#020F020F753001FE
(1779048019.481461) can0 18924010#3F013F0100000000
(1779048019.482460) can0 18934010#000000210000BD42
(1779048019.483473) can0 18944010#1003000000000000
(1779048019.484488) can0 18954010#0000000000000000
(1779048019.485486) can0 18954010#0100000000000000
(1779048019.486481) can0 18954010#0200000000000000
(1779048019.487479) can0 18954010#0300000000000000
(1779048019.488525) can0 18954010#0400000000000000
(1779048019.489474) can0 18954010#0500000000000000
(1779048019.490474) can0 18964010#003F3F3F00000000
(1779048019.491487) can0 18974010#0000000000000000
(1779048019.492476) can0 18984010#0000000000000000
(1779048019.493442) can0 18FA28F4#E23DA12C10270000
(1779048019.494456) can0 18FB28F4#E00CDF0C3F3F0000
(1779048019.495468) can0 18FC28F4#383300000F020000
(1779048019.496480) can0 18F810F3#0F02E80333640100
(1779048019.497462) can0 18F811F3#E00C1001DF0C0101
(1779048019.498462) can0 18F812F3#3F01013F01010000
(1779048019.499475) can0 18F813F3#0101000000000000
(1779048019.500451) can0 18F814F3#3200BA1AA9015F00
(1779048019.501481) can0 18F815F3#0000000010030000
(1779048019.502380) can0 273#000000000F023300
(1779048019.503361) can0 1E1#020F271001FE01FE
(1779048019.504385) can0 1F5#0000000000000000
(1779048019.505469) can0 0800A6A9#0000000000000000
(1779048019.506437) can0 1000A6A9#0F02881333494949
(1779048019.507462) can0 1C00A6A9#0000000000030000
(1779048019.508482) can0 02018100#1003020F00000000
(1779048019.509475) can0 02028100#0000003364000000
(1779048019.510457) can0 02038100#0CE001100CDF0101
(1779048019.511457) can0 02048100#4901014901010000
(1779048019.512352) can0 1AD#9814000059331717
(1779048019.513354) can0 2AD#E00C800C98140016
(1779048019.514388) can0 3AD#0000000000009814
(1779048019.515380) can0 4AD#EB00000000000000
(1779048019.516378) can0 76A#7F00000000000000
(1779048019.575035) can0 0000E005#16D2430003B60591
(1779048019.575580) can0 1806E5F4#13EC010003B6023A
(1779048019.576461) can0 0000E000#13EC13EC020F0000
(1779048019.577449) can0 0000E004#171703B603B601E4
(1779048019.578460) can0 0000E006#0CDF0CDF0CDF0CDF
(1779048019.579455) can0 0000E007#0CDF0CDF0CDF0CDF
(1779048019.580455) can0 0000E008#0CDF0CDF0CDF0CDF
(1779048019.581448) can0 0000E009#0CDF0CDF0CDF0CE0
(1779048019.582481) can0 0000E010#0000000000000000
(1779048019.583480) can0 0000E011#0000000000000000
(1779048019.584462) can0 0000E012#0CDF000000000000
(1779048019.585466) can0 0000F001#0000000000000000
(1779048019.586470) can0 18FF28F4#10330000020F0000
(1779048019.587456) can0 18FE28F4#0CE00CDF3F3F0000
(1779048019.588450) can0 18FD28F4#16D2FA6F00000000
(1779048019.589372) can0 4D4#000033007D0F0203
(1779048019.590371) can0 4D5#DF0CE00C3F3F0000
(1779048019.591463) can0 18914010#0CE0100CDF010000
(1779048019.592456) can0 18904010#020F020F753001FE
(1779048019.593450) can0 18FA28F4#E23DA12C10270000
(1779048019.594457) can0 18FB28F4#E00CDF0C3F3F0000
(1779048019.595470) can0 18FC28F4#383300000F020000
(1779048019.596435) can0 18F810F3#0F02E80333640100
(1779048019.597480) can0 18F815F3#0000000010030000
(1779048019.598365) can0 273#000000000F023300
(1779048019.599362) can0 1E1#020F271001FE01FE
(1779048019.600394) can0 1F5#0000000000000000
(1779048019.601470) can0 0800A6A9#0000000000000000
(1779048019.602438) can0 1000A6A9#0F02881333494949
(1779048019.603463) can0 1C00A6A9#0000000000030000
(1779048019.604476) can0 02018100#1003020F00000000
(1779048019.605457) can0 02028100#0000003364000000
(1779048019.606458) can0 02038100#0CE001100CDF0101
(1779048019.607451) can0 02048100#4901014901010000
(1779048019.608356) can0 1AD#9814000059331717
(1779048019.609364) can0 2AD#E00C800C98140016
(1779048019.610376) can0 3AD#0000000000009814
(1779048019.611376) can0 4AD#EB00000000000000
(1779048019.612369) can0 76A#7F00000000000000
(1779048019.675046) can0 0000E005#16D2430003B60591
(1779048019.675582) can0 1806E5F4#13EC010003B6023A
(1779048019.676463) can0 0000E000#13EC13EC020F0000
(1779048019.677443) can0 0000E004#171703B603B601E4
(1779048019.678456) can0 0000E006#0CDF0CDF0CDF0CDF
(1779048019.679475) can0 0000E007#0CDF0CDF0CDF0CDF
(1779048019.680456) can0 0000E008#0CDF0CDF0CDF0CDF
(1779048019.681449) can0 0000E009#0CDF0CDF0CDF0CE0
(1779048019.682475) can0 0000E010#0000000000000000
(1779048019.683482) can0 0000E011#0000000000000000
(1779048019.684464) can0 0000E012#0CDF000000000000
(1779048019.685476) can0 0000F001#0000000000000000
(1779048019.686476) can0 18FF28F4#10330000020F0000
(1779048019.687457) can0 18FE28F4#0CE00CDF3F3F0000
(1779048019.688451) can0 18FD28F4#16D2FA6F00000000
(1779048019.689367) can0 4D4#000033007D0F0203
(1779048019.690370) can0 4D5#DF0CE00C3F3F0000
(1779048019.691447) can0 18914010#0CE0100CDF010000
(1779048019.692458) can0 18904010#020F020F753001FE
(1779048019.693438) can0 18FA28F4#E23DA12C10270000
(1779048019.694452) can0 18FB28F4#E00CDF0C3F3F0000
(1779048019.695483) can0 18FC28F4#383300000F020000
(1779048019.696432) can0 18F810F3#0F02E80333640100
(1779048019.697483) can0 18F815F3#0000000010030000
(1779048019.698363) can0 273#000000000F023300
(1779048019.699362) can0 1E1#020F271001FE01FE
(1779048019.700394) can0 1F5#0000000000000000
(1779048019.701470) can0 0800A6A9#0000000000000000
(1779048019.702435) can0 1000A6A9#0F02881333494949
(1779048019.703484) can0 1C00A6A9#0000000000030000
(1779048019.704483) can0 02018100#1003020F00000000
(1779048019.705464) can0 02028100#0000003364000000
(1779048019.706453) can0 02038100#0CE001100CDF0101
(1779048019.707451) can0 02048100#4901014901010000
(1779048019.708356) can0 1AD#9814000059331717
(1779048019.709350) can0 2AD#E00C800C98140016
(1779048019.710376) can0 3AD#0000000000009814
(1779048019.711407) can0 4AD#EB00000000000000
(1779048019.712370) can0 76A#7F00000000000000
(1779048019.775054) can0 0000E005#16D2430003B60591
(1779048019.775631) can0 1806E5F4#13EC010003B6023A
(1779048019.776471) can0 0000E000#13EC13EC020F0000
(1779048019.777438) can0 0000E004#171703B603B601E4
(1779048019.778451) can0 0000E006#0CDF0CDF0CDF0CDF
(1779048019.779463) can0 0000E007#0CDF0CDF0CDF0CDF
(1779048019.780477) can0 0000E008#0CDF0CDF0CDF0CDF
(1779048019.781444) can0 0000E009#0CDF0CDD0CDF0CE0
(1779048019.782477) can0 0000E010#0000000000000000
(1779048019.783470) can0 0000E011#0000000000000000
(1779048019.784470) can0 0000E012#0CDE000200000000
(1779048019.785483) can0 0000F001#0000000000000000
(1779048019.786464) can0 18FF28F4#10330000020F0000
(1779048019.787445) can0 18FE28F4#0CE00CDD3F3F0000
(1779048019.788477) can0 18FD28F4#16D2FA6F00000000
(1779048019.789363) can0 4D4#000033007D0F0203
(1779048019.790360) can0 4D5#DD0CE00C3F3F0000
(1779048019.791439) can0 18914010#0CE0100CDD0E0000
(1779048019.792452) can0 18904010#020F020F753001FE
(1779048019.793452) can0 18FA28F4#E23DA12C10270000
(1779048019.794446) can0 18FB28F4#E00CDD0C3F3F0000
(1779048019.795465) can0 18FC28F4#383300000F020000
(1779048019.796478) can0 18F810F3#0F02E80333640100
(1779048019.797471) can0 18F815F3#0000000010030000
(1779048019.798373) can0 273#000000000F023300
(1779048019.799357) can0 1E1#020F271001FE01FE
(1779048019.800389) can0 1F5#0000000000000000
(1779048019.801465) can0 0800A6A9#0000000000000000
(1779048019.802429) can0 1000A6A9#0F02881333494949
(1779048019.803459) can0 1C00A6A9#0000000000030000
(1779048019.804472) can0 02018100#1003020F00000000
(1779048019.805471) can0 02028100#0000003364000000
(1779048019.806453) can0 02038100#0CE001100CDD010E
(1779048019.807447) can0 02048100#4901014901010000
(1779048019.808351) can0 1AD#9714000059331717
(1779048019.809346) can0 2AD#E00C800C97140016
(1779048019.810373) can0 3AD#0000000000009714
(1779048019.811375) can0 4AD#EB00000000000000
(1779048019.812386) can0 76A#7F00000000000000
(1779048019.875000) can0 0000E005#16D2430003B60591
(1779048019.875580) can0 1806E5F4#13EC010003B6023A
(1779048019.876474) can0 0000E000#13EC13EC020F0000
(1779048019.877457) can0 0000E004#171703B603B601E4
(1779048019.878466) can0 0000E006#0CDF0CDF0CDF0CDF
(1779048019.879459) can0 0000E007#0CDF0CDF0CDF0CDF
(1779048019.880458) can0 0000E008#0CDF0CDF0CDF0CDF
(1779048019.881439) can0 0000E009#0CDF0CDD0CDF0CE0
(1779048019.882484) can0 0000E010#0000000000000000
(1779048019.883463) can0 0000E011#0000000000000000
(1779048019.884465) can0 0000E012#0CDE000200000000
(1779048019.885478) can0 0000F001#0000000000000000
(1779048019.886459) can0 18FF28F4#10330000020F0000
(1779048019.887436) can0 18FE28F4#0CE00CDD3F3F0000
(1779048019.888441) can0 18FD28F4#16D2FA6F00000000
(1779048019.889357) can0 4D4#000033007D0F0203
(1779048019.890358) can0 4D5#DD0CE00C3F3F0000
(1779048019.891453) can0 18914010#0CE0100CDD0E0000
(1779048019.892451) can0 18904010#020F020F753001FE
(1779048019.893452) can0 18FA28F4#E23DA12C10270000
(1779048019.894451) can0 18FB28F4#E00CDD0C3F3F0000
(1779048019.895457) can0 18FC28F4#383300000F020000
(1779048019.896441) can0 18F810F3#0F02E80333640100
(1779048019.897472) can0 18F815F3#0000000010030000
(1779048019.898371) can0 273#000000000F023300
(1779048019.899344) can0 1E1#020F271001FE01FE
(1779048019.900383) can0 1F5#0000000000000000
(1779048019.901460) can0 0800A6A9#0000000000000000
(1779048019.902428) can0 1000A6A9#0F02881333494949
(1779048019.903453) can0 1C00A6A9#0000000000030000
(1779048019.904472) can0 02018100#1003020F00000000
(1779048019.905466) can0 02028100#0000003364000000
(1779048019.906447) can0 02038100#0CE001100CDD010E
(1779048019.907457) can0 02048100#4901014901010000
(1779048019.908345) can0 1AD#9714000059331717
(1779048019.909352) can0 2AD#E00C800C97140016
(1779048019.910365) can0 3AD#0000000000009714
(1779048019.911376) can0 4AD#EB00000000000000
(1779048019.912377) can0 76A#7F00000000000000
(1779048019.991996) can0 0000E005#16D2430003B60591
(1779048019.992588) can0 1806E5F4#13EC010003B6023A
(1779048019.993460) can0 0000E000#13EC13EC020F0000
(1779048019.994442) can0 0000E004#171703B603B601E4
(1779048019.995453) can0 0000E006#0CDF0CDD0CDF0CDF
(1779048019.996454) can0 0000E007#0CDF0CDF0CDF0CDF
(1779048019.997448) can0 0000E008#0CDF0CDF0CDF0CDF
(1779048019.998448) can0 0000E009#0CDF0CDF0CDF0CE0
(1779048019.999479) can0 0000E010#0000000000000000
(1779048020.000473) can0 0000E011#0000000000000000
(1779048020.001451) can0 0000E012#0CDE000200000000
(1779048020.002424) can0 0000E013#4542323630354C43
(1779048020.003468) can0 0000E014#3134323300000000
(1779048020.004468) can0 0000E015#0000000000000003
(1779048020.005480) can0 0000F000#0000000000000000
(1779048020.006480) can0 0000F001#0000000000000000
(1779048020.007462) can0 18FF28F4#10330000020F0000
(1779048020.008442) can0 18FE28F4#0CE00CDD3F3F0000
(1779048020.009434) can0 18FD28F4#16D2FA6F00000000
(1779048020.010360) can0 4D4#000033007D0F0203
(1779048020.011385) can0 4D5#DD0CE00C3F3F0000
(1779048020.012449) can0 18914010#0CE0100CDD020000
(1779048020.013441) can0 18904010#020F020F753001FE
(1779048020.014462) can0 18924010#3F013F0100000000
(1779048020.015444) can0 18934010#000000220000BD42
(1779048020.016456) can0 18944010#1003000000000000
(1779048020.017488) can0 18954010#0000000000000000
(1779048020.018482) can0 18954010#0100000000000000
(1779048020.019513) can0 18954010#0200000000000000
(1779048020.020482) can0 18954010#0300000000000000
(1779048020.021473) can0 18954010#0400000000000000
(1779048020.022457) can0 18954010#0500000000000000
(1779048020.023469) can0 18964010#003F3F3F00000000
(1779048020.024468) can0 18974010#0000000000000000
(1779048020.025462) can0 18984010#0000000000000000
(1779048020.026444) can0 18FA28F4#E23DA12C10270000
(1779048020.027495) can0 18FB28F4#E00CDD0C3F3F0000
(1779048020.028459) can0 18FC28F4#383300000F020000
(1779048020.029436) can0 18F810F3#0F02E80333640100
(1779048020.030446) can0 18F811F3#E00C1001DD0C0201
(1779048020.031457) can0 18F812F3#3F01013F01010000
(1779048020.032469) can0 18F813F3#0101000000000000
(1779048020.033428) can0 18F814F3#3200BA1AA9015F00
(1779048020.034463) can0 18F815F3#0000000010030000
(1779048020.035361) can0 273#000000000F023300
(1779048020.036361) can0 1E1#020F271001FE01FE
(1779048020.037369) can0 1F5#0000000000000000
(1779048020.038463) can0 0800A6A9#0000000000000000
(1779048020.039431) can0 1000A6A9#0F02881333494949
(1779048020.040462) can0 1C00A6A9#0000000000030000
(1779048020.041475) can0 02018100#1003020F00000000
(1779048020.042457) can0 02028100#0000003364000000
(1779048020.043458) can0 02038100#0CE001100CDD0102
(1779048020.044451) can0 02048100#4901014901010000
(1779048020.045330) can0 1AD#9714000059331717
(1779048020.046350) can0 2AD#E00C800C97140016
(1779048020.047362) can0 3AD#0000000000009714
(1779048020.048376) can0 4AD#EB00000000000000
(1779048020.049372) can0 76A#7F00000000000000
(1779048020.107982) can0 0000E005#16D2430003B60591
(1779048020.108574) can0 1806E5F4#13EC010003B6023A
(1779048020.109456) can0 0000E000#13EC13EC020F0000
(1779048020.110438) can0 0000E004#171703B603B601E4
(1779048020.111436) can0 0000E006#0CDF0CDD0CDF0CDF
(1779048020.112449) can0 0000E007#0CDF0CDF0CDF0CDF
(1779048020.113450) can0 0000E008#0CDF0CDF0CDF0CDF
(1779048020.114443) can0 0000E009#0CDF0CDF0CDF0CE0
(1779048020.115475) can0 0000E010#0000000000000000
(1779048020.116476) can0 0000E011#0000000000000000
(1779048020.117457) can0 0000E012#0CDE000200000000
(1779048020.118469) can0 0000F001#0000000000000000
(1779048020.119469) can0 18FF28F4#10330000020F0000
(1779048020.120450) can0 18FE28F4#0CE00CDD3F3F0000
(1779048020.121451) can0 18FD28F4#16D2FA6F00000000
(1779048020.122362) can0 4D4#000033007D0F0203
(1779048020.123349) can0 4D5#DD0CE00C3F3F0000
(1779048020.124438) can0 18914010#0CE0100CDD020000
(1779048020.125438) can0 18904010#020F020F753001FE
(1779048020.126435) can0 18FA28F4#E23DA12C10270000
(1779048020.127451) can0 18FB28F4#E00CDD0C3F3F0000
(1779048020.128450) can0 18FC28F4#383300000F020000
(1779048020.129432) can0 18F810F3#0F02E80333640100
(1779048020.130454) can0 18F815F3#0000000010030000
(1779048020.131362) can0 273#000000000F023300
(1779048020.132356) can0 1E1#020F271001FE01FE
(1779048020.133375) can0 1F5#0000000000000000
(1779048020.134470) can0 0800A6A9#0000000000000000
(1779048020.135432) can0 1000A6A9#0F02881333494949
(1779048020.136464) can0 1C00A6A9#0000000000030000
(1779048020.137477) can0 02018100#1003020F00000000
(1779048020.138457) can0 02028100#0000003364000000
(1779048020.139452) can0 02038100#0CE001100CDD0102
(1779048020.140451) can0 02048100#4901014901010000
(1779048020.141350) can0 1AD#9714000059331717
(1779048020.142347) can0 2AD#E00C800C97140016
(1779048020.143356) can0 3AD#0000000000009714
(1779048020.144369) can0 4AD#EB00000000000000
(1779048020.145369) can0 76A#7F00000000000000
(1779048020.208086) can0 0000E005#16D2430003B60591
(1779048020.208633) can0 1806E5F4#13EC010003B6023A
(1779048020.209463) can0 0000E000#13EC13EC020F0000
(1779048020.210433) can0 0000E004#171703B603B601E4
(1779048020.211441) can0 0000E006#0CDF0CDD0CDF0CDF
(1779048020.212457) can0 0000E007#0CDF0CDF0CDF0CDF
(1779048020.213457) can0 0000E008#0CDF0CDF0CDF0CDF
(1779048020.214439) can0 0000E009#0CDF0CDF0CDF0CE0
(1779048020.215466) can0 0000E010#0000000000000000
(1779048020.216469) can0 0000E011#0000000000000000
(1779048020.217464) can0 0000E012#0CDE000200000000
(1779048020.218476) can0 0000F001#0000000000000000
(1779048020.219458) can0 18FF28F4#10330000020F0000
(1779048020.220439) can0 18FE28F4#0CE00CDD3F3F0000
(1779048020.221439) can0 18FD28F4#16D2FA6F00000000
(1779048020.222357) can0 4D4#000033007D0F0203
(1779048020.223351) can0 4D5#DD0CE00C3F3F0000
(1779048020.224433) can0 18914010#0CE0100CDD020000
(1779048020.225445) can0 18904010#020F020F753001FE
(1779048020.226465) can0 18FA28F4#E23DA12C10270000
(1779048020.227437) can0 18FB28F4#E00CDD0C3F3F0000
(1779048020.228458) can0 18FC28F4#383300000F020000
(1779048020.229429) can0 18F810F3#0F02E80333640100
(1779048020.230473) can0 18F815F3#0000000010030000
(1779048020.231369) can0 273#000000000F023300
(1779048020.232351) can0 1E1#020F271001FE01FE
(1779048020.233383) can0 1F5#0000000000000000
(1779048020.234491) can0 0800A6A9#0000000000000000
(1779048020.235420) can0 1000A6A9#0F02881333494949
(1779048020.236459) can0 1C00A6A9#0000000000030000
(1779048020.237472) can0 02018100#1003020F00000000
(1779048020.238453) can0 02028100#0000003364000000
(1779048020.239445) can0 02038100#0CE001100CDD0102
(1779048020.240446) can0 02048100#4901014901010000
(1779048020.241344) can0 1AD#9714000059331717
(1779048020.242370) can0 2AD#E00C800C97140016
(1779048020.243374) can0 3AD#0000000000009714
(1779048020.244365) can0 4AD#EB00000000000000
(1779048020.245377) can0 76A#7F00000000000000
(1779048020.308008) can0 0000E005#16D2430003B60591
(1779048020.308595) can0 1806E5F4#13EC010003B6023A
(1779048020.309465) can0 0000E000#13EC13EC020F0000
(1779048020.310449) can0 0000E004#171703B603B601E4
(1779048020.311461) can0 0000E006#0CDF0CDD0CDD0CDF
(1779048020.312455) can0 0000E007#0CDF0CDF0CDF0CDF
(1779048020.313459) can0 0000E008#0CDF0CDF0CDF0CDF
(1779048020.314453) can0 0000E009#0CDF0CDF0CDF0CE0
(1779048020.315471) can0 0000E010#0000000000000000
(1779048020.316465) can0 0000E011#0000000000000000
(1779048020.317465) can0 0000E012#0CDE000200000000
(1779048020.318477) can0 0000F001#0000000000000000
(1779048020.319489) can0 18FF28F4#10330000020F0000
(1779048020.320434) can0 18FE28F4#0CE00CDD3F3F0000
(1779048020.321440) can0 18FD28F4#16D2FA6F00000000
(1779048020.322358) can0 4D4#000033007D0F0203
(1779048020.323351) can0 4D5#DD0CE00C3F3F0000
(1779048020.324428) can0 18914010#0CE0100CDD020000
(1779048020.325447) can0 18904010#020F020F753001FE
(1779048020.326446) can0 18FA28F4#E23DA12C10270000
(1779048020.327491) can0 18FB28F4#E00CDD0C3F3F0000
(1779048020.328459) can0 18FC28F4#383300000F020000
(1779048020.329420) can0 18F810F3#0F02E80333640100
(1779048020.330465) can0 18F815F3#0000000010030000
(1779048020.331370) can0 273#000000000F023300
(1779048020.332344) can0 1E1#020F271001FE01FE
(1779048020.333383) can0 1F5#0000000000000000
(1779048020.334460) can0 0800A6A9#0000000000000000
(1779048020.335473) can0 1000A6A9#0F02881333494949
(1779048020.336454) can0 1C00A6A9#0000000000030000
(1779048020.337472) can0 02018100#1003020F00000000
(1779048020.338453) can0 02028100#0000003364000000
(1779048020.339447) can0 02038100#0CE001100CDD0102
(1779048020.340441) can0 02048100#4901014901010000
(1779048020.341346) can0 1AD#9714000059331717
(1779048020.342339) can0 2AD#E00C800C97140016
(1779048020.343372) can0 3AD#0000000000009714
(1779048020.344360) can0 4AD#EB00000000000000
(1779048020.345378) can0 76A#7F00000000000000
(1779048020.407995) can0 0000E005#16D2430003B60591
(1779048020.408583) can0 1806E5F4#13EC010003B6023A
(1779048020.409463) can0 0000E000#13EC13EC020F0000
(1779048020.410427) can0 0000E004#171703B603B601E4
(1779048020.411427) can0 0000E006#0CDF0CDD0CDD0CDF
(1779048020.412459) can0 0000E007#0CDF0CDF0CDF0CDF
(1779048020.413439) can0 0000E008#0CDF0CDF0CDF0CDF
(1779048020.414440) can0 0000E009#0CDF0CDF0CDF0CE0
(1779048020.415465) can0 0000E010#0000000000000000
(1779048020.416465) can0 0000E011#0000000000000000
(1779048020.417459) can0 0000E012#0CDE000200000000
(1779048020.418478) can0 0000F001#0000000000000000
(1779048020.419459) can0 18FF28F4#10330000020F0000
(1779048020.420439) can0 18FE28F4#0CE00CDD3F3F0000
(1779048020.421437) can0 18FD28F4#16D2FA6F00000000
(1779048020.422353) can0 4D4#000033007D0F0203
(1779048020.423352) can0 4D5#DD0CE00C3F3F0000
(1779048020.424428) can0 18914010#0CE0100CDD020000
(1779048020.425446) can0 18904010#020F020F753001FE
(1779048020.426441) can0 18FA28F4#E23DA12C10270000
(1779048020.427441) can0 18FB28F4#E00CDD0C3F3F0000
(1779048020.428450) can0 18FC28F4#383300000F020000
(1779048020.429422) can0 18F810F3#0F02E80333640100
(1779048020.430466) can0 18F815F3#0000000010030000
(1779048020.431352) can0 273#000000000F023300
(1779048020.432345) can0 1E1#020F271001FE01FE
(1779048020.433378) can0 1F5#0000000000000000
(1779048020.434454) can0 0800A6A9#0000000000000000
(1779048020.435423) can0 1000A6A9#0F02881333494949
(1779048020.436465) can0 1C00A6A9#0000000000030000
(1779048020.437479) can0 02018100#1003020F00000000
(1779048020.438457) can0 02028100#0000003364000000
(1779048020.439461) can0 02038100#0CE001100CDD0102
(1779048020.440455) can0 02048100#4901014901010000
(1779048020.441357) can0 1AD#9714000059331717
(1779048020.442356) can0 2AD#E00C800C97140016
(1779048020.443374) can0 3AD#0000000000009714
(1779048020.444356) can0 4AD#EB00000000000000
(1779048020.445361) can0 76A#7F00000000000000
(1779048020.524999) can0 0000E005#16D2430003B60591
(1779048020.525560) can0 1806E5F4#13EC010003B6023A
(1779048020.526475) can0 0000E000#13EC13EC020F0000
(1779048020.527442) can0 0000E004#171703B603B601E4
(1779048020.528436) can0 0000E006#0CDF0CDF0CDF0CDF
(1779048020.529454) can0 0000E007#0CDF0CDF0CDF0CDF
(1779048020.530449) can0 0000E008#0CDF0CDF0CDF0CDF
(1779048020.531448) can0 0000E009#0CDF0CDF0CDF0CE0
(1779048020.532461) can0 0000E010#0000000000000000
(1779048020.533461) can0 0000E011#0000000000000000
(1779048020.534468) can0 0000E012#0CDF000000000000
(1779048020.535422) can0 0000E013#4542323630354C43
(1779048020.536435) can0 0000E014#3134323300000000
(1779048020.537467) can0 0000E015#0000000000000003
(1779048020.538468) can0 0000F000#0000000000000000
(1779048020.539461) can0 0000F001#0000000000000000
(1779048020.540461) can0 18FF28F4#10330000020F0000
(1779048020.541443) can0 18FE28F4#0CE00CDF3F3F0000
(1779048020.542466) can0 18FD28F4#16D2FA6F00000000
(1779048020.543360) can0 4D4#000033007D0F0203
(1779048020.544354) can0 4D5#DF0CE00C3F3F0000
(1779048020.545436) can0 18914010#0CE0100CDF010000
(1779048020.546445) can0 18904010#020F020F753001FE
(1779048020.547443) can0 18924010#3F013F0100000000
(1779048020.548442) can0 18934010#000000230000BD42
(1779048020.549455) can0 18944010#1003000000000000
(1779048020.550507) can0 18954010#0000000000000000
(1779048020.551469) can0 18954010#0100000000000000
(1779048020.552468) can0 18954010#0200000000000000
(1779048020.553462) can0 18954010#0300000000000000
(1779048020.554459) can0 18954010#0400000000000000
(1779048020.555462) can0 18954010#0500000000000000
(1779048020.556456) can0 18964010#003F3F3F00000000
(1779048020.557449) can0 18974010#0000000000000000
(1779048020.558493) can0 18984010#0000000000000000
(1779048020.559431) can0 18FA28F4#E23DA12C10270000
(1779048020.560444) can0 18FB28F4#E00CDF0C3F3F0000
(1779048020.561460) can0 18FC28F4#383300000F020000
(1779048020.562422) can0 18F810F3#0F02E80333640100
(1779048020.563451) can0 18F811F3#E00C1001DF0C0101
(1779048020.564444) can0 18F812F3#3F01013F01010000
(1779048020.565458) can0 18F813F3#0101000000000000
(1779048020.566437) can0 18F814F3#3200BA1AA9015F00
(1779048020.567452) can0 18F815F3#0000000010030000
(1779048020.568349) can0 273#000000000F023300
(1779048020.569350) can0 1E1#020F271001FE01FE
(1779048020.570370) can0 1F5#0000000000000000
(1779048020.571458) can0 0800A6A9#0000000000000000
(1779048020.572420) can0 1000A6A9#0F02881333494949
(1779048020.573451) can0 1C00A6A9#0000000000030000
(1779048020.574465) can0 02018100#1003020F00000000
(1779048020.575445) can0 02028100#0000003364000000
(1779048020.576444) can0 02038100#0CE001100CDF0101
(1779048020.577445) can0 02048100#4901014901010000
(1779048020.578339) can0 1AD#9814000059331717
(1779048020.579345) can0 2AD#E00C800C98140016
(1779048020.580357) can0 3AD#0000000000009814
(1779048020.581371) can0 4AD#EB00000000000000
(1779048020.582365) can0 76A#7F00000000000000
(1779048020.641031) can0 0000E005#16D2430003B60591
(1779048020.641620) can0 1806E5F4#13EC010003B6023A
(1779048020.642452) can0 0000E000#13EC13EC020F0000
(1779048020.643432) can0 0000E004#171703B603B601E4
(1779048020.644450) can0 0000E006#0CDF0CDF0CDF0CDF
(1779048020.645444) can0 0000E007#0CDF0CDF0CDF0CDF
(1779048020.646445) can0 0000E008#0CDF0CDF0CDF0CDF
(1779048020.647435) can0 0000E009#0CDF0CDF0CDF0CE0
(1779048020.648470) can0 0000E010#0000000000000000
(1779048020.649470) can0 0000E011#0000000000000000
(1779048020.650452) can0 0000E012#0CDF000000000000
(1779048020.651460) can0 0000F001#0000000000000000
(1779048020.652464) can0 18FF28F4#10330000020F0000
(1779048020.653432) can0 18FE28F4#0CE00CDF3F3F0000
(1779048020.654444) can0 18FD28F4#16D2FA6F00000000
(1779048020.655363) can0 4D4#000033007D0F0203
(1779048020.656357) can0 4D5#DF0CE00C3F3F0000
(1779048020.657439) can0 18914010#0CE0100CDF010000
(1779048020.658434) can0 18904010#020F020F753001FE
(1779048020.659429) can0 18FA28F4#E23DA12C10270000
(1779048020.660433) can0 18FB28F4#E00CDF0C3F3F0000
(1779048020.661446) can0 18FC28F4#383300000F020000
(1779048020.662427) can0 18F810F3#0F02E80333640100
(1779048020.663454) can0 18F815F3#0000000010030000
(1779048020.664356) can0 273#000000000F023300
(1779048020.665357) can0 1E1#020F271001FE01FE
(1779048020.666370) can0 1F5#0000000000000000
(1779048020.667464) can0 0800A6A9#0000000000000000
(1779048020.668414) can0 1000A6A9#0F02881333494949
(1779048020.669454) can0 1C00A6A9#0000000000030000
(1779048020.670467) can0 02018100#1003020F00000000
(1779048020.671458) can0 02028100#0000003364000000
(1779048020.672456) can0 02038100#0CE001100CDF0101
(1779048020.673447) can0 02048100#4901014901010000
(1779048020.674333) can0 1AD#9814000059331717
(1779048020.675339) can0 2AD#E00C800C98140016
(1779048020.676357) can0 3AD#0000000000009814
(1779048020.677370) can0 4AD#EB00000000000000
(1779048020.678364) can0 76A#7F00000000000000
(1779048020.741032) can0 0000E005#16D2430003B60591
(1779048020.741620) can0 1806E5F4#13EC010003B6023A
(1779048020.742458) can0 0000E000#13EC13EC020F0000
(1779048020.743439) can0 0000E004#171703B603B601E4
(1779048020.744443) can0 0000E006#0CDF0CDF0CDF0CDF
(1779048020.745445) can0 0000E007#0CDF0CDF0CDF0CDF
(1779048020.746446) can0 0000E008#0CDF0CDF0CDF0CDF
(1779048020.747446) can0 0000E009#0CDF0CDF0CDF0CE0
(1779048020.748467) can0 0000E010#0000000000000000
(1779048020.749471) can0 0000E011#0000000000000000
(1779048020.750452) can0 0000E012#0CDF000000000000
(1779048020.751465) can0 0000F001#0000000000000000
(1779048020.752447) can0 18FF28F4#10330000020F0000
(1779048020.753434) can0 18FE28F4#0CE00CDF3F3F0000
(1779048020.754426) can0 18FD28F4#16D2FA6F00000000
(1779048020.755344) can0 4D4#000033007D0F0203
(1779048020.756359) can0 4D5#DF0CE00C3F3F0000
(1779048020.757452) can0 18914010#0CE0100CDF010000
(1779048020.758433) can0 18904010#020F020F753001FE
(1779048020.759433) can0 18FA28F4#E23DA12C10270000
(1779048020.760432) can0 18FB28F4#E00CDF0C3F3F0000
(1779048020.761446) can0 18FC28F4#383300000F020000
(1779048020.762428) can0 18F810F3#0F02E80333640100
(1779048020.763459) can0 18F815F3#0000000010030000
(1779048020.764358) can0 273#000000000F023300
(1779048020.765370) can0 1E1#020F271001FE01FE
(1779048020.766370) can0 1F5#0000000000000000
(1779048020.767448) can0 0800A6A9#0000000000000000
(1779048020.768414) can0 1000A6A9#0F02881333494949
(1779048020.769446) can0 1C00A6A9#0000000000030000
(1779048020.770460) can0 02018100#1003020F00000000
(1779048020.771460) can0 02028100#0000003364000000
(1779048020.772438) can0 02038100#0CE001100CDF0101
(1779048020.773466) can0 02048100#4901014901010000
(1779048020.774333) can0 1AD#9814000059331717
(1779048020.775346) can0 2AD#E00C800C98140016
(1779048020.776358) can0 3AD#0000000000009814
(1779048020.777358) can0 4AD#EB00000000000000
(1779048020.778372) can0 76A#7F00000000000000
(1779048020.840991) can0 0000E005#16D2430003B60591
(1779048020.841574) can0 1806E5F4#13EC010003B6023A
(1779048020.842472) can0 0000E000#13EC13EC020F0000
(1779048020.843440) can0 0000E004#171703B603B601E4
(1779048020.844433) can0 0000E006#0CDF0CDF0CDD0CDF
(1779048020.845445) can0 0000E007#0CDF0CDF0CDF0CDF
(1779048020.846434) can0 0000E008#0CDF0CDF0CDF0CDF
(1779048020.847427) can0 0000E009#0CDF0CDF0CDF0CE0
(1779048020.848459) can0 0000E010#0000000000000000
(1779048020.849457) can0 0000E011#0000000000000000
(1779048020.850490) can0 0000E012#0CDE000200000000
(1779048020.851472) can0 0000F001#0000000000000000
(1779048020.852452) can0 18FF28F4#10330000020F0000
(1779048020.853427) can0 18FE28F4#0CE00CDD3F3F0000
(1779048020.854429) can0 18FD28F4#16D2FA6F00000000
(1779048020.855345) can0 4D4#000033007D0F0203
(1779048020.856345) can0 4D5#DD0CE00C3F3F0000
(1779048020.857423) can0 18914010#0CE0100CDD030000
(1779048020.858474) can0 18904010#020F020F753001FE
(1779048020.859434) can0 18FA28F4#E23DA12C10270000
(1779048020.860436) can0 18FB28F4#E00CDD0C3F3F0000
(1779048020.861448) can0 18FC28F4#383300000F020000
(1779048020.862416) can0 18F810F3#0F02E80333640100
(1779048020.863460) can0 18F815F3#0000000010030000
(1779048020.864346) can0 273#000000000F023300
(1779048020.865337) can0 1E1#020F271001FE01FE
(1779048020.866423) can0 1F5#0000000000000000
(1779048020.867454) can0 0800A6A9#0000000000000000
(1779048020.868416) can0 1000A6A9#0F02881333494949
(1779048020.869447) can0 1C00A6A9#0000000000030000
(1779048020.870462) can0 02018100#1003020F00000000
(1779048020.871441) can0 02028100#0000003364000000
(1779048020.872442) can0 02038100#0CE001100CDD0103
(1779048020.873435) can0 02048100#4901014901010000
(1779048020.874323) can0 1AD#9714000059331717
(1779048020.875334) can0 2AD#E00C800C97140016
(1779048020.876346) can0 3AD#0000000000009714
(1779048020.877352) can0 4AD#EB00000000000000
(1779048020.878354) can0 76A#7F00000000000000
(1779048020.941037) can0 0000E005#16D2430003B60591
(1779048020.941628) can0 1806E5F4#13EC010003B6023A
(1779048020.942452) can0 0000E000#13EC13EC020F0000
(1779048020.943473) can0 0000E004#171703B603B601E4
(1779048020.944434) can0 0000E006#0CDF0CDF0CDD0CDF
(1779048020.945453) can0 0000E007#0CDF0CDF0CDF0CDF
(1779048020.946435) can0 0000E008#0CDF0CDF0CDF0CDF
(1779048020.947428) can0 0000E009#0CDF0CDF0CDF0CE0
(1779048020.948460) can0 0000E010#0000000000000000
(1779048020.949460) can0 0000E011#0000000000000000
(1779048020.950450) can0 0000E012#0CDE000200000000
(1779048020.951472) can0 0000F001#0000000000000000
(1779048020.952456) can0 18FF28F4#10330000020F0000
(1779048020.953435) can0 18FE28F4#0CE00CDD3F3F0000
(1779048020.954429) can0 18FD28F4#16D2FA6F00000000
(1779048020.955346) can0 4D4#000033007D0F0203
(1779048020.956347) can0 4D5#DD0CE00C3F3F0000
(1779048020.957422) can0 18914010#0CE0100CDD030000
(1779048020.958442) can0 18904010#020F020F753001FE
(1779048020.959435) can0 18FA28F4#E23DA12C10270000
(1779048020.960435) can0 18FB28F4#E00CDD0C3F3F0000
(1779048020.961448) can0 18FC28F4#383300000F020000
(1779048020.962413) can0 18F810F3#0F02E80333640100
(1779048020.963461) can0 18F815F3#0000000010030000
(1779048020.964347) can0 273#000000000F023300
(1779048020.965341) can0 1E1#020F271001FE01FE
(1779048020.966370) can0 1F5#0000000000000000
(1779048020.967455) can0 0800A6A9#0000000000000000
(1779048020.968417) can0 1000A6A9#0F02881333494949
(1779048020.969448) can0 1C00A6A9#0000000000030000
(1779048020.970462) can0 02018100#1003020F00000000
(1779048020.971442) can0 02028100#0000003364000000
(1779048020.972443) can0 02038100#0CE001100CDD0103
(1779048020.973437) can0 02048100#4901014901010000
(1779048020.974314) can0 1AD#9714000059331717
(1779048020.975335) can0 2AD#E00C800C97140016
(1779048020.976348) can0 3AD#0000000000009714
(1779048020.977360) can0 4AD#EB00000000000000
(1779048020.978354) can0 76A#7F00000000000000
(1779048021.057973) can0 0000E005#16D2430003B60591
(1779048021.058560) can0 1806E5F4#13EC010003B6023A
(1779048021.059456) can0 0000E000#13EC13EC020F0000
(1779048021.060424) can0 0000E004#171703B603B601E4
(1779048021.061436) can0 0000E006#0CDF0CDF0CDF0CDF
(1779048021.062436) can0 0000E007#0CDF0CDF0CDF0CDF
(1779048021.063435) can0 0000E008#0CDF0CDF0CDF0CDF
(1779048021.064430) can0 0000E009#0CDF0CDF0CDF0CE0
(1779048021.065482) can0 0000E010#0000000000000000
(1779048021.066462) can0 0000E011#0000000000000000
(1779048021.067437) can0 0000E012#0CDF000000000000
(1779048021.068405) can0 0000E013#4542323630354C43
(1779048021.069437) can0 0000E014#3134323300000000
(1779048021.070450) can0 0000E015#0000000000000003
(1779048021.071469) can0 0000F000#0000000000000000
(1779048021.072463) can0 0000F001#0000000000000000
(1779048021.073476) can0 18FF28F4#10330000020F0000
(1779048021.074426) can0 18FE28F4#0CE00CDF3F3F0000
(1779048021.075421) can0 18FD28F4#16D2FA6F00000000
(1779048021.076342) can0 4D4#000033007D0F0203
(1779048021.077342) can0 4D5#DF0CE00C3F3F0000
(1779048021.078431) can0 18914010#0CE0100CDF010000
(1779048021.079431) can0 18904010#020F020F753001FE
(1779048021.080445) can0 18924010#3F013F0100000000
(1779048021.081463) can0 18934010#000000240000BD42
(1779048021.082444) can0 18944010#1003000000000000
(1779048021.083470) can0 18954010#0000000000000000
(1779048021.084470) can0 18954010#0100000000000000
(1779048021.085451) can0 18954010#0200000000000000
(1779048021.086451) can0 18954010#0300000000000000
(1779048021.087444) can0 18954010#0400000000000000
(1779048021.088444) can0 18954010#0500000000000000
(1779048021.089489) can0 18964010#003F3F3F00000000
(1779048021.090451) can0 18974010#0000000000000000
(1779048021.091447) can0 18984010#0000000000000000
(1779048021.092413) can0 18FA28F4#E23DA12C10270000
(1779048021.093426) can0 18FB28F4#E00CDF0C3F3F0000
(1779048021.094440) can0 18FC28F4#383300000F020000
(1779048021.095421) can0 18F810F3#0F02E80333640100
(1779048021.096433) can0 18F811F3#E00C1001DF0C0101
(1779048021.097478) can0 18F812F3#3F01013F01010000
(1779048021.098460) can0 18F813F3#0101000000000000
(1779048021.099422) can0 18F814F3#3200BA1AA9015F00
(1779048021.100453) can0 18F815F3#0000000010030000
(1779048021.101350) can0 273#000000000F023300
(1779048021.102350) can0 1E1#020F271001FE01FE
(1779048021.103356) can0 1F5#0000000000000000
(1779048021.104459) can0 0800A6A9#0000000000000000
(1779048021.105420) can0 1000A6A9#0F02881333494949
(1779048021.106433) can0 1C00A6A9#0000000000030000
(1779048021.107465) can0 02018100#1003020F00000000
(1779048021.108446) can0 02028100#0000003364000000
(1779048021.109446) can0 02038100#0CE001100CDF0101
(1779048021.110428) can0 02048100#4901014901010000
(1779048021.111324) can0 1AD#9814000059331717
(1779048021.112344) can0 2AD#E00C800C98140016
(1779048021.113358) can0 3AD#0000000000009814
(1779048021.114352) can0 4AD#EB00000000000000
(1779048021.115349) can0 76A#7F00000000000000
(1779048021.174020) can0 0000E005#16D2430003B60591
(1779048021.174610) can0 1806E5F4#13EC010003B6023A
(1779048021.175445) can0 0000E000#13EC13EC020F0000
(1779048021.176425) can0 0000E004#171703B603B601E4
(1779048021.177439) can0 0000E006#0CDF0CDF0CDF0CDF
(1779048021.178440) can0 0000E007#0CDF0CDF0CDF0CDF
(1779048021.179439) can0 0000E008#0CDF0CDF0CDF0CDF
(1779048021.180428) can0 0000E009#0CDF0CDF0CDF0CE0
(1779048021.181464) can0 0000E010#0000000000000000
(1779048021.182465) can0 0000E011#0000000000000000
(1779048021.183445) can0 0000E012#0CDF000000000000
(1779048021.184454) can0 0000F001#0000000000000000
(1779048021.185458) can0 18FF28F4#10330000020F0000
(1779048021.186421) can0 18FE28F4#0CE00CDF3F3F0000
(1779048021.187440) can0 18FD28F4#16D2FA6F00000000
(1779048021.188356) can0 4D4#000033007D0F0203
(1779048021.189351) can0 4D5#DF0CE00C3F3F0000
(1779048021.190433) can0 18914010#0CE0100CDF010000
(1779048021.191427) can0 18904010#020F020F753001FE
(1779048021.192421) can0 18FA28F4#E23DA12C10270000
(1779048021.193427) can0 18FB28F4#E00CDF0C3F3F0000
(1779048021.194440) can0 18FC28F4#383300000F020000
(1779048021.195426) can0 18F810F3#0F02E80333640100
(1779048021.196450) can0 18F815F3#0000000010030000
(1779048021.197352) can0 273#000000000F023300
(1779048021.198352) can0 1E1#020F271001FE01FE
(1779048021.199364) can0 1F5#0000000000000000
(1779048021.200460) can0 0800A6A9#0000000000000000
(1779048021.201409) can0 1000A6A9#0F02881333494949
(1779048021.202434) can0 1C00A6A9#0000000000030000
(1779048021.203453) can0 02018100#1003020F00000000
(1779048021.204445) can0 02028100#0000003364000000
(1779048021.205428) can0 02038100#0CE001100CDF0101
(1779048021.206429) can0 02048100#4901014901010000
(1779048021.207326) can0 1AD#9814000059331717
(1779048021.208333) can0 2AD#E00C800C98140016
(1779048021.209352) can0 3AD#0000000000009814
(1779048021.210366) can0 4AD#EB00000000000000
(1779048021.211359) can0 76A#7F00000000000000
(1779048021.273983) can0 0000E005#16D2430003B60591
(1779048021.274556) can0 1806E5F4#13EC010003B6023A
(1779048021.275452) can0 0000E000#13EC13EC020F0000
(1779048021.276420) can0 0000E004#171703B603B601E4
(1779048021.277427) can0 0000E006#0CDF0CDF0CDF0CDF
(1779048021.278446) can0 0000E007#0CDF0CDF0CDF0CDF
(1779048021.279427) can0 0000E008#0CDF0CDF0CDF0CDF
(1779048021.280440) can0 0000E009#0CDF0CDF0CDF0CE0
(1779048021.281453) can0 0000E010#0000000000000000
(1779048021.282453) can0 0000E011#0000000000000000
(1779048021.283434) can0 0000E012#0CDF000000000000
(1779048021.284466) can0 0000F001#0000000000000000
(1779048021.285447) can0 18FF28F4#10330000020F0000
(1779048021.286428) can0 18FE28F4#0CE00CDF3F3F0000
(1779048021.287428) can0 18FD28F4#16D2FA6F00000000
(1779048021.288363) can0 4D4#000033007D0F0203
(1779048021.289337) can0 4D5#DF0CE00C3F3F0000
(1779048021.290435) can0 18914010#0CE0100CDF010000
(1779048021.291435) can0 18904010#020F020F753001FE
(1779048021.292434) can0 18FA28F4#E23DA12C10270000
(1779048021.293426) can0 18FB28F4#E00CDF0C3F3F0000
(1779048021.294448) can0 18FC28F4#383300000F020000
(1779048021.295410) can0 18F810F3#0F02E80333640100
(1779048021.296478) can0 18F815F3#0000000010030000
(1779048021.297343) can0 273#000000000F023300
(1779048021.298341) can0 1E1#020F271001FE01FE
(1779048021.299372) can0 1F5#0000000000000000
(1779048021.300448) can0 0800A6A9#0000000000000000
(1779048021.301407) can0 1000A6A9#0F02881333494949
(1779048021.302442) can0 1C00A6A9#0000000000030000
(1779048021.303460) can0 02018100#1003020F00000000
(1779048021.304473) can0 02028100#0000003364000000
(1779048021.305432) can0 02038100#0CE001100CDF0101
(1779048021.306434) can0 02048100#4901014901010000
(1779048021.307334) can0 1AD#9814000059331717
(1779048021.308327) can0 2AD#E00C800C98140016
(1779048021.309360) can0 3AD#0000000000009814
(1779048021.310354) can0 4AD#EB00000000000000
(1779048021.311353) can0 76A#7F00000000000000
(1779048021.373966) can0 0000E005#16D2430003B60591
(1779048021.374553) can0 1806E5F4#13EC010003B6023A
(1779048021.375441) can0 0000E000#13EC13EC020F0000
(1779048021.376421) can0 0000E004#171703B603B601E4
(1779048021.377434) can0 0000E006#0CDF0CDF0CDF0CDF
(1779048021.378430) can0 0000E007#0CDF0CDF0CDF0CDF
(1779048021.379434) can0 0000E008#0CDF0CDF0CDF0CDF
(1779048021.380428) can0 0000E009#0CDF0CDF0CDF0CE0
(1779048021.381491) can0 0000E010#0000000000000000
(1779048021.382460) can0 0000E011#0000000000000000
(1779048021.383441) can0 0000E012#0CDF000000000000
(1779048021.384454) can0 0000F001#0000000000000000
(1779048021.385454) can0 18FF28F4#10330000020F0000
(1779048021.386413) can0 18FE28F4#0CE00CDF3F3F0000
(1779048021.387435) can0 18FD28F4#16D2FA6F00000000
(1779048021.388346) can0 4D4#000033007D0F0203
(1779048021.389378) can0 4D5#DF0CE00C3F3F0000
(1779048021.390439) can0 18914010#0CE0100CDF010000
(1779048021.391423) can0 18904010#020F020F753001FE
(1779048021.392422) can0 18FA28F4#E23DA12C10270000
(1779048021.393416) can0 18FB28F4#E00CDF0C3F3F0000
(1779048021.394435) can0 18FC28F4#383300000F020000
(1779048021.395416) can0 18F810F3#0F02E80333640100
(1779048021.396442) can0 18F815F3#0000000010030000
(1779048021.397391) can0 273#000000000F023300
(1779048021.398338) can0 1E1#020F271001FE01FE
(1779048021.399360) can0 1F5#0000000000000000
(1779048021.400456) can0 0800A6A9#0000000000000000
(1779048021.401419) can0 1000A6A9#0F02881333494949
(1779048021.402427) can0 1C00A6A9#0000000000030000
(1779048021.403462) can0 02018100#1003020F00000000
(1779048021.404444) can0 02028100#0000003364000000
(1779048021.405447) can0 02038100#0CE001100CDF0101
(1779048021.406440) can0 02048100#4901014901010000
(1779048021.407316) can0 1AD#9814000059331717
(1779048021.408328) can0 2AD#E00C800C98140016
(1779048021.409341) can0 3AD#0000000000009814
(1779048021.410354) can0 4AD#EB00000000000000
(1779048021.411354) can0 76A#7F00000000000000
(1779048021.474030) can0 0000E005#16D2430003B60591
(1779048021.474599) can0 1806E5F4#13EC010003B6023A
(1779048021.475445) can0 0000E000#13EC13EC020F0000
(1779048021.476416) can0 0000E004#171703B603B601E4
(1779048021.477429) can0 0000E006#0CDF0CDF0CDF0CDF
(1779048021.478441) can0 0000E007#0CDF0CDF0CDF0CDF
(1779048021.479441) can0 0000E008#0CDF0CDF0CDF0CDF
(1779048021.480422) can0 0000E009#0CDF0CDF0CDF0CE0
(1779048021.481455) can0 0000E010#0000000000000000
(1779048021.482448) can0 0000E011#0000000000000000
(1779048021.483443) can0 0000E012#0CDF000000000000
(1779048021.484461) can0 0000F001#0000000000000000
(1779048021.485442) can0 18FF28F4#10330000020F0000
(1779048021.486424) can0 18FE28F4#0CE00CDF3F3F0000
(1779048021.487422) can0 18FD28F4#16D2FA6F00000000
(1779048021.488341) can0 4D4#000033007D0F0203
(1779048021.489341) can0 4D5#DF0CE00C3F3F0000
(1779048021.490430) can0 18914010#0CE0100CDF010000
(1779048021.491430) can0 18904010#020F020F753001FE
(1779048021.492430) can0 18FA28F4#E23DA12C10270000
(1779048021.493424) can0 18FB28F4#E00CDF0C3F3F0000
(1779048021.494443) can0 18FC28F4#383300000F020000
(1779048021.495398) can0 18F810F3#0F02E80333640100
(1779048021.496449) can0 18F815F3#0000000010030000
(1779048021.497354) can0 273#000000000F023300
(1779048021.498335) can0 1E1#020F271001FE01FE
(1779048021.499362) can0 1F5#0000000000000000
(1779048021.500444) can0 0800A6A9#0000000000000000
(1779048021.501406) can0 1000A6A9#0F02881333494949
(1779048021.502438) can0 1C00A6A9#0000000000030000
(1779048021.503450) can0 02018100#1003020F00000000
(1779048021.504436) can0 02028100#0000003364000000
(1779048021.505430) can0 02038100#0CE001100CDF0101
(1779048021.506433) can0 02048100#4901014901010000
(1779048021.507329) can0 1AD#9814000059331717
(1779048021.508344) can0 2AD#E00C800C98140016
(1779048021.509356) can0 3AD#0000000000009814
(1779048021.510349) can0 4AD#EB00000000000000
(1779048021.511356) can0 76A#7F00000000000000
(1779048021.591007) can0 0000E005#16D2430003B60591
(1779048021.591599) can0 1806E5F4#13EC010003B6023A
(1779048021.592444) can0 0000E000#13EC13EC020F0000
(1779048021.593431) can0 0000E004#171703B603B601E4
(1779048021.594425) can0 0000E006#0CDF0CDF0CDF0CDF
(1779048021.595438) can0 0000E007#0CDF0CDF0CDF0CDF
(1779048021.596437) can0 0000E008#0CDF0CDF0CDF0CDF
(1779048021.597428) can0 0000E009#0CDF0CDF0CDF0CE0
(1779048021.598450) can0 0000E010#0000000000000000
(1779048021.599450) can0 0000E011#0000000000000000
(1779048021.600443) can0 0000E012#0CDF000000000000
(1779048021.601407) can0 0000E013#4542323630354C43
(1779048021.602426) can0 0000E014#3134323300000000
(1779048021.603457) can0 0000E015#0000000000000003
(1779048021.604470) can0 0000F000#0000000000000000
(1779048021.605451) can0 0000F001#0000000000000000
(1779048021.606452) can0 18FF28F4#10330000020F0000
(1779048021.607437) can0 18FE28F4#0CE00CDF3F3F0000
(1779048021.608428) can0 18FD28F4#16D2FA6F00000000
(1779048021.609345) can0 4D4#000033007D0F0203
(1779048021.610344) can0 4D5#DF0CE00C3F3F0000
(1779048021.611419) can0 18914010#0CE0100CDF010000
(1779048021.612451) can0 18904010#020F020F753001FE
(1779048021.613431) can0 18924010#3F013F0100000000
(1779048021.614432) can0 18934010#000000250000BD42
(1779048021.615445) can0 18944010#1003000000000000
(1779048021.616458) can0 18954010#0000000000000000
(1779048021.617458) can0 18954010#0100000000000000
(1779048021.618458) can0 18954010#0200000000000000
(1779048021.619452) can0 18954010#0300000000000000
(1779048021.620484) can0 18954010#0400000000000000
(1779048021.621445) can0 18954010#0500000000000000
(1779048021.622447) can0 18964010#003F3F3F00000000
(1779048021.623440) can0 18974010#0000000000000000
(1779048021.624440) can0 18984010#0000000000000000
(1779048021.625419) can0 18FA28F4#E23DA12C10270000
(1779048021.626416) can0 18FB28F4#E00CDF0C3F3F0000
(1779048021.627428) can0 18FC28F4#383300000F020000
(1779048021.628459) can0 18F810F3#0F02E80333640100
(1779048021.629440) can0 18F811F3#E00C1001DF0C0101
(1779048021.630435) can0 18F812F3#3F01013F01010000
(1779048021.631448) can0 18F813F3#0101000000000000
(1779048021.632427) can0 18F814F3#3200BA1AA9015F00
(1779048021.633438) can0 18F815F3#0000000010030000
(1779048021.634338) can0 273#000000000F023300
(1779048021.635338) can0 1E1#020F271001FE01FE
(1779048021.636364) can0 1F5#0000000000000000
(1779048021.637440) can0 0800A6A9#0000000000000000
(1779048021.638408) can0 1000A6A9#0F02881333494949
(1779048021.639449) can0 1C00A6A9#0000000000030000
(1779048021.640463) can0 02018100#1003020F00000000
(1779048021.641440) can0 02028100#0000003364000000
(1779048021.642439) can0 02038100#0CE001100CDF0101
(1779048021.643428) can0 02048100#4901014901010000
(1779048021.644325) can0 1AD#9814000059331717
(1779048021.645326) can0 2AD#E00C800C98140016
(1779048021.646346) can0 3AD#0000000000009814
(1779048021.647358) can0 4AD#EB00000000000000
(1779048021.648350) can0 76A#7F00000000000000
(1779048021.706975) can0 0000E005#16D2430003B60591
(1779048021.707564) can0 1806E5F4#13EC010003B6023A
(1779048021.708447) can0 0000E000#13EC13EC020F0000
(1779048021.709414) can0 0000E004#171703B603B601E4
(1779048021.710427) can0 0000E006#0CDF0CDF0CDF0CDF
(1779048021.711427) can0 0000E007#0CDF0CDF0CDF0CDF
(1779048021.712420) can0 0000E008#0CDF0CDF0CDF0CDF
(1779048021.713414) can0 0000E009#0CDF0CDF0CDF0CE0
(1779048021.714453) can0 0000E010#0000000000000000
(1779048021.715445) can0 0000E011#0000000000000000
(1779048021.716427) can0 0000E012#0CDF000000000000
(1779048021.717440) can0 0000F001#0000000000000000
(1779048021.718441) can0 18FF28F4#10330000020F0000
(1779048021.719421) can0 18FE28F4#0CE00CDF3F3F0000
(1779048021.720422) can0 18FD28F4#16D2FA6F00000000
(1779048021.721338) can0 4D4#000033007D0F0203
(1779048021.722339) can0 4D5#DF0CE00C3F3F0000
(1779048021.723434) can0 18914010#0CE0100CDF010000
(1779048021.724427) can0 18904010#020F020F753001FE
(1779048021.725422) can0 18FA28F4#E23DA12C10270000
(1779048021.726421) can0 18FB28F4#E00CDF0C3F3F0000
(1779048021.727441) can0 18FC28F4#383300000F020000
(1779048021.728402) can0 18F810F3#0F02E80333640100
(1779048021.729447) can0 18F815F3#0000000010030000
(1779048021.730333) can0 273#000000000F023300
(1779048021.731333) can0 1E1#020F271001FE01FE
(1779048021.732365) can0 1F5#0000000000000000
(1779048021.733440) can0 0800A6A9#0000000000000000
(1779048021.734404) can0 1000A6A9#0F02881333494949
(1779048021.735440) can0 1C00A6A9#0000000000030000
(1779048021.736455) can0 02018100#1003020F00000000
(1779048021.737434) can0 02028100#0000003364000000
(1779048021.738430) can0 02038100#0CE001100CDF0101
(1779048021.739429) can0 02048100#4901014901010000
(1779048021.740327) can0 1AD#9814000059331717
(1779048021.741318) can0 2AD#E00C800C98140016
(1779048021.742353) can0 3AD#0000000000009814
(1779048021.743346) can0 4AD#EB00000000000000
(1779048021.744340) can0 76A#7F00000000000000
(1779048021.806961) can0 0000E005#16D2430003B60591
(1779048021.807552) can0 1806E5F4#13EC010003B6023A
(1779048021.808446) can0 0000E000#13EC13EC020F0000
(1779048021.809415) can0 0000E004#171703B603B601E4
(1779048021.810421) can0 0000E006#0CDF0CDF0CDF0CDF
(1779048021.811441) can0 0000E007#0CDF0CDF0CDF0CDF
(1779048021.812424) can0 0000E008#0CDF0CDF0CDF0CDF
(1779048021.813425) can0 0000E009#0CDF0CDF0CDF0CE0
(1779048021.814449) can0 0000E010#0000000000000000
(1779048021.815446) can0 0000E011#0000000000000000
(1779048021.816428) can0 0000E012#0CDF000000000000
(1779048021.817440) can0 0000F001#0000000000000000
(1779048021.818441) can0 18FF28F4#10330000020F0000
(1779048021.819422) can0 18FE28F4#0CE00CDF3F3F0000
(1779048021.820422) can0 18FD28F4#16D2FA6F00000000
(1779048021.821338) can0 4D4#000033007D0F0203
(1779048021.822331) can0 4D5#DF0CE00C3F3F0000
(1779048021.823428) can0 18914010#0CE0100CDF010000
(1779048021.824428) can0 18904010#020F020F753001FE
(1779048021.825429) can0 18FA28F4#E23DA12C10270000
(1779048021.826425) can0 18FB28F4#E00CDF0C3F3F0000
(1779048021.827455) can0 18FC28F4#383300000F020000
(1779048021.828403) can0 18F810F3#0F02E80333640100
(1779048021.829435) can0 18F815F3#0000000010030000
(1779048021.830334) can0 273#000000000F023300
(1779048021.831334) can0 1E1#020F271001FE01FE
(1779048021.832347) can0 1F5#0000000000000000
(1779048021.833441) can0 0800A6A9#0000000000000000
(1779048021.834408) can0 1000A6A9#0F02881333494949
(1779048021.835455) can0 1C00A6A9#0000000000030000
(1779048021.836455) can0 02018100#1003020F00000000
(1779048021.837436) can0 02028100#0000003364000000
(1779048021.838432) can0 02038100#0CE001100CDF0101
(1779048021.839429) can0 02048100#4901014901010000
(1779048021.840308) can0 1AD#9814000059331717
(1779048021.841322) can0 2AD#E00C800C98140016
(1779048021.842336) can0 3AD#0000000000009814
(1779048021.843379) can0 4AD#EB00000000000000
(1779048021.844348) can0 76A#7F00000000000000
(1779048021.907008) can0 0000E005#16D2430003B60591
(1779048021.907598) can0 1806E5F4#13EC010003B6023A
(1779048021.908435) can0 0000E000#13EC13EC020F0000
(1779048021.909415) can0 0000E004#171703B603B601E4
(1779048021.910428) can0 0000E006#0CDF0CDF0CDF0CDF
(1779048021.911423) can0 0000E007#0CDF0CDF0CDF0CDF
(1779048021.912454) can0 0000E008#0CDF0CDF0CDF0CDF
(1779048021.913423) can0 0000E009#0CDF0CDF0CDF0CE0
(1779048021.914455) can0 0000E010#0000000000000000
(1779048021.915449) can0 0000E011#0000000000000000
(1779048021.916429) can0 0000E012#0CDF000000000000
(1779048021.917448) can0 0000F001#0000000000000000
(1779048021.918443) can0 18FF28F4#10330000020F0000
(1779048021.919421) can0 18FE28F4#0CE00CDF3F3F0000
(1779048021.920455) can0 18FD28F4#16D2FA6F00000000
(1779048021.921342) can0 4D4#000033007D0F0203
(1779048021.922341) can0 4D5#DF0CE00C3F3F0000
(1779048021.923415) can0 18914010#0CE0100CDF010000
(1779048021.924429) can0 18904010#020F020F753001FE
(1779048021.925410) can0 18FA28F4#E23DA12C10270000
(1779048021.926423) can0 18FB28F4#E00CDF0C3F3F0000
(1779048021.927423) can0 18FC28F4#383300000F020000
(1779048021.928456) can0 18F810F3#0F02E80333640100
(1779048021.929436) can0 18F815F3#0000000010030000
(1779048021.930335) can0 273#000000000F023300
(1779048021.931331) can0 1E1#020F271001FE01FE
(1779048021.932347) can0 1F5#0000000000000000
(1779048021.933443) can0 0800A6A9#0000000000000000
(1779048021.934411) can0 1000A6A9#0F02881333494949
(1779048021.935431) can0 1C00A6A9#0000000000030000
(1779048021.936487) can0 02018100#1003020F00000000
(1779048021.937436) can0 02028100#0000003364000000
(1779048021.938431) can0 02038100#0CE001100CDF0101
(1779048021.939430) can0 02048100#4901014901010000
(1779048021.940310) can0 1AD#9814000059331717
(1779048021.941322) can0 2AD#E00C800C98140016
(1779048021.942337) can0 3AD#0000000000009814
(1779048021.943346) can0 4AD#EB00000000000000
(1779048021.944348) can0 76A#7F00000000000000
(1779048022.006963) can0 0000E005#16D2430003B60591
(1779048022.007553) can0 1806E5F4#13EC010003B6023A
(1779048022.008430) can0 0000E000#13EC13EC020F0000
(1779048022.009417) can0 0000E004#171703B603B601E4
(1779048022.010430) can0 0000E006#0CDF0CDF0CDF0CDF
(1779048022.011429) can0 0000E007#0CDF0CDF0CDF0CDF
(1779048022.012423) can0 0000E008#0CDF0CDF0CDF0CDF
(1779048022.013475) can0 0000E009#0CDF0CDF0CDF0CE0
(1779048022.014455) can0 0000E010#0000000000000000
(1779048022.015449) can0 0000E011#0000000000000000
(1779048022.016428) can0 0000E012#0CDF000000000000
(1779048022.017450) can0 0000F001#0000000000000000
(1779048022.018443) can0 18FF28F4#10330000020F0000
(1779048022.019411) can0 18FE28F4#0CE00CDF3F3F0000
(1779048022.020422) can0 18FD28F4#16D2FA6F00000000
(1779048022.021340) can0 4D4#000033007D0F0203
(1779048022.022337) can0 4D5#DF0CE00C3F3F0000
(1779048022.023419) can0 18914010#0CE0100CDF010000
(1779048022.024418) can0 18904010#020F020F753001FE
(1779048022.025412) can0 18FA28F4#E23DA12C10270000
(1779048022.026412) can0 18FB28F4#E00CDF0C3F3F0000
(1779048022.027425) can0 18FC28F4#383300000F020000
(1779048022.028406) can0 18F810F3#0F02E80333640100
(1779048022.029437) can0 18F815F3#0000000010030000
(1779048022.030343) can0 273#000000000F023300
(1779048022.031336) can0 1E1#020F271001FE01FE
(1779048022.032347) can0 1F5#0000000000000000
(1779048022.033431) can0 0800A6A9#0000000000000000
(1779048022.034398) can0 1000A6A9#0F02881333494949
(1779048022.035426) can0 1C00A6A9#0000000000030000
(1779048022.036438) can0 02018100#1003020F00000000
(1779048022.037438) can0 02028100#0000003364000000
(1779048022.038419) can0 02038100#0CE001100CDF0101
(1779048022.039418) can0 02048100#4901014901010000
(1779048022.040308) can0 1AD#9814000059331717
(1779048022.041330) can0 2AD#E00C800C98140016
(1779048022.042343) can0 3AD#0000000000009814
(1779048022.043336) can0 4AD#EB00000000000000
(1779048022.044348) can0 76A#7F00000000000000
(1779048022.123968) can0 0000E005#16D2430003B60591
(1779048022.124556) can0 1806E5F4#13EC010003B6023A
(1779048022.125439) can0 0000E000#13EC13EC020F0000
(1779048022.126420) can0 0000E004#171703B603B601E4
(1779048022.127419) can0 0000E006#0CDF0CDD0CDF0CDF
(1779048022.128431) can0 0000E007#0CDF0CDF0CDF0CDF
(1779048022.129413) can0 0000E008#0CDF0CDF0CDD0CDF
(1779048022.130429) can0 0000E009#0CDF0CDF0CDF0CE0
(1779048022.131444) can0 0000E010#0000000000000000
(1779048022.132444) can0 0000E011#0000000000000000
(1779048022.133438) can0 0000E012#0CDE000200000000
(1779048022.134385) can0 0000E013#4542323630354C43
(1779048022.135449) can0 0000E014#3134323300000000
(1779048022.136432) can0 0000E015#0000000000000003
(1779048022.137445) can0 0000F000#0000000000000000
(1779048022.138445) can0 0000F001#0000000000000000
(1779048022.139426) can0 18FF28F4#10330000020F0000
(1779048022.140407) can0 18FE28F4#0CE00CDD3F3F0000
(1779048022.141407) can0 18FD28F4#16D2FA6F00000000
(1779048022.142324) can0 4D4#000033007D0F0203
(1779048022.143356) can0 4D5#DD0CE00C3F3F0000
(1779048022.144414) can0 18914010#0CE0100CDD020000
(1779048022.145414) can0 18904010#020F020F753001FE
(1779048022.146424) can0 18924010#3F013F0100000000
(1779048022.147407) can0 18934010#000000260000BD42
(1779048022.148426) can0 18944010#1003000000000000
(1779048022.149457) can0 18954010#0000000000000000
(1779048022.150453) can0 18954010#0100000000000000
(1779048022.151484) can0 18954010#0200000000000000
(1779048022.152446) can0 18954010#0300000000000000
(1779048022.153446) can0 18954010#0400000000000000
(1779048022.154423) can0 18954010#0500000000000000
(1779048022.155440) can0 18964010#003F3F3F00000000
(1779048022.156439) can0 18974010#0000000000000000
(1779048022.157434) can0 18984010#0000000000000000
(1779048022.158394) can0 18FA28F4#E23DA12C10270000
(1779048022.159459) can0 18FB28F4#E00CDD0C3F3F0000
(1779048022.160428) can0 18FC28F4#383300000F020000
(1779048022.161402) can0 18F810F3#0F02E80333640100
(1779048022.162403) can0 18F811F3#E00C1001DD0C0201
(1779048022.163416) can0 18F812F3#3F01013F01010000
(1779048022.164440) can0 18F813F3#0101000000000000
(1779048022.165408) can0 18F814F3#3200BA1AA9015F00
(1779048022.166431) can0 18F815F3#0000000010030000
(1779048022.167339) can0 273#000000000F023300
(1779048022.168333) can0 1E1#020F271001FE01FE
(1779048022.169345) can0 1F5#0000000000000000
(1779048022.170434) can0 0800A6A9#0000000000000000
(1779048022.171402) can0 1000A6A9#0F02881333494949
(1779048022.172415) can0 1C00A6A9#0000000000030000
(1779048022.173447) can0 02018100#1003020F00000000
(1779048022.174428) can0 02028100#0000003364000000
(1779048022.175409) can0 02038100#0CE001100CDD0102
(1779048022.176422) can0 02048100#4901014901010000
(1779048022.177307) can0 1AD#9714000059331717
(1779048022.178303) can0 2AD#E00C800C97140016
(1779048022.179340) can0 3AD#0000000000009714
(1779048022.180334) can0 4AD#EB00000000000000
(1779048022.181347) can0 76A#7F00000000000000
(1779048022.233283) can0 00000E00#00354C4331343233
(1779048022.241004) can0 0000E005#16D2430003B60591
(1779048022.241593) can0 1806E5F4#13EC010003B6023A
(1779048022.242428) can0 0000E000#13EC13EC020F0000
(1779048022.243415) can0 0000E004#171703B603B601E4
(1779048022.244409) can0 0000E006#0CDF0CDD0CDF0CDF
(1779048022.245422) can0 0000E007#0CDF0CDF0CDF0CDF
(1779048022.246408) can0 0000E008#0CDF0CDF0CDD0CDF
(1779048022.247415) can0 0000E009#0CDF0CDF0CDF0CE0
(1779048022.248452) can0 0000E010#0000000000000000
(1779048022.249446) can0 0000E011#0000000000000000
(1779048022.250428) can0 0000E012#0CDE000200000000
(1779048022.251440) can0 0000F001#0000000000000000
(1779048022.252441) can0 18FF28F4#10330000020F0000
(1779048022.253409) can0 18FE28F4#0CE00CDD3F3F0000
(1779048022.254423) can0 18FD28F4#16D2FA6F00000000
(1779048022.255320) can0 4D4#000033007D0F0203
(1779048022.256320) can0 4D5#DD0CE00C3F3F0000
(1779048022.257415) can0 18914010#0CE0100CDD020000
(1779048022.258410) can0 18904010#020F020F753001FE
(1779048022.259408) can0 18FA28F4#E23DA12C10270000
(1779048022.260409) can0 18FB28F4#E00CDD0C3F3F0000
(1779048022.261422) can0 18FC28F4#383300000F020000
(1779048022.262404) can0 18F810F3#0F02E80333640100
(1779048022.263431) can0 18F815F3#0000000010030000
(1779048022.264333) can0 273#000000000F023300
(1779048022.265328) can0 1E1#020F271001FE01FE
(1779048022.266340) can0 1F5#0000000000000000
(1779048022.267436) can0 0800A6A9#0000000000000000
(1779048022.268405) can0 1000A6A9#0F02881333494949
(1779048022.269429) can0 1C00A6A9#0000000000030000
(1779048022.270443) can0 02018100#1003020F00000000
(1779048022.271424) can0 02028100#0000003364000000
(1779048022.272417) can0 02038100#0CE001100CDD0102
(1779048022.273430) can0 02048100#4901014901010000
(1779048022.274312) can0 1AD#9714000059331717
(1779048022.275315) can0 2AD#E00C800C97140016
(1779048022.276341) can0 3AD#0000000000009714
(1779048022.277335) can0 4AD#EB00000000000000
(1779048022.278335) can0 76A#7F00000000000000
(1779048022.339997) can0 0000E005#16D2430003B60591
(1779048022.340584) can0 1806E5F4#13EC010003B6023A
(1779048022.341435) can0 0000E000#13EC13EC020F0000
(1779048022.342400) can0 0000E004#171703B603B601E4
(1779048022.343416) can0 0000E006#0CDF0CDD0CDF0CDF
(1779048022.344429) can0 0000E007#0CDF0CDF0CDF0CDF
(1779048022.345408) can0 0000E008#0CDF0CDF0CDD0CDF
(1779048022.346409) can0 0000E009#0CDF0CDF0CDF0CE0
(1779048022.347441) can0 0000E010#0000000000000000
(1779048022.348434) can0 0000E011#0000000000000000
(1779048022.349434) can0 0000E012#0CDE000200000000
(1779048022.350448) can0 0000F001#0000000000000000
(1779048022.351429) can0 18FF28F4#10330000020F0000
(1779048022.352416) can0 18FE28F4#0CE00CDD3F3F0000
(1779048022.353409) can0 18FD28F4#16D2FA6F00000000
(1779048022.354324) can0 4D4#000033007D0F0203
(1779048022.355327) can0 4D5#DD0CE00C3F3F0000
(1779048022.356404) can0 18914010#0CE0100CDD020000
(1779048022.357417) can0 18904010#020F020F753001FE
(1779048022.358410) can0 18FA28F4#E23DA12C10270000
(1779048022.359416) can0 18FB28F4#E00CDD0C3F3F0000
(1779048022.360429) can0 18FC28F4#383300000F020000
(1779048022.361398) can0 18F810F3#0F02E80333640100
(1779048022.362443) can0 18F815F3#0000000010030000
(1779048022.363328) can0 273#000000000F023300
(1779048022.364321) can0 1E1#020F271001FE01FE
(1779048022.365352) can0 1F5#0000000000000000
(1779048022.366446) can0 0800A6A9#0000000000000000
(1779048022.367399) can0 1000A6A9#0F02881333494949
(1779048022.368430) can0 1C00A6A9#0000000000030000
(1779048022.369443) can0 02018100#1003020F00000000
(1779048022.370418) can0 02028100#0000003364000000
(1779048022.371424) can0 02038100#0CE001100CDD0102
(1779048022.372417) can0 02048100#4901014901010000
(1779048022.373303) can0 1AD#9714000059331717
(1779048022.374348) can0 2AD#E00C800C97140016
(1779048022.375329) can0 3AD#0000000000009714
(1779048022.376342) can0 4AD#EB00000000000000
(1779048022.377336) can0 76A#7F00000000000000
(1779048022.439986) can0 0000E005#16D2430003B60591
(1779048022.440572) can0 1806E5F4#13EC010003B6023A
(1779048022.441443) can0 0000E000#13EC13EC020F0000
(1779048022.442404) can0 0000E004#171703B603B601E4
(1779048022.443430) can0 0000E006#0CDF0CDD0CDD0CDF
(1779048022.444417) can0 0000E007#0CDD0CDF0CDF0CDF
(1779048022.445417) can0 0000E008#0CDF0CDF0CDF0CDF
(1779048022.446411) can0 0000E009#0CDF0CDF0CDF0CE0
(1779048022.447443) can0 0000E010#0000000000000000
(1779048022.448442) can0 0000E011#0000000000000000
(1779048022.449436) can0 0000E012#0CDE000200000000
(1779048022.450436) can0 0000F001#0000000000000000
(1779048022.451460) can0 18FF28F4#10330000020F0000
(1779048022.452418) can0 18FE28F4#0CE00CDD3F3F0000
(1779048022.453411) can0 18FD28F4#16D2FA6F00000000
(1779048022.454329) can0 4D4#000033007D0F0203
(1779048022.455309) can0 4D5#DD0CE00C3F3F0000
(1779048022.456404) can0 18914010#0CE0100CDD020000
(1779048022.457424) can0 18904010#020F020F753001FE
(1779048022.458405) can0 18FA28F4#E23DA12C10270000
(1779048022.459450) can0 18FB28F4#E00CDD0C3F3F0000
(1779048022.460431) can0 18FC28F4#383300000F020000
(1779048022.461398) can0 18F810F3#0F02E80333640100
(1779048022.462447) can0 18F815F3#0000000010030000
(1779048022.463327) can0 273#000000000F023300
(1779048022.464324) can0 1E1#020F271001FE01FE
(1779048022.465355) can0 1F5#0000000000000000
(1779048022.466431) can0 0800A6A9#0000000000000000
(1779048022.467441) can0 1000A6A9#0F02881333494949
(1779048022.468432) can0 1C00A6A9#0000000000030000
(1779048022.469444) can0 02018100#1003020F00000000
(1779048022.470425) can0 02028100#0000003364000000
(1779048022.471425) can0 02038100#0CE001100CDD0102
(1779048022.472419) can0 02048100#4901014901010000
(1779048022.473304) can0 1AD#9714000059331717
(1779048022.474317) can0 2AD#E00C800C97140016
(1779048022.475325) can0 3AD#0000000000009714
(1779048022.476342) can0 4AD#EB00000000000000
(1779048022.477337) can0 76A#7F00000000000000
(1779048022.539952) can0 0000E005#16D2430003B60591
(1779048022.540534) can0 1806E5F4#13EC010003B6023A
(1779048022.541437) can0 0000E000#13EC13EC020F0000
(1779048022.542406) can0 0000E004#171703B603B601E4
(1779048022.543405) can0 0000E006#0CDF0CDD0CDD0CDF
(1779048022.544450) can0 0000E007#0CDD0CDF0CDF0CDF
(1779048022.545411) can0 0000E008#0CDF0CDF0CDF0CDF
(1779048022.546413) can0 0000E009#0CDF0CDF0CDF0CE0
(1779048022.547443) can0 0000E010#0000000000000000
(1779048022.548437) can0 0000E011#0000000000000000
(1779048022.549438) can0 0000E012#0CDE000200000000
(1779048022.550437) can0 0000F001#0000000000000000
(1779048022.551431) can0 18FF28F4#10330000020F0000
(1779048022.552408) can0 18FE28F4#0CE00CDD3F3F0000
(1779048022.553412) can0 18FD28F4#16D2FA6F00000000
(1779048022.554330) can0 4D4#000033007D0F0203
(1779048022.555310) can0 4D5#DD0CE00C3F3F0000
(1779048022.556406) can0 18914010#0CE0100CDD020000
(1779048022.557419) can0 18904010#020F020F753001FE
(1779048022.558400) can0 18FA28F4#E23DA12C10270000
(1779048022.559412) can0 18FB28F4#E00CDD0C3F3F0000
(1779048022.560422) can0 18FC28F4#383300000F020000
(1779048022.561394) can0 18F810F3#0F02E80333640100
(1779048022.562425) can0 18F815F3#0000000010030000
(1779048022.563327) can0 273#000000000F023300
(1779048022.564320) can0 1E1#020F271001FE01FE
(1779048022.565337) can0 1F5#0000000000000000
(1779048022.566432) can0 0800A6A9#0000000000000000
(1779048022.567401) can0 1000A6A9#0F02881333494949
(1779048022.568425) can0 1C00A6A9#0000000000030000
(1779048022.569445) can0 02018100#1003020F00000000
(1779048022.570427) can0 02028100#0000003364000000
(1779048022.571407) can0 02038100#0CE001100CDD0102
(1779048022.572416) can0 02048100#4901014901010000
(1779048022.573299) can0 1AD#9714000059331717
(1779048022.574312) can0 2AD#E00C800C97140016
(1779048022.575324) can0 3AD#0000000000009714
(1779048022.576333) can0 4AD#EB00000000000000
(1779048022.577337) can0 76A#7F00000000000000
(1779048022.659954) can0 0000E005#16D2430003B60591
(1779048022.660544) can0 1806E5F4#13EC010003B6023A
(1779048022.661427) can0 0000E000#13EC13EC020F0000
(1779048022.662408) can0 0000E004#171703B603B601E4
(1779048022.663402) can0 0000E006#0CDF0CDD0CDD0CDF
(1779048022.664420) can0 0000E007#0CDF0CDF0CDF0CDF
(1779048022.665407) can0 0000E008#0CDF0CDF0CDF0CDF
(1779048022.666427) can0 0000E009#0CDF0CDF0CDF0CE0
(1779048022.667446) can0 0000E010#0000000000000000
(1779048022.668440) can0 0000E011#0000000000000000
(1779048022.669416) can0 0000E012#0CDE000200000000
(1779048022.670390) can0 0000E013#4542323630354C43
(1779048022.671421) can0 0000E014#3134323300000000
(1779048022.672435) can0 0000E015#0000000000000003
(1779048022.673446) can0 0000F000#0000000000000000
(1779048022.674459) can0 0000F001#0000000000000000
(1779048022.675428) can0 18FF28F4#10330000020F0000
(1779048022.676409) can0 18FE28F4#0CE00CDD3F3F0000
(1779048022.677401) can0 18FD28F4#16D2FA6F00000000
(1779048022.678326) can0 4D4#000033007D0F0203
(1779048022.679319) can0 4D5#DD0CE00C3F3F0000
(1779048022.680402) can0 18914010#0CE0100CDD020000
(1779048022.681409) can0 18904010#020F020F753001FE
(1779048022.682441) can0 18924010#3F013F0100000000
(1779048022.683409) can0 18934010#000000270000BD42
(1779048022.684421) can0 18944010#1003000000000000
(1779048022.685443) can0 18954010#0000000000000000
(1779048022.686463) can0 18954010#0100000000000000
(1779048022.687440) can0 18954010#0200000000000000
(1779048022.688432) can0 18954010#0300000000000000
(1779048022.689424) can0 18954010#0400000000000000
(1779048022.690473) can0 18954010#0500000000000000
(1779048022.691422) can0 18964010#003F3F3F00000000
(1779048022.692435) can0 18974010#0000000000000000
(1779048022.693426) can0 18984010#0000000000000000
(1779048022.694397) can0 18FA28F4#E23DA12C10270000
(1779048022.695410) can0 18FB28F4#E00CDD0C3F3F0000
(1779048022.696422) can0 18FC28F4#383300000F020000
(1779048022.697404) can0 18F810F3#0F02E80333640100
(1779048022.698449) can0 18F811F3#E00C1001DD0C0201
(1779048022.699410) can0 18F812F3#3F01013F01010000
(1779048022.700422) can0 18F813F3#0101000000000000
(1779048022.701402) can0 18F814F3#3200BA1AA9015F00
(1779048022.702435) can0 18F815F3#0000000010030000
(1779048022.703334) can0 273#000000000F023300
(1779048022.704315) can0 1E1#020F271001FE01FE
(1779048022.705342) can0 1F5#0000000000000000
(1779048022.706424) can0 0800A6A9#0000000000000000
(1779048022.707385) can0 1000A6A9#0F02881333494949
(1779048022.708417) can0 1C00A6A9#0000000000030000
(1779048022.709431) can0 02018100#1003020F00000000
(1779048022.710430) can0 02028100#0000003364000000
(1779048022.711411) can0 02038100#0CE001100CDD0102
(1779048022.712404) can0 02048100#4901014901010000
(1779048022.713304) can0 1AD#9714000059331717
(1779048022.714302) can0 2AD#E00C800C97140016
(1779048022.715322) can0 3AD#0000000000009714
(1779048022.716334) can0 4AD#EB00000000000000
(1779048022.717328) can0 76A#7F00000000000000
(1779048022.775950) can0 0000E005#16D2430003B60591
(1779048022.776540) can0 1806E5F4#13EC010003B6023A
(1779048022.777423) can0 0000E000#13EC13EC020F0000
(1779048022.778404) can0 0000E004#171703B603B601E4
(1779048022.779403) can0 0000E006#0CDF0CDD0CDD0CDF
(1779048022.780416) can0 0000E007#0CDF0CDF0CDF0CDF
(1779048022.781410) can0 0000E008#0CDF0CDF0CDF0CDF
(1779048022.782409) can0 0000E009#0CDF0CDF0CDF0CE0
(1779048022.783441) can0 0000E010#0000000000000000
(1779048022.784435) can0 0000E011#0000000000000000
(1779048022.785416) can0 0000E012#0CDE000200000000
(1779048022.786425) can0 0000F001#0000000000000000
(1779048022.787429) can0 18FF28F4#10330000020F0000
(1779048022.788410) can0 18FE28F4#0CE00CDD3F3F0000
(1779048022.789410) can0 18FD28F4#16D2FA6F00000000
(1779048022.790328) can0 4D4#000033007D0F0203
(1779048022.791308) can0 4D5#DD0CE00C3F3F0000
(1779048022.792404) can0 18914010#0CE0100CDD020000
(1779048022.793417) can0 18904010#020F020F753001FE
(1779048022.794394) can0 18FA28F4#E23DA12C10270000
(1779048022.795411) can0 18FB28F4#E00CDD0C3F3F0000
(1779048022.796411) can0 18FC28F4#383300000F020000
(1779048022.797392) can0 18F810F3#0F02E80333640100
(1779048022.798418) can0 18F815F3#0000000010030000
(1779048022.799322) can0 273#000000000F023300
(1779048022.800322) can0 1E1#020F271001FE01FE
(1779048022.801334) can0 1F5#0000000000000000
(1779048022.802430) can0 0800A6A9#0000000000000000
(1779048022.803398) can0 1000A6A9#0F02881333494949
(1779048022.804424) can0 1C00A6A9#0000000000030000
(1779048022.805442) can0 02018100#1003020F00000000
(1779048022.806418) can0 02028100#0000003364000000
(1779048022.807405) can0 02038100#0CE001100CDD0102
(1779048022.808417) can0 02048100#4901014901010000
(1779048022.809296) can0 1AD#9714000059331717
(1779048022.810304) can0 2AD#E00C800C97140016
(1779048022.811322) can0 3AD#0000000000009714
(1779048022.812336) can0 4AD#EB00000000000000
(1779048022.813335) can0 76A#7F00000000000000
(1779048022.876004) can0 0000E005#16D2430003B60591
(1779048022.876592) can0 1806E5F4#13EC010003B6023A
(1779048022.877423) can0 0000E000#13EC13EC020F0000
(1779048022.878410) can0 0000E004#171703B603B601E4
(1779048022.879400) can0 0000E006#0CDF0CDD0CDD0CDF
(1779048022.880417) can0 0000E007#0CDF0CDF0CDF0CDF
(1779048022.881416) can0 0000E008#0CDF0CDF0CDF0CDF
(1779048022.882417) can0 0000E009#0CDF0CDF0CDF0CE0
(1779048022.883440) can0 0000E010#0000000000000000
(1779048022.884430) can0 0000E011#0000000000000000
(1779048022.885423) can0 0000E012#0CDE000200000000
(1779048022.886443) can0 0000F001#0000000000000000
(1779048022.887424) can0 18FF28F4#10330000020F0000
(1779048022.888405) can0 18FE28F4#0CE00CDD3F3F0000
(1779048022.889418) can0 18FD28F4#16D2FA6F00000000
(1779048022.890322) can0 4D4#000033007D0F0203
(1779048022.891311) can0 4D5#DD0CE00C3F3F0000
(1779048022.892398) can0 18914010#0CE0100CDD020000
(1779048022.893411) can0 18904010#020F020F753001FE
(1779048022.894405) can0 18FA28F4#E23DA12C10270000
(1779048022.895402) can0 18FB28F4#E00CDD0C3F3F0000
(1779048022.896417) can0 18FC28F4#383300000F020000
(1779048022.897419) can0 18F810F3#0F02E80333640100
(1779048022.898431) can0 18F815F3#0000000010030000
(1779048022.899335) can0 273#000000000F023300
(1779048022.900317) can0 1E1#020F271001FE01FE
(1779048022.901342) can0 1F5#0000000000000000
(1779048022.902424) can0 0800A6A9#0000000000000000
(1779048022.903387) can0 1000A6A9#0F02881333494949
(1779048022.904418) can0 1C00A6A9#0000000000030000
(1779048022.905463) can0 02018100#1003020F00000000
(1779048022.906412) can0 02028100#0000003364000000
(1779048022.907412) can0 02038100#0CE001100CDD0102
(1779048022.908406) can0 02048100#4901014901010000
(1779048022.909311) can0 1AD#9714000059331717
(1779048022.910305) can0 2AD#E00C800C97140016
(1779048022.911336) can0 3AD#0000000000009714
(1779048022.912330) can0 4AD#EB00000000000000
(1779048022.913375) can0 76A#7F00000000000000
(1779048022.975955) can0 0000E005#16D2430003B60591
(1779048022.976551) can0 1806E5F4#13EC010003B6023A
(1779048022.977437) can0 0000E000#13EC13EC020F0000
(1779048022.978398) can0 0000E004#171703B603B601E4
(1779048022.979409) can0 0000E006#0CDF0CDF0CDF0CDD
(1779048022.980411) can0 0000E007#0CDF0CDF0CDF0CDF
(1779048022.981412) can0 0000E008#0CDF0CDF0CDF0CDD
(1779048022.982424) can0 0000E009#0CDF0CDD0CDD0CE0
(1779048022.983437) can0 0000E010#0000000000000000
(1779048022.984437) can0 0000E011#0000000000000000
(1779048022.985430) can0 0000E012#0CDE000200000000
(1779048022.986431) can0 0000F001#0000000000000000
(1779048022.987423) can0 18FF28F4#10330000020F0000
(1779048022.988412) can0 18FE28F4#0CE00CDD3F3F0000
(1779048022.989412) can0 18FD28F4#16D2FA6F00000000
(1779048022.990361) can0 4D4#000033007D0F0203
(1779048022.991317) can0 4D5#DD0CE00C3F3F0000
(1779048022.992400) can0 18914010#0CE0100CDD040000
(1779048022.993418) can0 18904010#020F020F753001FE
(1779048022.994400) can0 18FA28F4#E23DA12C10270000
(1779048022.995413) can0 18FB28F4#E00CDD0C3F3F0000
(1779048022.996412) can0 18FC28F4#383300000F020000
(1779048022.997394) can0 18F810F3#0F02E80333640100
(1779048022.998470) can0 18F815F3#0000000010030000
(1779048022.999317) can0 273#000000000F023300
(1779048023.000324) can0 1E1#020F271001FE01FE
(1779048023.001336) can0 1F5#0000000000000000
(1779048023.002414) can0 0800A6A9#0000000000000000
(1779048023.003372) can0 1000A6A9#0F02881333494949
(1779048023.004413) can0 1C00A6A9#0000000000030000
(1779048023.005426) can0 02018100#1003020F00000000
(1779048023.006426) can0 02028100#0000003364000000
(1779048023.007400) can0 02038100#0CE001100CDD0104
(1779048023.008401) can0 02048100#4901014901010000
(1779048023.009298) can0 1AD#9714000059331717
(1779048023.010312) can0 2AD#E00C800C97140016
(1779048023.011318) can0 3AD#0000000000009714
(1779048023.012325) can0 4AD#EB00000000000000
(1779048023.013337) can0 76A#7F00000000000000
(1779048023.075965) can0 0000E005#16D2430003B60591
(1779048023.076542) can0 1806E5F4#13EC010003B6023A
(1779048023.077425) can0 0000E000#13EC13EC020F0000
(1779048023.078394) can0 0000E004#171703B603B601E4
(1779048023.079406) can0 0000E006#0CDF0CDF0CDF0CDD
(1779048023.080419) can0 0000E007#0CDF0CDF0CDF0CDF
(1779048023.081399) can0 0000E008#0CDF0CDF0CDF0CDD
(1779048023.082400) can0 0000E009#0CDF0CDD0CDD0CE0
(1779048023.083431) can0 0000E010#0000000000000000
(1779048023.084422) can0 0000E011#0000000000000000
(1779048023.085425) can0 0000E012#0CDE000200000000
(1779048023.086438) can0 0000F001#0000000000000000
(1779048023.087426) can0 18FF28F4#10330000020F0000
(1779048023.088400) can0 18FE28F4#0CE00CDD3F3F0000
(1779048023.089399) can0 18FD28F4#16D2FA6F00000000
(1779048023.090317) can0 4D4#000033007D0F0203
(1779048023.091317) can0 4D5#DD0CE00C3F3F0000
(1779048023.092394) can0 18914010#0CE0100CDD040000
(1779048023.093413) can0 18904010#020F020F753001FE
(1779048023.094407) can0 18FA28F4#E23DA12C10270000
(1779048023.095407) can0 18FB28F4#E00CDD0C3F3F0000
(1779048023.096416) can0 18FC28F4#383300000F020000
(1779048023.097388) can0 18F810F3#0F02E80333640100
(1779048023.098434) can0 18F815F3#0000000010030000
(1779048023.099318) can0 273#000000000F023300
(1779048023.100310) can0 1E1#020F271001FE01FE
(1779048023.101331) can0 1F5#0000000000000000
(1779048023.102426) can0 0800A6A9#0000000000000000
(1779048023.103388) can0 1000A6A9#0F02881333494949
(1779048023.104420) can0 1C00A6A9#0000000000030000
(1779048023.105433) can0 02018100#1003020F00000000
(1779048023.106414) can0 02028100#0000003364000000
(1779048023.107414) can0 02038100#0CE001100CDD0104
(1779048023.108409) can0 02048100#4901014901010000
(1779048023.109294) can0 1AD#9714000059331717
(1779048023.110307) can0 2AD#E00C800C97140016
(1779048023.111319) can0 3AD#0000000000009714
(1779048023.112326) can0 4AD#EB00000000000000
(1779048023.113332) can0 76A#7F00000000000000
(1779048023.192951) can0 0000E005#16D2430003B60591
(1779048023.193542) can0 1806E5F4#13EC010003B6023A
(1779048023.194428) can0 0000E000#13EC13EC020F0000
(1779048023.195389) can0 0000E004#171703B603B601E4
(1779048023.196407) can0 0000E006#0CDF0CDD0CDF0CDF
(1779048023.197421) can0 0000E007#0CDF0CDF0CDF0CDF
(1779048023.198416) can0 0000E008#0CDF0CDF0CDF0CDF
(1779048023.199401) can0 0000E009#0CDF0CDF0CDF0CE0
(1779048023.200427) can0 0000E010#0000000000000000
(1779048023.201427) can0 0000E011#0000000000000000
(1779048023.202417) can0 0000E012#0CDE000200000000
(1779048023.203376) can0 0000E013#4542323630354C43
(1779048023.204402) can0 0000E014#3134323300000000
(1779048023.205452) can0 0000E015#0000000000000003
(1779048023.206434) can0 0000F000#0000000000000000
(1779048023.207428) can0 0000F001#0000000000000000
(1779048023.208428) can0 18FF28F4#10330000020F0000
(1779048023.209396) can0 18FE28F4#0CE00CDD3F3F0000
(1779048023.210402) can0 18FD28F4#16D2FA6F00000000
(1779048023.211326) can0 4D4#000033007D0F0203
(1779048023.212308) can0 4D5#DD0CE00C3F3F0000
(1779048023.213415) can0 18914010#0CE0100CDD020000
(1779048023.214395) can0 18904010#020F020F753001FE
(1779048023.215416) can0 18924010#3F013F0100000000
(1779048023.216397) can0 18934010#000000280000BD42
(1779048023.217409) can0 18944010#1003000000000000
(1779048023.218441) can0 18954010#0000000000000000
(1779048023.219435) can0 18954010#0100000000000000
(1779048023.220422) can0 18954010#0200000000000000
(1779048023.221467) can0 18954010#0300000000000000
(1779048023.222426) can0 18954010#0400000000000000
(1779048023.223410) can0 18954010#0500000000000000
(1779048023.224429) can0 18964010#003F3F3F00000000
(1779048023.225422) can0 18974010#0000000000000000
(1779048023.226419) can0 18984010#0000000000000000
(1779048023.227397) can0 18FA28F4#E23DA12C10270000
(1779048023.228397) can0 18FB28F4#E00CDD0C3F3F0000
(1779048023.229455) can0 18FC28F4#383300000F020000
(1779048023.230391) can0 18F810F3#0F02E80333640100
(1779048023.231404) can0 18F811F3#E00C1001DD0C0201
(1779048023.232417) can0 18F812F3#3F01013F01010000
(1779048023.233430) can0 18F813F3#0101000000000000
(1779048023.234388) can0 18F814F3#3200BA1AA9015F00
(1779048023.235424) can0 18F815F3#0000000010030000
(1779048023.236321) can0 273#000000000F023300
(1779048023.237316) can0 1E1#020F271001FE01FE
(1779048023.238328) can0 1F5#0000000000000000
(1779048023.239425) can0 0800A6A9#0000000000000000
(1779048023.240393) can0 1000A6A9#0F02881333494949
(1779048023.241418) can0 1C00A6A9#0000000000030000
(1779048023.242437) can0 02018100#1003020F00000000
(1779048023.243418) can0 02028100#0000003364000000
(1779048023.244398) can0 02038100#0CE001100CDD0102
(1779048023.245411) can0 02048100#4901014901010000
(1779048023.246297) can0 1AD#9714000059331717
(1779048023.247310) can0 2AD#E00C800C97140016
(1779048023.248323) can0 3AD#0000000000009714
(1779048023.249335) can0 4AD#EB00000000000000
(1779048023.250329) can0 76A#7F00000000000000
(1779048023.308989) can0 0000E005#16D2430003B60591
(1779048023.309579) can0 1806E5F4#13EC010003B6023A
(1779048023.310417) can0 0000E000#13EC13EC020F0000
(1779048023.311396) can0 0000E004#171703B603B601E4
(1779048023.312391) can0 0000E006#0CDF0CDD0CDF0CDF
(1779048023.313410) can0 0000E007#0CDF0CDF0CDF0CDF
(1779048023.314404) can0 0000E008#0CDF0CDF0CDF0CDF
(1779048023.315405) can0 0000E009#0CDF0CDF0CDF0CE0
(1779048023.316438) can0 0000E010#0000000000000000
(1779048023.317430) can0 0000E011#0000000000000000
(1779048023.318411) can0 0000E012#0CDE000200000000
(1779048023.319426) can0 0000F001#0000000000000000
(1779048023.320423) can0 18FF28F4#10330000020F0000
(1779048023.321404) can0 18FE28F4#0CE00CDD3F3F0000
(1779048023.322404) can0 18FD28F4#16D2FA6F00000000
(1779048023.323321) can0 4D4#000033007D0F0203
(1779048023.324321) can0 4D5#DD0CE00C3F3F0000
(1779048023.325398) can0 18914010#0CE0100CDD020000
(1779048023.326411) can0 18904010#020F020F753001FE
(1779048023.327387) can0 18FA28F4#E23DA12C10270000
(1779048023.328410) can0 18FB28F4#E00CDD0C3F3F0000
(1779048023.329405) can0 18FC28F4#383300000F020000
(1779048023.330387) can0 18F810F3#0F02E80333640100
(1779048023.331411) can0 18F815F3#0000000010030000
(1779048023.332316) can0 273#000000000F023300
(1779048023.333316) can0 1E1#020F271001FE01FE
(1779048023.334349) can0 1F5#0000000000000000
(1779048023.335424) can0 0800A6A9#0000000000000000
(1779048023.336393) can0 1000A6A9#0F02881333494949
(1779048023.337406) can0 1C00A6A9#0000000000030000
(1779048023.338437) can0 02018100#1003020F00000000
(1779048023.339411) can0 02028100#0000003364000000
(1779048023.340399) can0 02038100#0CE001100CDD0102
(1779048023.341412) can0 02048100#4901014901010000
(1779048023.342304) can0 1AD#9714000059331717
(1779048023.343304) can0 2AD#E00C800C97140016
(1779048023.344316) can0 3AD#0000000000009714
(1779048023.345330) can0 4AD#EB00000000000000
(1779048023.346332) can0 76A#7F00000000000000
(1779048023.408941) can0 0000E005#16D2430003B60591
(1779048023.409526) can0 1806E5F4#13EC010003B6023A
(1779048023.410410) can0 0000E000#13EC13EC020F0000
(1779048023.411392) can0 0000E004#171703B603B601E4
(1779048023.412386) can0 0000E006#0CDF0CDD0CDF0CDF
(1779048023.413404) can0 0000E007#0CDF0CDF0CDF0CDF
(1779048023.414405) can0 0000E008#0CDF0CDF0CDF0CDF
(1779048023.415398) can0 0000E009#0CDF0CDF0CDF0CE0
(1779048023.416424) can0 0000E010#0000000000000000
(1779048023.417431) can0 0000E011#0000000000000000
(1779048023.418431) can0 0000E012#0CDE000200000000
(1779048023.419424) can0 0000F001#0000000000000000
(1779048023.420424) can0 18FF28F4#10330000020F0000
(1779048023.421405) can0 18FE28F4#0CE00CDD3F3F0000
(1779048023.422405) can0 18FD28F4#16D2FA6F00000000
(1779048023.423316) can0 4D4#000033007D0F0203
(1779048023.424310) can0 4D5#DD0CE00C3F3F0000
(1779048023.425393) can0 18914010#0CE0100CDD020000
(1779048023.426413) can0 18904010#020F020F753001FE
(1779048023.427393) can0 18FA28F4#E23DA12C10270000
(1779048023.428402) can0 18FB28F4#E00CDD0C3F3F0000
(1779048023.429405) can0 18FC28F4#383300000F020000
(1779048023.430387) can0 18F810F3#0F02E80333640100
(1779048023.431419) can0 18F815F3#0000000010030000
(1779048023.432311) can0 273#000000000F023300
(1779048023.433311) can0 1E1#020F271001FE01FE
(1779048023.434343) can0 1F5#0000000000000000
(1779048023.435425) can0 0800A6A9#0000000000000000
(1779048023.436402) can0 1000A6A9#0F02881333494949
(1779048023.437400) can0 1C00A6A9#0000000000030000
(1779048023.438433) can0 02018100#1003020F00000000
(1779048023.439413) can0 02028100#0000003364000000
(1779048023.440388) can0 02038100#0CE001100CDD0102
(1779048023.441407) can0 02048100#4901014901010000
(1779048023.442312) can0 1AD#9714000059331717
(1779048023.443311) can0 2AD#E00C800C97140016
(1779048023.444343) can0 3AD#0000000000009714
(1779048023.445324) can0 4AD#EB00000000000000
(1779048023.446319) can0 76A#7F00000000000000
(1779048023.508937) can0 0000E005#16D2430003B60591
(1779048023.509522) can0 1806E5F4#13EC010003B6023A
(1779048023.510412) can0 0000E000#13EC13EC020F0000
(1779048023.511393) can0 0000E004#171703B603B601E4
(1779048023.512406) can0 0000E006#0CDF0CDF0CDF0CDF
(1779048023.513432) can0 0000E007#0CDF0CDF0CDF0CDF
(1779048023.514400) can0 0000E008#0CDF0CDF0CDF0CDF
(1779048023.515399) can0 0000E009#0CDF0CDF0CDF0CE0
(1779048023.516425) can0 0000E010#0000000000000000
(1779048023.517425) can0 0000E011#0000000000000000
(1779048023.518407) can0 0000E012#0CDF000000000000
(1779048023.519420) can0 0000F001#0000000000000000
(1779048023.520419) can0 18FF28F4#10330000020F0000
(1779048023.521409) can0 18FE28F4#0CE00CDF3F3F0000
(1779048023.522400) can0 18FD28F4#16D2FA6F00000000
(1779048023.523317) can0 4D4#000033007D0F0203
(1779048023.524317) can0 4D5#DF0CE00C3F3F0000
(1779048023.525403) can0 18914010#0CE0100CDF010000
(1779048023.526407) can0 18904010#020F020F753001FE
(1779048023.527400) can0 18FA28F4#E23DA12C10270000
(1779048023.528400) can0 18FB28F4#E00CDF0C3F3F0000
(1779048023.529445) can0 18FC28F4#383300000F020000
(1779048023.530382) can0 18F810F3#0F02E80333640100
(1779048023.531426) can0 18F815F3#0000000010030000
(1779048023.532317) can0 273#000000000F023300
(1779048023.533318) can0 1E1#020F271001FE01FE
(1779048023.534337) can0 1F5#0000000000000000
(1779048023.535415) can0 0800A6A9#0000000000000000
(1779048023.536382) can0 1000A6A9#0F02881333494949
(1779048023.537458) can0 1C00A6A9#0000000000030000
(1779048023.538427) can0 02018100#1003020F00000000
(1779048023.539407) can0 02028100#0000003364000000
(1779048023.540401) can0 02038100#0CE001100CDF0101
(1779048023.541401) can0 02048100#4901014901010000
(1779048023.542319) can0 1AD#9814000059331717
(1779048023.543318) can0 2AD#E00C800C98140016
(1779048023.544319) can0 3AD#0000000000009814
(1779048023.545332) can0 4AD#EB00000000000000
(1779048023.546332) can0 76A#7F00000000000000
(1779048023.608980) can0 0000E005#16D2430003B60591
(1779048023.609565) can0 1806E5F4#13EC010003B6023A
(1779048023.610414) can0 0000E000#13EC13EC020F0000
(1779048023.611400) can0 0000E004#171703B603B601E4
(1779048023.612393) can0 0000E006#0CDF0CDF0CDF0CDF
(1779048023.613406) can0 0000E007#0CDF0CDF0CDF0CDF
(1779048023.614457) can0 0000E008#0CDF0CDF0CDF0CDF
(1779048023.615406) can0 0000E009#0CDF0CDF0CDF0CE0
(1779048023.616419) can0 0000E010#0000000000000000
(1779048023.617415) can0 0000E011#0000000000000000
(1779048023.618413) can0 0000E012#0CDF000000000000
(1779048023.619426) can0 0000F001#0000000000000000
(1779048023.620407) can0 18FF28F4#10330000020F0000
(1779048023.621386) can0 18FE28F4#0CE00CDF3F3F0000
(1779048023.622388) can0 18FD28F4#16D2FA6F00000000
(1779048023.623325) can0 4D4#000033007D0F0203
(1779048023.624325) can0 4D5#DF0CE00C3F3F0000
(1779048023.625401) can0 18914010#0CE0100CDF010000
(1779048023.626395) can0 18904010#020F020F753001FE
(1779048023.627395) can0 18FA28F4#E23DA12C10270000
(1779048023.628395) can0 18FB28F4#E00CDF0C3F3F0000
(1779048023.629401) can0 18FC28F4#383300000F020000
(1779048023.630389) can0 18F810F3#0F02E80333640100
(1779048023.631420) can0 18F815F3#0000000010030000
(1779048023.632325) can0 273#000000000F023300
(1779048023.633325) can0 1E1#020F271001FE01FE
(1779048023.634326) can0 1F5#0000000000000000
(1779048023.635421) can0 0800A6A9#0000000000000000
(1779048023.636370) can0 1000A6A9#0F02881333494949
(1779048023.637401) can0 1C00A6A9#0000000000030000
(1779048023.638414) can0 02018100#1003020F00000000
(1779048023.639414) can0 02028100#0000003364000000
(1779048023.640408) can0 02038100#0CE001100CDF0101
(1779048023.641402) can0 02048100#4901014901010000
(1779048023.642326) can0 1AD#9814000059331717
(1779048023.643326) can0 2AD#E00C800C98140016
(1779048023.644326) can0 3AD#0000000000009814
(1779048023.645326) can0 4AD#EB00000000000000
(1779048023.646327) can0 76A#7F00000000000000
(1779048023.745958) can0 0000E005#16D2430003B60591
(1779048023.746541) can0 1806E5F4#13EC010003B6023A
(1779048023.747404) can0 0000E000#13EC13EC020F0000
(1779048023.748390) can0 0000E004#171703B603B601E4
(1779048023.749403) can0 0000E006#0CDF0CDF0CDF0CDF
(1779048023.750404) can0 0000E007#0CDF0CDF0CDF0CDF
(1779048023.751395) can0 0000E008#0CDF0CDF0CDF0CDF
(1779048023.752429) can0 0000E009#0CDF0CDF0CDD0CE0
(1779048023.753430) can0 0000E010#0000000000000000
(1779048023.754424) can0 0000E011#0000000000000000
(1779048023.755403) can0 0000E012#0CDE000200000000
(1779048023.756378) can0 0000E013#4542323630354C43
(1779048023.757408) can0 0000E014#3134323300000000
(1779048023.758419) can0 0000E015#0000000000000003
(1779048023.759430) can0 0000F000#0000000000000000
(1779048023.760461) can0 0000F001#0000000000000000
(1779048023.761411) can0 18FF28F4#10330000020F0000
(1779048023.762392) can0 18FE28F4#0CE00CDD3F3F0000
(1779048023.763388) can0 18FD28F4#16D2FA6F00000000
(1779048023.764335) can0 4D4#000033007D0F0203
(1779048023.765335) can0 4D5#DD0CE00C3F3F0000
(1779048023.766380) can0 18914010#0CE0100CDD0F0000
(1779048023.767389) can0 18904010#020F020F753001FE
(1779048023.768456) can0 18924010#3F013F0100000000
(1779048023.769386) can0 18934010#000000290000BD42
(1779048023.770406) can0 18944010#1003000000000000
(1779048023.771430) can0 18954010#0000000000000000
(1779048023.772431) can0 18954010#0100000000000000
(1779048023.773412) can0 18954010#0200000000000000
(1779048023.774412) can0 18954010#0300000000000000
(1779048023.775419) can0 18954010#0400000000000000
(1779048023.776407) can0 18954010#0500000000000000
(1779048023.777419) can0 18964010#003F3F3F00000000
(1779048023.778419) can0 18974010#0000000000000000
(1779048023.779405) can0 18984010#0000000000000000
(1779048023.780393) can0 18FA28F4#E23DA12C10270000
(1779048023.781387) can0 18FB28F4#E00CDD0C3F3F0000
(1779048023.782400) can0 18FC28F4#383300000F020000
(1779048023.783380) can0 18F810F3#0F02E80333640100
(1779048023.784393) can0 18F811F3#E00C1001DD0C0F01
(1779048023.785406) can0 18F812F3#3F01013F01010000
(1779048023.786419) can0 18F813F3#0101000000000000
(1779048023.787382) can0 18F814F3#3200BA1AA9015F00
(1779048023.788412) can0 18F815F3#0000000010030000
(1779048023.789337) can0 273#000000000F023300
(1779048023.790337) can0 1E1#020F271001FE01FE
(1779048023.791336) can0 1F5#0000000000000000
(1779048023.792407) can0 0800A6A9#0000000000000000
(1779048023.793375) can0 1000A6A9#0F02881333494949
(1779048023.794407) can0 1C00A6A9#0000000000030000
(1779048023.795420) can0 02018100#1003020F00000000
(1779048023.796419) can0 02028100#0000003364000000
(1779048023.797401) can0 02038100#0CE001100CDD010F
(1779048023.798395) can0 02048100#4901014901010000
(1779048023.799337) can0 1AD#9714000059331717
(1779048023.800338) can0 2AD#E00C800C97140016
(1779048023.801338) can0 3AD#0000000000009714
(1779048023.802338) can0 4AD#EB00000000000000
(1779048023.803338) can0 76A#7F00000000000000
(1779048023.861938) can0 0000E005#16D2430003B60591
(1779048023.862530) can0 1806E5F4#13EC010003B6023A
(1779048023.863406) can0 0000E000#13EC13EC020F0000
(1779048023.864393) can0 0000E004#171703B603B601E4
(1779048023.865405) can0 0000E006#0CDF0CDF0CDF0CDF
(1779048023.866400) can0 0000E007#0CDF0CDF0CDF0CDF
(1779048023.867399) can0 0000E008#0CDF0CDF0CDF0CDF
(1779048023.868396) can0 0000E009#0CDF0CDF0CDD0CE0
(1779048023.869425) can0 0000E010#0000000000000000
(1779048023.870426) can0 0000E011#0000000000000000
(1779048023.871406) can0 0000E012#0CDE000200000000
(1779048023.872419) can0 0000F001#0000000000000000
(1779048023.873400) can0 18FF28F4#10330000020F0000
(1779048023.874401) can0 18FE28F4#0CE00CDD3F3F0000
(1779048023.875381) can0 18FD28F4#16D2FA6F00000000
(1779048023.876343) can0 4D4#000033007D0F0203
(1779048023.877343) can0 4D5#DD0CE00C3F3F0000
(1779048023.878388) can0 18914010#0CE0100CDD0F0000
(1779048023.879400) can0 18904010#020F020F753001FE
(1779048023.880389) can0 18FA28F4#E23DA12C10270000
(1779048023.881394) can0 18FB28F4#E00CDD0C3F3F0000
(1779048023.882426) can0 18FC28F4#383300000F020000
(1779048023.883388) can0 18F810F3#0F02E80333640100
(1779048023.884413) can0 18F815F3#0000000010030000
(1779048023.885343) can0 273#000000000F023300
(1779048023.886344) can0 1E1#020F271001FE01FE
(1779048023.887344) can0 1F5#0000000000000000
(1779048023.888401) can0 0800A6A9#0000000000000000
(1779048023.889382) can0 1000A6A9#0F02881333494949
(1779048023.890414) can0 1C00A6A9#0000000000030000
(1779048023.891414) can0 02018100#1003020F00000000
(1779048023.892405) can0 02028100#0000003364000000
(1779048023.893388) can0 02038100#0CE001100CDD010F
(1779048023.894389) can0 02048100#4901014901010000
(1779048023.895286) can0 1AD#9714000059331717
(1779048023.896344) can0 2AD#E00C800C97140016
(1779048023.897344) can0 3AD#0000000000009714
(1779048023.898344) can0 4AD#EB00000000000000
(1779048023.899345) can0 76A#7F00000000000000
(1779048023.961986) can0 0000E005#16D2430003B60591
(1779048023.962573) can0 1806E5F4#13EC010003B6023A
(1779048023.963407) can0 0000E000#13EC13EC020F0000
(1779048023.964387) can0 0000E004#171703B603B601E4
(1779048023.965403) can0 0000E006#0CDF0CDF0CDF0CDF
(1779048023.966401) can0 0000E007#0CDF0CDF0CDF0CDF
(1779048023.967413) can0 0000E008#0CDF0CDF0CDF0CDF
(1779048023.968382) can0 0000E009#0CDF0CDF0CDD0CE0
(1779048023.969427) can0 0000E010#0000000000000000
(1779048023.970408) can0 0000E011#0000000000000000
(1779048023.971407) can0 0000E012#0CDE000200000000
(1779048023.972425) can0 0000F001#0000000000000000
(1779048023.973404) can0 18FF28F4#10330000020F0000
(1779048023.974383) can0 18FE28F4#0CE00CDD3F3F0000
(1779048023.975414) can0 18FD28F4#16D2FA6F00000000
(1779048023.976352) can0 4D4#000033007D0F0203
(1779048023.977283) can0 4D5#DD0CE00C3F3F0000
(1779048023.978389) can0 18914010#0CE0100CDD0F0000
(1779048023.979389) can0 18904010#020F020F753001FE
(1779048023.980382) can0 18FA28F4#E23DA12C10270000
(1779048023.981375) can0 18FB28F4#E00CDD0C3F3F0000
(1779048023.982396) can0 18FC28F4#383300000F020000
(1779048023.983408) can0 18F810F3#0F02E80333640100
(1779048023.984408) can0 18F815F3#0000000010030000
(1779048023.985351) can0 273#000000000F023300
(1779048023.986351) can0 1E1#020F271001FE01FE
(1779048023.987351) can0 1F5#0000000000000000
(1779048023.988402) can0 0800A6A9#0000000000000000
(1779048023.989366) can0 1000A6A9#0F02881333494949
(1779048023.990402) can0 1C00A6A9#0000000000030000
(1779048023.991465) can0 02018100#1003020F00000000
(1779048023.992415) can0 02028100#0000003364000000
(1779048023.993391) can0 02038100#0CE001100CDD010F
(1779048023.994390) can0 02048100#4901014901010000
(1779048023.995287) can0 1AD#9714000059331717
(1779048023.996285) can0 2AD#E00C800C97140016
(1779048023.997352) can0 3AD#0000000000009714
(1779048023.998353) can0 4AD#EB00000000000000
(1779048023.999352) can0 76A#7F00000000000000
(1779048024.061930) can0 0000E005#16D2430003B60591
(1779048024.062517) can0 1806E5F4#13EC010003B6023A
(1779048024.063407) can0 0000E000#13EC13EC020F0000
(1779048024.064389) can0 0000E004#171703B603B601E4
(1779048024.065401) can0 0000E006#0CDF0CDF0CDF0CDF
(1779048024.066396) can0 0000E007#0CDF0CDF0CDF0CDF
(1779048024.067395) can0 0000E008#0CDF0CDF0CDF0CDF
(1779048024.068446) can0 0000E009#0CDF0CDF0CDF0CE0
(1779048024.069427) can0 0000E010#0000000000000000
(1779048024.070427) can0 0000E011#0000000000000000
(1779048024.071403) can0 0000E012#0CDF000000000000
(1779048024.072424) can0 0000F001#0000000000000000
(1779048024.073417) can0 18FF28F4#10330000020F0000
(1779048024.074398) can0 18FE28F4#0CE00CDF3F3F0000
(1779048024.075396) can0 18FD28F4#16D2FA6F00000000
(1779048024.076358) can0 4D4#000033007D0F0203
(1779048024.077358) can0 4D5#DF0CE00C3F3F0000
(1779048024.078389) can0 18914010#0CE0100CDF010000
(1779048024.079396) can0 18904010#020F020F753001FE
(1779048024.080390) can0 18FA28F4#E23DA12C10270000
(1779048024.081390) can0 18FB28F4#E00CDF0C3F3F0000
(1779048024.082403) can0 18FC28F4#383300000F020000
(1779048024.083384) can0 18F810F3#0F02E80333640100
(1779048024.084416) can0 18F815F3#0000000010030000
(1779048024.085358) can0 273#000000000F023300
(1779048024.086359) can0 1E1#020F271001FE01FE
(1779048024.087359) can0 1F5#0000000000000000
(1779048024.088409) can0 0800A6A9#0000000000000000
(1779048024.089378) can0 1000A6A9#0F02881333494949
(1779048024.090406) can0 1C00A6A9#0000000000030000
(1779048024.091422) can0 02018100#1003020F00000000
(1779048024.092403) can0 02028100#0000003364000000
(1779048024.093403) can0 02038100#0CE001100CDF0101
(1779048024.094397) can0 02048100#4901014901010000
(1779048024.095295) can0 1AD#9814000059331717
(1779048024.096288) can0 2AD#E00C800C98140016
(1779048024.097359) can0 3AD#0000000000009814
(1779048024.098360) can0 4AD#EB00000000000000
(1779048024.099359) can0 76A#7F00000000000000
(1779048024.161928) can0 0000E005#16D2430003B60591
(1779048024.162517) can0 1806E5F4#13EC010003B6023A
(1779048024.163395) can0 0000E000#13EC13EC020F0000
(1779048024.164383) can0 0000E004#171703B603B601E4
(1779048024.165395) can0 0000E006#0CDF0CDF0CDF0CDF
(1779048024.166398) can0 0000E007#0CDF0CDF0CDF0CDF
(1779048024.167396) can0 0000E008#0CDF0CDF0CDF0CDF
(1779048024.168389) can0 0000E009#0CDF0CDF0CDF0CE0
(1779048024.169422) can0 0000E010#0000000000000000
(1779048024.170422) can0 0000E011#0000000000000000
(1779048024.171396) can0 0000E012#0CDF000000000000
(1779048024.172415) can0 0000F001#0000000000000000
(1779048024.173410) can0 18FF28F4#10330000020F0000
(1779048024.174396) can0 18FE28F4#0CE00CDF3F3F0000
(1779048024.175388) can0 18FD28F4#16D2FA6F00000000
(1779048024.176306) can0 4D4#000033007D0F0203
(1779048024.177299) can0 4D5#DF0CE00C3F3F0000
(1779048024.178404) can0 18914010#0CE0100CDF010000
(1779048024.179397) can0 18904010#020F020F753001FE
(1779048024.180398) can0 18FA28F4#E23DA12C10270000
(1779048024.181391) can0 18FB28F4#E00CDF0C3F3F0000
(1779048024.182410) can0 18FC28F4#383300000F020000
(1779048024.183373) can0 18F810F3#0F02E80333640100
(1779048024.184416) can0 18F815F3#0000000010030000
(1779048024.185365) can0 273#000000000F023300
(1779048024.186303) can0 1E1#020F271001FE01FE
(1779048024.187366) can0 1F5#0000000000000000
(1779048024.188404) can0 0800A6A9#0000000000000000
(1779048024.189385) can0 1000A6A9#0F02881333494949
(1779048024.190411) can0 1C00A6A9#0000000000030000
(1779048024.191410) can0 02018100#1003020F00000000
(1779048024.192410) can0 02028100#0000003364000000
(1779048024.193404) can0 02038100#0CE001100CDF0101
(1779048024.194405) can0 02048100#4901014901010000
(1779048024.195282) can0 1AD#9814000059331717
(1779048024.196294) can0 2AD#E00C800C98140016
(1779048024.197307) can0 3AD#0000000000009814
(1779048024.198367) can0 4AD#EB00000000000000
(1779048024.199367) can0 76A#7F00000000000000
(1779048024.278941) can0 0000E005#16D2430003B60591
(1779048024.279528) can0 1806E5F4#13EC010003B6023A
(1779048024.280411) can0 0000E000#13EC13EC020F0000
(1779048024.281392) can0 0000E004#171703B603B601E4
(1779048024.282392) can0 0000E006#0CDD0CDF0CDF0CDF
(1779048024.283417) can0 0000E007#0CDF0CDF0CDF0CDF
(1779048024.284396) can0 0000E008#0CDF0CDF0CDF0CDF
(1779048024.285398) can0 0000E009#0CDF0CDF0CDF0CE0
(1779048024.286411) can0 0000E010#0000000000000000
(1779048024.287411) can0 0000E011#0000000000000000
(1779048024.288404) can0 0000E012#0CDE000200000000
(1779048024.289373) can0 0000E013#4542323630354C43
(1779048024.290405) can0 0000E014#3134323300000000
(1779048024.291449) can0 0000E015#0000000000000003
(1779048024.292417) can0 0000F000#0000000000000000
(1779048024.293411) can0 0000F001#0000000000000000
(1779048024.294412) can0 18FF28F4#10330000020F0000
(1779048024.295392) can0 18FE28F4#0CE00CDD3F3F0000
(1779048024.296393) can0 18FD28F4#16D2FA6F00000000
(1779048024.297308) can0 4D4#000033007D0F0203
(1779048024.298289) can0 4D5#DD0CE00C3F3F0000
(1779048024.299432) can0 18914010#0CE0100CDD010000
(1779048024.300398) can0 18904010#020F020F753001FE
(1779048024.301400) can0 18924010#3F013F0100000000
(1779048024.302394) can0 18934010#0000002A0000BD42
(1779048024.303406) can0 18944010#1003000000000000
(1779048024.304425) can0 18954010#0000000000000000
(1779048024.305420) can0 18954010#0100000000000000
(1779048024.306420) can0 18954010#0200000000000000
(1779048024.307463) can0 18954010#0300000000000000
(1779048024.308413) can0 18954010#0400000000000000
(1779048024.309413) can0 18954010#0500000000000000
(1779048024.310414) can0 18964010#003F3F3F00000000
(1779048024.311406) can0 18974010#0000000000000000
(1779048024.312400) can0 18984010#0000000000000000
(1779048024.313382) can0 18FA28F4#E23DA12C10270000
(1779048024.314375) can0 18FB28F4#E00CDD0C3F3F0000
(1779048024.315398) can0 18FC28F4#383300000F020000
(1779048024.316387) can0 18F810F3#0F02E80333640100
(1779048024.317391) can0 18F811F3#E00C1001DD0C0101
(1779048024.318401) can0 18F812F3#3F01013F01010000
(1779048024.319414) can0 18F813F3#0101000000000000
(1779048024.320375) can0 18F814F3#3200BA1AA9015F00
(1779048024.321407) can0 18F815F3#0000000010030000
(1779048024.322308) can0 273#000000000F023300
(1779048024.323298) can0 1E1#020F271001FE01FE
(1779048024.324375) can0 1F5#0000000000000000
(1779048024.325407) can0 0800A6A9#0000000000000000
(1779048024.326376) can0 1000A6A9#0F02881333494949
(1779048024.327401) can0 1C00A6A9#0000000000030000
(1779048024.328414) can0 02018100#1003020F00000000
(1779048024.329395) can0 02028100#0000003364000000
(1779048024.330394) can0 02038100#0CE001100CDD0101
(1779048024.331395) can0 02048100#4901014901010000
(1779048024.332267) can0 1AD#9714000059331717
(1779048024.333285) can0 2AD#E00C800C97140016
(1779048024.334314) can0 3AD#0000000000009714
(1779048024.335317) can0 4AD#EB00000000000000
(1779048024.336376) can0 76A#7F00000000000000
(1779048024.394973) can0 0000E005#16D2430003B60591
(1779048024.395565) can0 1806E5F4#13EC010003B6023A
(1779048024.396400) can0 0000E000#13EC13EC020F0000
(1779048024.397382) can0 0000E004#171703B603B601E4
(1779048024.398382) can0 0000E006#0CDD0CDF0CDF0CDF
(1779048024.399395) can0 0000E007#0CDF0CDF0CDF0CDF
(1779048024.400395) can0 0000E008#0CDF0CDF0CDF0CDF
(1779048024.401389) can0 0000E009#0CDF0CDF0CDF0CE0
(1779048024.402420) can0 0000E010#0000000000000000
(1779048024.403419) can0 0000E011#0000000000000000
(1779048024.404401) can0 0000E012#0CDE000200000000
(1779048024.405412) can0 0000F001#0000000000000000
(1779048024.406414) can0 18FF28F4#10330000020F0000
(1779048024.407395) can0 18FE28F4#0CE00CDD3F3F0000
(1779048024.408388) can0 18FD28F4#16D2FA6F00000000
(1779048024.409308) can0 4D4#000033007D0F0203
(1779048024.410285) can0 4D5#DD0CE00C3F3F0000
(1779048024.411382) can0 18914010#0CE0100CDD010000
(1779048024.412402) can0 18904010#020F020F753001FE
(1779048024.413391) can0 18FA28F4#E23DA12C10270000
(1779048024.414396) can0 18FB28F4#E00CDD0C3F3F0000
(1779048024.415389) can0 18FC28F4#383300000F020000
(1779048024.416383) can0 18F810F3#0F02E80333640100
(1779048024.417413) can0 18F815F3#0000000010030000
(1779048024.418312) can0 273#000000000F023300
(1779048024.419298) can0 1E1#020F271001FE01FE
(1779048024.420311) can0 1F5#0000000000000000
(1779048024.421427) can0 0800A6A9#0000000000000000
(1779048024.422382) can0 1000A6A9#0F02881333494949
(1779048024.423402) can0 1C00A6A9#0000000000030000
(1779048024.424414) can0 02018100#1003020F00000000
(1779048024.425398) can0 02028100#0000003364000000
(1779048024.426396) can0 02038100#0CE001100CDD0101
(1779048024.427392) can0 02048100#4901014901010000
(1779048024.428275) can0 1AD#9714000059331717
(1779048024.429296) can0 2AD#E00C800C97140016
(1779048024.430299) can0 3AD#0000000000009714
(1779048024.431311) can0 4AD#EB00000000000000
(1779048024.432304) can0 76A#7F00000000000000
(1779048024.494938) can0 0000E005#16D2430003B60591
(1779048024.495528) can0 1806E5F4#13EC010003B6023A
(1779048024.496414) can0 0000E000#13EC13EC020F0000
(1779048024.497388) can0 0000E004#171703B603B601E4
(1779048024.498406) can0 0000E006#0CDD0CDF0CDF0CDF
(1779048024.499401) can0 0000E007#0CDF0CDF0CDF0CDF
(1779048024.500401) can0 0000E008#0CDF0CDF0CDF0CDF
(1779048024.501395) can0 0000E009#0CDF0CDF0CDF0CE0
(1779048024.502413) can0 0000E010#0000000000000000
(1779048024.503407) can0 0000E011#0000000000000000
(1779048024.504408) can0 0000E012#0CDE000200000000
(1779048024.505420) can0 0000F001#0000000000000000
(1779048024.506421) can0 18FF28F4#10330000020F0000
(1779048024.507389) can0 18FE28F4#0CE00CDD3F3F0000
(1779048024.508389) can0 18FD28F4#16D2FA6F00000000
(1779048024.509299) can0 4D4#000033007D0F0203
(1779048024.510287) can0 4D5#DD0CE00C3F3F0000
(1779048024.511390) can0 18914010#0CE0100CDD010000
(1779048024.512389) can0 18904010#020F020F753001FE
(1779048024.513389) can0 18FA28F4#E23DA12C10270000
(1779048024.514413) can0 18FB28F4#E00CDD0C3F3F0000
(1779048024.515396) can0 18FC28F4#383300000F020000
(1779048024.516390) can0 18F810F3#0F02E80333640100
(1779048024.517409) can0 18F815F3#0000000010030000
(1779048024.518306) can0 273#000000000F023300
(1779048024.519285) can0 1E1#020F271001FE01FE
(1779048024.520317) can0 1F5#0000000000000000
(1779048024.521396) can0 0800A6A9#0000000000000000
(1779048024.522415) can0 1000A6A9#0F02881333494949
(1779048024.523390) can0 1C00A6A9#0000000000030000
(1779048024.524409) can0 02018100#1003020F00000000
(1779048024.525409) can0 02028100#0000003364000000
(1779048024.526391) can0 02038100#0CE001100CDD0101
(1779048024.527391) can0 02048100#4901014901010000
(1779048024.528275) can0 1AD#9714000059331717
(1779048024.529293) can0 2AD#E00C800C97140016
(1779048024.530391) can0 3AD#0000000000009714
(1779048024.531313) can0 4AD#EB00000000000000
(1779048024.532311) can0 76A#7F00000000000000
(1779048024.594922) can0 0000E005#16D2430003B60591
(1779048024.595506) can0 1806E5F4#13EC010003B6023A
(1779048024.596409) can0 0000E000#13EC13EC020F0000
(1779048024.597396) can0 0000E004#171703B603B601E4
(1779048024.598396) can0 0000E006#0CDF0CDF0CDF0CDF
(1779048024.599442) can0 0000E007#0CDF0CDF0CDF0CDF
(1779048024.600395) can0 0000E008#0CDF0CDF0CDF0CDF
(1779048024.601395) can0 0000E009#0CDF0CDF0CDF0CE0
(1779048024.602422) can0 0000E010#0000000000000000
(1779048024.603421) can0 0000E011#0000000000000000
(1779048024.604396) can0 0000E012#0CDF000000000000
(1779048024.605415) can0 0000F001#0000000000000000
(1779048024.606397) can0 18FF28F4#10330000020F0000
(1779048024.607427) can0 18FE28F4#0CE00CDF3F3F0000
(1779048024.608396) can0 18FD28F4#16D2FA6F00000000
(1779048024.609293) can0 4D4#000033007D0F0203
(1779048024.610305) can0 4D5#DF0CE00C3F3F0000
(1779048024.611396) can0 18914010#0CE0100CDF010000
(1779048024.612397) can0 18904010#020F020F753001FE
(1779048024.613396) can0 18FA28F4#E23DA12C10270000
(1779048024.614397) can0 18FB28F4#E00CDF0C3F3F0000
(1779048024.615403) can0 18FC28F4#383300000F020000
(1779048024.616397) can0 18F810F3#0F02E80333640100
(1779048024.617416) can0 18F815F3#0000000010030000
(1779048024.618303) can0 273#000000000F023300
(1779048024.619287) can0 1E1#020F271001FE01FE
(1779048024.620325) can0 1F5#0000000000000000
(1779048024.621403) can0 0800A6A9#0000000000000000
(1779048024.622399) can0 1000A6A9#0F02881333494949
(1779048024.623397) can0 1C00A6A9#0000000000030000
(1779048024.624410) can0 02018100#1003020F00000000
(1779048024.625410) can0 02028100#0000003364000000
(1779048024.626397) can0 02038100#0CE001100CDF0101
(1779048024.627397) can0 02048100#4901014901010000
(1779048024.628283) can0 1AD#9814000059331717
(1779048024.629293) can0 2AD#E00C800C98140016
(1779048024.630332) can0 3AD#0000000000009814
(1779048024.631297) can0 4AD#EB00000000000000
(1779048024.632313) can0 76A#7F00000000000000
(1779048024.714922) can0 0000E005#16D2430003B60591
(1779048024.715512) can0 1806E5F4#13EC010003B6023A
(1779048024.716404) can0 0000E000#13EC13EC020F0000
(1779048024.717404) can0 0000E004#171703B603B601E4
(1779048024.718405) can0 0000E006#0CDF0CDF0CDF0CDF
(1779048024.719404) can0 0000E007#0CDF0CDF0CDF0CDF
(1779048024.720404) can0 0000E008#0CDF0CDF0CDF0CDF
(1779048024.721405) can0 0000E009#0CDF0CDF0CDF0CE0
(1779048024.722405) can0 0000E010#0000000000000000
(1779048024.723405) can0 0000E011#0000000000000000
(1779048024.724405) can0 0000E012#0CDF000000000000
(1779048024.725417) can0 0000F001#0000000000000000
(1779048024.726406) can0 18FF28F4#10330000020F0000
(1779048024.727405) can0 18FE28F4#0CE00CDF3F3F0000
(1779048024.728406) can0 18FD28F4#16D2FA6F00000000
(1779048024.729321) can0 4D4#000033007D0F0203
(1779048024.730302) can0 4D5#DF0CE00C3F3F0000
(1779048024.731413) can0 18914010#0CE0100CDF010000
(1779048024.732406) can0 18904010#020F020F753001FE
(1779048024.733405) can0 18FA28F4#E23DA12C10270000
(1779048024.734406) can0 18FB28F4#E00CDF0C3F3F0000
(1779048024.735406) can0 18FC28F4#383300000F020000
(1779048024.736411) can0 18F810F3#0F02E80333640100
(1779048024.737441) can0 18F815F3#0000000010030000
(1779048024.738304) can0 273#000000000F023300
(1779048024.739283) can0 1E1#020F271001FE01FE
(1779048024.740310) can0 1F5#0000000000000000
(1779048024.741406) can0 0800A6A9#0000000000000000
(1779048024.742406) can0 1000A6A9#0F02881333494949
(1779048024.743406) can0 1C00A6A9#0000000000030000
(1779048024.744414) can0 02018100#1003020F00000000
(1779048024.745427) can0 02028100#0000003364000000
(1779048024.746408) can0 02038100#0CE001100CDF0101
(1779048024.747406) can0 02048100#4901014901010000
(1779048024.748277) can0 1AD#9814000059331717
(1779048024.749277) can0 2AD#E00C800C98140016
(1779048024.750309) can0 3AD#0000000000009814
(1779048024.751302) can0 4AD#EB00000000000000
(1779048024.752296) can0 76A#7F00000000000000
(1779048024.831926) can0 0000E005#16D2430003B60591
(1779048024.832518) can0 1806E5F4#13EC010003B6023A
(1779048024.833413) can0 0000E000#13EC13EC020F0000
(1779048024.834413) can0 0000E004#171703B603B601E4
(1779048024.835413) can0 0000E006#0CDF0CDF0CDF0CDF
(1779048024.836413) can0 0000E007#0CDF0CDF0CDF0CDF
(1779048024.837413) can0 0000E008#0CDF0CDF0CDF0CDF
(1779048024.838413) can0 0000E009#0CDF0CDF0CDF0CE0
(1779048024.839419) can0 0000E010#0000000000000000
(1779048024.840413) can0 0000E011#0000000000000000
(1779048024.841413) can0 0000E012#0CDF000000000000
(1779048024.842414) can0 0000E013#4542323630354C43
(1779048024.843414) can0 0000E014#3134323300000000
(1779048024.844414) can0 0000E015#0000000000000003
(1779048024.845414) can0 0000F000#0000000000000000
(1779048024.846414) can0 0000F001#0000000000000000
(1779048024.847414) can0 18FF28F4#10330000020F0000
(1779048024.848414) can0 18FE28F4#0CE00CDF3F3F0000
(1779048024.849414) can0 18FD28F4#16D2FA6F00000000
(1779048024.850292) can0 4D4#000033007D0F0203
(1779048024.851290) can0 4D5#DF0CE00C3F3F0000
(1779048024.852414) can0 18914010#0CE0100CDF010000
(1779048024.853414) can0 18904010#020F020F753001FE
(1779048024.854414) can0 18924010#3F013F0100000000
(1779048024.855414) can0 18934010#0000002B0000BD42
(1779048024.856414) can0 18944010#1003000000000000
(1779048024.857414) can0 18954010#0000000000000000
(1779048024.858415) can0 18954010#0100000000000000
(1779048024.859415) can0 18954010#0200000000000000
(1779048024.860414) can0 18954010#0300000000000000
(1779048024.861415) can0 18954010#0400000000000000
(1779048024.862415) can0 18954010#0500000000000000
(1779048024.863415) can0 18964010#003F3F3F00000000
(1779048024.864415) can0 18974010#0000000000000000
(1779048024.865415) can0 18984010#0000000000000000
(1779048024.866415) can0 18FA28F4#E23DA12C10270000
(1779048024.867415) can0 18FB28F4#E00CDF0C3F3F0000
(1779048024.868415) can0 18FC28F4#383300000F020000
(1779048024.869357) can0 18F810F3#0F02E80333640100
(1779048024.870416) can0 18F811F3#E00C1001DF0C0101
(1779048024.871416) can0 18F812F3#3F01013F01010000
(1779048024.872415) can0 18F813F3#0101000000000000
(1779048024.873415) can0 18F814F3#3200BA1AA9015F00
(1779048024.874416) can0 18F815F3#0000000010030000
(1779048024.875313) can0 273#000000000F023300
(1779048024.876292) can0 1E1#020F271001FE01FE
(1779048024.877318) can0 1F5#0000000000000000
(1779048024.878416) can0 0800A6A9#0000000000000000
(1779048024.879358) can0 1000A6A9#0F02881333494949
(1779048024.880416) can0 1C00A6A9#0000000000030000
(1779048024.881416) can0 02018100#1003020F00000000
(1779048024.882416) can0 02028100#0000003364000000
(1779048024.883416) can0 02038100#0CE001100CDF0101
(1779048024.884416) can0 02048100#4901014901010000
(1779048024.885272) can0 1AD#9814000059331717
(1779048024.886287) can0 2AD#E00C800C98140016
(1779048024.887300) can0 3AD#0000000000009814
(1779048024.888301) can0 4AD#EB00000000000000
(1779048024.889292) can0 76A#7F00000000000000
(1779048024.947907) can0 0000E005#16D2430003B60591
(1779048024.948498) can0 1806E5F4#13EC010003B6023A
(1779048024.949421) can0 0000E000#13EC13EC020F0000
(1779048024.950421) can0 0000E004#171703B603B601E4
(1779048024.951421) can0 0000E006#0CDF0CDF0CDF0CDF
(1779048024.952430) can0 0000E007#0CDF0CDF0CDF0CDF
(1779048024.953422) can0 0000E008#0CDF0CDF0CDF0CDF
(1779048024.954423) can0 0000E009#0CDF0CDF0CDF0CE0
(1779048024.955422) can0 0000E010#0000000000000000
(1779048024.956422) can0 0000E011#0000000000000000
(1779048024.957422) can0 0000E012#0CDF000000000000
(1779048024.958422) can0 0000F001#0000000000000000
(1779048024.959422) can0 18FF28F4#10330000020F0000
(1779048024.960422) can0 18FE28F4#0CE00CDF3F3F0000
(1779048024.961422) can0 18FD28F4#16D2FA6F00000000
(1779048024.962300) can0 4D4#000033007D0F0203
(1779048024.963300) can0 4D5#DF0CE00C3F3F0000
(1779048024.964422) can0 18914010#0CE0100CDF010000
(1779048024.965423) can0 18904010#020F020F753001FE
(1779048024.966423) can0 18FA28F4#E23DA12C10270000
(1779048024.967422) can0 18FB28F4#E00CDF0C3F3F0000
(1779048024.968423) can0 18FC28F4#383300000F020000
(1779048024.969365) can0 18F810F3#0F02E80333640100
(1779048024.970424) can0 18F815F3#0000000010030000
(1779048024.971294) can0 273#000000000F023300
(1779048024.972288) can0 1E1#020F271001FE01FE
(1779048024.973319) can0 1F5#0000000000000000
(1779048024.974423) can0 0800A6A9#0000000000000000
(1779048024.975365) can0 1000A6A9#0F02881333494949
(1779048024.976423) can0 1C00A6A9#0000000000030000
(1779048024.977424) can0 02018100#1003020F00000000
(1779048024.978426) can0 02028100#0000003364000000
(1779048024.979424) can0 02038100#0CE001100CDF0101
(1779048024.980424) can0 02048100#4901014901010000
(1779048024.981270) can0 1AD#9814000059331717
(1779048024.982276) can0 2AD#E00C800C98140016
(1779048024.983295) can0 3AD#0000000000009814
(1779048024.984351) can0 4AD#EB00000000000000
(1779048024.985300) can0 76A#7F00000000000000
(1779048025.047963) can0 0000E005#16D2430003B60591
(1779048025.048557) can0 1806E5F4#13EC010003B6023A
(1779048025.049429) can0 0000E000#13EC13EC020F0000
(1779048025.050365) can0 0000E004#171703B603B601E4
(1779048025.051429) can0 0000E006#0CDF0CDF0CDF0CDF
(1779048025.052429) can0 0000E007#0CDF0CDF0CDF0CDF
(1779048025.053428) can0 0000E008#0CDF0CDF0CDF0CDF
(1779048025.054429) can0 0000E009#0CDF0CDF0CDF0CE0
(1779048025.055429) can0 0000E010#0000000000000000
(1779048025.056429) can0 0000E011#0000000000000000
(1779048025.057429) can0 0000E012#0CDF000000000000
(1779048025.058429) can0 0000F001#0000000000000000
(1779048025.059430) can0 18FF28F4#10330000020F0000
(1779048025.060429) can0 18FE28F4#0CE00CDF3F3F0000
(1779048025.061429) can0 18FD28F4#16D2FA6F00000000
(1779048025.062302) can0 4D4#000033007D0F0203
(1779048025.063290) can0 4D5#DF0CE00C3F3F0000
(1779048025.064430) can0 18914010#0CE0100CDF010000
(1779048025.065430) can0 18904010#020F020F753001FE
(1779048025.066372) can0 18FA28F4#E23DA12C10270000
(1779048025.067430) can0 18FB28F4#E00CDF0C3F3F0000
(1779048025.068430) can0 18FC28F4#383300000F020000
(1779048025.069359) can0 18F810F3#0F02E80333640100
(1779048025.070430) can0 18F815F3#0000000010030000
(1779048025.071302) can0 273#000000000F023300
(1779048025.072281) can0 1E1#020F271001FE01FE
(1779048025.073314) can0 1F5#0000000000000000
(1779048025.074430) can0 0800A6A9#0000000000000000
(1779048025.075355) can0 1000A6A9#0F02881333494949
(1779048025.076430) can0 1C00A6A9#0000000000030000
(1779048025.077431) can0 02018100#1003020F00000000
(1779048025.078430) can0 02028100#0000003364000000
(1779048025.079431) can0 02038100#0CE001100CDF0101
(1779048025.080430) can0 02048100#4901014901010000
(1779048025.081271) can0 1AD#9814000059331717
(1779048025.082283) can0 2AD#E00C800C98140016
(1779048025.083295) can0 3AD#0000000000009814
(1779048025.084308) can0 4AD#EB00000000000000
(1779048025.085307) can0 76A#7F00000000000000
(1779048025.147904) can0 0000E005#16D2430003B60591
(1779048025.148491) can0 1806E5F4#13EC010003B6023A
(1779048025.149436) can0 0000E000#13EC13EC020F0000
(1779048025.150365) can0 0000E004#171703B603B601E4
(1779048025.151436) can0 0000E006#0CDF0CDF0CDF0CDF
(1779048025.152436) can0 0000E007#0CDF0CDF0CDF0CDF
(1779048025.153436) can0 0000E008#0CDF0CDF0CDF0CDF
(1779048025.154436) can0 0000E009#0CDF0CDF0CDF0CE0
(1779048025.155436) can0 0000E010#0000000000000000
(1779048025.156436) can0 0000E011#0000000000000000
(1779048025.157436) can0 0000E012#0CDF000000000000
(1779048025.158437) can0 0000F001#0000000000000000
(1779048025.159436) can0 18FF28F4#10330000020F0000
(1779048025.160436) can0 18FE28F4#0CE00CDF3F3F0000
(1779048025.161372) can0 18FD28F4#16D2FA6F00000000
(1779048025.162288) can0 4D4#000033007D0F0203
(1779048025.163281) can0 4D5#DF0CE00C3F3F0000
(1779048025.164437) can0 18914010#0CE0100CDF010000
(1779048025.165372) can0 18904010#020F020F753001FE
(1779048025.166366) can0 18FA28F4#E23DA12C10270000
(1779048025.167437) can0 18FB28F4#E00CDF0C3F3F0000
(1779048025.168378) can0 18FC28F4#383300000F020000
(1779048025.169359) can0 18F810F3#0F02E80333640100
(1779048025.170438) can0 18F815F3#0000000010030000
(1779048025.171285) can0 273#000000000F023300
(1779048025.172275) can0 1E1#020F271001FE01FE
(1779048025.173313) can0 1F5#0000000000000000
(1779048025.174438) can0 0800A6A9#0000000000000000
(1779048025.175366) can0 1000A6A9#0F02881333494949
(1779048025.176438) can0 1C00A6A9#0000000000030000
(1779048025.177437) can0 02018100#1003020F00000000
(1779048025.178438) can0 02028100#0000003364000000
(1779048025.179379) can0 02038100#0CE001100CDF0101
(1779048025.180372) can0 02048100#4901014901010000
(1779048025.181277) can0 1AD#9814000059331717
(1779048025.182289) can0 2AD#E00C800C98140016
(1779048025.183315) can0 3AD#0000000000009814
(1779048025.184290) can0 4AD#EB00000000000000
(1779048025.185289) can0 76A#7F00000000000000
(1779048025.247920) can0 0000E005#16D2430003B60591
(1779048025.248514) can0 1806E5F4#13EC010003B6023A
(1779048025.249443) can0 0000E000#13EC13EC020F0000
(1779048025.250373) can0 0000E004#171703B603B601E4
(1779048025.251384) can0 0000E006#0CDF0CDF0CDF0CDF
(1779048025.252443) can0 0000E007#0CDF0CDF0CDF0CDF
(1779048025.253372) can0 0000E008#0CDF0CDF0CDF0CDF
(1779048025.254371) can0 0000E009#0CDF0CDF0CDF0CE0
(1779048025.255444) can0 0000E010#0000000000000000
(1779048025.256444) can0 0000E011#0000000000000000
(1779048025.257443) can0 0000E012#0CDF000000000000
(1779048025.258445) can0 0000F001#0000000000000000
(1779048025.259444) can0 18FF28F4#10330000020F0000
(1779048025.260386) can0 18FE28F4#0CE00CDF3F3F0000
(1779048025.261359) can0 18FD28F4#16D2FA6F00000000
(1779048025.262283) can0 4D4#000033007D0F0203
(1779048025.263284) can0 4D5#DF0CE00C3F3F0000
(1779048025.264372) can0 18914010#0CE0100CDF010000
(1779048025.265372) can0 18904010#020F020F753001FE
(1779048025.266372) can0 18FA28F4#E23DA12C10270000
(1779048025.267366) can0 18FB28F4#E00CDF0C3F3F0000
(1779048025.268444) can0 18FC28F4#383300000F020000
(1779048025.269353) can0 18F810F3#0F02E80333640100
(1779048025.270445) can0 18F815F3#0000000010030000
(1779048025.271284) can0 273#000000000F023300
(1779048025.272283) can0 1E1#020F271001FE01FE
(1779048025.273296) can0 1F5#0000000000000000
(1779048025.274445) can0 0800A6A9#0000000000000000
(1779048025.275355) can0 1000A6A9#0F02881333494949
(1779048025.276445) can0 1C00A6A9#0000000000030000
(1779048025.277445) can0 02018100#1003020F00000000
(1779048025.278387) can0 02028100#0000003364000000
(1779048025.279385) can0 02038100#0CE001100CDF0101
(1779048025.280385) can0 02048100#4901014901010000
(1779048025.281263) can0 1AD#9814000059331717
(1779048025.282277) can0 2AD#E00C800C98140016
(1779048025.283290) can0 3AD#0000000000009814
(1779048025.284334) can0 4AD#EB00000000000000
(1779048025.285298) can0 76A#7F00000000000000
(1779048025.364910) can0 0000E005#16D2430003B60591
(1779048025.365499) can0 1806E5F4#13EC010003B6023A
(1779048025.366388) can0 0000E000#13EC13EC020F0000
(1779048025.367373) can0 0000E004#171703B603B601E4
(1779048025.368385) can0 0000E006#0CDF0CDF0CDF0CDF
(1779048025.369452) can0 0000E007#0CDF0CDF0CDF0CDF
(1779048025.370382) can0 0000E008#0CDF0CDF0CDF0CDF
(1779048025.371374) can0 0000E009#0CDF0CDF0CDF0CE0
(1779048025.372453) can0 0000E010#0000000000000000
(1779048025.373459) can0 0000E011#0000000000000000
(1779048025.374398) can0 0000E012#0CDF000000000000
(1779048025.375342) can0 0000E013#4542323630354C43
(1779048025.376403) can0 0000E014#3134323300000000
(1779048025.377412) can0 0000E015#0000000000000003
(1779048025.378475) can0 0000F000#0000000000000000
(1779048025.379419) can0 0000F001#0000000000000000
(1779048025.380419) can0 18FF28F4#10330000020F0000
(1779048025.381393) can0 18FE28F4#0CE00CDF3F3F0000
(1779048025.382392) can0 18FD28F4#16D2FA6F00000000
(1779048025.383304) can0 4D4#000033007D0F0203
(1779048025.384307) can0 4D5#DF0CE00C3F3F0000
(1779048025.385401) can0 18914010#0CE0100CDF010000
(1779048025.386402) can0 18904010#020F020F753001FE
(1779048025.387400) can0 18924010#3F013F0100000000
(1779048025.388400) can0 18934010#0000002C0000BD42
(1779048025.389409) can0 18944010#1003000000000000
(1779048025.390470) can0 18954010#0000000000000000
(1779048025.391469) can0 18954010#0100000000000000
(1779048025.392405) can0 18954010#0200000000000000
(1779048025.393470) can0 18954010#0300000000000000
(1779048025.394406) can0 18954010#0400000000000000
(1779048025.395403) can0 18954010#0500000000000000
(1779048025.396395) can0 18964010#003F3F3F00000000
(1779048025.397455) can0 18974010#0000000000000000
(1779048025.398399) can0 18984010#0000000000000000
(1779048025.399355) can0 18FA28F4#E23DA12C10270000
(1779048025.400369) can0 18FB28F4#E00CDF0C3F3F0000
(1779048025.401382) can0 18FC28F4#383300000F020000
(1779048025.402363) can0 18F810F3#0F02E80333640100
(1779048025.403375) can0 18F811F3#E00C1001DF0C0101
(1779048025.404376) can0 18F812F3#3F01013F01010000
(1779048025.405455) can0 18F813F3#0101000000000000
(1779048025.406379) can0 18F814F3#3200BA1AA9015F00
(1779048025.407384) can0 18F815F3#0000000010030000
(1779048025.408288) can0 273#000000000F023300
(1779048025.409289) can0 1E1#020F271001FE01FE
(1779048025.410331) can0 1F5#0000000000000000
(1779048025.411386) can0 0800A6A9#0000000000000000
(1779048025.412357) can0 1000A6A9#0F02881333494949
(1779048025.413390) can0 1C00A6A9#0000000000030000
(1779048025.414455) can0 02018100#1003020F00000000
(1779048025.415377) can0 02028100#0000003364000000
(1779048025.416376) can0 02038100#0CE001100CDF0101
(1779048025.417377) can0 02048100#4901014901010000
(1779048025.418274) can0 1AD#9814000059331717
(1779048025.419270) can0 2AD#E00C800C98140016
(1779048025.420287) can0 3AD#0000000000009814
(1779048025.421301) can0 4AD#EB00000000000000
(1779048025.422314) can0 76A#7F00000000000000
(1779048025.480953) can0 0000E005#16D2430003B60591
(1779048025.481542) can0 1806E5F4#13EC010003B6023A
(1779048025.482389) can0 0000E000#13EC13EC020F0000
(1779048025.483374) can0 0000E004#171703B603B601E4
(1779048025.484368) can0 0000E006#0CDF0CDF0CDF0CDF
(1779048025.485387) can0 0000E007#0CDF0CDF0CDF0CDF
(1779048025.486381) can0 0000E008#0CDF0CDF0CDF0CDF
(1779048025.487380) can0 0000E009#0CDF0CDF0CDF0CE0
(1779048025.488388) can0 0000E010#0000000000000000
(1779048025.489394) can0 0000E011#0000000000000000
(1779048025.490387) can0 0000E012#0CDF000000000000
(1779048025.491460) can0 0000F001#0000000000000000
(1779048025.492396) can0 18FF28F4#10330000020F0000
(1779048025.493375) can0 18FE28F4#0CE00CDF3F3F0000
(1779048025.494375) can0 18FD28F4#16D2FA6F00000000
(1779048025.495292) can0 4D4#000033007D0F0203
(1779048025.496292) can0 4D5#DF0CE00C3F3F0000
(1779048025.497369) can0 18914010#0CE0100CDF010000
(1779048025.498363) can0 18904010#020F020F753001FE
(1779048025.499395) can0 18FA28F4#E23DA12C10270000
(1779048025.500375) can0 18FB28F4#E00CDF0C3F3F0000
(1779048025.501375) can0 18FC28F4#383300000F020000
(1779048025.502357) can0 18F810F3#0F02E80333640100
(1779048025.503382) can0 18F815F3#0000000010030000
(1779048025.504286) can0 273#000000000F023300
(1779048025.505287) can0 1E1#020F271001FE01FE
(1779048025.506300) can0 1F5#0000000000000000
(1779048025.507461) can0 0800A6A9#0000000000000000
(1779048025.508358) can0 1000A6A9#0F02881333494949
(1779048025.509388) can0 1C00A6A9#0000000000030000
(1779048025.510402) can0 02018100#1003020F00000000
(1779048025.511377) can0 02028100#0000003364000000
(1779048025.512377) can0 02038100#0CE001100CDF0101
(1779048025.513376) can0 02048100#4901014901010000
(1779048025.514275) can0 1AD#9814000059331717
(1779048025.515318) can0 2AD#E00C800C98140016
(1779048025.516300) can0 3AD#0000000000009814
(1779048025.517295) can0 4AD#EB00000000000000
(1779048025.518294) can0 76A#7F00000000000000
(1779048025.580947) can0 0000E005#16D2430003B60591
(1779048025.581528) can0 1806E5F4#13EC010003B6023A
(1779048025.582392) can0 0000E000#13EC13EC020F0000
(1779048025.583375) can0 0000E004#171703B603B601E4
(1779048025.584403) can0 0000E006#0CDF0CDF0CDF0CDF
(1779048025.585382) can0 0000E007#0CDF0CDF0CDF0CDF
(1779048025.586383) can0 0000E008#0CDF0CDF0CDF0CDF
(1779048025.587383) can0 0000E009#0CDF0CDF0CDF0CE0
(1779048025.588388) can0 0000E010#0000000000000000
(1779048025.589390) can0 0000E011#0000000000000000
(1779048025.590376) can0 0000E012#0CDF000000000000
(1779048025.591402) can0 0000F001#0000000000000000
(1779048025.592468) can0 18FF28F4#10330000020F0000
(1779048025.593365) can0 18FE28F4#0CE00CDF3F3F0000
(1779048025.594365) can0 18FD28F4#16D2FA6F00000000
(1779048025.595281) can0 4D4#000033007D0F0203
(1779048025.596274) can0 4D5#DF0CE00C3F3F0000
(1779048025.597370) can0 18914010#0CE0100CDF010000
(1779048025.598372) can0 18904010#020F020F753001FE
(1779048025.599365) can0 18FA28F4#E23DA12C10270000
(1779048025.600364) can0 18FB28F4#E00CDF0C3F3F0000
(1779048025.601379) can0 18FC28F4#383300000F020000
(1779048025.602365) can0 18F810F3#0F02E80333640100
(1779048025.603394) can0 18F815F3#0000000010030000
(1779048025.604295) can0 273#000000000F023300
(1779048025.605276) can0 1E1#020F271001FE01FE
(1779048025.606309) can0 1F5#0000000000000000
(1779048025.607385) can0 0800A6A9#0000000000000000
(1779048025.608346) can0 1000A6A9#0F02881333494949
(1779048025.609378) can0 1C00A6A9#0000000000030000
(1779048025.610392) can0 02018100#1003020F00000000
(1779048025.611391) can0 02028100#0000003364000000
(1779048025.612366) can0 02038100#0CE001100CDF0101
(1779048025.613365) can0 02048100#4901014901010000
(1779048025.614264) can0 1AD#9814000059331717
(1779048025.615278) can0 2AD#E00C800C98140016
(1779048025.616289) can0 3AD#0000000000009814
(1779048025.617290) can0 4AD#EB00000000000000
(1779048025.618303) can0 76A#7F00000000000000
(1779048025.680907) can0 0000E005#16D2430003B60591
(1779048025.681490) can0 1806E5F4#13EC010003B6023A
(1779048025.682381) can0 0000E000#13EC13EC020F0000
(1779048025.683357) can0 0000E004#171703B603B601E4
(1779048025.684370) can0 0000E006#0CDF0CDF0CDF0CDF
(1779048025.685365) can0 0000E007#0CDF0CDF0CDF0CDF
(1779048025.686371) can0 0000E008#0CDF0CDF0CDF0CDF
(1779048025.687363) can0 0000E009#0CDF0CDF0CDF0CE0
(1779048025.688396) can0 0000E010#0000000000000000
(1779048025.689396) can0 0000E011#0000000000000000
(1779048025.690378) can0 0000E012#0CDF000000000000
(1779048025.691390) can0 0000F001#0000000000000000
(1779048025.692389) can0 18FF28F4#10330000020F0000
(1779048025.693366) can0 18FE28F4#0CE00CDF3F3F0000
(1779048025.694365) can0 18FD28F4#16D2FA6F00000000
(1779048025.695282) can0 4D4#000033007D0F0203
(1779048025.696282) can0 4D5#DF0CE00C3F3F0000
(1779048025.697373) can0 18914010#0CE0100CDF010000
(1779048025.698372) can0 18904010#020F020F753001FE
(1779048025.699371) can0 18FA28F4#E23DA12C10270000
(1779048025.700371) can0 18FB28F4#E00CDF0C3F3F0000
(1779048025.701384) can0 18FC28F4#383300000F020000
(1779048025.702351) can0 18F810F3#0F02E80333640100
(1779048025.703395) can0 18F815F3#0000000010030000
(1779048025.704277) can0 273#000000000F023300
(1779048025.705276) can0 1E1#020F271001FE01FE
(1779048025.706310) can0 1F5#0000000000000000
(1779048025.707385) can0 0800A6A9#0000000000000000
(1779048025.708353) can0 1000A6A9#0F02881333494949
(1779048025.709374) can0 1C00A6A9#0000000000030000
(1779048025.710397) can0 02018100#1003020F00000000
(1779048025.711378) can0 02028100#0000003364000000
(1779048025.712372) can0 02038100#0CE001100CDF0101
(1779048025.713366) can0 02048100#4901014901010000
(1779048025.714284) can0 1AD#9814000059331717
(1779048025.715277) can0 2AD#E00C800C98140016
(1779048025.716289) can0 3AD#0000000000009814
(1779048025.717282) can0 4AD#EB00000000000000
(1779048025.718284) can0 76A#7F00000000000000
(1779048025.780962) can0 0000E005#16D2430003B60591
(1779048025.781549) can0 1806E5F4#13EC010003B6023A
(1779048025.782372) can0 0000E000#13EC13EC020F0000
(1779048025.783378) can0 0000E004#171703B603B601E4
(1779048025.784371) can0 0000E006#0CDF0CDF0CDF0CDF
(1779048025.785371) can0 0000E007#0CDF0CDF0CDF0CDF
(1779048025.786365) can0 0000E008#0CDF0CDF0CDF0CDF
(1779048025.787365) can0 0000E009#0CDF0CDF0CDF0CE0
(1779048025.788397) can0 0000E010#0000000000000000
(1779048025.789391) can0 0000E011#0000000000000000
(1779048025.790373) can0 0000E012#0CDF000000000000
(1779048025.791404) can0 0000F001#0000000000000000
(1779048025.792384) can0 18FF28F4#10330000020F0000
(1779048025.793367) can0 18FE28F4#0CE00CDF3F3F0000
(1779048025.794359) can0 18FD28F4#16D2FA6F00000000
(1779048025.795283) can0 4D4#000033007D0F0203
(1779048025.796283) can0 4D5#DF0CE00C3F3F0000
(1779048025.797373) can0 18914010#0CE0100CDF010000
(1779048025.798374) can0 18904010#020F020F753001FE
(1779048025.799385) can0 18FA28F4#E23DA12C10270000
(1779048025.800366) can0 18FB28F4#E00CDF0C3F3F0000
(1779048025.801385) can0 18FC28F4#383300000F020000
(1779048025.802342) can0 18F810F3#0F02E80333640100
(1779048025.803393) can0 18F815F3#0000000010030000
(1779048025.804278) can0 273#000000000F023300
(1779048025.805278) can0 1E1#020F271001FE01FE
(1779048025.806302) can0 1F5#0000000000000000
(1779048025.807419) can0 0800A6A9#0000000000000000
(1779048025.808353) can0 1000A6A9#0F02881333494949
(1779048025.809384) can0 1C00A6A9#0000000000030000
(1779048025.810397) can0 02018100#1003020F00000000
(1779048025.811378) can0 02028100#0000003364000000
(1779048025.812376) can0 02038100#0CE001100CDF0101
(1779048025.813368) can0 02048100#4901014901010000
(1779048025.814268) can0 1AD#9814000059331717
(1779048025.815317) can0 2AD#E00C800C98140016
(1779048025.816292) can0 3AD#0000000000009814
(1779048025.817295) can0 4AD#EB00000000000000
(1779048025.818283) can0 76A#7F00000000000000
(1779048025.897964) can0 0000E005#16D2430003B60591
(1779048025.898535) can0 1806E5F4#13EC010003B6023A
(1779048025.899381) can0 0000E000#13EC13EC020F0000
(1779048025.900416) can0 0000E004#171703B603B601E4
(1779048025.901379) can0 0000E006#0CDF0CDF0CDF0CDF
(1779048025.902379) can0 0000E007#0CDF0CDF0CDF0CDF
(1779048025.903373) can0 0000E008#0CDF0CDF0CDF0CDF
(1779048025.904365) can0 0000E009#0CDF0CDF0CDF0CE0
(1779048025.905405) can0 0000E010#0000000000000000
(1779048025.906386) can0 0000E011#0000000000000000
(1779048025.907380) can0 0000E012#0CDF000000000000
(1779048025.908343) can0 0000E013#4542323630354C43
(1779048025.909379) can0 0000E014#3134323300000000
(1779048025.910392) can0 0000E015#0000000000000003
(1779048025.911387) can0 0000F000#0000000000000000
(1779048025.912387) can0 0000F001#0000000000000000
(1779048025.913386) can0 18FF28F4#10330000020F0000
(1779048025.914368) can0 18FE28F4#0CE00CDF3F3F0000
(1779048025.915362) can0 18FD28F4#16D2FA6F00000000
(1779048025.916273) can0 4D4#000033007D0F0203
(1779048025.917279) can0 4D5#DF0CE00C3F3F0000
(1779048025.918374) can0 18914010#0CE0100CDF010000
(1779048025.919367) can0 18904010#020F020F753001FE
(1779048025.920380) can0 18924010#3F013F0100000000
(1779048025.921367) can0 18934010#0000002D0000BD42
(1779048025.922381) can0 18944010#1003000000000000
(1779048025.923393) can0 18954010#0000000000000000
(1779048025.924387) can0 18954010#0100000000000000
(1779048025.925387) can0 18954010#0200000000000000
(1779048025.926388) can0 18954010#0300000000000000
(1779048025.927380) can0 18954010#0400000000000000
(1779048025.928373) can0 18954010#0500000000000000
(1779048025.929374) can0 18964010#003F3F3F00000000
(1779048025.930387) can0 18974010#0000000000000000
(1779048025.931387) can0 18984010#0000000000000000
(1779048025.932342) can0 18FA28F4#E23DA12C10270000
(1779048025.933362) can0 18FB28F4#E00CDF0C3F3F0000
(1779048025.934375) can0 18FC28F4#383300000F020000
(1779048025.935356) can0 18F810F3#0F02E80333640100
(1779048025.936368) can0 18F811F3#E00C1001DF0C0101
(1779048025.937382) can0 18F812F3#3F01013F01010000
(1779048025.938389) can0 18F813F3#0101000000000000
(1779048025.939358) can0 18F814F3#3200BA1AA9015F00
(1779048025.940383) can0 18F815F3#0000000010030000
(1779048025.941280) can0 273#000000000F023300
(1779048025.942281) can0 1E1#020F271001FE01FE
(1779048025.943294) can0 1F5#0000000000000000
(1779048025.944382) can0 0800A6A9#0000000000000000
(1779048025.945350) can0 1000A6A9#0F02881333494949
(1779048025.946382) can0 1C00A6A9#0000000000030000
(1779048025.947395) can0 02018100#1003020F00000000
(1779048025.948375) can0 02028100#0000003364000000
(1779048025.949376) can0 02038100#0CE001100CDF0101
(1779048025.950370) can0 02048100#4901014901010000
(1779048025.951258) can0 1AD#9814000059331717
(1779048025.952269) can0 2AD#E00C800C98140016
(1779048025.953314) can0 3AD#0000000000009814
(1779048025.954295) can0 4AD#EB00000000000000
(1779048025.955294) can0 76A#7F00000000000000
(1779048026.013944) can0 0000E005#16D2430003B60591
(1779048026.014543) can0 1806E5F4#13EC010003B6023A
(1779048026.015376) can0 0000E000#13EC13EC020F0000
(1779048026.016356) can0 0000E004#171703B603B601E4
(1779048026.017368) can0 0000E006#0CDF0CDF0CDF0CDF
(1779048026.018369) can0 0000E007#0CDF0CDF0CDF0CDF
(1779048026.019363) can0 0000E008#0CDF0CDF0CDF0CDF
(1779048026.020363) can0 0000E009#0CDF0CDF0CDF0CE0
(1779048026.021388) can0 0000E010#0000000000000000
(1779048026.022407) can0 0000E011#0000000000000000
(1779048026.023375) can0 0000E012#0CDF000000000000
(1779048026.024388) can0 0000F001#0000000000000000
(1779048026.025380) can0 18FF28F4#10330000020F0000
(1779048026.026369) can0 18FE28F4#0CE00CDF3F3F0000
(1779048026.027363) can0 18FD28F4#16D2FA6F00000000
(1779048026.028280) can0 4D4#000033007D0F0203
(1779048026.029281) can0 4D5#DF0CE00C3F3F0000
(1779048026.030389) can0 18914010#0CE0100CDF010000
(1779048026.031357) can0 18904010#020F020F753001FE
(1779048026.032351) can0 18FA28F4#E23DA12C10270000
(1779048026.033343) can0 18FB28F4#E00CDF0C3F3F0000
(1779048026.034364) can0 18FC28F4#383300000F020000
(1779048026.035346) can0 18F810F3#0F02E80333640100
(1779048026.036376) can0 18F815F3#0000000010030000
(1779048026.037275) can0 273#000000000F023300
(1779048026.038308) can0 1E1#020F271001FE01FE
(1779048026.039287) can0 1F5#0000000000000000
(1779048026.040383) can0 0800A6A9#0000000000000000
(1779048026.041351) can0 1000A6A9#0F02881333494949
(1779048026.042364) can0 1C00A6A9#0000000000030000
(1779048026.043395) can0 02018100#1003020F00000000
(1779048026.044372) can0 02028100#0000003364000000
(1779048026.045368) can0 02038100#0CE001100CDF0101
(1779048026.046403) can0 02048100#4901014901010000
(1779048026.047250) can0 1AD#9814000059331717
(1779048026.048262) can0 2AD#E00C800C98140016
(1779048026.049276) can0 3AD#0000000000009814
(1779048026.050288) can0 4AD#EB00000000000000
(1779048026.051282) can0 76A#7F00000000000000
(1779048026.113894) can0 0000E005#16D2430003B60591
(1779048026.114505) can0 1806E5F4#13EC010003B6023A
(1779048026.115415) can0 0000E000#13EC13EC020F0000
(1779048026.116350) can0 0000E004#171703B603B601E4
(1779048026.117363) can0 0000E006#0CDF0CDF0CDF0CDF
(1779048026.118373) can0 0000E007#0CDF0CDF0CDF0CDF
(1779048026.119378) can0 0000E008#0CDF0CDF0CDF0CDF
(1779048026.120358) can0 0000E009#0CDF0CDF0CDF0CE0
(1779048026.121388) can0 0000E010#0000000000000000
(1779048026.122382) can0 0000E011#0000000000000000
(1779048026.123415) can0 0000E012#0CDF000000000000
(1779048026.124396) can0 0000F001#0000000000000000
(1779048026.125377) can0 18FF28F4#10330000020F0000
(1779048026.126358) can0 18FE28F4#0CE00CDF3F3F0000
(1779048026.127358) can0 18FD28F4#16D2FA6F00000000
(1779048026.128275) can0 4D4#000033007D0F0203
(1779048026.129269) can0 4D5#DF0CE00C3F3F0000
(1779048026.130364) can0 18914010#0CE0100CDF010000
(1779048026.131415) can0 18904010#020F020F753001FE
(1779048026.132364) can0 18FA28F4#E23DA12C10270000
(1779048026.133359) can0 18FB28F4#E00CDF0C3F3F0000
(1779048026.134371) can0 18FC28F4#383300000F020000
(1779048026.135339) can0 18F810F3#0F02E80333640100
(1779048026.136384) can0 18F815F3#0000000010030000
(1779048026.137288) can0 273#000000000F023300
(1779048026.138270) can0 1E1#020F271001FE01FE
(1779048026.139296) can0 1F5#0000000000000000
(1779048026.140378) can0 0800A6A9#0000000000000000
(1779048026.141336) can0 1000A6A9#0F02881333494949
(1779048026.142371) can0 1C00A6A9#0000000000030000
(1779048026.143384) can0 02018100#1003020F00000000
(1779048026.144365) can0 02028100#0000003364000000
(1779048026.145361) can0 02038100#0CE001100CDF0101
(1779048026.146359) can0 02048100#4901014901010000
(1779048026.147257) can0 1AD#9814000059331717
(1779048026.148270) can0 2AD#E00C800C98140016
(1779048026.149283) can0 3AD#0000000000009814
(1779048026.150283) can0 4AD#EB00000000000000
(1779048026.151296) can0 76A#7F00000000000000
(1779048026.213904) can0 0000E005#16D2430003B60591
(1779048026.214515) can0 1806E5F4#13EC010003B6023A
(1779048026.215377) can0 0000E000#13EC13EC020F0000
(1779048026.216358) can0 0000E004#171703B603B601E4
(1779048026.217372) can0 0000E006#0CDF0CDF0CDF0CDF
(1779048026.218363) can0 0000E007#0CDF0CDF0CDF0CDF
(1779048026.219365) can0 0000E008#0CDF0CDF0CDF0CDF
(1779048026.220364) can0 0000E009#0CDF0CDF0CDF0CE0
(1779048026.221396) can0 0000E010#0000000000000000
(1779048026.222390) can0 0000E011#0000000000000000
(1779048026.223370) can0 0000E012#0CDF000000000000
(1779048026.224384) can0 0000F001#0000000000000000
(1779048026.225383) can0 18FF28F4#10330000020F0000
(1779048026.226344) can0 18FE28F4#0CE00CDF3F3F0000
(1779048026.227365) can0 18FD28F4#16D2FA6F00000000
(1779048026.228282) can0 4D4#000033007D0F0203
(1779048026.229276) can0 4D5#DF0CE00C3F3F0000
(1779048026.230357) can0 18914010#0CE0100CDF010000
(1779048026.231353) can0 18904010#020F020F753001FE
(1779048026.232353) can0 18FA28F4#E23DA12C10270000
(1779048026.233352) can0 18FB28F4#E00CDF0C3F3F0000
(1779048026.234366) can0 18FC28F4#383300000F020000
(1779048026.235347) can0 18F810F3#0F02E80333640100
(1779048026.236378) can0 18F815F3#0000000010030000
(1779048026.237277) can0 273#000000000F023300
(1779048026.238268) can0 1E1#020F271001FE01FE
(1779048026.239291) can0 1F5#0000000000000000
(1779048026.240385) can0 0800A6A9#0000000000000000
(1779048026.241335) can0 1000A6A9#0F02881333494949
(1779048026.242361) can0 1C00A6A9#0000000000030000
(1779048026.243381) can0 02018100#1003020F00000000
(1779048026.244379) can0 02028100#0000003364000000
(1779048026.245372) can0 02038100#0CE001100CDF0101
(1779048026.246367) can0 02048100#4901014901010000
(1779048026.247252) can0 1AD#9814000059331717
(1779048026.248264) can0 2AD#E00C800C98140016
(1779048026.249277) can0 3AD#0000000000009814
(1779048026.250284) can0 4AD#EB00000000000000
(1779048026.251285) can0 76A#7F00000000000000
(1779048026.313953) can0 0000E005#16D2430003B60591
(1779048026.314540) can0 1806E5F4#13EC010003B6023A
(1779048026.315371) can0 0000E000#13EC13EC020F0000
(1779048026.316351) can0 0000E004#171703B603B601E4
(1779048026.317365) can0 0000E006#0CDF0CDF0CDF0CDF
(1779048026.318369) can0 0000E007#0CDF0CDF0CDF0CDF
(1779048026.319367) can0 0000E008#0CDF0CDF0CDF0CDF
(1779048026.320358) can0 0000E009#0CDF0CDF0CDF0CE0
(1779048026.321391) can0 0000E010#0000000000000000
(1779048026.322404) can0 0000E011#0000000000000000
(1779048026.323365) can0 0000E012#0CDF000000000000
(1779048026.324385) can0 0000F001#0000000000000000
(1779048026.325378) can0 18FF28F4#10330000020F0000
(1779048026.326360) can0 18FE28F4#0CE00CDF3F3F0000
(1779048026.327360) can0 18FD28F4#16D2FA6F00000000
(1779048026.328277) can0 4D4#000033007D0F0203
(1779048026.329277) can0 4D5#DF0CE00C3F3F0000
(1779048026.330386) can0 18914010#0CE0100CDF010000
(1779048026.331366) can0 18904010#020F020F753001FE
(1779048026.332347) can0 18FA28F4#E23DA12C10270000
(1779048026.333366) can0 18FB28F4#E00CDF0C3F3F0000
(1779048026.334360) can0 18FC28F4#383300000F020000
(1779048026.335343) can0 18F810F3#0F02E80333640100
(1779048026.336391) can0 18F815F3#0000000010030000
(1779048026.337271) can0 273#000000000F023300
(1779048026.338290) can0 1E1#020F271001FE01FE
(1779048026.339280) can0 1F5#0000000000000000
(1779048026.340380) can0 0800A6A9#0000000000000000
(1779048026.341347) can0 1000A6A9#0F02881333494949
(1779048026.342374) can0 1C00A6A9#0000000000030000
(1779048026.343387) can0 02018100#1003020F00000000
(1779048026.344368) can0 02028100#0000003364000000
(1779048026.345366) can0 02038100#0CE001100CDF0101
(1779048026.346400) can0 02048100#4901014901010000
(1779048026.347260) can0 1AD#9814000059331717
(1779048026.348259) can0 2AD#E00C800C98140016
(1779048026.349291) can0 3AD#0000000000009814
(1779048026.350285) can0 4AD#EB00000000000000
(1779048026.351276) can0 76A#7F00000000000000
(1779048026.430946) can0 0000E005#16D2430003B60591
(1779048026.431529) can0 1806E5F4#13EC010003B6023A
(1779048026.432377) can0 0000E000#13EC13EC020F0000
(1779048026.433361) can0 0000E004#171703B603B601E4
(1779048026.434374) can0 0000E006#0CDF0CDF0CDF0CDF
(1779048026.435374) can0 0000E007#0CDF0CDF0CDF0CDF
(1779048026.436367) can0 0000E008#0CDF0CDF0CDF0CDF
(1779048026.437359) can0 0000E009#0CDF0CDF0CDF0CE0
(1779048026.438399) can0 0000E010#0000000000000000
(1779048026.439425) can0 0000E011#0000000000000000
(1779048026.440373) can0 0000E012#0CDF000000000000
(1779048026.441333) can0 0000E013#4542323630354C43
(1779048026.442368) can0 0000E014#3134323300000000
(1779048026.443387) can0 0000E015#0000000000000003
(1779048026.444380) can0 0000F000#0000000000000000
(1779048026.445381) can0 0000F001#0000000000000000
(1779048026.446381) can0 18FF28F4#10330000020F0000
(1779048026.447363) can0 18FE28F4#0CE00CDF3F3F0000
(1779048026.448356) can0 18FD28F4#16D2FA6F00000000
(1779048026.449267) can0 4D4#000033007D0F0203
(1779048026.450274) can0 4D5#DF0CE00C3F3F0000
(1779048026.451370) can0 18914010#0CE0100CDF010000
(1779048026.452362) can0 18904010#020F020F753001FE
(1779048026.453358) can0 18924010#3F013F0100000000
(1779048026.454363) can0 18934010#0000002E0000BD42
(1779048026.455375) can0 18944010#1003000000000000
(1779048026.456390) can0 18954010#0000000000000000
(1779048026.457387) can0 18954010#0100000000000000
(1779048026.458382) can0 18954010#0200000000000000
(1779048026.459382) can0 18954010#0300000000000000
(1779048026.460382) can0 18954010#0400000000000000
(1779048026.461375) can0 18954010#0500000000000000
(1779048026.462381) can0 18964010#003F3F3F00000000
(1779048026.463391) can0 18974010#0000000000000000
(1779048026.464370) can0 18984010#0000000000000000
(1779048026.465343) can0 18FA28F4#E23DA12C10270000
(1779048026.466364) can0 18FB28F4#E00CDF0C3F3F0000
(1779048026.467357) can0 18FC28F4#383300000F020000
(1779048026.468351) can0 18F810F3#0F02E80333640100
(1779048026.469364) can0 18F811F3#E00C1001DF0C0101
(1779048026.470366) can0 18F812F3#3F01013F01010000
(1779048026.471376) can0 18F813F3#0101000000000000
(1779048026.472357) can0 18F814F3#3200BA1AA9015F00
(1779048026.473368) can0 18F815F3#0000000010030000
(1779048026.474268) can0 273#000000000F023300
(1779048026.475262) can0 1E1#020F271001FE01FE
(1779048026.476294) can0 1F5#0000000000000000
(1779048026.477363) can0 0800A6A9#0000000000000000
(1779048026.478339) can0 1000A6A9#0F02881333494949
(1779048026.479363) can0 1C00A6A9#0000000000030000
(1779048026.480377) can0 02018100#1003020F00000000
(1779048026.481364) can0 02028100#0000003364000000
(1779048026.482358) can0 02038100#0CE001100CDF0101
(1779048026.483358) can0 02048100#4901014901010000
(1779048026.484275) can0 1AD#9814000059331717
(1779048026.485249) can0 2AD#E00C800C98140016
(1779048026.486269) can0 3AD#0000000000009814
(1779048026.487283) can0 4AD#EB00000000000000
(1779048026.488282) can0 76A#7F00000000000000
(1779048026.546891) can0 0000E005#16D2430003B60591
(1779048026.547537) can0 1806E5F4#13EC010003B6023A
(1779048026.548378) can0 0000E000#13EC13EC020F0000
(1779048026.549344) can0 0000E004#171703B603B601E4
