(1778535282.597851) can0 0000E005#15273E0003B60591
(1778535282.598435) can0 1806E5F4#13EC010003B6023A
(1778535282.599185) can0 0000E000#13EC13EC020F0000
(1778535282.600157) can0 0000E004#111103B603B601E4
(1778535282.601196) can0 0000E006#0CE00CE00CE00CE0
(1778535282.602158) can0 0000E007#0CE00CE00CE00CE0
(1778535282.603158) can0 0000E008#0CE00CE00CE00CE0
(1778535282.604153) can0 0000E009#0CE00CE00CE00CE2
(1778535282.605202) can0 0000E010#0000000000000000
(1778535282.606197) can0 0000E011#0000000000000000
(1778535282.607183) can0 0000E012#0CE0000200000000
(1778535282.608197) can0 0000F001#0000000000000000
(1778535282.609223) can0 18FF28F4#10330000020F0000
(1778535282.610158) can0 18FE28F4#0CE20CE039390000
(1778535282.611171) can0 18FD28F4#1527FA6F00000000
(1778535282.612066) can0 4D4#000033007D0F0203
(1778535282.613070) can0 4D5#E00CE20C39390000
(1778535282.614165) can0 18914010#0CE2100CE0020000
(1778535282.615178) can0 18904010#020F0000753001FE
(1778535282.616154) can0 18FA28F4#373CA12C10270000
(1778535282.617209) can0 18FB28F4#E20CE00C39390000
(1778535282.618171) can0 18FC28F4#383300000F020000
(1778535282.619156) can0 18F810F3#0F02E80333640100
(1778535282.620185) can0 18F815F3#0000000010030000
(1778535282.621082) can0 273#000000000F023300
(1778535282.622083) can0 1E1#020F271001FE01FE
(1778535282.623096) can0 1F5#0000000000000000
(1778535282.624187) can0 0800A6A9#0000000000000000
(1778535282.625190) can0 1000A6A9#0F02881333434343
(1778535282.626171) can0 1C00A6A9#0000000000030000
(1778535282.627185) can0 02018100#1003020F00000000
(1778535282.628178) can0 02028100#0000003364000000
(1778535282.629177) can0 02038100#0CE201100CE00102
(1778535282.630158) can0 02048100#4301014301010000
(1778535282.714836) can0 0000E005#15273E0003B60591
(1778535282.715437) can0 1806E5F4#13EC010003B6023A
(1778535282.716170) can0 0000E000#13EC13EC020F0000
(1778535282.717155) can0 0000E004#111103B603B601E4
(1778535282.718155) can0 0000E006#0CE00CE00CE00CE0
(1778535282.719145) can0 0000E007#0CE00CE00CE00CE0
(1778535282.720150) can0 0000E008#0CE00CE00CE00CE0
(1778535282.721147) can0 0000E009#0CE00CE00CE00CE2
(1778535282.722194) can0 0000E010#0000000000000000
(1778535282.723185) can0 0000E011#0000000000000000
(1778535282.724176) can0 0000E012#0CE1000200000000
(1778535282.725138) can0 0000E013#4542323630354C43
(1778535282.726169) can0 0000E014#3134323300000000
(1778535282.727181) can0 0000E015#0000000000000003
(1778535282.728195) can0 0000F000#0000000000000000
(1778535282.729196) can0 0000F001#0000000000000000
(1778535282.730177) can0 18FF28F4#10330000020F0000
(1778535282.731153) can0 18FE28F4#0CE20CE039390000
(1778535282.732156) can0 18FD28F4#1527FA6F00000000
(1778535282.733072) can0 4D4#000033007D0F0203
(1778535282.734054) can0 4D5#E00CE20C39390000
(1778535282.735142) can0 18914010#0CE2100CE00F0000
(1778535282.736162) can0 18904010#020F0000753001FE
(1778535282.737142) can0 18FA28F4#373CA12C10270000
(1778535282.738157) can0 18FB28F4#E20CE00C39390000
(1778535282.739188) can0 18FC28F4#383300000F020000
(1778535282.740156) can0 18F810F3#0F02E80333640100
(1778535282.741170) can0 18F811F3#E20C1001E00C0F01
(1778535282.742164) can0 18F812F3#3901013901010000
(1778535282.743176) can0 18F813F3#0101000000000000
(1778535282.744164) can0 18F814F3#32000F19A9015F00
(1778535282.745176) can0 18F815F3#0000000010030000
(1778535282.746074) can0 273#000000000F023300
(1778535282.747082) can0 1E1#020F271001FE01FE
(1778535282.748100) can0 1F5#0000000000000000
(1778535282.749175) can0 0800A6A9#0000000000000000
(1778535282.750143) can0 1000A6A9#0F02881333434343
(1778535282.751168) can0 1C00A6A9#0000000000030000
(1778535282.752182) can0 02018100#1003020F00000000
(1778535282.753181) can0 02028100#0000003364000000
(1778535282.754162) can0 02038100#0CE201100CE0010F
(1778535282.755184) can0 02048100#4301014301010000
(1778535282.812842) can0 0000E005#15273E0003B60591
(1778535282.813440) can0 1806E5F4#13EC010003B6023A
(1778535282.814177) can0 0000E000#13EC13EC020F0000
(1778535282.815137) can0 0000E004#111103B603B601E4
(1778535282.816161) can0 0000E006#0CE00CE00CE00CE0
(1778535282.817139) can0 0000E007#0CE00CE00CE00CE0
(1778535282.818152) can0 0000E008#0CE00CE00CE00CE0
(1778535282.819133) can0 0000E009#0CE00CE00CE00CE2
(1778535282.820185) can0 0000E010#0000000000000000
(1778535282.821177) can0 0000E011#0000000000000000
(1778535282.822158) can0 0000E012#0CE1000200000000
(1778535282.823170) can0 0000F001#0000000000000000
(1778535282.824190) can0 18FF28F4#10330000020F0000
(1778535282.825140) can0 18FE28F4#0CE20CE039390000
(1778535282.826153) can0 18FD28F4#1527FA6F00000000
(1778535282.827068) can0 4D4#000033007D0F0203
(1778535282.828050) can0 4D5#E00CE20C39390000
(1778535282.829147) can0 18914010#0CE2100CE00F0000
(1778535282.830158) can0 18904010#020F0000753001FE
(1778535282.831139) can0 18FA28F4#373CA12C10270000
(1778535282.832172) can0 18FB28F4#E20CE00C39390000
(1778535282.833172) can0 18FC28F4#383300000F020000
(1778535282.834133) can0 18F810F3#0F02E80333640100
(1778535282.835178) can0 18F815F3#0000000010030000
(1778535282.836066) can0 273#000000000F023300
(1778535282.837064) can0 1E1#020F271001FE01FE
(1778535282.838095) can0 1F5#0000000000000000
(1778535282.839168) can0 0800A6A9#0000000000000000
(1778535282.840172) can0 1000A6A9#0F02881333434343
(1778535282.841165) can0 1C00A6A9#0000000000030000
(1778535282.842184) can0 02018100#1003020F00000000
(1778535282.843165) can0 02028100#0000003364000000
(1778535282.844146) can0 02038100#0CE201100CE0010F
(1778535282.845159) can0 02048100#4301014301010000
(1778535282.912808) can0 0000E005#15273E0003B60591
(1778535282.913443) can0 1806E5F4#13EC010003B6023A
(1778535282.914161) can0 0000E000#13EC13EC020F0000
(1778535282.915141) can0 0000E004#111103B603B601E4
(1778535282.916142) can0 0000E006#0CE00CE00CE00CE0
(1778535282.917186) can0 0000E007#0CE00CE00CE00CE0
(1778535282.918135) can0 0000E008#0CE00CE00CE00CE0
(1778535282.919134) can0 0000E009#0CE00CE00CE00CE2
(1778535282.920180) can0 0000E010#0000000000000000
(1778535282.921180) can0 0000E011#0000000000000000
(1778535282.922160) can0 0000E012#0CE1000200000000
(1778535282.923174) can0 0000F001#0000000000000000
(1778535282.924174) can0 18FF28F4#10330000020F0000
(1778535282.925181) can0 18FE28F4#0CE20CE039390000
(1778535282.926148) can0 18FD28F4#1527FA6F00000000
(1778535282.927065) can0 4D4#000033007D0F0203
(1778535282.928047) can0 4D5#E00CE20C39390000
(1778535282.929141) can0 18914010#0CE2100CE00F0000
(1778535282.930155) can0 18904010#020F0000753001FE
(1778535282.931136) can0 18FA28F4#373CA12C10270000
(1778535282.932136) can0 18FB28F4#E20CE00C39390000
(1778535282.933167) can0 18FC28F4#383300000F020000
(1778535282.934129) can0 18F810F3#0F02E80333640100
(1778535282.935174) can0 18F815F3#0000000010030000
(1778535282.936060) can0 273#000000000F023300
(1778535282.937052) can0 1E1#020F271001FE01FE
(1778535282.938085) can0 1F5#0000000000000000
(1778535282.939167) can0 0800A6A9#0000000000000000
(1778535282.940130) can0 1000A6A9#0F02881333434343
(1778535282.941159) can0 1C00A6A9#0000000000030000
(1778535282.942175) can0 02018100#1003020F00000000
(1778535282.943155) can0 02028100#0000003364000000
(1778535282.944156) can0 02038100#0CE201100CE0010F
(1778535282.945148) can0 02048100#4301014301010000
(1778535283.012831) can0 0000E005#15273E0003B60591
(1778535283.013446) can0 1806E5F4#13EC010003B6023A
(1778535283.014165) can0 0000E000#13EC13EC020F0000
(1778535283.015130) can0 0000E004#111103B603B601E4
(1778535283.016145) can0 0000E006#0CE00CE00CE00CE0
(1778535283.017145) can0 0000E007#0CE00CE00CE00CE0
(1778535283.018138) can0 0000E008#0CE00CE00CE00CE0
(1778535283.019135) can0 0000E009#0CE00CE00CE00CE0
(1778535283.020171) can0 0000E010#0000000000000000
(1778535283.021165) can0 0000E011#0000000000000000
(1778535283.022164) can0 0000E012#0CE0000000000000
(1778535283.023176) can0 0000F001#0000000000000000
(1778535283.024158) can0 18FF28F4#10330000020F0000
(1778535283.025138) can0 18FE28F4#0CE00CE039390000
(1778535283.026140) can0 18FD28F4#1527FA6F00000000
(1778535283.027047) can0 4D4#000033007D0F0203
(1778535283.028050) can0 4D5#E00CE00C39390000
(1778535283.029147) can0 18914010#0CE0010CE0020000
(1778535283.030145) can0 18904010#020F0000753001FE
(1778535283.031121) can0 18FA28F4#373CA12C10270000
(1778535283.032140) can0 18FB28F4#E00CE00C39390000
(1778535283.033151) can0 18FC28F4#383300000F020000
(1778535283.034132) can0 18F810F3#0F02E80333640100
(1778535283.035164) can0 18F815F3#0000000010030000
(1778535283.036063) can0 273#000000000F023300
(1778535283.037044) can0 1E1#020F271001FE01FE
(1778535283.038075) can0 1F5#0000000000000000
(1778535283.039169) can0 0800A6A9#0000000000000000
(1778535283.040120) can0 1000A6A9#0F02881333434343
(1778535283.041152) can0 1C00A6A9#0000000000030000
(1778535283.042164) can0 02018100#1003020F00000000
(1778535283.043159) can0 02028100#0000003364000000
(1778535283.044145) can0 02038100#0CE001010CE00102
(1778535283.045139) can0 02048100#4301014301010000
(1778535283.112828) can0 0000E005#15273E0003B60591
(1778535283.113449) can0 1806E5F4#13EC010003B6023A
(1778535283.114161) can0 0000E000#13EC13EC020F0000
(1778535283.115129) can0 0000E004#111103B603B601E4
(1778535283.116142) can0 0000E006#0CE00CE00CE00CE0
(1778535283.117122) can0 0000E007#0CE00CE00CE00CE0
(1778535283.118140) can0 0000E008#0CE00CE00CE00CE0
(1778535283.119134) can0 0000E009#0CE00CE00CE00CE0
(1778535283.120162) can0 0000E010#0000000000000000
(1778535283.121166) can0 0000E011#0000000000000000
(1778535283.122160) can0 0000E012#0CE0000000000000
(1778535283.123172) can0 0000F001#0000000000000000
(1778535283.124173) can0 18FF28F4#10330000020F0000
(1778535283.125135) can0 18FE28F4#0CE00CE039390000
(1778535283.126135) can0 18FD28F4#1527FA6F00000000
(1778535283.127052) can0 4D4#000033007D0F0203
(1778535283.128027) can0 4D5#E00CE00C39390000
(1778535283.129141) can0 18914010#0CE0010CE0020000
(1778535283.130142) can0 18904010#020F0000753001FE
(1778535283.131123) can0 18FA28F4#373CA12C10270000
(1778535283.132147) can0 18FB28F4#E00CE00C39390000
(1778535283.133148) can0 18FC28F4#383300000F020000
(1778535283.134129) can0 18F810F3#0F02E80333640100
(1778535283.135161) can0 18F815F3#0000000010030000
(1778535283.136059) can0 273#000000000F023300
(1778535283.137040) can0 1E1#020F271001FE01FE
(1778535283.138071) can0 1F5#0000000000000000
(1778535283.139148) can0 0800A6A9#0000000000000000
(1778535283.140142) can0 1000A6A9#0F02881333434343
(1778535283.141148) can0 1C00A6A9#0000000000030000
(1778535283.142160) can0 02018100#1003020F00000000
(1778535283.143158) can0 02028100#0000003364000000
(1778535283.144131) can0 02038100#0CE001010CE00102
(1778535283.145136) can0 02048100#4301014301010000
(1778535283.229818) can0 0000E005#15273E0003B60591
(1778535283.230452) can0 1806E5F4#13EC010003B6023A
(1778535283.231158) can0 0000E000#13EC13EC020F0000
(1778535283.232120) can0 0000E004#111103B603B601E4
(1778535283.233163) can0 0000E006#0CE00CE00CE00CE0
(1778535283.234113) can0 0000E007#0CE00CE00CE00CE0
(1778535283.235122) can0 0000E008#0CE00CE00CE00CE0
(1778535283.236126) can0 0000E009#0CE00CE00CE00CE0
(1778535283.237157) can0 0000E010#0000000000000000
(1778535283.238158) can0 0000E011#0000000000000000
(1778535283.239149) can0 0000E012#0CE0000000000000
(1778535283.240101) can0 0000E013#4542323630354C43
(1778535283.241132) can0 0000E014#3134323300000000
(1778535283.242145) can0 0000E015#0000000000000003
(1778535283.243157) can0 0000F000#0000000000000000
(1778535283.244158) can0 0000F001#0000000000000000
(1778535283.245151) can0 18FF28F4#10330000020F0000
(1778535283.246119) can0 18FE28F4#0CE00CE039390000
(1778535283.247129) can0 18FD28F4#1527FA6F00000000
(1778535283.248050) can0 4D4#000033007D0F0203
(1778535283.249030) can0 4D5#E00CE00C39390000
(1778535283.250126) can0 18914010#0CE0010CE0020000
(1778535283.251134) can0 18904010#020F0000753001FE
(1778535283.252120) can0 18FA28F4#373CA12C10270000
(1778535283.253119) can0 18FB28F4#E00CE00C39390000
(1778535283.254132) can0 18FC28F4#383300000F020000
(1778535283.255113) can0 18F810F3#0F02E80333640100
(1778535283.256127) can0 18F811F3#E00C0101E00C0201
(1778535283.257126) can0 18F812F3#3901013901010000
(1778535283.258158) can0 18F813F3#0101000000000000
(1778535283.259115) can0 18F814F3#32000F19A9015F00
(1778535283.260152) can0 18F815F3#0000000010030000
(1778535283.261050) can0 273#000000000F023300
(1778535283.262031) can0 1E1#020F271001FE01FE
(1778535283.263051) can0 1F5#0000000000000000
(1778535283.264152) can0 0800A6A9#0000000000000000
(1778535283.265114) can0 1000A6A9#0F02881333434343
(1778535283.266145) can0 1C00A6A9#0000000000030000
(1778535283.267158) can0 02018100#1003020F00000000
(1778535283.268140) can0 02028100#0000003364000000
(1778535283.269133) can0 02038100#0CE001010CE00102
(1778535283.270145) can0 02048100#4301014301010000
(1778535283.327787) can0 0000E005#15273E0003B60591
(1778535283.328394) can0 1806E5F4#13EC010003B6023A
(1778535283.329148) can0 0000E000#13EC13EC020F0000
(1778535283.330110) can0 0000E004#111103B603B601E4
(1778535283.331122) can0 0000E006#0CE00CE00CE00CE0
(1778535283.332123) can0 0000E007#0CE00CE00CE00CE0
(1778535283.333122) can0 0000E008#0CE00CE00CE00CE0
(1778535283.334122) can0 0000E009#0CE00CE00CE00CE0
(1778535283.335147) can0 0000E010#0000000000000000
(1778535283.336148) can0 0000E011#0000000000000000
(1778535283.337147) can0 0000E012#0CE0000000000000
(1778535283.338160) can0 0000F001#0000000000000000
(1778535283.339140) can0 18FF28F4#10330000020F0000
(1778535283.340123) can0 18FE28F4#0CE00CE039390000
(1778535283.341122) can0 18FD28F4#1527FA6F00000000
(1778535283.342033) can0 4D4#000033007D0F0203
(1778535283.343030) can0 4D5#E00CE00C39390000
(1778535283.344133) can0 18914010#0CE0010CE0020000
(1778535283.345129) can0 18904010#020F0000753001FE
(1778535283.346110) can0 18FA28F4#373CA12C10270000
(1778535283.347122) can0 18FB28F4#E00CE00C39390000
(1778535283.348135) can0 18FC28F4#383300000F020000
(1778535283.349116) can0 18F810F3#0F02E80333640100
(1778535283.350148) can0 18F815F3#0000000010030000
(1778535283.351041) can0 273#000000000F023300
(1778535283.352028) can0 1E1#020F271001FE01FE
(1778535283.353059) can0 1F5#0000000000000000
(1778535283.354135) can0 0800A6A9#0000000000000000
(1778535283.355115) can0 1000A6A9#0F02881333434343
(1778535283.356136) can0 1C00A6A9#0000000000030000
(1778535283.357148) can0 02018100#1003020F00000000
(1778535283.358141) can0 02028100#0000003364000000
(1778535283.359123) can0 02038100#0CE001010CE00102
(1778535283.360123) can0 02048100#4301014301010000
(1778535283.427767) can0 0000E005#15273E0003B60591
(1778535283.428356) can0 1806E5F4#13EC010003B6023A
(1778535283.429134) can0 0000E000#13EC13EC020F0000
(1778535283.430118) can0 0000E004#111103B603B601E4
(1778535283.431118) can0 0000E006#0CE00CE00CE00CE0
(1778535283.432132) can0 0000E007#0CE00CE00CE00CE0
(1778535283.433109) can0 0000E008#0CE00CE00CE00CE0
(1778535283.434112) can0 0000E009#0CE00CE00CE00CE0
(1778535283.435144) can0 0000E010#0000000000000000
(1778535283.436138) can0 0000E011#0000000000000000
(1778535283.437137) can0 0000E012#0CE0000000000000
(1778535283.438150) can0 0000F001#0000000000000000
(1778535283.439131) can0 18FF28F4#10330000020F0000
(1778535283.440146) can0 18FE28F4#0CE00CE039390000
(1778535283.441121) can0 18FD28F4#1527FA6F00000000
(1778535283.442030) can0 4D4#000033007D0F0203
(1778535283.443024) can0 4D5#E00CE00C39390000
(1778535283.444119) can0 18914010#0CE0010CE0020000
(1778535283.445115) can0 18904010#020F0000753001FE
(1778535283.446113) can0 18FA28F4#373CA12C10270000
(1778535283.447113) can0 18FB28F4#E00CE00C39390000
(1778535283.448158) can0 18FC28F4#383300000F020000
(1778535283.449107) can0 18F810F3#0F02E80333640100
(1778535283.450138) can0 18F815F3#0000000010030000
(1778535283.451037) can0 273#000000000F023300
(1778535283.452019) can0 1E1#020F271001FE01FE
(1778535283.453044) can0 1F5#0000000000000000
(1778535283.454132) can0 0800A6A9#0000000000000000
(1778535283.455094) can0 1000A6A9#0F02881333434343
(1778535283.456171) can0 1C00A6A9#0000000000030000
(1778535283.457133) can0 02018100#1003020F00000000
(1778535283.458138) can0 02028100#0000003364000000
(1778535283.459113) can0 02038100#0CE001010CE00102
(1778535283.460114) can0 02048100#4301014301010000
(1778535283.527795) can0 0000E005#15273E0003B60591
(1778535283.528384) can0 1806E5F4#13EC010003B6023A
(1778535283.529135) can0 0000E000#13EC13EC020F0000
(1778535283.530116) can0 0000E004#111103B603B601E4
(1778535283.531107) can0 0000E006#0CE00CE00CE00CE0
(1778535283.532115) can0 0000E007#0CE00CE00CE00CE0
(1778535283.533159) can0 0000E008#0CE00CE00CE00CE0
(1778535283.534109) can0 0000E009#0CE00CE00CE00CE0
(1778535283.535135) can0 0000E010#0000000000000000
(1778535283.536135) can0 0000E011#0000000000000000
(1778535283.537135) can0 0000E012#0CE0000000000000
(1778535283.538148) can0 0000F001#0000000000000000
(1778535283.539129) can0 18FF28F4#10330000020F0000
(1778535283.540111) can0 18FE28F4#0CE00CE039390000
(1778535283.541123) can0 18FD28F4#1527FA6F00000000
(1778535283.542027) can0 4D4#000033007D0F0203
(1778535283.543017) can0 4D5#E00CE00C39390000
(1778535283.544117) can0 18914010#0CE0010CE0040000
(1778535283.545115) can0 18904010#020F0000753001FE
(1778535283.546112) can0 18FA28F4#373CA12C10270000
(1778535283.547104) can0 18FB28F4#E00CE00C39390000
(1778535283.548123) can0 18FC28F4#383300000F020000
(1778535283.549103) can0 18F810F3#0F02E80333640100
(1778535283.550135) can0 18F815F3#0000000010030000
(1778535283.551033) can0 273#000000000F023300
(1778535283.552015) can0 1E1#020F271001FE01FE
(1778535283.553046) can0 1F5#0000000000000000
(1778535283.554122) can0 0800A6A9#0000000000000000
(1778535283.555085) can0 1000A6A9#0F02881333434343
(1778535283.556123) can0 1C00A6A9#0000000000030000
(1778535283.557135) can0 02018100#1003020F00000000
(1778535283.558135) can0 02028100#0000003364000000
(1778535283.559121) can0 02038100#0CE001010CE00104
(1778535283.560110) can0 02048100#4301014301010000
(1778535283.627792) can0 0000E005#15273E0003B60591
(1778535283.628381) can0 1806E5F4#13EC010003B6023A
(1778535283.629133) can0 0000E000#13EC13EC020F0000
(1778535283.630099) can0 0000E004#111103B603B601E4
(1778535283.631100) can0 0000E006#0CE00CE00CE00CE0
(1778535283.632099) can0 0000E007#0CE00CE00CE00CE0
(1778535283.633104) can0 0000E008#0CE00CE00CE00CE0
(1778535283.634107) can0 0000E009#0CE00CE00CE00CE0
(1778535283.635137) can0 0000E010#0000000000000000
(1778535283.636138) can0 0000E011#0000000000000000
(1778535283.637133) can0 0000E012#0CE0000000000000
(1778535283.638132) can0 0000F001#0000000000000000
(1778535283.639132) can0 18FF28F4#10330000020F0000
(1778535283.640113) can0 18FE28F4#0CE00CE039390000
(1778535283.641107) can0 18FD28F4#1527FA6F00000000
(1778535283.642023) can0 4D4#000033007D0F0203
(1778535283.643004) can0 4D5#E00CE00C39390000
(1778535283.644119) can0 18914010#0CE0010CE0040000
(1778535283.645111) can0 18904010#020F0000753001FE
(1778535283.646100) can0 18FA28F4#373CA12C10270000
(1778535283.647093) can0 18FB28F4#E00CE00C39390000
(1778535283.648126) can0 18FC28F4#383300000F020000
(1778535283.649084) can0 18F810F3#0F02E80333640100
(1778535283.650118) can0 18F815F3#0000000010030000
(1778535283.651023) can0 273#000000000F023300
(1778535283.652017) can0 1E1#020F271001FE01FE
(1778535283.653030) can0 1F5#0000000000000000
(1778535283.654125) can0 0800A6A9#0000000000000000
(1778535283.655106) can0 1000A6A9#0F02881333434343
(1778535283.656119) can0 1C00A6A9#0000000000030000
(1778535283.657135) can0 02018100#1003020F00000000
(1778535283.658119) can0 02028100#0000003364000000
(1778535283.659116) can0 02038100#0CE001010CE00104
(1778535283.660113) can0 02048100#4301014301010000
(1778535283.744771) can0 0000E005#15273E0003B60591
(1778535283.745360) can0 1806E5F4#13EC010003B6023A
(1778535283.746115) can0 0000E000#13EC13EC020F0000
(1778535283.747096) can0 0000E004#111103B603B601E4
(1778535283.748129) can0 0000E006#0CE00CE00CE00CE0
(1778535283.749090) can0 0000E007#0CE00CE00CE00CE0
(1778535283.750090) can0 0000E008#0CE00CE00CE00CE0
(1778535283.751083) can0 0000E009#0CE00CE00CE00CE2
(1778535283.752130) can0 0000E010#0000000000000000
(1778535283.753128) can0 0000E011#0000000000000000
(1778535283.754109) can0 0000E012#0CE1000200000000
(1778535283.755081) can0 0000E013#4542323630354C43
(1778535283.756151) can0 0000E014#3134323300000000
(1778535283.757122) can0 0000E015#0000000000000003
(1778535283.758134) can0 0000F000#0000000000000000
(1778535283.759128) can0 0000F001#0000000000000000
(1778535283.760110) can0 18FF28F4#10330000020F0000
(1778535283.761097) can0 18FE28F4#0CE20CE039390000
(1778535283.762110) can0 18FD28F4#1527FA6F00000000
(1778535283.763008) can0 4D4#000033007D0F0203
(1778535283.764031) can0 4D5#E00CE20C39390000
(1778535283.765097) can0 18914010#0CE2100CE0020000
(1778535283.766097) can0 18904010#020F0000753001FE
(1778535283.767097) can0 18FA28F4#373CA12C10270000
(1778535283.768089) can0 18FB28F4#E20CE00C39390000
(1778535283.769109) can0 18FC28F4#383300000F020000
(1778535283.770096) can0 18F810F3#0F02E80333640100
(1778535283.771104) can0 18F811F3#E20C1001E00C0201
(1778535283.772098) can0 18F812F3#3901013901010000
(1778535283.773129) can0 18F813F3#0101000000000000
(1778535283.774097) can0 18F814F3#32000F19A9015F00
(1778535283.775122) can0 18F815F3#0000000010030000
(1778535283.776017) can0 273#000000000F023300
(1778535283.777002) can0 1E1#020F271001FE01FE
(1778535283.778034) can0 1F5#0000000000000000
(1778535283.779114) can0 0800A6A9#0000000000000000
(1778535283.780067) can0 1000A6A9#0F02881333434343
(1778535283.781103) can0 1C00A6A9#0000000000030000
(1778535283.782129) can0 02018100#1003020F00000000
(1778535283.783110) can0 02028100#0000003364000000
(1778535283.784111) can0 02038100#0CE201100CE00102
(1778535283.785104) can0 02048100#4301014301010000
(1778535283.842781) can0 0000E005#15273E0003B60591
(1778535283.843361) can0 1806E5F4#13EC010003B6023A
(1778535283.844112) can0 0000E000#13EC13EC020F0000
(1778535283.845080) can0 0000E004#111103B603B601E4
(1778535283.846099) can0 0000E006#0CE00CE00CE00CE0
(1778535283.847091) can0 0000E007#0CE00CE00CE00CE0
(1778535283.848094) can0 0000E008#0CE00CE00CE00CE0
(1778535283.849087) can0 0000E009#0CE00CE00CE00CE2
(1778535283.850119) can0 0000E010#0000000000000000
(1778535283.851118) can0 0000E011#0000000000000000
(1778535283.852101) can0 0000E012#0CE1000200000000
(1778535283.853130) can0 0000F001#0000000000000000
(1778535283.854113) can0 18FF28F4#10330000020F0000
(1778535283.855087) can0 18FE28F4#0CE20CE039390000
(1778535283.856107) can0 18FD28F4#1527FA6F00000000
(1778535283.857004) can0 4D4#000033007D0F0203
(1778535283.857985) can0 4D5#E00CE20C39390000
(1778535283.859092) can0 18914010#0CE2100CE0020000
(1778535283.860093) can0 18904010#020F0000753001FE
(1778535283.861093) can0 18FA28F4#373CA12C10270000
(1778535283.862087) can0 18FB28F4#E20CE00C39390000
(1778535283.863106) can0 18FC28F4#383300000F020000
(1778535283.864087) can0 18F810F3#0F02E80333640100
(1778535283.865112) can0 18F815F3#0000000010030000
(1778535283.866011) can0 273#000000000F023300
(1778535283.867011) can0 1E1#020F271001FE01FE
(1778535283.868024) can0 1F5#0000000000000000
(1778535283.869119) can0 0800A6A9#0000000000000000
(1778535283.870088) can0 1000A6A9#0F02881333434343
(1778535283.871092) can0 1C00A6A9#0000000000030000
(1778535283.872133) can0 02018100#1003020F00000000
(1778535283.873118) can0 02028100#0000003364000000
(1778535283.874106) can0 02038100#0CE201100CE00102
(1778535283.875101) can0 02048100#4301014301010000
(1778535283.942731) can0 0000E005#15273E0003B60591
(1778535283.943320) can0 1806E5F4#13EC010003B6023A
(1778535283.944108) can0 0000E000#13EC13EC020F0000
(1778535283.945082) can0 0000E004#111103B603B601E4
(1778535283.946083) can0 0000E006#0CE00CE00CE00CE0
(1778535283.947083) can0 0000E007#0CE00CE00CE00CE0
(1778535283.948078) can0 0000E008#0CE00CE00CE00CE0
(1778535283.949071) can0 0000E009#0CE00CE00CE00CE2
(1778535283.950121) can0 0000E010#0000000000000000
(1778535283.951122) can0 0000E011#0000000000000000
(1778535283.952102) can0 0000E012#0CE1000200000000
(1778535283.953115) can0 0000F001#0000000000000000
(1778535283.954115) can0 18FF28F4#10330000020F0000
(1778535283.955096) can0 18FE28F4#0CE20CE039390000
(1778535283.956090) can0 18FD28F4#1527FA6F00000000
(1778535283.957006) can0 4D4#000033007D0F0203
(1778535283.957988) can0 4D5#E00CE20C39390000
(1778535283.959084) can0 18914010#0CE2100CE0020000
(1778535283.960097) can0 18904010#020F0000753001FE
(1778535283.961079) can0 18FA28F4#373CA12C10270000
(1778535283.962077) can0 18FB28F4#E20CE00C39390000
(1778535283.963127) can0 18FC28F4#383300000F020000
(1778535283.964072) can0 18F810F3#0F02E80333640100
(1778535283.965122) can0 18F815F3#0000000010030000
(1778535283.966002) can0 273#000000000F023300
(1778535283.967001) can0 1E1#020F271001FE01FE
(1778535283.968027) can0 1F5#0000000000000000
(1778535283.969106) can0 0800A6A9#0000000000000000
(1778535283.970071) can0 1000A6A9#0F02881333434343
(1778535283.971122) can0 1C00A6A9#0000000000030000
(1778535283.972116) can0 02018100#1003020F00000000
(1778535283.973095) can0 02028100#0000003364000000
(1778535283.974097) can0 02038100#0CE201100CE00102
(1778535283.975090) can0 02048100#4301014301010000
(1778535284.042765) can0 0000E005#15273E0003B60591
(1778535284.043355) can0 1806E5F4#13EC010003B6023A
(1778535284.044112) can0 0000E000#13EC13EC020F0000
(1778535284.045074) can0 0000E004#111103B603B601E4
(1778535284.046086) can0 0000E006#0CE00CE00CE00CE0
(1778535284.047078) can0 0000E007#0CE00CE00CE00CE0
(1778535284.048099) can0 0000E008#0CE00CE00CE00CE0
(1778535284.049061) can0 0000E009#0CE00CE00CE00CE2
(1778535284.050111) can0 0000E010#0000000000000000
(1778535284.051105) can0 0000E011#0000000000000000
(1778535284.052106) can0 0000E012#0CE0000200000000
(1778535284.053118) can0 0000F001#0000000000000000
(1778535284.054099) can0 18FF28F4#10330000020F0000
(1778535284.055080) can0 18FE28F4#0CE20CE039390000
(1778535284.056112) can0 18FD28F4#1527FA6F00000000
(1778535284.056997) can0 4D4#000033007D0F0203
(1778535284.057978) can0 4D5#E00CE20C39390000
(1778535284.059070) can0 18914010#0CE2100CE0020000
(1778535284.060087) can0 18904010#020F0000753001FE
(1778535284.061067) can0 18FA28F4#373CA12C10270000
(1778535284.062080) can0 18FB28F4#E20CE00C39390000
(1778535284.063090) can0 18FC28F4#383300000F020000
(1778535284.064112) can0 18F810F3#0F02E80333640100
(1778535284.065106) can0 18F815F3#0000000010030000
(1778535284.066004) can0 273#000000000F023300
(1778535284.066985) can0 1E1#020F271001FE01FE
(1778535284.068017) can0 1F5#0000000000000000
(1778535284.069094) can0 0800A6A9#0000000000000000
(1778535284.070061) can0 1000A6A9#0F02881333434343
(1778535284.071086) can0 1C00A6A9#0000000000030000
(1778535284.072157) can0 02018100#1003020F00000000
(1778535284.073100) can0 02028100#0000003364000000
(1778535284.074081) can0 02038100#0CE201100CE00102
(1778535284.075075) can0 02048100#4301014301010000
(1778535284.142747) can0 0000E005#15273E0003B60591
(1778535284.143339) can0 1806E5F4#13EC010003B6023A
(1778535284.144095) can0 0000E000#13EC13EC020F0000
(1778535284.145076) can0 0000E004#111103B603B601E4
(1778535284.146070) can0 0000E006#0CE00CE00CE00CE0
(1778535284.147070) can0 0000E007#0CE00CE00CE00CE0
(1778535284.148070) can0 0000E008#0CE00CE00CE00CE0
(1778535284.149111) can0 0000E009#0CE00CE00CE00CE2
(1778535284.150108) can0 0000E010#0000000000000000
(1778535284.151108) can0 0000E011#0000000000000000
(1778535284.152089) can0 0000E012#0CE0000200000000
(1778535284.153100) can0 0000F001#0000000000000000
(1778535284.154101) can0 18FF28F4#10330000020F0000
(1778535284.155064) can0 18FE28F4#0CE20CE039390000
(1778535284.156077) can0 18FD28F4#1527FA6F00000000
(1778535284.156993) can0 4D4#000033007D0F0203
(1778535284.157975) can0 4D5#E00CE20C39390000
(1778535284.159070) can0 18914010#0CE2100CE0020000
(1778535284.160084) can0 18904010#020F0000753001FE
(1778535284.161065) can0 18FA28F4#373CA12C10270000
(1778535284.162064) can0 18FB28F4#E20CE00C39390000
(1778535284.163096) can0 18FC28F4#383300000F020000
(1778535284.164058) can0 18F810F3#0F02E80333640100
(1778535284.165101) can0 18F815F3#0000000010030000
(1778535284.165988) can0 273#000000000F023300
(1778535284.166988) can0 1E1#020F271001FE01FE
(1778535284.168014) can0 1F5#0000000000000000
(1778535284.169095) can0 0800A6A9#0000000000000000
(1778535284.170057) can0 1000A6A9#0F02881333434343
(1778535284.171090) can0 1C00A6A9#0000000000030000
(1778535284.172104) can0 02018100#1003020F00000000
(1778535284.173081) can0 02028100#0000003364000000
(1778535284.174077) can0 02038100#0CE201100CE00102
(1778535284.175077) can0 02048100#4301014301010000
(1778535284.259749) can0 0000E005#15273E0003B60591
(1778535284.260330) can0 1806E5F4#13EC010003B6023A
(1778535284.261087) can0 0000E000#13EC13EC020F0000
(1778535284.262067) can0 0000E004#111103B603B601E4
(1778535284.263080) can0 0000E006#0CE00CE00CE00CE0
(1778535284.264061) can0 0000E007#0CE00CE00CE00CE0
(1778535284.265061) can0 0000E008#0CE00CE00CE00CE0
(1778535284.266060) can0 0000E009#0CE00CE00CE00CE0
(1778535284.267105) can0 0000E010#0000000000000000
(1778535284.268100) can0 0000E011#0000000000000000
(1778535284.269086) can0 0000E012#0CE0000000000000
(1778535284.270049) can0 0000E013#4542323630354C43
(1778535284.271092) can0 0000E014#3134323300000000
(1778535284.272088) can0 0000E015#0000000000000003
(1778535284.273105) can0 0000F000#0000000000000000
(1778535284.274106) can0 0000F001#0000000000000000
(1778535284.275087) can0 18FF28F4#10330000020F0000
(1778535284.276068) can0 18FE28F4#0CE00CE039390000
(1778535284.277080) can0 18FD28F4#1527FA6F00000000
(1778535284.277979) can0 4D4#000033007D0F0203
(1778535284.278991) can0 4D5#E00CE00C39390000
(1778535284.280070) can0 18914010#0CE0010CE0040000
(1778535284.281067) can0 18904010#020F0000753001FE
(1778535284.282068) can0 18FA28F4#373CA12C10270000
(1778535284.283068) can0 18FB28F4#E00CE00C39390000
(1778535284.284074) can0 18FC28F4#383300000F020000
(1778535284.285061) can0 18F810F3#0F02E80333640100
(1778535284.286061) can0 18F811F3#E00C0101E00C0401
(1778535284.287106) can0 18F812F3#3901013901010000
(1778535284.288087) can0 18F813F3#0101000000000000
(1778535284.289068) can0 18F814F3#32000F19A9015F00
(1778535284.290094) can0 18F815F3#0000000010030000
(1778535284.290997) can0 273#000000000F023300
(1778535284.291971) can0 1E1#020F271001FE01FE
(1778535284.293005) can0 1F5#0000000000000000
(1778535284.294081) can0 0800A6A9#0000000000000000
(1778535284.295093) can0 1000A6A9#0F02881333434343
(1778535284.296074) can0 1C00A6A9#0000000000030000
(1778535284.297100) can0 02018100#1003020F00000000
(1778535284.298080) can0 02028100#0000003364000000
(1778535284.299081) can0 02038100#0CE001010CE00104
(1778535284.300075) can0 02048100#4301014301010000
(1778535284.357747) can0 0000E005#15273E0003B60591
(1778535284.358337) can0 1806E5F4#13EC010003B6023A
(1778535284.359089) can0 0000E000#13EC13EC020F0000
(1778535284.360049) can0 0000E004#111103B603B601E4
(1778535284.361070) can0 0000E006#0CE00CE00CE00CE0
(1778535284.362064) can0 0000E007#0CE00CE00CE00CE0
(1778535284.363064) can0 0000E008#0CE00CE00CE00CE0
(1778535284.364090) can0 0000E009#0CE00CE00CE00CE0
(1778535284.365090) can0 0000E010#0000000000000000
(1778535284.366090) can0 0000E011#0000000000000000
(1778535284.367089) can0 0000E012#0CE0000000000000
(1778535284.368103) can0 0000F001#0000000000000000
(1778535284.369083) can0 18FF28F4#10330000020F0000
(1778535284.370064) can0 18FE28F4#0CE00CE039390000
(1778535284.371064) can0 18FD28F4#1527FA6F00000000
(1778535284.372027) can0 4D4#000033007D0F0203
(1778535284.372976) can0 4D5#E00CE00C39390000
(1778535284.374071) can0 18914010#0CE0010CE0040000
(1778535284.375071) can0 18904010#020F0000753001FE
(1778535284.376046) can0 18FA28F4#373CA12C10270000
(1778535284.377064) can0 18FB28F4#E00CE00C39390000
(1778535284.378077) can0 18FC28F4#383300000F020000
(1778535284.379058) can0 18F810F3#0F02E80333640100
(1778535284.380140) can0 18F815F3#0000000010030000
(1778535284.380988) can0 273#000000000F023300
(1778535284.381969) can0 1E1#020F271001FE01FE
(1778535284.383001) can0 1F5#0000000000000000
(1778535284.384072) can0 0800A6A9#0000000000000000
(1778535284.385046) can0 1000A6A9#0F02881333434343
(1778535284.386077) can0 1C00A6A9#0000000000030000
(1778535284.387090) can0 02018100#1003020F00000000
(1778535284.388084) can0 02028100#0000003364000000
(1778535284.389083) can0 02038100#0CE001010CE00104
(1778535284.390064) can0 02048100#4301014301010000
(1778535284.457744) can0 0000E005#15273E0003B60591
(1778535284.458335) can0 1806E5F4#13EC010003B6023A
(1778535284.459086) can0 0000E000#13EC13EC020F0000
(1778535284.460054) can0 0000E004#111103B603B601E4
(1778535284.461054) can0 0000E006#0CE00CE00CE00CE0
(1778535284.462044) can0 0000E007#0CE00CE00CE00CE0
(1778535284.463061) can0 0000E008#0CE00CE00CE00CE0
(1778535284.464061) can0 0000E009#0CE00CE00CE00CE0
(1778535284.465093) can0 0000E010#0000000000000000
(1778535284.466086) can0 0000E011#0000000000000000
(1778535284.467086) can0 0000E012#0CE0000000000000
(1778535284.468087) can0 0000F001#0000000000000000
(1778535284.469079) can0 18FF28F4#10330000020F0000
(1778535284.470061) can0 18FE28F4#0CE00CE039390000
(1778535284.471061) can0 18FD28F4#1527FA6F00000000
(1778535284.471979) can0 4D4#000033007D0F0203
(1778535284.472959) can0 4D5#E00CE00C39390000
(1778535284.474066) can0 18914010#0CE0010CE0040000
(1778535284.475068) can0 18904010#020F0000753001FE
(1778535284.476049) can0 18FA28F4#373CA12C10270000
(1778535284.477048) can0 18FB28F4#E00CE00C39390000
(1778535284.478071) can0 18FC28F4#383300000F020000
(1778535284.479041) can0 18F810F3#0F02E80333640100
(1778535284.480074) can0 18F815F3#0000000010030000
(1778535284.480972) can0 273#000000000F023300
(1778535284.481972) can0 1E1#020F271001FE01FE
(1778535284.482998) can0 1F5#0000000000000000
(1778535284.484081) can0 0800A6A9#0000000000000000
(1778535284.485041) can0 1000A6A9#0F02881333434343
(1778535284.486067) can0 1C00A6A9#0000000000030000
(1778535284.487086) can0 02018100#1003020F00000000
(1778535284.488068) can0 02028100#0000003364000000
(1778535284.489067) can0 02038100#0CE001010CE00104
(1778535284.490055) can0 02048100#4301014301010000
(1778535284.557739) can0 0000E005#15273E0003B60591
(1778535284.558331) can0 1806E5F4#13EC010003B6023A
(1778535284.559069) can0 0000E000#13EC13EC020F0000
(1778535284.560051) can0 0000E004#111103B603B601E4
(1778535284.561050) can0 0000E006#0CE00CE00CE00CE0
(1778535284.562044) can0 0000E007#0CE00CE00CE00CE0
(1778535284.563057) can0 0000E008#0CE00CE00CE00CE0
(1778535284.564040) can0 0000E009#0CE00CE00CE00CE0
(1778535284.565089) can0 0000E010#0000000000000000
(1778535284.566083) can0 0000E011#0000000000000000
(1778535284.567064) can0 0000E012#0CE0000000000000
(1778535284.568073) can0 0000F001#0000000000000000
(1778535284.569076) can0 18FF28F4#10330000020F0000
(1778535284.570045) can0 18FE28F4#0CE00CE039390000
(1778535284.571076) can0 18FD28F4#1527FA6F00000000
(1778535284.571975) can0 4D4#000033007D0F0203
(1778535284.572956) can0 4D5#E00CE00C39390000
(1778535284.574064) can0 18914010#0CE0010CE0030000
(1778535284.575064) can0 18904010#020F0000753001FE
(1778535284.576045) can0 18FA28F4#373CA12C10270000
(1778535284.577045) can0 18FB28F4#E00CE00C39390000
(1778535284.578053) can0 18FC28F4#383300000F020000
(1778535284.579067) can0 18F810F3#0F02E80333640100
(1778535284.580070) can0 18F815F3#0000000010030000
(1778535284.580968) can0 273#000000000F023300
(1778535284.581968) can0 1E1#020F271001FE01FE
(1778535284.582981) can0 1F5#0000000000000000
(1778535284.584076) can0 0800A6A9#0000000000000000
(1778535284.585038) can0 1000A6A9#0F02881333434343
(1778535284.586070) can0 1C00A6A9#0000000000030000
(1778535284.587116) can0 02018100#1003020F00000000
(1778535284.588065) can0 02028100#0000003364000000
(1778535284.589065) can0 02038100#0CE001010CE00103
(1778535284.590058) can0 02048100#4301014301010000
(1778535284.657719) can0 0000E005#15273E0003B60591
(1778535284.658316) can0 1806E5F4#13EC010003B6023A
(1778535284.659067) can0 0000E000#13EC13EC020F0000
(1778535284.660054) can0 0000E004#111103B603B601E4
(1778535284.661047) can0 0000E006#0CE00CE00CE00CE0
(1778535284.662048) can0 0000E007#0CE00CE00CE00CE0
(1778535284.663041) can0 0000E008#0CE00CE00CE00CE0
(1778535284.664073) can0 0000E009#0CE00CE00CE00CE0
(1778535284.665065) can0 0000E010#0000000000000000
(1778535284.666066) can0 0000E011#0000000000000000
(1778535284.667066) can0 0000E012#0CE0000000000000
(1778535284.668079) can0 0000F001#0000000000000000
(1778535284.669054) can0 18FF28F4#10330000020F0000
(1778535284.670041) can0 18FE28F4#0CE00CE039390000
(1778535284.671060) can0 18FD28F4#1527FA6F00000000
(1778535284.672004) can0 4D4#000033007D0F0203
(1778535284.672958) can0 4D5#E00CE00C39390000
(1778535284.674048) can0 18914010#0CE0010CE0030000
(1778535284.675047) can0 18904010#020F0000753001FE
(1778535284.676048) can0 18FA28F4#373CA12C10270000
(1778535284.677043) can0 18FB28F4#E00CE00C39390000
(1778535284.678060) can0 18FC28F4#383300000F020000
(1778535284.679042) can0 18F810F3#0F02E80333640100
(1778535284.680118) can0 18F815F3#0000000010030000
(1778535284.680963) can0 273#000000000F023300
(1778535284.681953) can0 1E1#020F271001FE01FE
(1778535284.682978) can0 1F5#0000000000000000
(1778535284.684061) can0 0800A6A9#0000000000000000
(1778535284.685022) can0 1000A6A9#0F02881333434343
(1778535284.686054) can0 1C00A6A9#0000000000030000
(1778535284.687067) can0 02018100#1003020F00000000
(1778535284.688068) can0 02028100#0000003364000000
(1778535284.689058) can0 02038100#0CE001010CE00103
(1778535284.690042) can0 02048100#4301014301010000
(1778535284.774730) can0 0000E005#15273E0003B60591
(1778535284.775314) can0 1806E5F4#13EC010003B6023A
(1778535284.776050) can0 0000E000#13EC13EC020F0000
(1778535284.777038) can0 0000E004#111103B603B601E4
(1778535284.778031) can0 0000E006#0CE00CE00CE00CE0
(1778535284.779032) can0 0000E007#0CE00CE00CE00CE0
(1778535284.780045) can0 0000E008#0CE00CE00CE00CE0
(1778535284.781025) can0 0000E009#0CE00CE00CE00CE2
(1778535284.782070) can0 0000E010#0000000000000000
(1778535284.783070) can0 0000E011#0000000000000000
(1778535284.784047) can0 0000E012#0CE1000100000000
(1778535284.785019) can0 0000E013#4542323630354C43
(1778535284.786045) can0 0000E014#3134323300000000
(1778535284.787057) can0 0000E015#0000000000000003
(1778535284.788073) can0 0000F000#0000000000000000
(1778535284.789070) can0 0000F001#0000000000000000
(1778535284.790069) can0 18FF28F4#10330000020F0000
(1778535284.791032) can0 18FE28F4#0CE20CE039390000
(1778535284.792052) can0 18FD28F4#1527FA6F00000000
(1778535284.792962) can0 4D4#000033007D0F0203
(1778535284.793944) can0 4D5#E00CE20C39390000
(1778535284.795038) can0 18914010#0CE2100CE0010000
(1778535284.796054) can0 18904010#020F0000753001FE
(1778535284.797038) can0 18FA28F4#373CA12C10270000
(1778535284.798032) can0 18FB28F4#E20CE00C39390000
(1778535284.799044) can0 18FC28F4#383300000F020000
(1778535284.800028) can0 18F810F3#0F02E80333640100
(1778535284.801039) can0 18F811F3#E20C1001E00C0101
(1778535284.802058) can0 18F812F3#3901013901010000
(1778535284.803071) can0 18F813F3#0101000000000000
(1778535284.804033) can0 18F814F3#32000F19A9015F00
(1778535284.805064) can0 18F815F3#0000000010030000
(1778535284.805962) can0 273#000000000F023300
(1778535284.806957) can0 1E1#020F271001FE01FE
(1778535284.807971) can0 1F5#0000000000000000
(1778535284.809065) can0 0800A6A9#0000000000000000
(1778535284.810045) can0 1000A6A9#0F02881333434343
(1778535284.811057) can0 1C00A6A9#0000000000030000
(1778535284.812066) can0 02018100#1003020F00000000
(1778535284.813052) can0 02028100#0000003364000000
(1778535284.814045) can0 02038100#0CE201100CE00101
(1778535284.815039) can0 02048100#4301014301010000
(1778535284.872725) can0 0000E005#15273E0003B60591
(1778535284.873315) can0 1806E5F4#13EC010003B6023A
(1778535284.874054) can0 0000E000#13EC13EC020F0000
(1778535284.875034) can0 0000E004#111103B603B601E4
(1778535284.876026) can0 0000E006#0CE00CE00CE00CE0
(1778535284.877028) can0 0000E007#0CE00CE00CE00CE0
(1778535284.878028) can0 0000E008#0CE00CE00CE00CE0
(1778535284.879041) can0 0000E009#0CE00CE00CE00CE2
(1778535284.880068) can0 0000E010#0000000000000000
(1778535284.881067) can0 0000E011#0000000000000000
(1778535284.882048) can0 0000E012#0CE1000100000000
(1778535284.883060) can0 0000F001#0000000000000000
(1778535284.884061) can0 18FF28F4#10330000020F0000
(1778535284.885029) can0 18FE28F4#0CE20CE039390000
(1778535284.886041) can0 18FD28F4#1527FA6F00000000
(1778535284.886971) can0 4D4#000033007D0F0203
(1778535284.887935) can0 4D5#E00CE20C39390000
(1778535284.889035) can0 18914010#0CE2100CE0010000
(1778535284.890048) can0 18904010#020F0000753001FE
(1778535284.891028) can0 18FA28F4#373CA12C10270000
(1778535284.892023) can0 18FB28F4#E20CE00C39390000
(1778535284.893054) can0 18FC28F4#383300000F020000
(1778535284.894023) can0 18F810F3#0F02E80333640100
(1778535284.895099) can0 18F815F3#0000000010030000
(1778535284.895953) can0 273#000000000F023300
(1778535284.896946) can0 1E1#020F271001FE01FE
(1778535284.897978) can0 1F5#0000000000000000
(1778535284.899054) can0 0800A6A9#0000000000000000
(1778535284.900020) can0 1000A6A9#0F02881333434343
(1778535284.901054) can0 1C00A6A9#0000000000030000
(1778535284.902066) can0 02018100#1003020F00000000
(1778535284.903093) can0 02028100#0000003364000000
(1778535284.904039) can0 02038100#0CE201100CE00101
(1778535284.905041) can0 02048100#4301014301010000
(1778535284.972715) can0 0000E005#15273E0003B60591
(1778535284.973305) can0 1806E5F4#13EC010003B6023A
(1778535284.974044) can0 0000E000#13EC13EC020F0000
(1778535284.975025) can0 0000E004#111103B603B601E4
(1778535284.976018) can0 0000E006#0CE00CE00CE00CE0
(1778535284.977018) can0 0000E007#0CE00CE00CE00CE0
(1778535284.978028) can0 0000E008#0CE00CE00CE00CE0
(1778535284.979012) can0 0000E009#0CE00CE00CE00CE2
(1778535284.980108) can0 0000E010#0000000000000000
(1778535284.981057) can0 0000E011#0000000000000000
(1778535284.982032) can0 0000E012#0CE1000100000000
(1778535284.983051) can0 0000F001#0000000000000000
(1778535284.984051) can0 18FF28F4#10330000020F0000
(1778535284.985013) can0 18FE28F4#0CE20CE039390000
(1778535284.986032) can0 18FD28F4#1527FA6F00000000
(1778535284.986949) can0 4D4#000033007D0F0203
(1778535284.987975) can0 4D5#E00CE20C39390000
(1778535284.989038) can0 18914010#0CE2100CE0010000
(1778535284.990029) can0 18904010#020F0000753001FE
(1778535284.991019) can0 18FA28F4#373CA12C10270000
(1778535284.992013) can0 18FB28F4#E20CE00C39390000
(1778535284.993045) can0 18FC28F4#383300000F020000
(1778535284.994010) can0 18F810F3#0F02E80333640100
(1778535284.995057) can0 18F815F3#0000000010030000
(1778535284.995944) can0 273#000000000F023300
(1778535284.996937) can0 1E1#020F271001FE01FE
(1778535284.997968) can0 1F5#0000000000000000
(1778535284.999045) can0 0800A6A9#0000000000000000
(1778535285.000014) can0 1000A6A9#0F02881333434343
(1778535285.001045) can0 1C00A6A9#0000000000030000
(1778535285.002052) can0 02018100#1003020F00000000
(1778535285.003039) can0 02028100#0000003364000000
(1778535285.004033) can0 02038100#0CE201100CE00101
(1778535285.005032) can0 02048100#4301014301010000
(1778535285.072708) can0 0000E005#15273E0003B60591
(1778535285.073299) can0 1806E5F4#13EC010003B6023A
(1778535285.074034) can0 0000E000#13EC13EC020F0000
(1778535285.075021) can0 0000E004#111103B603B601E4
(1778535285.076015) can0 0000E006#0CE00CE00CE00CE0
(1778535285.077015) can0 0000E007#0CE00CE00CE00CE0
(1778535285.078027) can0 0000E008#0CE00CE00CE00CE0
(1778535285.079028) can0 0000E009#0CE00CE00CE00CE0
(1778535285.080048) can0 0000E010#0000000000000000
(1778535285.081054) can0 0000E011#0000000000000000
(1778535285.082053) can0 0000E012#0CE0000000000000
(1778535285.083047) can0 0000F001#0000000000000000
(1778535285.084044) can0 18FF28F4#10330000020F0000
(1778535285.085028) can0 18FE28F4#0CE00CE039390000
(1778535285.086022) can0 18FD28F4#1527FA6F00000000
(1778535285.086939) can0 4D4#000033007D0F0203
(1778535285.087920) can0 4D5#E00CE00C39390000
(1778535285.089015) can0 18914010#0CE0010CE00E0000
(1778535285.090028) can0 18904010#020F0000753001FE
(1778535285.091015) can0 18FA28F4#373CA12C10270000
(1778535285.092009) can0 18FB28F4#E00CE00C39390000
(1778535285.093041) can0 18FC28F4#383300000F020000
(1778535285.094003) can0 18F810F3#0F02E80333640100
(1778535285.095054) can0 18F815F3#0000000010030000
(1778535285.095929) can0 273#000000000F023300
(1778535285.096933) can0 1E1#020F271001FE01FE
(1778535285.097965) can0 1F5#0000000000000000
(1778535285.099041) can0 0800A6A9#0000000000000000
(1778535285.100010) can0 1000A6A9#0F02881333434343
(1778535285.101035) can0 1C00A6A9#0000000000030000
(1778535285.102067) can0 02018100#1003020F00000000
(1778535285.103029) can0 02028100#0000003364000000
(1778535285.104025) can0 02038100#0CE001010CE0010E
(1778535285.105022) can0 02048100#4301014301010000
(1778535285.172708) can0 0000E005#15273E0003B60591
(1778535285.173292) can0 1806E5F4#13EC010003B6023A
(1778535285.174031) can0 0000E000#13EC13EC020F0000
(1778535285.175012) can0 0000E004#111103B603B601E4
(1778535285.176012) can0 0000E006#0CE00CE00CE00CE0
(1778535285.177006) can0 0000E007#0CE00CE00CE00CE0
(1778535285.178024) can0 0000E008#0CE00CE00CE00CE0
(1778535285.179018) can0 0000E009#0CE00CE00CE00CE0
(1778535285.180051) can0 0000E010#0000000000000000
(1778535285.181050) can0 0000E011#0000000000000000
(1778535285.182043) can0 0000E012#0CE0000000000000
(1778535285.183044) can0 0000F001#0000000000000000
(1778535285.184045) can0 18FF28F4#10330000020F0000
(1778535285.185006) can0 18FE28F4#0CE00CE039390000
(1778535285.186016) can0 18FD28F4#1527FA6F00000000
(1778535285.186955) can0 4D4#000033007D0F0203
(1778535285.187917) can0 4D5#E00CE00C39390000
(1778535285.189012) can0 18914010#0CE0010CE00E0000
(1778535285.190031) can0 18904010#020F0000753001FE
(1778535285.191012) can0 18FA28F4#373CA12C10270000
(1778535285.192006) can0 18FB28F4#E00CE00C39390000
(1778535285.193038) can0 18FC28F4#383300000F020000
(1778535285.193997) can0 18F810F3#0F02E80333640100
(1778535285.195064) can0 18F815F3#0000000010030000
(1778535285.195937) can0 273#000000000F023300
(1778535285.196930) can0 1E1#020F271001FE01FE
(1778535285.197955) can0 1F5#0000000000000000
(1778535285.199038) can0 0800A6A9#0000000000000000
(1778535285.200007) can0 1000A6A9#0F02881333434343
(1778535285.201033) can0 1C00A6A9#0000000000030000
(1778535285.202051) can0 02018100#1003020F00000000
(1778535285.203064) can0 02028100#0000003364000000
(1778535285.204025) can0 02038100#0CE001010CE0010E
(1778535285.205025) can0 02048100#4301014301010000
(1778535285.289682) can0 0000E005#15273E0003B60591
(1778535285.290280) can0 1806E5F4#13EC010003B6023A
(1778535285.291034) can0 0000E000#13EC13EC020F0000
(1778535285.292016) can0 0000E004#111103B603B601E4
(1778535285.293010) can0 0000E006#0CE00CE00CE00CE0
(1778535285.294009) can0 0000E007#0CE00CE00CE00CE0
(1778535285.295009) can0 0000E008#0CE00CE00CE00CE0
(1778535285.296002) can0 0000E009#0CE00CE00CE00CE0
(1778535285.297054) can0 0000E010#0000000000000000
(1778535285.298048) can0 0000E011#0000000000000000
(1778535285.299028) can0 0000E012#0CE0000000000000
(1778535285.299997) can0 0000E013#4542323630354C43
(1778535285.301023) can0 0000E014#3134323300000000
(1778535285.302041) can0 0000E015#0000000000000003
(1778535285.303034) can0 0000F000#0000000000000000
(1778535285.304035) can0 0000F001#0000000000000000
(1778535285.305028) can0 18FF28F4#10330000020F0000
(1778535285.306016) can0 18FE28F4#0CE00CE039390000
(1778535285.307010) can0 18FD28F4#1527FA6F00000000
(1778535285.307928) can0 4D4#000033007D0F0203
(1778535285.308908) can0 4D5#E00CE00C39390000
(1778535285.310003) can0 18914010#0CE0010CE00B0000
(1778535285.311022) can0 18904010#020F0000753001FE
(1778535285.312003) can0 18FA28F4#373CA12C10270000
(1778535285.312996) can0 18FB28F4#E00CE00C39390000
(1778535285.314028) can0 18FC28F4#383300000F020000
(1778535285.314997) can0 18F810F3#0F02E80333640100
(1778535285.316005) can0 18F811F3#E00C0101E00C0B01
(1778535285.317003) can0 18F812F3#3901013901010000
(1778535285.318035) can0 18F813F3#0101000000000000
(1778535285.318997) can0 18F814F3#32000F19A9015F00
(1778535285.320029) can0 18F815F3#0000000010030000
(1778535285.320928) can0 273#000000000F023300
(1778535285.321927) can0 1E1#020F271001FE01FE
(1778535285.322952) can0 1F5#0000000000000000
(1778535285.324024) can0 0800A6A9#0000000000000000
(1778535285.324997) can0 1000A6A9#0F02881333434343
(1778535285.326023) can0 1C00A6A9#0000000000030000
(1778535285.327035) can0 02018100#1003020F00000000
(1778535285.328028) can0 02028100#0000003364000000
(1778535285.329016) can0 02038100#0CE001010CE0010B
(1778535285.330010) can0 02048100#4301014301010000
(1778535285.387683) can0 0000E005#15273E0003B60591
(1778535285.388267) can0 1806E5F4#13EC010003B6023A
(1778535285.389025) can0 0000E000#13EC13EC020F0000
(1778535285.390006) can0 0000E004#111103B603B601E4
(1778535285.391006) can0 0000E006#0CE00CE00CE00CE0
(1778535285.391996) can0 0000E007#0CE00CE00CE00CE0
(1778535285.392999) can0 0000E008#0CE00CE00CE00CE0
(1778535285.394000) can0 0000E009#0CE00CE00CE00CE0
(1778535285.395045) can0 0000E010#0000000000000000
(1778535285.396022) can0 0000E011#0000000000000000
(1778535285.397025) can0 0000E012#0CE0000000000000
(1778535285.398038) can0 0000F001#0000000000000000
(1778535285.399019) can0 18FF28F4#10330000020F0000
(1778535285.400000) can0 18FE28F4#0CE00CE039390000
(1778535285.401012) can0 18FD28F4#1527FA6F00000000
(1778535285.401929) can0 4D4#000033007D0F0203
(1778535285.402910) can0 4D5#E00CE00C39390000
(1778535285.404004) can0 18914010#0CE0010CE00B0000
(1778535285.405006) can0 18904010#020F0000753001FE
(1778535285.406000) can0 18FA28F4#373CA12C10270000
(1778535285.407000) can0 18FB28F4#E00CE00C39390000
(1778535285.408008) can0 18FC28F4#383300000F020000
(1778535285.408994) can0 18F810F3#0F02E80333640100
(1778535285.410045) can0 18F815F3#0000000010030000
(1778535285.410924) can0 273#000000000F023300
(1778535285.411924) can0 1E1#020F271001FE01FE
(1778535285.412936) can0 1F5#0000000000000000
(1778535285.414019) can0 0800A6A9#0000000000000000
(1778535285.414981) can0 1000A6A9#0F02881333434343
(1778535285.416005) can0 1C00A6A9#0000000000030000
(1778535285.417025) can0 02018100#1003020F00000000
(1778535285.418038) can0 02028100#0000003364000000
(1778535285.419006) can0 02038100#0CE001010CE0010B
(1778535285.419993) can0 02048100#4301014301010000
(1778535285.487678) can0 0000E005#15273E0003B60591
(1778535285.488283) can0 1806E5F4#13EC010003B6023A
(1778535285.489021) can0 0000E000#13EC13EC020F0000
(1778535285.489989) can0 0000E004#111103B603B601E4
(1778535285.491002) can0 0000E006#0CE00CE00CE00CE0
(1778535285.492002) can0 0000E007#0CE00CE00CE00CE0
(1778535285.492995) can0 0000E008#0CE00CE00CE00CE0
(1778535285.493991) can0 0000E009#0CE00CE00CE00CE0
(1778535285.495059) can0 0000E010#0000000000000000
(1778535285.496021) can0 0000E011#0000000000000000
(1778535285.497021) can0 0000E012#0CE0000000000000
(1778535285.498033) can0 0000F001#0000000000000000
(1778535285.499015) can0 18FF28F4#10330000020F0000
(1778535285.499996) can0 18FE28F4#0CE00CE039390000
(1778535285.501009) can0 18FD28F4#1527FA6F00000000
(1778535285.501913) can0 4D4#000033007D0F0203
(1778535285.502939) can0 4D5#E00CE00C39390000
(1778535285.504003) can0 18914010#0CE0010CE00B0000
(1778535285.505003) can0 18904010#020F0000753001FE
(1778535285.505992) can0 18FA28F4#373CA12C10270000
(1778535285.506996) can0 18FB28F4#E00CE00C39390000
(1778535285.508009) can0 18FC28F4#383300000F020000
(1778535285.508990) can0 18F810F3#0F02E80333640100
(1778535285.510017) can0 18F815F3#0000000010030000
(1778535285.510952) can0 273#000000000F023300
(1778535285.511921) can0 1E1#020F271001FE01FE
(1778535285.512933) can0 1F5#0000000000000000
(1778535285.514028) can0 0800A6A9#0000000000000000
(1778535285.514978) can0 1000A6A9#0F02881333434343
(1778535285.516009) can0 1C00A6A9#0000000000030000
(1778535285.517022) can0 02018100#1003020F00000000
(1778535285.518015) can0 02028100#0000003364000000
(1778535285.519047) can0 02038100#0CE001010CE0010B
(1778535285.519997) can0 02048100#4301014301010000
(1778535285.587669) can0 0000E005#15273E0003B60591
(1778535285.588270) can0 1806E5F4#13EC010003B6023A
(1778535285.589011) can0 0000E000#13EC13EC020F0000
(1778535285.589998) can0 0000E004#111103B603B601E4
(1778535285.590992) can0 0000E006#0CE00CE00CE00CE0
(1778535285.591993) can0 0000E007#0CE00CE00CE00CE0
(1778535285.592986) can0 0000E008#0CE00CE00CE00CE0
(1778535285.593986) can0 0000E009#0CE00CE00CE00CE0
(1778535285.595030) can0 0000E010#0000000000000000
(1778535285.596071) can0 0000E011#0000000000000000
(1778535285.597012) can0 0000E012#0CE0000000000000
(1778535285.598024) can0 0000F001#0000000000000000
(1778535285.599024) can0 18FF28F4#10330000020F0000
(1778535285.599982) can0 18FE28F4#0CE00CE039390000
(1778535285.600999) can0 18FD28F4#1527FA6F00000000
(1778535285.601916) can0 4D4#000033007D0F0203
(1778535285.602897) can0 4D5#E00CE00C39390000
(1778535285.604012) can0 18914010#0CE0020CE0010000
(1778535285.605005) can0 18904010#020F0000753001FE
(1778535285.605986) can0 18FA28F4#373CA12C10270000
(1778535285.606986) can0 18FB28F4#E00CE00C39390000
(1778535285.607995) can0 18FC28F4#383300000F020000
(1778535285.608981) can0 18F810F3#0F02E80333640100
(1778535285.610012) can0 18F815F3#0000000010030000
(1778535285.610911) can0 273#000000000F023300
(1778535285.611907) can0 1E1#020F271001FE01FE
(1778535285.612923) can0 1F5#0000000000000000
(1778535285.614018) can0 0800A6A9#0000000000000000
(1778535285.614980) can0 1000A6A9#0F02881333434343
(1778535285.616012) can0 1C00A6A9#0000000000030000
(1778535285.617025) can0 02018100#1003020F00000000
(1778535285.618006) can0 02028100#0000003364000000
(1778535285.619006) can0 02038100#0CE001020CE00101
(1778535285.619995) can0 02048100#4301014301010000
(1778535285.687672) can0 0000E005#15273E0003B60591
(1778535285.688263) can0 1806E5F4#13EC010003B6023A
(1778535285.689014) can0 0000E000#13EC13EC020F0000
(1778535285.689977) can0 0000E004#111103B603B601E4
(1778535285.690983) can0 0000E006#0CE00CE00CE00CE0
(1778535285.691996) can0 0000E007#0CE00CE00CE00CE0
(1778535285.692989) can0 0000E008#0CE00CE00CE00CE0
(1778535285.693989) can0 0000E009#0CE00CE00CE00CE0
(1778535285.695021) can0 0000E010#0000000000000000
(1778535285.696015) can0 0000E011#0000000000000000
(1778535285.697015) can0 0000E012#0CE0000000000000
(1778535285.698027) can0 0000F001#0000000000000000
(1778535285.699008) can0 18FF28F4#10330000020F0000
(1778535285.699991) can0 18FE28F4#0CE00CE039390000
(1778535285.700991) can0 18FD28F4#1527FA6F00000000
(1778535285.701901) can0 4D4#000033007D0F0203
(1778535285.702888) can0 4D5#E00CE00C39390000
(1778535285.703996) can0 18914010#0CE0020CE0010000
(1778535285.704995) can0 18904010#020F0000753001FE
(1778535285.705977) can0 18FA28F4#373CA12C10270000
(1778535285.706976) can0 18FB28F4#E00CE00C39390000
(1778535285.708008) can0 18FC28F4#383300000F020000
(1778535285.708971) can0 18F810F3#0F02E80333640100
(1778535285.710013) can0 18F815F3#0000000010030000
(1778535285.710920) can0 273#000000000F023300
(1778535285.711901) can0 1E1#020F271001FE01FE
(1778535285.712926) can0 1F5#0000000000000000
(1778535285.714000) can0 0800A6A9#0000000000000000
(1778535285.714971) can0 1000A6A9#0F02881333434343
(1778535285.716003) can0 1C00A6A9#0000000000030000
(1778535285.717015) can0 02018100#1003020F00000000
(1778535285.718015) can0 02028100#0000003364000000
(1778535285.718996) can0 02038100#0CE001020CE00101
(1778535285.719990) can0 02048100#4301014301010000
(1778535285.804670) can0 0000E005#15273E0003B60591
(1778535285.805251) can0 1806E5F4#13EC010003B6023A
(1778535285.806012) can0 0000E000#13EC13EC020F0000
(1778535285.806973) can0 0000E004#111103B603B601E4
(1778535285.807974) can0 0000E006#0CE00CE00CE00CE0
(1778535285.808982) can0 0000E007#0CE00CE00CE00CE0
(1778535285.809986) can0 0000E008#0CE00CE00CE00CE0
(1778535285.811012) can0 0000E009#0CE00CE00CE00CE0
(1778535285.812011) can0 0000E010#0000000000000000
(1778535285.813013) can0 0000E011#0000000000000000
(1778535285.814005) can0 0000E012#0CE0000000000000
(1778535285.814955) can0 0000E013#4542323630354C43
(1778535285.815987) can0 0000E014#3134323300000000
(1778535285.816993) can0 0000E015#0000000000000003
(1778535285.818012) can0 0000F000#0000000000000000
(1778535285.819044) can0 0000F001#0000000000000000
(1778535285.819993) can0 18FF28F4#10330000020F0000
(1778535285.820974) can0 18FE28F4#0CE00CE039390000
(1778535285.821987) can0 18FD28F4#1527FA6F00000000
(1778535285.822891) can0 4D4#000033007D0F0203
(1778535285.823885) can0 4D5#E00CE00C39390000
(1778535285.824980) can0 18914010#0CE0010CE0020000
(1778535285.825993) can0 18904010#020F0000753001FE
(1778535285.827025) can0 18FA28F4#373CA12C10270000
(1778535285.827974) can0 18FB28F4#E00CE00C39390000
(1778535285.828986) can0 18FC28F4#383300000F020000
(1778535285.829968) can0 18F810F3#0F02E80333640100
(1778535285.830981) can0 18F811F3#E00C0101E00C0201
(1778535285.831981) can0 18F812F3#3901013901010000
(1778535285.833005) can0 18F813F3#0101000000000000
(1778535285.833974) can0 18F814F3#32000F19A9015F00
(1778535285.835006) can0 18F815F3#0000000010030000
(1778535285.835905) can0 273#000000000F023300
(1778535285.836886) can0 1E1#020F271001FE01FE
(1778535285.837917) can0 1F5#0000000000000000
(1778535285.839006) can0 0800A6A9#0000000000000000
(1778535285.839974) can0 1000A6A9#0F02881333434343
(1778535285.840979) can0 1C00A6A9#0000000000030000
(1778535285.842012) can0 02018100#1003020F00000000
(1778535285.842993) can0 02028100#0000003364000000
(1778535285.843987) can0 02038100#0CE001010CE00102
(1778535285.844982) can0 02048100#4301014301010000
(1778535285.902673) can0 0000E005#15273E0003B60591
(1778535285.903257) can0 1806E5F4#13EC010003B6023A
(1778535285.904046) can0 0000E000#13EC13EC020F0000
(1778535285.904976) can0 0000E004#111103B603B601E4
(1778535285.905976) can0 0000E006#0CE00CE00CE00CE0
(1778535285.906976) can0 0000E007#0CE00CE00CE00CE0
(1778535285.907970) can0 0000E008#0CE00CE00CE00CE0
(1778535285.908966) can0 0000E009#0CE00CE00CE00CE0
(1778535285.910014) can0 0000E010#0000000000000000
(1778535285.911015) can0 0000E011#0000000000000000
(1778535285.911996) can0 0000E012#0CE0000000000000
(1778535285.913006) can0 0000F001#0000000000000000
(1778535285.913989) can0 18FF28F4#10330000020F0000
(1778535285.914970) can0 18FE28F4#0CE00CE039390000
(1778535285.915983) can0 18FD28F4#1527FA6F00000000
(1778535285.916881) can0 4D4#000033007D0F0203
(1778535285.917881) can0 4D5#E00CE00C39390000
(1778535285.918977) can0 18914010#0CE0010CE0020000
(1778535285.919990) can0 18904010#020F0000753001FE
(1778535285.920966) can0 18FA28F4#373CA12C10270000
(1778535285.921970) can0 18FB28F4#E00CE00C39390000
(1778535285.922983) can0 18FC28F4#383300000F020000
(1778535285.923964) can0 18F810F3#0F02E80333640100
(1778535285.924992) can0 18F815F3#0000000010030000
(1778535285.925894) can0 273#000000000F023300
(1778535285.926894) can0 1E1#020F271001FE01FE
(1778535285.927907) can0 1F5#0000000000000000
(1778535285.929002) can0 0800A6A9#0000000000000000
(1778535285.929965) can0 1000A6A9#0F02881333434343
(1778535285.930977) can0 1C00A6A9#0000000000030000
(1778535285.932009) can0 02018100#1003020F00000000
(1778535285.932989) can0 02028100#0000003364000000
(1778535285.933990) can0 02038100#0CE001010CE00102
(1778535285.934983) can0 02048100#4301014301010000
(1778535286.002650) can0 0000E005#15273E0003B60591
(1778535286.003250) can0 1806E5F4#13EC010003B6023A
(1778535286.003992) can0 0000E000#13EC13EC020F0000
(1778535286.004972) can0 0000E004#111103B603B601E4
(1778535286.005972) can0 0000E006#0CE00CE00CE00CE0
(1778535286.006966) can0 0000E007#0CE00CE00CE00CE0
(1778535286.007967) can0 0000E008#0CE00CE00CE00CE0
(1778535286.008966) can0 0000E009#0CE00CE00CE00CE0
(1778535286.010011) can0 0000E010#0000000000000000
(1778535286.010991) can0 0000E011#0000000000000000
(1778535286.011992) can0 0000E012#0CE0000000000000
(1778535286.013004) can0 0000F001#0000000000000000
(1778535286.013986) can0 18FF28F4#10330000020F0000
(1778535286.014964) can0 18FE28F4#0CE00CE039390000
(1778535286.015980) can0 18FD28F4#1527FA6F00000000
(1778535286.016877) can0 4D4#000033007D0F0203
(1778535286.017890) can0 4D5#E00CE00C39390000
(1778535286.018973) can0 18914010#0CE0010CE0020000
(1778535286.019986) can0 18904010#020F0000753001FE
(1778535286.020966) can0 18FA28F4#373CA12C10270000
(1778535286.021966) can0 18FB28F4#E00CE00C39390000
(1778535286.022973) can0 18FC28F4#383300000F020000
(1778535286.023961) can0 18F810F3#0F02E80333640100
(1778535286.024986) can0 18F815F3#0000000010030000
(1778535286.025903) can0 273#000000000F023300
(1778535286.026885) can0 1E1#020F271001FE01FE
(1778535286.027904) can0 1F5#0000000000000000
(1778535286.028992) can0 0800A6A9#0000000000000000
(1778535286.029961) can0 1000A6A9#0F02881333434343
(1778535286.030993) can0 1C00A6A9#0000000000030000
(1778535286.032006) can0 02018100#1003020F00000000
(1778535286.032986) can0 02028100#0000003364000000
(1778535286.034007) can0 02038100#0CE001010CE00102
(1778535286.034980) can0 02048100#4301014301010000
(1778535286.102640) can0 0000E005#15273E0003B60591
(1778535286.103238) can0 1806E5F4#13EC010003B6023A
(1778535286.103990) can0 0000E000#13EC13EC020F0000
(1778535286.104957) can0 0000E004#111103B603B601E4
(1778535286.105957) can0 0000E006#0CE00CE00CE00CE0
(1778535286.106969) can0 0000E007#0CE00CE00CE00CE0
(1778535286.107970) can0 0000E008#0CE00CE00CE00CE0
(1778535286.108950) can0 0000E009#0CE00CE00CE00CE2
(1778535286.109995) can0 0000E010#0000000000000000
(1778535286.111027) can0 0000E011#0000000000000000
(1778535286.111987) can0 0000E012#0CE0000200000000
(1778535286.113001) can0 0000F001#0000000000000000
(1778535286.113982) can0 18FF28F4#10330000020F0000
(1778535286.114963) can0 18FE28F4#0CE20CE039390000
(1778535286.115960) can0 18FD28F4#1527FA6F00000000
(1778535286.116880) can0 4D4#000033007D0F0203
(1778535286.117862) can0 4D5#E00CE20C39390000
(1778535286.119002) can0 18914010#0CE2100CE0070000
(1778535286.119970) can0 18904010#020F0000753001FE
(1778535286.120950) can0 18FA28F4#373CA12C10270000
(1778535286.121964) can0 18FB28F4#E20CE00C39390000
(1778535286.122976) can0 18FC28F4#383300000F020000
(1778535286.123957) can0 18F810F3#0F02E80333640100
(1778535286.124990) can0 18F815F3#0000000010030000
(1778535286.125894) can0 273#000000000F023300
(1778535286.126919) can0 1E1#020F271001FE01FE
(1778535286.127899) can0 1F5#0000000000000000
(1778535286.128983) can0 0800A6A9#0000000000000000
(1778535286.129945) can0 1000A6A9#0F02881333434343
(1778535286.130977) can0 1C00A6A9#0000000000030000
(1778535286.131990) can0 02018100#1003020F00000000
(1778535286.132989) can0 02028100#0000003364000000
(1778535286.133970) can0 02038100#0CE201100CE00107
(1778535286.134964) can0 02048100#4301014301010000
(1778535286.202636) can0 0000E005#15273E0003B60591
(1778535286.203224) can0 1806E5F4#13EC010003B6023A
(1778535286.204030) can0 0000E000#13EC13EC020F0000
(1778535286.204960) can0 0000E004#111103B603B601E4
(1778535286.205954) can0 0000E006#0CE00CE00CE00CE0
(1778535286.206953) can0 0000E007#0CE00CE00CE00CE0
(1778535286.207953) can0 0000E008#0CE00CE00CE00CE0
(1778535286.208947) can0 0000E009#0CE00CE00CE00CE2
(1778535286.209998) can0 0000E010#0000000000000000
(1778535286.210991) can0 0000E011#0000000000000000
(1778535286.211972) can0 0000E012#0CE0000200000000
(1778535286.212991) can0 0000F001#0000000000000000
(1778535286.213982) can0 18FF28F4#10330000020F0000
(1778535286.214953) can0 18FE28F4#0CE20CE039390000
(1778535286.215967) can0 18FD28F4#1527FA6F00000000
(1778535286.216884) can0 4D4#000033007D0F0203
(1778535286.217863) can0 4D5#E00CE20C39390000
(1778535286.218960) can0 18914010#0CE2100CE0070000
(1778535286.219973) can0 18904010#020F0000753001FE
(1778535286.220953) can0 18FA28F4#373CA12C10270000
(1778535286.221948) can0 18FB28F4#E20CE00C39390000
(1778535286.222979) can0 18FC28F4#383300000F020000
(1778535286.223948) can0 18F810F3#0F02E80333640100
(1778535286.224973) can0 18F815F3#0000000010030000
(1778535286.225868) can0 273#000000000F023300
(1778535286.226872) can0 1E1#020F271001FE01FE
(1778535286.227903) can0 1F5#0000000000000000
(1778535286.228979) can0 0800A6A9#0000000000000000
(1778535286.229940) can0 1000A6A9#0F02881333434343
(1778535286.230973) can0 1C00A6A9#0000000000030000
(1778535286.231992) can0 02018100#1003020F00000000
(1778535286.232973) can0 02028100#0000003364000000
(1778535286.233967) can0 02038100#0CE201100CE00107
(1778535286.234967) can0 02048100#4301014301010000
(1778535286.319627) can0 0000E005#15273E0003B60591
(1778535286.320218) can0 1806E5F4#13EC010003B6023A
(1778535286.320970) can0 0000E000#13EC13EC020F0000
(1778535286.321957) can0 0000E004#111103B603B601E4
(1778535286.322950) can0 0000E006#0CE00CE00CE00CE0
(1778535286.323951) can0 0000E007#0CE00CE00CE00CE0
(1778535286.324942) can0 0000E008#0CE00CE00CE00CE0
(1778535286.325963) can0 0000E009#0CE00CE00CE00CE0
(1778535286.326988) can0 0000E010#0000000000000000
(1778535286.327976) can0 0000E011#0000000000000000
(1778535286.328970) can0 0000E012#0CE0000000000000
(1778535286.329937) can0 0000E013#4542323630354C43
(1778535286.330963) can0 0000E014#3134323300000000
(1778535286.331977) can0 0000E015#0000000000000003
(1778535286.332970) can0 0000F000#0000000000000000
(1778535286.334008) can0 0000F001#0000000000000000
(1778535286.334970) can0 18FF28F4#10330000020F0000
(1778535286.335951) can0 18FE28F4#0CE00CE039390000
(1778535286.336950) can0 18FD28F4#1527FA6F00000000
(1778535286.337868) can0 4D4#000033007D0F0203
(1778535286.338849) can0 4D5#E00CE00C39390000
(1778535286.339957) can0 18914010#0CE0010CE0030000
(1778535286.340957) can0 18904010#020F0000753001FE
(1778535286.341969) can0 18FA28F4#373CA12C10270000
(1778535286.342938) can0 18FB28F4#E00CE00C39390000
(1778535286.343964) can0 18FC28F4#383300000F020000
(1778535286.344940) can0 18F810F3#0F02E80333640100
(1778535286.345945) can0 18F811F3#E00C0101E00C0301
(1778535286.346957) can0 18F812F3#3901013901010000
(1778535286.347970) can0 18F813F3#0101000000000000
(1778535286.348951) can0 18F814F3#32000F19A9015F00
(1778535286.350002) can0 18F815F3#0000000010030000
(1778535286.350868) can0 273#000000000F023300
(1778535286.351863) can0 1E1#020F271001FE01FE
(1778535286.352894) can0 1F5#0000000000000000
(1778535286.353970) can0 0800A6A9#0000000000000000
(1778535286.354933) can0 1000A6A9#0F02881333434343
(1778535286.355958) can0 1C00A6A9#0000000000030000
(1778535286.356971) can0 02018100#1003020F00000000
(1778535286.358014) can0 02028100#0000003364000000
(1778535286.358964) can0 02038100#0CE001010CE00103
(1778535286.359965) can0 02048100#4301014301010000
(1778535286.417617) can0 0000E005#15273E0003B60591
(1778535286.418228) can0 1806E5F4#13EC010003B6023A
(1778535286.418998) can0 0000E000#13EC13EC020F0000
(1778535286.419948) can0 0000E004#111103B603B601E4
(1778535286.420941) can0 0000E006#0CE00CE00CE00CE0
(1778535286.421941) can0 0000E007#0CE00CE00CE00CE0
(1778535286.422941) can0 0000E008#0CE00CE00CE00CE0
(1778535286.423935) can0 0000E009#0CE00CE00CE00CE0
(1778535286.424981) can0 0000E010#0000000000000000
(1778535286.425979) can0 0000E011#0000000000000000
(1778535286.427010) can0 0000E012#0CE0000000000000
(1778535286.427973) can0 0000F001#0000000000000000
(1778535286.428968) can0 18FF28F4#10330000020F0000
(1778535286.429935) can0 18FE28F4#0CE00CE039390000
(1778535286.430954) can0 18FD28F4#1527FA6F00000000
(1778535286.431865) can0 4D4#000033007D0F0203
(1778535286.432846) can0 4D5#E00CE00C39390000
(1778535286.433961) can0 18914010#0CE0010CE0030000
(1778535286.435005) can0 18904010#020F0000753001FE
(1778535286.435941) can0 18FA28F4#373CA12C10270000
(1778535286.436928) can0 18FB28F4#E00CE00C39390000
(1778535286.437967) can0 18FC28F4#383300000F020000
(1778535286.438928) can0 18F810F3#0F02E80333640100
(1778535286.439979) can0 18F815F3#0000000010030000
(1778535286.440854) can0 273#000000000F023300
(1778535286.441859) can0 1E1#020F271001FE01FE
(1778535286.442891) can0 1F5#0000000000000000
(1778535286.443967) can0 0800A6A9#0000000000000000
(1778535286.444929) can0 1000A6A9#0F02881333434343
(1778535286.445960) can0 1C00A6A9#0000000000030000
(1778535286.446973) can0 02018100#1003020F00000000
(1778535286.447955) can0 02028100#0000003364000000
(1778535286.448951) can0 02038100#0CE001010CE00103
(1778535286.449948) can0 02048100#4301014301010000
(1778535286.517620) can0 0000E005#15273E0003B60591
(1778535286.518205) can0 1806E5F4#13EC010003B6023A
(1778535286.518955) can0 0000E000#13EC13EC020F0000
(1778535286.519943) can0 0000E004#111103B603B601E4
(1778535286.520943) can0 0000E006#0CE00CE00CE00CE0
(1778535286.521937) can0 0000E007#0CE00CE00CE00CE0
(1778535286.522937) can0 0000E008#0CE00CE00CE00CE0
(1778535286.523931) can0 0000E009#0CE00CE00CE00CE0
(1778535286.524981) can0 0000E010#0000000000000000
(1778535286.525976) can0 0000E011#0000000000000000
(1778535286.526953) can0 0000E012#0CE0000000000000
(1778535286.527970) can0 0000F001#0000000000000000
(1778535286.528970) can0 18FF28F4#10330000020F0000
(1778535286.529938) can0 18FE28F4#0CE00CE039390000
(1778535286.530948) can0 18FD28F4#1527FA6F00000000
(1778535286.531868) can0 4D4#000033007D0F0203
(1778535286.532849) can0 4D5#E00CE00C39390000
(1778535286.533944) can0 18914010#0CE0010CE0030000
(1778535286.534957) can0 18904010#020F0000753001FE
(1778535286.535938) can0 18FA28F4#373CA12C10270000
(1778535286.536932) can0 18FB28F4#E00CE00C39390000
(1778535286.537950) can0 18FC28F4#383300000F020000
(1778535286.538923) can0 18F810F3#0F02E80333640100
(1778535286.539957) can0 18F815F3#0000000010030000
(1778535286.540862) can0 273#000000000F023300
(1778535286.541855) can0 1E1#020F271001FE01FE
(1778535286.542865) can0 1F5#0000000000000000
(1778535286.543964) can0 0800A6A9#0000000000000000
(1778535286.544931) can0 1000A6A9#0F02881333434343
(1778535286.545957) can0 1C00A6A9#0000000000030000
(1778535286.546976) can0 02018100#1003020F00000000
(1778535286.547958) can0 02028100#0000003364000000
(1778535286.548970) can0 02038100#0CE001010CE00103
(1778535286.549951) can0 02048100#4301014301010000
(1778535286.617615) can0 0000E005#15273E0003B60591
(1778535286.618205) can0 1806E5F4#13EC010003B6023A
(1778535286.618960) can0 0000E000#13EC13EC020F0000
(1778535286.619941) can0 0000E004#111103B603B601E4
(1778535286.620936) can0 0000E006#0CE00CE00CE00CE0
(1778535286.621934) can0 0000E007#0CE00CE00CE00CE0
(1778535286.622934) can0 0000E008#0CE00CE00CE00CE0
(1778535286.623928) can0 0000E009#0CE00CE00CE00CE0
(1778535286.624979) can0 0000E010#0000000000000000
(1778535286.625972) can0 0000E011#0000000000000000
(1778535286.626953) can0 0000E012#0CE0000000000000
(1778535286.627967) can0 0000F001#0000000000000000
(1778535286.628949) can0 18FF28F4#10330000020F0000
(1778535286.629934) can0 18FE28F4#0CE00CE039390000
(1778535286.630947) can0 18FD28F4#1527FA6F00000000
(1778535286.631846) can0 4D4#000033007D0F0203
(1778535286.632837) can0 4D5#E00CE00C39390000
(1778535286.633954) can0 18914010#0CE0010CE0020000
(1778535286.634953) can0 18904010#020F0000753001FE
(1778535286.635935) can0 18FA28F4#373CA12C10270000
(1778535286.636934) can0 18FB28F4#E00CE00C39390000
(1778535286.637947) can0 18FC28F4#383300000F020000
(1778535286.638928) can0 18F810F3#0F02E80333640100
(1778535286.639960) can0 18F815F3#0000000010030000
(1778535286.640851) can0 273#000000000F023300
(1778535286.641871) can0 1E1#020F271001FE01FE
(1778535286.642871) can0 1F5#0000000000000000
(1778535286.643967) can0 0800A6A9#0000000000000000
(1778535286.644921) can0 1000A6A9#0F02881333434343
(1778535286.645941) can0 1C00A6A9#0000000000030000
(1778535286.646972) can0 02018100#1003020F00000000
(1778535286.647954) can0 02028100#0000003364000000
(1778535286.648947) can0 02038100#0CE001010CE00102
(1778535286.649966) can0 02048100#4301014301010000
(1778535286.717609) can0 0000E005#15273E0003B60591
(1778535286.718192) can0 1806E5F4#13EC010003B6023A
(1778535286.718975) can0 0000E000#13EC13EC020F0000
(1778535286.719932) can0 0000E004#111103B603B601E4
(1778535286.720930) can0 0000E006#0CE00CE00CE00CE0
(1778535286.721924) can0 0000E007#0CE00CE00CE00CE0
(1778535286.722916) can0 0000E008#0CE00CE00CE00CE0
(1778535286.723918) can0 0000E009#0CE00CE00CE00CE0
(1778535286.724968) can0 0000E010#0000000000000000
(1778535286.725962) can0 0000E011#0000000000000000
(1778535286.726975) can0 0000E012#0CE0000000000000
(1778535286.727957) can0 0000F001#0000000000000000
(1778535286.728956) can0 18FF28F4#10330000020F0000
(1778535286.729925) can0 18FE28F4#0CE00CE039390000
(1778535286.730929) can0 18FD28F4#1527FA6F00000000
(1778535286.731855) can0 4D4#000033007D0F0203
(1778535286.732835) can0 4D5#E00CE00C39390000
(1778535286.733931) can0 18914010#0CE0010CE0020000
(1778535286.734970) can0 18904010#020F0000753001FE
(1778535286.735925) can0 18FA28F4#373CA12C10270000
(1778535286.736918) can0 18FB28F4#E00CE00C39390000
(1778535286.737938) can0 18FC28F4#383300000F020000
(1778535286.738918) can0 18F810F3#0F02E80333640100
(1778535286.739944) can0 18F815F3#0000000010030000
(1778535286.740849) can0 273#000000000F023300
(1778535286.741842) can0 1E1#020F271001FE01FE
(1778535286.742906) can0 1F5#0000000000000000
(1778535286.743951) can0 0800A6A9#0000000000000000
(1778535286.744919) can0 1000A6A9#0F02881333434343
(1778535286.745950) can0 1C00A6A9#0000000000030000
(1778535286.746957) can0 02018100#1003020F00000000
(1778535286.747944) can0 02028100#0000003364000000
(1778535286.748944) can0 02038100#0CE001010CE00102
(1778535286.749938) can0 02048100#4301014301010000
(1778535286.828742) can0 00000E00#00354C4331343233
(1778535286.835599) can0 0000E005#15273E0003B60591
(1778535286.836189) can0 1806E5F4#13EC010003B6023A
(1778535286.836941) can0 0000E000#13EC13EC020F0000
(1778535286.837928) can0 0000E004#111103B603B601E4
(1778535286.838921) can0 0000E006#0CE00CE00CE00CE0
(1778535286.839916) can0 0000E007#0CE00CE00CE00CE0
(1778535286.840912) can0 0000E008#0CE00CE00CE00CE0
(1778535286.841915) can0 0000E009#0CE00CE00CE00CE0
(1778535286.842960) can0 0000E010#0000000000000000
(1778535286.843960) can0 0000E011#0000000000000000
(1778535286.844941) can0 0000E012#0CE0000000000000
(1778535286.845909) can0 0000E013#4542323630354C43
(1778535286.846934) can0 0000E014#3134323300000000
(1778535286.847947) can0 0000E015#0000000000000003
(1778535286.848963) can0 0000F000#0000000000000000
(1778535286.849947) can0 0000F001#0000000000000000
(1778535286.850941) can0 18FF28F4#10330000020F0000
(1778535286.851922) can0 18FE28F4#0CE00CE039390000
(1778535286.852920) can0 18FD28F4#1527FA6F00000000
(1778535286.853839) can0 4D4#000033007D0F0203
(1778535286.854820) can0 4D5#E00CE00C39390000
(1778535286.855929) can0 18914010#0CE0010CE0020000
(1778535286.856947) can0 18904010#020F0000753001FE
(1778535286.857909) can0 18FA28F4#373CA12C10270000
(1778535286.858909) can0 18FB28F4#E00CE00C39390000
(1778535286.859935) can0 18FC28F4#383300000F020000
(1778535286.860909) can0 18F810F3#0F02E80333640100
(1778535286.861928) can0 18F811F3#E00C0101E00C0201
(1778535286.862922) can0 18F812F3#3901013901010000
(1778535286.863954) can0 18F813F3#0101000000000000
(1778535286.864928) can0 18F814F3#32000F19A9015F00
(1778535286.865948) can0 18F815F3#0000000010030000
(1778535286.866846) can0 273#000000000F023300
(1778535286.867840) can0 1E1#020F271001FE01FE
(1778535286.868853) can0 1F5#0000000000000000
(1778535286.869947) can0 0800A6A9#0000000000000000
(1778535286.870910) can0 1000A6A9#0F02881333434343
(1778535286.871942) can0 1C00A6A9#0000000000030000
(1778535286.872984) can0 02018100#1003020F00000000
(1778535286.873929) can0 02028100#0000003364000000
(1778535286.874929) can0 02038100#0CE001010CE00102
(1778535286.875930) can0 02048100#4301014301010000
(1778535286.933598) can0 0000E005#15273E0003B60591
(1778535286.934193) can0 1806E5F4#13EC010003B6023A
(1778535286.934944) can0 0000E000#13EC13EC020F0000
(1778535286.935913) can0 0000E004#111103B603B601E4
(1778535286.936924) can0 0000E006#0CE00CE00CE00CE0
(1778535286.937924) can0 0000E007#0CE00CE00CE00CE0
(1778535286.938918) can0 0000E008#0CE00CE00CE00CE0
(1778535286.939919) can0 0000E009#0CE00CE00CE00CE0
(1778535286.940943) can0 0000E010#0000000000000000
(1778535286.941962) can0 0000E011#0000000000000000
(1778535286.942944) can0 0000E012#0CE0000000000000
(1778535286.943957) can0 0000F001#0000000000000000
(1778535286.944930) can0 18FF28F4#10330000020F0000
(1778535286.945918) can0 18FE28F4#0CE00CE039390000
(1778535286.946918) can0 18FD28F4#1527FA6F00000000
(1778535286.947836) can0 4D4#000033007D0F0203
(1778535286.948816) can0 4D5#E00CE00C39390000
(1778535286.949944) can0 18914010#0CE0010CE0020000
(1778535286.950925) can0 18904010#020F0000753001FE
(1778535286.951906) can0 18FA28F4#373CA12C10270000
(1778535286.952898) can0 18FB28F4#E00CE00C39390000
(1778535286.953931) can0 18FC28F4#383300000F020000
(1778535286.954912) can0 18F810F3#0F02E80333640100
(1778535286.955944) can0 18F815F3#0000000010030000
(1778535286.956839) can0 273#000000000F023300
(1778535286.957855) can0 1E1#020F271001FE01FE
(1778535286.958855) can0 1F5#0000000000000000
(1778535286.959932) can0 0800A6A9#0000000000000000
(1778535286.960900) can0 1000A6A9#0F02881333434343
(1778535286.961931) can0 1C00A6A9#0000000000030000
(1778535286.962943) can0 02018100#1003020F00000000
(1778535286.963945) can0 02028100#0000003364000000
(1778535286.964921) can0 02038100#0CE001010CE00102
(1778535286.965963) can0 02048100#4301014301010000
(1778535287.033592) can0 0000E005#15273E0003B60591
(1778535287.034182) can0 1806E5F4#13EC010003B6023A
(1778535287.034964) can0 0000E000#13EC13EC020F0000
(1778535287.035915) can0 0000E004#111103B603B601E4
(1778535287.036914) can0 0000E006#0CE00CE00CE00CE0
(1778535287.037915) can0 0000E007#0CE00CE00CE00CE0
(1778535287.038908) can0 0000E008#0CE00CE00CE00CE0
(1778535287.039909) can0 0000E009#0CE00CE00CE00CE0
(1778535287.040952) can0 0000E010#0000000000000000
(1778535287.041934) can0 0000E011#0000000000000000
(1778535287.042975) can0 0000E012#0CE0000000000000
(1778535287.043947) can0 0000F001#0000000000000000
(1778535287.044928) can0 18FF28F4#10330000020F0000
(1778535287.045909) can0 18FE28F4#0CE00CE039390000
(1778535287.046918) can0 18FD28F4#1527FA6F00000000
(1778535287.047820) can0 4D4#000033007D0F0203
(1778535287.048819) can0 4D5#E00CE00C39390000
(1778535287.049915) can0 18914010#0CE0010CE0020000
(1778535287.050928) can0 18904010#020F0000753001FE
(1778535287.051909) can0 18FA28F4#373CA12C10270000
(1778535287.052908) can0 18FB28F4#E00CE00C39390000
(1778535287.053921) can0 18FC28F4#383300000F020000
(1778535287.054901) can0 18F810F3#0F02E80333640100
(1778535287.055935) can0 18F815F3#0000000010030000
(1778535287.056833) can0 273#000000000F023300
(1778535287.057832) can0 1E1#020F271001FE01FE
(1778535287.058842) can0 1F5#0000000000000000
(1778535287.059942) can0 0800A6A9#0000000000000000
(1778535287.060902) can0 1000A6A9#0F02881333434343
(1778535287.061915) can0 1C00A6A9#0000000000030000
(1778535287.062947) can0 02018100#1003020F00000000
(1778535287.063928) can0 02028100#0000003364000000
(1778535287.064928) can0 02038100#0CE001010CE00102
(1778535287.065922) can0 02048100#4301014301010000
(1778535287.133592) can0 0000E005#15273E0003B60591
(1778535287.134183) can0 1806E5F4#13EC010003B6023A
(1778535287.134917) can0 0000E000#13EC13EC020F0000
(1778535287.135899) can0 0000E004#111103B603B601E4
(1778535287.136898) can0 0000E006#0CE00CE00CE00CE0
(1778535287.137899) can0 0000E007#0CE00CE00CE00CE0
(1778535287.138892) can0 0000E008#0CE00CE00CE00CE0
(1778535287.139905) can0 0000E009#0CE00CE00CE00CE0
(1778535287.140937) can0 0000E010#0000000000000000
(1778535287.141937) can0 0000E011#0000000000000000
(1778535287.142930) can0 0000E012#0CE0000000000000
(1778535287.143931) can0 0000F001#0000000000000000
(1778535287.144926) can0 18FF28F4#10330000020F0000
(1778535287.145911) can0 18FE28F4#0CE00CE039390000
(1778535287.146905) can0 18FD28F4#1527FA6F00000000
(1778535287.147823) can0 4D4#000033007D0F0203
(1778535287.148799) can0 4D5#E00CE00C39390000
(1778535287.149911) can0 18914010#0CE0020CE0010000
(1778535287.150912) can0 18904010#020F0000753001FE
(1778535287.151893) can0 18FA28F4#373CA12C10270000
(1778535287.152892) can0 18FB28F4#E00CE00C39390000
(1778535287.153918) can0 18FC28F4#383300000F020000
(1778535287.154886) can0 18F810F3#0F02E80333640100
(1778535287.155931) can0 18F815F3#0000000010030000
(1778535287.156827) can0 273#000000000F023300
(1778535287.157811) can0 1E1#020F271001FE01FE
(1778535287.158842) can0 1F5#0000000000000000
(1778535287.159919) can0 0800A6A9#0000000000000000
(1778535287.160883) can0 1000A6A9#0F02881333434343
(1778535287.161918) can0 1C00A6A9#0000000000030000
(1778535287.162931) can0 02018100#1003020F00000000
(1778535287.163925) can0 02028100#0000003364000000
(1778535287.164937) can0 02038100#0CE001020CE00101
(1778535287.165905) can0 02048100#4301014301010000
(1778535287.233595) can0 0000E005#15273E0003B60591
(1778535287.234164) can0 1806E5F4#13EC010003B6023A
(1778535287.234914) can0 0000E000#13EC13EC020F0000
(1778535287.235895) can0 0000E004#111103B603B601E4
(1778535287.236895) can0 0000E006#0CE00CE00CE00CE0
(1778535287.237895) can0 0000E007#0CE00CE00CE00CE0
(1778535287.238885) can0 0000E008#0CE00CE00CE00CE0
(1778535287.239901) can0 0000E009#0CE00CE00CE00CE0
(1778535287.240933) can0 0000E010#0000000000000000
(1778535287.241946) can0 0000E011#0000000000000000
(1778535287.242914) can0 0000E012#0CE0000000000000
(1778535287.243927) can0 0000F001#0000000000000000
(1778535287.244927) can0 18FF28F4#10330000020F0000
(1778535287.245889) can0 18FE28F4#0CE00CE039390000
(1778535287.246899) can0 18FD28F4#1527FA6F00000000
(1778535287.247820) can0 4D4#000033007D0F0203
(1778535287.248800) can0 4D5#E00CE00C39390000
(1778535287.249927) can0 18914010#0CE0020CE0010000
(1778535287.250909) can0 18904010#020F0000753001FE
(1778535287.251889) can0 18FA28F4#373CA12C10270000
(1778535287.252889) can0 18FB28F4#E00CE00C39390000
(1778535287.253921) can0 18FC28F4#383300000F020000
(1778535287.254882) can0 18F810F3#0F02E80333640100
(1778535287.255928) can0 18F815F3#0000000010030000
(1778535287.256813) can0 273#000000000F023300
(1778535287.257845) can0 1E1#020F271001FE01FE
(1778535287.258838) can0 1F5#0000000000000000
(1778535287.259921) can0 0800A6A9#0000000000000000
(1778535287.260883) can0 1000A6A9#0F02881333434343
(1778535287.261915) can0 1C00A6A9#0000000000030000
(1778535287.262924) can0 02018100#1003020F00000000
(1778535287.263909) can0 02028100#0000003364000000
(1778535287.264909) can0 02038100#0CE001020CE00101
(1778535287.265934) can0 02048100#4301014301010000
(1778535287.350577) can0 0000E005#15273E0003B60591
(1778535287.351160) can0 1806E5F4#13EC010003B6023A
(1778535287.351918) can0 0000E000#13EC13EC020F0000
(1778535287.352899) can0 0000E004#111103B603B601E4
(1778535287.353887) can0 0000E006#0CE00CE00CE00CE0
(1778535287.354892) can0 0000E007#0CE00CE00CE00CE0
(1778535287.355893) can0 0000E008#0CE00CE00CE00CE0
(1778535287.356885) can0 0000E009#0CE00CE00CE00CE2
(1778535287.357927) can0 0000E010#0000000000000000
(1778535287.358930) can0 0000E011#0000000000000000
(1778535287.359912) can0 0000E012#0CE0000200000000
(1778535287.360880) can0 0000E013#4542323630354C43
(1778535287.361905) can0 0000E014#3134323300000000
(1778535287.362924) can0 0000E015#0000000000000003
(1778535287.363936) can0 0000F000#0000000000000000
(1778535287.364917) can0 0000F001#0000000000000000
(1778535287.365910) can0 18FF28F4#10330000020F0000
(1778535287.366879) can0 18FE28F4#0CE20CE039390000
(1778535287.367892) can0 18FD28F4#1527FA6F00000000
(1778535287.368810) can0 4D4#000033007D0F0203
(1778535287.369790) can0 4D5#E00CE20C39390000
(1778535287.370899) can0 18914010#0CE2100CE0010000
(1778535287.371900) can0 18904010#020F0000753001FE
(1778535287.372880) can0 18FA28F4#373CA12C10270000
(1778535287.373893) can0 18FB28F4#E20CE00C39390000
(1778535287.374905) can0 18FC28F4#383300000F020000
(1778535287.375887) can0 18F810F3#0F02E80333640100
(1778535287.376905) can0 18F811F3#E20C1001E00C0101
(1778535287.377895) can0 18F812F3#3901013901010000
(1778535287.378912) can0 18F813F3#0101000000000000
(1778535287.379894) can0 18F814F3#32000F19A9015F00
(1778535287.380906) can0 18F815F3#0000000010030000
(1778535287.381805) can0 273#000000000F023300
(1778535287.382804) can0 1E1#020F271001FE01FE
(1778535287.383830) can0 1F5#0000000000000000
(1778535287.384912) can0 0800A6A9#0000000000000000
(1778535287.385874) can0 1000A6A9#0F02881333434343
(1778535287.386899) can0 1C00A6A9#0000000000030000
(1778535287.387931) can0 02018100#1003020F00000000
(1778535287.388912) can0 02028100#0000003364000000
(1778535287.389888) can0 02038100#0CE201100CE00101
(1778535287.390899) can0 02048100#4301014301010000
(1778535287.448579) can0 0000E005#15273E0003B60591
(1778535287.449144) can0 1806E5F4#13EC010003B6023A
(1778535287.449914) can0 0000E000#13EC13EC020F0000
(1778535287.450883) can0 0000E004#111103B603B601E4
(1778535287.451895) can0 0000E006#0CE00CE00CE00CE0
(1778535287.452896) can0 0000E007#0CE00CE00CE00CE0
(1778535287.453889) can0 0000E008#0CE00CE00CE00CE0
(1778535287.454870) can0 0000E009#0CE00CE00CE00CE2
(1778535287.455921) can0 0000E010#0000000000000000
(1778535287.456914) can0 0000E011#0000000000000000
(1778535287.457912) can0 0000E012#0CE0000200000000
(1778535287.458927) can0 0000F001#0000000000000000
(1778535287.459908) can0 18FF28F4#10330000020F0000
(1778535287.460889) can0 18FE28F4#0CE20CE039390000
(1778535287.461884) can0 18FD28F4#1527FA6F00000000
(1778535287.462806) can0 4D4#000033007D0F0203
(1778535287.463787) can0 4D5#E00CE20C39390000
(1778535287.464895) can0 18914010#0CE2100CE0010000
(1778535287.465896) can0 18904010#020F0000753001FE
(1778535287.466876) can0 18FA28F4#373CA12C10270000
(1778535287.467889) can0 18FB28F4#E20CE00C39390000
(1778535287.468902) can0 18FC28F4#383300000F020000
(1778535287.469883) can0 18F810F3#0F02E80333640100
(1778535287.470914) can0 18F815F3#0000000010030000
(1778535287.471814) can0 273#000000000F023300
(1778535287.472813) can0 1E1#020F271001FE01FE
(1778535287.473823) can0 1F5#0000000000000000
(1778535287.474902) can0 0800A6A9#0000000000000000
(1778535287.475871) can0 1000A6A9#0F02881333434343
(1778535287.476902) can0 1C00A6A9#0000000000030000
(1778535287.477915) can0 02018100#1003020F00000000
(1778535287.478908) can0 02028100#0000003364000000
(1778535287.479890) can0 02038100#0CE201100CE00101
(1778535287.480921) can0 02048100#4301014301010000
(1778535287.548581) can0 0000E005#15273E0003B60591
(1778535287.549154) can0 1806E5F4#13EC010003B6023A
(1778535287.549923) can0 0000E000#13EC13EC020F0000
(1778535287.550871) can0 0000E004#111103B603B601E4
(1778535287.551886) can0 0000E006#0CE00CE00CE00CE0
(1778535287.552886) can0 0000E007#0CE00CE00CE00CE0
(1778535287.553879) can0 0000E008#0CE00CE00CE00CE0
(1778535287.554860) can0 0000E009#0CE00CE00CE00CE2
(1778535287.555911) can0 0000E010#0000000000000000
(1778535287.556905) can0 0000E011#0000000000000000
(1778535287.557924) can0 0000E012#0CE0000200000000
(1778535287.558916) can0 0000F001#0000000000000000
(1778535287.559899) can0 18FF28F4#10330000020F0000
(1778535287.560880) can0 18FE28F4#0CE20CE039390000
(1778535287.561880) can0 18FD28F4#1527FA6F00000000
(1778535287.562796) can0 4D4#000033007D0F0203
(1778535287.563778) can0 4D5#E00CE20C39390000
(1778535287.564892) can0 18914010#0CE2100CE0010000
(1778535287.565917) can0 18904010#020F0000753001FE
(1778535287.566867) can0 18FA28F4#373CA12C10270000
(1778535287.567867) can0 18FB28F4#E20CE00C39390000
(1778535287.568898) can0 18FC28F4#383300000F020000
(1778535287.569880) can0 18F810F3#0F02E80333640100
(1778535287.570901) can0 18F815F3#0000000010030000
(1778535287.571810) can0 273#000000000F023300
(1778535287.572791) can0 1E1#020F271001FE01FE
(1778535287.573867) can0 1F5#0000000000000000
(1778535287.574896) can0 0800A6A9#0000000000000000
(1778535287.575861) can0 1000A6A9#0F02881333434343
(1778535287.576892) can0 1C00A6A9#0000000000030000
(1778535287.577905) can0 02018100#1003020F00000000
(1778535287.578905) can0 02028100#0000003364000000
(1778535287.579887) can0 02038100#0CE201100CE00101
(1778535287.580880) can0 02048100#4301014301010000
(1778535287.648584) can0 0000E005#15273E0003B60591
(1778535287.649139) can0 1806E5F4#13EC010003B6023A
(1778535287.649901) can0 0000E000#13EC13EC020F0000
(1778535287.650913) can0 0000E004#111103B603B601E4
(1778535287.651883) can0 0000E006#0CE00CE00CE00CE0
(1778535287.652875) can0 0000E007#0CE00CE00CE00CE0
(1778535287.653876) can0 0000E008#0CE00CE00CE00CE0
(1778535287.654875) can0 0000E009#0CE00CE00CE00CE0
(1778535287.655902) can0 0000E010#0000000000000000
(1778535287.656901) can0 0000E011#0000000000000000
(1778535287.657901) can0 0000E012#0CE0000000000000
(1778535287.658965) can0 0000F001#0000000000000000
(1778535287.659895) can0 18FF28F4#10330000020F0000
(1778535287.660873) can0 18FE28F4#0CE00CE039390000
(1778535287.661889) can0 18FD28F4#1527FA6F00000000
(1778535287.662787) can0 4D4#000033007D0F0203
(1778535287.663787) can0 4D5#E00CE00C39390000
(1778535287.664875) can0 18914010#0CE0010CE0030000
(1778535287.665883) can0 18904010#020F0000753001FE
(1778535287.666876) can0 18FA28F4#373CA12C10270000
(1778535287.667876) can0 18FB28F4#E00CE00C39390000
(1778535287.668889) can0 18FC28F4#383300000F020000
(1778535287.669870) can0 18F810F3#0F02E80333640100
(1778535287.670901) can0 18F815F3#0000000010030000
(1778535287.671800) can0 273#000000000F023300
(1778535287.672775) can0 1E1#020F271001FE01FE
(1778535287.673813) can0 1F5#0000000000000000
(1778535287.674889) can0 0800A6A9#0000000000000000
(1778535287.675858) can0 1000A6A9#0F02881333434343
(1778535287.676883) can0 1C00A6A9#0000000000030000
(1778535287.677896) can0 02018100#1003020F00000000
(1778535287.678895) can0 02028100#0000003364000000
(1778535287.679890) can0 02038100#0CE001010CE00103
(1778535287.680889) can0 02048100#4301014301010000
(1778535287.748589) can0 0000E005#15273E0003B60591
(1778535287.749134) can0 1806E5F4#13EC010003B6023A
(1778535287.749891) can0 0000E000#13EC13EC020F0000
(1778535287.750868) can0 0000E004#111103B603B601E4
(1778535287.751873) can0 0000E006#0CE00CE00CE00CE0
(1778535287.752866) can0 0000E007#0CE00CE00CE00CE0
(1778535287.753866) can0 0000E008#0CE00CE00CE00CE0
(1778535287.754855) can0 0000E009#0CE00CE00CE00CE0
(1778535287.755911) can0 0000E010#0000000000000000
(1778535287.756904) can0 0000E011#0000000000000000
(1778535287.757885) can0 0000E012#0CE0000000000000
(1778535287.758904) can0 0000F001#0000000000000000
(1778535287.759899) can0 18FF28F4#10330000020F0000
(1778535287.760866) can0 18FE28F4#0CE00CE039390000
(1778535287.761879) can0 18FD28F4#1527FA6F00000000
(1778535287.762792) can0 4D4#000033007D0F0203
(1778535287.763778) can0 4D5#E00CE00C39390000
(1778535287.764886) can0 18914010#0CE0010CE0030000
(1778535287.765887) can0 18904010#020F0000753001FE
(1778535287.766864) can0 18FA28F4#373CA12C10270000
(1778535287.767867) can0 18FB28F4#E00CE00C39390000
(1778535287.768879) can0 18FC28F4#383300000F020000
(1778535287.769860) can0 18F810F3#0F02E80333640100
(1778535287.770893) can0 18F815F3#0000000010030000
(1778535287.771791) can0 273#000000000F023300
(1778535287.772791) can0 1E1#020F271001FE01FE
(1778535287.773803) can0 1F5#0000000000000000
(1778535287.774891) can0 0800A6A9#0000000000000000
(1778535287.775861) can0 1000A6A9#0F02881333434343
(1778535287.776879) can0 1C00A6A9#0000000000030000
(1778535287.777905) can0 02018100#1003020F00000000
(1778535287.778886) can0 02028100#0000003364000000
(1778535287.779886) can0 02038100#0CE001010CE00103
(1778535287.780898) can0 02048100#4301014301010000
(1778535287.865592) can0 0000E005#15273E0003B60591
(1778535287.866125) can0 1806E5F4#13EC010003B6023A
(1778535287.866882) can0 0000E000#13EC13EC020F0000
(1778535287.867863) can0 0000E004#111103B603B601E4
(1778535287.868863) can0 0000E006#0CE00CE00CE00CE0
(1778535287.869856) can0 0000E007#0CE00CE00CE00CE0
(1778535287.870857) can0 0000E008#0CE00CE00CE00CE0
(1778535287.871857) can0 0000E009#0CE00CE00CE00CE0
(1778535287.872906) can0 0000E010#0000000000000000
(1778535287.873928) can0 0000E011#0000000000000000
(1778535287.874883) can0 0000E012#0CE0000000000000
(1778535287.875845) can0 0000E013#4542323630354C43
(1778535287.876876) can0 0000E014#3134323300000000
(1778535287.877889) can0 0000E015#0000000000000003
(1778535287.878902) can0 0000F000#0000000000000000
(1778535287.879901) can0 0000F001#0000000000000000
(1778535287.880882) can0 18FF28F4#10330000020F0000
(1778535287.881910) can0 18FE28F4#0CE00CE039390000
(1778535287.882876) can0 18FD28F4#1527FA6F00000000
(1778535287.883781) can0 4D4#000033007D0F0203
(1778535287.884774) can0 4D5#E00CE00C39390000
(1778535287.885866) can0 18914010#0CE0010CE0030000
(1778535287.886870) can0 18904010#020F0000753001FE
(1778535287.887863) can0 18FA28F4#373CA12C10270000
(1778535287.888863) can0 18FB28F4#E00CE00C39390000
(1778535287.889876) can0 18FC28F4#383300000F020000
(1778535287.890857) can0 18F810F3#0F02E80333640100
(1778535287.891858) can0 18F811F3#E00C0101E00C0301
(1778535287.892870) can0 18F812F3#3901013901010000
(1778535287.893880) can0 18F813F3#0101000000000000
(1778535287.894863) can0 18F814F3#32000F19A9015F00
(1778535287.895877) can0 18F815F3#0000000010030000
(1778535287.896794) can0 273#000000000F023300
(1778535287.897767) can0 1E1#020F271001FE01FE
(1778535287.898800) can0 1F5#0000000000000000
(1778535287.899877) can0 0800A6A9#0000000000000000
(1778535287.900844) can0 1000A6A9#0F02881333434343
(1778535287.901870) can0 1C00A6A9#0000000000030000
(1778535287.902902) can0 02018100#1003020F00000000
(1778535287.903876) can0 02028100#0000003364000000
(1778535287.904877) can0 02038100#0CE001010CE00103
(1778535287.905865) can0 02048100#4301014301010000
(1778535287.963594) can0 0000E005#15273E0003B60591
(1778535287.964133) can0 1806E5F4#13EC010003B6023A
(1778535287.964891) can0 0000E000#13EC13EC020F0000
(1778535287.965853) can0 0000E004#111103B603B601E4
(1778535287.966853) can0 0000E006#0CE00CE00CE00CE0
(1778535287.967847) can0 0000E007#0CE00CE00CE00CE0
(1778535287.968860) can0 0000E008#0CE00CE00CE00CE0
(1778535287.969859) can0 0000E009#0CE00CE00CE00CE0
(1778535287.970891) can0 0000E010#0000000000000000
(1778535287.971885) can0 0000E011#0000000000000000
(1778535287.972885) can0 0000E012#0CE0000000000000
(1778535287.973882) can0 0000F001#0000000000000000
(1778535287.974878) can0 18FF28F4#10330000020F0000
(1778535287.975860) can0 18FE28F4#0CE00CE039390000
(1778535287.976860) can0 18FD28F4#1527FA6F00000000
(1778535287.977770) can0 4D4#000033007D0F0203
(1778535287.978758) can0 4D5#E00CE00C39390000
(1778535287.979867) can0 18914010#0CE0010CE0030000
(1778535287.980867) can0 18904010#020F0000753001FE
(1778535287.981847) can0 18FA28F4#373CA12C10270000
(1778535287.982841) can0 18FB28F4#E00CE00C39390000
(1778535287.983874) can0 18FC28F4#383300000F020000
(1778535287.984841) can0 18F810F3#0F02E80333640100
(1778535287.985882) can0 18F815F3#0000000010030000
(1778535287.986784) can0 273#000000000F023300
(1778535287.987761) can0 1E1#020F271001FE01FE
(1778535287.988797) can0 1F5#0000000000000000
(1778535287.989869) can0 0800A6A9#0000000000000000
(1778535287.990841) can0 1000A6A9#0F02881333434343
(1778535287.991867) can0 1C00A6A9#0000000000030000
(1778535287.992879) can0 02018100#1003020F00000000
(1778535287.993879) can0 02028100#0000003364000000
(1778535287.994873) can0 02038100#0CE001010CE00103
(1778535287.995873) can0 02048100#4301014301010000
(1778535288.063537) can0 0000E005#15273E0003B60591
(1778535288.064131) can0 1806E5F4#13EC010003B6023A
(1778535288.064869) can0 0000E000#13EC13EC020F0000
(1778535288.065849) can0 0000E004#111103B603B601E4
(1778535288.066850) can0 0000E006#0CE00CE00CE00CE0
(1778535288.067841) can0 0000E007#0CE00CE00CE00CE0
(1778535288.068843) can0 0000E008#0CE00CE00CE00CE0
(1778535288.069844) can0 0000E009#0CE00CE00CE00CE0
(1778535288.070888) can0 0000E010#0000000000000000
(1778535288.071888) can0 0000E011#0000000000000000
(1778535288.072882) can0 0000E012#0CE0000000000000
(1778535288.073881) can0 0000F001#0000000000000000
(1778535288.074882) can0 18FF28F4#10330000020F0000
(1778535288.075840) can0 18FE28F4#0CE00CE039390000
(1778535288.076856) can0 18FD28F4#1527FA6F00000000
(1778535288.077774) can0 4D4#000033007D0F0203
(1778535288.078755) can0 4D5#E00CE00C39390000
(1778535288.079864) can0 18914010#0CE0010CE0030000
(1778535288.080882) can0 18904010#020F0000753001FE
(1778535288.081844) can0 18FA28F4#373CA12C10270000
(1778535288.082844) can0 18FB28F4#E00CE00C39390000
(1778535288.083876) can0 18FC28F4#383300000F020000
(1778535288.084838) can0 18F810F3#0F02E80333640100
(1778535288.085883) can0 18F815F3#0000000010030000
(1778535288.086768) can0 273#000000000F023300
(1778535288.087764) can0 1E1#020F271001FE01FE
(1778535288.088812) can0 1F5#0000000000000000
(1778535288.089876) can0 0800A6A9#0000000000000000
(1778535288.090838) can0 1000A6A9#0F02881333434343
(1778535288.091865) can0 1C00A6A9#0000000000030000
(1778535288.092882) can0 02018100#1003020F00000000
(1778535288.093863) can0 02028100#0000003364000000
(1778535288.094857) can0 02038100#0CE001010CE00103
(1778535288.095857) can0 02048100#4301014301010000
(1778535288.163521) can0 0000E005#15273E0003B60591
(1778535288.164113) can0 1806E5F4#13EC010003B6023A
(1778535288.164865) can0 0000E000#13EC13EC020F0000
(1778535288.165865) can0 0000E004#111103B603B601E4
(1778535288.166846) can0 0000E006#0CE00CE00CE00CE0
(1778535288.167847) can0 0000E007#0CE00CE00CE00CE0
(1778535288.168841) can0 0000E008#0CE00CE00CE00CE0
(1778535288.169836) can0 0000E009#0CE00CE00CE00CE0
(1778535288.170885) can0 0000E010#0000000000000000
(1778535288.171885) can0 0000E011#0000000000000000
(1778535288.172866) can0 0000E012#0CE0000000000000
(1778535288.173910) can0 0000F001#0000000000000000
(1778535288.174879) can0 18FF28F4#10330000020F0000
(1778535288.175841) can0 18FE28F4#0CE00CE039390000
(1778535288.176853) can0 18FD28F4#1527FA6F00000000
(1778535288.177767) can0 4D4#000033007D0F0203
(1778535288.178752) can0 4D5#E00CE00C39390000
(1778535288.179847) can0 18914010#0CE0010CE0020000
(1778535288.180860) can0 18904010#020F0000753001FE
(1778535288.181868) can0 18FA28F4#373CA12C10270000
(1778535288.182841) can0 18FB28F4#E00CE00C39390000
(1778535288.183853) can0 18FC28F4#383300000F020000
(1778535288.184834) can0 18F810F3#0F02E80333640100
(1778535288.185866) can0 18F815F3#0000000010030000
(1778535288.186765) can0 273#000000000F023300
(1778535288.187765) can0 1E1#020F271001FE01FE
(1778535288.188777) can0 1F5#0000000000000000
(1778535288.189912) can0 0800A6A9#0000000000000000
(1778535288.190834) can0 1000A6A9#0F02881333434343
(1778535288.191867) can0 1C00A6A9#0000000000030000
(1778535288.192879) can0 02018100#1003020F00000000
(1778535288.193853) can0 02028100#0000003364000000
(1778535288.194853) can0 02038100#0CE001010CE00102
(1778535288.195854) can0 02048100#4301014301010000
(1778535288.263541) can0 0000E005#15273E0003B60591
(1778535288.264129) can0 1806E5F4#13EC010003B6023A
(1778535288.264868) can0 0000E000#13EC13EC020F0000
(1778535288.265831) can0 0000E004#111103B603B601E4
(1778535288.266894) can0 0000E006#0CE00CE00CE00CE0
(1778535288.267837) can0 0000E007#0CE00CE00CE00CE0
(1778535288.268843) can0 0000E008#0CE00CE00CE00CE0
(1778535288.269837) can0 0000E009#0CE00CE00CE00CE0
(1778535288.270862) can0 0000E010#0000000000000000
(1778535288.271869) can0 0000E011#0000000000000000
(1778535288.272863) can0 0000E012#0CE0000000000000
(1778535288.273875) can0 0000F001#0000000000000000
(1778535288.274863) can0 18FF28F4#10330000020F0000
(1778535288.275844) can0 18FE28F4#0CE00CE039390000
(1778535288.276856) can0 18FD28F4#1527FA6F00000000
(1778535288.277755) can0 4D4#000033007D0F0203
(1778535288.278747) can0 4D5#E00CE00C39390000
(1778535288.279850) can0 18914010#0CE0010CE0020000
(1778535288.280844) can0 18904010#020F0000753001FE
(1778535288.281844) can0 18FA28F4#373CA12C10270000
(1778535288.282832) can0 18FB28F4#E00CE00C39390000
(1778535288.283857) can0 18FC28F4#383300000F020000
(1778535288.284837) can0 18F810F3#0F02E80333640100
(1778535288.285863) can0 18F815F3#0000000010030000
(1778535288.286767) can0 273#000000000F023300
(1778535288.287762) can0 1E1#020F271001FE01FE
(1778535288.288774) can0 1F5#0000000000000000
(1778535288.289869) can0 0800A6A9#0000000000000000
(1778535288.290816) can0 1000A6A9#0F02881333434343
(1778535288.291851) can0 1C00A6A9#0000000000030000
(1778535288.292863) can0 02018100#1003020F00000000
(1778535288.293863) can0 02028100#0000003364000000
(1778535288.294855) can0 02038100#0CE001010CE00102
(1778535288.295858) can0 02048100#4301014301010000
(1778535288.380526) can0 0000E005#15273E0003B60591
(1778535288.381119) can0 1806E5F4#13EC010003B6023A
(1778535288.381859) can0 0000E000#13EC13EC020F0000
(1778535288.382840) can0 0000E004#111103B603B601E4
(1778535288.383834) can0 0000E006#0CE00CE00CE00CE0
(1778535288.384834) can0 0000E007#0CE00CE00CE00CE0
(1778535288.385826) can0 0000E008#0CE00CE00CE00CE0
(1778535288.386827) can0 0000E009#0CE00CE00CE00CE0
(1778535288.387873) can0 0000E010#0000000000000000
(1778535288.388885) can0 0000E011#0000000000000000
(1778535288.389851) can0 0000E012#0CE0000000000000
(1778535288.390815) can0 0000E013#4542323630354C43
(1778535288.391847) can0 0000E014#3134323300000000
(1778535288.392860) can0 0000E015#0000000000000003
(1778535288.393873) can0 0000F000#0000000000000000
(1778535288.394853) can0 0000F001#0000000000000000
(1778535288.395854) can0 18FF28F4#10330000020F0000
(1778535288.396854) can0 18FE28F4#0CE00CE039390000
(1778535288.397842) can0 18FD28F4#1527FA6F00000000
(1778535288.398752) can0 4D4#000033007D0F0203
(1778535288.399733) can0 4D5#E00CE00C39390000
(1778535288.400841) can0 18914010#0CE0010CE0020000
(1778535288.401836) can0 18904010#020F0000753001FE
(1778535288.402822) can0 18FA28F4#373CA12C10270000
(1778535288.403835) can0 18FB28F4#E00CE00C39390000
(1778535288.404879) can0 18FC28F4#383300000F020000
(1778535288.405828) can0 18F810F3#0F02E80333640100
(1778535288.406828) can0 18F811F3#E00C0101E00C0201
(1778535288.407842) can0 18F812F3#3901013901010000
(1778535288.408854) can0 18F813F3#0101000000000000
(1778535288.409834) can0 18F814F3#32000F19A9015F00
(1778535288.410848) can0 18F815F3#0000000010030000
(1778535288.411746) can0 273#000000000F023300
(1778535288.412790) can0 1E1#020F271001FE01FE
(1778535288.413767) can0 1F5#0000000000000000
(1778535288.414847) can0 0800A6A9#0000000000000000
(1778535288.415816) can0 1000A6A9#0F02881333434343
(1778535288.416841) can0 1C00A6A9#0000000000030000
(1778535288.417854) can0 02018100#1003020F00000000
(1778535288.418854) can0 02028100#0000003364000000
(1778535288.419848) can0 02038100#0CE001010CE00102
(1778535288.420893) can0 02048100#4301014301010000
(1778535288.478515) can0 0000E005#15273E0003B60591
(1778535288.479109) can0 1806E5F4#13EC010003B6023A
(1778535288.479850) can0 0000E000#13EC13EC020F0000
(1778535288.480831) can0 0000E004#111103B603B601E4
(1778535288.481861) can0 0000E006#0CE00CE00CE00CE0
(1778535288.482824) can0 0000E007#0CE00CE00CE00CE0
(1778535288.483824) can0 0000E008#0CE00CE00CE00CE0
(1778535288.484824) can0 0000E009#0CE00CE00CE00CE0
(1778535288.485869) can0 0000E010#0000000000000000
(1778535288.486869) can0 0000E011#0000000000000000
(1778535288.487850) can0 0000E012#0CE0000000000000
(1778535288.488862) can0 0000F001#0000000000000000
(1778535288.489890) can0 18FF28F4#10330000020F0000
(1778535288.490824) can0 18FE28F4#0CE00CE039390000
(1778535288.491838) can0 18FD28F4#1527FA6F00000000
(1778535288.492735) can0 4D4#000033007D0F0203
(1778535288.493732) can0 4D5#E00CE00C39390000
(1778535288.494831) can0 18914010#0CE0010CE0020000
(1778535288.495844) can0 18904010#020F0000753001FE
(1778535288.496825) can0 18FA28F4#373CA12C10270000
(1778535288.497869) can0 18FB28F4#E00CE00C39390000
(1778535288.498837) can0 18FC28F4#383300000F020000
(1778535288.499819) can0 18F810F3#0F02E80333640100
(1778535288.500850) can0 18F815F3#0000000010030000
(1778535288.501746) can0 273#000000000F023300
(1778535288.502749) can0 1E1#020F271001FE01FE
(1778535288.503761) can0 1F5#0000000000000000
(1778535288.504857) can0 0800A6A9#0000000000000000
(1778535288.505816) can0 1000A6A9#0F02881333434343
(1778535288.506831) can0 1C00A6A9#0000000000030000
(1778535288.507863) can0 02018100#1003020F00000000
(1778535288.508844) can0 02028100#0000003364000000
(1778535288.509844) can0 02038100#0CE001010CE00102
(1778535288.510838) can0 02048100#4301014301010000
(1778535288.578509) can0 0000E005#15273E0003B60591
(1778535288.579088) can0 1806E5F4#13EC010003B6023A
(1778535288.579840) can0 0000E000#13EC13EC020F0000
(1778535288.580821) can0 0000E004#111103B603B601E4
(1778535288.581821) can0 0000E006#0CE00CE00CE00CE0
(1778535288.582820) can0 0000E007#0CE00CE00CE00CE0
(1778535288.583811) can0 0000E008#0CE00CE00CE00CE0
(1778535288.584814) can0 0000E009#0CE00CE00CE00CE0
(1778535288.585859) can0 0000E010#0000000000000000
(1778535288.586859) can0 0000E011#0000000000000000
(1778535288.587840) can0 0000E012#0CE0000000000000
(1778535288.588852) can0 0000F001#0000000000000000
(1778535288.589853) can0 18FF28F4#10330000020F0000
(1778535288.590815) can0 18FE28F4#0CE00CE039390000
(1778535288.591825) can0 18FD28F4#1527FA6F00000000
(1778535288.592745) can0 4D4#000033007D0F0203
(1778535288.593726) can0 4D5#E00CE00C39390000
(1778535288.594821) can0 18914010#0CE0010CE0020000
(1778535288.595834) can0 18904010#020F0000753001FE
(1778535288.596815) can0 18FA28F4#373CA12C10270000
(1778535288.597815) can0 18FB28F4#E00CE00C39390000
(1778535288.598828) can0 18FC28F4#383300000F020000
(1778535288.599810) can0 18F810F3#0F02E80333640100
(1778535288.600840) can0 18F815F3#0000000010030000
(1778535288.601739) can0 273#000000000F023300
(1778535288.602739) can0 1E1#020F271001FE01FE
(1778535288.603764) can0 1F5#0000000000000000
(1778535288.604847) can0 0800A6A9#0000000000000000
(1778535288.605815) can0 1000A6A9#0F02881333434343
(1778535288.606840) can0 1C00A6A9#0000000000030000
(1778535288.607850) can0 02018100#1003020F00000000
(1778535288.608841) can0 02028100#0000003364000000
(1778535288.609834) can0 02038100#0CE001010CE00102
(1778535288.610834) can0 02048100#4301014301010000
(1778535288.678493) can0 0000E005#15273E0003B60591
(1778535288.679090) can0 1806E5F4#13EC010003B6023A
(1778535288.679843) can0 0000E000#13EC13EC020F0000
(1778535288.680824) can0 0000E004#111103B603B601E4
(1778535288.681820) can0 0000E006#0CE00CE00CE00CE0
(1778535288.682817) can0 0000E007#0CE00CE00CE00CE0
(1778535288.683818) can0 0000E008#0CE00CE00CE00CE0
(1778535288.684817) can0 0000E009#0CE00CE00CE00CE0
(1778535288.685844) can0 0000E010#0000000000000000
(1778535288.686843) can0 0000E011#0000000000000000
(1778535288.687843) can0 0000E012#0CE0000000000000
(1778535288.688868) can0 0000F001#0000000000000000
(1778535288.689837) can0 18FF28F4#10330000020F0000
(1778535288.690818) can0 18FE28F4#0CE00CE039390000
(1778535288.691831) can0 18FD28F4#1527FA6F00000000
(1778535288.692735) can0 4D4#000033007D0F0203
(1778535288.693729) can0 4D5#E00CE00C39390000
(1778535288.694824) can0 18914010#0CE0010CE0020000
(1778535288.695825) can0 18904010#020F0000753001FE
(1778535288.696818) can0 18FA28F4#373CA12C10270000
(1778535288.697814) can0 18FB28F4#E00CE00C39390000
(1778535288.698830) can0 18FC28F4#383300000F020000
(1778535288.699812) can0 18F810F3#0F02E80333640100
(1778535288.700843) can0 18F815F3#0000000010030000
(1778535288.701742) can0 273#000000000F023300
(1778535288.702723) can0 1E1#020F271001FE01FE
(1778535288.703755) can0 1F5#0000000000000000
(1778535288.704870) can0 0800A6A9#0000000000000000
(1778535288.705797) can0 1000A6A9#0F02881333434343
(1778535288.706831) can0 1C00A6A9#0000000000030000
(1778535288.707843) can0 02018100#1003020F00000000
(1778535288.708843) can0 02028100#0000003364000000
(1778535288.709814) can0 02038100#0CE001010CE00102
(1778535288.710818) can0 02048100#4301014301010000
(1778535288.778496) can0 0000E005#15273E0003B60591
(1778535288.779088) can0 1806E5F4#13EC010003B6023A
(1778535288.779840) can0 0000E000#13EC13EC020F0000
(1778535288.780807) can0 0000E004#111103B603B601E4
(1778535288.781840) can0 0000E006#0CE00CE00CE00CE0
(1778535288.782821) can0 0000E007#0CE00CE00CE00CE0
(1778535288.783816) can0 0000E008#0CE00CE00CE00CE0
(1778535288.784814) can0 0000E009#0CE00CE00CE00CE0
(1778535288.785845) can0 0000E010#0000000000000000
(1778535288.786840) can0 0000E011#0000000000000000
(1778535288.787839) can0 0000E012#0CE0000000000000
(1778535288.788840) can0 0000F001#0000000000000000
(1778535288.789865) can0 18FF28F4#10330000020F0000
(1778535288.790814) can0 18FE28F4#0CE00CE039390000
(1778535288.791815) can0 18FD28F4#1527FA6F00000000
(1778535288.792731) can0 4D4#000033007D0F0203
(1778535288.793712) can0 4D5#E00CE00C39390000
(1778535288.794808) can0 18914010#0CE0010CE0020000
(1778535288.795816) can0 18904010#020F0000753001FE
(1778535288.796802) can0 18FA28F4#373CA12C10270000
(1778535288.797846) can0 18FB28F4#E00CE00C39390000
(1778535288.798834) can0 18FC28F4#383300000F020000
(1778535288.799794) can0 18F810F3#0F02E80333640100
(1778535288.800840) can0 18F815F3#0000000010030000
(1778535288.801726) can0 273#000000000F023300
(1778535288.802726) can0 1E1#020F271001FE01FE
(1778535288.803758) can0 1F5#0000000000000000
(1778535288.804834) can0 0800A6A9#0000000000000000
(1778535288.805795) can0 1000A6A9#0F02881333434343
(1778535288.806827) can0 1C00A6A9#0000000000030000
(1778535288.807839) can0 02018100#1003020F00000000
(1778535288.808821) can0 02028100#0000003364000000
(1778535288.809821) can0 02038100#0CE001010CE00102
(1778535288.810814) can0 02048100#4301014301010000
(1778535288.895480) can0 0000E005#15273E0003B60591
(1778535288.896078) can0 1806E5F4#13EC010003B6023A
(1778535288.896830) can0 0000E000#13EC13EC020F0000
(1778535288.897798) can0 0000E004#111103B603B601E4
(1778535288.898811) can0 0000E006#0CE00CE00CE00CE0
(1778535288.899805) can0 0000E007#0CE00CE00CE00CE0
(1778535288.900804) can0 0000E008#0CE00CE00CE00CE0
(1778535288.901805) can0 0000E009#0CE00CE00CE00CE0
(1778535288.902826) can0 0000E010#0000000000000000
(1778535288.903831) can0 0000E011#0000000000000000
(1778535288.904830) can0 0000E012#0CE0000000000000
(1778535288.905792) can0 0000E013#4542323630354C43
(1778535288.906805) can0 0000E014#3134323300000000
(1778535288.907837) can0 0000E015#0000000000000003
(1778535288.908837) can0 0000F000#0000000000000000
(1778535288.909830) can0 0000F001#0000000000000000
(1778535288.910830) can0 18FF28F4#10330000020F0000
(1778535288.911811) can0 18FE28F4#0CE00CE039390000
(1778535288.912812) can0 18FD28F4#1527FA6F00000000
(1778535288.913729) can0 4D4#000033007D0F0203
(1778535288.914705) can0 4D5#E00CE00C39390000
(1778535288.915819) can0 18914010#0CE0010CE0030000
(1778535288.916818) can0 18904010#020F0000753001FE
(1778535288.917799) can0 18FA28F4#373CA12C10270000
(1778535288.918790) can0 18FB28F4#E00CE00C39390000
(1778535288.919844) can0 18FC28F4#383300000F020000
(1778535288.920793) can0 18F810F3#0F02E80333640100
(1778535288.921805) can0 18F811F3#E00C0101E00C0301
(1778535288.922799) can0 18F812F3#3901013901010000
(1778535288.923832) can0 18F813F3#0101000000000000
(1778535288.924799) can0 18F814F3#32000F19A9015F00
(1778535288.925825) can0 18F815F3#0000000010030000
(1778535288.926721) can0 273#000000000F023300
(1778535288.927736) can0 1E1#020F271001FE01FE
(1778535288.928736) can0 1F5#0000000000000000
(1778535288.929831) can0 0800A6A9#0000000000000000
(1778535288.930790) can0 1000A6A9#0F02881333434343
(1778535288.931819) can0 1C00A6A9#0000000000030000
(1778535288.932831) can0 02018100#1003020F00000000
(1778535288.933812) can0 02028100#0000003364000000
(1778535288.934812) can0 02038100#0CE001010CE00103
(1778535288.935838) can0 02048100#4301014301010000
(1778535288.993489) can0 0000E005#15273E0003B60591
(1778535288.994068) can0 1806E5F4#13EC010003B6023A
(1778535288.994813) can0 0000E000#13EC13EC020F0000
(1778535288.995801) can0 0000E004#111103B603B601E4
(1778535288.996814) can0 0000E006#0CE00CE00CE00CE0
(1778535288.997795) can0 0000E007#0CE00CE00CE00CE0
(1778535288.998790) can0 0000E008#0CE00CE00CE00CE0
(1778535288.999795) can0 0000E009#0CE00CE00CE00CE0
(1778535289.000840) can0 0000E010#0000000000000000
(1778535289.001840) can0 0000E011#0000000000000000
(1778535289.002821) can0 0000E012#0CE0000000000000
(1778535289.003834) can0 0000F001#0000000000000000
(1778535289.004846) can0 18FF28F4#10330000020F0000
(1778535289.005795) can0 18FE28F4#0CE00CE039390000
(1778535289.006809) can0 18FD28F4#1527FA6F00000000
(1778535289.007713) can0 4D4#000033007D0F0203
(1778535289.008700) can0 4D5#E00CE00C39390000
(1778535289.009800) can0 18914010#0CE0010CE0030000
(1778535289.010814) can0 18904010#020F0000753001FE
(1778535289.011795) can0 18FA28F4#373CA12C10270000
(1778535289.012827) can0 18FB28F4#E00CE00C39390000
(1778535289.013808) can0 18FC28F4#383300000F020000
(1778535289.014789) can0 18F810F3#0F02E80333640100
(1778535289.015822) can0 18F815F3#0000000010030000
(1778535289.016719) can0 273#000000000F023300
(1778535289.017716) can0 1E1#020F271001FE01FE
(1778535289.018732) can0 1F5#0000000000000000
(1778535289.019828) can0 0800A6A9#0000000000000000
(1778535289.020827) can0 1000A6A9#0F02881333434343
(1778535289.021800) can0 1C00A6A9#0000000000030000
(1778535289.022834) can0 02018100#1003020F00000000
(1778535289.023815) can0 02028100#0000003364000000
(1778535289.024814) can0 02038100#0CE001010CE00103
(1778535289.025809) can0 02048100#4301014301010000
(1778535289.093459) can0 0000E005#15273E0003B60591
(1778535289.094052) can0 1806E5F4#13EC010003B6023A
(1778535289.094823) can0 0000E000#13EC13EC020F0000
(1778535289.095787) can0 0000E004#111103B603B601E4
(1778535289.096785) can0 0000E006#0CE00CE00CE00CE0
(1778535289.097836) can0 0000E007#0CE00CE00CE00CE0
(1778535289.098798) can0 0000E008#0CE00CE00CE00CE0
(1778535289.099795) can0 0000E009#0CE00CE00CE00CE0
(1778535289.100824) can0 0000E010#0000000000000000
(1778535289.101823) can0 0000E011#0000000000000000
(1778535289.102823) can0 0000E012#0CE0000000000000
(1778535289.103836) can0 0000F001#0000000000000000
(1778535289.104817) can0 18FF28F4#10330000020F0000
(1778535289.105849) can0 18FE28F4#0CE00CE039390000
(1778535289.106792) can0 18FD28F4#1527FA6F00000000
(1778535289.107712) can0 4D4#000033007D0F0203
(1778535289.108690) can0 4D5#E00CE00C39390000
(1778535289.109804) can0 18914010#0CE0010CE0030000
(1778535289.110799) can0 18904010#020F0000753001FE
(1778535289.111781) can0 18FA28F4#373CA12C10270000
(1778535289.112779) can0 18FB28F4#E00CE00C39390000
(1778535289.113811) can0 18FC28F4#383300000F020000
(1778535289.114792) can0 18F810F3#0F02E80333640100
(1778535289.115824) can0 18F815F3#0000000010030000
(1778535289.116722) can0 273#000000000F023300
(1778535289.117703) can0 1E1#020F271001FE01FE
(1778535289.118735) can0 1F5#0000000000000000
(1778535289.119810) can0 0800A6A9#0000000000000000
(1778535289.120779) can0 1000A6A9#0F02881333434343
(1778535289.121805) can0 1C00A6A9#0000000000030000
(1778535289.122818) can0 02018100#1003020F00000000
(1778535289.123811) can0 02028100#0000003364000000
(1778535289.124817) can0 02038100#0CE001010CE00103
(1778535289.125798) can0 02048100#4301014301010000
(1778535289.193468) can0 0000E005#15273E0003B60591
(1778535289.194061) can0 1806E5F4#13EC010003B6023A
(1778535289.194814) can0 0000E000#13EC13EC020F0000
(1778535289.195782) can0 0000E004#111103B603B601E4
(1778535289.196794) can0 0000E006#0CE00CE00CE00CE0
(1778535289.197789) can0 0000E007#0CE00CE00CE00CE0
(1778535289.198788) can0 0000E008#0CE00CE00CE00CE0
(1778535289.199789) can0 0000E009#0CE00CE00CE00CE0
(1778535289.200820) can0 0000E010#0000000000000000
(1778535289.201813) can0 0000E011#0000000000000000
(1778535289.202814) can0 0000E012#0CE0000000000000
(1778535289.203827) can0 0000F001#0000000000000000
(1778535289.204807) can0 18FF28F4#10330000020F0000
(1778535289.205789) can0 18FE28F4#0CE00CE039390000
(1778535289.206802) can0 18FD28F4#1527FA6F00000000
(1778535289.207706) can0 4D4#000033007D0F0203
(1778535289.208699) can0 4D5#E00CE00C39390000
(1778535289.209789) can0 18914010#0CE0010CE00C0000
(1778535289.210794) can0 18904010#020F0000753001FE
(1778535289.211789) can0 18FA28F4#373CA12C10270000
(1778535289.212788) can0 18FB28F4#E00CE00C39390000
(1778535289.213799) can0 18FC28F4#383300000F020000
(1778535289.214782) can0 18F810F3#0F02E80333640100
(1778535289.215814) can0 18F815F3#0000000010030000
(1778535289.216713) can0 273#000000000F023300
(1778535289.217713) can0 1E1#020F271001FE01FE
(1778535289.218725) can0 1F5#0000000000000000
(1778535289.219820) can0 0800A6A9#0000000000000000
(1778535289.220770) can0 1000A6A9#0F02881333434343
(1778535289.221798) can0 1C00A6A9#0000000000030000
(1778535289.222814) can0 02018100#1003020F00000000
(1778535289.223808) can0 02028100#0000003364000000
(1778535289.224789) can0 02038100#0CE001010CE0010C
(1778535289.225799) can0 02048100#4301014301010000
(1778535289.293458) can0 0000E005#15273E0003B60591
(1778535289.294051) can0 1806E5F4#13EC010003B6023A
(1778535289.294804) can0 0000E000#13EC13EC020F0000
(1778535289.295785) can0 0000E004#111103B603B601E4
(1778535289.296785) can0 0000E006#0CE00CE00CE00CE0
(1778535289.297785) can0 0000E007#0CE00CE00CE00CE0
(1778535289.298779) can0 0000E008#0CE00CE00CE00CE0
(1778535289.299770) can0 0000E009#0CE00CE00CE00CE0
(1778535289.300810) can0 0000E010#0000000000000000
(1778535289.301804) can0 0000E011#0000000000000000
(1778535289.302804) can0 0000E012#0CE0000000000000
(1778535289.303809) can0 0000F001#0000000000000000
(1778535289.304830) can0 18FF28F4#10330000020F0000
(1778535289.305779) can0 18FE28F4#0CE00CE039390000
(1778535289.306791) can0 18FD28F4#1527FA6F00000000
(1778535289.307697) can0 4D4#000033007D0F0203
(1778535289.308690) can0 4D5#E00CE00C39390000
(1778535289.309785) can0 18914010#0CE0010CE00C0000
(1778535289.310785) can0 18904010#020F0000753001FE
(1778535289.311778) can0 18FA28F4#373CA12C10270000
(1778535289.312798) can0 18FB28F4#E00CE00C39390000
(1778535289.313792) can0 18FC28F4#383300000F020000
(1778535289.314773) can0 18F810F3#0F02E80333640100
(1778535289.315802) can0 18F815F3#0000000010030000
(1778535289.316703) can0 273#000000000F023300
(1778535289.317703) can0 1E1#020F271001FE01FE
(1778535289.318715) can0 1F5#0000000000000000
(1778535289.319811) can0 0800A6A9#0000000000000000
(1778535289.320811) can0 1000A6A9#0F02881333434343
(1778535289.321792) can0 1C00A6A9#0000000000030000
(1778535289.322805) can0 02018100#1003020F00000000
(1778535289.323793) can0 02028100#0000003364000000
(1778535289.324779) can0 02038100#0CE001010CE0010C
(1778535289.325779) can0 02048100#4301014301010000
(1778535289.410462) can0 0000E005#15273E0003B60591
(1778535289.411049) can0 1806E5F4#13EC010003B6023A
(1778535289.411795) can0 0000E000#13EC13EC020F0000
(1778535289.412775) can0 0000E004#111103B603B601E4
(1778535289.413820) can0 0000E006#0CE00CE00CE00CE0
(1778535289.414769) can0 0000E007#0CE00CE00CE00CE0
(1778535289.415770) can0 0000E008#0CE00CE00CE00CE0
(1778535289.416769) can0 0000E009#0CE00CE00CE00CE0
(1778535289.417813) can0 0000E010#0000000000000000
(1778535289.418803) can0 0000E011#0000000000000000
(1778535289.419795) can0 0000E012#0CE0000000000000
(1778535289.420757) can0 0000E013#4542323630354C43
(1778535289.421788) can0 0000E014#3134323300000000
(1778535289.422797) can0 0000E015#0000000000000003
(1778535289.423814) can0 0000F000#0000000000000000
(1778535289.424814) can0 0000F001#0000000000000000
(1778535289.425795) can0 18FF28F4#10330000020F0000
(1778535289.426776) can0 18FE28F4#0CE00CE039390000
(1778535289.427789) can0 18FD28F4#1527FA6F00000000
(1778535289.428687) can0 4D4#000033007D0F0203
(1778535289.429687) can0 4D5#E00CE00C39390000
(1778535289.430780) can0 18914010#0CE0010CE0020000
(1778535289.431783) can0 18904010#020F0000753001FE
(1778535289.432776) can0 18FA28F4#373CA12C10270000
(1778535289.433776) can0 18FB28F4#E00CE00C39390000
(1778535289.434782) can0 18FC28F4#383300000F020000
(1778535289.435770) can0 18F810F3#0F02E80333640100
(1778535289.436783) can0 18F811F3#E00C0101E00C0201
(1778535289.437782) can0 18F812F3#3901013901010000
(1778535289.438795) can0 18F813F3#0101000000000000
(1778535289.439776) can0 18F814F3#32000F19A9015F00
(1778535289.440789) can0 18F815F3#0000000010030000
(1778535289.441687) can0 273#000000000F023300
(1778535289.442682) can0 1E1#020F271001FE01FE
(1778535289.443713) can0 1F5#0000000000000000
(1778535289.444789) can0 0800A6A9#0000000000000000
(1778535289.445757) can0 1000A6A9#0F02881333434343
(1778535289.446782) can0 1C00A6A9#0000000000030000
(1778535289.447815) can0 02018100#1003020F00000000
(1778535289.448789) can0 02028100#0000003364000000
(1778535289.449789) can0 02038100#0CE001010CE00102
(1778535289.450783) can0 02048100#4301014301010000
(1778535289.508446) can0 0000E005#15273E0003B60591
(1778535289.509038) can0 1806E5F4#13EC010003B6023A
(1778535289.509791) can0 0000E000#13EC13EC020F0000
(1778535289.510768) can0 0000E004#111103B603B601E4
(1778535289.511773) can0 0000E006#0CE00CE00CE00CE0
(1778535289.512766) can0 0000E007#0CE00CE00CE00CE0
(1778535289.513766) can0 0000E008#0CE00CE00CE00CE0
(1778535289.514761) can0 0000E009#0CE00CE00CE00CE0
(1778535289.515811) can0 0000E010#0000000000000000
(1778535289.516804) can0 0000E011#0000000000000000
(1778535289.517785) can0 0000E012#0CE0000000000000
(1778535289.518804) can0 0000F001#0000000000000000
(1778535289.519798) can0 18FF28F4#10330000020F0000
(1778535289.520766) can0 18FE28F4#0CE00CE039390000
(1778535289.521779) can0 18FD28F4#1527FA6F00000000
(1778535289.522692) can0 4D4#000033007D0F0203
(1778535289.523678) can0 4D5#E00CE00C39390000
(1778535289.524772) can0 18914010#0CE0010CE0020000
(1778535289.525785) can0 18904010#020F0000753001FE
(1778535289.526762) can0 18FA28F4#373CA12C10270000
(1778535289.527779) can0 18FB28F4#E00CE00C39390000
(1778535289.528791) can0 18FC28F4#383300000F020000
(1778535289.529760) can0 18F810F3#0F02E80333640100
(1778535289.530804) can0 18F815F3#0000000010030000
(1778535289.531690) can0 273#000000000F023300
(1778535289.532684) can0 1E1#020F271001FE01FE
(1778535289.533715) can0 1F5#0000000000000000
(1778535289.534792) can0 0800A6A9#0000000000000000
(1778535289.535773) can0 1000A6A9#0F02881333434343
(1778535289.536785) can0 1C00A6A9#0000000000030000
(1778535289.537798) can0 02018100#1003020F00000000
(1778535289.538777) can0 02028100#0000003364000000
(1778535289.539779) can0 02038100#0CE001010CE00102
(1778535289.540773) can0 02048100#4301014301010000
(1778535289.608417) can0 0000E005#15273E0003B60591
(1778535289.609010) can0 1806E5F4#13EC010003B6023A
(1778535289.609781) can0 0000E000#13EC13EC020F0000
(1778535289.610762) can0 0000E004#111103B603B601E4
(1778535289.611763) can0 0000E006#0CE00CE00CE00CE0
(1778535289.612786) can0 0000E007#0CE00CE00CE00CE0
(1778535289.613756) can0 0000E008#0CE00CE00CE00CE0
(1778535289.614769) can0 0000E009#0CE00CE00CE00CE0
(1778535289.615801) can0 0000E010#0000000000000000
(1778535289.616795) can0 0000E011#0000000000000000
(1778535289.617794) can0 0000E012#0CE0000000000000
(1778535289.618794) can0 0000F001#0000000000000000
(1778535289.619788) can0 18FF28F4#10330000020F0000
(1778535289.620788) can0 18FE28F4#0CE00CE039390000
(1778535289.621769) can0 18FD28F4#1527FA6F00000000
(1778535289.622686) can0 4D4#000033007D0F0203
(1778535289.623680) can0 4D5#E00CE00C39390000
(1778535289.624756) can0 18914010#0CE0010CE0020000
(1778535289.625776) can0 18904010#020F0000753001FE
(1778535289.626756) can0 18FA28F4#373CA12C10270000
(1778535289.627757) can0 18FB28F4#E00CE00C39390000
(1778535289.628811) can0 18FC28F4#383300000F020000
(1778535289.629751) can0 18F810F3#0F02E80333640100
(1778535289.630794) can0 18F815F3#0000000010030000
(1778535289.631681) can0 273#000000000F023300
(1778535289.632674) can0 1E1#020F271001FE01FE
(1778535289.633706) can0 1F5#0000000000000000
(1778535289.634782) can0 0800A6A9#0000000000000000
(1778535289.635751) can0 1000A6A9#0F02881333434343
(1778535289.636825) can0 1C00A6A9#0000000000030000
(1778535289.637795) can0 02018100#1003020F00000000
(1778535289.638788) can0 02028100#0000003364000000
(1778535289.639770) can0 02038100#0CE001010CE00102
(1778535289.640765) can0 02048100#4301014301010000
(1778535289.708434) can0 0000E005#15273E0003B60591
(1778535289.709025) can0 1806E5F4#13EC010003B6023A
(1778535289.709778) can0 0000E000#13EC13EC020F0000
(1778535289.710759) can0 0000E004#111103B603B601E4
(1778535289.711759) can0 0000E006#0CE00CE00CE00CE0
(1778535289.712752) can0 0000E007#0CE00CE00CE00CE0
(1778535289.713803) can0 0000E008#0CE00CE00CE00CE0
(1778535289.714744) can0 0000E009#0CE00CE00CE00CE0
(1778535289.715798) can0 0000E010#0000000000000000
(1778535289.716791) can0 0000E011#0000000000000000
(1778535289.717772) can0 0000E012#0CE0000000000000
(1778535289.718783) can0 0000F001#0000000000000000
(1778535289.719785) can0 18FF28F4#10330000020F0000
(1778535289.720753) can0 18FE28F4#0CE00CE039390000
(1778535289.721766) can0 18FD28F4#1527FA6F00000000
(1778535289.722683) can0 4D4#000033007D0F0203
(1778535289.723664) can0 4D5#E00CE00C39390000
(1778535289.724759) can0 18914010#0CE0010CE0020000
(1778535289.725772) can0 18904010#020F0000753001FE
(1778535289.726753) can0 18FA28F4#373CA12C10270000
(1778535289.727754) can0 18FB28F4#E00CE00C39390000
(1778535289.728766) can0 18FC28F4#383300000F020000
(1778535289.729745) can0 18F810F3#0F02E80333640100
(1778535289.730772) can0 18F815F3#0000000010030000
(1778535289.731677) can0 273#000000000F023300
(1778535289.732671) can0 1E1#020F271001FE01FE
(1778535289.733684) can0 1F5#0000000000000000
(1778535289.734778) can0 0800A6A9#0000000000000000
(1778535289.735747) can0 1000A6A9#0F02881333434343
(1778535289.736779) can0 1C00A6A9#0000000000030000
(1778535289.737783) can0 02018100#1003020F00000000
(1778535289.738772) can0 02028100#0000003364000000
(1778535289.739767) can0 02038100#0CE001010CE00102
(1778535289.740766) can0 02048100#4301014301010000
(1778535289.808441) can0 0000E005#15273E0003B60591
(1778535289.809035) can0 1806E5F4#13EC010003B6023A
(1778535289.809775) can0 0000E000#13EC13EC020F0000
(1778535289.810756) can0 0000E004#111103B603B601E4
(1778535289.811749) can0 0000E006#0CE00CE00CE00CE0
(1778535289.812751) can0 0000E007#0CE00CE00CE00CE0
(1778535289.813749) can0 0000E008#0CE00CE00CE00CE0
(1778535289.814743) can0 0000E009#0CE00CE00CE00CE0
(1778535289.815785) can0 0000E010#0000000000000000
(1778535289.816788) can0 0000E011#0000000000000000
(1778535289.817768) can0 0000E012#0CE0000000000000
(1778535289.818781) can0 0000F001#0000000000000000
(1778535289.819779) can0 18FF28F4#10330000020F0000
(1778535289.820749) can0 18FE28F4#0CE00CE039390000
(1778535289.821762) can0 18FD28F4#1527FA6F00000000
(1778535289.822680) can0 4D4#000033007D0F0203
(1778535289.823655) can0 4D5#E00CE00C39390000
(1778535289.824756) can0 18914010#0CE0010CE0020000
(1778535289.825769) can0 18904010#020F0000753001FE
(1778535289.826750) can0 18FA28F4#373CA12C10270000
(1778535289.827755) can0 18FB28F4#E00CE00C39390000
(1778535289.828762) can0 18FC28F4#383300000F020000
(1778535289.829744) can0 18F810F3#0F02E80333640100
(1778535289.830769) can0 18F815F3#0000000010030000
(1778535289.831664) can0 273#000000000F023300
(1778535289.832667) can0 1E1#020F271001FE01FE
(1778535289.833680) can0 1F5#0000000000000000
(1778535289.834775) can0 0800A6A9#0000000000000000
(1778535289.835757) can0 1000A6A9#0F02881333434343
(1778535289.836775) can0 1C00A6A9#0000000000030000
(1778535289.837788) can0 02018100#1003020F00000000
(1778535289.838769) can0 02028100#0000003364000000
(1778535289.839764) can0 02038100#0CE001010CE00102
(1778535289.840763) can0 02048100#4301014301010000
(1778535289.925433) can0 0000E005#15273E0003B60591
(1778535289.926025) can0 1806E5F4#13EC010003B6023A
(1778535289.926759) can0 0000E000#13EC13EC020F0000
(1778535289.927747) can0 0000E004#111103B603B601E4
(1778535289.928772) can0 0000E006#0CE00CE00CE00CE0
(1778535289.929740) can0 0000E007#0CE00CE00CE00CE0
(1778535289.930753) can0 0000E008#0CE00CE00CE00CE0
(1778535289.931753) can0 0000E009#0CE00CE00CE00CE0
(1778535289.932778) can0 0000E010#0000000000000000
(1778535289.933778) can0 0000E011#0000000000000000
(1778535289.934773) can0 0000E012#0CE0000000000000
(1778535289.935728) can0 0000E013#4542323630354C43
(1778535289.936804) can0 0000E014#3134323300000000
(1778535289.937766) can0 0000E015#0000000000000003
(1778535289.938782) can0 0000F000#0000000000000000
(1778535289.939779) can0 0000F001#0000000000000000
(1778535289.940760) can0 18FF28F4#10330000020F0000
(1778535289.941747) can0 18FE28F4#0CE00CE039390000
(1778535289.942760) can0 18FD28F4#1527FA6F00000000
(1778535289.943677) can0 4D4#000033007D0F0203
(1778535289.944702) can0 4D5#E00CE00C39390000
(1778535289.945753) can0 18914010#0CE0010CE0020000
(1778535289.946759) can0 18904010#020F0000753001FE
(1778535289.947747) can0 18FA28F4#373CA12C10270000
(1778535289.948742) can0 18FB28F4#E00CE00C39390000
(1778535289.949760) can0 18FC28F4#383300000F020000
(1778535289.950736) can0 18F810F3#0F02E80333640100
(1778535289.951755) can0 18F811F3#E00C0101E00C0201
(1778535289.952753) can0 18F812F3#3901013901010000
(1778535289.953779) can0 18F813F3#0101000000000000
(1778535289.954747) can0 18F814F3#32000F19A9015F00
(1778535289.955773) can0 18F815F3#0000000010030000
(1778535289.956677) can0 273#000000000F023300
(1778535289.957671) can0 1E1#020F271001FE01FE
(1778535289.958683) can0 1F5#0000000000000000
(1778535289.959760) can0 0800A6A9#0000000000000000
(1778535289.960728) can0 1000A6A9#0F02881333434343
(1778535289.961754) can0 1C00A6A9#0000000000030000
(1778535289.962782) can0 02018100#1003020F00000000
(1778535289.963767) can0 02028100#0000003364000000
(1778535289.964760) can0 02038100#0CE001010CE00102
(1778535289.965754) can0 02048100#4301014301010000
(1778535290.023437) can0 0000E005#15273E0003B60591
(1778535290.024010) can0 1806E5F4#13EC010003B6023A
(1778535290.024762) can0 0000E000#13EC13EC020F0000
(1778535290.025749) can0 0000E004#111103B603B601E4
(1778535290.026738) can0 0000E006#0CE00CE00CE00CE0
(1778535290.027744) can0 0000E007#0CE00CE00CE00CE0
(1778535290.028737) can0 0000E008#0CE00CE00CE00CE0
(1778535290.029737) can0 0000E009#0CE00CE00CE00CE0
(1778535290.030777) can0 0000E010#0000000000000000
(1778535290.031781) can0 0000E011#0000000000000000
(1778535290.032762) can0 0000E012#0CE0000000000000
(1778535290.033775) can0 0000F001#0000000000000000
(1778535290.034756) can0 18FF28F4#10330000020F0000
(1778535290.035739) can0 18FE28F4#0CE00CE039390000
(1778535290.036749) can0 18FD28F4#1527FA6F00000000
(1778535290.037667) can0 4D4#000033007D0F0203
(1778535290.038654) can0 4D5#E00CE00C39390000
(1778535290.039744) can0 18914010#0CE0010CE0020000
(1778535290.040756) can0 18904010#020F0000753001FE
(1778535290.041737) can0 18FA28F4#373CA12C10270000
(1778535290.042732) can0 18FB28F4#E00CE00C39390000
(1778535290.043750) can0 18FC28F4#383300000F020000
(1778535290.044730) can0 18F810F3#0F02E80333640100
(1778535290.045763) can0 18F815F3#0000000010030000
(1778535290.046661) can0 273#000000000F023300
(1778535290.047655) can0 1E1#020F271001FE01FE
(1778535290.048692) can0 1F5#0000000000000000
(1778535290.049769) can0 0800A6A9#0000000000000000
(1778535290.050731) can0 1000A6A9#0F02881333434343
(1778535290.051750) can0 1C00A6A9#0000000000030000
(1778535290.052775) can0 02018100#1003020F00000000
(1778535290.053756) can0 02028100#0000003364000000
(1778535290.054754) can0 02038100#0CE001010CE00102
(1778535290.055750) can0 02048100#4301014301010000
(1778535290.123375) can0 0000E005#15273E0003B60591
(1778535290.123968) can0 1806E5F4#13EC010003B6023A
(1778535290.124752) can0 0000E000#13EC13EC020F0000
(1778535290.125733) can0 0000E004#111103B603B601E4
(1778535290.126733) can0 0000E006#0CE00CE00CE00CE0
(1778535290.127733) can0 0000E007#0CE00CE00CE00CE0
(1778535290.128726) can0 0000E008#0CE00CE00CE00CE0
(1778535290.129727) can0 0000E009#0CE00CE00CE00CE0
(1778535290.130771) can0 0000E010#0000000000000000
(1778535290.131772) can0 0000E011#0000000000000000
(1778535290.132749) can0 0000E012#0CE0000000000000
(1778535290.133766) can0 0000F001#0000000000000000
(1778535290.134759) can0 18FF28F4#10330000020F0000
(1778535290.135740) can0 18FE28F4#0CE00CE039390000
(1778535290.136740) can0 18FD28F4#1527FA6F00000000
(1778535290.137657) can0 4D4#000033007D0F0203
(1778535290.138657) can0 4D5#E00CE00C39390000
(1778535290.139747) can0 18914010#0CE0010CE0020000
(1778535290.140741) can0 18904010#020F0000753001FE
(1778535290.141727) can0 18FA28F4#373CA12C10270000
(1778535290.142721) can0 18FB28F4#E00CE00C39390000
(1778535290.143772) can0 18FC28F4#383300000F020000
(1778535290.144711) can0 18F810F3#0F02E80333640100
(1778535290.145765) can0 18F815F3#0000000010030000
(1778535290.146664) can0 273#000000000F023300
(1778535290.147658) can0 1E1#020F271001FE01FE
(1778535290.148677) can0 1F5#0000000000000000
(1778535290.149753) can0 0800A6A9#0000000000000000
(1778535290.150715) can0 1000A6A9#0F02881333434343
(1778535290.151778) can0 1C00A6A9#0000000000030000
(1778535290.152757) can0 02018100#1003020F00000000
(1778535290.153741) can0 02028100#0000003364000000
(1778535290.154740) can0 02038100#0CE001010CE00102
(1778535290.155735) can0 02048100#4301014301010000
(1778535290.223413) can0 0000E005#15273E0003B60591
(1778535290.224009) can0 1806E5F4#13EC010003B6023A
(1778535290.224748) can0 0000E000#13EC13EC020F0000
(1778535290.225729) can0 0000E004#111103B603B601E4
(1778535290.226723) can0 0000E006#0CE00CE00CE00CE0
(1778535290.227723) can0 0000E007#0CE00CE00CE00CE0
(1778535290.228755) can0 0000E008#0CE00CE00CE00CE0
(1778535290.229736) can0 0000E009#0CE00CE00CE00CE0
(1778535290.230759) can0 0000E010#0000000000000000
(1778535290.231762) can0 0000E011#0000000000000000
(1778535290.232743) can0 0000E012#0CE0000000000000
(1778535290.233755) can0 0000F001#0000000000000000
(1778535290.234752) can0 18FF28F4#10330000020F0000
(1778535290.235718) can0 18FE28F4#0CE00CE039390000
(1778535290.236768) can0 18FD28F4#1527FA6F00000000
(1778535290.237660) can0 4D4#000033007D0F0203
(1778535290.238660) can0 4D5#E00CE00C39390000
(1778535290.239737) can0 18914010#0CE0010CE00C0000
(1778535290.240736) can0 18904010#020F0000753001FE
(1778535290.241717) can0 18FA28F4#373CA12C10270000
(1778535290.242713) can0 18FB28F4#E00CE00C39390000
(1778535290.243743) can0 18FC28F4#383300000F020000
(1778535290.244756) can0 18F810F3#0F02E80333640100
(1778535290.245756) can0 18F815F3#0000000010030000
(1778535290.246660) can0 273#000000000F023300
(1778535290.247661) can0 1E1#020F271001FE01FE
(1778535290.248660) can0 1F5#0000000000000000
(1778535290.249743) can0 0800A6A9#0000000000000000
(1778535290.250711) can0 1000A6A9#0F02881333434343
(1778535290.251737) can0 1C00A6A9#0000000000030000
(1778535290.252800) can0 02018100#1003020F00000000
(1778535290.253750) can0 02028100#0000003364000000
(1778535290.254730) can0 02038100#0CE001010CE0010C
(1778535290.255725) can0 02048100#4301014301010000
(1778535290.323412) can0 0000E005#15273E0003B60591
(1778535290.324006) can0 1806E5F4#13EC010003B6023A
(1778535290.324739) can0 0000E000#13EC13EC020F0000
(1778535290.325720) can0 0000E004#111103B603B601E4
(1778535290.326720) can0 0000E006#0CE00CE00CE00CE0
(1778535290.327720) can0 0000E007#0CE00CE00CE00CE0
(1778535290.328713) can0 0000E008#0CE00CE00CE00CE0
(1778535290.329777) can0 0000E009#0CE00CE00CE00CE0
(1778535290.330758) can0 0000E010#0000000000000000
(1778535290.331758) can0 0000E011#0000000000000000
(1778535290.332732) can0 0000E012#0CE0000000000000
(1778535290.333752) can0 0000F001#0000000000000000
(1778535290.334752) can0 18FF28F4#10330000020F0000
(1778535290.335714) can0 18FE28F4#0CE00CE039390000
(1778535290.336725) can0 18FD28F4#1527FA6F00000000
(1778535290.337663) can0 4D4#000033007D0F0203
(1778535290.338663) can0 4D5#E00CE00C39390000
(1778535290.339714) can0 18914010#0CE0010CE00C0000
(1778535290.340733) can0 18904010#020F0000753001FE
(1778535290.341714) can0 18FA28F4#373CA12C10270000
(1778535290.342727) can0 18FB28F4#E00CE00C39390000
(1778535290.343740) can0 18FC28F4#383300000F020000
(1778535290.344717) can0 18F810F3#0F02E80333640100
(1778535290.345752) can0 18F815F3#0000000010030000
(1778535290.346663) can0 273#000000000F023300
(1778535290.347664) can0 1E1#020F271001FE01FE
(1778535290.348663) can0 1F5#0000000000000000
(1778535290.349753) can0 0800A6A9#0000000000000000
(1778535290.350702) can0 1000A6A9#0F02881333434343
(1778535290.351734) can0 1C00A6A9#0000000000030000
(1778535290.352746) can0 02018100#1003020F00000000
(1778535290.353747) can0 02028100#0000003364000000
(1778535290.354721) can0 02038100#0CE001010CE0010C
(1778535290.355734) can0 02048100#4301014301010000
(1778535290.440396) can0 0000E005#15273E0003B60591
(1778535290.440997) can0 1806E5F4#13EC010003B6023A
(1778535290.441748) can0 0000E000#13EC13EC020F0000
(1778535290.442711) can0 0000E004#111103B603B601E4
(1778535290.443721) can0 0000E006#0CE00CE00CE00CE0
(1778535290.444723) can0 0000E007#0CE00CE00CE00CE0
(1778535290.445724) can0 0000E008#0CE00CE00CE00CE0
(1778535290.446704) can0 0000E009#0CE00CE00CE00CE2
(1778535290.447749) can0 0000E010#0000000000000000
(1778535290.448749) can0 0000E011#0000000000000000
(1778535290.449730) can0 0000E012#0CE1000100000000
(1778535290.450711) can0 0000E013#4542323630354C43
(1778535290.451750) can0 0000E014#3134323300000000
(1778535290.452736) can0 0000E015#0000000000000003
(1778535290.453749) can0 0000F000#0000000000000000
(1778535290.454749) can0 0000F001#0000000000000000
(1778535290.455744) can0 18FF28F4#10330000020F0000
(1778535290.456711) can0 18FE28F4#0CE20CE039390000
(1778535290.457724) can0 18FD28F4#1527FA6F00000000
(1778535290.458667) can0 4D4#000033007D0F0203
(1778535290.459667) can0 4D5#E00CE20C39390000
(1778535290.460711) can0 18914010#0CE2100CE0010000
(1778535290.461724) can0 18904010#020F0000753001FE
(1778535290.462705) can0 18FA28F4#373CA12C10270000
(1778535290.463705) can0 18FB28F4#E20CE00C39390000
(1778535290.464737) can0 18FC28F4#383300000F020000
(1778535290.465699) can0 18F810F3#0F02E80333640100
(1778535290.466713) can0 18F811F3#E20C1001E00C0101
(1778535290.467762) can0 18F812F3#3901013901010000
(1778535290.468743) can0 18F813F3#0101000000000000
(1778535290.469724) can0 18F814F3#32000F19A9015F00
(1778535290.470736) can0 18F815F3#0000000010030000
(1778535290.471667) can0 273#000000000F023300
(1778535290.472667) can0 1E1#020F271001FE01FE
(1778535290.473667) can0 1F5#0000000000000000
(1778535290.474744) can0 0800A6A9#0000000000000000
(1778535290.475744) can0 1000A6A9#0F02881333434343
(1778535290.476724) can0 1C00A6A9#0000000000030000
(1778535290.477756) can0 02018100#1003020F00000000
(1778535290.478729) can0 02028100#0000003364000000
(1778535290.479731) can0 02038100#0CE201100CE00101
(1778535290.480724) can0 02048100#4301014301010000
(1778535290.538388) can0 0000E005#15273E0003B60591
(1778535290.538981) can0 1806E5F4#13EC010003B6023A
(1778535290.539733) can0 0000E000#13EC13EC020F0000
(1778535290.540720) can0 0000E004#111103B603B601E4
(1778535290.541714) can0 0000E006#0CE00CE00CE00CE0
(1778535290.542707) can0 0000E007#0CE00CE00CE00CE0
(1778535290.543708) can0 0000E008#0CE00CE00CE00CE0
(1778535290.544739) can0 0000E009#0CE00CE00CE00CE2
(1778535290.545752) can0 0000E010#0000000000000000
(1778535290.546746) can0 0000E011#0000000000000000
(1778535290.547733) can0 0000E012#0CE1000100000000
(1778535290.548745) can0 0000F001#0000000000000000
(1778535290.549726) can0 18FF28F4#10330000020F0000
(1778535290.550707) can0 18FE28F4#0CE20CE039390000
(1778535290.551721) can0 18FD28F4#1527FA6F00000000
(1778535290.552669) can0 4D4#000033007D0F0203
(1778535290.553669) can0 4D5#E00CE20C39390000
(1778535290.554708) can0 18914010#0CE2100CE0010000
(1778535290.555727) can0 18904010#020F0000753001FE
(1778535290.556707) can0 18FA28F4#373CA12C10270000
(1778535290.557702) can0 18FB28F4#E20CE00C39390000
(1778535290.558731) can0 18FC28F4#383300000F020000
(1778535290.559702) can0 18F810F3#0F02E80333640100
(1778535290.560778) can0 18F815F3#0000000010030000
(1778535290.561669) can0 273#000000000F023300
(1778535290.562670) can0 1E1#020F271001FE01FE
(1778535290.563670) can0 1F5#0000000000000000
(1778535290.564739) can0 0800A6A9#0000000000000000
(1778535290.565708) can0 1000A6A9#0F02881333434343
(1778535290.566716) can0 1C00A6A9#0000000000030000
(1778535290.567734) can0 02018100#1003020F00000000
(1778535290.568734) can0 02028100#0000003364000000
(1778535290.569708) can0 02038100#0CE201100CE00101
(1778535290.570701) can0 02048100#4301014301010000
(1778535290.638403) can0 0000E005#15273E0003B60591
(1778535290.638983) can0 1806E5F4#13EC010003B6023A
(1778535290.639736) can0 0000E000#13EC13EC020F0000
(1778535290.640697) can0 0000E004#111103B603B601E4
(1778535290.641717) can0 0000E006#0CE00CE00CE00CE0
(1778535290.642710) can0 0000E007#0CE00CE00CE00CE0
(1778535290.643711) can0 0000E008#0CE00CE00CE00CE0
(1778535290.644703) can0 0000E009#0CE00CE00CE00CE2
(1778535290.645736) can0 0000E010#0000000000000000
(1778535290.646735) can0 0000E011#0000000000000000
(1778535290.647717) can0 0000E012#0CE1000100000000
(1778535290.648741) can0 0000F001#0000000000000000
(1778535290.649723) can0 18FF28F4#10330000020F0000
(1778535290.650704) can0 18FE28F4#0CE20CE039390000
(1778535290.651704) can0 18FD28F4#1527FA6F00000000
(1778535290.652672) can0 4D4#000033007D0F0203
(1778535290.653607) can0 4D5#E00CE20C39390000
(1778535290.654704) can0 18914010#0CE2100CE0010000
(1778535290.655724) can0 18904010#020F0000753001FE
(1778535290.656696) can0 18FA28F4#373CA12C10270000
(1778535290.657698) can0 18FB28F4#E20CE00C39390000
(1778535290.658711) can0 18FC28F4#383300000F020000
(1778535290.659692) can0 18F810F3#0F02E80333640100
(1778535290.660719) can0 18F815F3#0000000010030000
(1778535290.661673) can0 273#000000000F023300
(1778535290.662614) can0 1E1#020F271001FE01FE
(1778535290.663673) can0 1F5#0000000000000000
(1778535290.664724) can0 0800A6A9#0000000000000000
(1778535290.665685) can0 1000A6A9#0F02881333434343
(1778535290.666717) can0 1C00A6A9#0000000000030000
(1778535290.667730) can0 02018100#1003020F00000000
(1778535290.668727) can0 02028100#0000003364000000
(1778535290.669711) can0 02038100#0CE201100CE00101
(1778535290.670705) can0 02048100#4301014301010000
(1778535290.738389) can0 0000E005#15273E0003B60591
(1778535290.738974) can0 1806E5F4#13EC010003B6023A
(1778535290.739714) can0 0000E000#13EC13EC020F0000
(1778535290.740701) can0 0000E004#111103B603B601E4
(1778535290.741694) can0 0000E006#0CE00CE00CE00CE0
(1778535290.742707) can0 0000E007#0CE00CE00CE00CE0
(1778535290.743707) can0 0000E008#0CE00CE00CE00CE0
(1778535290.744701) can0 0000E009#0CE00CE00CE00CE0
(1778535290.745732) can0 0000E010#0000000000000000
(1778535290.746729) can0 0000E011#0000000000000000
(1778535290.747714) can0 0000E012#0CE1000000000000
(1778535290.748739) can0 0000F001#0000000000000000
(1778535290.749726) can0 18FF28F4#10330000020F0000
(1778535290.750699) can0 18FE28F4#0CE00CE039390000
(1778535290.751720) can0 18FD28F4#1527FA6F00000000
(1778535290.752616) can0 4D4#000033007D0F0203
(1778535290.753615) can0 4D5#E00CE00C39390000
(1778535290.754707) can0 18914010#0CE0010CE0010000
(1778535290.755708) can0 18904010#020F0000753001FE
(1778535290.756707) can0 18FA28F4#373CA12C10270000
(1778535290.757701) can0 18FB28F4#E00CE00C39390000
(1778535290.758714) can0 18FC28F4#383300000F020000
(1778535290.759714) can0 18F810F3#0F02E80333640100
(1778535290.760726) can0 18F815F3#0000000010030000
(1778535290.761676) can0 273#000000000F023300
(1778535290.762676) can0 1E1#020F271001FE01FE
(1778535290.763676) can0 1F5#0000000000000000
(1778535290.764720) can0 0800A6A9#0000000000000000
(1778535290.765682) can0 1000A6A9#0F02881333434343
(1778535290.766714) can0 1C00A6A9#0000000000030000
(1778535290.767759) can0 02018100#1003020F00000000
(1778535290.768707) can0 02028100#0000003364000000
(1778535290.769708) can0 02038100#0CE001010CE00101
(1778535290.770700) can0 02048100#4301014301010000
(1778535290.838368) can0 0000E005#15273E0003B60591
(1778535290.838957) can0 1806E5F4#13EC010003B6023A
(1778535290.839716) can0 0000E000#13EC13EC020F0000
(1778535290.840694) can0 0000E004#111103B603B601E4
(1778535290.841691) can0 0000E006#0CE00CE00CE00CE0
(1778535290.842691) can0 0000E007#0CE00CE00CE00CE0
(1778535290.843704) can0 0000E008#0CE00CE00CE00CE0
(1778535290.844735) can0 0000E009#0CE00CE00CE00CE0
(1778535290.845729) can0 0000E010#0000000000000000
(1778535290.846729) can0 0000E011#0000000000000000
(1778535290.847710) can0 0000E012#0CE1000000000000
(1778535290.848716) can0 0000F001#0000000000000000
(1778535290.849722) can0 18FF28F4#10330000020F0000
(1778535290.850704) can0 18FE28F4#0CE00CE039390000
(1778535290.851698) can0 18FD28F4#1527FA6F00000000
(1778535290.852678) can0 4D4#000033007D0F0203
(1778535290.853606) can0 4D5#E00CE00C39390000
(1778535290.854704) can0 18914010#0CE0010CE0010000
(1778535290.855704) can0 18904010#020F0000753001FE
(1778535290.856704) can0 18FA28F4#373CA12C10270000
(1778535290.857698) can0 18FB28F4#E00CE00C39390000
(1778535290.858710) can0 18FC28F4#383300000F020000
(1778535290.859692) can0 18F810F3#0F02E80333640100
(1778535290.860770) can0 18F815F3#0000000010030000
(1778535290.861678) can0 273#000000000F023300
(1778535290.862613) can0 1E1#020F271001FE01FE
(1778535290.863679) can0 1F5#0000000000000000
(1778535290.864717) can0 0800A6A9#0000000000000000
(1778535290.865679) can0 1000A6A9#0F02881333434343
(1778535290.866717) can0 1C00A6A9#0000000000030000
(1778535290.867730) can0 02018100#1003020F00000000
(1778535290.868711) can0 02028100#0000003364000000
(1778535290.869704) can0 02038100#0CE001010CE00101
(1778535290.870704) can0 02048100#4301014301010000
(1778535290.955362) can0 0000E005#15273E0003B60591
(1778535290.955947) can0 1806E5F4#13EC010003B6023A
(1778535290.956707) can0 0000E000#13EC13EC020F0000
(1778535290.957688) can0 0000E004#111103B603B601E4
(1778535290.958688) can0 0000E006#0CE00CE00CE00CE0
(1778535290.959682) can0 0000E007#0CE00CE00CE00CE0
(1778535290.960681) can0 0000E008#0CE00CE00CE00CE0
(1778535290.961681) can0 0000E009#0CE00CE00CE00CE2
(1778535290.962732) can0 0000E010#0000000000000000
(1778535290.963727) can0 0000E011#0000000000000000
(1778535290.964707) can0 0000E012#0CE0000200000000
(1778535290.965682) can0 0000E013#4542323630354C43
(1778535290.966701) can0 0000E014#3134323300000000
(1778535290.967713) can0 0000E015#0000000000000003
(1778535290.968733) can0 0000F000#0000000000000000
(1778535290.969726) can0 0000F001#0000000000000000
(1778535290.970707) can0 18FF28F4#10330000020F0000
(1778535290.971690) can0 18FE28F4#0CE20CE039390000
(1778535290.972701) can0 18FD28F4#1527FA6F00000000
(1778535290.973598) can0 4D4#000033007D0F0203
(1778535290.974596) can0 4D5#E00CE20C39390000
(1778535290.975695) can0 18914010#0CE2100CE0020000
(1778535290.976714) can0 18904010#020F0000753001FE
(1778535290.977688) can0 18FA28F4#373CA12C10270000
(1778535290.978682) can0 18FB28F4#E20CE00C39390000
(1778535290.979698) can0 18FC28F4#383300000F020000
(1778535290.980682) can0 18F810F3#0F02E80333640100
(1778535290.981701) can0 18F811F3#E20C1001E00C0201
(1778535290.982714) can0 18F812F3#3901013901010000
(1778535290.983721) can0 18F813F3#0101000000000000
(1778535290.984689) can0 18F814F3#32000F19A9015F00
(1778535290.985720) can0 18F815F3#0000000010030000
(1778535290.986598) can0 273#000000000F023300
(1778535290.987597) can0 1E1#020F271001FE01FE
(1778535290.988623) can0 1F5#0000000000000000
(1778535290.989720) can0 0800A6A9#0000000000000000
(1778535290.990701) can0 1000A6A9#0F02881333434343
(1778535290.991713) can0 1C00A6A9#0000000000030000
(1778535290.992727) can0 02018100#1003020F00000000
(1778535290.993708) can0 02028100#0000003364000000
(1778535290.994702) can0 02038100#0CE201100CE00102
(1778535290.995699) can0 02048100#4301014301010000
(1778535291.053371) can0 0000E005#15273E0003B60591
(1778535291.053945) can0 1806E5F4#13EC010003B6023A
(1778535291.054703) can0 0000E000#13EC13EC020F0000
(1778535291.055685) can0 0000E004#111103B603B601E4
(1778535291.056685) can0 0000E006#0CE00CE00CE00CE0
(1778535291.057691) can0 0000E007#0CE00CE00CE00CE0
(1778535291.058684) can0 0000E008#0CE00CE00CE00CE0
(1778535291.059700) can0 0000E009#0CE00CE00CE00CE2
(1778535291.060716) can0 0000E010#0000000000000000
(1778535291.061716) can0 0000E011#0000000000000000
(1778535291.062697) can0 0000E012#0CE0000200000000
(1778535291.063724) can0 0000F001#0000000000000000
(1778535291.064710) can0 18FF28F4#10330000020F0000
(1778535291.065684) can0 18FE28F4#0CE20CE039390000
(1778535291.066685) can0 18FD28F4#1527FA6F00000000
(1778535291.067626) can0 4D4#000033007D0F0203
(1778535291.068580) can0 4D5#E00CE20C39390000
(1778535291.069691) can0 18914010#0CE2100CE0020000
(1778535291.070685) can0 18904010#020F0000753001FE
(1778535291.071685) can0 18FA28F4#373CA12C10270000
(1778535291.072685) can0 18FB28F4#E20CE00C39390000
(1778535291.073698) can0 18FC28F4#383300000F020000
(1778535291.074685) can0 18F810F3#0F02E80333640100
(1778535291.075739) can0 18F815F3#0000000010030000
(1778535291.076605) can0 273#000000000F023300
(1778535291.077600) can0 1E1#020F271001FE01FE
(1778535291.078618) can0 1F5#0000000000000000
(1778535291.079698) can0 0800A6A9#0000000000000000
(1778535291.080685) can0 1000A6A9#0F02881333434343
(1778535291.081692) can0 1C00A6A9#0000000000030000
(1778535291.082704) can0 02018100#1003020F00000000
(1778535291.083732) can0 02028100#0000003364000000
(1778535291.084699) can0 02038100#0CE201100CE00102
(1778535291.085698) can0 02048100#4301014301010000
(1778535291.153349) can0 0000E005#15273E0003B60591
(1778535291.153940) can0 1806E5F4#13EC010003B6023A
(1778535291.154693) can0 0000E000#13EC13EC020F0000
(1778535291.155688) can0 0000E004#111103B603B601E4
(1778535291.156687) can0 0000E006#0CE00CE00CE00CE0
(1778535291.157687) can0 0000E007#0CE00CE00CE00CE0
(1778535291.158688) can0 0000E008#0CE00CE00CE00CE0
(1778535291.159688) can0 0000E009#0CE00CE00CE00CE2
(1778535291.160757) can0 0000E010#0000000000000000
(1778535291.161703) can0 0000E011#0000000000000000
(1778535291.162707) can0 0000E012#0CE0000200000000
(1778535291.163720) can0 0000F001#0000000000000000
(1778535291.164701) can0 18FF28F4#10330000020F0000
(1778535291.165687) can0 18FE28F4#0CE20CE039390000
(1778535291.166688) can0 18FD28F4#1527FA6F00000000
(1778535291.167591) can0 4D4#000033007D0F0203
(1778535291.168621) can0 4D5#E00CE20C39390000
(1778535291.169687) can0 18914010#0CE2100CE0020000
(1778535291.170688) can0 18904010#020F0000753001FE
(1778535291.171688) can0 18FA28F4#373CA12C10270000
(1778535291.172688) can0 18FB28F4#E20CE00C39390000
(1778535291.173688) can0 18FC28F4#383300000F020000
(1778535291.174688) can0 18F810F3#0F02E80333640100
(1778535291.175701) can0 18F815F3#0000000010030000
(1778535291.176598) can0 273#000000000F023300
(1778535291.177586) can0 1E1#020F271001FE01FE
(1778535291.178609) can0 1F5#0000000000000000
(1778535291.179708) can0 0800A6A9#0000000000000000
(1778535291.180688) can0 1000A6A9#0F02881333434343
(1778535291.181701) can0 1C00A6A9#0000000000030000
(1778535291.182714) can0 02018100#1003020F00000000
(1778535291.183695) can0 02028100#0000003364000000
(1778535291.184688) can0 02038100#0CE201100CE00102
(1778535291.185688) can0 02048100#4301014301010000
(1778535291.253353) can0 0000E005#15273E0003B60591
(1778535291.253941) can0 1806E5F4#13EC010003B6023A
(1778535291.254698) can0 0000E000#13EC13EC020F0000
(1778535291.255691) can0 0000E004#111103B603B601E4
(1778535291.256690) can0 0000E006#0CE00CE00CE00CE0
(1778535291.257690) can0 0000E007#0CE00CE00CE00CE0
(1778535291.258690) can0 0000E008#0CE00CE00CE00CE0
(1778535291.259691) can0 0000E009#0CE00CE00CE00CE0
(1778535291.260710) can0 0000E010#0000000000000000
(1778535291.261710) can0 0000E011#0000000000000000
(1778535291.262691) can0 0000E012#0CE1000000000000
(1778535291.263704) can0 0000F001#0000000000000000
(1778535291.264697) can0 18FF28F4#10330000020F0000
(1778535291.265691) can0 18FE28F4#0CE00CE039390000
(1778535291.266691) can0 18FD28F4#1527FA6F00000000
(1778535291.267588) can0 4D4#000033007D0F0203
(1778535291.268586) can0 4D5#E00CE00C39390000
(1778535291.269690) can0 18914010#0CE0010CE0010000
(1778535291.270691) can0 18904010#020F0000753001FE
(1778535291.271691) can0 18FA28F4#373CA12C10270000
(1778535291.272691) can0 18FB28F4#E00CE00C39390000
(1778535291.273691) can0 18FC28F4#383300000F020000
(1778535291.274691) can0 18F810F3#0F02E80333640100
(1778535291.275691) can0 18F815F3#0000000010030000
(1778535291.276587) can0 273#000000000F023300
(1778535291.277586) can0 1E1#020F271001FE01FE
(1778535291.278610) can0 1F5#0000000000000000
(1778535291.279698) can0 0800A6A9#0000000000000000
(1778535291.280691) can0 1000A6A9#0F02881333434343
(1778535291.281691) can0 1C00A6A9#0000000000030000
(1778535291.282723) can0 02018100#1003020F00000000
(1778535291.283691) can0 02028100#0000003364000000
(1778535291.284691) can0 02038100#0CE001010CE00101
(1778535291.285691) can0 02048100#4301014301010000
(1778535291.353340) can0 0000E005#15273E0003B60591
(1778535291.353934) can0 1806E5F4#13EC010003B6023A
(1778535291.354693) can0 0000E000#13EC13EC020F0000
(1778535291.355694) can0 0000E004#111103B603B601E4
(1778535291.356693) can0 0000E006#0CE00CE00CE00CE0
(1778535291.357693) can0 0000E007#0CE00CE00CE00CE0
(1778535291.358693) can0 0000E008#0CE00CE00CE00CE0
(1778535291.359694) can0 0000E009#0CE00CE00CE00CE0
(1778535291.360693) can0 0000E010#0000000000000000
(1778535291.361694) can0 0000E011#0000000000000000
(1778535291.362694) can0 0000E012#0CE1000000000000
(1778535291.363707) can0 0000F001#0000000000000000
(1778535291.364694) can0 18FF28F4#10330000020F0000
(1778535291.365694) can0 18FE28F4#0CE00CE039390000
(1778535291.366694) can0 18FD28F4#1527FA6F00000000
(1778535291.367610) can0 4D4#000033007D0F0203
(1778535291.368567) can0 4D5#E00CE00C39390000
(1778535291.369694) can0 18914010#0CE0010CE0010000
(1778535291.370694) can0 18904010#020F0000753001FE
(1778535291.371694) can0 18FA28F4#373CA12C10270000
(1778535291.372694) can0 18FB28F4#E00CE00C39390000
(1778535291.373694) can0 18FC28F4#383300000F020000
(1778535291.374694) can0 18F810F3#0F02E80333640100
(1778535291.375726) can0 18F815F3#0000000010030000
(1778535291.376582) can0 273#000000000F023300
(1778535291.377584) can0 1E1#020F271001FE01FE
(1778535291.378595) can0 1F5#0000000000000000
(1778535291.379694) can0 0800A6A9#0000000000000000
(1778535291.380694) can0 1000A6A9#0F02881333434343
(1778535291.381694) can0 1C00A6A9#0000000000030000
(1778535291.382701) can0 02018100#1003020F00000000
(1778535291.383720) can0 02028100#0000003364000000
(1778535291.384694) can0 02038100#0CE001010CE00101
(1778535291.385694) can0 02048100#4301014301010000
(1778535291.470339) can0 0000E005#15273E0003B60591
(1778535291.470932) can0 1806E5F4#13EC010003B6023A
(1778535291.471697) can0 0000E000#13EC13EC020F0000
(1778535291.472697) can0 0000E004#111103B603B601E4
(1778535291.473697) can0 0000E006#0CE00CE00CE00CE0
(1778535291.474697) can0 0000E007#0CE00CE00CE00CE0
(1778535291.475697) can0 0000E008#0CE00CE00CE00CE0
(1778535291.476697) can0 0000E009#0CE00CE00CE00CE2
(1778535291.477697) can0 0000E010#0000000000000000
(1778535291.478697) can0 0000E011#0000000000000000
(1778535291.479697) can0 0000E012#0CE0000200000000
(1778535291.480638) can0 0000E013#4542323630354C43
(1778535291.481697) can0 0000E014#3134323300000000
(1778535291.482697) can0 0000E015#0000000000000003
(1778535291.483697) can0 0000F000#0000000000000000
(1778535291.484697) can0 0000F001#0000000000000000
(1778535291.485697) can0 18FF28F4#10330000020F0000
(1778535291.486697) can0 18FE28F4#0CE20CE039390000
(1778535291.487698) can0 18FD28F4#1527FA6F00000000
(1778535291.488575) can0 4D4#000033007D0F0203
(1778535291.489554) can0 4D5#E00CE20C39390000
(1778535291.490697) can0 18914010#0CE2100CE0010000
(1778535291.491698) can0 18904010#020F0000753001FE
(1778535291.492697) can0 18FA28F4#373CA12C10270000
(1778535291.493697) can0 18FB28F4#E20CE00C39390000
(1778535291.494698) can0 18FC28F4#383300000F020000
(1778535291.495698) can0 18F810F3#0F02E80333640100
(1778535291.496697) can0 18F811F3#E20C1001E00C0101
(1778535291.497698) can0 18F812F3#3901013901010000
(1778535291.498697) can0 18F813F3#0101000000000000
(1778535291.499698) can0 18F814F3#32000F19A9015F00
(1778535291.500698) can0 18F815F3#0000000010030000
(1778535291.501575) can0 273#000000000F023300
(1778535291.502567) can0 1E1#020F271001FE01FE
(1778535291.503601) can0 1F5#0000000000000000
(1778535291.504697) can0 0800A6A9#0000000000000000
(1778535291.505698) can0 1000A6A9#0F02881333434343
(1778535291.506698) can0 1C00A6A9#0000000000030000
(1778535291.507699) can0 02018100#1003020F00000000
(1778535291.508698) can0 02028100#0000003364000000
(1778535291.509698) can0 02038100#0CE201100CE00101
(1778535291.510698) can0 02048100#4301014301010000
(1778535291.568329) can0 0000E005#15273E0003B60591
(1778535291.568928) can0 1806E5F4#13EC010003B6023A
(1778535291.569700) can0 0000E000#13EC13EC020F0000
(1778535291.570699) can0 0000E004#111103B603B601E4
(1778535291.571700) can0 0000E006#0CE00CE00CE00CE0
(1778535291.572641) can0 0000E007#0CE00CE00CE00CE0
(1778535291.573700) can0 0000E008#0CE00CE00CE00CE0
(1778535291.574700) can0 0000E009#0CE00CE00CE00CE2
(1778535291.575700) can0 0000E010#0000000000000000
(1778535291.576700) can0 0000E011#0000000000000000
(1778535291.577700) can0 0000E012#0CE0000200000000
(1778535291.578700) can0 0000F001#0000000000000000
(1778535291.579700) can0 18FF28F4#10330000020F0000
(1778535291.580642) can0 18FE28F4#0CE20CE039390000
(1778535291.581700) can0 18FD28F4#1527FA6F00000000
(1778535291.582584) can0 4D4#000033007D0F0203
(1778535291.583551) can0 4D5#E00CE20C39390000
(1778535291.584700) can0 18914010#0CE2100CE0010000
(1778535291.585700) can0 18904010#020F0000753001FE
(1778535291.586700) can0 18FA28F4#373CA12C10270000
(1778535291.587701) can0 18FB28F4#E20CE00C39390000
(1778535291.588701) can0 18FC28F4#383300000F020000
(1778535291.589700) can0 18F810F3#0F02E80333640100
(1778535291.590700) can0 18F815F3#0000000010030000
(1778535291.591570) can0 273#000000000F023300
(1778535291.592570) can0 1E1#020F271001FE01FE
(1778535291.593596) can0 1F5#0000000000000000
(1778535291.594700) can0 0800A6A9#0000000000000000
(1778535291.595642) can0 1000A6A9#0F02881333434343
(1778535291.596701) can0 1C00A6A9#0000000000030000
(1778535291.597700) can0 02018100#1003020F00000000
(1778535291.598700) can0 02028100#0000003364000000
(1778535291.599701) can0 02038100#0CE201100CE00101
(1778535291.600700) can0 02048100#4301014301010000
(1778535291.668320) can0 0000E005#15273E0003B60591
(1778535291.668913) can0 1806E5F4#13EC010003B6023A
(1778535291.669702) can0 0000E000#13EC13EC020F0000
(1778535291.670643) can0 0000E004#111103B603B601E4
(1778535291.671643) can0 0000E006#0CE00CE00CE00CE0
(1778535291.672637) can0 0000E007#0CE00CE00CE00CE0
(1778535291.673703) can0 0000E008#0CE00CE00CE00CE0
(1778535291.674644) can0 0000E009#0CE00CE00CE00CE2
(1778535291.675709) can0 0000E010#0000000000000000
(1778535291.676703) can0 0000E011#0000000000000000
(1778535291.677703) can0 0000E012#0CE0000200000000
(1778535291.678703) can0 0000F001#0000000000000000
(1778535291.679703) can0 18FF28F4#10330000020F0000
(1778535291.680638) can0 18FE28F4#0CE20CE039390000
(1778535291.681703) can0 18FD28F4#1527FA6F00000000
(1778535291.682562) can0 4D4#000033007D0F0203
(1778535291.683580) can0 4D5#E00CE20C39390000
(1778535291.684703) can0 18914010#0CE2100CE0010000
(1778535291.685703) can0 18904010#020F0000753001FE
(1778535291.686645) can0 18FA28F4#373CA12C10270000
(1778535291.687643) can0 18FB28F4#E20CE00C39390000
(1778535291.688703) can0 18FC28F4#383300000F020000
(1778535291.689628) can0 18F810F3#0F02E80333640100
(1778535291.690704) can0 18F815F3#0000000010030000
(1778535291.691613) can0 273#000000000F023300
(1778535291.692560) can0 1E1#020F271001FE01FE
(1778535291.693584) can0 1F5#0000000000000000
(1778535291.694703) can0 0800A6A9#0000000000000000
(1778535291.695632) can0 1000A6A9#0F02881333434343
(1778535291.696703) can0 1C00A6A9#0000000000030000
(1778535291.697703) can0 02018100#1003020F00000000
(1778535291.698703) can0 02028100#0000003364000000
(1778535291.699703) can0 02038100#0CE201100CE00101
(1778535291.700703) can0 02048100#4301014301010000
(1778535291.768323) can0 0000E005#15273E0003B60591
(1778535291.768922) can0 1806E5F4#13EC010003B6023A
(1778535291.769706) can0 0000E000#13EC13EC020F0000
(1778535291.770647) can0 0000E004#111103B603B601E4
(1778535291.771644) can0 0000E006#0CE00CE00CE00CE0
(1778535291.772647) can0 0000E007#0CE00CE00CE00CE0
(1778535291.773640) can0 0000E008#0CE00CE00CE00CE0
(1778535291.774640) can0 0000E009#0CE00CE00CE00CE0
(1778535291.775706) can0 0000E010#0000000000000000
(1778535291.776719) can0 0000E011#0000000000000000
(1778535291.777706) can0 0000E012#0CE0000000000000
(1778535291.778706) can0 0000F001#0000000000000000
(1778535291.779706) can0 18FF28F4#10330000020F0000
(1778535291.780647) can0 18FE28F4#0CE00CE039390000
(1778535291.781646) can0 18FD28F4#1527FA6F00000000
(1778535291.782563) can0 4D4#000033007D0F0203
(1778535291.783542) can0 4D5#E00CE00C39390000
(1778535291.784706) can0 18914010#0CE0010CE0020000
(1778535291.785648) can0 18904010#020F0000753001FE
(1778535291.786646) can0 18FA28F4#373CA12C10270000
(1778535291.787640) can0 18FB28F4#E00CE00C39390000
(1778535291.788706) can0 18FC28F4#383300000F020000
(1778535291.789635) can0 18F810F3#0F02E80333640100
(1778535291.790706) can0 18F815F3#0000000010030000
(1778535291.791554) can0 273#000000000F023300
(1778535291.792557) can0 1E1#020F271001FE01FE
(1778535291.793589) can0 1F5#0000000000000000
(1778535291.794706) can0 0800A6A9#0000000000000000
(1778535291.795620) can0 1000A6A9#0F02881333434343
(1778535291.796706) can0 1C00A6A9#0000000000030000
(1778535291.797706) can0 02018100#1003020F00000000
(1778535291.798706) can0 02028100#0000003364000000
(1778535291.799648) can0 02038100#0CE001010CE00102
(1778535291.800646) can0 02048100#4301014301010000
(1778535291.862568) can0 00000E00#00354C4331343233
(1778535291.869331) can0 0000E005#15273E0003B60591
(1778535291.869914) can0 1806E5F4#13EC010003B6023A
(1778535291.870708) can0 0000E000#13EC13EC020F0000
(1778535291.871630) can0 0000E004#111103B603B601E4
(1778535291.872629) can0 0000E006#0CE00CE00CE00CE0
(1778535291.873621) can0 0000E007#0CE00CE00CE00CE0
(1778535291.874623) can0 0000E008#0CE00CE00CE00CE0
(1778535291.875648) can0 0000E009#0CE00CE00CE00CE0
(1778535291.876709) can0 0000E010#0000000000000000
(1778535291.877709) can0 0000E011#0000000000000000
(1778535291.878709) can0 0000E012#0CE0000000000000
(1778535291.879709) can0 0000F001#0000000000000000
(1778535291.880709) can0 18FF28F4#10330000020F0000
(1778535291.881634) can0 18FE28F4#0CE00CE039390000
(1778535291.882650) can0 18FD28F4#1527FA6F00000000
(1778535291.883554) can0 4D4#000033007D0F0203
(1778535291.884534) can0 4D5#E00CE00C39390000
(1778535291.885642) can0 18914010#0CE0010CE0020000
(1778535291.886643) can0 18904010#020F0000753001FE
(1778535291.887624) can0 18FA28F4#373CA12C10270000
(1778535291.888624) can0 18FB28F4#E00CE00C39390000
(1778535291.889649) can0 18FC28F4#383300000F020000
(1778535291.890630) can0 18F810F3#0F02E80333640100
(1778535291.891709) can0 18F815F3#0000000010030000
(1778535291.892562) can0 273#000000000F023300
(1778535291.893539) can0 1E1#020F271001FE01FE
(1778535291.894567) can0 1F5#0000000000000000
(1778535291.895709) can0 0800A6A9#0000000000000000
(1778535291.896625) can0 1000A6A9#0F02881333434343
(1778535291.897644) can0 1C00A6A9#0000000000030000
(1778535291.898709) can0 02018100#1003020F00000000
(1778535291.899710) can0 02028100#0000003364000000
(1778535291.900650) can0 02038100#0CE001010CE00102
(1778535291.901643) can0 02048100#4301014301010000
(1778535291.985310) can0 0000E005#15273E0003B60591
(1778535291.985902) can0 1806E5F4#13EC010003B6023A
(1778535291.986653) can0 0000E000#13EC13EC020F0000
(1778535291.987620) can0 0000E004#111103B603B601E4
(1778535291.988633) can0 0000E006#0CE00CE00CE00CE0
(1778535291.989633) can0 0000E007#0CE00CE00CE00CE0
(1778535291.990623) can0 0000E008#0CE00CE00CE00CE0
(1778535291.991712) can0 0000E009#0CE00CE00CE00CE2
(1778535291.992712) can0 0000E010#0000000000000000
(1778535291.993712) can0 0000E011#0000000000000000
(1778535291.994653) can0 0000E012#0CE0000200000000
(1778535291.995608) can0 0000E013#4542323630354C43
(1778535291.996633) can0 0000E014#3134323300000000
(1778535291.997646) can0 0000E015#0000000000000003
(1778535291.998712) can0 0000F000#0000000000000000
(1778535291.999713) can0 0000F001#0000000000000000
(1778535292.000654) can0 18FF28F4#10330000020F0000
(1778535292.001621) can0 18FE28F4#0CE20CE039390000
(1778535292.002631) can0 18FD28F4#1527FA6F00000000
(1778535292.003552) can0 4D4#000033007D0F0203
(1778535292.004531) can0 4D5#E00CE20C39390000
(1778535292.005627) can0 18914010#0CE2100CE0020000
(1778535292.006639) can0 18904010#020F0000753001FE
(1778535292.007713) can0 18FA28F4#373CA12C10270000
(1778535292.008628) can0 18FB28F4#E20CE00C39390000
(1778535292.009645) can0 18FC28F4#383300000F020000
(1778535292.010619) can0 18F810F3#0F02E80333640100
(1778535292.011640) can0 18F811F3#E20C1001E00C0201
(1778535292.012634) can0 18F812F3#3901013901010000
(1778535292.013652) can0 18F813F3#0101000000000000
(1778535292.014627) can0 18F814F3#32000F19A9015F00
(1778535292.015646) can0 18F815F3#0000000010030000
(1778535292.016545) can0 273#000000000F023300
(1778535292.017538) can0 1E1#020F271001FE01FE
(1778535292.018570) can0 1F5#0000000000000000
(1778535292.019648) can0 0800A6A9#0000000000000000
(1778535292.020607) can0 1000A6A9#0F02881333434343
(1778535292.021640) can0 1C00A6A9#0000000000030000
(1778535292.022649) can0 02018100#1003020F00000000
(1778535292.023647) can0 02028100#0000003364000000
(1778535292.024640) can0 02038100#0CE201100CE00102
(1778535292.025641) can0 02048100#4301014301010000
(1778535292.083305) can0 0000E005#15273E0003B60591
(1778535292.083886) can0 1806E5F4#13EC010003B6023A
(1778535292.084715) can0 0000E000#13EC13EC020F0000
(1778535292.085630) can0 0000E004#111103B603B601E4
(1778535292.086630) can0 0000E006#0CE00CE00CE00CE0
(1778535292.087630) can0 0000E007#0CE00CE00CE00CE0
(1778535292.088623) can0 0000E008#0CE00CE00CE00CE0
(1778535292.089624) can0 0000E009#0CE00CE00CE00CE2
(1778535292.090651) can0 0000E010#0000000000000000
(1778535292.091649) can0 0000E011#0000000000000000
(1778535292.092649) can0 0000E012#0CE0000200000000
(1778535292.093715) can0 0000F001#0000000000000000
(1778535292.094652) can0 18FF28F4#10330000020F0000
(1778535292.095617) can0 18FE28F4#0CE20CE039390000
(1778535292.096629) can0 18FD28F4#1527FA6F00000000
(1778535292.097547) can0 4D4#000033007D0F0203
(1778535292.098528) can0 4D5#E00CE20C39390000
(1778535292.099623) can0 18914010#0CE2100CE0020000
(1778535292.100636) can0 18904010#020F0000753001FE
(1778535292.101617) can0 18FA28F4#373CA12C10270000
(1778535292.102613) can0 18FB28F4#E20CE00C39390000
(1778535292.103649) can0 18FC28F4#383300000F020000
(1778535292.104611) can0 18F810F3#0F02E80333640100
(1778535292.105654) can0 18F815F3#0000000010030000
(1778535292.106538) can0 273#000000000F023300
(1778535292.107542) can0 1E1#020F271001FE01FE
(1778535292.108566) can0 1F5#0000000000000000
(1778535292.109648) can0 0800A6A9#0000000000000000
(1778535292.110611) can0 1000A6A9#0F02881333434343
(1778535292.111643) can0 1C00A6A9#0000000000030000
(1778535292.112655) can0 02018100#1003020F00000000
(1778535292.113636) can0 02028100#0000003364000000
(1778535292.114628) can0 02038100#0CE201100CE00102
(1778535292.115631) can0 02048100#4301014301010000
(1778535292.183295) can0 0000E005#15273E0003B60591
(1778535292.183884) can0 1806E5F4#13EC010003B6023A
(1778535292.184645) can0 0000E000#13EC13EC020F0000
(1778535292.185613) can0 0000E004#111103B603B601E4
(1778535292.186613) can0 0000E006#0CE00CE00CE00CE0
(1778535292.187627) can0 0000E007#0CE00CE00CE00CE0
(1778535292.188620) can0 0000E008#0CE00CE00CE00CE0
(1778535292.189607) can0 0000E009#0CE00CE00CE00CE2
(1778535292.190652) can0 0000E010#0000000000000000
(1778535292.191646) can0 0000E011#0000000000000000
(1778535292.192639) can0 0000E012#0CE0000200000000
(1778535292.193658) can0 0000F001#0000000000000000
(1778535292.194640) can0 18FF28F4#10330000020F0000
(1778535292.195607) can0 18FE28F4#0CE20CE039390000
(1778535292.196613) can0 18FD28F4#1527FA6F00000000
(1778535292.197538) can0 4D4#000033007D0F0203
(1778535292.198531) can0 4D5#E00CE20C39390000
(1778535292.199613) can0 18914010#0CE2100CE0020000
(1778535292.200626) can0 18904010#020F0000753001FE
(1778535292.201607) can0 18FA28F4#373CA12C10270000
(1778535292.202620) can0 18FB28F4#E20CE00C39390000
(1778535292.203633) can0 18FC28F4#383300000F020000
(1778535292.204608) can0 18F810F3#0F02E80333640100
(1778535292.205646) can0 18F815F3#0000000010030000
(1778535292.206564) can0 273#000000000F023300
(1778535292.207526) can0 1E1#020F271001FE01FE
(1778535292.208557) can0 1F5#0000000000000000
(1778535292.209635) can0 0800A6A9#0000000000000000
(1778535292.210603) can0 1000A6A9#0F02881333434343
(1778535292.211634) can0 1C00A6A9#0000000000030000
(1778535292.212646) can0 02018100#1003020F00000000
(1778535292.213640) can0 02028100#0000003364000000
(1778535292.214651) can0 02038100#0CE201100CE00102
(1778535292.215621) can0 02048100#4301014301010000
(1778535292.283291) can0 0000E005#15273E0003B60591
(1778535292.283886) can0 1806E5F4#13EC010003B6023A
(1778535292.284636) can0 0000E000#13EC13EC020F0000
(1778535292.285616) can0 0000E004#111103B603B601E4
(1778535292.286610) can0 0000E006#0CE00CE00CE00CE0
(1778535292.287610) can0 0000E007#0CE00CE00CE00CE0
(1778535292.288610) can0 0000E008#0CE00CE00CE00CE0
(1778535292.289603) can0 0000E009#0CE00CE00CE00CE2
(1778535292.290654) can0 0000E010#0000000000000000
(1778535292.291722) can0 0000E011#0000000000000000
(1778535292.292624) can0 0000E012#0CE1000200000000
(1778535292.293642) can0 0000F001#0000000000000000
(1778535292.294634) can0 18FF28F4#10330000020F0000
(1778535292.295604) can0 18FE28F4#0CE20CE039390000
(1778535292.296616) can0 18FD28F4#1527FA6F00000000
(1778535292.297534) can0 4D4#000033007D0F0203
(1778535292.298511) can0 4D5#E00CE20C39390000
(1778535292.299642) can0 18914010#0CE2100CE0020000
(1778535292.300623) can0 18904010#020F0000753001FE
(1778535292.301604) can0 18FA28F4#373CA12C10270000
(1778535292.302604) can0 18FB28F4#E20CE00C39390000
(1778535292.303630) can0 18FC28F4#383300000F020000
(1778535292.304598) can0 18F810F3#0F02E80333640100
(1778535292.305642) can0 18F815F3#0000000010030000
(1778535292.306528) can0 273#000000000F023300
(1778535292.307574) can0 1E1#020F271001FE01FE
(1778535292.308553) can0 1F5#0000000000000000
(1778535292.309636) can0 0800A6A9#0000000000000000
(1778535292.310595) can0 1000A6A9#0F02881333434343
(1778535292.311630) can0 1C00A6A9#0000000000030000
(1778535292.312642) can0 02018100#1003020F00000000
(1778535292.313623) can0 02028100#0000003364000000
(1778535292.314624) can0 02038100#0CE201100CE00102
(1778535292.315618) can0 02048100#4301014301010000
(1778535292.383296) can0 0000E005#15273E0003B60591
(1778535292.383883) can0 1806E5F4#13EC010003B6023A
(1778535292.384724) can0 0000E000#13EC13EC020F0000
(1778535292.385600) can0 0000E004#111103B603B601E4
(1778535292.386613) can0 0000E006#0CE00CE00CE00CE0
(1778535292.387613) can0 0000E007#0CE00CE00CE00CE0
(1778535292.388604) can0 0000E008#0CE00CE00CE00CE0
(1778535292.389587) can0 0000E009#0CE00CE00CE00CE2
(1778535292.390632) can0 0000E010#0000000000000000
(1778535292.391633) can0 0000E011#0000000000000000
(1778535292.392613) can0 0000E012#0CE1000200000000
(1778535292.393645) can0 0000F001#0000000000000000
(1778535292.394626) can0 18FF28F4#10330000020F0000
(1778535292.395608) can0 18FE28F4#0CE20CE039390000
(1778535292.396598) can0 18FD28F4#1527FA6F00000000
(1778535292.397518) can0 4D4#000033007D0F0203
(1778535292.398505) can0 4D5#E00CE20C39390000
(1778535292.399614) can0 18914010#0CE2100CE0020000
(1778535292.400605) can0 18904010#020F0000753001FE
(1778535292.401594) can0 18FA28F4#373CA12C10270000
(1778535292.402606) can0 18FB28F4#E20CE00C39390000
(1778535292.403621) can0 18FC28F4#383300000F020000
(1778535292.404600) can0 18F810F3#0F02E80333640100
(1778535292.405632) can0 18F815F3#0000000010030000
(1778535292.406531) can0 273#000000000F023300
(1778535292.407513) can0 1E1#020F271001FE01FE
(1778535292.408538) can0 1F5#0000000000000000
(1778535292.409620) can0 0800A6A9#0000000000000000
(1778535292.410588) can0 1000A6A9#0F02881333434343
(1778535292.411620) can0 1C00A6A9#0000000000030000
(1778535292.412629) can0 02018100#1003020F00000000
(1778535292.413626) can0 02028100#0000003364000000
(1778535292.414608) can0 02038100#0CE201100CE00102
(1778535292.415608) can0 02048100#4301014301010000
(1778535292.500274) can0 0000E005#15273E0003B60591
(1778535292.500867) can0 1806E5F4#13EC010003B6023A
(1778535292.501617) can0 0000E000#13EC13EC020F0000
(1778535292.502597) can0 0000E004#111103B603B601E4
(1778535292.503595) can0 0000E006#0CE00CE00CE00CE0
(1778535292.504591) can0 0000E007#0CE00CE00CE00CE0
(1778535292.505590) can0 0000E008#0CE00CE00CE00CE0
(1778535292.506622) can0 0000E009#0CE00CE00CE00CE0
(1778535292.507630) can0 0000E010#0000000000000000
(1778535292.508635) can0 0000E011#0000000000000000
(1778535292.509611) can0 0000E012#0CE1000000000000
(1778535292.510578) can0 0000E013#4542323630354C43
(1778535292.511610) can0 0000E014#3134323300000000
(1778535292.512623) can0 0000E015#0000000000000003
(1778535292.513635) can0 0000F000#0000000000000000
(1778535292.514648) can0 0000F001#0000000000000000
(1778535292.515610) can0 18FF28F4#10330000020F0000
(1778535292.516598) can0 18FE28F4#0CE00CE039390000
(1778535292.517611) can0 18FD28F4#1527FA6F00000000
(1778535292.518528) can0 4D4#000033007D0F0203
(1778535292.519501) can0 4D5#E00CE00C39390000
(1778535292.520604) can0 18914010#0CE0010CE0010000
(1778535292.521617) can0 18904010#020F0000753001FE
(1778535292.522629) can0 18FA28F4#373CA12C10270000
(1778535292.523591) can0 18FB28F4#E00CE00C39390000
(1778535292.524610) can0 18FC28F4#383300000F020000
(1778535292.525591) can0 18F810F3#0F02E80333640100
(1778535292.526604) can0 18F811F3#E00C0101E00C0101
(1778535292.527596) can0 18F812F3#3901013901010000
(1778535292.528630) can0 18F813F3#0101000000000000
(1778535292.529591) can0 18F814F3#32000F19A9015F00
(1778535292.530655) can0 18F815F3#0000000010030000
(1778535292.531518) can0 273#000000000F023300
(1778535292.532522) can0 1E1#020F271001FE01FE
(1778535292.533534) can0 1F5#0000000000000000
(1778535292.534623) can0 0800A6A9#0000000000000000
(1778535292.535592) can0 1000A6A9#0F02881333434343
(1778535292.536617) can0 1C00A6A9#0000000000030000
(1778535292.537630) can0 02018100#1003020F00000000
(1778535292.538655) can0 02028100#0000003364000000
(1778535292.539603) can0 02038100#0CE001010CE00101
(1778535292.540599) can0 02048100#4301014301010000
(1778535292.598276) can0 0000E005#15273E0003B60591
(1778535292.598870) can0 1806E5F4#13EC010003B6023A
(1778535292.599647) can0 0000E000#13EC13EC020F0000
(1778535292.600587) can0 0000E004#111103B603B601E4
(1778535292.601600) can0 0000E006#0CE00CE00CE00CE0
(1778535292.602599) can0 0000E007#0CE00CE00CE00CE0
(1778535292.603594) can0 0000E008#0CE00CE00CE00CE0
(1778535292.604594) can0 0000E009#0CE00CE00CE00CE0
(1778535292.605625) can0 0000E010#0000000000000000
(1778535292.606619) can0 0000E011#0000000000000000
(1778535292.607643) can0 0000E012#0CE1000000000000
(1778535292.608631) can0 0000F001#0000000000000000
(1778535292.609613) can0 18FF28F4#10330000020F0000
(1778535292.610594) can0 18FE28F4#0CE00CE039390000
(1778535292.611603) can0 18FD28F4#1527FA6F00000000
(1778535292.612511) can0 4D4#000033007D0F0203
(1778535292.613505) can0 4D5#E00CE00C39390000
(1778535292.614600) can0 18914010#0CE0010CE0010000
(1778535292.615645) can0 18904010#020F0000753001FE
(1778535292.616594) can0 18FA28F4#373CA12C10270000
(1778535292.617594) can0 18FB28F4#E00CE00C39390000
(1778535292.618608) can0 18FC28F4#383300000F020000
(1778535292.619583) can0 18F810F3#0F02E80333640100
(1778535292.620620) can0 18F815F3#0000000010030000
(1778535292.621519) can0 273#000000000F023300
(1778535292.622518) can0 1E1#020F271001FE01FE
(1778535292.623528) can0 1F5#0000000000000000
(1778535292.624625) can0 0800A6A9#0000000000000000
(1778535292.625589) can0 1000A6A9#0F02881333434343
(1778535292.626601) can0 1C00A6A9#0000000000030000
(1778535292.627633) can0 02018100#1003020F00000000
(1778535292.628613) can0 02028100#0000003364000000
(1778535292.629613) can0 02038100#0CE001010CE00101
(1778535292.630607) can0 02048100#4301014301010000
(1778535292.698271) can0 0000E005#15273E0003B60591
(1778535292.698867) can0 1806E5F4#13EC010003B6023A
(1778535292.699618) can0 0000E000#13EC13EC020F0000
(1778535292.700583) can0 0000E004#111103B603B601E4
(1778535292.701596) can0 0000E006#0CE00CE00CE00CE0
(1778535292.702598) can0 0000E007#0CE00CE00CE00CE0
(1778535292.703591) can0 0000E008#0CE00CE00CE00CE0
(1778535292.704590) can0 0000E009#0CE00CE00CE00CE0
(1778535292.705622) can0 0000E010#0000000000000000
(1778535292.706616) can0 0000E011#0000000000000000
(1778535292.707597) can0 0000E012#0CE1000000000000
(1778535292.708623) can0 0000F001#0000000000000000
(1778535292.709612) can0 18FF28F4#10330000020F0000
(1778535292.710591) can0 18FE28F4#0CE00CE039390000
(1778535292.711591) can0 18FD28F4#1527FA6F00000000
(1778535292.712498) can0 4D4#000033007D0F0203
(1778535292.713502) can0 4D5#E00CE00C39390000
(1778535292.714597) can0 18914010#0CE0010CE0010000
(1778535292.715598) can0 18904010#020F0000753001FE
(1778535292.716578) can0 18FA28F4#373CA12C10270000
(1778535292.717578) can0 18FB28F4#E00CE00C39390000
(1778535292.718603) can0 18FC28F4#383300000F020000
(1778535292.719573) can0 18F810F3#0F02E80333640100
(1778535292.720616) can0 18F815F3#0000000010030000
(1778535292.721515) can0 273#000000000F023300
(1778535292.722496) can0 1E1#020F271001FE01FE
(1778535292.723528) can0 1F5#0000000000000000
(1778535292.724600) can0 0800A6A9#0000000000000000
(1778535292.725572) can0 1000A6A9#0F02881333434343
(1778535292.726604) can0 1C00A6A9#0000000000030000
(1778535292.727616) can0 02018100#1003020F00000000
(1778535292.728598) can0 02028100#0000003364000000
(1778535292.729610) can0 02038100#0CE001010CE00101
(1778535292.730592) can0 02048100#4301014301010000
(1778535292.798264) can0 0000E005#15273E0003B60591
(1778535292.798850) can0 1806E5F4#13EC010003B6023A
(1778535292.799602) can0 0000E000#13EC13EC020F0000
(1778535292.800587) can0 0000E004#111103B603B601E4
(1778535292.801581) can0 0000E006#0CE00CE00CE00CE0
(1778535292.802579) can0 0000E007#0CE00CE00CE00CE0
(1778535292.803580) can0 0000E008#0CE00CE00CE00CE0
(1778535292.804574) can0 0000E009#0CE00CE00CE00CE2
(1778535292.805618) can0 0000E010#0000000000000000
(1778535292.806619) can0 0000E011#0000000000000000
(1778535292.807600) can0 0000E012#0CE0000200000000
(1778535292.808613) can0 0000F001#0000000000000000
(1778535292.809613) can0 18FF28F4#10330000020F0000
(1778535292.810573) can0 18FE28F4#0CE20CE039390000
(1778535292.811588) can0 18FD28F4#1527FA6F00000000
(1778535292.812506) can0 4D4#000033007D0F0203
(1778535292.813486) can0 4D5#E00CE20C39390000
(1778535292.814593) can0 18914010#0CE2100CE0020000
(1778535292.815601) can0 18904010#020F0000753001FE
(1778535292.816584) can0 18FA28F4#373CA12C10270000
(1778535292.817575) can0 18FB28F4#E20CE00C39390000
(1778535292.818588) can0 18FC28F4#383300000F020000
(1778535292.819569) can0 18F810F3#0F02E80333640100
(1778535292.820601) can0 18F815F3#0000000010030000
(1778535292.821499) can0 273#000000000F023300
(1778535292.822528) can0 1E1#020F271001FE01FE
(1778535292.823511) can0 1F5#0000000000000000
(1778535292.824606) can0 0800A6A9#0000000000000000
(1778535292.825575) can0 1000A6A9#0F02881333434343
(1778535292.826595) can0 1C00A6A9#0000000000030000
(1778535292.827614) can0 02018100#1003020F00000000
(1778535292.828595) can0 02028100#0000003364000000
(1778535292.829594) can0 02038100#0CE201100CE00102
(1778535292.830620) can0 02048100#4301014301010000
(1778535292.898254) can0 0000E005#15273E0003B60591
(1778535292.898835) can0 1806E5F4#13EC010003B6023A
(1778535292.899636) can0 0000E000#13EC13EC020F0000
(1778535292.900568) can0 0000E004#111103B603B601E4
(1778535292.901583) can0 0000E006#0CE00CE00CE00CE0
(1778535292.902583) can0 0000E007#0CE00CE00CE00CE0
(1778535292.903577) can0 0000E008#0CE00CE00CE00CE0
(1778535292.904574) can0 0000E009#0CE00CE00CE00CE2
(1778535292.905603) can0 0000E010#0000000000000000
(1778535292.906603) can0 0000E011#0000000000000000
(1778535292.907635) can0 0000E012#0CE0000200000000
(1778535292.908616) can0 0000F001#0000000000000000
(1778535292.909596) can0 18FF28F4#10330000020F0000
(1778535292.910577) can0 18FE28F4#0CE20CE039390000
(1778535292.911592) can0 18FD28F4#1527FA6F00000000
(1778535292.912484) can0 4D4#000033007D0F0203
(1778535292.913489) can0 4D5#E00CE20C39390000
(1778535292.914584) can0 18914010#0CE2100CE0020000
(1778535292.915629) can0 18904010#020F0000753001FE
(1778535292.916573) can0 18FA28F4#373CA12C10270000
(1778535292.917577) can0 18FB28F4#E20CE00C39390000
(1778535292.918590) can0 18FC28F4#383300000F020000
(1778535292.919572) can0 18F810F3#0F02E80333640100
(1778535292.920597) can0 18F815F3#0000000010030000
(1778535292.921502) can0 273#000000000F023300
(1778535292.922496) can0 1E1#020F271001FE01FE
(1778535292.923559) can0 1F5#0000000000000000
(1778535292.924597) can0 0800A6A9#0000000000000000
(1778535292.925572) can0 1000A6A9#0F02881333434343
(1778535292.926584) can0 1C00A6A9#0000000000030000
(1778535292.927617) can0 02018100#1003020F00000000
(1778535292.928591) can0 02028100#0000003364000000
(1778535292.929591) can0 02038100#0CE201100CE00102
(1778535292.930585) can0 02048100#4301014301010000
(1778535293.015246) can0 0000E005#15273E0003B60591
(1778535293.015838) can0 1806E5F4#13EC010003B6023A
(1778535293.016588) can0 0000E000#13EC13EC020F0000
(1778535293.017568) can0 0000E004#111103B603B601E4
(1778535293.018567) can0 0000E006#0CE00CE00CE00CE0
(1778535293.019563) can0 0000E007#0CE00CE00CE00CE0
(1778535293.020581) can0 0000E008#0CE00CE00CE00CE0
(1778535293.021574) can0 0000E009#0CE00CE00CE00CE0
(1778535293.022606) can0 0000E010#0000000000000000
(1778535293.023601) can0 0000E011#0000000000000000
(1778535293.024600) can0 0000E012#0CE0000000000000
(1778535293.025551) can0 0000E013#4542323630354C43
(1778535293.026581) can0 0000E014#3134323300000000
(1778535293.027594) can0 0000E015#0000000000000003
(1778535293.028606) can0 0000F000#0000000000000000
(1778535293.029606) can0 0000F001#0000000000000000
(1778535293.030587) can0 18FF28F4#10330000020F0000
(1778535293.031565) can0 18FE28F4#0CE00CE039390000
(1778535293.032581) can0 18FD28F4#1527FA6F00000000
(1778535293.033479) can0 4D4#000033007D0F0203
(1778535293.034480) can0 4D5#E00CE00C39390000
(1778535293.035571) can0 18914010#0CE0010CE00D0000
(1778535293.036587) can0 18904010#020F0000753001FE
(1778535293.037588) can0 18FA28F4#373CA12C10270000
(1778535293.038569) can0 18FB28F4#E00CE00C39390000
(1778535293.039582) can0 18FC28F4#383300000F020000
(1778535293.040562) can0 18F810F3#0F02E80333640100
(1778535293.041575) can0 18F811F3#E00C0101E00C0D01
(1778535293.042575) can0 18F812F3#3901013901010000
(1778535293.043603) can0 18F813F3#0101000000000000
(1778535293.044569) can0 18F814F3#32000F19A9015F00
(1778535293.045613) can0 18F815F3#0000000010030000
(1778535293.046499) can0 273#000000000F023300
(1778535293.047487) can0 1E1#020F271001FE01FE
(1778535293.048505) can0 1F5#0000000000000000
(1778535293.049601) can0 0800A6A9#0000000000000000
(1778535293.050562) can0 1000A6A9#0F02881333434343
(1778535293.051588) can0 1C00A6A9#0000000000030000
(1778535293.052601) can0 02018100#1003020F00000000
(1778535293.053613) can0 02028100#0000003364000000
(1778535293.054582) can0 02038100#0CE001010CE0010D
(1778535293.055572) can0 02048100#4301014301010000
(1778535293.113236) can0 0000E005#15273E0003B60591
(1778535293.113828) can0 1806E5F4#13EC010003B6023A
(1778535293.114598) can0 0000E000#13EC13EC020F0000
(1778535293.115556) can0 0000E004#111103B603B601E4
(1778535293.116557) can0 0000E006#0CE00CE00CE00CE0
(1778535293.117570) can0 0000E007#0CE00CE00CE00CE0
(1778535293.118571) can0 0000E008#0CE00CE00CE00CE0
(1778535293.119565) can0 0000E009#0CE00CE00CE00CE0
(1778535293.120596) can0 0000E010#0000000000000000
(1778535293.121597) can0 0000E011#0000000000000000
(1778535293.122608) can0 0000E012#0CE0000000000000
(1778535293.123605) can0 0000F001#0000000000000000
(1778535293.124584) can0 18FF28F4#10330000020F0000
(1778535293.125571) can0 18FE28F4#0CE00CE039390000
(1778535293.126565) can0 18FD28F4#1527FA6F00000000
(1778535293.127481) can0 4D4#000033007D0F0203
(1778535293.128483) can0 4D5#E00CE00C39390000
(1778535293.129559) can0 18914010#0CE0010CE00D0000
(1778535293.130603) can0 18904010#020F0000753001FE
(1778535293.131571) can0 18FA28F4#373CA12C10270000
(1778535293.132564) can0 18FB28F4#E00CE00C39390000
(1778535293.133578) can0 18FC28F4#383300000F020000
(1778535293.134565) can0 18F810F3#0F02E80333640100
(1778535293.135590) can0 18F815F3#0000000010030000
(1778535293.136496) can0 273#000000000F023300
(1778535293.137476) can0 1E1#020F271001FE01FE
(1778535293.138534) can0 1F5#0000000000000000
(1778535293.139582) can0 0800A6A9#0000000000000000
(1778535293.140546) can0 1000A6A9#0F02881333434343
(1778535293.141578) can0 1C00A6A9#0000000000030000
(1778535293.142591) can0 02018100#1003020F00000000
(1778535293.143591) can0 02028100#0000003364000000
(1778535293.144585) can0 02038100#0CE001010CE0010D
(1778535293.145566) can0 02048100#4301014301010000
(1778535293.213243) can0 0000E005#15273E0003B60591
(1778535293.213825) can0 1806E5F4#13EC010003B6023A
(1778535293.214581) can0 0000E000#13EC13EC020F0000
(1778535293.215593) can0 0000E004#111103B603B601E4
(1778535293.216556) can0 0000E006#0CE00CE00CE00CE0
(1778535293.217553) can0 0000E007#0CE00CE00CE00CE0
(1778535293.218554) can0 0000E008#0CE00CE00CE00CE0
(1778535293.219549) can0 0000E009#0CE00CE00CE00CE0
(1778535293.220594) can0 0000E010#0000000000000000
(1778535293.221594) can0 0000E011#0000000000000000
(1778535293.222574) can0 0000E012#0CE0000000000000
(1778535293.223638) can0 0000F001#0000000000000000
(1778535293.224587) can0 18FF28F4#10330000020F0000
(1778535293.225547) can0 18FE28F4#0CE00CE039390000
(1778535293.226568) can0 18FD28F4#1527FA6F00000000
(1778535293.227480) can0 4D4#000033007D0F0203
(1778535293.228467) can0 4D5#E00CE00C39390000
(1778535293.229553) can0 18914010#0CE0010CE00D0000
(1778535293.230575) can0 18904010#020F0000753001FE
(1778535293.231555) can0 18FA28F4#373CA12C10270000
(1778535293.232549) can0 18FB28F4#E00CE00C39390000
(1778535293.233569) can0 18FC28F4#383300000F020000
(1778535293.234550) can0 18F810F3#0F02E80333640100
(1778535293.235576) can0 18F815F3#0000000010030000
(1778535293.236479) can0 273#000000000F023300
(1778535293.237472) can0 1E1#020F271001FE01FE
(1778535293.238486) can0 1F5#0000000000000000
(1778535293.239582) can0 0800A6A9#0000000000000000
(1778535293.240549) can0 1000A6A9#0F02881333434343
(1778535293.241576) can0 1C00A6A9#0000000000030000
(1778535293.242594) can0 02018100#1003020F00000000
(1778535293.243576) can0 02028100#0000003364000000
(1778535293.244569) can0 02038100#0CE001010CE0010D
(1778535293.245569) can0 02048100#4301014301010000
(1778535293.313228) can0 0000E005#15273E0003B60591
(1778535293.313821) can0 1806E5F4#13EC010003B6023A
(1778535293.314572) can0 0000E000#13EC13EC020F0000
(1778535293.315550) can0 0000E004#111103B603B601E4
(1778535293.316553) can0 0000E006#0CE00CE00CE00CE0
(1778535293.317545) can0 0000E007#0CE00CE00CE00CE0
(1778535293.318544) can0 0000E008#0CE00CE00CE00CE0
(1778535293.319540) can0 0000E009#0CE00CE00CE00CE2
(1778535293.320590) can0 0000E010#0000000000000000
(1778535293.321589) can0 0000E011#0000000000000000
(1778535293.322570) can0 0000E012#0CE0000200000000
(1778535293.323584) can0 0000F001#0000000000000000
(1778535293.324577) can0 18FF28F4#10330000020F0000
(1778535293.325545) can0 18FE28F4#0CE20CE039390000
(1778535293.326558) can0 18FD28F4#1527FA6F00000000
(1778535293.327474) can0 4D4#000033007D0F0203
(1778535293.328456) can0 4D5#E00CE20C39390000
(1778535293.329552) can0 18914010#0CE2100CE0020000
(1778535293.330565) can0 18904010#020F0000753001FE
(1778535293.331540) can0 18FA28F4#373CA12C10270000
(1778535293.332546) can0 18FB28F4#E20CE00C39390000
(1778535293.333571) can0 18FC28F4#383300000F020000
(1778535293.334539) can0 18F810F3#0F02E80333640100
(1778535293.335584) can0 18F815F3#0000000010030000
(1778535293.336470) can0 273#000000000F023300
(1778535293.337483) can0 1E1#020F271001FE01FE
(1778535293.338495) can0 1F5#0000000000000000
(1778535293.339574) can0 0800A6A9#0000000000000000
(1778535293.340540) can0 1000A6A9#0F02881333434343
(1778535293.341571) can0 1C00A6A9#0000000000030000
(1778535293.342584) can0 02018100#1003020F00000000
(1778535293.343565) can0 02028100#0000003364000000
(1778535293.344565) can0 02038100#0CE201100CE00102
(1778535293.345578) can0 02048100#4301014301010000
(1778535293.413237) can0 0000E005#15273E0003B60591
(1778535293.413811) can0 1806E5F4#13EC010003B6023A
(1778535293.414580) can0 0000E000#13EC13EC020F0000
(1778535293.415548) can0 0000E004#111103B603B601E4
(1778535293.416542) can0 0000E006#0CE00CE00CE00CE0
(1778535293.417537) can0 0000E007#0CE00CE00CE00CE0
(1778535293.418554) can0 0000E008#0CE00CE00CE00CE0
(1778535293.419535) can0 0000E009#0CE00CE00CE00CE2
(1778535293.420580) can0 0000E010#0000000000000000
(1778535293.421577) can0 0000E011#0000000000000000
(1778535293.422573) can0 0000E012#0CE0000200000000
(1778535293.423587) can0 0000F001#0000000000000000
(1778535293.424568) can0 18FF28F4#10330000020F0000
(1778535293.425536) can0 18FE28F4#0CE20CE039390000
(1778535293.426549) can0 18FD28F4#1527FA6F00000000
(1778535293.427466) can0 4D4#000033007D0F0203
(1778535293.428447) can0 4D5#E00CE20C39390000
(1778535293.429542) can0 18914010#0CE2100CE0020000
(1778535293.430587) can0 18904010#020F0000753001FE
(1778535293.431535) can0 18FA28F4#373CA12C10270000
(1778535293.432544) can0 18FB28F4#E20CE00C39390000
(1778535293.433562) can0 18FC28F4#383300000F020000
(1778535293.434548) can0 18F810F3#0F02E80333640100
(1778535293.435574) can0 18F815F3#0000000010030000
(1778535293.436479) can0 273#000000000F023300
(1778535293.437459) can0 1E1#020F271001FE01FE
(1778535293.438517) can0 1F5#0000000000000000
(1778535293.439568) can0 0800A6A9#0000000000000000
(1778535293.440523) can0 1000A6A9#0F02881333434343
(1778535293.441562) can0 1C00A6A9#0000000000030000
(1778535293.442574) can0 02018100#1003020F00000000
(1778535293.443575) can0 02028100#0000003364000000
(1778535293.444544) can0 02038100#0CE201100CE00102
(1778535293.445548) can0 02048100#4301014301010000
(1778535293.530229) can0 0000E005#15273E0003B60591
(1778535293.530808) can0 1806E5F4#13EC010003B6023A
(1778535293.531604) can0 0000E000#13EC13EC020F0000
(1778535293.532539) can0 0000E004#111103B603B601E4
(1778535293.533540) can0 0000E006#0CE00CE00CE00CE0
(1778535293.534532) can0 0000E007#0CE00CE00CE00CE0
(1778535293.535541) can0 0000E008#0CE00CE00CE00CE0
(1778535293.536546) can0 0000E009#0CE00CE00CE00CE0
(1778535293.537577) can0 0000E010#0000000000000000
(1778535293.538570) can0 0000E011#0000000000000000
(1778535293.539569) can0 0000E012#0CE0000000000000
(1778535293.540521) can0 0000E013#4542323630354C43
(1778535293.541552) can0 0000E014#3134323300000000
(1778535293.542565) can0 0000E015#0000000000000003
(1778535293.543577) can0 0000F000#0000000000000000
(1778535293.544577) can0 0000F001#0000000000000000
(1778535293.545571) can0 18FF28F4#10330000020F0000
(1778535293.546539) can0 18FE28F4#0CE00CE039390000
(1778535293.547549) can0 18FD28F4#1527FA6F00000000
(1778535293.548470) can0 4D4#000033007D0F0203
(1778535293.549450) can0 4D5#E00CE00C39390000
(1778535293.550545) can0 18914010#0CE0030CE0010000
(1778535293.551556) can0 18904010#020F0000753001FE
(1778535293.552540) can0 18FA28F4#373CA12C10270000
(1778535293.553539) can0 18FB28F4#E00CE00C39390000
(1778535293.554552) can0 18FC28F4#383300000F020000
(1778535293.555534) can0 18F810F3#0F02E80333640100
(1778535293.556546) can0 18F811F3#E00C0301E00C0101
(1778535293.557546) can0 18F812F3#3901013901010000
(1778535293.558572) can0 18F813F3#0101000000000000
(1778535293.559535) can0 18F814F3#32000F19A9015F00
(1778535293.560571) can0 18F815F3#0000000010030000
(1778535293.561470) can0 273#000000000F023300
(1778535293.562463) can0 1E1#020F271001FE01FE
(1778535293.563472) can0 1F5#0000000000000000
(1778535293.564572) can0 0800A6A9#0000000000000000
(1778535293.565533) can0 1000A6A9#0F02881333434343
(1778535293.566565) can0 1C00A6A9#0000000000030000
(1778535293.567579) can0 02018100#1003020F00000000
(1778535293.568572) can0 02028100#0000003364000000
(1778535293.569552) can0 02038100#0CE001030CE00101
(1778535293.570546) can0 02048100#4301014301010000
(1778535293.628210) can0 0000E005#15273E0003B60591
(1778535293.628805) can0 1806E5F4#13EC010003B6023A
(1778535293.629556) can0 0000E000#13EC13EC020F0000
(1778535293.630536) can0 0000E004#111103B603B601E4
(1778535293.631527) can0 0000E006#0CE00CE00CE00CE0
(1778535293.632535) can0 0000E007#0CE00CE00CE00CE0
(1778535293.633529) can0 0000E008#0CE00CE00CE00CE0
(1778535293.634528) can0 0000E009#0CE00CE00CE00CE0
(1778535293.635574) can0 0000E010#0000000000000000
(1778535293.636567) can0 0000E011#0000000000000000
(1778535293.637568) can0 0000E012#0CE0000000000000
(1778535293.638567) can0 0000F001#0000000000000000
(1778535293.639560) can0 18FF28F4#10330000020F0000
(1778535293.640530) can0 18FE28F4#0CE00CE039390000
(1778535293.641542) can0 18FD28F4#1527FA6F00000000
(1778535293.642460) can0 4D4#000033007D0F0203
(1778535293.643436) can0 4D5#E00CE00C39390000
(1778535293.644536) can0 18914010#0CE0030CE0010000
(1778535293.645567) can0 18904010#020F0000753001FE
(1778535293.646530) can0 18FA28F4#373CA12C10270000
(1778535293.647529) can0 18FB28F4#E00CE00C39390000
(1778535293.648542) can0 18FC28F4#383300000F020000
(1778535293.649523) can0 18F810F3#0F02E80333640100
(1778535293.650554) can0 18F815F3#0000000010030000
(1778535293.651446) can0 273#000000000F023300
(1778535293.652448) can0 1E1#020F271001FE01FE
(1778535293.653498) can0 1F5#0000000000000000
(1778535293.654561) can0 0800A6A9#0000000000000000
(1778535293.655520) can0 1000A6A9#0F02881333434343
(1778535293.656555) can0 1C00A6A9#0000000000030000
(1778535293.657568) can0 02018100#1003020F00000000
(1778535293.658549) can0 02028100#0000003364000000
(1778535293.659543) can0 02038100#0CE001030CE00101
(1778535293.660543) can0 02048100#4301014301010000
(1778535293.728211) can0 0000E005#15273E0003B60591
(1778535293.728802) can0 1806E5F4#13EC010003B6023A
(1778535293.729550) can0 0000E000#13EC13EC020F0000
(1778535293.730550) can0 0000E004#111103B603B601E4
(1778535293.731532) can0 0000E006#0CE00CE00CE00CE0
(1778535293.732525) can0 0000E007#0CE00CE00CE00CE0
(1778535293.733521) can0 0000E008#0CE00CE00CE00CE0
(1778535293.734526) can0 0000E009#0CE00CE00CE00CE0
(1778535293.735571) can0 0000E010#0000000000000000
(1778535293.736564) can0 0000E011#0000000000000000
(1778535293.737545) can0 0000E012#0CE0000000000000
(1778535293.738595) can0 0000F001#0000000000000000
(1778535293.739559) can0 18FF28F4#10330000020F0000
(1778535293.740526) can0 18FE28F4#0CE00CE039390000
(1778535293.741531) can0 18FD28F4#1527FA6F00000000
(1778535293.742456) can0 4D4#000033007D0F0203
(1778535293.743437) can0 4D5#E00CE00C39390000
(1778535293.744532) can0 18914010#0CE0030CE0010000
(1778535293.745537) can0 18904010#020F0000753001FE
(1778535293.746558) can0 18FA28F4#373CA12C10270000
(1778535293.747526) can0 18FB28F4#E00CE00C39390000
(1778535293.748538) can0 18FC28F4#383300000F020000
(1778535293.749520) can0 18F810F3#0F02E80333640100
(1778535293.750545) can0 18F815F3#0000000010030000
(1778535293.751450) can0 273#000000000F023300
(1778535293.752444) can0 1E1#020F271001FE01FE
(1778535293.753456) can0 1F5#0000000000000000
(1778535293.754603) can0 0800A6A9#0000000000000000
(1778535293.755521) can0 1000A6A9#0F02881333434343
(1778535293.756552) can0 1C00A6A9#0000000000030000
(1778535293.757561) can0 02018100#1003020F00000000
(1778535293.758545) can0 02028100#0000003364000000
(1778535293.759539) can0 02038100#0CE001030CE00101
(1778535293.760539) can0 02048100#4301014301010000
(1778535293.828208) can0 0000E005#15273E0003B60591
(1778535293.828798) can0 1806E5F4#13EC010003B6023A
(1778535293.829549) can0 0000E000#13EC13EC020F0000
(1778535293.830529) can0 0000E004#111103B603B601E4
(1778535293.831573) can0 0000E006#0CE00CE00CE00CE0
(1778535293.832522) can0 0000E007#0CE00CE00CE00CE0
(1778535293.833522) can0 0000E008#0CE00CE00CE00CE0
(1778535293.834516) can0 0000E009#0CE00CE00CE00CE0
(1778535293.835563) can0 0000E010#0000000000000000
(1778535293.836560) can0 0000E011#0000000000000000
(1778535293.837542) can0 0000E012#0CE0000000000000
(1778535293.838554) can0 0000F001#0000000000000000
(1778535293.839605) can0 18FF28F4#10330000020F0000
(1778535293.840522) can0 18FE28F4#0CE00CE039390000
(1778535293.841535) can0 18FD28F4#1527FA6F00000000
(1778535293.842453) can0 4D4#000033007D0F0203
(1778535293.843429) can0 4D5#E00CE00C39390000
(1778535293.844529) can0 18914010#0CE0010CE0020000
(1778535293.845541) can0 18904010#020F0000753001FE
(1778535293.846522) can0 18FA28F4#373CA12C10270000
(1778535293.847518) can0 18FB28F4#E00CE00C39390000
(1778535293.848535) can0 18FC28F4#383300000F020000
(1778535293.849516) can0 18F810F3#0F02E80333640100
(1778535293.850541) can0 18F815F3#0000000010030000
(1778535293.851447) can0 273#000000000F023300
(1778535293.852440) can0 1E1#020F271001FE01FE
(1778535293.853472) can0 1F5#0000000000000000
(1778535293.854548) can0 0800A6A9#0000000000000000
(1778535293.855513) can0 1000A6A9#0F02881333434343
(1778535293.856541) can0 1C00A6A9#0000000000030000
(1778535293.857561) can0 02018100#1003020F00000000
(1778535293.858542) can0 02028100#0000003364000000
(1778535293.859534) can0 02038100#0CE001010CE00102
(1778535293.860529) can0 02048100#4301014301010000
(1778535293.928201) can0 0000E005#15273E0003B60591
(1778535293.928795) can0 1806E5F4#13EC010003B6023A
(1778535293.929546) can0 0000E000#13EC13EC020F0000
(1778535293.930512) can0 0000E004#111103B603B601E4
(1778535293.931526) can0 0000E006#0CE00CE00CE00CE0
(1778535293.932525) can0 0000E007#0CE00CE00CE00CE0
(1778535293.933515) can0 0000E008#0CE00CE00CE00CE0
(1778535293.934519) can0 0000E009#0CE00CE00CE00CE0
(1778535293.935551) can0 0000E010#0000000000000000
(1778535293.936545) can0 0000E011#0000000000000000
(1778535293.937542) can0 0000E012#0CE0000000000000
(1778535293.938558) can0 0000F001#0000000000000000
(1778535293.939539) can0 18FF28F4#10330000020F0000
(1778535293.940519) can0 18FE28F4#0CE00CE039390000
(1778535293.941532) can0 18FD28F4#1527FA6F00000000
(1778535293.942437) can0 4D4#000033007D0F0203
(1778535293.943431) can0 4D5#E00CE00C39390000
(1778535293.944525) can0 18914010#0CE0010CE0020000
(1778535293.945522) can0 18904010#020F0000753001FE
(1778535293.946520) can0 18FA28F4#373CA12C10270000
(1778535293.947520) can0 18FB28F4#E00CE00C39390000
(1778535293.948532) can0 18FC28F4#383300000F020000
(1778535293.949512) can0 18F810F3#0F02E80333640100
(1778535293.950545) can0 18F815F3#0000000010030000
(1778535293.951443) can0 273#000000000F023300
(1778535293.952443) can0 1E1#020F271001FE01FE
(1778535293.953469) can0 1F5#0000000000000000
(1778535293.954551) can0 0800A6A9#0000000000000000
(1778535293.955500) can0 1000A6A9#0F02881333434343
(1778535293.956532) can0 1C00A6A9#0000000000030000
(1778535293.957539) can0 02018100#1003020F00000000
(1778535293.958539) can0 02028100#0000003364000000
(1778535293.959539) can0 02038100#0CE001010CE00102
(1778535293.960532) can0 02048100#4301014301010000
(1778535294.045188) can0 0000E005#15273E0003B60591
(1778535294.045779) can0 1806E5F4#13EC010003B6023A
(1778535294.046568) can0 0000E000#13EC13EC020F0000
(1778535294.047516) can0 0000E004#111103B603B601E4
(1778535294.048510) can0 0000E006#0CE00CE00CE00CE0
(1778535294.049510) can0 0000E007#0CE00CE00CE00CE0
(1778535294.050510) can0 0000E008#0CE00CE00CE00CE0
(1778535294.051504) can0 0000E009#0CE00CE00CE00CE2
(1778535294.052549) can0 0000E010#0000000000000000
(1778535294.053548) can0 0000E011#0000000000000000
(1778535294.054561) can0 0000E012#0CE1000200000000
(1778535294.055498) can0 0000E013#4542323630354C43
(1778535294.056524) can0 0000E014#3134323300000000
(1778535294.057542) can0 0000E015#0000000000000003
(1778535294.058555) can0 0000F000#0000000000000000
(1778535294.059536) can0 0000F001#0000000000000000
(1778535294.060528) can0 18FF28F4#10330000020F0000
(1778535294.061510) can0 18FE28F4#0CE20CE039390000
(1778535294.062561) can0 18FD28F4#1527FA6F00000000
(1778535294.063427) can0 4D4#000033007D0F0203
(1778535294.064405) can0 4D5#E00CE20C39390000
(1778535294.065516) can0 18914010#0CE2100CE0030000
(1778535294.066516) can0 18904010#020F0000753001FE
(1778535294.067499) can0 18FA28F4#373CA12C10270000
(1778535294.068509) can0 18FB28F4#E20CE00C39390000
(1778535294.069524) can0 18FC28F4#383300000F020000
(1778535294.070504) can0 18F810F3#0F02E80333640100
(1778535294.071524) can0 18F811F3#E20C1001E00C0301
(1778535294.072516) can0 18F812F3#3901013901010000
(1778535294.073529) can0 18F813F3#0101000000000000
(1778535294.074510) can0 18F814F3#32000F19A9015F00
(1778535294.075523) can0 18F815F3#0000000010030000
(1778535294.076420) can0 273#000000000F023300
(1778535294.077422) can0 1E1#020F271001FE01FE
(1778535294.078446) can0 1F5#0000000000000000
(1778535294.079530) can0 0800A6A9#0000000000000000
(1778535294.080486) can0 1000A6A9#0F02881333434343
(1778535294.081517) can0 1C00A6A9#0000000000030000
(1778535294.082549) can0 02018100#1003020F00000000
(1778535294.083530) can0 02028100#0000003364000000
(1778535294.084511) can0 02038100#0CE201100CE00103
(1778535294.085523) can0 02048100#4301014301010000
(1778535294.143189) can0 0000E005#15273E0003B60591
(1778535294.143783) can0 1806E5F4#13EC010003B6023A
(1778535294.144532) can0 0000E000#13EC13EC020F0000
(1778535294.145500) can0 0000E004#111103B603B601E4
(1778535294.146500) can0 0000E006#0CE00CE00CE00CE0
(1778535294.147513) can0 0000E007#0CE00CE00CE00CE0
(1778535294.148504) can0 0000E008#0CE00CE00CE00CE0
(1778535294.149487) can0 0000E009#0CE00CE00CE00CE2
(1778535294.150539) can0 0000E010#0000000000000000
(1778535294.151532) can0 0000E011#0000000000000000
(1778535294.152512) can0 0000E012#0CE1000200000000
(1778535294.153544) can0 0000F001#0000000000000000
(1778535294.154526) can0 18FF28F4#10330000020F0000
(1778535294.155508) can0 18FE28F4#0CE20CE039390000
(1778535294.156507) can0 18FD28F4#1527FA6F00000000
(1778535294.157424) can0 4D4#000033007D0F0203
(1778535294.158406) can0 4D5#E00CE20C39390000
(1778535294.159497) can0 18914010#0CE2100CE0030000
(1778535294.160513) can0 18904010#020F0000753001FE
(1778535294.161494) can0 18FA28F4#373CA12C10270000
(1778535294.162507) can0 18FB28F4#E20CE00C39390000
(1778535294.163520) can0 18FC28F4#383300000F020000
(1778535294.164500) can0 18F810F3#0F02E80333640100
(1778535294.165533) can0 18F815F3#0000000010030000
(1778535294.166431) can0 273#000000000F023300
(1778535294.167409) can0 1E1#020F271001FE01FE
(1778535294.168443) can0 1F5#0000000000000000
(1778535294.169519) can0 0800A6A9#0000000000000000
(1778535294.170488) can0 1000A6A9#0F02881333434343
(1778535294.171512) can0 1C00A6A9#0000000000030000
(1778535294.172532) can0 02018100#1003020F00000000
(1778535294.173526) can0 02028100#0000003364000000
(1778535294.174507) can0 02038100#0CE201100CE00103
(1778535294.175507) can0 02048100#4301014301010000
(1778535294.243176) can0 0000E005#15273E0003B60591
(1778535294.243779) can0 1806E5F4#13EC010003B6023A
(1778535294.244517) can0 0000E000#13EC13EC020F0000
(1778535294.245493) can0 0000E004#111103B603B601E4
(1778535294.246497) can0 0000E006#0CE00CE00CE00CE0
(1778535294.247497) can0 0000E007#0CE00CE00CE00CE0
(1778535294.248508) can0 0000E008#0CE00CE00CE00CE0
(1778535294.249483) can0 0000E009#0CE00CE00CE00CE2
(1778535294.250535) can0 0000E010#0000000000000000
(1778535294.251535) can0 0000E011#0000000000000000
(1778535294.252515) can0 0000E012#0CE1000200000000
(1778535294.253541) can0 0000F001#0000000000000000
(1778535294.254528) can0 18FF28F4#10330000020F0000
(1778535294.255491) can0 18FE28F4#0CE20CE039390000
(1778535294.256503) can0 18FD28F4#1527FA6F00000000
(1778535294.257417) can0 4D4#000033007D0F0203
(1778535294.258401) can0 4D5#E00CE20C39390000
(1778535294.259499) can0 18914010#0CE2100CE0030000
(1778535294.260509) can0 18904010#020F0000753001FE
(1778535294.261507) can0 18FA28F4#373CA12C10270000
(1778535294.262491) can0 18FB28F4#E20CE00C39390000
(1778535294.263523) can0 18FC28F4#383300000F020000
(1778535294.264503) can0 18F810F3#0F02E80333640100
(1778535294.265529) can0 18F815F3#0000000010030000
(1778535294.266433) can0 273#000000000F023300
(1778535294.267409) can0 1E1#020F271001FE01FE
(1778535294.268440) can0 1F5#0000000000000000
(1778535294.269548) can0 0800A6A9#0000000000000000
(1778535294.270484) can0 1000A6A9#0F02881333434343
(1778535294.271516) can0 1C00A6A9#0000000000030000
(1778535294.272529) can0 02018100#1003020F00000000
(1778535294.273521) can0 02028100#0000003364000000
(1778535294.274510) can0 02038100#0CE201100CE00103
(1778535294.275504) can0 02048100#4301014301010000
(1778535294.343169) can0 0000E005#15273E0003B60591
(1778535294.343782) can0 1806E5F4#13EC010003B6023A
(1778535294.344526) can0 0000E000#13EC13EC020F0000
(1778535294.345493) can0 0000E004#111103B603B601E4
(1778535294.346525) can0 0000E006#0CE00CE00CE00CE0
(1778535294.347496) can0 0000E007#0CE00CE00CE00CE0
(1778535294.348500) can0 0000E008#0CE00CE00CE00CE0
(1778535294.349481) can0 0000E009#0CE00CE00CE00CE2
(1778535294.350525) can0 0000E010#0000000000000000
(1778535294.351518) can0 0000E011#0000000000000000
(1778535294.352525) can0 0000E012#0CE0000200000000
(1778535294.353538) can0 0000F001#0000000000000000
(1778535294.354550) can0 18FF28F4#10330000020F0000
(1778535294.355500) can0 18FE28F4#0CE20CE039390000
(1778535294.356500) can0 18FD28F4#1527FA6F00000000
(1778535294.357411) can0 4D4#000033007D0F0203
(1778535294.358392) can0 4D5#E00CE20C39390000
(1778535294.359481) can0 18914010#0CE2100CE0020000
(1778535294.360499) can0 18904010#020F0000753001FE
(1778535294.361500) can0 18FA28F4#373CA12C10270000
(1778535294.362532) can0 18FB28F4#E20CE00C39390000
(1778535294.363511) can0 18FC28F4#383300000F020000
(1778535294.364493) can0 18F810F3#0F02E80333640100
(1778535294.365525) can0 18F815F3#0000000010030000
(1778535294.366424) can0 273#000000000F023300
(1778535294.367418) can0 1E1#020F271001FE01FE
(1778535294.368430) can0 1F5#0000000000000000
(1778535294.369512) can0 0800A6A9#0000000000000000
(1778535294.370525) can0 1000A6A9#0F02881333434343
(1778535294.371506) can0 1C00A6A9#0000000000030000
(1778535294.372520) can0 02018100#1003020F00000000
(1778535294.373519) can0 02028100#0000003364000000
(1778535294.374513) can0 02038100#0CE201100CE00102
(1778535294.375503) can0 02048100#4301014301010000
(1778535294.443160) can0 0000E005#15273E0003B60591
(1778535294.443785) can0 1806E5F4#13EC010003B6023A
(1778535294.444516) can0 0000E000#13EC13EC020F0000
(1778535294.445496) can0 0000E004#111103B603B601E4
(1778535294.446477) can0 0000E006#0CE00CE00CE00CE0
(1778535294.447541) can0 0000E007#0CE00CE00CE00CE0
(1778535294.448490) can0 0000E008#0CE00CE00CE00CE0
(1778535294.449485) can0 0000E009#0CE00CE00CE00CE2
(1778535294.450521) can0 0000E010#0000000000000000
(1778535294.451516) can0 0000E011#0000000000000000
(1778535294.452515) can0 0000E012#0CE0000200000000
(1778535294.453527) can0 0000F001#0000000000000000
(1778535294.454509) can0 18FF28F4#10330000020F0000
(1778535294.455491) can0 18FE28F4#0CE20CE039390000
(1778535294.456490) can0 18FD28F4#1527FA6F00000000
(1778535294.457402) can0 4D4#000033007D0F0203
(1778535294.458381) can0 4D5#E00CE20C39390000
(1778535294.459496) can0 18914010#0CE2100CE0020000
(1778535294.460497) can0 18904010#020F0000753001FE
(1778535294.461470) can0 18FA28F4#373CA12C10270000
(1778535294.462491) can0 18FB28F4#E20CE00C39390000
(1778535294.463504) can0 18FC28F4#383300000F020000
(1778535294.464484) can0 18F810F3#0F02E80333640100
(1778535294.465513) can0 18F815F3#0000000010030000
(1778535294.466414) can0 273#000000000F023300
(1778535294.467396) can0 1E1#020F271001FE01FE
(1778535294.468427) can0 1F5#0000000000000000
(1778535294.469504) can0 0800A6A9#0000000000000000
(1778535294.470471) can0 1000A6A9#0F02881333434343
(1778535294.471498) can0 1C00A6A9#0000000000030000
(1778535294.472516) can0 02018100#1003020F00000000
(1778535294.473508) can0 02028100#0000003364000000
(1778535294.474491) can0 02038100#0CE201100CE00102
(1778535294.475485) can0 02048100#4301014301010000
(1778535294.560164) can0 0000E005#15273E0003B60591
(1778535294.560788) can0 1806E5F4#13EC010003B6023A
(1778535294.561520) can0 0000E000#13EC13EC020F0000
(1778535294.562487) can0 0000E004#111103B603B601E4
(1778535294.563481) can0 0000E006#0CE00CE00CE00CE0
(1778535294.564480) can0 0000E007#0CE00CE00CE00CE0
(1778535294.565480) can0 0000E008#0CE00CE00CE00CE0
(1778535294.566474) can0 0000E009#0CE00CE00CE00CE0
(1778535294.567519) can0 0000E010#0000000000000000
(1778535294.568519) can0 0000E011#0000000000000000
(1778535294.569532) can0 0000E012#0CE0000000000000
(1778535294.570468) can0 0000E013#4542323630354C43
(1778535294.571494) can0 0000E014#3134323300000000
(1778535294.572509) can0 0000E015#0000000000000003
(1778535294.573525) can0 0000F000#0000000000000000
(1778535294.574519) can0 0000F001#0000000000000000
(1778535294.575500) can0 18FF28F4#10330000020F0000
(1778535294.576480) can0 18FE28F4#0CE00CE039390000
(1778535294.577513) can0 18FD28F4#1527FA6F00000000
(1778535294.578398) can0 4D4#000033007D0F0203
(1778535294.579393) can0 4D5#E00CE00C39390000
(1778535294.580481) can0 18914010#0CE0010CE0070000
(1778535294.581487) can0 18904010#020F0000753001FE
(1778535294.582481) can0 18FA28F4#373CA12C10270000
(1778535294.583481) can0 18FB28F4#E00CE00C39390000
(1778535294.584493) can0 18FC28F4#383300000F020000
(1778535294.585506) can0 18F810F3#0F02E80333640100
(1778535294.586488) can0 18F811F3#E00C0101E00C0701
(1778535294.587487) can0 18F812F3#3901013901010000
(1778535294.588500) can0 18F813F3#0101000000000000
(1778535294.589481) can0 18F814F3#32000F19A9015F00
(1778535294.590513) can0 18F815F3#0000000010030000
(1778535294.591411) can0 273#000000000F023300
(1778535294.592389) can0 1E1#020F271001FE01FE
(1778535294.593469) can0 1F5#0000000000000000
(1778535294.594494) can0 0800A6A9#0000000000000000
(1778535294.595462) can0 1000A6A9#0F02881333434343
(1778535294.596486) can0 1C00A6A9#0000000000030000
(1778535294.597520) can0 02018100#1003020F00000000
(1778535294.598501) can0 02028100#0000003364000000
(1778535294.599495) can0 02038100#0CE001010CE00107
(1778535294.600488) can0 02048100#4301014301010000
(1778535294.658129) can0 0000E005#15273E0003B60591
(1778535294.658791) can0 1806E5F4#13EC010003B6023A
(1778535294.659504) can0 0000E000#13EC13EC020F0000
(1778535294.660476) can0 0000E004#111103B603B601E4
(1778535294.661477) can0 0000E006#0CE00CE00CE00CE0
(1778535294.662509) can0 0000E007#0CE00CE00CE00CE0
(1778535294.663477) can0 0000E008#0CE00CE00CE00CE0
(1778535294.664465) can0 0000E009#0CE00CE00CE00CE0
(1778535294.665521) can0 0000E010#0000000000000000
(1778535294.666515) can0 0000E011#0000000000000000
(1778535294.667496) can0 0000E012#0CE0000000000000
(1778535294.668508) can0 0000F001#0000000000000000
(1778535294.669509) can0 18FF28F4#10330000020F0000
(1778535294.670521) can0 18FE28F4#0CE00CE039390000
(1778535294.671490) can0 18FD28F4#1527FA6F00000000
(1778535294.672400) can0 4D4#000033007D0F0203
(1778535294.673382) can0 4D5#E00CE00C39390000
(1778535294.674478) can0 18914010#0CE0010CE0070000
(1778535294.675490) can0 18904010#020F0000753001FE
(1778535294.676474) can0 18FA28F4#373CA12C10270000
(1778535294.677471) can0 18FB28F4#E00CE00C39390000
(1778535294.678534) can0 18FC28F4#383300000F020000
(1778535294.679466) can0 18F810F3#0F02E80333640100
(1778535294.680496) can0 18F815F3#0000000010030000
(1778535294.681395) can0 273#000000000F023300
(1778535294.682395) can0 1E1#020F271001FE01FE
(1778535294.683408) can0 1F5#0000000000000000
(1778535294.684499) can0 0800A6A9#0000000000000000
(1778535294.685464) can0 1000A6A9#0F02881333434343
(1778535294.686496) can0 1C00A6A9#0000000000030000
(1778535294.687510) can0 02018100#1003020F00000000
(1778535294.688489) can0 02028100#0000003364000000
(1778535294.689484) can0 02038100#0CE001010CE00107
(1778535294.690483) can0 02048100#4301014301010000
(1778535294.758165) can0 0000E005#15273E0003B60591
(1778535294.758794) can0 1806E5F4#13EC010003B6023A
(1778535294.759501) can0 0000E000#13EC13EC020F0000
(1778535294.760468) can0 0000E004#111103B603B601E4
(1778535294.761467) can0 0000E006#0CE00CE00CE00CE0
(1778535294.762472) can0 0000E007#0CE00CE00CE00CE0
(1778535294.763475) can0 0000E008#0CE00CE00CE00CE0
(1778535294.764473) can0 0000E009#0CE00CE00CE00CE0
(1778535294.765506) can0 0000E010#0000000000000000
(1778535294.766499) can0 0000E011#0000000000000000
(1778535294.767499) can0 0000E012#0CE0000000000000
(1778535294.768511) can0 0000F001#0000000000000000
(1778535294.769493) can0 18FF28F4#10330000020F0000
(1778535294.770473) can0 18FE28F4#0CE00CE039390000
(1778535294.771487) can0 18FD28F4#1527FA6F00000000
(1778535294.772386) can0 4D4#000033007D0F0203
(1778535294.773385) can0 4D5#E00CE00C39390000
(1778535294.774479) can0 18914010#0CE0010CE0070000
(1778535294.775481) can0 18904010#020F0000753001FE
(1778535294.776474) can0 18FA28F4#373CA12C10270000
(1778535294.777474) can0 18FB28F4#E00CE00C39390000
(1778535294.778484) can0 18FC28F4#383300000F020000
(1778535294.779468) can0 18F810F3#0F02E80333640100
(1778535294.780499) can0 18F815F3#0000000010030000
(1778535294.781398) can0 273#000000000F023300
(1778535294.782392) can0 1E1#020F271001FE01FE
(1778535294.783412) can0 1F5#0000000000000000
(1778535294.784500) can0 0800A6A9#0000000000000000
(1778535294.785449) can0 1000A6A9#0F02881333434343
(1778535294.786479) can0 1C00A6A9#0000000000030000
(1778535294.787512) can0 02018100#1003020F00000000
(1778535294.788493) can0 02028100#0000003364000000
(1778535294.789487) can0 02038100#0CE001010CE00107
(1778535294.790477) can0 02048100#4301014301010000
(1778535294.858157) can0 0000E005#15273E0003B60591
(1778535294.858738) can0 1806E5F4#13EC010003B6023A
(1778535294.859496) can0 0000E000#13EC13EC020F0000
(1778535294.860458) can0 0000E004#111103B603B601E4
(1778535294.861476) can0 0000E006#0CE00CE00CE00CE0
(1778535294.862470) can0 0000E007#0CE00CE00CE00CE0
(1778535294.863470) can0 0000E008#0CE00CE00CE00CE0
(1778535294.864466) can0 0000E009#0CE00CE00CE00CE2
(1778535294.865496) can0 0000E010#0000000000000000
(1778535294.866495) can0 0000E011#0000000000000000
(1778535294.867478) can0 0000E012#0CE1000100000000
(1778535294.868501) can0 0000F001#0000000000000000
(1778535294.869502) can0 18FF28F4#10330000020F0000
(1778535294.870471) can0 18FE28F4#0CE20CE039390000
(1778535294.871484) can0 18FD28F4#1527FA6F00000000
(1778535294.872382) can0 4D4#000033007D0F0203
(1778535294.873362) can0 4D5#E00CE20C39390000
(1778535294.874477) can0 18914010#0CE2100CE0010000
(1778535294.875471) can0 18904010#020F0000753001FE
(1778535294.876462) can0 18FA28F4#373CA12C10270000
(1778535294.877484) can0 18FB28F4#E20CE00C39390000
(1778535294.878483) can0 18FC28F4#383300000F020000
(1778535294.879457) can0 18F810F3#0F02E80333640100
(1778535294.880490) can0 18F815F3#0000000010030000
(1778535294.881395) can0 273#000000000F023300
(1778535294.882376) can0 1E1#020F271001FE01FE
(1778535294.883407) can0 1F5#0000000000000000
(1778535294.884484) can0 0800A6A9#0000000000000000
(1778535294.885478) can0 1000A6A9#0F02881333434343
(1778535294.886477) can0 1C00A6A9#0000000000030000
(1778535294.887490) can0 02018100#1003020F00000000
(1778535294.888490) can0 02028100#0000003364000000
(1778535294.889471) can0 02038100#0CE201100CE00101
(1778535294.890465) can0 02048100#4301014301010000
(1778535294.958115) can0 0000E005#15273E0003B60591
(1778535294.958707) can0 1806E5F4#13EC010003B6023A
(1778535294.959480) can0 0000E000#13EC13EC020F0000
(1778535294.960461) can0 0000E004#111103B603B601E4
(1778535294.961460) can0 0000E006#0CE00CE00CE00CE0
(1778535294.962492) can0 0000E007#0CE00CE00CE00CE0
(1778535294.963454) can0 0000E008#0CE00CE00CE00CE0
(1778535294.964454) can0 0000E009#0CE00CE00CE00CE2
(1778535294.965492) can0 0000E010#0000000000000000
(1778535294.966499) can0 0000E011#0000000000000000
(1778535294.967480) can0 0000E012#0CE1000100000000
(1778535294.968492) can0 0000F001#0000000000000000
(1778535294.969482) can0 18FF28F4#10330000020F0000
(1778535294.970486) can0 18FE28F4#0CE20CE039390000
(1778535294.971468) can0 18FD28F4#1527FA6F00000000
(1778535294.972384) can0 4D4#000033007D0F0203
(1778535294.973365) can0 4D5#E00CE20C39390000
(1778535294.974462) can0 18914010#0CE2100CE0010000
(1778535294.975475) can0 18904010#020F0000753001FE
(1778535294.976455) can0 18FA28F4#373CA12C10270000
(1778535294.977447) can0 18FB28F4#E20CE00C39390000
(1778535294.978518) can0 18FC28F4#383300000F020000
(1778535294.979449) can0 18F810F3#0F02E80333640100
(1778535294.980480) can0 18F815F3#0000000010030000
(1778535294.981375) can0 273#000000000F023300
(1778535294.982378) can0 1E1#020F271001FE01FE
(1778535294.983392) can0 1F5#0000000000000000
(1778535294.984486) can0 0800A6A9#0000000000000000
(1778535294.985448) can0 1000A6A9#0F02881333434343
(1778535294.986481) can0 1C00A6A9#0000000000030000
(1778535294.987494) can0 02018100#1003020F00000000
(1778535294.988474) can0 02028100#0000003364000000
(1778535294.989470) can0 02038100#0CE201100CE00101
(1778535294.990468) can0 02048100#4301014301010000
(1778535295.075128) can0 0000E005#15273E0003B60591
(1778535295.075720) can0 1806E5F4#13EC010003B6023A
(1778535295.076470) can0 0000E000#13EC13EC020F0000
(1778535295.077452) can0 0000E004#111103B603B601E4
(1778535295.078452) can0 0000E006#0CE00CE00CE00CE0
(1778535295.079451) can0 0000E007#0CE00CE00CE00CE0
(1778535295.080445) can0 0000E008#0CE00CE00CE00CE0
(1778535295.081445) can0 0000E009#0CE00CE00CE00CE2
(1778535295.082489) can0 0000E010#0000000000000000
(1778535295.083490) can0 0000E011#0000000000000000
(1778535295.084466) can0 0000E012#0CE0000200000000
(1778535295.085432) can0 0000E013#4542323630354C43
(1778535295.086464) can0 0000E014#3134323300000000
(1778535295.087477) can0 0000E015#0000000000000003
(1778535295.088486) can0 0000F000#0000000000000000
(1778535295.089490) can0 0000F001#0000000000000000
(1778535295.090471) can0 18FF28F4#10330000020F0000
(1778535295.091453) can0 18FE28F4#0CE20CE039390000
(1778535295.092464) can0 18FD28F4#1527FA6F00000000
(1778535295.093369) can0 4D4#000033007D0F0203
(1778535295.094350) can0 4D5#E00CE20C39390000
(1778535295.095459) can0 18914010#0CE2100CE0030000
(1778535295.096451) can0 18904010#020F0000753001FE
(1778535295.097452) can0 18FA28F4#373CA12C10270000
(1778535295.098452) can0 18FB28F4#E20CE00C39390000
(1778535295.099465) can0 18FC28F4#383300000F020000
(1778535295.100463) can0 18F810F3#0F02E80333640100
(1778535295.101458) can0 18F811F3#E20C1001E00C0301
(1778535295.102458) can0 18F812F3#3901013901010000
(1778535295.103471) can0 18F813F3#0101000000000000
(1778535295.104452) can0 18F814F3#32000F19A9015F00
(1778535295.105484) can0 18F815F3#0000000010030000
(1778535295.106382) can0 273#000000000F023300
(1778535295.107364) can0 1E1#020F271001FE01FE
(1778535295.108404) can0 1F5#0000000000000000
(1778535295.109471) can0 0800A6A9#0000000000000000
(1778535295.110433) can0 1000A6A9#0F02881333434343
(1778535295.111459) can0 1C00A6A9#0000000000030000
(1778535295.112486) can0 02018100#1003020F00000000
(1778535295.113471) can0 02028100#0000003364000000
(1778535295.114465) can0 02038100#0CE201100CE00103
(1778535295.115465) can0 02048100#4301014301010000
(1778535295.173087) can0 0000E005#15273E0003B60591
(1778535295.173671) can0 1806E5F4#13EC010003B6023A
(1778535295.174473) can0 0000E000#13EC13EC020F0000
(1778535295.175442) can0 0000E004#111103B603B601E4
(1778535295.176453) can0 0000E006#0CE00CE00CE00CE0
(1778535295.177455) can0 0000E007#0CE00CE00CE00CE0
(1778535295.178448) can0 0000E008#0CE00CE00CE00CE0
(1778535295.179429) can0 0000E009#0CE00CE00CE00CE2
(1778535295.180473) can0 0000E010#0000000000000000
(1778535295.181473) can0 0000E011#0000000000000000
(1778535295.182473) can0 0000E012#0CE0000200000000
(1778535295.183487) can0 0000F001#0000000000000000
(1778535295.184467) can0 18FF28F4#10330000020F0000
(1778535295.185467) can0 18FE28F4#0CE20CE039390000
(1778535295.186461) can0 18FD28F4#1527FA6F00000000
(1778535295.187365) can0 4D4#000033007D0F0203
(1778535295.188339) can0 4D5#E00CE20C39390000
(1778535295.189442) can0 18914010#0CE2100CE0030000
(1778535295.190455) can0 18904010#020F0000753001FE
(1778535295.191455) can0 18FA28F4#373CA12C10270000
(1778535295.192442) can0 18FB28F4#E20CE00C39390000
(1778535295.193493) can0 18FC28F4#383300000F020000
(1778535295.194442) can0 18F810F3#0F02E80333640100
(1778535295.195475) can0 18F815F3#0000000010030000
(1778535295.196372) can0 273#000000000F023300
(1778535295.197353) can0 1E1#020F271001FE01FE
(1778535295.198385) can0 1F5#0000000000000000
(1778535295.199467) can0 0800A6A9#0000000000000000
(1778535295.200423) can0 1000A6A9#0F02881333434343
(1778535295.201505) can0 1C00A6A9#0000000000030000
(1778535295.202474) can0 02018100#1003020F00000000
(1778535295.203468) can0 02028100#0000003364000000
(1778535295.204449) can0 02038100#0CE201100CE00103
(1778535295.205448) can0 02048100#4301014301010000
(1778535295.273121) can0 0000E005#15273E0003B60591
(1778535295.273712) can0 1806E5F4#13EC010003B6023A
(1778535295.274464) can0 0000E000#13EC13EC020F0000
(1778535295.275445) can0 0000E004#111103B603B601E4
(1778535295.276444) can0 0000E006#0CE00CE00CE00CE0
(1778535295.277444) can0 0000E007#0CE00CE00CE00CE0
(1778535295.278486) can0 0000E008#0CE00CE00CE00CE0
(1778535295.279438) can0 0000E009#0CE00CE00CE00CE2
(1778535295.280482) can0 0000E010#0000000000000000
(1778535295.281482) can0 0000E011#0000000000000000
(1778535295.282460) can0 0000E012#0CE0000200000000
(1778535295.283477) can0 0000F001#0000000000000000
(1778535295.284476) can0 18FF28F4#10330000020F0000
(1778535295.285438) can0 18FE28F4#0CE20CE039390000
(1778535295.286502) can0 18FD28F4#1527FA6F00000000
(1778535295.287369) can0 4D4#000033007D0F0203
(1778535295.288349) can0 4D5#E00CE20C39390000
(1778535295.289445) can0 18914010#0CE2100CE0030000
(1778535295.290457) can0 18904010#020F0000753001FE
(1778535295.291439) can0 18FA28F4#373CA12C10270000
(1778535295.292438) can0 18FB28F4#E20CE00C39390000
(1778535295.293451) can0 18FC28F4#383300000F020000
(1778535295.294429) can0 18F810F3#0F02E80333640100
(1778535295.295464) can0 18F815F3#0000000010030000
(1778535295.296363) can0 273#000000000F023300
(1778535295.297363) can0 1E1#020F271001FE01FE
(1778535295.298376) can0 1F5#0000000000000000
(1778535295.299471) can0 0800A6A9#0000000000000000
(1778535295.300432) can0 1000A6A9#0F02881333434343
(1778535295.301464) can0 1C00A6A9#0000000000030000
(1778535295.302472) can0 02018100#1003020F00000000
(1778535295.303458) can0 02028100#0000003364000000
(1778535295.304458) can0 02038100#0CE201100CE00103
(1778535295.305451) can0 02048100#4301014301010000
(1778535295.373104) can0 0000E005#15273E0003B60591
(1778535295.373715) can0 1806E5F4#13EC010003B6023A
(1778535295.374453) can0 0000E000#13EC13EC020F0000
(1778535295.375435) can0 0000E004#111103B603B601E4
(1778535295.376434) can0 0000E006#0CE00CE00CE00CE0
(1778535295.377428) can0 0000E007#0CE00CE00CE00CE0
(1778535295.378428) can0 0000E008#0CE00CE00CE00CE0
(1778535295.379442) can0 0000E009#0CE00CE00CE00CE0
(1778535295.380466) can0 0000E010#0000000000000000
(1778535295.381467) can0 0000E011#0000000000000000
(1778535295.382453) can0 0000E012#0CE0000000000000
(1778535295.383467) can0 0000F001#0000000000000000
(1778535295.384455) can0 18FF28F4#10330000020F0000
(1778535295.385429) can0 18FE28F4#0CE00CE039390000
(1778535295.386441) can0 18FD28F4#1527FA6F00000000
(1778535295.387359) can0 4D4#000033007D0F0203
(1778535295.388339) can0 4D5#E00CE00C39390000
(1778535295.389447) can0 18914010#0CE0010CE0020000
(1778535295.390447) can0 18904010#020F0000753001FE
(1778535295.391429) can0 18FA28F4#373CA12C10270000
(1778535295.392424) can0 18FB28F4#E00CE00C39390000
(1778535295.393454) can0 18FC28F4#383300000F020000
(1778535295.394422) can0 18F810F3#0F02E80333640100
(1778535295.395468) can0 18F815F3#0000000010030000
(1778535295.396349) can0 273#000000000F023300
(1778535295.397346) can0 1E1#020F271001FE01FE
(1778535295.398378) can0 1F5#0000000000000000
(1778535295.399454) can0 0800A6A9#0000000000000000
(1778535295.400423) can0 1000A6A9#0F02881333434343
(1778535295.401454) can0 1C00A6A9#0000000000030000
(1778535295.402467) can0 02018100#1003020F00000000
(1778535295.403449) can0 02028100#0000003364000000
(1778535295.404436) can0 02038100#0CE001010CE00102
(1778535295.405442) can0 02048100#4301014301010000
(1778535295.473064) can0 0000E005#15273E0003B60591
(1778535295.473655) can0 1806E5F4#13EC010003B6023A
(1778535295.474451) can0 0000E000#13EC13EC020F0000
(1778535295.475438) can0 0000E004#111103B603B601E4
(1778535295.476437) can0 0000E006#0CE00CE00CE00CE0
(1778535295.477450) can0 0000E007#0CE00CE00CE00CE0
(1778535295.478431) can0 0000E008#0CE00CE00CE00CE0
(1778535295.479425) can0 0000E009#0CE00CE00CE00CE0
(1778535295.480476) can0 0000E010#0000000000000000
(1778535295.481456) can0 0000E011#0000000000000000
(1778535295.482446) can0 0000E012#0CE0000000000000
(1778535295.483464) can0 0000F001#0000000000000000
(1778535295.484445) can0 18FF28F4#10330000020F0000
(1778535295.485444) can0 18FE28F4#0CE00CE039390000
(1778535295.486436) can0 18FD28F4#1527FA6F00000000
(1778535295.487344) can0 4D4#000033007D0F0203
(1778535295.488343) can0 4D5#E00CE00C39390000
(1778535295.489438) can0 18914010#0CE0010CE0020000
(1778535295.490451) can0 18904010#020F0000753001FE
(1778535295.491432) can0 18FA28F4#373CA12C10270000
(1778535295.492425) can0 18FB28F4#E00CE00C39390000
(1778535295.493476) can0 18FC28F4#383300000F020000
(1778535295.494417) can0 18F810F3#0F02E80333640100
(1778535295.495451) can0 18F815F3#0000000010030000
(1778535295.496356) can0 273#000000000F023300
(1778535295.497349) can0 1E1#020F271001FE01FE
(1778535295.498360) can0 1F5#0000000000000000
(1778535295.499458) can0 0800A6A9#0000000000000000
(1778535295.500426) can0 1000A6A9#0F02881333434343
(1778535295.501489) can0 1C00A6A9#0000000000030000
(1778535295.502470) can0 02018100#1003020F00000000
(1778535295.503452) can0 02028100#0000003364000000
(1778535295.504445) can0 02038100#0CE001010CE00102
(1778535295.505445) can0 02048100#4301014301010000
(1778535295.590092) can0 0000E005#15273E0003B60591
(1778535295.590704) can0 1806E5F4#13EC010003B6023A
(1778535295.591441) can0 0000E000#13EC13EC020F0000
(1778535295.592422) can0 0000E004#111103B603B601E4
(1778535295.593416) can0 0000E006#0CE00CE00CE00CE0
(1778535295.594415) can0 0000E007#0CE00CE00CE00CE0
(1778535295.595429) can0 0000E008#0CE00CE00CE00CE0
(1778535295.596429) can0 0000E009#0CE00CE00CE00CE0
(1778535295.597460) can0 0000E010#0000000000000000
(1778535295.598454) can0 0000E011#0000000000000000
(1778535295.599454) can0 0000E012#0CE0000000000000
(1778535295.600403) can0 0000E013#4542323630354C43
(1778535295.601428) can0 0000E014#3134323300000000
(1778535295.602448) can0 0000E015#0000000000000003
(1778535295.603461) can0 0000F000#0000000000000000
(1778535295.604461) can0 0000F001#0000000000000000
(1778535295.605439) can0 18FF28F4#10330000020F0000
(1778535295.606423) can0 18FE28F4#0CE00CE039390000
(1778535295.607437) can0 18FD28F4#1527FA6F00000000
(1778535295.608334) can0 4D4#000033007D0F0203
(1778535295.609334) can0 4D5#E00CE00C39390000
(1778535295.610429) can0 18914010#0CE0020CE0010000
(1778535295.611442) can0 18904010#020F0000753001FE
(1778535295.612423) can0 18FA28F4#373CA12C10270000
(1778535295.613419) can0 18FB28F4#E00CE00C39390000
(1778535295.614435) can0 18FC28F4#383300000F020000
(1778535295.615417) can0 18F810F3#0F02E80333640100
(1778535295.616429) can0 18F811F3#E00C0201E00C0101
(1778535295.617423) can0 18F812F3#3901013901010000
(1778535295.618461) can0 18F813F3#0101000000000000
(1778535295.619424) can0 18F814F3#32000F19A9015F00
(1778535295.620455) can0 18F815F3#0000000010030000
(1778535295.621353) can0 273#000000000F023300
(1778535295.622334) can0 1E1#020F271001FE01FE
(1778535295.623360) can0 1F5#0000000000000000
(1778535295.624443) can0 0800A6A9#0000000000000000
(1778535295.625404) can0 1000A6A9#0F02881333434343
(1778535295.626430) can0 1C00A6A9#0000000000030000
(1778535295.627457) can0 02018100#1003020F00000000
(1778535295.628440) can0 02028100#0000003364000000
(1778535295.629437) can0 02038100#0CE001020CE00101
(1778535295.630436) can0 02048100#4301014301010000
(1778535295.688064) can0 0000E005#15273E0003B60591
(1778535295.688649) can0 1806E5F4#13EC010003B6023A
(1778535295.689438) can0 0000E000#13EC13EC020F0000
(1778535295.690418) can0 0000E004#111103B603B601E4
(1778535295.691419) can0 0000E006#0CE00CE00CE00CE0
(1778535295.692408) can0 0000E007#0CE00CE00CE00CE0
(1778535295.693413) can0 0000E008#0CE00CE00CE00CE0
(1778535295.694426) can0 0000E009#0CE00CE00CE00CE0
(1778535295.695457) can0 0000E010#0000000000000000
(1778535295.696450) can0 0000E011#0000000000000000
(1778535295.697438) can0 0000E012#0CE0000000000000
(1778535295.698451) can0 0000F001#0000000000000000
(1778535295.699444) can0 18FF28F4#10330000020F0000
(1778535295.700432) can0 18FE28F4#0CE00CE039390000
(1778535295.701426) can0 18FD28F4#1527FA6F00000000
(1778535295.702343) can0 4D4#000033007D0F0203
(1778535295.703324) can0 4D5#E00CE00C39390000
(1778535295.704431) can0 18914010#0CE0020CE0010000
(1778535295.705431) can0 18904010#020F0000753001FE
(1778535295.706413) can0 18FA28F4#373CA12C10270000
(1778535295.707413) can0 18FB28F4#E00CE00C39390000
(1778535295.708442) can0 18FC28F4#383300000F020000
(1778535295.709406) can0 18F810F3#0F02E80333640100
(1778535295.710438) can0 18F815F3#0000000010030000
(1778535295.711337) can0 273#000000000F023300
(1778535295.712337) can0 1E1#020F271001FE01FE
(1778535295.713364) can0 1F5#0000000000000000
(1778535295.714445) can0 0800A6A9#0000000000000000
(1778535295.715408) can0 1000A6A9#0F02881333434343
(1778535295.716454) can0 1C00A6A9#0000000000030000
(1778535295.717451) can0 02018100#1003020F00000000
(1778535295.718432) can0 02028100#0000003364000000
(1778535295.719433) can0 02038100#0CE001020CE00101
(1778535295.720427) can0 02048100#4301014301010000
(1778535295.788094) can0 0000E005#15273E0003B60591
(1778535295.788683) can0 1806E5F4#13EC010003B6023A
(1778535295.789441) can0 0000E000#13EC13EC020F0000
(1778535295.790422) can0 0000E004#111103B603B601E4
(1778535295.791415) can0 0000E006#0CE00CE00CE00CE0
(1778535295.792416) can0 0000E007#0CE00CE00CE00CE0
(1778535295.793428) can0 0000E008#0CE00CE00CE00CE0
(1778535295.794403) can0 0000E009#0CE00CE00CE00CE0
(1778535295.795441) can0 0000E010#0000000000000000
(1778535295.796435) can0 0000E011#0000000000000000
(1778535295.797434) can0 0000E012#0CE0000000000000
(1778535295.798445) can0 0000F001#0000000000000000
(1778535295.799429) can0 18FF28F4#10330000020F0000
(1778535295.800409) can0 18FE28F4#0CE00CE039390000
(1778535295.801460) can0 18FD28F4#1527FA6F00000000
(1778535295.802327) can0 4D4#000033007D0F0203
(1778535295.803321) can0 4D5#E00CE00C39390000
(1778535295.804434) can0 18914010#0CE0020CE0010000
(1778535295.805416) can0 18904010#020F0000753001FE
(1778535295.806410) can0 18FA28F4#373CA12C10270000
(1778535295.807410) can0 18FB28F4#E00CE00C39390000
(1778535295.808423) can0 18FC28F4#383300000F020000
(1778535295.809435) can0 18F810F3#0F02E80333640100
(1778535295.810430) can0 18F815F3#0000000010030000
(1778535295.811334) can0 273#000000000F023300
(1778535295.812336) can0 1E1#020F271001FE01FE
(1778535295.813347) can0 1F5#0000000000000000
(1778535295.814429) can0 0800A6A9#0000000000000000
(1778535295.815392) can0 1000A6A9#0F02881333434343
(1778535295.816423) can0 1C00A6A9#0000000000030000
(1778535295.817486) can0 02018100#1003020F00000000
(1778535295.818426) can0 02028100#0000003364000000
(1778535295.819430) can0 02038100#0CE001020CE00101
(1778535295.820410) can0 02048100#4301014301010000
(1778535295.888081) can0 0000E005#15273E0003B60591
(1778535295.888676) can0 1806E5F4#13EC010003B6023A
(1778535295.889437) can0 0000E000#13EC13EC020F0000
(1778535295.890406) can0 0000E004#111103B603B601E4
(1778535295.891401) can0 0000E006#0CE00CE00CE00CE0
(1778535295.892401) can0 0000E007#0CE00CE00CE00CE0
(1778535295.893413) can0 0000E008#0CE00CE00CE00CE0
(1778535295.894444) can0 0000E009#0CE00CE00CE00CE2
(1778535295.895438) can0 0000E010#0000000000000000
(1778535295.896437) can0 0000E011#0000000000000000
(1778535295.897418) can0 0000E012#0CE0000200000000
(1778535295.898450) can0 0000F001#0000000000000000
(1778535295.899431) can0 18FF28F4#10330000020F0000
(1778535295.900395) can0 18FE28F4#0CE20CE039390000
(1778535295.901413) can0 18FD28F4#1527FA6F00000000
(1778535295.902329) can0 4D4#000033007D0F0203
(1778535295.903311) can0 4D5#E00CE20C39390000
(1778535295.904406) can0 18914010#0CE2100CE0010000
(1778535295.905419) can0 18904010#020F0000753001FE
(1778535295.906400) can0 18FA28F4#373CA12C10270000
(1778535295.907394) can0 18FB28F4#E20CE00C39390000
(1778535295.908421) can0 18FC28F4#383300000F020000
(1778535295.909394) can0 18F810F3#0F02E80333640100
(1778535295.910438) can0 18F815F3#0000000010030000
(1778535295.911324) can0 273#000000000F023300
(1778535295.912319) can0 1E1#020F271001FE01FE
(1778535295.913349) can0 1F5#0000000000000000
(1778535295.914425) can0 0800A6A9#0000000000000000
(1778535295.915394) can0 1000A6A9#0F02881333434343
(1778535295.916425) can0 1C00A6A9#0000000000030000
(1778535295.917439) can0 02018100#1003020F00000000
(1778535295.918420) can0 02028100#0000003364000000
(1778535295.919414) can0 02038100#0CE201100CE00101
(1778535295.920407) can0 02048100#4301014301010000
(1778535295.988028) can0 0000E005#15273E0003B60591
(1778535295.988613) can0 1806E5F4#13EC010003B6023A
(1778535295.989421) can0 0000E000#13EC13EC020F0000
(1778535295.990398) can0 0000E004#111103B603B601E4
(1778535295.991397) can0 0000E006#0CE00CE00CE00CE0
(1778535295.992396) can0 0000E007#0CE00CE00CE00CE0
(1778535295.993413) can0 0000E008#0CE00CE00CE00CE0
(1778535295.994391) can0 0000E009#0CE00CE00CE00CE2
(1778535295.995436) can0 0000E010#0000000000000000
(1778535295.996434) can0 0000E011#0000000000000000
(1778535295.997415) can0 0000E012#0CE0000200000000
(1778535295.998424) can0 0000F001#0000000000000000
(1778535295.999429) can0 18FF28F4#10330000020F0000
(1778535296.000390) can0 18FE28F4#0CE20CE039390000
(1778535296.001409) can0 18FD28F4#1527FA6F00000000
(1778535296.002321) can0 4D4#000033007D0F0203
(1778535296.003308) can0 4D5#E00CE20C39390000
(1778535296.004396) can0 18914010#0CE2100CE0010000
(1778535296.005415) can0 18904010#020F0000753001FE
(1778535296.006397) can0 18FA28F4#373CA12C10270000
(1778535296.007392) can0 18FB28F4#E20CE00C39390000
(1778535296.008422) can0 18FC28F4#383300000F020000
(1778535296.009390) can0 18F810F3#0F02E80333640100
(1778535296.010432) can0 18F815F3#0000000010030000
(1778535296.011321) can0 273#000000000F023300
(1778535296.012314) can0 1E1#020F271001FE01FE
(1778535296.013346) can0 1F5#0000000000000000
(1778535296.014421) can0 0800A6A9#0000000000000000
(1778535296.015391) can0 1000A6A9#0F02881333434343
(1778535296.016435) can0 1C00A6A9#0000000000030000
(1778535296.017435) can0 02018100#1003020F00000000
(1778535296.018415) can0 02028100#0000003364000000
(1778535296.019409) can0 02038100#0CE201100CE00101
(1778535296.020410) can0 02048100#4301014301010000
(1778535296.105058) can0 0000E005#15273E0003B60591
(1778535296.105638) can0 1806E5F4#13EC010003B6023A
(1778535296.106418) can0 0000E000#13EC13EC020F0000
(1778535296.107399) can0 0000E004#111103B603B601E4
(1778535296.108393) can0 0000E006#0CE00CE00CE00CE0
(1778535296.109424) can0 0000E007#0CE00CE00CE00CE0
(1778535296.110393) can0 0000E008#0CE00CE00CE00CE0
(1778535296.111387) can0 0000E009#0CE00CE00CE00CE2
(1778535296.112432) can0 0000E010#0000000000000000
(1778535296.113431) can0 0000E011#0000000000000000
(1778535296.114412) can0 0000E012#0CE0000200000000
(1778535296.115381) can0 0000E013#4542323630354C43
(1778535296.116405) can0 0000E014#3134323300000000
(1778535296.117465) can0 0000E015#0000000000000003
(1778535296.118438) can0 0000F000#0000000000000000
(1778535296.119431) can0 0000F001#0000000000000000
(1778535296.120413) can0 18FF28F4#10330000020F0000
(1778535296.121394) can0 18FE28F4#0CE20CE039390000
(1778535296.122413) can0 18FD28F4#1527FA6F00000000
(1778535296.123311) can0 4D4#000033007D0F0203
(1778535296.124292) can0 4D5#E00CE20C39390000
(1778535296.125438) can0 18914010#0CE2100CE0020000
(1778535296.126399) can0 18904010#020F0000753001FE
(1778535296.127400) can0 18FA28F4#373CA12C10270000
(1778535296.128394) can0 18FB28F4#E20CE00C39390000
(1778535296.129405) can0 18FC28F4#383300000F020000
(1778535296.130394) can0 18F810F3#0F02E80333640100
(1778535296.131407) can0 18F811F3#E20C1001E00C0201
(1778535296.132400) can0 18F812F3#3901013901010000
(1778535296.133410) can0 18F813F3#0101000000000000
(1778535296.134401) can0 18F814F3#32000F19A9015F00
(1778535296.135414) can0 18F815F3#0000000010030000
(1778535296.136311) can0 273#000000000F023300
(1778535296.137305) can0 1E1#020F271001FE01FE
(1778535296.138337) can0 1F5#0000000000000000
(1778535296.139413) can0 0800A6A9#0000000000000000
(1778535296.140381) can0 1000A6A9#0F02881333434343
(1778535296.141406) can0 1C00A6A9#0000000000030000
(1778535296.142420) can0 02018100#1003020F00000000
(1778535296.143414) can0 02028100#0000003364000000
(1778535296.144413) can0 02038100#0CE201100CE00102
(1778535296.145402) can0 02048100#4301014301010000
(1778535296.203066) can0 0000E005#15273E0003B60591
(1778535296.203652) can0 1806E5F4#13EC010003B6023A
(1778535296.204409) can0 0000E000#13EC13EC020F0000
(1778535296.205390) can0 0000E004#111103B603B601E4
(1778535296.206390) can0 0000E006#0CE00CE00CE00CE0
(1778535296.207384) can0 0000E007#0CE00CE00CE00CE0
(1778535296.208383) can0 0000E008#0CE00CE00CE00CE0
(1778535296.209378) can0 0000E009#0CE00CE00CE00CE2
(1778535296.210427) can0 0000E010#0000000000000000
(1778535296.211429) can0 0000E011#0000000000000000
(1778535296.212409) can0 0000E012#0CE0000200000000
(1778535296.213423) can0 0000F001#0000000000000000
(1778535296.214417) can0 18FF28F4#10330000020F0000
(1778535296.215385) can0 18FE28F4#0CE20CE039390000
(1778535296.216396) can0 18FD28F4#1527FA6F00000000
(1778535296.217313) can0 4D4#000033007D0F0203
(1778535296.218294) can0 4D5#E00CE20C39390000
(1778535296.219390) can0 18914010#0CE2100CE0020000
(1778535296.220403) can0 18904010#020F0000753001FE
(1778535296.221378) can0 18FA28F4#373CA12C10270000
(1778535296.222384) can0 18FB28F4#E20CE00C39390000
(1778535296.223396) can0 18FC28F4#383300000F020000
(1778535296.224378) can0 18F810F3#0F02E80333640100
(1778535296.225404) can0 18F815F3#0000000010030000
(1778535296.226308) can0 273#000000000F023300
(1778535296.227308) can0 1E1#020F271001FE01FE
(1778535296.228321) can0 1F5#0000000000000000
(1778535296.229416) can0 0800A6A9#0000000000000000
(1778535296.230377) can0 1000A6A9#0F02881333434343
(1778535296.231410) can0 1C00A6A9#0000000000030000
(1778535296.232422) can0 02018100#1003020F00000000
(1778535296.233400) can0 02028100#0000003364000000
(1778535296.234403) can0 02038100#0CE201100CE00102
(1778535296.235397) can0 02048100#4301014301010000
(1778535296.303070) can0 0000E005#15273E0003B60591
(1778535296.303654) can0 1806E5F4#13EC010003B6023A
(1778535296.304413) can0 0000E000#13EC13EC020F0000
(1778535296.305379) can0 0000E004#111103B603B601E4
(1778535296.306379) can0 0000E006#0CE00CE00CE00CE0
(1778535296.307374) can0 0000E007#0CE00CE00CE00CE0
(1778535296.308386) can0 0000E008#0CE00CE00CE00CE0
(1778535296.309367) can0 0000E009#0CE00CE00CE00CE2
(1778535296.310418) can0 0000E010#0000000000000000
(1778535296.311410) can0 0000E011#0000000000000000
(1778535296.312392) can0 0000E012#0CE0000200000000
(1778535296.313424) can0 0000F001#0000000000000000
(1778535296.314405) can0 18FF28F4#10330000020F0000
(1778535296.315370) can0 18FE28F4#0CE20CE039390000
(1778535296.316399) can0 18FD28F4#1527FA6F00000000
(1778535296.317304) can0 4D4#000033007D0F0203
(1778535296.318285) can0 4D5#E00CE20C39390000
(1778535296.319380) can0 18914010#0CE2100CE0020000
(1778535296.320393) can0 18904010#020F0000753001FE
(1778535296.321373) can0 18FA28F4#373CA12C10270000
(1778535296.322367) can0 18FB28F4#E20CE00C39390000
(1778535296.323397) can0 18FC28F4#383300000F020000
(1778535296.324400) can0 18F810F3#0F02E80333640100
(1778535296.325412) can0 18F815F3#0000000010030000
(1778535296.326311) can0 273#000000000F023300
(1778535296.327293) can0 1E1#020F271001FE01FE
(1778535296.328323) can0 1F5#0000000000000000
(1778535296.329399) can0 0800A6A9#0000000000000000
(1778535296.330368) can0 1000A6A9#0F02881333434343
(1778535296.331400) can0 1C00A6A9#0000000000030000
(1778535296.332444) can0 02018100#1003020F00000000
(1778535296.333406) can0 02028100#0000003364000000
(1778535296.334387) can0 02038100#0CE201100CE00102
(1778535296.335387) can0 02048100#4301014301010000
(1778535296.403066) can0 0000E005#15273E0003B60591
(1778535296.403658) can0 1806E5F4#13EC010003B6023A
(1778535296.404394) can0 0000E000#13EC13EC020F0000
(1778535296.405376) can0 0000E004#111103B603B601E4
(1778535296.406376) can0 0000E006#0CE00CE00CE00CE0
(1778535296.407371) can0 0000E007#0CE00CE00CE00CE0
(1778535296.408370) can0 0000E008#0CE00CE00CE00CE0
(1778535296.409402) can0 0000E009#0CE00CE00CE00CE2
(1778535296.410415) can0 0000E010#0000000000000000
(1778535296.411416) can0 0000E011#0000000000000000
(1778535296.412391) can0 0000E012#0CE0000200000000
(1778535296.413408) can0 0000F001#0000000000000000
(1778535296.414408) can0 18FF28F4#10330000020F0000
(1778535296.415371) can0 18FE28F4#0CE20CE039390000
(1778535296.416380) can0 18FD28F4#1527FA6F00000000
(1778535296.417332) can0 4D4#000033007D0F0203
(1778535296.418281) can0 4D5#E00CE20C39390000
(1778535296.419377) can0 18914010#0CE2100CE0020000
(1778535296.420389) can0 18904010#020F0000753001FE
(1778535296.421371) can0 18FA28F4#373CA12C10270000
(1778535296.422370) can0 18FB28F4#E20CE00C39390000
(1778535296.423402) can0 18FC28F4#383300000F020000
(1778535296.424361) can0 18F810F3#0F02E80333640100
(1778535296.425447) can0 18F815F3#0000000010030000
(1778535296.426294) can0 273#000000000F023300
(1778535296.427295) can0 1E1#020F271001FE01FE
(1778535296.428319) can0 1F5#0000000000000000
(1778535296.429402) can0 0800A6A9#0000000000000000
(1778535296.430371) can0 1000A6A9#0F02881333434343
(1778535296.431397) can0 1C00A6A9#0000000000030000
(1778535296.432409) can0 02018100#1003020F00000000
(1778535296.433441) can0 02028100#0000003364000000
(1778535296.434390) can0 02038100#0CE201100CE00102
(1778535296.435390) can0 02048100#4301014301010000
(1778535296.503044) can0 0000E005#15273E0003B60591
(1778535296.503655) can0 1806E5F4#13EC010003B6023A
(1778535296.504392) can0 0000E000#13EC13EC020F0000
(1778535296.505373) can0 0000E004#111103B603B601E4
(1778535296.506366) can0 0000E006#0CE00CE00CE00CE0
(1778535296.507374) can0 0000E007#0CE00CE00CE00CE0
(1778535296.508366) can0 0000E008#0CE00CE00CE00CE0
(1778535296.509367) can0 0000E009#0CE00CE00CE00CE2
(1778535296.510411) can0 0000E010#0000000000000000
(1778535296.511411) can0 0000E011#0000000000000000
(1778535296.512392) can0 0000E012#0CE0000200000000
(1778535296.513405) can0 0000F001#0000000000000000
(1778535296.514401) can0 18FF28F4#10330000020F0000
(1778535296.515367) can0 18FE28F4#0CE20CE039390000
(1778535296.516380) can0 18FD28F4#1527FA6F00000000
(1778535296.517297) can0 4D4#000033007D0F0203
(1778535296.518275) can0 4D5#E00CE20C39390000
(1778535296.519374) can0 18914010#0CE2100CE0020000
(1778535296.520386) can0 18904010#020F0000753001FE
(1778535296.521367) can0 18FA28F4#373CA12C10270000
(1778535296.522367) can0 18FB28F4#E20CE00C39390000
(1778535296.523380) can0 18FC28F4#383300000F020000
(1778535296.524361) can0 18F810F3#0F02E80333640100
(1778535296.525393) can0 18F815F3#0000000010030000
(1778535296.526288) can0 273#000000000F023300
(1778535296.527291) can0 1E1#020F271001FE01FE
(1778535296.528304) can0 1F5#0000000000000000
(1778535296.529399) can0 0800A6A9#0000000000000000
(1778535296.530359) can0 1000A6A9#0F02881333434343
(1778535296.531393) can0 1C00A6A9#0000000000030000
(1778535296.532405) can0 02018100#1003020F00000000
(1778535296.533393) can0 02028100#0000003364000000
(1778535296.534386) can0 02038100#0CE201100CE00102
(1778535296.535381) can0 02048100#4301014301010000
(1778535296.620009) can0 0000E005#15273E0003B60591
(1778535296.620600) can0 1806E5F4#13EC010003B6023A
(1778535296.621382) can0 0000E000#13EC13EC020F0000
(1778535296.622370) can0 0000E004#111103B603B601E4
(1778535296.623365) can0 0000E006#0CE00CE00CE00CE0
(1778535296.624383) can0 0000E007#0CE00CE00CE00CE0
(1778535296.625355) can0 0000E008#0CE00CE00CE00CE0
(1778535296.626358) can0 0000E009#0CE00CE00CE00CE2
(1778535296.627409) can0 0000E010#0000000000000000
(1778535296.628389) can0 0000E011#0000000000000000
(1778535296.629383) can0 0000E012#0CE1000200000000
(1778535296.630351) can0 0000E013#4542323630354C43
(1778535296.631383) can0 0000E014#3134323300000000
(1778535296.632408) can0 0000E015#0000000000000003
(1778535296.633390) can0 0000F000#0000000000000000
(1778535296.634390) can0 0000F001#0000000000000000
(1778535296.635390) can0 18FF28F4#10330000020F0000
(1778535296.636351) can0 18FE28F4#0CE20CE039390000
(1778535296.637363) can0 18FD28F4#1527FA6F00000000
(1778535296.638281) can0 4D4#000033007D0F0203
(1778535296.639262) can0 4D5#E00CE20C39390000
(1778535296.640390) can0 18914010#0CE2100CE00F0000
(1778535296.641371) can0 18904010#020F0000753001FE
(1778535296.642358) can0 18FA28F4#373CA12C10270000
(1778535296.643352) can0 18FB28F4#E20CE00C39390000
(1778535296.644383) can0 18FC28F4#383300000F020000
(1778535296.645345) can0 18F810F3#0F02E80333640100
(1778535296.646365) can0 18F811F3#E20C1001E00C0F01
(1778535296.647358) can0 18F812F3#3901013901010000
(1778535296.648422) can0 18F813F3#0101000000000000
(1778535296.649355) can0 18F814F3#32000F19A9015F00
(1778535296.650384) can0 18F815F3#0000000010030000
(1778535296.651289) can0 273#000000000F023300
(1778535296.652282) can0 1E1#020F271001FE01FE
(1778535296.653295) can0 1F5#0000000000000000
(1778535296.654391) can0 0800A6A9#0000000000000000
(1778535296.655354) can0 1000A6A9#0F02881333434343
(1778535296.656427) can0 1C00A6A9#0000000000030000
(1778535296.657390) can0 02018100#1003020F00000000
(1778535296.658371) can0 02028100#0000003364000000
(1778535296.659371) can0 02038100#0CE201100CE0010F
(1778535296.660365) can0 02048100#4301014301010000
(1778535296.718037) can0 0000E005#15273E0003B60591
(1778535296.718629) can0 1806E5F4#13EC010003B6023A
(1778535296.719380) can0 0000E000#13EC13EC020F0000
(1778535296.720361) can0 0000E004#111103B603B601E4
(1778535296.721360) can0 0000E006#0CE00CE00CE00CE0
(1778535296.722360) can0 0000E007#0CE00CE00CE00CE0
(1778535296.723354) can0 0000E008#0CE00CE00CE00CE0
(1778535296.724354) can0 0000E009#0CE00CE00CE00CE2
(1778535296.725430) can0 0000E010#0000000000000000
(1778535296.726399) can0 0000E011#0000000000000000
(1778535296.727379) can0 0000E012#0CE1000200000000
(1778535296.728392) can0 0000F001#0000000000000000
(1778535296.729373) can0 18FF28F4#10330000020F0000
(1778535296.730354) can0 18FE28F4#0CE20CE039390000
(1778535296.731373) can0 18FD28F4#1527FA6F00000000
(1778535296.732272) can0 4D4#000033007D0F0203
(1778535296.733316) can0 4D5#E00CE20C39390000
(1778535296.734361) can0 18914010#0CE2100CE00F0000
(1778535296.735380) can0 18904010#020F0000753001FE
(1778535296.736360) can0 18FA28F4#373CA12C10270000
(1778535296.737354) can0 18FB28F4#E20CE00C39390000
(1778535296.738368) can0 18FC28F4#383300000F020000
(1778535296.739355) can0 18F810F3#0F02E80333640100
(1778535296.740380) can0 18F815F3#0000000010030000
(1778535296.741281) can0 273#000000000F023300
(1778535296.742278) can0 1E1#020F271001FE01FE
(1778535296.743291) can0 1F5#0000000000000000
(1778535296.744387) can0 0800A6A9#0000000000000000
(1778535296.745355) can0 1000A6A9#0F02881333434343
(1778535296.746368) can0 1C00A6A9#0000000000030000
(1778535296.747400) can0 02018100#1003020F00000000
(1778535296.748380) can0 02028100#0000003364000000
(1778535296.749355) can0 02038100#0CE201100CE0010F
(1778535296.750373) can0 02048100#4301014301010000
(1778535296.818043) can0 0000E005#15273E0003B60591
(1778535296.818625) can0 1806E5F4#13EC010003B6023A
(1778535296.819376) can0 0000E000#13EC13EC020F0000
(1778535296.820344) can0 0000E004#111103B603B601E4
(1778535296.821363) can0 0000E006#0CE00CE00CE00CE0
(1778535296.822358) can0 0000E007#0CE00CE00CE00CE0
(1778535296.823357) can0 0000E008#0CE00CE00CE00CE0
(1778535296.824357) can0 0000E009#0CE00CE00CE00CE2
(1778535296.825382) can0 0000E010#0000000000000000
(1778535296.826382) can0 0000E011#0000000000000000
(1778535296.827359) can0 0000E012#0CE1000200000000
(1778535296.828395) can0 0000F001#0000000000000000
(1778535296.829377) can0 18FF28F4#10330000020F0000
(1778535296.830358) can0 18FE28F4#0CE20CE039390000
(1778535296.831353) can0 18FD28F4#1527FA6F00000000
(1778535296.832269) can0 4D4#000033007D0F0203
(1778535296.833255) can0 4D5#E00CE20C39390000
(1778535296.834345) can0 18914010#0CE2100CE00F0000
(1778535296.835365) can0 18904010#020F0000753001FE
(1778535296.836344) can0 18FA28F4#373CA12C10270000
(1778535296.837358) can0 18FB28F4#E20CE00C39390000
(1778535296.838370) can0 18FC28F4#383300000F020000
(1778535296.839351) can0 18F810F3#0F02E80333640100
(1778535296.840382) can0 18F815F3#0000000010030000
(1778535296.841282) can0 273#000000000F023300
(1778535296.842262) can0 1E1#020F271001FE01FE
(1778535296.843293) can0 1F5#0000000000000000
(1778535296.844371) can0 0800A6A9#0000000000000000
(1778535296.845338) can0 1000A6A9#0F02881333434343
(1778535296.846370) can0 1C00A6A9#0000000000030000
(1778535296.847402) can0 02018100#1003020F00000000
(1778535296.848383) can0 02028100#0000003364000000
(1778535296.849359) can0 02038100#0CE201100CE0010F
(1778535296.850358) can0 02048100#4301014301010000
(1778535296.879154) can0 00000E00#00354C4331343233
(1778535296.918031) can0 0000E005#15273E0003B60591
(1778535296.918616) can0 1806E5F4#13EC010003B6023A
(1778535296.919367) can0 0000E000#13EC13EC020F0000
(1778535296.920348) can0 0000E004#111103B603B601E4
(1778535296.921348) can0 0000E006#0CE00CE00CE00CE0
(1778535296.922341) can0 0000E007#0CE00CE00CE00CE0
(1778535296.923354) can0 0000E008#0CE00CE00CE00CE0
(1778535296.924353) can0 0000E009#0CE00CE00CE00CE0
(1778535296.925379) can0 0000E010#0000000000000000
(1778535296.926379) can0 0000E011#0000000000000000
(1778535296.927379) can0 0000E012#0CE0000000000000
(1778535296.928383) can0 0000F001#0000000000000000
(1778535296.929373) can0 18FF28F4#10330000020F0000
(1778535296.930354) can0 18FE28F4#0CE00CE039390000
(1778535296.931354) can0 18FD28F4#1527FA6F00000000
(1778535296.932280) can0 4D4#000033007D0F0203
(1778535296.933246) can0 4D5#E00CE00C39390000
(1778535296.934360) can0 18914010#0CE0020CE0010000
(1778535296.935354) can0 18904010#020F0000753001FE
(1778535296.936341) can0 18FA28F4#373CA12C10270000
(1778535296.937354) can0 18FB28F4#E00CE00C39390000
(1778535296.938366) can0 18FC28F4#383300000F020000
(1778535296.939348) can0 18F810F3#0F02E80333640100
(1778535296.940391) can0 18F815F3#0000000010030000
(1778535296.941278) can0 273#000000000F023300
(1778535296.942259) can0 1E1#020F271001FE01FE
(1778535296.943291) can0 1F5#0000000000000000
(1778535296.944365) can0 0800A6A9#0000000000000000
(1778535296.945335) can0 1000A6A9#0F02881333434343
(1778535296.946360) can0 1C00A6A9#0000000000030000
(1778535296.947380) can0 02018100#1003020F00000000
(1778535296.948405) can0 02028100#0000003364000000
(1778535296.949354) can0 02038100#0CE001020CE00101
(1778535296.950354) can0 02048100#4301014301010000
(1778535297.018027) can0 0000E005#15273E0003B60591
(1778535297.018608) can0 1806E5F4#13EC010003B6023A
(1778535297.019369) can0 0000E000#13EC13EC020F0000
(1778535297.020350) can0 0000E004#111103B603B601E4
(1778535297.021350) can0 0000E006#0CE00CE00CE00CE0
(1778535297.022343) can0 0000E007#0CE00CE00CE00CE0
(1778535297.023344) can0 0000E008#0CE00CE00CE00CE0
(1778535297.024344) can0 0000E009#0CE00CE00CE00CE0
(1778535297.025407) can0 0000E010#0000000000000000
(1778535297.026370) can0 0000E011#0000000000000000
(1778535297.027371) can0 0000E012#0CE0000000000000
(1778535297.028383) can0 0000F001#0000000000000000
(1778535297.029363) can0 18FF28F4#10330000020F0000
(1778535297.030341) can0 18FE28F4#0CE00CE039390000
(1778535297.031357) can0 18FD28F4#1527FA6F00000000
(1778535297.032262) can0 4D4#000033007D0F0203
(1778535297.033287) can0 4D5#E00CE00C39390000
(1778535297.034352) can0 18914010#0CE0020CE0010000
(1778535297.035351) can0 18904010#020F0000753001FE
(1778535297.036332) can0 18FA28F4#373CA12C10270000
(1778535297.037344) can0 18FB28F4#E00CE00C39390000
(1778535297.038357) can0 18FC28F4#383300000F020000
(1778535297.039339) can0 18F810F3#0F02E80333640100
(1778535297.040369) can0 18F815F3#0000000010030000
(1778535297.041319) can0 273#000000000F023300
(1778535297.042250) can0 1E1#020F271001FE01FE
(1778535297.043281) can0 1F5#0000000000000000
(1778535297.044364) can0 0800A6A9#0000000000000000
(1778535297.045325) can0 1000A6A9#0F02881333434343
(1778535297.046351) can0 1C00A6A9#0000000000030000
(1778535297.047370) can0 02018100#1003020F00000000
(1778535297.048351) can0 02028100#0000003364000000
(1778535297.049351) can0 02038100#0CE001020CE00101
(1778535297.050344) can0 02048100#4301014301010000
(1778535297.134960) can0 0000E005#15273E0003B60591
(1778535297.135565) can0 1806E5F4#13EC010003B6023A
(1778535297.136353) can0 0000E000#13EC13EC020F0000
(1778535297.137333) can0 0000E004#111103B603B601E4
(1778535297.138334) can0 0000E006#0CE00CE00CE00CE0
(1778535297.139329) can0 0000E007#0CE00CE00CE00CE0
(1778535297.140324) can0 0000E008#0CE00CE00CE00CE0
(1778535297.141328) can0 0000E009#0CE00CE00CE00CE2
(1778535297.142372) can0 0000E010#0000000000000000
(1778535297.143367) can0 0000E011#0000000000000000
(1778535297.144347) can0 0000E012#0CE1000200000000
(1778535297.145316) can0 0000E013#4542323630354C43
(1778535297.146347) can0 0000E014#3134323300000000
(1778535297.147361) can0 0000E015#0000000000000003
(1778535297.148366) can0 0000F000#0000000000000000
(1778535297.149373) can0 0000F001#0000000000000000
(1778535297.150353) can0 18FF28F4#10330000020F0000
(1778535297.151335) can0 18FE28F4#0CE20CE039390000
(1778535297.152347) can0 18FD28F4#1527FA6F00000000
(1778535297.153246) can0 4D4#000033007D0F0203
(1778535297.154246) can0 4D5#E00CE20C39390000
(1778535297.155342) can0 18914010#0CE2100CE0020000
(1778535297.156342) can0 18904010#020F0000753001FE
(1778535297.157335) can0 18FA28F4#373CA12C10270000
(1778535297.158335) can0 18FB28F4#E20CE00C39390000
(1778535297.159349) can0 18FC28F4#383300000F020000
(1778535297.160321) can0 18F810F3#0F02E80333640100
(1778535297.161342) can0 18F811F3#E20C1001E00C0201
(1778535297.162341) can0 18F812F3#3901013901010000
(1778535297.163386) can0 18F813F3#0101000000000000
(1778535297.164333) can0 18F814F3#32000F19A9015F00
(1778535297.165367) can0 18F815F3#0000000010030000
(1778535297.166265) can0 273#000000000F023300
(1778535297.167247) can0 1E1#020F271001FE01FE
(1778535297.168272) can0 1F5#0000000000000000
(1778535297.169347) can0 0800A6A9#0000000000000000
(1778535297.170316) can0 1000A6A9#0F02881333434343
(1778535297.171374) can0 1C00A6A9#0000000000030000
(1778535297.172367) can0 02018100#1003020F00000000
(1778535297.173355) can0 02028100#0000003364000000
(1778535297.174348) can0 02038100#0CE201100CE00102
(1778535297.175343) can0 02048100#4301014301010000
(1778535297.233006) can0 0000E005#15273E0003B60591
(1778535297.233598) can0 1806E5F4#13EC010003B6023A
(1778535297.234357) can0 0000E000#13EC13EC020F0000
(1778535297.235337) can0 0000E004#111103B603B601E4
(1778535297.236331) can0 0000E006#0CE00CE00CE00CE0
(1778535297.237331) can0 0000E007#0CE00CE00CE00CE0
(1778535297.238331) can0 0000E008#0CE00CE00CE00CE0
(1778535297.239325) can0 0000E009#0CE00CE00CE00CE2
(1778535297.240384) can0 0000E010#0000000000000000
(1778535297.241356) can0 0000E011#0000000000000000
(1778535297.242350) can0 0000E012#0CE1000200000000
(1778535297.243364) can0 0000F001#0000000000000000
(1778535297.244343) can0 18FF28F4#10330000020F0000
(1778535297.245331) can0 18FE28F4#0CE20CE039390000
(1778535297.246344) can0 18FD28F4#1527FA6F00000000
(1778535297.247242) can0 4D4#000033007D0F0203
(1778535297.248255) can0 4D5#E00CE20C39390000
(1778535297.249337) can0 18914010#0CE2100CE0020000
(1778535297.250350) can0 18904010#020F0000753001FE
(1778535297.251332) can0 18FA28F4#373CA12C10270000
(1778535297.252324) can0 18FB28F4#E20CE00C39390000
(1778535297.253344) can0 18FC28F4#383300000F020000
(1778535297.254325) can0 18F810F3#0F02E80333640100
(1778535297.255351) can0 18F815F3#0000000010030000
(1778535297.256281) can0 273#000000000F023300
(1778535297.257249) can0 1E1#020F271001FE01FE
(1778535297.258262) can0 1F5#0000000000000000
(1778535297.259357) can0 0800A6A9#0000000000000000
(1778535297.260325) can0 1000A6A9#0F02881333434343
(1778535297.261337) can0 1C00A6A9#0000000000030000
(1778535297.262369) can0 02018100#1003020F00000000
(1778535297.263351) can0 02028100#0000003364000000
(1778535297.264370) can0 02038100#0CE201100CE00102
(1778535297.265339) can0 02048100#4301014301010000
(1778535297.333010) can0 0000E005#15273E0003B60591
(1778535297.333596) can0 1806E5F4#13EC010003B6023A
(1778535297.334345) can0 0000E000#13EC13EC020F0000
(1778535297.335316) can0 0000E004#111103B603B601E4
(1778535297.336333) can0 0000E006#0CE00CE00CE00CE0
(1778535297.337328) can0 0000E007#0CE00CE00CE00CE0
(1778535297.338328) can0 0000E008#0CE00CE00CE00CE0
(1778535297.339328) can0 0000E009#0CE00CE00CE00CE2
(1778535297.340352) can0 0000E010#0000000000000000
(1778535297.341403) can0 0000E011#0000000000000000
(1778535297.342328) can0 0000E012#0CE1000200000000
(1778535297.343366) can0 0000F001#0000000000000000
(1778535297.344347) can0 18FF28F4#10330000020F0000
(1778535297.345328) can0 18FE28F4#0CE20CE039390000
(1778535297.346337) can0 18FD28F4#1527FA6F00000000
(1778535297.347239) can0 4D4#000033007D0F0203
(1778535297.348220) can0 4D5#E00CE20C39390000
(1778535297.349379) can0 18914010#0CE2100CE0020000
(1778535297.350328) can0 18904010#020F0000753001FE
(1778535297.351328) can0 18FA28F4#373CA12C10270000
(1778535297.352328) can0 18FB28F4#E20CE00C39390000
(1778535297.353340) can0 18FC28F4#383300000F020000
(1778535297.354319) can0 18F810F3#0F02E80333640100
(1778535297.355348) can0 18F815F3#0000000010030000
(1778535297.356252) can0 273#000000000F023300
(1778535297.357246) can0 1E1#020F271001FE01FE
(1778535297.358261) can0 1F5#0000000000000000
(1778535297.359355) can0 0800A6A9#0000000000000000
(1778535297.360303) can0 1000A6A9#0F02881333434343
(1778535297.361335) can0 1C00A6A9#0000000000030000
(1778535297.362347) can0 02018100#1003020F00000000
(1778535297.363348) can0 02028100#0000003364000000
(1778535297.364341) can0 02038100#0CE201100CE00102
(1778535297.365322) can0 02048100#4301014301010000
(1778535297.433003) can0 0000E005#15273E0003B60591
(1778535297.433594) can0 1806E5F4#13EC010003B6023A
(1778535297.434350) can0 0000E000#13EC13EC020F0000
(1778535297.435331) can0 0000E004#111103B603B601E4
(1778535297.436325) can0 0000E006#0CE00CE00CE00CE0
(1778535297.437324) can0 0000E007#0CE00CE00CE00CE0
(1778535297.438324) can0 0000E008#0CE00CE00CE00CE0
(1778535297.439319) can0 0000E009#0CE00CE00CE00CE0
(1778535297.440350) can0 0000E010#0000000000000000
(1778535297.441349) can0 0000E011#0000000000000000
(1778535297.442344) can0 0000E012#0CE1000000000000
(1778535297.443356) can0 0000F001#0000000000000000
(1778535297.444338) can0 18FF28F4#10330000020F0000
(1778535297.445318) can0 18FE28F4#0CE00CE039390000
(1778535297.446338) can0 18FD28F4#1527FA6F00000000
(1778535297.447236) can0 4D4#000033007D0F0203
(1778535297.448226) can0 4D5#E00CE00C39390000
(1778535297.449331) can0 18914010#0CE0010CE0010000
(1778535297.450324) can0 18904010#020F0000753001FE
(1778535297.451325) can0 18FA28F4#373CA12C10270000
(1778535297.452318) can0 18FB28F4#E00CE00C39390000
(1778535297.453338) can0 18FC28F4#383300000F020000
(1778535297.454319) can0 18F810F3#0F02E80333640100
(1778535297.455345) can0 18F815F3#0000000010030000
(1778535297.456239) can0 273#000000000F023300
(1778535297.457229) can0 1E1#020F271001FE01FE
(1778535297.458255) can0 1F5#0000000000000000
(1778535297.459338) can0 0800A6A9#0000000000000000
(1778535297.460295) can0 1000A6A9#0F02881333434343
(1778535297.461331) can0 1C00A6A9#0000000000030000
(1778535297.462344) can0 02018100#1003020F00000000
(1778535297.463357) can0 02028100#0000003364000000
(1778535297.464338) can0 02038100#0CE001010CE00101
(1778535297.465337) can0 02048100#4301014301010000
(1778535297.532997) can0 0000E005#15273E0003B60591
(1778535297.533589) can0 1806E5F4#13EC010003B6023A
(1778535297.534339) can0 0000E000#13EC13EC020F0000
(1778535297.535309) can0 0000E004#111103B603B601E4
(1778535297.536321) can0 0000E006#0CE00CE00CE00CE0
(1778535297.537315) can0 0000E007#0CE00CE00CE00CE0
(1778535297.538312) can0 0000E008#0CE00CE00CE00CE0
(1778535297.539315) can0 0000E009#0CE00CE00CE00CE0
(1778535297.540359) can0 0000E010#0000000000000000
(1778535297.541340) can0 0000E011#0000000000000000
(1778535297.542321) can0 0000E012#0CE1000000000000
(1778535297.543353) can0 0000F001#0000000000000000
(1778535297.544334) can0 18FF28F4#10330000020F0000
(1778535297.545315) can0 18FE28F4#0CE00CE039390000
(1778535297.546311) can0 18FD28F4#1527FA6F00000000
(1778535297.547232) can0 4D4#000033007D0F0203
(1778535297.548245) can0 4D5#E00CE00C39390000
(1778535297.549321) can0 18914010#0CE0010CE0010000
(1778535297.550313) can0 18904010#020F0000753001FE
(1778535297.551302) can0 18FA28F4#373CA12C10270000
(1778535297.552315) can0 18FB28F4#E00CE00C39390000
(1778535297.553328) can0 18FC28F4#383300000F020000
(1778535297.554309) can0 18F810F3#0F02E80333640100
(1778535297.555341) can0 18F815F3#0000000010030000
(1778535297.556258) can0 273#000000000F023300
(1778535297.557220) can0 1E1#020F271001FE01FE
(1778535297.558249) can0 1F5#0000000000000000
(1778535297.559329) can0 0800A6A9#0000000000000000
(1778535297.560296) can0 1000A6A9#0F02881333434343
(1778535297.561328) can0 1C00A6A9#0000000000030000
(1778535297.562337) can0 02018100#1003020F00000000
(1778535297.563335) can0 02028100#0000003364000000
(1778535297.564366) can0 02038100#0CE001010CE00101
(1778535297.565315) can0 02048100#4301014301010000
(1778535297.649976) can0 0000E005#15273E0003B60591
(1778535297.650579) can0 1806E5F4#13EC010003B6023A
(1778535297.651339) can0 0000E000#13EC13EC020F0000
(1778535297.652299) can0 0000E004#111103B603B601E4
(1778535297.653298) can0 0000E006#0CE00CE00CE00CE0
(1778535297.654311) can0 0000E007#0CE00CE00CE00CE0
(1778535297.655312) can0 0000E008#0CE00CE00CE00CE0
(1778535297.656312) can0 0000E009#0CE00CE00CE00CE0
(1778535297.657332) can0 0000E010#0000000000000000
(1778535297.658337) can0 0000E011#0000000000000000
(1778535297.659331) can0 0000E012#0CE0000000000000
(1778535297.660280) can0 0000E013#4542323630354C43
(1778535297.661312) can0 0000E014#3134323300000000
(1778535297.662324) can0 0000E015#0000000000000003
(1778535297.663338) can0 0000F000#0000000000000000
(1778535297.664337) can0 0000F001#0000000000000000
(1778535297.665328) can0 18FF28F4#10330000020F0000
(1778535297.666299) can0 18FE28F4#0CE00CE039390000
(1778535297.667319) can0 18FD28F4#1527FA6F00000000
(1778535297.668229) can0 4D4#000033007D0F0203
(1778535297.669209) can0 4D5#E00CE00C39390000
(1778535297.670305) can0 18914010#0CE0030CE0010000
(1778535297.671319) can0 18904010#020F0000753001FE
(1778535297.672306) can0 18FA28F4#373CA12C10270000
(1778535297.673299) can0 18FB28F4#E00CE00C39390000
(1778535297.674312) can0 18FC28F4#383300000F020000
(1778535297.675294) can0 18F810F3#0F02E80333640100
(1778535297.676312) can0 18F811F3#E00C0301E00C0101
(1778535297.677306) can0 18F812F3#3901013901010000
(1778535297.678339) can0 18F813F3#0101000000000000
(1778535297.679306) can0 18F814F3#32000F19A9015F00
(1778535297.680331) can0 18F815F3#0000000010030000
(1778535297.681225) can0 273#000000000F023300
(1778535297.682211) can0 1E1#020F271001FE01FE
(1778535297.683242) can0 1F5#0000000000000000
(1778535297.684332) can0 0800A6A9#0000000000000000
(1778535297.685299) can0 1000A6A9#0F02881333434343
(1778535297.686325) can0 1C00A6A9#0000000000030000
(1778535297.687338) can0 02018100#1003020F00000000
(1778535297.688319) can0 02028100#0000003364000000
(1778535297.689315) can0 02038100#0CE001030CE00101
(1778535297.690313) can0 02048100#4301014301010000
(1778535297.747986) can0 0000E005#15273E0003B60591
(1778535297.748576) can0 1806E5F4#13EC010003B6023A
(1778535297.749327) can0 0000E000#13EC13EC020F0000
(1778535297.750295) can0 0000E004#111103B603B601E4
(1778535297.751308) can0 0000E006#0CE00CE00CE00CE0
(1778535297.752308) can0 0000E007#0CE00CE00CE00CE0
(1778535297.753302) can0 0000E008#0CE00CE00CE00CE0
(1778535297.754301) can0 0000E009#0CE00CE00CE00CE0
(1778535297.755334) can0 0000E010#0000000000000000
(1778535297.756327) can0 0000E011#0000000000000000
(1778535297.757324) can0 0000E012#0CE0000000000000
(1778535297.758340) can0 0000F001#0000000000000000
(1778535297.759321) can0 18FF28F4#10330000020F0000
(1778535297.760302) can0 18FE28F4#0CE00CE039390000
(1778535297.761296) can0 18FD28F4#1527FA6F00000000
(1778535297.762219) can0 4D4#000033007D0F0203
(1778535297.763213) can0 4D5#E00CE00C39390000
(1778535297.764309) can0 18914010#0CE0030CE0010000
(1778535297.765309) can0 18904010#020F0000753001FE
(1778535297.766289) can0 18FA28F4#373CA12C10270000
(1778535297.767302) can0 18FB28F4#E00CE00C39390000
(1778535297.768315) can0 18FC28F4#383300000F020000
(1778535297.769294) can0 18F810F3#0F02E80333640100
(1778535297.770328) can0 18F815F3#0000000010030000
(1778535297.771245) can0 273#000000000F023300
(1778535297.772214) can0 1E1#020F271001FE01FE
(1778535297.773237) can0 1F5#0000000000000000
(1778535297.774321) can0 0800A6A9#0000000000000000
(1778535297.775284) can0 1000A6A9#0F02881333434343
(1778535297.776315) can0 1C00A6A9#0000000000030000
(1778535297.777328) can0 02018100#1003020F00000000
(1778535297.778328) can0 02028100#0000003364000000
(1778535297.779341) can0 02038100#0CE001030CE00101
(1778535297.780303) can0 02048100#4301014301010000
(1778535297.847980) can0 0000E005#15273E0003B60591
(1778535297.848569) can0 1806E5F4#13EC010003B6023A
(1778535297.849323) can0 0000E000#13EC13EC020F0000
(1778535297.850292) can0 0000E004#111103B603B601E4
(1778535297.851301) can0 0000E006#0CE00CE00CE00CE0
(1778535297.852305) can0 0000E007#0CE00CE00CE00CE0
(1778535297.853298) can0 0000E008#0CE00CE00CE00CE0
(1778535297.854298) can0 0000E009#0CE00CE00CE00CE0
(1778535297.855331) can0 0000E010#0000000000000000
(1778535297.856356) can0 0000E011#0000000000000000
(1778535297.857324) can0 0000E012#0CE0000000000000
(1778535297.858336) can0 0000F001#0000000000000000
(1778535297.859318) can0 18FF28F4#10330000020F0000
(1778535297.860299) can0 18FE28F4#0CE00CE039390000
(1778535297.861295) can0 18FD28F4#1527FA6F00000000
(1778535297.862208) can0 4D4#000033007D0F0203
(1778535297.863210) can0 4D5#E00CE00C39390000
(1778535297.864337) can0 18914010#0CE0030CE0010000
(1778535297.865305) can0 18904010#020F0000753001FE
(1778535297.866286) can0 18FA28F4#373CA12C10270000
(1778535297.867300) can0 18FB28F4#E00CE00C39390000
(1778535297.868312) can0 18FC28F4#383300000F020000
(1778535297.869293) can0 18F810F3#0F02E80333640100
(1778535297.870320) can0 18F815F3#0000000010030000
(1778535297.871223) can0 273#000000000F023300
(1778535297.872255) can0 1E1#020F271001FE01FE
(1778535297.873236) can0 1F5#0000000000000000
(1778535297.874315) can0 0800A6A9#0000000000000000
(1778535297.875280) can0 1000A6A9#0F02881333434343
(1778535297.876312) can0 1C00A6A9#0000000000030000
(1778535297.877325) can0 02018100#1003020F00000000
(1778535297.878325) can0 02028100#0000003364000000
(1778535297.879319) can0 02038100#0CE001030CE00101
(1778535297.880350) can0 02048100#4301014301010000
(1778535297.947972) can0 0000E005#15273E0003B60591
(1778535297.948552) can0 1806E5F4#13EC010003B6023A
(1778535297.949358) can0 0000E000#13EC13EC020F0000
(1778535297.950295) can0 0000E004#111103B603B601E4
(1778535297.951295) can0 0000E006#0CE00CE00CE00CE0
(1778535297.952287) can0 0000E007#0CE00CE00CE00CE0
(1778535297.953288) can0 0000E008#0CE00CE00CE00CE0
(1778535297.954282) can0 0000E009#0CE00CE00CE00CE0
(1778535297.955333) can0 0000E010#0000000000000000
(1778535297.956314) can0 0000E011#0000000000000000
(1778535297.957359) can0 0000E012#0CE0000000000000
(1778535297.958320) can0 0000F001#0000000000000000
(1778535297.959308) can0 18FF28F4#10330000020F0000
(1778535297.960284) can0 18FE28F4#0CE00CE039390000
(1778535297.961301) can0 18FD28F4#1527FA6F00000000
(1778535297.962200) can0 4D4#000033007D0F0203
(1778535297.963200) can0 4D5#E00CE00C39390000
(1778535297.964287) can0 18914010#0CE0010CE00F0000
(1778535297.965308) can0 18904010#020F0000753001FE
(1778535297.966289) can0 18FA28F4#373CA12C10270000
(1778535297.967283) can0 18FB28F4#E00CE00C39390000
(1778535297.968302) can0 18FC28F4#383300000F020000
(1778535297.969282) can0 18F810F3#0F02E80333640100
(1778535297.970308) can0 18F815F3#0000000010030000
(1778535297.971213) can0 273#000000000F023300
(1778535297.972202) can0 1E1#020F271001FE01FE
(1778535297.973220) can0 1F5#0000000000000000
(1778535297.974314) can0 0800A6A9#0000000000000000
(1778535297.975282) can0 1000A6A9#0F02881333434343
(1778535297.976287) can0 1C00A6A9#0000000000030000
(1778535297.977327) can0 02018100#1003020F00000000
(1778535297.978309) can0 02028100#0000003364000000
(1778535297.979302) can0 02038100#0CE001010CE0010F
(1778535297.980295) can0 02048100#4301014301010000
(1778535298.047968) can0 0000E005#15273E0003B60591
(1778535298.048559) can0 1806E5F4#13EC010003B6023A
(1778535298.049310) can0 0000E000#13EC13EC020F0000
(1778535298.050272) can0 0000E004#111103B603B601E4
(1778535298.051279) can0 0000E006#0CE00CE00CE00CE0
(1778535298.052292) can0 0000E007#0CE00CE00CE00CE0
(1778535298.053285) can0 0000E008#0CE00CE00CE00CE0
(1778535298.054283) can0 0000E009#0CE00CE00CE00CE0
(1778535298.055318) can0 0000E010#0000000000000000
(1778535298.056311) can0 0000E011#0000000000000000
(1778535298.057310) can0 0000E012#0CE0000000000000
(1778535298.058323) can0 0000F001#0000000000000000
(1778535298.059304) can0 18FF28F4#10330000020F0000
(1778535298.060285) can0 18FE28F4#0CE00CE039390000
(1778535298.061286) can0 18FD28F4#1527FA6F00000000
(1778535298.062196) can0 4D4#000033007D0F0203
(1778535298.063196) can0 4D5#E00CE00C39390000
(1778535298.064280) can0 18914010#0CE0010CE00F0000
(1778535298.065292) can0 18904010#020F0000753001FE
(1778535298.066267) can0 18FA28F4#373CA12C10270000
(1778535298.067285) can0 18FB28F4#E00CE00C39390000
(1778535298.068299) can0 18FC28F4#383300000F020000
(1778535298.069279) can0 18F810F3#0F02E80333640100
(1778535298.070311) can0 18F815F3#0000000010030000
(1778535298.071210) can0 273#000000000F023300
(1778535298.072191) can0 1E1#020F271001FE01FE
(1778535298.073223) can0 1F5#0000000000000000
(1778535298.074295) can0 0800A6A9#0000000000000000
(1778535298.075267) can0 1000A6A9#0F02881333434343
(1778535298.076299) can0 1C00A6A9#0000000000030000
(1778535298.077311) can0 02018100#1003020F00000000
(1778535298.078306) can0 02028100#0000003364000000
(1778535298.079319) can0 02038100#0CE001010CE0010F
(1778535298.080285) can0 02048100#4301014301010000
(1778535298.164953) can0 0000E005#15273E0003B60591
(1778535298.165563) can0 1806E5F4#13EC010003B6023A
(1778535298.166295) can0 0000E000#13EC13EC020F0000
(1778535298.167282) can0 0000E004#111103B603B601E4
(1778535298.168276) can0 0000E006#0CE00CE00CE00CE0
(1778535298.169268) can0 0000E007#0CE00CE00CE00CE0
(1778535298.170270) can0 0000E008#0CE00CE00CE00CE0
(1778535298.171270) can0 0000E009#0CE00CE00CE00CE0
(1778535298.172347) can0 0000E010#0000000000000000
(1778535298.173309) can0 0000E011#0000000000000000
(1778535298.174295) can0 0000E012#0CE0000000000000
(1778535298.175263) can0 0000E013#4542323630354C43
(1778535298.176289) can0 0000E014#3134323300000000
(1778535298.177301) can0 0000E015#0000000000000003
(1778535298.178321) can0 0000F000#0000000000000000
(1778535298.179315) can0 0000F001#0000000000000000
(1778535298.180346) can0 18FF28F4#10330000020F0000
(1778535298.181276) can0 18FE28F4#0CE00CE039390000
(1778535298.182295) can0 18FD28F4#1527FA6F00000000
(1778535298.183194) can0 4D4#000033007D0F0203
(1778535298.184188) can0 4D5#E00CE00C39390000
(1778535298.185278) can0 18914010#0CE0010CE0020000
(1778535298.186283) can0 18904010#020F0000753001FE
(1778535298.187283) can0 18FA28F4#373CA12C10270000
(1778535298.188276) can0 18FB28F4#E00CE00C39390000
(1778535298.189289) can0 18FC28F4#383300000F020000
(1778535298.190277) can0 18F810F3#0F02E80333640100
(1778535298.191289) can0 18F811F3#E00C0101E00C0201
(1778535298.192283) can0 18F812F3#3901013901010000
(1778535298.193292) can0 18F813F3#0101000000000000
(1778535298.194283) can0 18F814F3#32000F19A9015F00
(1778535298.195296) can0 18F815F3#0000000010030000
(1778535298.196194) can0 273#000000000F023300
(1778535298.197187) can0 1E1#020F271001FE01FE
(1778535298.198219) can0 1F5#0000000000000000
(1778535298.199296) can0 0800A6A9#0000000000000000
(1778535298.200258) can0 1000A6A9#0F02881333434343
(1778535298.201289) can0 1C00A6A9#0000000000030000
(1778535298.202303) can0 02018100#1003020F00000000
(1778535298.203296) can0 02028100#0000003364000000
(1778535298.204296) can0 02038100#0CE001010CE00102
(1778535298.205284) can0 02048100#4301014301010000
(1778535298.262963) can0 0000E005#15273E0003B60591
(1778535298.263547) can0 1806E5F4#13EC010003B6023A
(1778535298.264305) can0 0000E000#13EC13EC020F0000
(1778535298.265266) can0 0000E004#111103B603B601E4
(1778535298.266266) can0 0000E006#0CE00CE00CE00CE0
(1778535298.267279) can0 0000E007#0CE00CE00CE00CE0
(1778535298.268279) can0 0000E008#0CE00CE00CE00CE0
(1778535298.269278) can0 0000E009#0CE00CE00CE00CE0
(1778535298.270304) can0 0000E010#0000000000000000
(1778535298.271306) can0 0000E011#0000000000000000
(1778535298.272305) can0 0000E012#0CE0000000000000
(1778535298.273293) can0 0000F001#0000000000000000
(1778535298.274298) can0 18FF28F4#10330000020F0000
(1778535298.275279) can0 18FE28F4#0CE00CE039390000
(1778535298.276273) can0 18FD28F4#1527FA6F00000000
(1778535298.277189) can0 4D4#000033007D0F0203
(1778535298.278171) can0 4D5#E00CE00C39390000
(1778535298.279285) can0 18914010#0CE0010CE0020000
(1778535298.280279) can0 18904010#020F0000753001FE
(1778535298.281266) can0 18FA28F4#373CA12C10270000
(1778535298.282260) can0 18FB28F4#E00CE00C39390000
(1778535298.283293) can0 18FC28F4#383300000F020000
(1778535298.284254) can0 18F810F3#0F02E80333640100
(1778535298.285302) can0 18F815F3#0000000010030000
(1778535298.286203) can0 273#000000000F023300
(1778535298.287184) can0 1E1#020F271001FE01FE
(1778535298.288216) can0 1F5#0000000000000000
(1778535298.289289) can0 0800A6A9#0000000000000000
(1778535298.290261) can0 1000A6A9#0F02881333434343
(1778535298.291293) can0 1C00A6A9#0000000000030000
(1778535298.292305) can0 02018100#1003020F00000000
(1778535298.293299) can0 02028100#0000003364000000
(1778535298.294280) can0 02038100#0CE001010CE00102
(1778535298.295280) can0 02048100#4301014301010000
(1778535298.362946) can0 0000E005#15273E0003B60591
(1778535298.363535) can0 1806E5F4#13EC010003B6023A
(1778535298.364294) can0 0000E000#13EC13EC020F0000
(1778535298.365256) can0 0000E004#111103B603B601E4
(1778535298.366269) can0 0000E006#0CE00CE00CE00CE0
(1778535298.367268) can0 0000E007#0CE00CE00CE00CE0
(1778535298.368270) can0 0000E008#0CE00CE00CE00CE0
(1778535298.369263) can0 0000E009#0CE00CE00CE00CE0
(1778535298.370295) can0 0000E010#0000000000000000
(1778535298.371307) can0 0000E011#0000000000000000
(1778535298.372289) can0 0000E012#0CE0000000000000
(1778535298.373307) can0 0000F001#0000000000000000
(1778535298.374288) can0 18FF28F4#10330000020F0000
(1778535298.375267) can0 18FE28F4#0CE00CE039390000
(1778535298.376282) can0 18FD28F4#1527FA6F00000000
(1778535298.377180) can0 4D4#000033007D0F0203
(1778535298.378180) can0 4D5#E00CE00C39390000
(1778535298.379284) can0 18914010#0CE0010CE0020000
(1778535298.380269) can0 18904010#020F0000753001FE
(1778535298.381269) can0 18FA28F4#373CA12C10270000
(1778535298.382263) can0 18FB28F4#E00CE00C39390000
(1778535298.383282) can0 18FC28F4#383300000F020000
(1778535298.384264) can0 18F810F3#0F02E80333640100
(1778535298.385288) can0 18F815F3#0000000010030000
(1778535298.386193) can0 273#000000000F023300
(1778535298.387198) can0 1E1#020F271001FE01FE
(1778535298.388201) can0 1F5#0000000000000000
(1778535298.389282) can0 0800A6A9#0000000000000000
(1778535298.390244) can0 1000A6A9#0F02881333434343
(1778535298.391269) can0 1C00A6A9#0000000000030000
(1778535298.392289) can0 02018100#1003020F00000000
(1778535298.393289) can0 02028100#0000003364000000
(1778535298.394270) can0 02038100#0CE001010CE00102
(1778535298.395295) can0 02048100#4301014301010000
(1778535298.462944) can0 0000E005#15273E0003B60591
(1778535298.463534) can0 1806E5F4#13EC010003B6023A
(1778535298.464304) can0 0000E000#13EC13EC020F0000
(1778535298.465246) can0 0000E004#111103B603B601E4
(1778535298.466266) can0 0000E006#0CE00CE00CE00CE0
(1778535298.467266) can0 0000E007#0CE00CE00CE00CE0
(1778535298.468260) can0 0000E008#0CE00CE00CE00CE0
(1778535298.469256) can0 0000E009#0CE00CE00CE00CE2
(1778535298.470291) can0 0000E010#0000000000000000
(1778535298.471292) can0 0000E011#0000000000000000
(1778535298.472304) can0 0000E012#0CE1000100000000
(1778535298.473298) can0 0000F001#0000000000000000
(1778535298.474279) can0 18FF28F4#10330000020F0000
(1778535298.475260) can0 18FE28F4#0CE20CE039390000
(1778535298.476260) can0 18FD28F4#1527FA6F00000000
(1778535298.477170) can0 4D4#000033007D0F0203
(1778535298.478158) can0 4D5#E00CE20C39390000
(1778535298.479266) can0 18914010#0CE2100CE0010000
(1778535298.480298) can0 18904010#020F0000753001FE
(1778535298.481241) can0 18FA28F4#373CA12C10270000
(1778535298.482260) can0 18FB28F4#E20CE00C39390000
(1778535298.483279) can0 18FC28F4#383300000F020000
(1778535298.484261) can0 18F810F3#0F02E80333640100
(1778535298.485285) can0 18F815F3#0000000010030000
(1778535298.486190) can0 273#000000000F023300
(1778535298.487171) can0 1E1#020F271001FE01FE
(1778535298.488248) can0 1F5#0000000000000000
(1778535298.489277) can0 0800A6A9#0000000000000000
(1778535298.490241) can0 1000A6A9#0F02881333434343
(1778535298.491273) can0 1C00A6A9#0000000000030000
(1778535298.492286) can0 02018100#1003020F00000000
(1778535298.493280) can0 02028100#0000003364000000
(1778535298.494266) can0 02038100#0CE201100CE00101
(1778535298.495261) can0 02048100#4301014301010000
(1778535298.562946) can0 0000E005#15273E0003B60591
(1778535298.563531) can0 1806E5F4#13EC010003B6023A
(1778535298.564287) can0 0000E000#13EC13EC020F0000
(1778535298.565300) can0 0000E004#111103B603B601E4
(1778535298.566250) can0 0000E006#0CE00CE00CE00CE0
(1778535298.567242) can0 0000E007#0CE00CE00CE00CE0
(1778535298.568263) can0 0000E008#0CE00CE00CE00CE0
(1778535298.569243) can0 0000E009#0CE00CE00CE00CE2
(1778535298.570288) can0 0000E010#0000000000000000
(1778535298.571282) can0 0000E011#0000000000000000
(1778535298.572269) can0 0000E012#0CE1000100000000
(1778535298.573300) can0 0000F001#0000000000000000
(1778535298.574282) can0 18FF28F4#10330000020F0000
(1778535298.575244) can0 18FE28F4#0CE20CE039390000
(1778535298.576263) can0 18FD28F4#1527FA6F00000000
(1778535298.577174) can0 4D4#000033007D0F0203
(1778535298.578155) can0 4D5#E00CE20C39390000
(1778535298.579250) can0 18914010#0CE2100CE0010000
(1778535298.580270) can0 18904010#020F0000753001FE
(1778535298.581250) can0 18FA28F4#373CA12C10270000
(1778535298.582244) can0 18FB28F4#E20CE00C39390000
(1778535298.583276) can0 18FC28F4#383300000F020000
(1778535298.584238) can0 18F810F3#0F02E80333640100
(1778535298.585290) can0 18F815F3#0000000010030000
(1778535298.586174) can0 273#000000000F023300
(1778535298.587168) can0 1E1#020F271001FE01FE
(1778535298.588201) can0 1F5#0000000000000000
(1778535298.589276) can0 0800A6A9#0000000000000000
(1778535298.590242) can0 1000A6A9#0F02881333434343
(1778535298.591275) can0 1C00A6A9#0000000000030000
(1778535298.592289) can0 02018100#1003020F00000000
(1778535298.593270) can0 02028100#0000003364000000
(1778535298.594260) can0 02038100#0CE201100CE00101
(1778535298.595263) can0 02048100#4301014301010000
(1778535298.679937) can0 0000E005#15273E0003B60591
(1778535298.680528) can0 1806E5F4#13EC010003B6023A
(1778535298.681266) can0 0000E000#13EC13EC020F0000
(1778535298.682247) can0 0000E004#111103B603B601E4
(1778535298.683247) can0 0000E006#0CE00CE00CE00CE0
(1778535298.684241) can0 0000E007#0CE00CE00CE00CE0
(1778535298.685252) can0 0000E008#0CE00CE00CE00CE0
(1778535298.686253) can0 0000E009#0CE00CE00CE00CE0
(1778535298.687299) can0 0000E010#0000000000000000
(1778535298.688285) can0 0000E011#0000000000000000
(1778535298.689278) can0 0000E012#0CE0000000000000
(1778535298.690228) can0 0000E013#4542323630354C43
(1778535298.691259) can0 0000E014#3134323300000000
(1778535298.692273) can0 0000E015#0000000000000003
(1778535298.693285) can0 0000F000#0000000000000000
(1778535298.694285) can0 0000F001#0000000000000000
(1778535298.695299) can0 18FF28F4#10330000020F0000
(1778535298.696248) can0 18FE28F4#0CE00CE039390000
(1778535298.697261) can0 18FD28F4#1527FA6F00000000
(1778535298.698158) can0 4D4#000033007D0F0203
(1778535298.699158) can0 4D5#E00CE00C39390000
(1778535298.700254) can0 18914010#0CE0010CE0020000
(1778535298.701263) can0 18904010#020F0000753001FE
(1778535298.702248) can0 18FA28F4#373CA12C10270000
(1778535298.703279) can0 18FB28F4#E00CE00C39390000
(1778535298.704260) can0 18FC28F4#383300000F020000
(1778535298.705241) can0 18F810F3#0F02E80333640100
(1778535298.706254) can0 18F811F3#E00C0101E00C0201
(1778535298.707254) can0 18F812F3#3901013901010000
(1778535298.708287) can0 18F813F3#0101000000000000
(1778535298.709246) can0 18F814F3#32000F19A9015F00
(1778535298.710279) can0 18F815F3#0000000010030000
(1778535298.711209) can0 273#000000000F023300
(1778535298.712159) can0 1E1#020F271001FE01FE
(1778535298.713187) can0 1F5#0000000000000000
(1778535298.714267) can0 0800A6A9#0000000000000000
(1778535298.715228) can0 1000A6A9#0F02881333434343
(1778535298.716254) can0 1C00A6A9#0000000000030000
(1778535298.717287) can0 02018100#1003020F00000000
(1778535298.718266) can0 02028100#0000003364000000
(1778535298.719311) can0 02038100#0CE001010CE00102
(1778535298.720260) can0 02048100#4301014301010000
(1778535298.777922) can0 0000E005#15273E0003B60591
(1778535298.778513) can0 1806E5F4#13EC010003B6023A
(1778535298.779268) can0 0000E000#13EC13EC020F0000
(1778535298.780282) can0 0000E004#111103B603B601E4
(1778535298.781243) can0 0000E006#0CE00CE00CE00CE0
(1778535298.782243) can0 0000E007#0CE00CE00CE00CE0
(1778535298.783243) can0 0000E008#0CE00CE00CE00CE0
(1778535298.784244) can0 0000E009#0CE00CE00CE00CE0
(1778535298.785268) can0 0000E010#0000000000000000
(1778535298.786269) can0 0000E011#0000000000000000
(1778535298.787262) can0 0000E012#0CE0000000000000
(1778535298.788326) can0 0000F001#0000000000000000
(1778535298.789256) can0 18FF28F4#10330000020F0000
(1778535298.790244) can0 18FE28F4#0CE00CE039390000
(1778535298.791257) can0 18FD28F4#1527FA6F00000000
(1778535298.792155) can0 4D4#000033007D0F0203
(1778535298.793151) can0 4D5#E00CE00C39390000
(1778535298.794250) can0 18914010#0CE0010CE0020000
(1778535298.795243) can0 18904010#020F0000753001FE
(1778535298.796295) can0 18FA28F4#373CA12C10270000
(1778535298.797244) can0 18FB28F4#E00CE00C39390000
(1778535298.798256) can0 18FC28F4#383300000F020000
(1778535298.799237) can0 18F810F3#0F02E80333640100
(1778535298.800270) can0 18F815F3#0000000010030000
(1778535298.801165) can0 273#000000000F023300
(1778535298.802148) can0 1E1#020F271001FE01FE
(1778535298.803181) can0 1F5#0000000000000000
(1778535298.804257) can0 0800A6A9#0000000000000000
(1778535298.805220) can0 1000A6A9#0F02881333434343
(1778535298.806250) can0 1C00A6A9#0000000000030000
(1778535298.807263) can0 02018100#1003020F00000000
(1778535298.808264) can0 02028100#0000003364000000
(1778535298.809244) can0 02038100#0CE001010CE00102
(1778535298.810238) can0 02048100#4301014301010000
(1778535298.877936) can0 0000E005#15273E0003B60591
(1778535298.878504) can0 1806E5F4#13EC010003B6023A
(1778535298.879257) can0 0000E000#13EC13EC020F0000
(1778535298.880241) can0 0000E004#111103B603B601E4
(1778535298.881234) can0 0000E006#0CE00CE00CE00CE0
(1778535298.882234) can0 0000E007#0CE00CE00CE00CE0
(1778535298.883223) can0 0000E008#0CE00CE00CE00CE0
(1778535298.884228) can0 0000E009#0CE00CE00CE00CE0
(1778535298.885271) can0 0000E010#0000000000000000
(1778535298.886272) can0 0000E011#0000000000000000
(1778535298.887253) can0 0000E012#0CE0000000000000
(1778535298.888266) can0 0000F001#0000000000000000
(1778535298.889265) can0 18FF28F4#10330000020F0000
(1778535298.890228) can0 18FE28F4#0CE00CE039390000
(1778535298.891236) can0 18FD28F4#1527FA6F00000000
(1778535298.892159) can0 4D4#000033007D0F0203
(1778535298.893139) can0 4D5#E00CE00C39390000
(1778535298.894234) can0 18914010#0CE0010CE0020000
(1778535298.895246) can0 18904010#020F0000753001FE
(1778535298.896228) can0 18FA28F4#373CA12C10270000
(1778535298.897227) can0 18FB28F4#E00CE00C39390000
(1778535298.898259) can0 18FC28F4#383300000F020000
(1778535298.899221) can0 18F810F3#0F02E80333640100
(1778535298.900266) can0 18F815F3#0000000010030000
(1778535298.901151) can0 273#000000000F023300
(1778535298.902152) can0 1E1#020F271001FE01FE
(1778535298.903176) can0 1F5#0000000000000000
(1778535298.904260) can0 0800A6A9#0000000000000000
(1778535298.905221) can0 1000A6A9#0F02881333434343
(1778535298.906253) can0 1C00A6A9#0000000000030000
(1778535298.907261) can0 02018100#1003020F00000000
(1778535298.908247) can0 02028100#0000003364000000
(1778535298.909241) can0 02038100#0CE001010CE00102
(1778535298.910253) can0 02048100#4301014301010000
(1778535298.977920) can0 0000E005#15273E0003B60591
(1778535298.978505) can0 1806E5F4#13EC010003B6023A
(1778535298.979262) can0 0000E000#13EC13EC020F0000
(1778535298.980224) can0 0000E004#111103B603B601E4
(1778535298.981231) can0 0000E006#0CE00CE00CE00CE0
(1778535298.982237) can0 0000E007#0CE00CE00CE00CE0
(1778535298.983230) can0 0000E008#0CE00CE00CE00CE0
(1778535298.984231) can0 0000E009#0CE00CE00CE00CE2
(1778535298.985255) can0 0000E010#0000000000000000
(1778535298.986256) can0 0000E011#0000000000000000
(1778535298.987255) can0 0000E012#0CE1000200000000
(1778535298.988269) can0 0000F001#0000000000000000
(1778535298.989249) can0 18FF28F4#10330000020F0000
(1778535298.990231) can0 18FE28F4#0CE20CE039390000
(1778535298.991231) can0 18FD28F4#1527FA6F00000000
(1778535298.992149) can0 4D4#000033007D0F0203
(1778535298.993125) can0 4D5#E00CE20C39390000
(1778535298.994224) can0 18914010#0CE2100CE0060000
(1778535298.995269) can0 18904010#020F0000753001FE
(1778535298.996219) can0 18FA28F4#373CA12C10270000
(1778535298.997233) can0 18FB28F4#E20CE00C39390000
(1778535298.998250) can0 18FC28F4#383300000F020000
(1778535298.999231) can0 18F810F3#0F02E80333640100
(1778535299.000263) can0 18F815F3#0000000010030000
(1778535299.001161) can0 273#000000000F023300
(1778535299.002142) can0 1E1#020F271001FE01FE
(1778535299.003205) can0 1F5#0000000000000000
(1778535299.004251) can0 0800A6A9#0000000000000000
(1778535299.005209) can0 1000A6A9#0F02881333434343
(1778535299.006243) can0 1C00A6A9#0000000000030000
(1778535299.007262) can0 02018100#1003020F00000000
(1778535299.008257) can0 02028100#0000003364000000
(1778535299.009233) can0 02038100#0CE201100CE00106
(1778535299.010231) can0 02048100#4301014301010000
(1778535299.077922) can0 0000E005#15273E0003B60591
(1778535299.078501) can0 1806E5F4#13EC010003B6023A
(1778535299.079258) can0 0000E000#13EC13EC020F0000
(1778535299.080252) can0 0000E004#111103B603B601E4
(1778535299.081220) can0 0000E006#0CE00CE00CE00CE0
(1778535299.082233) can0 0000E007#0CE00CE00CE00CE0
(1778535299.083226) can0 0000E008#0CE00CE00CE00CE0
(1778535299.084214) can0 0000E009#0CE00CE00CE00CE2
(1778535299.085259) can0 0000E010#0000000000000000
(1778535299.086258) can0 0000E011#0000000000000000
(1778535299.087236) can0 0000E012#0CE1000200000000
(1778535299.088303) can0 0000F001#0000000000000000
(1778535299.089246) can0 18FF28F4#10330000020F0000
(1778535299.090215) can0 18FE28F4#0CE20CE039390000
(1778535299.091227) can0 18FD28F4#1527FA6F00000000
(1778535299.092145) can0 4D4#000033007D0F0203
(1778535299.093125) can0 4D5#E00CE20C39390000
(1778535299.094220) can0 18914010#0CE2100CE0060000
(1778535299.095234) can0 18904010#020F0000753001FE
(1778535299.096265) can0 18FA28F4#373CA12C10270000
(1778535299.097227) can0 18FB28F4#E20CE00C39390000
(1778535299.098240) can0 18FC28F4#383300000F020000
(1778535299.099220) can0 18F810F3#0F02E80333640100
(1778535299.100253) can0 18F815F3#0000000010030000
(1778535299.101158) can0 273#000000000F023300
(1778535299.102138) can0 1E1#020F271001FE01FE
(1778535299.103164) can0 1F5#0000000000000000
(1778535299.104246) can0 0800A6A9#0000000000000000
(1778535299.105208) can0 1000A6A9#0F02881333434343
(1778535299.106240) can0 1C00A6A9#0000000000030000
(1778535299.107250) can0 02018100#1003020F00000000
(1778535299.108253) can0 02028100#0000003364000000
(1778535299.109234) can0 02038100#0CE201100CE00106
(1778535299.110228) can0 02048100#4301014301010000
(1778535299.194927) can0 0000E005#15273E0003B60591
(1778535299.195485) can0 1806E5F4#13EC010003B6023A
(1778535299.196237) can0 0000E000#13EC13EC020F0000
(1778535299.197223) can0 0000E004#111103B603B601E4
(1778535299.198217) can0 0000E006#0CE00CE00CE00CE0
(1778535299.199217) can0 0000E007#0CE00CE00CE00CE0
(1778535299.200211) can0 0000E008#0CE00CE00CE00CE0
(1778535299.201211) can0 0000E009#0CE00CE00CE00CE0
(1778535299.202253) can0 0000E010#0000000000000000
(1778535299.203256) can0 0000E011#0000000000000000
(1778535299.204237) can0 0000E012#0CE0000000000000
(1778535299.205199) can0 0000E013#4542323630354C43
(1778535299.206224) can0 0000E014#3134323300000000
(1778535299.207243) can0 0000E015#0000000000000003
(1778535299.208256) can0 0000F000#0000000000000000
(1778535299.209256) can0 0000F001#0000000000000000
(1778535299.210255) can0 18FF28F4#10330000020F0000
(1778535299.211218) can0 18FE28F4#0CE00CE039390000
(1778535299.212218) can0 18FD28F4#1527FA6F00000000
(1778535299.213135) can0 4D4#000033007D0F0203
(1778535299.214124) can0 4D5#E00CE00C39390000
(1778535299.215224) can0 18914010#0CE0010CE00F0000
(1778535299.216224) can0 18904010#020F0000753001FE
(1778535299.217205) can0 18FA28F4#373CA12C10270000
(1778535299.218236) can0 18FB28F4#E00CE00C39390000
(1778535299.219231) can0 18FC28F4#383300000F020000
(1778535299.220212) can0 18F810F3#0F02E80333640100
(1778535299.221225) can0 18F811F3#E00C0101E00C0F01
(1778535299.222224) can0 18F812F3#3901013901010000
(1778535299.223238) can0 18F813F3#0101000000000000
(1778535299.224218) can0 18F814F3#32000F19A9015F00
(1778535299.225231) can0 18F815F3#0000000010030000
(1778535299.226162) can0 273#000000000F023300
(1778535299.227129) can0 1E1#020F271001FE01FE
(1778535299.228155) can0 1F5#0000000000000000
(1778535299.229237) can0 0800A6A9#0000000000000000
(1778535299.230194) can0 1000A6A9#0F02881333434343
(1778535299.231225) can0 1C00A6A9#0000000000030000
(1778535299.232238) can0 02018100#1003020F00000000
(1778535299.233237) can0 02028100#0000003364000000
(1778535299.234263) can0 02038100#0CE001010CE0010F
(1778535299.235231) can0 02048100#4301014301010000
(1778535299.292929) can0 0000E005#15273E0003B60591
(1778535299.293495) can0 1806E5F4#13EC010003B6023A
(1778535299.294233) can0 0000E000#13EC13EC020F0000
(1778535299.295213) can0 0000E004#111103B603B601E4
(1778535299.296214) can0 0000E006#0CE00CE00CE00CE0
(1778535299.297214) can0 0000E007#0CE00CE00CE00CE0
(1778535299.298204) can0 0000E008#0CE00CE00CE00CE0
(1778535299.299207) can0 0000E009#0CE00CE00CE00CE0
(1778535299.300253) can0 0000E010#0000000000000000
(1778535299.301252) can0 0000E011#0000000000000000
(1778535299.302233) can0 0000E012#0CE0000000000000
(1778535299.303277) can0 0000F001#0000000000000000
(1778535299.304246) can0 18FF28F4#10330000020F0000
(1778535299.305208) can0 18FE28F4#0CE00CE039390000
(1778535299.306216) can0 18FD28F4#1527FA6F00000000
(1778535299.307138) can0 4D4#000033007D0F0203
(1778535299.308120) can0 4D5#E00CE00C39390000
(1778535299.309212) can0 18914010#0CE0010CE00F0000
(1778535299.310227) can0 18904010#020F0000753001FE
(1778535299.311240) can0 18FA28F4#373CA12C10270000
(1778535299.312209) can0 18FB28F4#E00CE00C39390000
(1778535299.313221) can0 18FC28F4#383300000F020000
(1778535299.314202) can0 18F810F3#0F02E80333640100
(1778535299.315233) can0 18F815F3#0000000010030000
(1778535299.316133) can0 273#000000000F023300
(1778535299.317126) can0 1E1#020F271001FE01FE
(1778535299.318145) can0 1F5#0000000000000000
(1778535299.319272) can0 0800A6A9#0000000000000000
(1778535299.320202) can0 1000A6A9#0F02881333434343
(1778535299.321228) can0 1C00A6A9#0000000000030000
(1778535299.322246) can0 02018100#1003020F00000000
(1778535299.323227) can0 02028100#0000003364000000
(1778535299.324222) can0 02038100#0CE001010CE0010F
(1778535299.325221) can0 02048100#4301014301010000
(1778535299.392932) can0 0000E005#15273E0003B60591
(1778535299.393478) can0 1806E5F4#13EC010003B6023A
(1778535299.394230) can0 0000E000#13EC13EC020F0000
(1778535299.395213) can0 0000E004#111103B603B601E4
(1778535299.396243) can0 0000E006#0CE00CE00CE00CE0
(1778535299.397211) can0 0000E007#0CE00CE00CE00CE0
(1778535299.398204) can0 0000E008#0CE00CE00CE00CE0
(1778535299.399199) can0 0000E009#0CE00CE00CE00CE0
(1778535299.400249) can0 0000E010#0000000000000000
(1778535299.401230) can0 0000E011#0000000000000000
(1778535299.402230) can0 0000E012#0CE0000000000000
(1778535299.403243) can0 0000F001#0000000000000000
(1778535299.404275) can0 18FF28F4#10330000020F0000
(1778535299.405205) can0 18FE28F4#0CE00CE039390000
(1778535299.406224) can0 18FD28F4#1527FA6F00000000
(1778535299.407114) can0 4D4#000033007D0F0203
(1778535299.408116) can0 4D5#E00CE00C39390000
(1778535299.409211) can0 18914010#0CE0010CE00F0000
(1778535299.410211) can0 18904010#020F0000753001FE
(1778535299.411207) can0 18FA28F4#373CA12C10270000
(1778535299.412205) can0 18FB28F4#E00CE00C39390000
(1778535299.413224) can0 18FC28F4#383300000F020000
(1778535299.414205) can0 18F810F3#0F02E80333640100
(1778535299.415231) can0 18F815F3#0000000010030000
(1778535299.416136) can0 273#000000000F023300
(1778535299.417129) can0 1E1#020F271001FE01FE
(1778535299.418141) can0 1F5#0000000000000000
(1778535299.419221) can0 0800A6A9#0000000000000000
(1778535299.420186) can0 1000A6A9#0F02881333434343
(1778535299.421217) can0 1C00A6A9#0000000000030000
(1778535299.422230) can0 02018100#1003020F00000000
(1778535299.423223) can0 02028100#0000003364000000
(1778535299.424224) can0 02038100#0CE001010CE0010F
(1778535299.425224) can0 02048100#4301014301010000
(1778535299.492935) can0 0000E005#15273E0003B60591
(1778535299.493468) can0 1806E5F4#13EC010003B6023A
(1778535299.494220) can0 0000E000#13EC13EC020F0000
(1778535299.495201) can0 0000E004#111103B603B601E4
(1778535299.496201) can0 0000E006#0CE00CE00CE00CE0
(1778535299.497193) can0 0000E007#0CE00CE00CE00CE0
(1778535299.498195) can0 0000E008#0CE00CE00CE00CE0
(1778535299.499208) can0 0000E009#0CE00CE00CE00CE0
(1778535299.500239) can0 0000E010#0000000000000000
(1778535299.501234) can0 0000E011#0000000000000000
(1778535299.502220) can0 0000E012#0CE0000000000000
(1778535299.503233) can0 0000F001#0000000000000000
(1778535299.504234) can0 18FF28F4#10330000020F0000
(1778535299.505195) can0 18FE28F4#0CE00CE039390000
(1778535299.506208) can0 18FD28F4#1527FA6F00000000
(1778535299.507125) can0 4D4#000033007D0F0203
(1778535299.508106) can0 4D5#E00CE00C39390000
(1778535299.509201) can0 18914010#0CE0010CE0020000
(1778535299.510214) can0 18904010#020F0000753001FE
(1778535299.511195) can0 18FA28F4#373CA12C10270000
(1778535299.512195) can0 18FB28F4#E00CE00C39390000
(1778535299.513218) can0 18FC28F4#383300000F020000
(1778535299.514189) can0 18F810F3#0F02E80333640100
(1778535299.515240) can0 18F815F3#0000000010030000
(1778535299.516119) can0 273#000000000F023300
(1778535299.517119) can0 1E1#020F271001FE01FE
(1778535299.518150) can0 1F5#0000000000000000
(1778535299.519227) can0 0800A6A9#0000000000000000
(1778535299.520196) can0 1000A6A9#0F02881333434343
(1778535299.521217) can0 1C00A6A9#0000000000030000
(1778535299.522233) can0 02018100#1003020F00000000
(1778535299.523214) can0 02028100#0000003364000000
(1778535299.524215) can0 02038100#0CE001010CE00102
(1778535299.525203) can0 02048100#4301014301010000
(1778535299.592937) can0 0000E005#15273E0003B60591
(1778535299.593472) can0 1806E5F4#13EC010003B6023A
(1778535299.594229) can0 0000E000#13EC13EC020F0000
(1778535299.595210) can0 0000E004#111103B603B601E4
(1778535299.596192) can0 0000E006#0CE00CE00CE00CE0
(1778535299.597204) can0 0000E007#0CE00CE00CE00CE0
(1778535299.598204) can0 0000E008#0CE00CE00CE00CE0
(1778535299.599196) can0 0000E009#0CE00CE00CE00CE0
(1778535299.600230) can0 0000E010#0000000000000000
(1778535299.601229) can0 0000E011#0000000000000000
(1778535299.602224) can0 0000E012#0CE0000000000000
(1778535299.603236) can0 0000F001#0000000000000000
(1778535299.604223) can0 18FF28F4#10330000020F0000
(1778535299.605204) can0 18FE28F4#0CE00CE039390000
(1778535299.606205) can0 18FD28F4#1527FA6F00000000
(1778535299.607115) can0 4D4#000033007D0F0203
(1778535299.608097) can0 4D5#E00CE00C39390000
(1778535299.609191) can0 18914010#0CE0010CE0020000
(1778535299.610211) can0 18904010#020F0000753001FE
(1778535299.611219) can0 18FA28F4#373CA12C10270000
(1778535299.612185) can0 18FB28F4#E00CE00C39390000
(1778535299.613217) can0 18FC28F4#383300000F020000
(1778535299.614185) can0 18F810F3#0F02E80333640100
(1778535299.615206) can0 18F815F3#0000000010030000
(1778535299.616116) can0 273#000000000F023300
(1778535299.617109) can0 1E1#020F271001FE01FE
(1778535299.618141) can0 1F5#0000000000000000
(1778535299.619255) can0 0800A6A9#0000000000000000
(1778535299.620186) can0 1000A6A9#0F02881333434343
(1778535299.621217) can0 1C00A6A9#0000000000030000
(1778535299.622230) can0 02018100#1003020F00000000
(1778535299.623204) can0 02028100#0000003364000000
(1778535299.624205) can0 02038100#0CE001010CE00102
(1778535299.625204) can0 02048100#4301014301010000
(1778535299.709863) can0 0000E005#15273E0003B60591
(1778535299.710454) can0 1806E5F4#13EC010003B6023A
(1778535299.711213) can0 0000E000#13EC13EC020F0000
(1778535299.712246) can0 0000E004#111103B603B601E4
(1778535299.713194) can0 0000E006#0CE00CE00CE00CE0
(1778535299.714188) can0 0000E007#0CE00CE00CE00CE0
(1778535299.715188) can0 0000E008#0CE00CE00CE00CE0
(1778535299.716182) can0 0000E009#0CE00CE00CE00CE2
(1778535299.717233) can0 0000E010#0000000000000000
(1778535299.718210) can0 0000E011#0000000000000000
(1778535299.719208) can0 0000E012#0CE0000200000000
(1778535299.720176) can0 0000E013#4542323630354C43
(1778535299.721208) can0 0000E014#3134323300000000
(1778535299.722216) can0 0000E015#0000000000000003
(1778535299.723220) can0 0000F000#0000000000000000
(1778535299.724214) can0 0000F001#0000000000000000
(1778535299.725215) can0 18FF28F4#10330000020F0000
(1778535299.726176) can0 18FE28F4#0CE20CE039390000
(1778535299.727195) can0 18FD28F4#1527FA6F00000000
(1778535299.728113) can0 4D4#000033007D0F0203
(1778535299.729094) can0 4D5#E00CE20C39390000
(1778535299.730185) can0 18914010#0CE2100CE0020000
(1778535299.731201) can0 18904010#020F0000753001FE
(1778535299.732182) can0 18FA28F4#373CA12C10270000
(1778535299.733176) can0 18FB28F4#E20CE00C39390000
(1778535299.734202) can0 18FC28F4#383300000F020000
(1778535299.735177) can0 18F810F3#0F02E80333640100
(1778535299.736189) can0 18F811F3#E20C1001E00C0201
(1778535299.737189) can0 18F812F3#3901013901010000
(1778535299.738215) can0 18F813F3#0101000000000000
(1778535299.739183) can0 18F814F3#32000F19A9015F00
(1778535299.740215) can0 18F815F3#0000000010030000
(1778535299.741113) can0 273#000000000F023300
(1778535299.742102) can0 1E1#020F271001FE01FE
(1778535299.743120) can0 1F5#0000000000000000
(1778535299.744216) can0 0800A6A9#0000000000000000
(1778535299.745176) can0 1000A6A9#0F02881333434343
(1778535299.746202) can0 1C00A6A9#0000000000030000
(1778535299.747221) can0 02018100#1003020F00000000
(1778535299.748202) can0 02028100#0000003364000000
(1778535299.749215) can0 02038100#0CE201100CE00102
(1778535299.750189) can0 02048100#4301014301010000
(1778535299.807860) can0 0000E005#15273E0003B60591
(1778535299.808452) can0 1806E5F4#13EC010003B6023A
(1778535299.809210) can0 0000E000#13EC13EC020F0000
(1778535299.810187) can0 0000E004#111103B603B601E4
(1778535299.811185) can0 0000E006#0CE00CE00CE00CE0
(1778535299.812186) can0 0000E007#0CE00CE00CE00CE0
(1778535299.813185) can0 0000E008#0CE00CE00CE00CE0
(1778535299.814173) can0 0000E009#0CE00CE00CE00CE2
(1778535299.815229) can0 0000E010#0000000000000000
(1778535299.816211) can0 0000E011#0000000000000000
(1778535299.817204) can0 0000E012#0CE0000200000000
(1778535299.818216) can0 0000F001#0000000000000000
(1778535299.819198) can0 18FF28F4#10330000020F0000
(1778535299.820185) can0 18FE28F4#0CE20CE039390000
(1778535299.821198) can0 18FD28F4#1527FA6F00000000
(1778535299.822089) can0 4D4#000033007D0F0203
(1778535299.823096) can0 4D5#E00CE20C39390000
(1778535299.824192) can0 18914010#0CE2100CE0020000
(1778535299.825204) can0 18904010#020F0000753001FE
(1778535299.826181) can0 18FA28F4#373CA12C10270000
(1778535299.827185) can0 18FB28F4#E20CE00C39390000
(1778535299.828198) can0 18FC28F4#383300000F020000
(1778535299.829179) can0 18F810F3#0F02E80333640100
(1778535299.830210) can0 18F815F3#0000000010030000
(1778535299.831109) can0 273#000000000F023300
(1778535299.832110) can0 1E1#020F271001FE01FE
(1778535299.833122) can0 1F5#0000000000000000
(1778535299.834226) can0 0800A6A9#0000000000000000
(1778535299.835161) can0 1000A6A9#0F02881333434343
(1778535299.836192) can0 1C00A6A9#0000000000030000
(1778535299.837205) can0 02018100#1003020F00000000
(1778535299.838204) can0 02028100#0000003364000000
(1778535299.839205) can0 02038100#0CE201100CE00102
(1778535299.840198) can0 02048100#4301014301010000
(1778535299.907867) can0 0000E005#15273E0003B60591
(1778535299.908454) can0 1806E5F4#13EC010003B6023A
(1778535299.909207) can0 0000E000#13EC13EC020F0000
(1778535299.910175) can0 0000E004#111103B603B601E4
(1778535299.911201) can0 0000E006#0CE00CE00CE00CE0
(1778535299.912182) can0 0000E007#0CE00CE00CE00CE0
(1778535299.913182) can0 0000E008#0CE00CE00CE00CE0
(1778535299.914162) can0 0000E009#0CE00CE00CE00CE2
(1778535299.915213) can0 0000E010#0000000000000000
(1778535299.916208) can0 0000E011#0000000000000000
(1778535299.917208) can0 0000E012#0CE0000200000000
(1778535299.918219) can0 0000F001#0000000000000000
(1778535299.919232) can0 18FF28F4#10330000020F0000
(1778535299.920182) can0 18FE28F4#0CE20CE039390000
(1778535299.921182) can0 18FD28F4#1527FA6F00000000
(1778535299.922099) can0 4D4#000033007D0F0203
(1778535299.923080) can0 4D5#E00CE20C39390000
(1778535299.924168) can0 18914010#0CE2100CE0020000
(1778535299.925188) can0 18904010#020F0000753001FE
(1778535299.926169) can0 18FA28F4#373CA12C10270000
(1778535299.927213) can0 18FB28F4#E20CE00C39390000
(1778535299.928193) can0 18FC28F4#383300000F020000
(1778535299.929176) can0 18F810F3#0F02E80333640100
(1778535299.930207) can0 18F815F3#0000000010030000
(1778535299.931106) can0 273#000000000F023300
(1778535299.932087) can0 1E1#020F271001FE01FE
(1778535299.933118) can0 1F5#0000000000000000
(1778535299.934195) can0 0800A6A9#0000000000000000
(1778535299.935214) can0 1000A6A9#0F02881333434343
(1778535299.936191) can0 1C00A6A9#0000000000030000
(1778535299.937208) can0 02018100#1003020F00000000
(1778535299.938201) can0 02028100#0000003364000000
(1778535299.939182) can0 02038100#0CE201100CE00102
(1778535299.940177) can0 02048100#4301014301010000
(1778535300.007840) can0 0000E005#15273E0003B60591
(1778535300.008426) can0 1806E5F4#13EC010003B6023A
(1778535300.009203) can0 0000E000#13EC13EC020F0000
(1778535300.010184) can0 0000E004#111103B603B601E4
(1778535300.011178) can0 0000E006#0CE00CE00CE00CE0
(1778535300.012223) can0 0000E007#0CE00CE00CE00CE0
(1778535300.013172) can0 0000E008#0CE00CE00CE00CE0
(1778535300.014170) can0 0000E009#0CE00CE00CE00CE2
(1778535300.015203) can0 0000E010#0000000000000000
(1778535300.016197) can0 0000E011#0000000000000000
(1778535300.017197) can0 0000E012#0CE0000200000000
(1778535300.018210) can0 0000F001#0000000000000000
(1778535300.019191) can0 18FF28F4#10330000020F0000
(1778535300.020172) can0 18FE28F4#0CE20CE039390000
(1778535300.021191) can0 18FD28F4#1527FA6F00000000
(1778535300.022089) can0 4D4#000033007D0F0203
(1778535300.023070) can0 4D5#E00CE20C39390000
(1778535300.024179) can0 18914010#0CE2100CE0060000
(1778535300.025179) can0 18904010#020F0000753001FE
(1778535300.026170) can0 18FA28F4#373CA12C10270000
(1778535300.027172) can0 18FB28F4#E20CE00C39390000
(1778535300.028185) can0 18FC28F4#383300000F020000
(1778535300.029166) can0 18F810F3#0F02E80333640100
(1778535300.030192) can0 18F815F3#0000000010030000
(1778535300.031102) can0 273#000000000F023300
(1778535300.032096) can0 1E1#020F271001FE01FE
(1778535300.033109) can0 1F5#0000000000000000
(1778535300.034192) can0 0800A6A9#0000000000000000
(1778535300.035153) can0 1000A6A9#0F02881333434343
(1778535300.036186) can0 1C00A6A9#0000000000030000
(1778535300.037198) can0 02018100#1003020F00000000
(1778535300.038198) can0 02028100#0000003364000000
(1778535300.039179) can0 02038100#0CE201100CE00106
(1778535300.040170) can0 02048100#4301014301010000
(1778535300.107849) can0 0000E005#15273E0003B60591
(1778535300.108441) can0 1806E5F4#13EC010003B6023A
(1778535300.109200) can0 0000E000#13EC13EC020F0000
(1778535300.110162) can0 0000E004#111103B603B601E4
(1778535300.111162) can0 0000E006#0CE00CE00CE00CE0
(1778535300.112156) can0 0000E007#0CE00CE00CE00CE0
(1778535300.113174) can0 0000E008#0CE00CE00CE00CE0
(1778535300.114155) can0 0000E009#0CE00CE00CE00CE2
(1778535300.115196) can0 0000E010#0000000000000000
(1778535300.116200) can0 0000E011#0000000000000000
(1778535300.117181) can0 0000E012#0CE0000200000000
(1778535300.118207) can0 0000F001#0000000000000000
(1778535300.119182) can0 18FF28F4#10330000020F0000
(1778535300.120156) can0 18FE28F4#0CE20CE039390000
(1778535300.121168) can0 18FD28F4#1527FA6F00000000
(1778535300.122086) can0 4D4#000033007D0F0203
(1778535300.123067) can0 4D5#E00CE20C39390000
(1778535300.124163) can0 18914010#0CE2100CE0060000
(1778535300.125175) can0 18904010#020F0000753001FE
(1778535300.126175) can0 18FA28F4#373CA12C10270000
(1778535300.127151) can0 18FB28F4#E20CE00C39390000
(1778535300.128182) can0 18FC28F4#383300000F020000
(1778535300.129150) can0 18F810F3#0F02E80333640100
(1778535300.130195) can0 18F815F3#0000000010030000
(1778535300.131075) can0 273#000000000F023300
(1778535300.132081) can0 1E1#020F271001FE01FE
(1778535300.133106) can0 1F5#0000000000000000
(1778535300.134200) can0 0800A6A9#0000000000000000
(1778535300.135150) can0 1000A6A9#0F02881333434343
(1778535300.136182) can0 1C00A6A9#0000000000030000
(1778535300.137194) can0 02018100#1003020F00000000
(1778535300.138175) can0 02028100#0000003364000000
(1778535300.139174) can0 02038100#0CE201100CE00106
(1778535300.140169) can0 02048100#4301014301010000
(1778535300.224837) can0 0000E005#15273E0003B60591
(1778535300.225426) can0 1806E5F4#13EC010003B6023A
(1778535300.226170) can0 0000E000#13EC13EC020F0000
(1778535300.227190) can0 0000E004#111103B603B601E4
(1778535300.228159) can0 0000E006#0CE00CE00CE00CE0
(1778535300.229153) can0 0000E007#0CE00CE00CE00CE0
(1778535300.230153) can0 0000E008#0CE00CE00CE00CE0
(1778535300.231165) can0 0000E009#0CE00CE00CE00CE0
(1778535300.232197) can0 0000E010#0000000000000000
(1778535300.233191) can0 0000E011#0000000000000000
(1778535300.234184) can0 0000E012#0CE0000000000000
(1778535300.235191) can0 0000E013#4542323630354C43
(1778535300.236172) can0 0000E014#3134323300000000
(1778535300.237185) can0 0000E015#0000000000000003
(1778535300.238193) can0 0000F000#0000000000000000
(1778535300.239197) can0 0000F001#0000000000000000
(1778535300.240178) can0 18FF28F4#10330000020F0000
(1778535300.241160) can0 18FE28F4#0CE00CE039390000
(1778535300.242172) can0 18FD28F4#1527FA6F00000000
(1778535300.243121) can0 4D4#000033007D0F0203
(1778535300.244071) can0 4D5#E00CE00C39390000
(1778535300.245166) can0 18914010#0CE0010CE0020000
(1778535300.246177) can0 18904010#020F0000753001FE
(1778535300.247160) can0 18FA28F4#373CA12C10270000
(1778535300.248160) can0 18FB28F4#E00CE00C39390000
(1778535300.249172) can0 18FC28F4#383300000F020000
(1778535300.250148) can0 18F810F3#0F02E80333640100
(1778535300.251166) can0 18F811F3#E00C0101E00C0201
(1778535300.252167) can0 18F812F3#3901013901010000
(1778535300.253179) can0 18F813F3#0101000000000000
(1778535300.254160) can0 18F814F3#32000F19A9015F00
(1778535300.255173) can0 18F815F3#0000000010030000
(1778535300.256078) can0 273#000000000F023300
(1778535300.257071) can0 1E1#020F271001FE01FE
(1778535300.258094) can0 1F5#0000000000000000
(1778535300.259179) can0 0800A6A9#0000000000000000
(1778535300.260141) can0 1000A6A9#0F02881333434343
(1778535300.261166) can0 1C00A6A9#0000000000030000
(1778535300.262194) can0 02018100#1003020F00000000
(1778535300.263179) can0 02028100#0000003364000000
(1778535300.264173) can0 02038100#0CE001010CE00102
(1778535300.265172) can0 02048100#4301014301010000
(1778535300.322842) can0 0000E005#15273E0003B60591
(1778535300.323416) can0 1806E5F4#13EC010003B6023A
(1778535300.324168) can0 0000E000#13EC13EC020F0000
(1778535300.325155) can0 0000E004#111103B603B601E4
(1778535300.326149) can0 0000E006#0CE00CE00CE00CE0
(1778535300.327150) can0 0000E007#0CE00CE00CE00CE0
(1778535300.328162) can0 0000E008#0CE00CE00CE00CE0
(1778535300.329162) can0 0000E009#0CE00CE00CE00CE0
(1778535300.330189) can0 0000E010#0000000000000000
(1778535300.331187) can0 0000E011#0000000000000000
(1778535300.332188) can0 0000E012#0CE0000000000000
(1778535300.333200) can0 0000F001#0000000000000000
(1778535300.334181) can0 18FF28F4#10330000020F0000
(1778535300.335162) can0 18FE28F4#0CE00CE039390000
(1778535300.336157) can0 18FD28F4#1527FA6F00000000
(1778535300.337073) can0 4D4#000033007D0F0203
(1778535300.338050) can0 4D5#E00CE00C39390000
(1778535300.339150) can0 18914010#0CE0010CE0020000
(1778535300.340163) can0 18904010#020F0000753001FE
(1778535300.341150) can0 18FA28F4#373CA12C10270000
(1778535300.342143) can0 18FB28F4#E00CE00C39390000
(1778535300.343175) can0 18FC28F4#383300000F020000
(1778535300.344137) can0 18F810F3#0F02E80333640100
(1778535300.345188) can0 18F815F3#0000000010030000
(1778535300.346086) can0 273#000000000F023300
(1778535300.347067) can0 1E1#020F271001FE01FE
(1778535300.348100) can0 1F5#0000000000000000
(1778535300.349175) can0 0800A6A9#0000000000000000
(1778535300.350134) can0 1000A6A9#0F02881333434343
(1778535300.351169) can0 1C00A6A9#0000000000030000
(1778535300.352182) can0 02018100#1003020F00000000
(1778535300.353169) can0 02028100#0000003364000000
(1778535300.354159) can0 02038100#0CE001010CE00102
(1778535300.355163) can0 02048100#4301014301010000
(1778535300.422843) can0 0000E005#15273E0003B60591
(1778535300.423433) can0 1806E5F4#13EC010003B6023A
(1778535300.424171) can0 0000E000#13EC13EC020F0000
(1778535300.425152) can0 0000E004#111103B603B601E4
(1778535300.426146) can0 0000E006#0CE00CE00CE00CE0
(1778535300.427146) can0 0000E007#0CE00CE00CE00CE0
(1778535300.428137) can0 0000E008#0CE00CE00CE00CE0
(1778535300.429159) can0 0000E009#0CE00CE00CE00CE0
(1778535300.430184) can0 0000E010#0000000000000000
(1778535300.431184) can0 0000E011#0000000000000000
(1778535300.432177) can0 0000E012#0CE0000000000000
(1778535300.433178) can0 0000F001#0000000000000000
(1778535300.434177) can0 18FF28F4#10330000020F0000
(1778535300.435140) can0 18FE28F4#0CE00CE039390000
(1778535300.436159) can0 18FD28F4#1527FA6F00000000
(1778535300.437070) can0 4D4#000033007D0F0203
(1778535300.438057) can0 4D5#E00CE00C39390000
(1778535300.439146) can0 18914010#0CE0010CE0020000
(1778535300.440160) can0 18904010#020F0000753001FE
(1778535300.441146) can0 18FA28F4#373CA12C10270000
(1778535300.442159) can0 18FB28F4#E00CE00C39390000
(1778535300.443172) can0 18FC28F4#383300000F020000
(1778535300.444131) can0 18F810F3#0F02E80333640100
(1778535300.445165) can0 18F815F3#0000000010030000
(1778535300.446070) can0 273#000000000F023300
(1778535300.447064) can0 1E1#020F271001FE01FE
(1778535300.448096) can0 1F5#0000000000000000
(1778535300.449172) can0 0800A6A9#0000000000000000
(1778535300.450153) can0 1000A6A9#0F02881333434343
(1778535300.451172) can0 1C00A6A9#0000000000030000
(1778535300.452176) can0 02018100#1003020F00000000
(1778535300.453166) can0 02028100#0000003364000000
(1778535300.454159) can0 02038100#0CE001010CE00102
(1778535300.455159) can0 02048100#4301014301010000
(1778535300.522791) can0 0000E005#15273E0003B60591
(1778535300.523390) can0 1806E5F4#13EC010003B6023A
(1778535300.524161) can0 0000E000#13EC13EC020F0000
(1778535300.525143) can0 0000E004#111103B603B601E4
(1778535300.526142) can0 0000E006#0CE00CE00CE00CE0
(1778535300.527174) can0 0000E007#0CE00CE00CE00CE0
(1778535300.528136) can0 0000E008#0CE00CE00CE00CE0
(1778535300.529136) can0 0000E009#0CE00CE00CE00CE0
(1778535300.530178) can0 0000E010#0000000000000000
(1778535300.531181) can0 0000E011#0000000000000000
(1778535300.532162) can0 0000E012#0CE0000000000000
(1778535300.533174) can0 0000F001#0000000000000000
(1778535300.534164) can0 18FF28F4#10330000020F0000
(1778535300.535187) can0 18FE28F4#0CE00CE039390000
(1778535300.536150) can0 18FD28F4#1527FA6F00000000
(1778535300.537067) can0 4D4#000033007D0F0203
(1778535300.538047) can0 4D5#E00CE00C39390000
(1778535300.539162) can0 18914010#0CE0010CE0030000
(1778535300.540156) can0 18904010#020F0000753001FE
(1778535300.541137) can0 18FA28F4#373CA12C10270000
(1778535300.542133) can0 18FB28F4#E00CE00C39390000
(1778535300.543200) can0 18FC28F4#383300000F020000
(1778535300.544130) can0 18F810F3#0F02E80333640100
(1778535300.545162) can0 18F815F3#0000000010030000
(1778535300.546057) can0 273#000000000F023300
(1778535300.547060) can0 1E1#020F271001FE01FE
(1778535300.548073) can0 1F5#0000000000000000
(1778535300.549168) can0 0800A6A9#0000000000000000
(1778535300.550136) can0 1000A6A9#0F02881333434343
(1778535300.551213) can0 1C00A6A9#0000000000030000
(1778535300.552175) can0 02018100#1003020F00000000
(1778535300.553156) can0 02028100#0000003364000000
(1778535300.554155) can0 02038100#0CE001010CE00103
(1778535300.555150) can0 02048100#4301014301010000
(1778535300.622831) can0 0000E005#15273E0003B60591
(1778535300.623406) can0 1806E5F4#13EC010003B6023A
(1778535300.624159) can0 0000E000#13EC13EC020F0000
(1778535300.625138) can0 0000E004#111103B603B601E4
(1778535300.626139) can0 0000E006#0CE00CE00CE00CE0
(1778535300.627139) can0 0000E007#0CE00CE00CE00CE0
(1778535300.628184) can0 0000E008#0CE00CE00CE00CE0
(1778535300.629133) can0 0000E009#0CE00CE00CE00CE0
(1778535300.630177) can0 0000E010#0000000000000000
(1778535300.631177) can0 0000E011#0000000000000000
(1778535300.632151) can0 0000E012#0CE0000000000000
(1778535300.633170) can0 0000F001#0000000000000000
(1778535300.634171) can0 18FF28F4#10330000020F0000
(1778535300.635132) can0 18FE28F4#0CE00CE039390000
(1778535300.636144) can0 18FD28F4#1527FA6F00000000
(1778535300.637063) can0 4D4#000033007D0F0203
(1778535300.638044) can0 4D5#E00CE00C39390000
(1778535300.639139) can0 18914010#0CE0010CE0030000
(1778535300.640152) can0 18904010#020F0000753001FE
(1778535300.641133) can0 18FA28F4#373CA12C10270000
(1778535300.642133) can0 18FB28F4#E00CE00C39390000
(1778535300.643146) can0 18FC28F4#383300000F020000
(1778535300.644121) can0 18F810F3#0F02E80333640100
(1778535300.645158) can0 18F815F3#0000000010030000
(1778535300.646057) can0 273#000000000F023300
(1778535300.647057) can0 1E1#020F271001FE01FE
(1778535300.648068) can0 1F5#0000000000000000
(1778535300.649165) can0 0800A6A9#0000000000000000
(1778535300.650127) can0 1000A6A9#0F02881333434343
(1778535300.651158) can0 1C00A6A9#0000000000030000
(1778535300.652171) can0 02018100#1003020F00000000
(1778535300.653152) can0 02028100#0000003364000000
(1778535300.654152) can0 02038100#0CE001010CE00103
(1778535300.655146) can0 02048100#4301014301010000
(1778535300.739811) can0 0000E005#15273E0003B60591
(1778535300.740403) can0 1806E5F4#13EC010003B6023A
(1778535300.741161) can0 0000E000#13EC13EC020F0000
(1778535300.742142) can0 0000E004#111103B603B601E4
(1778535300.743116) can0 0000E006#0CE00CE00CE00CE0
(1778535300.744137) can0 0000E007#0CE00CE00CE00CE0
(1778535300.745136) can0 0000E008#0CE00CE00CE00CE0
(1778535300.746117) can0 0000E009#0CE00CE00CE00CE2
(1778535300.747161) can0 0000E010#0000000000000000
(1778535300.748163) can0 0000E011#0000000000000000
(1778535300.749143) can0 0000E012#0CE1000200000000
(1778535300.750143) can0 0000E013#4542323630354C43
(1778535300.751131) can0 0000E014#3134323300000000
(1778535300.752149) can0 0000E015#0000000000000003
(1778535300.753162) can0 0000F000#0000000000000000
(1778535300.754162) can0 0000F001#0000000000000000
(1778535300.755155) can0 18FF28F4#10330000020F0000
(1778535300.756124) can0 18FE28F4#0CE20CE039390000
(1778535300.757136) can0 18FD28F4#1527FA6F00000000
(1778535300.758073) can0 4D4#000033007D0F0203
(1778535300.759035) can0 4D5#E00CE20C39390000
(1778535300.760131) can0 18914010#0CE2100CE0020000
(1778535300.761143) can0 18904010#020F0000753001FE
(1778535300.762124) can0 18FA28F4#373CA12C10270000
(1778535300.763124) can0 18FB28F4#E20CE00C39390000
(1778535300.764156) can0 18FC28F4#383300000F020000
(1778535300.765118) can0 18F810F3#0F02E80333640100
(1778535300.766168) can0 18F811F3#E20C1001E00C0201
(1778535300.767125) can0 18F812F3#3901013901010000
(1778535300.768163) can0 18F813F3#0101000000000000
(1778535300.769124) can0 18F814F3#32000F19A9015F00
(1778535300.770156) can0 18F815F3#0000000010030000
(1778535300.771054) can0 273#000000000F023300
(1778535300.772055) can0 1E1#020F271001FE01FE
(1778535300.773068) can0 1F5#0000000000000000
(1778535300.774189) can0 0800A6A9#0000000000000000
(1778535300.775124) can0 1000A6A9#0F02881333434343
(1778535300.776150) can0 1C00A6A9#0000000000030000
(1778535300.777163) can0 02018100#1003020F00000000
(1778535300.778141) can0 02028100#0000003364000000
(1778535300.779143) can0 02038100#0CE201100CE00102
(1778535300.780138) can0 02048100#4301014301010000
(1778535300.837809) can0 0000E005#15273E0003B60591
(1778535300.838399) can0 1806E5F4#13EC010003B6023A
(1778535300.839151) can0 0000E000#13EC13EC020F0000
(1778535300.840120) can0 0000E004#111103B603B601E4
(1778535300.841133) can0 0000E006#0CE00CE00CE00CE0
(1778535300.842127) can0 0000E007#0CE00CE00CE00CE0
(1778535300.843158) can0 0000E008#0CE00CE00CE00CE0
(1778535300.844127) can0 0000E009#0CE00CE00CE00CE2
(1778535300.845159) can0 0000E010#0000000000000000
(1778535300.846150) can0 0000E011#0000000000000000
(1778535300.847132) can0 0000E012#0CE1000200000000
(1778535300.848165) can0 0000F001#0000000000000000
(1778535300.849145) can0 18FF28F4#10330000020F0000
(1778535300.850127) can0 18FE28F4#0CE20CE039390000
(1778535300.851171) can0 18FD28F4#1527FA6F00000000
(1778535300.852044) can0 4D4#000033007D0F0203
(1778535300.853025) can0 4D5#E00CE20C39390000
(1778535300.854111) can0 18914010#0CE2100CE0020000
(1778535300.855133) can0 18904010#020F0000753001FE
(1778535300.856127) can0 18FA28F4#373CA12C10270000
(1778535300.857126) can0 18FB28F4#E20CE00C39390000
(1778535300.858135) can0 18FC28F4#383300000F020000
(1778535300.859121) can0 18F810F3#0F02E80333640100
(1778535300.860152) can0 18F815F3#0000000010030000
(1778535300.861051) can0 273#000000000F023300
(1778535300.862032) can0 1E1#020F271001FE01FE
(1778535300.863063) can0 1F5#0000000000000000
(1778535300.864140) can0 0800A6A9#0000000000000000
(1778535300.865108) can0 1000A6A9#0F02881333434343
(1778535300.866135) can0 1C00A6A9#0000000000030000
(1778535300.867153) can0 02018100#1003020F00000000
(1778535300.868146) can0 02028100#0000003364000000
(1778535300.869127) can0 02038100#0CE201100CE00102
(1778535300.870120) can0 02048100#4301014301010000
(1778535300.937796) can0 0000E005#15273E0003B60591
(1778535300.938390) can0 1806E5F4#13EC010003B6023A
(1778535300.939148) can0 0000E000#13EC13EC020F0000
(1778535300.940111) can0 0000E004#111103B603B601E4
(1778535300.941123) can0 0000E006#0CE00CE00CE00CE0
(1778535300.942122) can0 0000E007#0CE00CE00CE00CE0
(1778535300.943123) can0 0000E008#0CE00CE00CE00CE0
(1778535300.944099) can0 0000E009#0CE00CE00CE00CE2
(1778535300.945148) can0 0000E010#0000000000000000
(1778535300.946148) can0 0000E011#0000000000000000
(1778535300.947129) can0 0000E012#0CE1000200000000
(1778535300.948154) can0 0000F001#0000000000000000
(1778535300.949142) can0 18FF28F4#10330000020F0000
(1778535300.950123) can0 18FE28F4#0CE20CE039390000
(1778535300.951117) can0 18FD28F4#1527FA6F00000000
(1778535300.952034) can0 4D4#000033007D0F0203
(1778535300.953015) can0 4D5#E00CE20C39390000
(1778535300.954129) can0 18914010#0CE2100CE0020000
(1778535300.955123) can0 18904010#020F0000753001FE
(1778535300.956099) can0 18FA28F4#373CA12C10270000
(1778535300.957117) can0 18FB28F4#E20CE00C39390000
(1778535300.958136) can0 18FC28F4#383300000F020000
(1778535300.959117) can0 18F810F3#0F02E80333640100
(1778535300.960139) can0 18F815F3#0000000010030000
(1778535300.961047) can0 273#000000000F023300
(1778535300.962028) can0 1E1#020F271001FE01FE
(1778535300.963060) can0 1F5#0000000000000000
(1778535300.964136) can0 0800A6A9#0000000000000000
(1778535300.965117) can0 1000A6A9#0F02881333434343
(1778535300.966130) can0 1C00A6A9#0000000000030000
(1778535300.967142) can0 02018100#1003020F00000000
(1778535300.968138) can0 02028100#0000003364000000
(1778535300.969124) can0 02038100#0CE201100CE00102
(1778535300.970117) can0 02048100#4301014301010000
(1778535301.037744) can0 0000E005#15273E0003B60591
(1778535301.038332) can0 1806E5F4#13EC010003B6023A
(1778535301.039139) can0 0000E000#13EC13EC020F0000
(1778535301.040107) can0 0000E004#111103B603B601E4
(1778535301.041119) can0 0000E006#0CE00CE00CE00CE0
(1778535301.042119) can0 0000E007#0CE00CE00CE00CE0
(1778535301.043113) can0 0000E008#0CE00CE00CE00CE0
(1778535301.044114) can0 0000E009#0CE00CE00CE00CE0
(1778535301.045145) can0 0000E010#0000000000000000
(1778535301.046132) can0 0000E011#0000000000000000
(1778535301.047139) can0 0000E012#0CE0000000000000
(1778535301.048152) can0 0000F001#0000000000000000
(1778535301.049132) can0 18FF28F4#10330000020F0000
(1778535301.050125) can0 18FE28F4#0CE00CE039390000
(1778535301.051126) can0 18FD28F4#1527FA6F00000000
(1778535301.052031) can0 4D4#000033007D0F0203
(1778535301.053024) can0 4D5#E00CE00C39390000
(1778535301.054120) can0 18914010#0CE0010CE0040000
(1778535301.055120) can0 18904010#020F0000753001FE
(1778535301.056114) can0 18FA28F4#373CA12C10270000
(1778535301.057113) can0 18FB28F4#E00CE00C39390000
(1778535301.058140) can0 18FC28F4#383300000F020000
(1778535301.059107) can0 18F810F3#0F02E80333640100
(1778535301.060139) can0 18F815F3#0000000010030000
(1778535301.061038) can0 273#000000000F023300
(1778535301.062035) can0 1E1#020F271001FE01FE
(1778535301.063050) can0 1F5#0000000000000000
(1778535301.064127) can0 0800A6A9#0000000000000000
(1778535301.065095) can0 1000A6A9#0F02881333434343
(1778535301.066171) can0 1C00A6A9#0000000000030000
(1778535301.067139) can0 02018100#1003020F00000000
(1778535301.068134) can0 02028100#0000003364000000
(1778535301.069133) can0 02038100#0CE001010CE00104
(1778535301.070110) can0 02048100#4301014301010000
(1778535301.137783) can0 0000E005#15273E0003B60591
(1778535301.138376) can0 1806E5F4#13EC010003B6023A
(1778535301.139129) can0 0000E000#13EC13EC020F0000
(1778535301.140106) can0 0000E004#111103B603B601E4
(1778535301.141110) can0 0000E006#0CE00CE00CE00CE0
(1778535301.142110) can0 0000E007#0CE00CE00CE00CE0
(1778535301.143135) can0 0000E008#0CE00CE00CE00CE0
(1778535301.144104) can0 0000E009#0CE00CE00CE00CE0
(1778535301.145148) can0 0000E010#0000000000000000
(1778535301.146147) can0 0000E011#0000000000000000
(1778535301.147129) can0 0000E012#0CE0000000000000
(1778535301.148136) can0 0000F001#0000000000000000
(1778535301.149142) can0 18FF28F4#10330000020F0000
(1778535301.150103) can0 18FE28F4#0CE00CE039390000
(1778535301.151148) can0 18FD28F4#1527FA6F00000000
(1778535301.152030) can0 4D4#000033007D0F0203
(1778535301.153014) can0 4D5#E00CE00C39390000
(1778535301.154129) can0 18914010#0CE0010CE0040000
(1778535301.155123) can0 18904010#020F0000753001FE
(1778535301.156104) can0 18FA28F4#373CA12C10270000
(1778535301.157104) can0 18FB28F4#E00CE00C39390000
(1778535301.158117) can0 18FC28F4#383300000F020000
(1778535301.159148) can0 18F810F3#0F02E80333640100
(1778535301.160128) can0 18F815F3#0000000010030000
(1778535301.161028) can0 273#000000000F023300
(1778535301.162028) can0 1E1#020F271001FE01FE
(1778535301.163040) can0 1F5#0000000000000000
(1778535301.164130) can0 0800A6A9#0000000000000000
(1778535301.165098) can0 1000A6A9#0F02881333434343
(1778535301.166129) can0 1C00A6A9#0000000000030000
(1778535301.167142) can0 02018100#1003020F00000000
(1778535301.168123) can0 02028100#0000003364000000
(1778535301.169123) can0 02038100#0CE001010CE00104
(1778535301.170117) can0 02048100#4301014301010000
(1778535301.254795) can0 0000E005#15273E0003B60591
(1778535301.255382) can0 1806E5F4#13EC010003B6023A
(1778535301.256126) can0 0000E000#13EC13EC020F0000
(1778535301.257107) can0 0000E004#111103B603B601E4
(1778535301.258101) can0 0000E006#0CE00CE00CE00CE0
(1778535301.259094) can0 0000E007#0CE00CE00CE00CE0
(1778535301.260100) can0 0000E008#0CE00CE00CE00CE0
(1778535301.261094) can0 0000E009#0CE00CE00CE00CE2
(1778535301.262138) can0 0000E010#0000000000000000
(1778535301.263139) can0 0000E011#0000000000000000
(1778535301.264120) can0 0000E012#0CE0000200000000
(1778535301.265088) can0 0000E013#4542323630354C43
(1778535301.266113) can0 0000E014#3134323300000000
(1778535301.267124) can0 0000E015#0000000000000003
(1778535301.268146) can0 0000F000#0000000000000000
(1778535301.269139) can0 0000F001#0000000000000000
(1778535301.270120) can0 18FF28F4#10330000020F0000
(1778535301.271102) can0 18FE28F4#0CE20CE039390000
(1778535301.272120) can0 18FD28F4#1527FA6F00000000
(1778535301.273037) can0 4D4#000033007D0F0203
(1778535301.274018) can0 4D5#E00CE20C39390000
(1778535301.275094) can0 18914010#0CE2100CE0020000
(1778535301.276108) can0 18904010#020F0000753001FE
(1778535301.277088) can0 18FA28F4#373CA12C10270000
(1778535301.278101) can0 18FB28F4#E20CE00C39390000
(1778535301.279116) can0 18FC28F4#383300000F020000
(1778535301.280102) can0 18F810F3#0F02E80333640100
(1778535301.281114) can0 18F811F3#E20C1001E00C0201
(1778535301.282114) can0 18F812F3#3901013901010000
(1778535301.283125) can0 18F813F3#0101000000000000
(1778535301.284108) can0 18F814F3#32000F19A9015F00
(1778535301.285121) can0 18F815F3#0000000010030000
(1778535301.286018) can0 273#000000000F023300
(1778535301.287019) can0 1E1#020F271001FE01FE
(1778535301.288044) can0 1F5#0000000000000000
(1778535301.289140) can0 0800A6A9#0000000000000000
(1778535301.290089) can0 1000A6A9#0F02881333434343
(1778535301.291109) can0 1C00A6A9#0000000000030000
(1778535301.292127) can0 02018100#1003020F00000000
(1778535301.293127) can0 02028100#0000003364000000
(1778535301.294120) can0 02038100#0CE201100CE00102
(1778535301.295110) can0 02048100#4301014301010000
(1778535301.352771) can0 0000E005#15273E0003B60591
(1778535301.353364) can0 1806E5F4#13EC010003B6023A
(1778535301.354116) can0 0000E000#13EC13EC020F0000
(1778535301.355097) can0 0000E004#111103B603B601E4
(1778535301.356097) can0 0000E006#0CE00CE00CE00CE0
(1778535301.357091) can0 0000E007#0CE00CE00CE00CE0
(1778535301.358110) can0 0000E008#0CE00CE00CE00CE0
(1778535301.359080) can0 0000E009#0CE00CE00CE00CE2
(1778535301.360136) can0 0000E010#0000000000000000
(1778535301.361129) can0 0000E011#0000000000000000
(1778535301.362116) can0 0000E012#0CE0000200000000
(1778535301.363119) can0 0000F001#0000000000000000
(1778535301.364123) can0 18FF28F4#10330000020F0000
(1778535301.365091) can0 18FE28F4#0CE20CE039390000
(1778535301.366136) can0 18FD28F4#1527FA6F00000000
(1778535301.367021) can0 4D4#000033007D0F0203
(1778535301.368003) can0 4D5#E00CE20C39390000
(1778535301.369097) can0 18914010#0CE2100CE0020000
(1778535301.370110) can0 18904010#020F0000753001FE
(1778535301.371089) can0 18FA28F4#373CA12C10270000
(1778535301.372091) can0 18FB28F4#E20CE00C39390000
(1778535301.373104) can0 18FC28F4#383300000F020000
(1778535301.374116) can0 18F810F3#0F02E80333640100
(1778535301.375112) can0 18F815F3#0000000010030000
(1778535301.376015) can0 273#000000000F023300
(1778535301.377015) can0 1E1#020F271001FE01FE
(1778535301.378028) can0 1F5#0000000000000000
(1778535301.379123) can0 0800A6A9#0000000000000000
(1778535301.380091) can0 1000A6A9#0F02881333434343
(1778535301.381104) can0 1C00A6A9#0000000000030000
(1778535301.382168) can0 02018100#1003020F00000000
(1778535301.383112) can0 02028100#0000003364000000
(1778535301.384110) can0 02038100#0CE201100CE00102
(1778535301.385110) can0 02048100#4301014301010000
(1778535301.452768) can0 0000E005#15273E0003B60591
(1778535301.453352) can0 1806E5F4#13EC010003B6023A
(1778535301.454112) can0 0000E000#13EC13EC020F0000
(1778535301.455094) can0 0000E004#111103B603B601E4
(1778535301.456094) can0 0000E006#0CE00CE00CE00CE0
(1778535301.457087) can0 0000E007#0CE00CE00CE00CE0
(1778535301.458088) can0 0000E008#0CE00CE00CE00CE0
(1778535301.459119) can0 0000E009#0CE00CE00CE00CE2
(1778535301.460132) can0 0000E010#0000000000000000
(1778535301.461122) can0 0000E011#0000000000000000
(1778535301.462113) can0 0000E012#0CE0000200000000
(1778535301.463125) can0 0000F001#0000000000000000
(1778535301.464106) can0 18FF28F4#10330000020F0000
(1778535301.465084) can0 18FE28F4#0CE20CE039390000
(1778535301.466100) can0 18FD28F4#1527FA6F00000000
(1778535301.467049) can0 4D4#000033007D0F0203
(1778535301.467993) can0 4D5#E00CE20C39390000
(1778535301.469094) can0 18914010#0CE2100CE0020000
(1778535301.470107) can0 18904010#020F0000753001FE
(1778535301.471088) can0 18FA28F4#373CA12C10270000
(1778535301.472088) can0 18FB28F4#E20CE00C39390000
(1778535301.473092) can0 18FC28F4#383300000F020000
(1778535301.474081) can0 18F810F3#0F02E80333640100
(1778535301.475113) can0 18F815F3#0000000010030000
(1778535301.476012) can0 273#000000000F023300
(1778535301.477008) can0 1E1#020F271001FE01FE
(1778535301.478037) can0 1F5#0000000000000000
(1778535301.479119) can0 0800A6A9#0000000000000000
(1778535301.480082) can0 1000A6A9#0F02881333434343
(1778535301.481113) can0 1C00A6A9#0000000000030000
(1778535301.482126) can0 02018100#1003020F00000000
(1778535301.483107) can0 02028100#0000003364000000
(1778535301.484102) can0 02038100#0CE201100CE00102
(1778535301.485099) can0 02048100#4301014301010000
(1778535301.552756) can0 0000E005#15273E0003B60591
(1778535301.553345) can0 1806E5F4#13EC010003B6023A
(1778535301.554095) can0 0000E000#13EC13EC020F0000
(1778535301.555083) can0 0000E004#111103B603B601E4
(1778535301.556078) can0 0000E006#0CE00CE00CE00CE0
(1778535301.557077) can0 0000E007#0CE00CE00CE00CE0
(1778535301.558090) can0 0000E008#0CE00CE00CE00CE0
(1778535301.559071) can0 0000E009#0CE00CE00CE00CE2
(1778535301.560123) can0 0000E010#0000000000000000
(1778535301.561115) can0 0000E011#0000000000000000
(1778535301.562094) can0 0000E012#0CE0000200000000
(1778535301.563109) can0 0000F001#0000000000000000
(1778535301.564110) can0 18FF28F4#10330000020F0000
(1778535301.565078) can0 18FE28F4#0CE20CE039390000
(1778535301.566088) can0 18FD28F4#1527FA6F00000000
(1778535301.567008) can0 4D4#000033007D0F0203
(1778535301.567996) can0 4D5#E00CE20C39390000
(1778535301.569078) can0 18914010#0CE2100CE0010000
(1778535301.570097) can0 18904010#020F0000753001FE
(1778535301.571078) can0 18FA28F4#373CA12C10270000
(1778535301.572072) can0 18FB28F4#E20CE00C39390000
(1778535301.573103) can0 18FC28F4#383300000F020000
(1778535301.574064) can0 18F810F3#0F02E80333640100
(1778535301.575116) can0 18F815F3#0000000010030000
(1778535301.576015) can0 273#000000000F023300
(1778535301.576996) can0 1E1#020F271001FE01FE
(1778535301.578019) can0 1F5#0000000000000000
(1778535301.579104) can0 0800A6A9#0000000000000000
(1778535301.580072) can0 1000A6A9#0F02881333434343
(1778535301.581116) can0 1C00A6A9#0000000000030000
(1778535301.582116) can0 02018100#1003020F00000000
(1778535301.583097) can0 02028100#0000003364000000
(1778535301.584091) can0 02038100#0CE201100CE00101
(1778535301.585091) can0 02048100#4301014301010000
(1778535301.652743) can0 0000E005#15273E0003B60591
(1778535301.653341) can0 1806E5F4#13EC010003B6023A
(1778535301.654112) can0 0000E000#13EC13EC020F0000
(1778535301.655074) can0 0000E004#111103B603B601E4
(1778535301.656083) can0 0000E006#0CE00CE00CE00CE0
(1778535301.657087) can0 0000E007#0CE00CE00CE00CE0
(1778535301.658099) can0 0000E008#0CE00CE00CE00CE0
(1778535301.659061) can0 0000E009#0CE00CE00CE00CE2
(1778535301.660112) can0 0000E010#0000000000000000
(1778535301.661106) can0 0000E011#0000000000000000
(1778535301.662106) can0 0000E012#0CE0000200000000
(1778535301.663119) can0 0000F001#0000000000000000
(1778535301.664098) can0 18FF28F4#10330000020F0000
(1778535301.665080) can0 18FE28F4#0CE20CE039390000
(1778535301.666113) can0 18FD28F4#1527FA6F00000000
(1778535301.666998) can0 4D4#000033007D0F0203
(1778535301.667999) can0 4D5#E00CE20C39390000
(1778535301.669087) can0 18914010#0CE2100CE0010000
(1778535301.670088) can0 18904010#020F0000753001FE
(1778535301.671068) can0 18FA28F4#373CA12C10270000
(1778535301.672082) can0 18FB28F4#E20CE00C39390000
(1778535301.673094) can0 18FC28F4#383300000F020000
(1778535301.674093) can0 18F810F3#0F02E80333640100
(1778535301.675106) can0 18F815F3#0000000010030000
(1778535301.676007) can0 273#000000000F023300
(1778535301.676998) can0 1E1#020F271001FE01FE
(1778535301.678018) can0 1F5#0000000000000000
(1778535301.679094) can0 0800A6A9#0000000000000000
(1778535301.680060) can0 1000A6A9#0F02881333434343
(1778535301.681094) can0 1C00A6A9#0000000000030000
(1778535301.682157) can0 02018100#1003020F00000000
(1778535301.683100) can0 02028100#0000003364000000
(1778535301.684082) can0 02038100#0CE201100CE00101
(1778535301.685081) can0 02048100#4301014301010000
(1778535301.769762) can0 0000E005#15273E0003B60591
(1778535301.770338) can0 1806E5F4#13EC010003B6023A
(1778535301.771101) can0 0000E000#13EC13EC020F0000
(1778535301.772071) can0 0000E004#111103B603B601E4
(1778535301.773071) can0 0000E006#0CE00CE00CE00CE0
(1778535301.774066) can0 0000E007#0CE00CE00CE00CE0
(1778535301.775078) can0 0000E008#0CE00CE00CE00CE0
(1778535301.776059) can0 0000E009#0CE00CE00CE00CE2
(1778535301.777109) can0 0000E010#0000000000000000
(1778535301.778103) can0 0000E011#0000000000000000
(1778535301.779084) can0 0000E012#0CE0000200000000
(1778535301.780053) can0 0000E013#4542323630354C43
(1778535301.781084) can0 0000E014#3134323300000000
(1778535301.782097) can0 0000E015#0000000000000003
(1778535301.783108) can0 0000F000#0000000000000000
(1778535301.784110) can0 0000F001#0000000000000000
(1778535301.785103) can0 18FF28F4#10330000020F0000
(1778535301.786072) can0 18FE28F4#0CE20CE039390000
(1778535301.787079) can0 18FD28F4#1527FA6F00000000
(1778535301.788002) can0 4D4#000033007D0F0203
(1778535301.789002) can0 4D5#E00CE20C39390000
(1778535301.790072) can0 18914010#0CE2100CE00D0000
(1778535301.791084) can0 18904010#020F0000753001FE
(1778535301.792066) can0 18FA28F4#373CA12C10270000
(1778535301.793065) can0 18FB28F4#E20CE00C39390000
(1778535301.794078) can0 18FC28F4#383300000F020000
(1778535301.795056) can0 18F810F3#0F02E80333640100
(1778535301.796072) can0 18F811F3#E20C1001E00C0D01
(1778535301.797072) can0 18F812F3#3901013901010000
(1778535301.798104) can0 18F813F3#0101000000000000
(1778535301.799063) can0 18F814F3#32000F19A9015F00
(1778535301.800098) can0 18F815F3#0000000010030000
(1778535301.801002) can0 273#000000000F023300
(1778535301.802002) can0 1E1#020F271001FE01FE
(1778535301.803021) can0 1F5#0000000000000000
(1778535301.804098) can0 0800A6A9#0000000000000000
(1778535301.805059) can0 1000A6A9#0F02881333434343
(1778535301.806091) can0 1C00A6A9#0000000000030000
(1778535301.807094) can0 02018100#1003020F00000000
(1778535301.808079) can0 02028100#0000003364000000
(1778535301.809079) can0 02038100#0CE201100CE0010D
(1778535301.810072) can0 02048100#4301014301010000
(1778535301.867750) can0 0000E005#15273E0003B60591
(1778535301.868341) can0 1806E5F4#13EC010003B6023A
(1778535301.869080) can0 0000E000#13EC13EC020F0000
(1778535301.870061) can0 0000E004#111103B603B601E4
(1778535301.871061) can0 0000E006#0CE00CE00CE00CE0
(1778535301.872062) can0 0000E007#0CE00CE00CE00CE0
(1778535301.873074) can0 0000E008#0CE00CE00CE00CE0
(1778535301.874055) can0 0000E009#0CE00CE00CE00CE2
(1778535301.875096) can0 0000E010#0000000000000000
(1778535301.876100) can0 0000E011#0000000000000000
(1778535301.877080) can0 0000E012#0CE0000200000000
(1778535301.878106) can0 0000F001#0000000000000000
(1778535301.879089) can0 18FF28F4#10330000020F0000
(1778535301.880055) can0 18FE28F4#0CE20CE039390000
(1778535301.881068) can0 18FD28F4#1527FA6F00000000
(1778535301.882004) can0 4D4#000033007D0F0203
(1778535301.883004) can0 4D5#E00CE20C39390000
(1778535301.884075) can0 18914010#0CE2100CE00D0000
(1778535301.885068) can0 18904010#020F0000753001FE
(1778535301.886068) can0 18FA28F4#373CA12C10270000
(1778535301.887058) can0 18FB28F4#E20CE00C39390000
(1778535301.888081) can0 18FC28F4#383300000F020000
(1778535301.889075) can0 18F810F3#0F02E80333640100
(1778535301.890094) can0 18F815F3#0000000010030000
(1778535301.891005) can0 273#000000000F023300
(1778535301.892005) can0 1E1#020F271001FE01FE
(1778535301.893018) can0 1F5#0000000000000000
(1778535301.894093) can0 0800A6A9#0000000000000000
(1778535301.895062) can0 1000A6A9#0F02881333434343
(1778535301.896075) can0 1C00A6A9#0000000000030000
(1778535301.897119) can0 02018100#1003020F00000000
(1778535301.898088) can0 02028100#0000003364000000
(1778535301.899058) can0 02038100#0CE201100CE0010D
(1778535301.900075) can0 02048100#4301014301010000
(1778535301.912006) can0 00000E00#00354C4331343233
(1778535301.967744) can0 0000E005#15273E0003B60591
(1778535301.968329) can0 1806E5F4#13EC010003B6023A
(1778535301.969090) can0 0000E000#13EC13EC020F0000
(1778535301.970052) can0 0000E004#111103B603B601E4
(1778535301.971071) can0 0000E006#0CE00CE00CE00CE0
(1778535301.972065) can0 0000E007#0CE00CE00CE00CE0
(1778535301.973064) can0 0000E008#0CE00CE00CE00CE0
(1778535301.974077) can0 0000E009#0CE00CE00CE00CE2
(1778535301.975090) can0 0000E010#0000000000000000
(1778535301.976084) can0 0000E011#0000000000000000
(1778535301.977090) can0 0000E012#0CE0000200000000
(1778535301.978102) can0 0000F001#0000000000000000
(1778535301.979084) can0 18FF28F4#10330000020F0000
(1778535301.980062) can0 18FE28F4#0CE20CE039390000
(1778535301.981065) can0 18FD28F4#1527FA6F00000000
(1778535301.982007) can0 4D4#000033007D0F0203
(1778535301.983007) can0 4D5#E00CE20C39390000
(1778535301.984052) can0 18914010#0CE2100CE00D0000
(1778535301.985064) can0 18904010#020F0000753001FE
(1778535301.986064) can0 18FA28F4#373CA12C10270000
(1778535301.987058) can0 18FB28F4#E20CE00C39390000
(1778535301.988069) can0 18FC28F4#383300000F020000
(1778535301.989059) can0 18F810F3#0F02E80333640100
(1778535301.990115) can0 18F815F3#0000000010030000
(1778535301.991008) can0 273#000000000F023300
(1778535301.992008) can0 1E1#020F271001FE01FE
(1778535301.993008) can0 1F5#0000000000000000
(1778535301.994084) can0 0800A6A9#0000000000000000
(1778535301.995052) can0 1000A6A9#0F02881333434343
(1778535301.996084) can0 1C00A6A9#0000000000030000
(1778535301.997096) can0 02018100#1003020F00000000
(1778535301.998129) can0 02028100#0000003364000000
(1778535301.999072) can0 02038100#0CE201100CE0010D
(1778535302.000069) can0 02048100#4301014301010000
(1778535302.067755) can0 0000E005#15273E0003B60591
(1778535302.068328) can0 1806E5F4#13EC010003B6023A
(1778535302.069086) can0 0000E000#13EC13EC020F0000
(1778535302.070049) can0 0000E004#111103B603B601E4
(1778535302.071061) can0 0000E006#0CE00CE00CE00CE0
(1778535302.072061) can0 0000E007#0CE00CE00CE00CE0
(1778535302.073061) can0 0000E008#0CE00CE00CE00CE0
(1778535302.074055) can0 0000E009#0CE00CE00CE00CE0
(1778535302.075137) can0 0000E010#0000000000000000
(1778535302.076081) can0 0000E011#0000000000000000
(1778535302.077080) can0 0000E012#0CE0000000000000
(1778535302.078094) can0 0000F001#0000000000000000
(1778535302.079074) can0 18FF28F4#10330000020F0000
(1778535302.080055) can0 18FE28F4#0CE00CE039390000
(1778535302.081074) can0 18FD28F4#1527FA6F00000000
(1778535302.082010) can0 4D4#000033007D0F0203
(1778535302.083010) can0 4D5#E00CE00C39390000
(1778535302.084055) can0 18914010#0CE0010CE0020000
(1778535302.085067) can0 18904010#020F0000753001FE
(1778535302.086048) can0 18FA28F4#373CA12C10270000
(1778535302.087048) can0 18FB28F4#E00CE00C39390000
(1778535302.088081) can0 18FC28F4#383300000F020000
(1778535302.089043) can0 18F810F3#0F02E80333640100
(1778535302.090087) can0 18F815F3#0000000010030000
(1778535302.091010) can0 273#000000000F023300
(1778535302.092011) can0 1E1#020F271001FE01FE
(1778535302.093011) can0 1F5#0000000000000000
(1778535302.094072) can0 0800A6A9#0000000000000000
(1778535302.095055) can0 1000A6A9#0F02881333434343
(1778535302.096069) can0 1C00A6A9#0000000000030000
(1778535302.097080) can0 02018100#1003020F00000000
(1778535302.098081) can0 02028100#0000003364000000
(1778535302.099062) can0 02038100#0CE001010CE00102
(1778535302.100055) can0 02048100#4301014301010000
(1778535302.167732) can0 0000E005#15273E0003B60591
(1778535302.168317) can0 1806E5F4#13EC010003B6023A
(1778535302.169076) can0 0000E000#13EC13EC020F0000
(1778535302.170058) can0 0000E004#111103B603B601E4
(1778535302.171058) can0 0000E006#0CE00CE00CE00CE0
(1778535302.172052) can0 0000E007#0CE00CE00CE00CE0
(1778535302.173051) can0 0000E008#0CE00CE00CE00CE0
(1778535302.174051) can0 0000E009#0CE00CE00CE00CE0
(1778535302.175095) can0 0000E010#0000000000000000
(1778535302.176077) can0 0000E011#0000000000000000
(1778535302.177077) can0 0000E012#0CE0000000000000
(1778535302.178090) can0 0000F001#0000000000000000
(1778535302.179071) can0 18FF28F4#10330000020F0000
(1778535302.180044) can0 18FE28F4#0CE00CE039390000
(1778535302.181064) can0 18FD28F4#1527FA6F00000000
(1778535302.182013) can0 4D4#000033007D0F0203
(1778535302.182954) can0 4D5#E00CE00C39390000
(1778535302.184052) can0 18914010#0CE0010CE0020000
(1778535302.185071) can0 18904010#020F0000753001FE
(1778535302.186052) can0 18FA28F4#373CA12C10270000
(1778535302.187045) can0 18FB28F4#E00CE00C39390000
(1778535302.188065) can0 18FC28F4#383300000F020000
(1778535302.189058) can0 18F810F3#0F02E80333640100
(1778535302.190071) can0 18F815F3#0000000010030000
(1778535302.191014) can0 273#000000000F023300
(1778535302.192014) can0 1E1#020F271001FE01FE
(1778535302.193013) can0 1F5#0000000000000000
(1778535302.194071) can0 0800A6A9#0000000000000000
(1778535302.195033) can0 1000A6A9#0F02881333434343
(1778535302.196060) can0 1C00A6A9#0000000000030000
(1778535302.197096) can0 02018100#1003020F00000000
(1778535302.198077) can0 02028100#0000003364000000
(1778535302.199058) can0 02038100#0CE001010CE00102
(1778535302.200052) can0 02048100#4301014301010000
(1778535302.284731) can0 0000E005#15273E0003B60591
(1778535302.285309) can0 1806E5F4#13EC010003B6023A
(1778535302.286061) can0 0000E000#13EC13EC020F0000
(1778535302.287039) can0 0000E004#111103B603B601E4
(1778535302.288042) can0 0000E006#0CE00CE00CE00CE0
(1778535302.289055) can0 0000E007#0CE00CE00CE00CE0
(1778535302.290086) can0 0000E008#0CE00CE00CE00CE0
(1778535302.291047) can0 0000E009#0CE00CE00CE00CE0
(1778535302.292080) can0 0000E010#0000000000000000
(1778535302.293074) can0 0000E011#0000000000000000
(1778535302.294074) can0 0000E012#0CE0000000000000
(1778535302.295016) can0 0000E013#4542323630354C43
(1778535302.296055) can0 0000E014#3134323300000000
(1778535302.297067) can0 0000E015#0000000000000003
(1778535302.298131) can0 0000F000#0000000000000000
(1778535302.299074) can0 0000F001#0000000000000000
(1778535302.300062) can0 18FF28F4#10330000020F0000
(1778535302.301032) can0 18FE28F4#0CE00CE039390000
(1778535302.302048) can0 18FD28F4#1527FA6F00000000
(1778535302.303017) can0 4D4#000033007D0F0203
(1778535302.303945) can0 4D5#E00CE00C39390000
(1778535302.305055) can0 18914010#0CE0010CE0050000
(1778535302.306106) can0 18904010#020F0000753001FE
(1778535302.307036) can0 18FA28F4#373CA12C10270000
(1778535302.308036) can0 18FB28F4#E00CE00C39390000
(1778535302.309061) can0 18FC28F4#383300000F020000
(1778535302.310025) can0 18F810F3#0F02E80333640100
(1778535302.311042) can0 18F811F3#E00C0101E00C0501
(1778535302.312055) can0 18F812F3#3901013901010000
(1778535302.313068) can0 18F813F3#0101000000000000
(1778535302.314048) can0 18F814F3#32000F19A9015F00
(1778535302.315068) can0 18F815F3#0000000010030000
(1778535302.315959) can0 273#000000000F023300
(1778535302.316957) can0 1E1#020F271001FE01FE
(1778535302.318017) can0 1F5#0000000000000000
(1778535302.319062) can0 0800A6A9#0000000000000000
(1778535302.320024) can0 1000A6A9#0F02881333434343
(1778535302.321056) can0 1C00A6A9#0000000000030000
(1778535302.322063) can0 02018100#1003020F00000000
(1778535302.323062) can0 02028100#0000003364000000
(1778535302.324062) can0 02038100#0CE001010CE00105
(1778535302.325056) can0 02048100#4301014301010000
(1778535302.382730) can0 0000E005#15273E0003B60591
(1778535302.383300) can0 1806E5F4#13EC010003B6023A
(1778535302.384057) can0 0000E000#13EC13EC020F0000
(1778535302.385038) can0 0000E004#111103B603B601E4
(1778535302.386032) can0 0000E006#0CE00CE00CE00CE0
(1778535302.387051) can0 0000E007#0CE00CE00CE00CE0
(1778535302.388045) can0 0000E008#0CE00CE00CE00CE0
(1778535302.389045) can0 0000E009#0CE00CE00CE00CE0
(1778535302.390073) can0 0000E010#0000000000000000
(1778535302.391070) can0 0000E011#0000000000000000
(1778535302.392052) can0 0000E012#0CE0000000000000
(1778535302.393064) can0 0000F001#0000000000000000
(1778535302.394058) can0 18FF28F4#10330000020F0000
(1778535302.395045) can0 18FE28F4#0CE00CE039390000
(1778535302.396045) can0 18FD28F4#1527FA6F00000000
(1778535302.396955) can0 4D4#000033007D0F0203
(1778535302.397941) can0 4D5#E00CE00C39390000
(1778535302.399038) can0 18914010#0CE0010CE0050000
(1778535302.400052) can0 18904010#020F0000753001FE
(1778535302.401032) can0 18FA28F4#373CA12C10270000
(1778535302.402027) can0 18FB28F4#E00CE00C39390000
(1778535302.403058) can0 18FC28F4#383300000F020000
(1778535302.404021) can0 18F810F3#0F02E80333640100
(1778535302.405071) can0 18F815F3#0000000010030000
(1778535302.406020) can0 273#000000000F023300
(1778535302.406943) can0 1E1#020F271001FE01FE
(1778535302.408020) can0 1F5#0000000000000000
(1778535302.409052) can0 0800A6A9#0000000000000000
(1778535302.410033) can0 1000A6A9#0F02881333434343
(1778535302.411051) can0 1C00A6A9#0000000000030000
(1778535302.412065) can0 02018100#1003020F00000000
(1778535302.413058) can0 02028100#0000003364000000
(1778535302.414051) can0 02038100#0CE001010CE00105
(1778535302.415052) can0 02048100#4301014301010000
(1778535302.482716) can0 0000E005#15273E0003B60591
(1778535302.483308) can0 1806E5F4#13EC010003B6023A
(1778535302.484061) can0 0000E000#13EC13EC020F0000
(1778535302.485041) can0 0000E004#111103B603B601E4
(1778535302.486041) can0 0000E006#0CE00CE00CE00CE0
(1778535302.487041) can0 0000E007#0CE00CE00CE00CE0
(1778535302.488035) can0 0000E008#0CE00CE00CE00CE0
(1778535302.489035) can0 0000E009#0CE00CE00CE00CE0
(1778535302.490067) can0 0000E010#0000000000000000
(1778535302.491060) can0 0000E011#0000000000000000
(1778535302.492054) can0 0000E012#0CE0000000000000
(1778535302.493073) can0 0000F001#0000000000000000
(1778535302.494054) can0 18FF28F4#10330000020F0000
(1778535302.495035) can0 18FE28F4#0CE00CE039390000
(1778535302.496046) can0 18FD28F4#1527FA6F00000000
(1778535302.496963) can0 4D4#000033007D0F0203
(1778535302.497944) can0 4D5#E00CE00C39390000
(1778535302.499042) can0 18914010#0CE0010CE0050000
(1778535302.500042) can0 18904010#020F0000753001FE
(1778535302.501035) can0 18FA28F4#373CA12C10270000
(1778535302.502036) can0 18FB28F4#E00CE00C39390000
(1778535302.503048) can0 18FC28F4#383300000F020000
(1778535302.504031) can0 18F810F3#0F02E80333640100
(1778535302.505080) can0 18F815F3#0000000010030000
(1778535302.505958) can0 273#000000000F023300
(1778535302.506957) can0 1E1#020F271001FE01FE
(1778535302.508023) can0 1F5#0000000000000000
(1778535302.509061) can0 0800A6A9#0000000000000000
(1778535302.510023) can0 1000A6A9#0F02881333434343
(1778535302.511061) can0 1C00A6A9#0000000000030000
(1778535302.512055) can0 02018100#1003020F00000000
(1778535302.513067) can0 02028100#0000003364000000
(1778535302.514049) can0 02038100#0CE001010CE00105
(1778535302.515048) can0 02048100#4301014301010000
(1778535302.582710) can0 0000E005#15273E0003B60591
(1778535302.583304) can0 1806E5F4#13EC010003B6023A
(1778535302.584063) can0 0000E000#13EC13EC020F0000
(1778535302.585025) can0 0000E004#111103B603B601E4
(1778535302.586025) can0 0000E006#0CE00CE00CE00CE0
(1778535302.587038) can0 0000E007#0CE00CE00CE00CE0
(1778535302.588032) can0 0000E008#0CE00CE00CE00CE0
(1778535302.589032) can0 0000E009#0CE00CE00CE00CE0
(1778535302.590095) can0 0000E010#0000000000000000
(1778535302.591063) can0 0000E011#0000000000000000
(1778535302.592057) can0 0000E012#0CE0000000000000
(1778535302.593057) can0 0000F001#0000000000000000
(1778535302.594049) can0 18FF28F4#10330000020F0000
(1778535302.595032) can0 18FE28F4#0CE00CE039390000
(1778535302.596032) can0 18FD28F4#1527FA6F00000000
(1778535302.596948) can0 4D4#000033007D0F0203
(1778535302.598025) can0 4D5#E00CE00C39390000
(1778535302.599038) can0 18914010#0CE0010CE0020000
(1778535302.600033) can0 18904010#020F0000753001FE
(1778535302.601032) can0 18FA28F4#373CA12C10270000
(1778535302.602026) can0 18FB28F4#E00CE00C39390000
(1778535302.603045) can0 18FC28F4#383300000F020000
(1778535302.604026) can0 18F810F3#0F02E80333640100
(1778535302.605057) can0 18F815F3#0000000010030000
(1778535302.606026) can0 273#000000000F023300
(1778535302.606947) can0 1E1#020F271001FE01FE
(1778535302.607960) can0 1F5#0000000000000000
(1778535302.609064) can0 0800A6A9#0000000000000000
(1778535302.610026) can0 1000A6A9#0F02881333434343
(1778535302.611038) can0 1C00A6A9#0000000000030000
(1778535302.612058) can0 02018100#1003020F00000000
(1778535302.613052) can0 02028100#0000003364000000
(1778535302.614051) can0 02038100#0CE001010CE00102
(1778535302.615045) can0 02048100#4301014301010000
(1778535302.682702) can0 0000E005#15273E0003B60591
(1778535302.683295) can0 1806E5F4#13EC010003B6023A
(1778535302.684051) can0 0000E000#13EC13EC020F0000
(1778535302.685028) can0 0000E004#111103B603B601E4
(1778535302.686028) can0 0000E006#0CE00CE00CE00CE0
(1778535302.687028) can0 0000E007#0CE00CE00CE00CE0
(1778535302.688029) can0 0000E008#0CE00CE00CE00CE0
(1778535302.689028) can0 0000E009#0CE00CE00CE00CE0
(1778535302.690054) can0 0000E010#0000000000000000
(1778535302.691047) can0 0000E011#0000000000000000
(1778535302.692048) can0 0000E012#0CE0000000000000
(1778535302.693060) can0 0000F001#0000000000000000
(1778535302.694041) can0 18FF28F4#10330000020F0000
(1778535302.695028) can0 18FE28F4#0CE00CE039390000
(1778535302.696037) can0 18FD28F4#1527FA6F00000000
(1778535302.696933) can0 4D4#000033007D0F0203
(1778535302.697931) can0 4D5#E00CE00C39390000
(1778535302.699029) can0 18914010#0CE0010CE0020000
(1778535302.700029) can0 18904010#020F0000753001FE
(1778535302.701029) can0 18FA28F4#373CA12C10270000
(1778535302.702029) can0 18FB28F4#E00CE00C39390000
(1778535302.703035) can0 18FC28F4#383300000F020000
(1778535302.704029) can0 18F810F3#0F02E80333640100
(1778535302.705047) can0 18F815F3#0000000010030000
(1778535302.705945) can0 273#000000000F023300
(1778535302.706938) can0 1E1#020F271001FE01FE
(1778535302.707949) can0 1F5#0000000000000000
(1778535302.709054) can0 0800A6A9#0000000000000000
(1778535302.710029) can0 1000A6A9#0F02881333434343
(1778535302.711048) can0 1C00A6A9#0000000000030000
(1778535302.712053) can0 02018100#1003020F00000000
(1778535302.713041) can0 02028100#0000003364000000
(1778535302.714035) can0 02038100#0CE001010CE00102
(1778535302.715029) can0 02048100#4301014301010000
(1778535302.799703) can0 0000E005#15273E0003B60591
(1778535302.800292) can0 1806E5F4#13EC010003B6023A
(1778535302.801050) can0 0000E000#13EC13EC020F0000
(1778535302.802031) can0 0000E004#111103B603B601E4
(1778535302.803032) can0 0000E006#0CE00CE00CE00CE0
(1778535302.804032) can0 0000E007#0CE00CE00CE00CE0
(1778535302.805031) can0 0000E008#0CE00CE00CE00CE0
(1778535302.806032) can0 0000E009#0CE00CE00CE00CE0
(1778535302.807040) can0 0000E010#0000000000000000
(1778535302.808045) can0 0000E011#0000000000000000
(1778535302.809038) can0 0000E012#0CE0000000000000
(1778535302.810031) can0 0000E013#4542323630354C43
(1778535302.811032) can0 0000E014#3134323300000000
(1778535302.812045) can0 0000E015#0000000000000003
(1778535302.813077) can0 0000F000#0000000000000000
(1778535302.814038) can0 0000F001#0000000000000000
(1778535302.815040) can0 18FF28F4#10330000020F0000
(1778535302.816032) can0 18FE28F4#0CE00CE039390000
(1778535302.817032) can0 18FD28F4#1527FA6F00000000
(1778535302.817929) can0 4D4#000033007D0F0203
(1778535302.818920) can0 4D5#E00CE00C39390000
(1778535302.820032) can0 18914010#0CE0010CE0020000
(1778535302.821051) can0 18904010#020F0000753001FE
(1778535302.822032) can0 18FA28F4#373CA12C10270000
(1778535302.823032) can0 18FB28F4#E00CE00C39390000
(1778535302.824032) can0 18FC28F4#383300000F020000
(1778535302.825032) can0 18F810F3#0F02E80333640100
(1778535302.826033) can0 18F811F3#E00C0101E00C0201
(1778535302.827032) can0 18F812F3#3901013901010000
(1778535302.828045) can0 18F813F3#0101000000000000
(1778535302.829058) can0 18F814F3#32000F19A9015F00
(1778535302.830032) can0 18F815F3#0000000010030000
(1778535302.830931) can0 273#000000000F023300
(1778535302.831928) can0 1E1#020F271001FE01FE
(1778535302.832959) can0 1F5#0000000000000000
(1778535302.834032) can0 0800A6A9#0000000000000000
(1778535302.835032) can0 1000A6A9#0F02881333434343
(1778535302.836033) can0 1C00A6A9#0000000000030000
(1778535302.837090) can0 02018100#1003020F00000000
(1778535302.838032) can0 02028100#0000003364000000
(1778535302.839033) can0 02038100#0CE001010CE00102
(1778535302.840033) can0 02048100#4301014301010000
(1778535302.897701) can0 0000E005#15273E0003B60591
(1778535302.898289) can0 1806E5F4#13EC010003B6023A
(1778535302.899034) can0 0000E000#13EC13EC020F0000
(1778535302.900035) can0 0000E004#111103B603B601E4
(1778535302.901034) can0 0000E006#0CE00CE00CE00CE0
(1778535302.902034) can0 0000E007#0CE00CE00CE00CE0
(1778535302.903034) can0 0000E008#0CE00CE00CE00CE0
(1778535302.904035) can0 0000E009#0CE00CE00CE00CE0
(1778535302.905054) can0 0000E010#0000000000000000
(1778535302.906085) can0 0000E011#0000000000000000
(1778535302.907034) can0 0000E012#0CE0000000000000
(1778535302.908048) can0 0000F001#0000000000000000
(1778535302.909035) can0 18FF28F4#10330000020F0000
(1778535302.910035) can0 18FE28F4#0CE00CE039390000
(1778535302.911035) can0 18FD28F4#1527FA6F00000000
(1778535302.911933) can0 4D4#000033007D0F0203
(1778535302.912912) can0 4D5#E00CE00C39390000
(1778535302.914060) can0 18914010#0CE0010CE0020000
(1778535302.915035) can0 18904010#020F0000753001FE
(1778535302.916035) can0 18FA28F4#373CA12C10270000
(1778535302.917035) can0 18FB28F4#E00CE00C39390000
(1778535302.918035) can0 18FC28F4#383300000F020000
(1778535302.919035) can0 18F810F3#0F02E80333640100
(1778535302.920035) can0 18F815F3#0000000010030000
(1778535302.920931) can0 273#000000000F023300
(1778535302.921925) can0 1E1#020F271001FE01FE
(1778535302.922939) can0 1F5#0000000000000000
(1778535302.924035) can0 0800A6A9#0000000000000000
(1778535302.925035) can0 1000A6A9#0F02881333434343
(1778535302.926035) can0 1C00A6A9#0000000000030000
(1778535302.927048) can0 02018100#1003020F00000000
(1778535302.928036) can0 02028100#0000003364000000
(1778535302.929035) can0 02038100#0CE001010CE00102
(1778535302.930035) can0 02048100#4301014301010000
(1778535302.997685) can0 0000E005#15273E0003B60591
(1778535302.998266) can0 1806E5F4#13EC010003B6023A
(1778535302.999037) can0 0000E000#13EC13EC020F0000
(1778535303.000038) can0 0000E004#111103B603B601E4
(1778535303.001037) can0 0000E006#0CE00CE00CE00CE0
(1778535303.002037) can0 0000E007#0CE00CE00CE00CE0
(1778535303.003037) can0 0000E008#0CE00CE00CE00CE0
(1778535303.004038) can0 0000E009#0CE00CE00CE00CE0
(1778535303.005038) can0 0000E010#0000000000000000
(1778535303.006037) can0 0000E011#0000000000000000
(1778535303.007038) can0 0000E012#0CE0000000000000
(1778535303.008038) can0 0000F001#0000000000000000
(1778535303.009038) can0 18FF28F4#10330000020F0000
(1778535303.010038) can0 18FE28F4#0CE00CE039390000
(1778535303.011038) can0 18FD28F4#1527FA6F00000000
(1778535303.011915) can0 4D4#000033007D0F0203
(1778535303.012914) can0 4D5#E00CE00C39390000
(1778535303.014038) can0 18914010#0CE0010CE0020000
(1778535303.015038) can0 18904010#020F0000753001FE
(1778535303.016038) can0 18FA28F4#373CA12C10270000
(1778535303.017038) can0 18FB28F4#E00CE00C39390000
(1778535303.018038) can0 18FC28F4#383300000F020000
(1778535303.019038) can0 18F810F3#0F02E80333640100
(1778535303.020038) can0 18F815F3#0000000010030000
(1778535303.020928) can0 273#000000000F023300
(1778535303.021908) can0 1E1#020F271001FE01FE
(1778535303.022940) can0 1F5#0000000000000000
(1778535303.024039) can0 0800A6A9#0000000000000000
(1778535303.025038) can0 1000A6A9#0F02881333434343
(1778535303.026038) can0 1C00A6A9#0000000000030000
(1778535303.027038) can0 02018100#1003020F00000000
(1778535303.028039) can0 02028100#0000003364000000
(1778535303.029038) can0 02038100#0CE001010CE00102
(1778535303.030039) can0 02048100#4301014301010000
(1778535303.097684) can0 0000E005#15273E0003B60591
(1778535303.098269) can0 1806E5F4#13EC010003B6023A
(1778535303.099041) can0 0000E000#13EC13EC020F0000
(1778535303.100041) can0 0000E004#111103B603B601E4
(1778535303.101041) can0 0000E006#0CE00CE00CE00CE0
(1778535303.102040) can0 0000E007#0CE00CE00CE00CE0
(1778535303.103040) can0 0000E008#0CE00CE00CE00CE0
(1778535303.104041) can0 0000E009#0CE00CE00CE00CE0
(1778535303.105040) can0 0000E010#0000000000000000
(1778535303.106040) can0 0000E011#0000000000000000
(1778535303.107041) can0 0000E012#0CE0000000000000
(1778535303.108041) can0 0000F001#0000000000000000
(1778535303.109041) can0 18FF28F4#10330000020F0000
(1778535303.110041) can0 18FE28F4#0CE00CE039390000
(1778535303.111041) can0 18FD28F4#1527FA6F00000000
(1778535303.111912) can0 4D4#000033007D0F0203
(1778535303.112923) can0 4D5#E00CE00C39390000
(1778535303.114041) can0 18914010#0CE0010CE0030000
(1778535303.115041) can0 18904010#020F0000753001FE
(1778535303.116041) can0 18FA28F4#373CA12C10270000
(1778535303.117041) can0 18FB28F4#E00CE00C39390000
(1778535303.118041) can0 18FC28F4#383300000F020000
(1778535303.119041) can0 18F810F3#0F02E80333640100
(1778535303.120041) can0 18F815F3#0000000010030000
(1778535303.120944) can0 273#000000000F023300
(1778535303.121908) can0 1E1#020F271001FE01FE
(1778535303.122937) can0 1F5#0000000000000000
(1778535303.124042) can0 0800A6A9#0000000000000000
(1778535303.124982) can0 1000A6A9#0F02881333434343
(1778535303.126041) can0 1C00A6A9#0000000000030000
(1778535303.127041) can0 02018100#1003020F00000000
(1778535303.128041) can0 02028100#0000003364000000
(1778535303.129048) can0 02038100#0CE001010CE00103
(1778535303.130041) can0 02048100#4301014301010000
(1778535303.197667) can0 0000E005#15273E0003B60591
(1778535303.198260) can0 1806E5F4#13EC010003B6023A
(1778535303.199043) can0 0000E000#13EC13EC020F0000
(1778535303.200044) can0 0000E004#111103B603B601E4
(1778535303.201044) can0 0000E006#0CE00CE00CE00CE0
(1778535303.202043) can0 0000E007#0CE00CE00CE00CE0
(1778535303.202984) can0 0000E008#0CE00CE00CE00CE0
(1778535303.204044) can0 0000E009#0CE00CE00CE00CE0
(1778535303.205043) can0 0000E010#0000000000000000
(1778535303.206056) can0 0000E011#0000000000000000
(1778535303.207043) can0 0000E012#0CE0000000000000
(1778535303.208044) can0 0000F001#0000000000000000
(1778535303.209044) can0 18FF28F4#10330000020F0000
(1778535303.209985) can0 18FE28F4#0CE00CE039390000
(1778535303.211044) can0 18FD28F4#1527FA6F00000000
(1778535303.211908) can0 4D4#000033007D0F0203
(1778535303.212896) can0 4D5#E00CE00C39390000
(1778535303.214044) can0 18914010#0CE0010CE0030000
(1778535303.215044) can0 18904010#020F0000753001FE
(1778535303.216044) can0 18FA28F4#373CA12C10270000
(1778535303.217044) can0 18FB28F4#E00CE00C39390000
(1778535303.218044) can0 18FC28F4#383300000F020000
(1778535303.218979) can0 18F810F3#0F02E80333640100
(1778535303.220044) can0 18F815F3#0000000010030000
(1778535303.220909) can0 273#000000000F023300
(1778535303.221957) can0 1E1#020F271001FE01FE
(1778535303.222936) can0 1F5#0000000000000000
(1778535303.224044) can0 0800A6A9#0000000000000000
(1778535303.224973) can0 1000A6A9#0F02881333434343
(1778535303.226044) can0 1C00A6A9#0000000000030000
(1778535303.227044) can0 02018100#1003020F00000000
(1778535303.228044) can0 02028100#0000003364000000
(1778535303.229044) can0 02038100#0CE001010CE00103
(1778535303.230044) can0 02048100#4301014301010000
(1778535303.314671) can0 0000E005#15273E0003B60591
(1778535303.315263) can0 1806E5F4#13EC010003B6023A
(1778535303.316047) can0 0000E000#13EC13EC020F0000
(1778535303.316976) can0 0000E004#111103B603B601E4
(1778535303.318047) can0 0000E006#0CE00CE00CE00CE0
(1778535303.318978) can0 0000E007#0CE00CE00CE00CE0
(1778535303.319982) can0 0000E008#0CE00CE00CE00CE0
(1778535303.320981) can0 0000E009#0CE00CE00CE00CE2
(1778535303.322047) can0 0000E010#0000000000000000
(1778535303.323047) can0 0000E011#0000000000000000
(1778535303.324047) can0 0000E012#0CE0000200000000
(1778535303.324962) can0 0000E013#4542323630354C43
(1778535303.326047) can0 0000E014#3134323300000000
(1778535303.327047) can0 0000E015#0000000000000003
(1778535303.328047) can0 0000F000#0000000000000000
(1778535303.329047) can0 0000F001#0000000000000000
(1778535303.330047) can0 18FF28F4#10330000020F0000
(1778535303.330979) can0 18FE28F4#0CE20CE039390000
(1778535303.332048) can0 18FD28F4#1527FA6F00000000
(1778535303.332906) can0 4D4#000033007D0F0203
(1778535303.333886) can0 4D5#E00CE20C39390000
(1778535303.334982) can0 18914010#0CE2100CE0030000
(1778535303.336048) can0 18904010#020F0000753001FE
(1778535303.336976) can0 18FA28F4#373CA12C10270000
(1778535303.337975) can0 18FB28F4#E20CE00C39390000
(1778535303.339048) can0 18FC28F4#383300000F020000
(1778535303.339984) can0 18F810F3#0F02E80333640100
(1778535303.341048) can0 18F811F3#E20C1001E00C0301
(1778535303.341989) can0 18F812F3#3901013901010000
(1778535303.343047) can0 18F813F3#0101000000000000
(1778535303.344048) can0 18F814F3#32000F19A9015F00
(1778535303.345047) can0 18F815F3#0000000010030000
(1778535303.345900) can0 273#000000000F023300
(1778535303.346891) can0 1E1#020F271001FE01FE
(1778535303.347925) can0 1F5#0000000000000000
(1778535303.349048) can0 0800A6A9#0000000000000000
(1778535303.349963) can0 1000A6A9#0F02881333434343
(1778535303.351048) can0 1C00A6A9#0000000000030000
(1778535303.352049) can0 02018100#1003020F00000000
(1778535303.353048) can0 02028100#0000003364000000
(1778535303.353989) can0 02038100#0CE201100CE00103
(1778535303.354979) can0 02048100#4301014301010000
(1778535303.412649) can0 0000E005#15273E0003B60591
(1778535303.413240) can0 1806E5F4#13EC010003B6023A
(1778535303.414050) can0 0000E000#13EC13EC020F0000
(1778535303.414981) can0 0000E004#111103B603B601E4
(1778535303.415984) can0 0000E006#0CE00CE00CE00CE0
(1778535303.416983) can0 0000E007#0CE00CE00CE00CE0
(1778535303.417977) can0 0000E008#0CE00CE00CE00CE0
(1778535303.418977) can0 0000E009#0CE00CE00CE00CE2
(1778535303.420050) can0 0000E010#0000000000000000
(1778535303.421050) can0 0000E011#0000000000000000
(1778535303.422050) can0 0000E012#0CE0000200000000
(1778535303.423050) can0 0000F001#0000000000000000
(1778535303.424051) can0 18FF28F4#10330000020F0000
(1778535303.424979) can0 18FE28F4#0CE20CE039390000
(1778535303.425990) can0 18FD28F4#1527FA6F00000000
(1778535303.426888) can0 4D4#000033007D0F0203
(1778535303.427889) can0 4D5#E00CE20C39390000
(1778535303.429050) can0 18914010#0CE2100CE0030000
(1778535303.430050) can0 18904010#020F0000753001FE
(1778535303.430972) can0 18FA28F4#373CA12C10270000
(1778535303.431972) can0 18FB28F4#E20CE00C39390000
(1778535303.433051) can0 18FC28F4#383300000F020000
(1778535303.433979) can0 18F810F3#0F02E80333640100
(1778535303.435050) can0 18F815F3#0000000010030000
(1778535303.435903) can0 273#000000000F023300
(1778535303.436934) can0 1E1#020F271001FE01FE
(1778535303.437915) can0 1F5#0000000000000000
(1778535303.439050) can0 0800A6A9#0000000000000000
(1778535303.439967) can0 1000A6A9#0F02881333434343
(1778535303.441050) can0 1C00A6A9#0000000000030000
(1778535303.442050) can0 02018100#1003020F00000000
(1778535303.443050) can0 02028100#0000003364000000
(1778535303.443980) can0 02038100#0CE201100CE00103
(1778535303.445050) can0 02048100#4301014301010000
(1778535303.512657) can0 0000E005#15273E0003B60591
(1778535303.513250) can0 1806E5F4#13EC010003B6023A
(1778535303.514052) can0 0000E000#13EC13EC020F0000
(1778535303.514968) can0 0000E004#111103B603B601E4
(1778535303.515980) can0 0000E006#0CE00CE00CE00CE0
(1778535303.516972) can0 0000E007#0CE00CE00CE00CE0
(1778535303.517973) can0 0000E008#0CE00CE00CE00CE0
(1778535303.518973) can0 0000E009#0CE00CE00CE00CE2
(1778535303.520053) can0 0000E010#0000000000000000
(1778535303.520993) can0 0000E011#0000000000000000
(1778535303.522052) can0 0000E012#0CE0000200000000
(1778535303.523053) can0 0000F001#0000000000000000
(1778535303.524053) can0 18FF28F4#10330000020F0000
(1778535303.524954) can0 18FE28F4#0CE20CE039390000
(1778535303.525974) can0 18FD28F4#1527FA6F00000000
(1778535303.526891) can0 4D4#000033007D0F0203
(1778535303.527872) can0 4D5#E00CE20C39390000
(1778535303.528980) can0 18914010#0CE2100CE0030000
(1778535303.529980) can0 18904010#020F0000753001FE
(1778535303.530962) can0 18FA28F4#373CA12C10270000
(1778535303.531962) can0 18FB28F4#E20CE00C39390000
(1778535303.532987) can0 18FC28F4#383300000F020000
(1778535303.533968) can0 18F810F3#0F02E80333640100
(1778535303.535053) can0 18F815F3#0000000010030000
(1778535303.535899) can0 273#000000000F023300
(1778535303.536890) can0 1E1#020F271001FE01FE
(1778535303.537904) can0 1F5#0000000000000000
(1778535303.539053) can0 0800A6A9#0000000000000000
(1778535303.539963) can0 1000A6A9#0F02881333434343
(1778535303.540986) can0 1C00A6A9#0000000000030000
(1778535303.542053) can0 02018100#1003020F00000000
(1778535303.542982) can0 02028100#0000003364000000
(1778535303.543981) can0 02038100#0CE201100CE00103
(1778535303.544974) can0 02048100#4301014301010000
(1778535303.612652) can0 0000E005#15273E0003B60591
(1778535303.613246) can0 1806E5F4#13EC010003B6023A
(1778535303.613996) can0 0000E000#13EC13EC020F0000
(1778535303.614956) can0 0000E004#111103B603B601E4
(1778535303.615964) can0 0000E006#0CE00CE00CE00CE0
(1778535303.616958) can0 0000E007#0CE00CE00CE00CE0
(1778535303.617970) can0 0000E008#0CE00CE00CE00CE0
(1778535303.618967) can0 0000E009#0CE00CE00CE00CE0
(1778535303.620056) can0 0000E010#0000000000000000
(1778535303.620991) can0 0000E011#0000000000000000
(1778535303.621989) can0 0000E012#0CE0000000000000
(1778535303.623056) can0 0000F001#0000000000000000
(1778535303.623998) can0 18FF28F4#10330000020F0000
(1778535303.624964) can0 18FE28F4#0CE00CE039390000
(1778535303.625977) can0 18FD28F4#1527FA6F00000000
(1778535303.626892) can0 4D4#000033007D0F0203
(1778535303.627876) can0 4D5#E00CE00C39390000
(1778535303.628970) can0 18914010#0CE0010CE0020000
(1778535303.629983) can0 18904010#020F0000753001FE
(1778535303.630960) can0 18FA28F4#373CA12C10270000
(1778535303.631965) can0 18FB28F4#E00CE00C39390000
(1778535303.632976) can0 18FC28F4#383300000F020000
(1778535303.633958) can0 18F810F3#0F02E80333640100
(1778535303.634989) can0 18F815F3#0000000010030000
(1778535303.635907) can0 273#000000000F023300
(1778535303.636882) can0 1E1#020F271001FE01FE
(1778535303.637901) can0 1F5#0000000000000000
(1778535303.638991) can0 0800A6A9#0000000000000000
(1778535303.639958) can0 1000A6A9#0F02881333434343
(1778535303.640990) can0 1C00A6A9#0000000000030000
(1778535303.642057) can0 02018100#1003020F00000000
(1778535303.642986) can0 02028100#0000003364000000
(1778535303.643990) can0 02038100#0CE001010CE00102
(1778535303.644971) can0 02048100#4301014301010000
(1778535303.712644) can0 0000E005#15273E0003B60591
(1778535303.713236) can0 1806E5F4#13EC010003B6023A
(1778535303.713987) can0 0000E000#13EC13EC020F0000
(1778535303.714954) can0 0000E004#111103B603B601E4
(1778535303.715967) can0 0000E006#0CE00CE00CE00CE0
(1778535303.716964) can0 0000E007#0CE00CE00CE00CE0
(1778535303.717961) can0 0000E008#0CE00CE00CE00CE0
(1778535303.718960) can0 0000E009#0CE00CE00CE00CE0
(1778535303.719993) can0 0000E010#0000000000000000
(1778535303.721059) can0 0000E011#0000000000000000
(1778535303.721983) can0 0000E012#0CE0000000000000
(1778535303.722995) can0 0000F001#0000000000000000
(1778535303.723993) can0 18FF28F4#10330000020F0000
(1778535303.724954) can0 18FE28F4#0CE00CE039390000
(1778535303.725968) can0 18FD28F4#1527FA6F00000000
(1778535303.726884) can0 4D4#000033007D0F0203
(1778535303.727871) can0 4D5#E00CE00C39390000
(1778535303.728994) can0 18914010#0CE0010CE0020000
(1778535303.729979) can0 18904010#020F0000753001FE
(1778535303.730961) can0 18FA28F4#373CA12C10270000
(1778535303.731956) can0 18FB28F4#E00CE00C39390000
(1778535303.732968) can0 18FC28F4#383300000F020000
(1778535303.733955) can0 18F810F3#0F02E80333640100
(1778535303.734980) can0 18F815F3#0000000010030000
(1778535303.735885) can0 273#000000000F023300
(1778535303.736911) can0 1E1#020F271001FE01FE
(1778535303.737891) can0 1F5#0000000000000000
(1778535303.738987) can0 0800A6A9#0000000000000000
(1778535303.739950) can0 1000A6A9#0F02881333434343
(1778535303.740987) can0 1C00A6A9#0000000000030000
(1778535303.741999) can0 02018100#1003020F00000000
(1778535303.742980) can0 02028100#0000003364000000
(1778535303.743971) can0 02038100#0CE001010CE00102
(1778535303.745059) can0 02048100#4301014301010000
(1778535303.829644) can0 0000E005#15273E0003B60591
(1778535303.830234) can0 1806E5F4#13EC010003B6023A
(1778535303.830984) can0 0000E000#13EC13EC020F0000
(1778535303.831953) can0 0000E004#111103B603B601E4
(1778535303.832964) can0 0000E006#0CE00CE00CE00CE0
(1778535303.833964) can0 0000E007#0CE00CE00CE00CE0
(1778535303.834952) can0 0000E008#0CE00CE00CE00CE0
(1778535303.835958) can0 0000E009#0CE00CE00CE00CE0
(1778535303.836989) can0 0000E010#0000000000000000
(1778535303.837983) can0 0000E011#0000000000000000
(1778535303.838981) can0 0000E012#0CE0000000000000
(1778535303.839946) can0 0000E013#4542323630354C43
(1778535303.840963) can0 0000E014#3134323300000000
(1778535303.841989) can0 0000E015#0000000000000003
(1778535303.842990) can0 0000F000#0000000000000000
(1778535303.843984) can0 0000F001#0000000000000000
(1778535303.844983) can0 18FF28F4#10330000020F0000
(1778535303.845952) can0 18FE28F4#0CE00CE039390000
(1778535303.846960) can0 18FD28F4#1527FA6F00000000
(1778535303.847882) can0 4D4#000033007D0F0203
(1778535303.848863) can0 4D5#E00CE00C39390000
(1778535303.849971) can0 18914010#0CE0010CE0040000
(1778535303.850966) can0 18904010#020F0000753001FE
(1778535303.851952) can0 18FA28F4#373CA12C10270000
(1778535303.852946) can0 18FB28F4#E00CE00C39390000
(1778535303.853978) can0 18FC28F4#383300000F020000
(1778535303.854946) can0 18F810F3#0F02E80333640100
(1778535303.855959) can0 18F811F3#E00C0101E00C0401
(1778535303.856953) can0 18F812F3#3901013901010000
(1778535303.857985) can0 18F813F3#0101000000000000
(1778535303.858946) can0 18F814F3#32000F19A9015F00
(1778535303.859978) can0 18F815F3#0000000010030000
(1778535303.860882) can0 273#000000000F023300
(1778535303.861876) can0 1E1#020F271001FE01FE
(1778535303.862883) can0 1F5#0000000000000000
(1778535303.863984) can0 0800A6A9#0000000000000000
(1778535303.864946) can0 1000A6A9#0F02881333434343
(1778535303.865971) can0 1C00A6A9#0000000000030000
(1778535303.866984) can0 02018100#1003020F00000000
(1778535303.867965) can0 02028100#0000003364000000
(1778535303.868965) can0 02038100#0CE001010CE00104
(1778535303.869958) can0 02048100#4301014301010000
(1778535303.927641) can0 0000E005#15273E0003B60591
(1778535303.928236) can0 1806E5F4#13EC010003B6023A
(1778535303.928968) can0 0000E000#13EC13EC020F0000
(1778535303.929947) can0 0000E004#111103B603B601E4
(1778535303.930946) can0 0000E006#0CE00CE00CE00CE0
(1778535303.931947) can0 0000E007#0CE00CE00CE00CE0
(1778535303.932960) can0 0000E008#0CE00CE00CE00CE0
(1778535303.933954) can0 0000E009#0CE00CE00CE00CE0
(1778535303.934986) can0 0000E010#0000000000000000
(1778535303.935986) can0 0000E011#0000000000000000
(1778535303.936980) can0 0000E012#0CE0000000000000
(1778535303.937980) can0 0000F001#0000000000000000
(1778535303.938969) can0 18FF28F4#10330000020F0000
(1778535303.939962) can0 18FE28F4#0CE00CE039390000
(1778535303.940954) can0 18FD28F4#1527FA6F00000000
(1778535303.941871) can0 4D4#000033007D0F0203
(1778535303.942853) can0 4D5#E00CE00C39390000
(1778535303.943968) can0 18914010#0CE0010CE0040000
(1778535303.944960) can0 18904010#020F0000753001FE
(1778535303.945941) can0 18FA28F4#373CA12C10270000
(1778535303.946942) can0 18FB28F4#E00CE00C39390000
(1778535303.947973) can0 18FC28F4#383300000F020000
(1778535303.948936) can0 18F810F3#0F02E80333640100
(1778535303.949980) can0 18F815F3#0000000010030000
(1778535303.950864) can0 273#000000000F023300
(1778535303.951879) can0 1E1#020F271001FE01FE
(1778535303.952891) can0 1F5#0000000000000000
(1778535303.953973) can0 0800A6A9#0000000000000000
(1778535303.954930) can0 1000A6A9#0F02881333434343
(1778535303.955968) can0 1C00A6A9#0000000000030000
(1778535303.956980) can0 02018100#1003020F00000000
(1778535303.957961) can0 02028100#0000003364000000
(1778535303.958961) can0 02038100#0CE001010CE00104
(1778535303.959968) can0 02048100#4301014301010000
(1778535304.027628) can0 0000E005#15273E0003B60591
(1778535304.028220) can0 1806E5F4#13EC010003B6023A
(1778535304.028985) can0 0000E000#13EC13EC020F0000
(1778535304.029938) can0 0000E004#111103B603B601E4
(1778535304.030938) can0 0000E006#0CE00CE00CE00CE0
(1778535304.031952) can0 0000E007#0CE00CE00CE00CE0
(1778535304.032941) can0 0000E008#0CE00CE00CE00CE0
(1778535304.033945) can0 0000E009#0CE00CE00CE00CE0
(1778535304.034977) can0 0000E010#0000000000000000
(1778535304.035970) can0 0000E011#0000000000000000
(1778535304.036989) can0 0000E012#0CE0000000000000
(1778535304.037982) can0 0000F001#0000000000000000
(1778535304.038964) can0 18FF28F4#10330000020F0000
(1778535304.039945) can0 18FE28F4#0CE00CE039390000
(1778535304.040943) can0 18FD28F4#1527FA6F00000000
(1778535304.041862) can0 4D4#000033007D0F0203
(1778535304.042843) can0 4D5#E00CE00C39390000
(1778535304.043951) can0 18914010#0CE0010CE0040000
(1778535304.044979) can0 18904010#020F0000753001FE
(1778535304.045932) can0 18FA28F4#373CA12C10270000
(1778535304.046932) can0 18FB28F4#E00CE00C39390000
(1778535304.047964) can0 18FC28F4#383300000F020000
(1778535304.048926) can0 18F810F3#0F02E80333640100
(1778535304.049969) can0 18F815F3#0000000010030000
(1778535304.050875) can0 273#000000000F023300
(1778535304.051857) can0 1E1#020F271001FE01FE
(1778535304.052928) can0 1F5#0000000000000000
(1778535304.053964) can0 0800A6A9#0000000000000000
(1778535304.054926) can0 1000A6A9#0F02881333434343
(1778535304.055958) can0 1C00A6A9#0000000000030000
(1778535304.056971) can0 02018100#1003020F00000000
(1778535304.057970) can0 02028100#0000003364000000
(1778535304.058951) can0 02038100#0CE001010CE00104
(1778535304.059945) can0 02048100#4301014301010000
(1778535304.127624) can0 0000E005#15273E0003B60591
(1778535304.128217) can0 1806E5F4#13EC010003B6023A
(1778535304.128967) can0 0000E000#13EC13EC020F0000
(1778535304.129979) can0 0000E004#111103B603B601E4
(1778535304.130945) can0 0000E006#0CE00CE00CE00CE0
(1778535304.131941) can0 0000E007#0CE00CE00CE00CE0
(1778535304.132941) can0 0000E008#0CE00CE00CE00CE0
(1778535304.133941) can0 0000E009#0CE00CE00CE00CE0
(1778535304.134967) can0 0000E010#0000000000000000
(1778535304.135967) can0 0000E011#0000000000000000
(1778535304.136966) can0 0000E012#0CE0000000000000
(1778535304.138071) can0 0000F001#0000000000000000
(1778535304.138955) can0 18FF28F4#10330000020F0000
(1778535304.139935) can0 18FE28F4#0CE00CE039390000
(1778535304.140948) can0 18FD28F4#1527FA6F00000000
(1778535304.141852) can0 4D4#000033007D0F0203
(1778535304.142847) can0 4D5#E00CE00C39390000
(1778535304.143941) can0 18914010#0CE0040CE0010000
(1778535304.144941) can0 18904010#020F0000753001FE
(1778535304.145941) can0 18FA28F4#373CA12C10270000
(1778535304.146929) can0 18FB28F4#E00CE00C39390000
(1778535304.147949) can0 18FC28F4#383300000F020000
(1778535304.148935) can0 18F810F3#0F02E80333640100
(1778535304.149961) can0 18F815F3#0000000010030000
(1778535304.150865) can0 273#000000000F023300
(1778535304.151860) can0 1E1#020F271001FE01FE
(1778535304.152877) can0 1F5#0000000000000000
(1778535304.153955) can0 0800A6A9#0000000000000000
(1778535304.154916) can0 1000A6A9#0F02881333434343
(1778535304.155949) can0 1C00A6A9#0000000000030000
(1778535304.156961) can0 02018100#1003020F00000000
(1778535304.157961) can0 02028100#0000003364000000
(1778535304.158952) can0 02038100#0CE001040CE00101
(1778535304.159936) can0 02048100#4301014301010000
(1778535304.227619) can0 0000E005#15273E0003B60591
(1778535304.228208) can0 1806E5F4#13EC010003B6023A
(1778535304.228958) can0 0000E000#13EC13EC020F0000
(1778535304.229939) can0 0000E004#111103B603B601E4
(1778535304.230938) can0 0000E006#0CE00CE00CE00CE0
(1778535304.231931) can0 0000E007#0CE00CE00CE00CE0
(1778535304.232927) can0 0000E008#0CE00CE00CE00CE0
(1778535304.233925) can0 0000E009#0CE00CE00CE00CE0
(1778535304.234976) can0 0000E010#0000000000000000
(1778535304.235970) can0 0000E011#0000000000000000
(1778535304.236946) can0 0000E012#0CE0000000000000
(1778535304.237969) can0 0000F001#0000000000000000
(1778535304.238951) can0 18FF28F4#10330000020F0000
(1778535304.239932) can0 18FE28F4#0CE00CE039390000
(1778535304.240944) can0 18FD28F4#1527FA6F00000000
(1778535304.241842) can0 4D4#000033007D0F0203
(1778535304.242842) can0 4D5#E00CE00C39390000
(1778535304.243939) can0 18914010#0CE0040CE0010000
(1778535304.244949) can0 18904010#020F0000753001FE
(1778535304.245932) can0 18FA28F4#373CA12C10270000
(1778535304.246932) can0 18FB28F4#E00CE00C39390000
(1778535304.247945) can0 18FC28F4#383300000F020000
(1778535304.248925) can0 18F810F3#0F02E80333640100
(1778535304.249957) can0 18F815F3#0000000010030000
(1778535304.250856) can0 273#000000000F023300
(1778535304.251856) can0 1E1#020F271001FE01FE
(1778535304.252868) can0 1F5#0000000000000000
(1778535304.253964) can0 0800A6A9#0000000000000000
(1778535304.254925) can0 1000A6A9#0F02881333434343
(1778535304.255945) can0 1C00A6A9#0000000000030000
(1778535304.256964) can0 02018100#1003020F00000000
(1778535304.257951) can0 02028100#0000003364000000
(1778535304.258951) can0 02038100#0CE001040CE00101
(1778535304.259964) can0 02048100#4301014301010000
(1778535304.344600) can0 0000E005#15273E0003B60591
(1778535304.345198) can0 1806E5F4#13EC010003B6023A
(1778535304.345949) can0 0000E000#13EC13EC020F0000
(1778535304.346928) can0 0000E004#111103B603B601E4
(1778535304.347929) can0 0000E006#0CE00CE00CE00CE0
(1778535304.348928) can0 0000E007#0CE00CE00CE00CE0
(1778535304.349922) can0 0000E008#0CE00CE00CE00CE0
(1778535304.350921) can0 0000E009#0CE00CE00CE00CE2
(1778535304.351959) can0 0000E010#0000000000000000
(1778535304.352998) can0 0000E011#0000000000000000
(1778535304.353947) can0 0000E012#0CE0000200000000
(1778535304.354909) can0 0000E013#4542323630354C43
(1778535304.355935) can0 0000E014#3134323300000000
(1778535304.356954) can0 0000E015#0000000000000003
(1778535304.357966) can0 0000F000#0000000000000000
(1778535304.358967) can0 0000F001#0000000000000000
(1778535304.359949) can0 18FF28F4#10330000020F0000
(1778535304.360960) can0 18FE28F4#0CE20CE039390000
(1778535304.361929) can0 18FD28F4#1527FA6F00000000
(1778535304.362846) can0 4D4#000033007D0F0203
(1778535304.363823) can0 4D5#E00CE20C39390000
(1778535304.364922) can0 18914010#0CE2100CE0020000
(1778535304.365935) can0 18904010#020F0000753001FE
(1778535304.366929) can0 18FA28F4#373CA12C10270000
(1778535304.367927) can0 18FB28F4#E20CE00C39390000
(1778535304.368942) can0 18FC28F4#383300000F020000
(1778535304.369923) can0 18F810F3#0F02E80333640100
(1778535304.370935) can0 18F811F3#E20C1001E00C0201
(1778535304.371935) can0 18F812F3#3901013901010000
(1778535304.372948) can0 18F813F3#0101000000000000
(1778535304.373929) can0 18F814F3#32000F19A9015F00
(1778535304.374941) can0 18F815F3#0000000010030000
(1778535304.375839) can0 273#000000000F023300
(1778535304.376840) can0 1E1#020F271001FE01FE
(1778535304.377867) can0 1F5#0000000000000000
(1778535304.378948) can0 0800A6A9#0000000000000000
(1778535304.379906) can0 1000A6A9#0F02881333434343
(1778535304.380936) can0 1C00A6A9#0000000000030000
(1778535304.381949) can0 02018100#1003020F00000000
(1778535304.382948) can0 02028100#0000003364000000
(1778535304.383930) can0 02038100#0CE201100CE00102
(1778535304.384942) can0 02048100#4301014301010000
(1778535304.442595) can0 0000E005#15273E0003B60591
(1778535304.443182) can0 1806E5F4#13EC010003B6023A
(1778535304.443931) can0 0000E000#13EC13EC020F0000
(1778535304.444919) can0 0000E004#111103B603B601E4
(1778535304.445918) can0 0000E006#0CE00CE00CE00CE0
(1778535304.446911) can0 0000E007#0CE00CE00CE00CE0
(1778535304.447923) can0 0000E008#0CE00CE00CE00CE0
(1778535304.448906) can0 0000E009#0CE00CE00CE00CE2
(1778535304.449956) can0 0000E010#0000000000000000
(1778535304.450951) can0 0000E011#0000000000000000
(1778535304.451932) can0 0000E012#0CE0000200000000
(1778535304.452950) can0 0000F001#0000000000000000
(1778535304.453944) can0 18FF28F4#10330000020F0000
(1778535304.454912) can0 18FE28F4#0CE20CE039390000
(1778535304.455918) can0 18FD28F4#1527FA6F00000000
(1778535304.456842) can0 4D4#000033007D0F0203
(1778535304.457823) can0 4D5#E00CE20C39390000
(1778535304.458919) can0 18914010#0CE2100CE0020000
(1778535304.459926) can0 18904010#020F0000753001FE
(1778535304.460912) can0 18FA28F4#373CA12C10270000
(1778535304.461907) can0 18FB28F4#E20CE00C39390000
(1778535304.462938) can0 18FC28F4#383300000F020000
(1778535304.463908) can0 18F810F3#0F02E80333640100
(1778535304.464951) can0 18F815F3#0000000010030000
(1778535304.465837) can0 273#000000000F023300
(1778535304.466837) can0 1E1#020F271001FE01FE
(1778535304.467863) can0 1F5#0000000000000000
(1778535304.468944) can0 0800A6A9#0000000000000000
(1778535304.469906) can0 1000A6A9#0F02881333434343
(1778535304.470930) can0 1C00A6A9#0000000000030000
(1778535304.471952) can0 02018100#1003020F00000000
(1778535304.472932) can0 02028100#0000003364000000
(1778535304.473932) can0 02038100#0CE201100CE00102
(1778535304.474926) can0 02048100#4301014301010000
(1778535304.542585) can0 0000E005#15273E0003B60591
(1778535304.543178) can0 1806E5F4#13EC010003B6023A
(1778535304.543949) can0 0000E000#13EC13EC020F0000
(1778535304.544908) can0 0000E004#111103B603B601E4
(1778535304.545909) can0 0000E006#0CE00CE00CE00CE0
(1778535304.546909) can0 0000E007#0CE00CE00CE00CE0
(1778535304.547922) can0 0000E008#0CE00CE00CE00CE0
(1778535304.548895) can0 0000E009#0CE00CE00CE00CE2
(1778535304.549947) can0 0000E010#0000000000000000
(1778535304.550948) can0 0000E011#0000000000000000
(1778535304.551942) can0 0000E012#0CE0000200000000
(1778535304.552960) can0 0000F001#0000000000000000
(1778535304.553941) can0 18FF28F4#10330000020F0000
(1778535304.554903) can0 18FE28F4#0CE20CE039390000
(1778535304.555916) can0 18FD28F4#1527FA6F00000000
(1778535304.556829) can0 4D4#000033007D0F0203
(1778535304.557813) can0 4D5#E00CE20C39390000
(1778535304.558909) can0 18914010#0CE2100CE0020000
(1778535304.559941) can0 18904010#020F0000753001FE
(1778535304.560902) can0 18FA28F4#373CA12C10270000
(1778535304.561904) can0 18FB28F4#E20CE00C39390000
(1778535304.562935) can0 18FC28F4#383300000F020000
(1778535304.563898) can0 18F810F3#0F02E80333640100
(1778535304.564947) can0 18F815F3#0000000010030000
(1778535304.565833) can0 273#000000000F023300
(1778535304.566826) can0 1E1#020F271001FE01FE
(1778535304.567872) can0 1F5#0000000000000000
(1778535304.568928) can0 0800A6A9#0000000000000000
(1778535304.569903) can0 1000A6A9#0F02881333434343
(1778535304.570928) can0 1C00A6A9#0000000000030000
(1778535304.571942) can0 02018100#1003020F00000000
(1778535304.572925) can0 02028100#0000003364000000
(1778535304.573922) can0 02038100#0CE201100CE00102
(1778535304.574916) can0 02048100#4301014301010000
(1778535304.642581) can0 0000E005#15273E0003B60591
(1778535304.643175) can0 1806E5F4#13EC010003B6023A
(1778535304.643938) can0 0000E000#13EC13EC020F0000
(1778535304.644937) can0 0000E004#111103B603B601E4
(1778535304.645905) can0 0000E006#0CE00CE00CE00CE0
(1778535304.646915) can0 0000E007#0CE00CE00CE00CE0
(1778535304.647912) can0 0000E008#0CE00CE00CE00CE0
(1778535304.648899) can0 0000E009#0CE00CE00CE00CE2
(1778535304.649944) can0 0000E010#0000000000000000
(1778535304.650937) can0 0000E011#0000000000000000
(1778535304.651937) can0 0000E012#0CE0000200000000
(1778535304.652982) can0 0000F001#0000000000000000
(1778535304.653931) can0 18FF28F4#10330000020F0000
(1778535304.654899) can0 18FE28F4#0CE20CE039390000
(1778535304.655912) can0 18FD28F4#1527FA6F00000000
(1778535304.656829) can0 4D4#000033007D0F0203
(1778535304.657810) can0 4D5#E00CE20C39390000
(1778535304.658900) can0 18914010#0CE2100CE0020000
(1778535304.659918) can0 18904010#020F0000753001FE
(1778535304.660950) can0 18FA28F4#373CA12C10270000
(1778535304.661899) can0 18FB28F4#E20CE00C39390000
(1778535304.662921) can0 18FC28F4#383300000F020000
(1778535304.663907) can0 18F810F3#0F02E80333640100
(1778535304.664938) can0 18F815F3#0000000010030000
(1778535304.665836) can0 273#000000000F023300
(1778535304.666823) can0 1E1#020F271001FE01FE
(1778535304.667849) can0 1F5#0000000000000000
(1778535304.668976) can0 0800A6A9#0000000000000000
(1778535304.669893) can0 1000A6A9#0F02881333434343
(1778535304.670922) can0 1C00A6A9#0000000000030000
(1778535304.671938) can0 02018100#1003020F00000000
(1778535304.672938) can0 02028100#0000003364000000
(1778535304.673919) can0 02038100#0CE201100CE00102
(1778535304.674905) can0 02048100#4301014301010000
(1778535304.742587) can0 0000E005#15273E0003B60591
(1778535304.743178) can0 1806E5F4#13EC010003B6023A
(1778535304.743929) can0 0000E000#13EC13EC020F0000
(1778535304.744914) can0 0000E004#111103B603B601E4
(1778535304.745940) can0 0000E006#0CE00CE00CE00CE0
(1778535304.746908) can0 0000E007#0CE00CE00CE00CE0
(1778535304.747902) can0 0000E008#0CE00CE00CE00CE0
(1778535304.748895) can0 0000E009#0CE00CE00CE00CE2
(1778535304.749946) can0 0000E010#0000000000000000
(1778535304.750927) can0 0000E011#0000000000000000
(1778535304.751928) can0 0000E012#0CE0000200000000
(1778535304.752938) can0 0000F001#0000000000000000
(1778535304.753922) can0 18FF28F4#10330000020F0000
(1778535304.754902) can0 18FE28F4#0CE20CE039390000
(1778535304.755915) can0 18FD28F4#1527FA6F00000000
(1778535304.756820) can0 4D4#000033007D0F0203
(1778535304.757813) can0 4D5#E00CE20C39390000
(1778535304.758908) can0 18914010#0CE2100CE0020000
(1778535304.759922) can0 18904010#020F0000753001FE
(1778535304.760903) can0 18FA28F4#373CA12C10270000
(1778535304.761902) can0 18FB28F4#E20CE00C39390000
(1778535304.762915) can0 18FC28F4#383300000F020000
(1778535304.763896) can0 18F810F3#0F02E80333640100
(1778535304.764925) can0 18F815F3#0000000010030000
(1778535304.765826) can0 273#000000000F023300
(1778535304.766826) can0 1E1#020F271001FE01FE
(1778535304.767839) can0 1F5#0000000000000000
(1778535304.768935) can0 0800A6A9#0000000000000000
(1778535304.769902) can0 1000A6A9#0F02881333434343
(1778535304.770915) can0 1C00A6A9#0000000000030000
(1778535304.771941) can0 02018100#1003020F00000000
(1778535304.772918) can0 02028100#0000003364000000
(1778535304.773922) can0 02038100#0CE201100CE00102
(1778535304.774916) can0 02048100#4301014301010000
(1778535304.859593) can0 0000E005#15273E0003B60591
(1778535304.860177) can0 1806E5F4#13EC010003B6023A
(1778535304.860915) can0 0000E000#13EC13EC020F0000
(1778535304.861899) can0 0000E004#111103B603B601E4
(1778535304.862893) can0 0000E006#0CE00CE00CE00CE0
(1778535304.863893) can0 0000E007#0CE00CE00CE00CE0
(1778535304.864886) can0 0000E008#0CE00CE00CE00CE0
(1778535304.865899) can0 0000E009#0CE00CE00CE00CE0
(1778535304.866932) can0 0000E010#0000000000000000
(1778535304.867946) can0 0000E011#0000000000000000
(1778535304.868912) can0 0000E012#0CE0000000000000
(1778535304.869874) can0 0000E013#4542323630354C43
(1778535304.870906) can0 0000E014#3134323300000000
(1778535304.871920) can0 0000E015#0000000000000003
(1778535304.872931) can0 0000F000#0000000000000000
(1778535304.873931) can0 0000F001#0000000000000000
(1778535304.874913) can0 18FF28F4#10330000020F0000
(1778535304.875925) can0 18FE28F4#0CE00CE039390000
(1778535304.876906) can0 18FD28F4#1527FA6F00000000
(1778535304.877814) can0 4D4#000033007D0F0203
(1778535304.878804) can0 4D5#E00CE00C39390000
(1778535304.879900) can0 18914010#0CE0010CE00F0000
(1778535304.880914) can0 18904010#020F0000753001FE
(1778535304.881897) can0 18FA28F4#373CA12C10270000
(1778535304.882894) can0 18FB28F4#E00CE00C39390000
(1778535304.883937) can0 18FC28F4#383300000F020000
(1778535304.884887) can0 18F810F3#0F02E80333640100
(1778535304.885900) can0 18F811F3#E00C0101E00C0F01
(1778535304.886900) can0 18F812F3#3901013901010000
(1778535304.887931) can0 18F813F3#0101000000000000
(1778535304.888894) can0 18F814F3#32000F19A9015F00
(1778535304.889925) can0 18F815F3#0000000010030000
(1778535304.890824) can0 273#000000000F023300
(1778535304.891846) can0 1E1#020F271001FE01FE
(1778535304.892836) can0 1F5#0000000000000000
(1778535304.893913) can0 0800A6A9#0000000000000000
(1778535304.894875) can0 1000A6A9#0F02881333434343
(1778535304.895899) can0 1C00A6A9#0000000000030000
(1778535304.896932) can0 02018100#1003020F00000000
(1778535304.897913) can0 02028100#0000003364000000
(1778535304.898907) can0 02038100#0CE001010CE0010F
(1778535304.899951) can0 02048100#4301014301010000
(1778535304.957573) can0 0000E005#15273E0003B60591
(1778535304.958165) can0 1806E5F4#13EC010003B6023A
(1778535304.958916) can0 0000E000#13EC13EC020F0000
(1778535304.959893) can0 0000E004#111103B603B601E4
(1778535304.960927) can0 0000E006#0CE00CE00CE00CE0
(1778535304.961889) can0 0000E007#0CE00CE00CE00CE0
(1778535304.962889) can0 0000E008#0CE00CE00CE00CE0
(1778535304.963885) can0 0000E009#0CE00CE00CE00CE0
(1778535304.964933) can0 0000E010#0000000000000000
(1778535304.965927) can0 0000E011#0000000000000000
(1778535304.966908) can0 0000E012#0CE0000000000000
(1778535304.967921) can0 0000F001#0000000000000000
(1778535304.968972) can0 18FF28F4#10330000020F0000
(1778535304.969883) can0 18FE28F4#0CE00CE039390000
(1778535304.970902) can0 18FD28F4#1527FA6F00000000
(1778535304.971811) can0 4D4#000033007D0F0203
(1778535304.972800) can0 4D5#E00CE00C39390000
(1778535304.973895) can0 18914010#0CE0010CE00F0000
(1778535304.974903) can0 18904010#020F0000753001FE
(1778535304.975886) can0 18FA28F4#373CA12C10270000
(1778535304.976935) can0 18FB28F4#E00CE00C39390000
(1778535304.977896) can0 18FC28F4#383300000F020000
(1778535304.978878) can0 18F810F3#0F02E80333640100
(1778535304.979909) can0 18F815F3#0000000010030000
(1778535304.980808) can0 273#000000000F023300
(1778535304.981807) can0 1E1#020F271001FE01FE
(1778535304.982839) can0 1F5#0000000000000000
(1778535304.983910) can0 0800A6A9#0000000000000000
(1778535304.984883) can0 1000A6A9#0F02881333434343
(1778535304.985908) can0 1C00A6A9#0000000000030000
(1778535304.986921) can0 02018100#1003020F00000000
(1778535304.987900) can0 02028100#0000003364000000
(1778535304.988903) can0 02038100#0CE001010CE0010F
(1778535304.989896) can0 02048100#4301014301010000
(1778535305.057564) can0 0000E005#15273E0003B60591
(1778535305.058162) can0 1806E5F4#13EC010003B6023A
(1778535305.058912) can0 0000E000#13EC13EC020F0000
(1778535305.059892) can0 0000E004#111103B603B601E4
(1778535305.060886) can0 0000E006#0CE00CE00CE00CE0
(1778535305.061882) can0 0000E007#0CE00CE00CE00CE0
(1778535305.062885) can0 0000E008#0CE00CE00CE00CE0
(1778535305.063880) can0 0000E009#0CE00CE00CE00CE0
(1778535305.064924) can0 0000E010#0000000000000000
(1778535305.065918) can0 0000E011#0000000000000000
(1778535305.066904) can0 0000E012#0CE0000000000000
(1778535305.067917) can0 0000F001#0000000000000000
(1778535305.068917) can0 18FF28F4#10330000020F0000
(1778535305.069880) can0 18FE28F4#0CE00CE039390000
(1778535305.070893) can0 18FD28F4#1527FA6F00000000
(1778535305.071810) can0 4D4#000033007D0F0203
(1778535305.072790) can0 4D5#E00CE00C39390000
(1778535305.073881) can0 18914010#0CE0010CE00F0000
(1778535305.074898) can0 18904010#020F0000753001FE
(1778535305.075880) can0 18FA28F4#373CA12C10270000
(1778535305.076879) can0 18FB28F4#E00CE00C39390000
(1778535305.077888) can0 18FC28F4#383300000F020000
(1778535305.078874) can0 18F810F3#0F02E80333640100
(1778535305.079918) can0 18F815F3#0000000010030000
(1778535305.080804) can0 273#000000000F023300
(1778535305.081804) can0 1E1#020F271001FE01FE
(1778535305.082829) can0 1F5#0000000000000000
(1778535305.083912) can0 0800A6A9#0000000000000000
(1778535305.084874) can0 1000A6A9#0F02881333434343
(1778535305.085896) can0 1C00A6A9#0000000000030000
(1778535305.086918) can0 02018100#1003020F00000000
(1778535305.087899) can0 02028100#0000003364000000
(1778535305.088892) can0 02038100#0CE001010CE0010F
(1778535305.089888) can0 02048100#4301014301010000
(1778535305.157560) can0 0000E005#15273E0003B60591
(1778535305.158152) can0 1806E5F4#13EC010003B6023A
(1778535305.158902) can0 0000E000#13EC13EC020F0000
(1778535305.159888) can0 0000E004#111103B603B601E4
(1778535305.160882) can0 0000E006#0CE00CE00CE00CE0
(1778535305.161881) can0 0000E007#0CE00CE00CE00CE0
(1778535305.162876) can0 0000E008#0CE00CE00CE00CE0
(1778535305.163869) can0 0000E009#0CE00CE00CE00CE0
(1778535305.164920) can0 0000E010#0000000000000000
(1778535305.165921) can0 0000E011#0000000000000000
(1778535305.166902) can0 0000E012#0CE0000000000000
(1778535305.167929) can0 0000F001#0000000000000000
(1778535305.168914) can0 18FF28F4#10330000020F0000
(1778535305.169876) can0 18FE28F4#0CE00CE039390000
(1778535305.170888) can0 18FD28F4#1527FA6F00000000
(1778535305.171806) can0 4D4#000033007D0F0203
(1778535305.172787) can0 4D5#E00CE00C39390000
(1778535305.173883) can0 18914010#0CE0010CE0020000
(1778535305.174895) can0 18904010#020F0000753001FE
(1778535305.175893) can0 18FA28F4#373CA12C10270000
(1778535305.176876) can0 18FB28F4#E00CE00C39390000
(1778535305.177889) can0 18FC28F4#383300000F020000
(1778535305.178870) can0 18F810F3#0F02E80333640100
(1778535305.179899) can0 18F815F3#0000000010030000
(1778535305.180800) can0 273#000000000F023300
(1778535305.181800) can0 1E1#020F271001FE01FE
(1778535305.182813) can0 1F5#0000000000000000
(1778535305.183940) can0 0800A6A9#0000000000000000
(1778535305.184870) can0 1000A6A9#0F02881333434343
(1778535305.185901) can0 1C00A6A9#0000000000030000
(1778535305.186915) can0 02018100#1003020F00000000
(1778535305.187896) can0 02028100#0000003364000000
(1778535305.188896) can0 02038100#0CE001010CE00102
(1778535305.189889) can0 02048100#4301014301010000
(1778535305.257561) can0 0000E005#15273E0003B60591
(1778535305.258155) can0 1806E5F4#13EC010003B6023A
(1778535305.258906) can0 0000E000#13EC13EC020F0000
(1778535305.259867) can0 0000E004#111103B603B601E4
(1778535305.260898) can0 0000E006#0CE00CE00CE00CE0
(1778535305.261879) can0 0000E007#0CE00CE00CE00CE0
(1778535305.262878) can0 0000E008#0CE00CE00CE00CE0
(1778535305.263873) can0 0000E009#0CE00CE00CE00CE0
(1778535305.264903) can0 0000E010#0000000000000000
(1778535305.265905) can0 0000E011#0000000000000000
(1778535305.266898) can0 0000E012#0CE0000000000000
(1778535305.267911) can0 0000F001#0000000000000000
(1778535305.268939) can0 18FF28F4#10330000020F0000
(1778535305.269879) can0 18FE28F4#0CE00CE039390000
(1778535305.270873) can0 18FD28F4#1527FA6F00000000
(1778535305.271791) can0 4D4#000033007D0F0203
(1778535305.272771) can0 4D5#E00CE00C39390000
(1778535305.273880) can0 18914010#0CE0010CE0020000
(1778535305.274879) can0 18904010#020F0000753001FE
(1778535305.275861) can0 18FA28F4#373CA12C10270000
(1778535305.276903) can0 18FB28F4#E00CE00C39390000
(1778535305.277891) can0 18FC28F4#383300000F020000
(1778535305.278873) can0 18F810F3#0F02E80333640100
(1778535305.279900) can0 18F815F3#0000000010030000
(1778535305.280794) can0 273#000000000F023300
(1778535305.281784) can0 1E1#020F271001FE01FE
(1778535305.282810) can0 1F5#0000000000000000
(1778535305.283892) can0 0800A6A9#0000000000000000
(1778535305.284854) can0 1000A6A9#0F02881333434343
(1778535305.285885) can0 1C00A6A9#0000000000030000
(1778535305.286898) can0 02018100#1003020F00000000
(1778535305.287899) can0 02028100#0000003364000000
(1778535305.288873) can0 02038100#0CE001010CE00102
(1778535305.289873) can0 02048100#4301014301010000
(1778535305.374540) can0 0000E005#15273E0003B60591
(1778535305.375133) can0 1806E5F4#13EC010003B6023A
(1778535305.375880) can0 0000E000#13EC13EC020F0000
(1778535305.376863) can0 0000E004#111103B603B601E4
(1778535305.377863) can0 0000E006#0CE00CE00CE00CE0
(1778535305.378857) can0 0000E007#0CE00CE00CE00CE0
(1778535305.379876) can0 0000E008#0CE00CE00CE00CE0
(1778535305.380857) can0 0000E009#0CE00CE00CE00CE2
(1778535305.381902) can0 0000E010#0000000000000000
(1778535305.382895) can0 0000E011#0000000000000000
(1778535305.383876) can0 0000E012#0CE0000200000000
(1778535305.384844) can0 0000E013#4542323630354C43
(1778535305.385876) can0 0000E014#3134323300000000
(1778535305.386889) can0 0000E015#0000000000000003
(1778535305.387897) can0 0000F000#0000000000000000
(1778535305.388901) can0 0000F001#0000000000000000
(1778535305.389896) can0 18FF28F4#10330000020F0000
(1778535305.390863) can0 18FE28F4#0CE20CE039390000
(1778535305.391877) can0 18FD28F4#1527FA6F00000000
(1778535305.392794) can0 4D4#000033007D0F0203
(1778535305.393775) can0 4D5#E00CE20C39390000
(1778535305.394870) can0 18914010#0CE2100CE0020000
(1778535305.395883) can0 18904010#020F0000753001FE
(1778535305.396863) can0 18FA28F4#373CA12C10270000
(1778535305.397864) can0 18FB28F4#E20CE00C39390000
(1778535305.398889) can0 18FC28F4#383300000F020000
(1778535305.399851) can0 18F810F3#0F02E80333640100
(1778535305.400870) can0 18F811F3#E20C1001E00C0201
(1778535305.401870) can0 18F812F3#3901013901010000
(1778535305.402902) can0 18F813F3#0101000000000000
(1778535305.403865) can0 18F814F3#32000F19A9015F00
(1778535305.404896) can0 18F815F3#0000000010030000
(1778535305.405794) can0 273#000000000F023300
(1778535305.406807) can0 1E1#020F271001FE01FE
(1778535305.407801) can0 1F5#0000000000000000
(1778535305.408896) can0 0800A6A9#0000000000000000
(1778535305.409857) can0 1000A6A9#0F02881333434343
(1778535305.410889) can0 1C00A6A9#0000000000030000
(1778535305.411897) can0 02018100#1003020F00000000
(1778535305.412883) can0 02028100#0000003364000000
(1778535305.413877) can0 02038100#0CE201100CE00102
(1778535305.414908) can0 02048100#4301014301010000
(1778535305.472543) can0 0000E005#15273E0003B60591
(1778535305.473129) can0 1806E5F4#13EC010003B6023A
(1778535305.473880) can0 0000E000#13EC13EC020F0000
(1778535305.474866) can0 0000E004#111103B603B601E4
(1778535305.475879) can0 0000E006#0CE00CE00CE00CE0
(1778535305.476860) can0 0000E007#0CE00CE00CE00CE0
(1778535305.477860) can0 0000E008#0CE00CE00CE00CE0
(1778535305.478853) can0 0000E009#0CE00CE00CE00CE2
(1778535305.479900) can0 0000E010#0000000000000000
(1778535305.480898) can0 0000E011#0000000000000000
(1778535305.481879) can0 0000E012#0CE0000200000000
(1778535305.482892) can0 0000F001#0000000000000000
(1778535305.483911) can0 18FF28F4#10330000020F0000
(1778535305.484860) can0 18FE28F4#0CE20CE039390000
(1778535305.485873) can0 18FD28F4#1527FA6F00000000
(1778535305.486790) can0 4D4#000033007D0F0203
(1778535305.487765) can0 4D5#E00CE20C39390000
(1778535305.488866) can0 18914010#0CE2100CE0020000
(1778535305.489880) can0 18904010#020F0000753001FE
(1778535305.490860) can0 18FA28F4#373CA12C10270000
(1778535305.491884) can0 18FB28F4#E20CE00C39390000
(1778535305.492873) can0 18FC28F4#383300000F020000
(1778535305.493855) can0 18F810F3#0F02E80333640100
(1778535305.494879) can0 18F815F3#0000000010030000
(1778535305.495786) can0 273#000000000F023300
(1778535305.496777) can0 1E1#020F271001FE01FE
(1778535305.497797) can0 1F5#0000000000000000
(1778535305.498886) can0 0800A6A9#0000000000000000
(1778535305.499879) can0 1000A6A9#0F02881333434343
(1778535305.500887) can0 1C00A6A9#0000000000030000
(1778535305.501899) can0 02018100#1003020F00000000
(1778535305.502879) can0 02028100#0000003364000000
(1778535305.503869) can0 02038100#0CE201100CE00102
(1778535305.504873) can0 02048100#4301014301010000
(1778535305.572514) can0 0000E005#15273E0003B60591
(1778535305.573126) can0 1806E5F4#13EC010003B6023A
(1778535305.573877) can0 0000E000#13EC13EC020F0000
(1778535305.574856) can0 0000E004#111103B603B601E4
(1778535305.575857) can0 0000E006#0CE00CE00CE00CE0
(1778535305.576901) can0 0000E007#0CE00CE00CE00CE0
(1778535305.577844) can0 0000E008#0CE00CE00CE00CE0
(1778535305.578850) can0 0000E009#0CE00CE00CE00CE2
(1778535305.579895) can0 0000E010#0000000000000000
(1778535305.580888) can0 0000E011#0000000000000000
(1778535305.581872) can0 0000E012#0CE0000200000000
(1778535305.582888) can0 0000F001#0000000000000000
(1778535305.583883) can0 18FF28F4#10330000020F0000
(1778535305.584895) can0 18FE28F4#0CE20CE039390000
(1778535305.585863) can0 18FD28F4#1527FA6F00000000
(1778535305.586781) can0 4D4#000033007D0F0203
(1778535305.587762) can0 4D5#E00CE20C39390000
(1778535305.588857) can0 18914010#0CE2100CE0020000
(1778535305.589866) can0 18904010#020F0000753001FE
(1778535305.590850) can0 18FA28F4#373CA12C10270000
(1778535305.591851) can0 18FB28F4#E20CE00C39390000
(1778535305.592876) can0 18FC28F4#383300000F020000
(1778535305.593840) can0 18F810F3#0F02E80333640100
(1778535305.594876) can0 18F815F3#0000000010030000
(1778535305.595775) can0 273#000000000F023300
(1778535305.596775) can0 1E1#020F271001FE01FE
(1778535305.597800) can0 1F5#0000000000000000
(1778535305.598876) can0 0800A6A9#0000000000000000
(1778535305.599845) can0 1000A6A9#0F02881333434343
(1778535305.600876) can0 1C00A6A9#0000000000030000
(1778535305.601881) can0 02018100#1003020F00000000
(1778535305.602870) can0 02028100#0000003364000000
(1778535305.603870) can0 02038100#0CE201100CE00102
(1778535305.604863) can0 02048100#4301014301010000
(1778535305.672523) can0 0000E005#15273E0003B60591
(1778535305.673116) can0 1806E5F4#13EC010003B6023A
(1778535305.673886) can0 0000E000#13EC13EC020F0000
(1778535305.674847) can0 0000E004#111103B603B601E4
(1778535305.675847) can0 0000E006#0CE00CE00CE00CE0
(1778535305.676859) can0 0000E007#0CE00CE00CE00CE0
(1778535305.677840) can0 0000E008#0CE00CE00CE00CE0
(1778535305.678841) can0 0000E009#0CE00CE00CE00CE2
(1778535305.679885) can0 0000E010#0000000000000000
(1778535305.680885) can0 0000E011#0000000000000000
(1778535305.681866) can0 0000E012#0CE0000200000000
(1778535305.682879) can0 0000F001#0000000000000000
(1778535305.683876) can0 18FF28F4#10330000020F0000
(1778535305.684841) can0 18FE28F4#0CE20CE039390000
(1778535305.685853) can0 18FD28F4#1527FA6F00000000
(1778535305.686771) can0 4D4#000033007D0F0203
(1778535305.687752) can0 4D5#E00CE20C39390000
(1778535305.688860) can0 18914010#0CE2100CE0010000
(1778535305.689860) can0 18904010#020F0000753001FE
(1778535305.690841) can0 18FA28F4#373CA12C10270000
(1778535305.691840) can0 18FB28F4#E20CE00C39390000
(1778535305.692872) can0 18FC28F4#383300000F020000
(1778535305.693834) can0 18F810F3#0F02E80333640100
(1778535305.694879) can0 18F815F3#0000000010030000
(1778535305.695760) can0 273#000000000F023300
(1778535305.696765) can0 1E1#020F271001FE01FE
(1778535305.697790) can0 1F5#0000000000000000
(1778535305.698886) can0 0800A6A9#0000000000000000
(1778535305.699835) can0 1000A6A9#0F02881333434343
(1778535305.700867) can0 1C00A6A9#0000000000030000
(1778535305.701879) can0 02018100#1003020F00000000
(1778535305.702860) can0 02028100#0000003364000000
(1778535305.703856) can0 02038100#0CE201100CE00101
(1778535305.704854) can0 02048100#4301014301010000
(1778535305.772516) can0 0000E005#15273E0003B60591
(1778535305.773120) can0 1806E5F4#13EC010003B6023A
(1778535305.773866) can0 0000E000#13EC13EC020F0000
(1778535305.774838) can0 0000E004#111103B603B601E4
(1778535305.775852) can0 0000E006#0CE00CE00CE00CE0
(1778535305.776851) can0 0000E007#0CE00CE00CE00CE0
(1778535305.777850) can0 0000E008#0CE00CE00CE00CE0
(1778535305.778830) can0 0000E009#0CE00CE00CE00CE2
(1778535305.779875) can0 0000E010#0000000000000000
(1778535305.780875) can0 0000E011#0000000000000000
(1778535305.781865) can0 0000E012#0CE0000200000000
(1778535305.782882) can0 0000F001#0000000000000000
(1778535305.783882) can0 18FF28F4#10330000020F0000
(1778535305.784831) can0 18FE28F4#0CE20CE039390000
(1778535305.785840) can0 18FD28F4#1527FA6F00000000
(1778535305.786761) can0 4D4#000033007D0F0203
(1778535305.787742) can0 4D5#E00CE20C39390000
(1778535305.788856) can0 18914010#0CE2100CE0010000
(1778535305.789850) can0 18904010#020F0000753001FE
(1778535305.790837) can0 18FA28F4#373CA12C10270000
(1778535305.791863) can0 18FB28F4#E20CE00C39390000
(1778535305.792862) can0 18FC28F4#383300000F020000
(1778535305.793819) can0 18F810F3#0F02E80333640100
(1778535305.794875) can0 18F815F3#0000000010030000
(1778535305.795774) can0 273#000000000F023300
(1778535305.796756) can0 1E1#020F271001FE01FE
(1778535305.797778) can0 1F5#0000000000000000
(1778535305.798863) can0 0800A6A9#0000000000000000
(1778535305.799864) can0 1000A6A9#0F02881333434343
(1778535305.800857) can0 1C00A6A9#0000000000030000
(1778535305.801876) can0 02018100#1003020F00000000
(1778535305.802857) can0 02028100#0000003364000000
(1778535305.803852) can0 02038100#0CE201100CE00101
(1778535305.804850) can0 02048100#4301014301010000
(1778535305.889522) can0 0000E005#15273E0003B60591
(1778535305.890123) can0 1806E5F4#13EC010003B6023A
(1778535305.890866) can0 0000E000#13EC13EC020F0000
(1778535305.891848) can0 0000E004#111103B603B601E4
(1778535305.892889) can0 0000E006#0CE00CE00CE00CE0
(1778535305.893840) can0 0000E007#0CE00CE00CE00CE0
(1778535305.894841) can0 0000E008#0CE00CE00CE00CE0
(1778535305.895834) can0 0000E009#0CE00CE00CE00CE2
(1778535305.896879) can0 0000E010#0000000000000000
(1778535305.897867) can0 0000E011#0000000000000000
(1778535305.898859) can0 0000E012#0CE0000200000000
(1778535305.899828) can0 0000E013#4542323630354C43
(1778535305.900853) can0 0000E014#3134323300000000
(1778535305.901873) can0 0000E015#0000000000000003
(1778535305.902865) can0 0000F000#0000000000000000
(1778535305.903867) can0 0000F001#0000000000000000
(1778535305.904859) can0 18FF28F4#10330000020F0000
(1778535305.905828) can0 18FE28F4#0CE20CE039390000
(1778535305.906841) can0 18FD28F4#1527FA6F00000000
(1778535305.907759) can0 4D4#000033007D0F0203
(1778535305.908739) can0 4D5#E00CE20C39390000
(1778535305.909834) can0 18914010#0CE2100CE0020000
(1778535305.910847) can0 18904010#020F0000753001FE
(1778535305.911829) can0 18FA28F4#373CA12C10270000
(1778535305.912823) can0 18FB28F4#E20CE00C39390000
(1778535305.913854) can0 18FC28F4#383300000F020000
(1778535305.914822) can0 18F810F3#0F02E80333640100
(1778535305.915835) can0 18F811F3#E20C1001E00C0201
(1778535305.916829) can0 18F812F3#3901013901010000
(1778535305.917860) can0 18F813F3#0101000000000000
(1778535305.918848) can0 18F814F3#32000F19A9015F00
(1778535305.919860) can0 18F815F3#0000000010030000
(1778535305.920759) can0 273#000000000F023300
(1778535305.921752) can0 1E1#020F271001FE01FE
(1778535305.922784) can0 1F5#0000000000000000
(1778535305.923861) can0 0800A6A9#0000000000000000
(1778535305.924818) can0 1000A6A9#0F02881333434343
(1778535305.925854) can0 1C00A6A9#0000000000030000
(1778535305.926867) can0 02018100#1003020F00000000
(1778535305.927859) can0 02028100#0000003364000000
(1778535305.928841) can0 02038100#0CE201100CE00102
(1778535305.929854) can0 02048100#4301014301010000
(1778535305.987507) can0 0000E005#15273E0003B60591
(1778535305.988126) can0 1806E5F4#13EC010003B6023A
(1778535305.988864) can0 0000E000#13EC13EC020F0000
(1778535305.989831) can0 0000E004#111103B603B601E4
(1778535305.990824) can0 0000E006#0CE00CE00CE00CE0
(1778535305.991833) can0 0000E007#0CE00CE00CE00CE0
(1778535305.992838) can0 0000E008#0CE00CE00CE00CE0
(1778535305.993818) can0 0000E009#0CE00CE00CE00CE2
(1778535305.994862) can0 0000E010#0000000000000000
(1778535305.995861) can0 0000E011#0000000000000000
(1778535305.996863) can0 0000E012#0CE0000200000000
(1778535305.997875) can0 0000F001#0000000000000000
(1778535305.998857) can0 18FF28F4#10330000020F0000
(1778535305.999819) can0 18FE28F4#0CE20CE039390000
(1778535306.000838) can0 18FD28F4#1527FA6F00000000
(1778535306.001754) can0 4D4#000033007D0F0203
(1778535306.002736) can0 4D5#E00CE20C39390000
(1778535306.003827) can0 18914010#0CE2100CE0020000
(1778535306.004843) can0 18904010#020F0000753001FE
(1778535306.005825) can0 18FA28F4#373CA12C10270000
(1778535306.006838) can0 18FB28F4#E20CE00C39390000
(1778535306.007847) can0 18FC28F4#383300000F020000
(1778535306.008819) can0 18F810F3#0F02E80333640100
(1778535306.009862) can0 18F815F3#0000000010030000
(1778535306.010761) can0 273#000000000F023300
(1778535306.011743) can0 1E1#020F271001FE01FE
(1778535306.012774) can0 1F5#0000000000000000
(1778535306.013850) can0 0800A6A9#0000000000000000
(1778535306.014838) can0 1000A6A9#0F02881333434343
(1778535306.015842) can0 1C00A6A9#0000000000030000
(1778535306.016863) can0 02018100#1003020F00000000
(1778535306.017862) can0 02028100#0000003364000000
(1778535306.018837) can0 02038100#0CE201100CE00102
(1778535306.019832) can0 02048100#4301014301010000
(1778535306.087484) can0 0000E005#15273E0003B60591
(1778535306.088070) can0 1806E5F4#13EC010003B6023A
(1778535306.088852) can0 0000E000#13EC13EC020F0000
(1778535306.089833) can0 0000E004#111103B603B601E4
(1778535306.090834) can0 0000E006#0CE00CE00CE00CE0
(1778535306.091847) can0 0000E007#0CE00CE00CE00CE0
(1778535306.092827) can0 0000E008#0CE00CE00CE00CE0
(1778535306.093821) can0 0000E009#0CE00CE00CE00CE2
(1778535306.094859) can0 0000E010#0000000000000000
(1778535306.095854) can0 0000E011#0000000000000000
(1778535306.096853) can0 0000E012#0CE0000200000000
(1778535306.097864) can0 0000F001#0000000000000000
(1778535306.098846) can0 18FF28F4#10330000020F0000
(1778535306.099847) can0 18FE28F4#0CE20CE039390000
(1778535306.100841) can0 18FD28F4#1527FA6F00000000
(1778535306.101745) can0 4D4#000033007D0F0203
(1778535306.102726) can0 4D5#E00CE20C39390000
(1778535306.103835) can0 18914010#0CE2100CE0020000
(1778535306.104835) can0 18904010#020F0000753001FE
(1778535306.105829) can0 18FA28F4#373CA12C10270000
(1778535306.106828) can0 18FB28F4#E20CE00C39390000
(1778535306.107873) can0 18FC28F4#383300000F020000
(1778535306.108822) can0 18F810F3#0F02E80333640100
(1778535306.109849) can0 18F815F3#0000000010030000
(1778535306.110752) can0 273#000000000F023300
(1778535306.111733) can0 1E1#020F271001FE01FE
(1778535306.112765) can0 1F5#0000000000000000
(1778535306.113842) can0 0800A6A9#0000000000000000
(1778535306.114809) can0 1000A6A9#0F02881333434343
(1778535306.115886) can0 1C00A6A9#0000000000030000
(1778535306.116853) can0 02018100#1003020F00000000
(1778535306.117830) can0 02028100#0000003364000000
(1778535306.118834) can0 02038100#0CE201100CE00102
(1778535306.119828) can0 02048100#4301014301010000
(1778535306.187508) can0 0000E005#15273E0003B60591
(1778535306.188132) can0 1806E5F4#13EC010003B6023A
(1778535306.188844) can0 0000E000#13EC13EC020F0000
(1778535306.189811) can0 0000E004#111103B603B601E4
(1778535306.190824) can0 0000E006#0CE00CE00CE00CE0
(1778535306.191825) can0 0000E007#0CE00CE00CE00CE0
(1778535306.192868) can0 0000E008#0CE00CE00CE00CE0
(1778535306.193818) can0 0000E009#0CE00CE00CE00CE0
(1778535306.194850) can0 0000E010#0000000000000000
(1778535306.195840) can0 0000E011#0000000000000000
(1778535306.196843) can0 0000E012#0CE0000000000000
(1778535306.197856) can0 0000F001#0000000000000000
(1778535306.198837) can0 18FF28F4#10330000020F0000
(1778535306.199814) can0 18FE28F4#0CE00CE039390000
(1778535306.200837) can0 18FD28F4#1527FA6F00000000
(1778535306.201736) can0 4D4#000033007D0F0203
(1778535306.202735) can0 4D5#E00CE00C39390000
(1778535306.203825) can0 18914010#0CE0010CE00C0000
(1778535306.204824) can0 18904010#020F0000753001FE
(1778535306.205824) can0 18FA28F4#373CA12C10270000
(1778535306.206818) can0 18FB28F4#E00CE00C39390000
(1778535306.207833) can0 18FC28F4#383300000F020000
(1778535306.208818) can0 18F810F3#0F02E80333640100
(1778535306.209843) can0 18F815F3#0000000010030000
(1778535306.210748) can0 273#000000000F023300
(1778535306.211723) can0 1E1#020F271001FE01FE
(1778535306.212760) can0 1F5#0000000000000000
(1778535306.213837) can0 0800A6A9#0000000000000000
(1778535306.214799) can0 1000A6A9#0F02881333434343
(1778535306.215831) can0 1C00A6A9#0000000000030000
(1778535306.216844) can0 02018100#1003020F00000000
(1778535306.217844) can0 02028100#0000003364000000
(1778535306.218825) can0 02038100#0CE001010CE0010C
(1778535306.219818) can0 02048100#4301014301010000
(1778535306.287510) can0 0000E005#15273E0003B60591
(1778535306.288136) can0 1806E5F4#13EC010003B6023A
(1778535306.288847) can0 0000E000#13EC13EC020F0000
(1778535306.289809) can0 0000E004#111103B603B601E4
(1778535306.290807) can0 0000E006#0CE00CE00CE00CE0
(1778535306.291821) can0 0000E007#0CE00CE00CE00CE0
(1778535306.292820) can0 0000E008#0CE00CE00CE00CE0
(1778535306.293820) can0 0000E009#0CE00CE00CE00CE0
(1778535306.294846) can0 0000E010#0000000000000000
(1778535306.295846) can0 0000E011#0000000000000000
(1778535306.296840) can0 0000E012#0CE0000000000000
(1778535306.297849) can0 0000F001#0000000000000000
(1778535306.298839) can0 18FF28F4#10330000020F0000
(1778535306.299821) can0 18FE28F4#0CE00CE039390000
(1778535306.300814) can0 18FD28F4#1527FA6F00000000
(1778535306.301725) can0 4D4#000033007D0F0203
(1778535306.302732) can0 4D5#E00CE00C39390000
(1778535306.303809) can0 18914010#0CE0010CE00C0000
(1778535306.304822) can0 18904010#020F0000753001FE
(1778535306.305802) can0 18FA28F4#373CA12C10270000
(1778535306.306815) can0 18FB28F4#E00CE00C39390000
(1778535306.307834) can0 18FC28F4#383300000F020000
(1778535306.308814) can0 18F810F3#0F02E80333640100
(1778535306.309835) can0 18F815F3#0000000010030000
(1778535306.310745) can0 273#000000000F023300
(1778535306.311726) can0 1E1#020F271001FE01FE
(1778535306.312751) can0 1F5#0000000000000000
(1778535306.313824) can0 0800A6A9#0000000000000000
(1778535306.314814) can0 1000A6A9#0F02881333434343
(1778535306.315828) can0 1C00A6A9#0000000000030000
(1778535306.316840) can0 02018100#1003020F00000000
(1778535306.317840) can0 02028100#0000003364000000
(1778535306.318821) can0 02038100#0CE001010CE0010C
(1778535306.319815) can0 02048100#4301014301010000
(1778535306.404484) can0 0000E005#15273E0003B60591
(1778535306.405070) can0 1806E5F4#13EC010003B6023A
(1778535306.405824) can0 0000E000#13EC13EC020F0000
(1778535306.406805) can0 0000E004#111103B603B601E4
(1778535306.407838) can0 0000E006#0CE00CE00CE00CE0
(1778535306.408796) can0 0000E007#0CE00CE00CE00CE0
(1778535306.409817) can0 0000E008#0CE00CE00CE00CE0
(1778535306.410798) can0 0000E009#0CE00CE00CE00CE2
(1778535306.411843) can0 0000E010#0000000000000000
(1778535306.412843) can0 0000E011#0000000000000000
(1778535306.413824) can0 0000E012#0CE1000200000000
(1778535306.414785) can0 0000E013#4542323630354C43
(1778535306.415869) can0 0000E014#3134323300000000
(1778535306.416830) can0 0000E015#0000000000000003
(1778535306.417843) can0 0000F000#0000000000000000
(1778535306.418842) can0 0000F001#0000000000000000
(1778535306.419843) can0 18FF28F4#10330000020F0000
(1778535306.420805) can0 18FE28F4#0CE20CE039390000
(1778535306.421818) can0 18FD28F4#1527FA6F00000000
(1778535306.422735) can0 4D4#000033007D0F0203
(1778535306.423768) can0 4D5#E00CE20C39390000
(1778535306.424811) can0 18914010#0CE2100CE0050000
(1778535306.425824) can0 18904010#020F0000753001FE
(1778535306.426805) can0 18FA28F4#373CA12C10270000
(1778535306.427805) can0 18FB28F4#E20CE00C39390000
(1778535306.428816) can0 18FC28F4#383300000F020000
(1778535306.429799) can0 18F810F3#0F02E80333640100
(1778535306.430812) can0 18F811F3#E20C1001E00C0501
(1778535306.431812) can0 18F812F3#3901013901010000
(1778535306.432836) can0 18F813F3#0101000000000000
(1778535306.433805) can0 18F814F3#32000F19A9015F00
(1778535306.434831) can0 18F815F3#0000000010030000
(1778535306.435737) can0 273#000000000F023300
(1778535306.436730) can0 1E1#020F271001FE01FE
(1778535306.437742) can0 1F5#0000000000000000
(1778535306.438840) can0 0800A6A9#0000000000000000
(1778535306.439802) can0 1000A6A9#0F02881333434343
(1778535306.440823) can0 1C00A6A9#0000000000030000
(1778535306.441837) can0 02018100#1003020F00000000
(1778535306.442818) can0 02028100#0000003364000000
(1778535306.443818) can0 02038100#0CE201100CE00105
(1778535306.444812) can0 02048100#4301014301010000
(1778535306.502491) can0 0000E005#15273E0003B60591
(1778535306.503075) can0 1806E5F4#13EC010003B6023A
(1778535306.503833) can0 0000E000#13EC13EC020F0000
(1778535306.504794) can0 0000E004#111103B603B601E4
(1778535306.505814) can0 0000E006#0CE00CE00CE00CE0
(1778535306.506807) can0 0000E007#0CE00CE00CE00CE0
(1778535306.507808) can0 0000E008#0CE00CE00CE00CE0
(1778535306.508802) can0 0000E009#0CE00CE00CE00CE2
(1778535306.509833) can0 0000E010#0000000000000000
(1778535306.510833) can0 0000E011#0000000000000000
(1778535306.511814) can0 0000E012#0CE1000200000000
(1778535306.512837) can0 0000F001#0000000000000000
(1778535306.513827) can0 18FF28F4#10330000020F0000
(1778535306.514808) can0 18FE28F4#0CE20CE039390000
(1778535306.515821) can0 18FD28F4#1527FA6F00000000
(1778535306.516719) can0 4D4#000033007D0F0203
(1778535306.517700) can0 4D5#E00CE20C39390000
(1778535306.518814) can0 18914010#0CE2100CE0050000
(1778535306.519808) can0 18904010#020F0000753001FE
(1778535306.520803) can0 18FA28F4#373CA12C10270000
(1778535306.521801) can0 18FB28F4#E20CE00C39390000
(1778535306.522820) can0 18FC28F4#383300000F020000
(1778535306.523802) can0 18F810F3#0F02E80333640100
(1778535306.524823) can0 18F815F3#0000000010030000
(1778535306.525732) can0 273#000000000F023300
(1778535306.526725) can0 1E1#020F271001FE01FE
(1778535306.527739) can0 1F5#0000000000000000
(1778535306.528834) can0 0800A6A9#0000000000000000
(1778535306.529802) can0 1000A6A9#0F02881333434343
(1778535306.530814) can0 1C00A6A9#0000000000030000
(1778535306.531828) can0 02018100#1003020F00000000
(1778535306.532825) can0 02028100#0000003364000000
(1778535306.533821) can0 02038100#0CE201100CE00105
(1778535306.534820) can0 02048100#4301014301010000
(1778535306.602424) can0 0000E005#15273E0003B60591
(1778535306.603009) can0 1806E5F4#13EC010003B6023A
(1778535306.603817) can0 0000E000#13EC13EC020F0000
(1778535306.604798) can0 0000E004#111103B603B601E4
(1778535306.605798) can0 0000E006#0CE00CE00CE00CE0
(1778535306.606791) can0 0000E007#0CE00CE00CE00CE0
(1778535306.607792) can0 0000E008#0CE00CE00CE00CE0
(1778535306.608785) can0 0000E009#0CE00CE00CE00CE2
(1778535306.609836) can0 0000E010#0000000000000000
(1778535306.610829) can0 0000E011#0000000000000000
(1778535306.611811) can0 0000E012#0CE1000200000000
(1778535306.612830) can0 0000F001#0000000000000000
(1778535306.613823) can0 18FF28F4#10330000020F0000
(1778535306.614801) can0 18FE28F4#0CE20CE039390000
(1778535306.615805) can0 18FD28F4#1527FA6F00000000
(1778535306.616722) can0 4D4#000033007D0F0203
(1778535306.617703) can0 4D5#E00CE20C39390000
(1778535306.618798) can0 18914010#0CE2100CE0050000
(1778535306.619812) can0 18904010#020F0000753001FE
(1778535306.620792) can0 18FA28F4#373CA12C10270000
(1778535306.621792) can0 18FB28F4#E20CE00C39390000
(1778535306.622813) can0 18FC28F4#383300000F020000
(1778535306.623786) can0 18F810F3#0F02E80333640100
(1778535306.624830) can0 18F815F3#0000000010030000
(1778535306.625716) can0 273#000000000F023300
(1778535306.626711) can0 1E1#020F271001FE01FE
(1778535306.627742) can0 1F5#0000000000000000
(1778535306.628824) can0 0800A6A9#0000000000000000
(1778535306.629786) can0 1000A6A9#0F02881333434343
(1778535306.630830) can0 1C00A6A9#0000000000030000
(1778535306.631830) can0 02018100#1003020F00000000
(1778535306.632811) can0 02028100#0000003364000000
(1778535306.633805) can0 02038100#0CE201100CE00105
(1778535306.634799) can0 02048100#4301014301010000
(1778535306.702484) can0 0000E005#15273E0003B60591
(1778535306.703068) can0 1806E5F4#13EC010003B6023A
(1778535306.703807) can0 0000E000#13EC13EC020F0000
(1778535306.704788) can0 0000E004#111103B603B601E4
(1778535306.705788) can0 0000E006#0CE00CE00CE00CE0
(1778535306.706788) can0 0000E007#0CE00CE00CE00CE0
(1778535306.707814) can0 0000E008#0CE00CE00CE00CE0
(1778535306.708795) can0 0000E009#0CE00CE00CE00CE0
(1778535306.709827) can0 0000E010#0000000000000000
(1778535306.710827) can0 0000E011#0000000000000000
(1778535306.711808) can0 0000E012#0CE0000000000000
(1778535306.712820) can0 0000F001#0000000000000000
(1778535306.713820) can0 18FF28F4#10330000020F0000
(1778535306.714783) can0 18FE28F4#0CE00CE039390000
(1778535306.715829) can0 18FD28F4#1527FA6F00000000
(1778535306.716713) can0 4D4#000033007D0F0203
(1778535306.717699) can0 4D5#E00CE00C39390000
(1778535306.718794) can0 18914010#0CE0010CE00E0000
(1778535306.719808) can0 18904010#020F0000753001FE
(1778535306.720789) can0 18FA28F4#373CA12C10270000
(1778535306.721782) can0 18FB28F4#E00CE00C39390000
(1778535306.722801) can0 18FC28F4#383300000F020000
(1778535306.723825) can0 18F810F3#0F02E80333640100
(1778535306.724826) can0 18F815F3#0000000010030000
(1778535306.725717) can0 273#000000000F023300
(1778535306.726710) can0 1E1#020F271001FE01FE
(1778535306.727731) can0 1F5#0000000000000000
(1778535306.728814) can0 0800A6A9#0000000000000000
(1778535306.729782) can0 1000A6A9#0F02881333434343
(1778535306.730807) can0 1C00A6A9#0000000000030000
(1778535306.731871) can0 02018100#1003020F00000000
(1778535306.732808) can0 02028100#0000003364000000
(1778535306.733801) can0 02038100#0CE001010CE0010E
(1778535306.734799) can0 02048100#4301014301010000
(1778535306.802467) can0 0000E005#15273E0003B60591
(1778535306.803054) can0 1806E5F4#13EC010003B6023A
(1778535306.803810) can0 0000E000#13EC13EC020F0000
(1778535306.804791) can0 0000E004#111103B603B601E4
(1778535306.805785) can0 0000E006#0CE00CE00CE00CE0
(1778535306.806791) can0 0000E007#0CE00CE00CE00CE0
(1778535306.807785) can0 0000E008#0CE00CE00CE00CE0
(1778535306.808829) can0 0000E009#0CE00CE00CE00CE0
(1778535306.809829) can0 0000E010#0000000000000000
(1778535306.810810) can0 0000E011#0000000000000000
(1778535306.811811) can0 0000E012#0CE0000000000000
(1778535306.812825) can0 0000F001#0000000000000000
(1778535306.813804) can0 18FF28F4#10330000020F0000
(1778535306.814785) can0 18FE28F4#0CE00CE039390000
(1778535306.815798) can0 18FD28F4#1527FA6F00000000
(1778535306.816697) can0 4D4#000033007D0F0203
(1778535306.817694) can0 4D5#E00CE00C39390000
(1778535306.818791) can0 18914010#0CE0010CE00E0000
(1778535306.819792) can0 18904010#020F0000753001FE
(1778535306.820785) can0 18FA28F4#373CA12C10270000
(1778535306.821785) can0 18FB28F4#E00CE00C39390000
(1778535306.822798) can0 18FC28F4#383300000F020000
(1778535306.823779) can0 18F810F3#0F02E80333640100
(1778535306.824810) can0 18F815F3#0000000010030000
(1778535306.825706) can0 273#000000000F023300
(1778535306.826709) can0 1E1#020F271001FE01FE
(1778535306.827722) can0 1F5#0000000000000000
(1778535306.828817) can0 0800A6A9#0000000000000000
(1778535306.829763) can0 1000A6A9#0F02881333434343
(1778535306.830798) can0 1C00A6A9#0000000000030000
(1778535306.831811) can0 02018100#1003020F00000000
(1778535306.832805) can0 02028100#0000003364000000
(1778535306.833785) can0 02038100#0CE001010CE0010E
(1778535306.834798) can0 02048100#4301014301010000
(1778535306.913574) can0 00000E00#00354C4331343233
(1778535306.920484) can0 0000E005#15273E0003B60591
(1778535306.921066) can0 1806E5F4#13EC010003B6023A
(1778535306.921807) can0 0000E000#13EC13EC020F0000
(1778535306.922794) can0 0000E004#111103B603B601E4
(1778535306.923789) can0 0000E006#0CE00CE00CE00CE0
(1778535306.924781) can0 0000E007#0CE00CE00CE00CE0
(1778535306.925782) can0 0000E008#0CE00CE00CE00CE0
(1778535306.926782) can0 0000E009#0CE00CE00CE00CE0
(1778535306.927815) can0 0000E010#0000000000000000
(1778535306.928807) can0 0000E011#0000000000000000
(1778535306.929807) can0 0000E012#0CE0000000000000
(1778535306.930788) can0 0000E013#4542323630354C43
(1778535306.931789) can0 0000E014#3134323300000000
(1778535306.932793) can0 0000E015#0000000000000003
(1778535306.933814) can0 0000F000#0000000000000000
(1778535306.934813) can0 0000F001#0000000000000000
(1778535306.935808) can0 18FF28F4#10330000020F0000
(1778535306.936773) can0 18FE28F4#0CE00CE039390000
(1778535306.937789) can0 18FD28F4#1527FA6F00000000
(1778535306.938723) can0 4D4#000033007D0F0203
(1778535306.939689) can0 4D5#E00CE00C39390000
(1778535306.940796) can0 18914010#0CE0020CE0010000
(1778535306.941794) can0 18904010#020F0000753001FE
(1778535306.942776) can0 18FA28F4#373CA12C10270000
(1778535306.943776) can0 18FB28F4#E00CE00C39390000
(1778535306.944800) can0 18FC28F4#383300000F020000
(1778535306.945763) can0 18F810F3#0F02E80333640100
(1778535306.946808) can0 18F811F3#E00C0201E00C0101
(1778535306.947789) can0 18F812F3#3901013901010000
(1778535306.948797) can0 18F813F3#0101000000000000
(1778535306.949783) can0 18F814F3#32000F19A9015F00
(1778535306.950796) can0 18F815F3#0000000010030000
(1778535306.951695) can0 273#000000000F023300
(1778535306.952694) can0 1E1#020F271001FE01FE
(1778535306.953719) can0 1F5#0000000000000000
(1778535306.954846) can0 0800A6A9#0000000000000000
(1778535306.955764) can0 1000A6A9#0F02881333434343
(1778535306.956786) can0 1C00A6A9#0000000000030000
(1778535306.957802) can0 02018100#1003020F00000000
(1778535306.958802) can0 02028100#0000003364000000
(1778535306.959803) can0 02038100#0CE001020CE00101
(1778535306.960775) can0 02048100#4301014301010000
(1778535307.018461) can0 0000E005#15273E0003B60591
(1778535307.019047) can0 1806E5F4#13EC010003B6023A
(1778535307.019804) can0 0000E000#13EC13EC020F0000
(1778535307.020766) can0 0000E004#111103B603B601E4
(1778535307.021766) can0 0000E006#0CE00CE00CE00CE0
(1778535307.022765) can0 0000E007#0CE00CE00CE00CE0
(1778535307.023811) can0 0000E008#0CE00CE00CE00CE0
(1778535307.024772) can0 0000E009#0CE00CE00CE00CE0
(1778535307.025804) can0 0000E010#0000000000000000
(1778535307.026804) can0 0000E011#0000000000000000
(1778535307.027804) can0 0000E012#0CE0000000000000
(1778535307.028807) can0 0000F001#0000000000000000
(1778535307.029798) can0 18FF28F4#10330000020F0000
(1778535307.030779) can0 18FE28F4#0CE00CE039390000
(1778535307.031824) can0 18FD28F4#1527FA6F00000000
(1778535307.032690) can0 4D4#000033007D0F0203
(1778535307.033677) can0 4D5#E00CE00C39390000
(1778535307.034787) can0 18914010#0CE0020CE0010000
(1778535307.035785) can0 18904010#020F0000753001FE
(1778535307.036758) can0 18FA28F4#373CA12C10270000
(1778535307.037760) can0 18FB28F4#E00CE00C39390000
(1778535307.038793) can0 18FC28F4#383300000F020000
(1778535307.039759) can0 18F810F3#0F02E80333640100
(1778535307.040800) can0 18F815F3#0000000010030000
(1778535307.041690) can0 273#000000000F023300
(1778535307.042684) can0 1E1#020F271001FE01FE
(1778535307.043716) can0 1F5#0000000000000000
(1778535307.044792) can0 0800A6A9#0000000000000000
(1778535307.045760) can0 1000A6A9#0F02881333434343
(1778535307.046792) can0 1C00A6A9#0000000000030000
(1778535307.047805) can0 02018100#1003020F00000000
(1778535307.048781) can0 02028100#0000003364000000
(1778535307.049779) can0 02038100#0CE001020CE00101
(1778535307.050779) can0 02048100#4301014301010000
(1778535307.118458) can0 0000E005#15273E0003B60591
(1778535307.119043) can0 1806E5F4#13EC010003B6023A
(1778535307.119788) can0 0000E000#13EC13EC020F0000
(1778535307.120768) can0 0000E004#111103B603B601E4
(1778535307.121768) can0 0000E006#0CE00CE00CE00CE0
(1778535307.122762) can0 0000E007#0CE00CE00CE00CE0
(1778535307.123762) can0 0000E008#0CE00CE00CE00CE0
(1778535307.124762) can0 0000E009#0CE00CE00CE00CE0
(1778535307.125807) can0 0000E010#0000000000000000
(1778535307.126798) can0 0000E011#0000000000000000
(1778535307.127788) can0 0000E012#0CE0000000000000
(1778535307.128800) can0 0000F001#0000000000000000
(1778535307.129795) can0 18FF28F4#10330000020F0000
(1778535307.130756) can0 18FE28F4#0CE00CE039390000
(1778535307.131775) can0 18FD28F4#1527FA6F00000000
(1778535307.132693) can0 4D4#000033007D0F0203
(1778535307.133674) can0 4D5#E00CE00C39390000
(1778535307.134788) can0 18914010#0CE0020CE0010000
(1778535307.135782) can0 18904010#020F0000753001FE
(1778535307.136763) can0 18FA28F4#373CA12C10270000
(1778535307.137762) can0 18FB28F4#E00CE00C39390000
(1778535307.138768) can0 18FC28F4#383300000F020000
(1778535307.139757) can0 18F810F3#0F02E80333640100
(1778535307.140788) can0 18F815F3#0000000010030000
(1778535307.141686) can0 273#000000000F023300
(1778535307.142681) can0 1E1#020F271001FE01FE
(1778535307.143700) can0 1F5#0000000000000000
(1778535307.144795) can0 0800A6A9#0000000000000000
(1778535307.145756) can0 1000A6A9#0F02881333434343
(1778535307.146789) can0 1C00A6A9#0000000000030000
(1778535307.147802) can0 02018100#1003020F00000000
(1778535307.148783) can0 02028100#0000003364000000
(1778535307.149783) can0 02038100#0CE001020CE00101
(1778535307.150776) can0 02048100#4301014301010000
(1778535307.218392) can0 0000E005#15273E0003B60591
(1778535307.218982) can0 1806E5F4#13EC010003B6023A
(1778535307.219784) can0 0000E000#13EC13EC020F0000
(1778535307.220767) can0 0000E004#111103B603B601E4
(1778535307.221766) can0 0000E006#0CE00CE00CE00CE0
(1778535307.222765) can0 0000E007#0CE00CE00CE00CE0
(1778535307.223760) can0 0000E008#0CE00CE00CE00CE0
(1778535307.224759) can0 0000E009#0CE00CE00CE00CE0
(1778535307.225803) can0 0000E010#0000000000000000
(1778535307.226788) can0 0000E011#0000000000000000
(1778535307.227787) can0 0000E012#0CE0000000000000
(1778535307.228793) can0 0000F001#0000000000000000
(1778535307.229779) can0 18FF28F4#10330000020F0000
(1778535307.230778) can0 18FE28F4#0CE00CE039390000
(1778535307.231778) can0 18FD28F4#1527FA6F00000000
(1778535307.232676) can0 4D4#000033007D0F0203
(1778535307.233670) can0 4D5#E00CE00C39390000
(1778535307.234766) can0 18914010#0CE0010CE0020000
(1778535307.235785) can0 18904010#020F0000753001FE
(1778535307.236766) can0 18FA28F4#373CA12C10270000
(1778535307.237759) can0 18FB28F4#E00CE00C39390000
(1778535307.238791) can0 18FC28F4#383300000F020000
(1778535307.239759) can0 18F810F3#0F02E80333640100
(1778535307.240786) can0 18F815F3#0000000010030000
(1778535307.241690) can0 273#000000000F023300
(1778535307.242683) can0 1E1#020F271001FE01FE
(1778535307.243696) can0 1F5#0000000000000000
(1778535307.244790) can0 0800A6A9#0000000000000000
(1778535307.245740) can0 1000A6A9#0F02881333434343
(1778535307.246804) can0 1C00A6A9#0000000000030000
(1778535307.247785) can0 02018100#1003020F00000000
(1778535307.248785) can0 02028100#0000003364000000
(1778535307.249779) can0 02038100#0CE001010CE00102
(1778535307.250779) can0 02048100#4301014301010000
(1778535307.318438) can0 0000E005#15273E0003B60591
(1778535307.319019) can0 1806E5F4#13EC010003B6023A
(1778535307.319781) can0 0000E000#13EC13EC020F0000
(1778535307.320762) can0 0000E004#111103B603B601E4
(1778535307.321762) can0 0000E006#0CE00CE00CE00CE0
(1778535307.322755) can0 0000E007#0CE00CE00CE00CE0
(1778535307.323788) can0 0000E008#0CE00CE00CE00CE0
(1778535307.324756) can0 0000E009#0CE00CE00CE00CE0
(1778535307.325800) can0 0000E010#0000000000000000
(1778535307.326781) can0 0000E011#0000000000000000
(1778535307.327782) can0 0000E012#0CE0000000000000
(1778535307.328794) can0 0000F001#0000000000000000
(1778535307.329776) can0 18FF28F4#10330000020F0000
(1778535307.330751) can0 18FE28F4#0CE00CE039390000
(1778535307.331802) can0 18FD28F4#1527FA6F00000000
(1778535307.332674) can0 4D4#000033007D0F0203
(1778535307.333667) can0 4D5#E00CE00C39390000
(1778535307.334762) can0 18914010#0CE0010CE0020000
(1778535307.335765) can0 18904010#020F0000753001FE
(1778535307.336763) can0 18FA28F4#373CA12C10270000
(1778535307.337756) can0 18FB28F4#E00CE00C39390000
(1778535307.338769) can0 18FC28F4#383300000F020000
(1778535307.339801) can0 18F810F3#0F02E80333640100
(1778535307.340781) can0 18F815F3#0000000010030000
(1778535307.341686) can0 273#000000000F023300
(1778535307.342660) can0 1E1#020F271001FE01FE
(1778535307.343694) can0 1F5#0000000000000000
(1778535307.344775) can0 0800A6A9#0000000000000000
(1778535307.345737) can0 1000A6A9#0F02881333434343
(1778535307.346762) can0 1C00A6A9#0000000000030000
(1778535307.347782) can0 02018100#1003020F00000000
(1778535307.348781) can0 02028100#0000003364000000
(1778535307.349775) can0 02038100#0CE001010CE00102
(1778535307.350756) can0 02048100#4301014301010000
(1778535307.435430) can0 0000E005#15273E0003B60591
(1778535307.436020) can0 1806E5F4#13EC010003B6023A
(1778535307.436772) can0 0000E000#13EC13EC020F0000
(1778535307.437754) can0 0000E004#111103B603B601E4
(1778535307.438752) can0 0000E006#0CE00CE00CE00CE0
(1778535307.439757) can0 0000E007#0CE00CE00CE00CE0
(1778535307.440747) can0 0000E008#0CE00CE00CE00CE0
(1778535307.441743) can0 0000E009#0CE00CE00CE00CE2
(1778535307.442790) can0 0000E010#0000000000000000
(1778535307.443768) can0 0000E011#0000000000000000
(1778535307.444772) can0 0000E012#0CE0000200000000
(1778535307.445733) can0 0000E013#4542323630354C43
(1778535307.446765) can0 0000E014#3134323300000000
(1778535307.447778) can0 0000E015#0000000000000003
(1778535307.448778) can0 0000F000#0000000000000000
(1778535307.449772) can0 0000F001#0000000000000000
(1778535307.450772) can0 18FF28F4#10330000020F0000
(1778535307.451740) can0 18FE28F4#0CE20CE039390000
(1778535307.452750) can0 18FD28F4#1527FA6F00000000
(1778535307.453683) can0 4D4#000033007D0F0203
(1778535307.454651) can0 4D5#E00CE20C39390000
(1778535307.455747) can0 18914010#0CE2100CE0020000
(1778535307.456760) can0 18904010#020F0000753001FE
(1778535307.457741) can0 18FA28F4#373CA12C10270000
(1778535307.458741) can0 18FB28F4#E20CE00C39390000
(1778535307.459767) can0 18FC28F4#383300000F020000
(1778535307.460732) can0 18F810F3#0F02E80333640100
(1778535307.461766) can0 18F811F3#E20C1001E00C0201
(1778535307.462746) can0 18F812F3#3901013901010000
(1778535307.463773) can0 18F813F3#0101000000000000
(1778535307.464736) can0 18F814F3#32000F19A9015F00
(1778535307.465772) can0 18F815F3#0000000010030000
(1778535307.466671) can0 273#000000000F023300
(1778535307.467665) can0 1E1#020F271001FE01FE
(1778535307.468696) can0 1F5#0000000000000000
(1778535307.469804) can0 0800A6A9#0000000000000000
(1778535307.470735) can0 1000A6A9#0F02881333434343
(1778535307.471767) can0 1C00A6A9#0000000000030000
(1778535307.472770) can0 02018100#1003020F00000000
(1778535307.473772) can0 02028100#0000003364000000
(1778535307.474753) can0 02038100#0CE201100CE00102
(1778535307.475748) can0 02048100#4301014301010000
(1778535307.533425) can0 0000E005#15273E0003B60591
(1778535307.534017) can0 1806E5F4#13EC010003B6023A
(1778535307.534774) can0 0000E000#13EC13EC020F0000
(1778535307.535737) can0 0000E004#111103B603B601E4
(1778535307.536736) can0 0000E006#0CE00CE00CE00CE0
(1778535307.537749) can0 0000E007#0CE00CE00CE00CE0
(1778535307.538761) can0 0000E008#0CE00CE00CE00CE0
(1778535307.539732) can0 0000E009#0CE00CE00CE00CE2
(1778535307.540772) can0 0000E010#0000000000000000
(1778535307.541775) can0 0000E011#0000000000000000
(1778535307.542768) can0 0000E012#0CE0000200000000
(1778535307.543781) can0 0000F001#0000000000000000
(1778535307.544760) can0 18FF28F4#10330000020F0000
(1778535307.545750) can0 18FE28F4#0CE20CE039390000
(1778535307.546775) can0 18FD28F4#1527FA6F00000000
(1778535307.547661) can0 4D4#000033007D0F0203
(1778535307.548642) can0 4D5#E00CE20C39390000
(1778535307.549737) can0 18914010#0CE2100CE0020000
(1778535307.550750) can0 18904010#020F0000753001FE
(1778535307.551731) can0 18FA28F4#373CA12C10270000
(1778535307.552743) can0 18FB28F4#E20CE00C39390000
(1778535307.553762) can0 18FC28F4#383300000F020000
(1778535307.554775) can0 18F810F3#0F02E80333640100
(1778535307.555769) can0 18F815F3#0000000010030000
(1778535307.556670) can0 273#000000000F023300
(1778535307.557655) can0 1E1#020F271001FE01FE
(1778535307.558687) can0 1F5#0000000000000000
(1778535307.559763) can0 0800A6A9#0000000000000000
(1778535307.560725) can0 1000A6A9#0F02881333434343
(1778535307.561756) can0 1C00A6A9#0000000000030000
(1778535307.562820) can0 02018100#1003020F00000000
(1778535307.563769) can0 02028100#0000003364000000
(1778535307.564742) can0 02038100#0CE201100CE00102
(1778535307.565744) can0 02048100#4301014301010000
(1778535307.633418) can0 0000E005#15273E0003B60591
(1778535307.634007) can0 1806E5F4#13EC010003B6023A
(1778535307.634756) can0 0000E000#13EC13EC020F0000
(1778535307.635746) can0 0000E004#111103B603B601E4
(1778535307.636739) can0 0000E006#0CE00CE00CE00CE0
(1778535307.637740) can0 0000E007#0CE00CE00CE00CE0
(1778535307.638740) can0 0000E008#0CE00CE00CE00CE0
(1778535307.639766) can0 0000E009#0CE00CE00CE00CE2
(1778535307.640784) can0 0000E010#0000000000000000
(1778535307.641764) can0 0000E011#0000000000000000
(1778535307.642752) can0 0000E012#0CE0000200000000
(1778535307.643772) can0 0000F001#0000000000000000
(1778535307.644759) can0 18FF28F4#10330000020F0000
(1778535307.645740) can0 18FE28F4#0CE20CE039390000
(1778535307.646749) can0 18FD28F4#1527FA6F00000000
(1778535307.647702) can0 4D4#000033007D0F0203
(1778535307.648651) can0 4D5#E00CE20C39390000
(1778535307.649740) can0 18914010#0CE2100CE0020000
(1778535307.650759) can0 18904010#020F0000753001FE
(1778535307.651740) can0 18FA28F4#373CA12C10270000
(1778535307.652733) can0 18FB28F4#E20CE00C39390000
(1778535307.653746) can0 18FC28F4#383300000F020000
(1778535307.654730) can0 18F810F3#0F02E80333640100
(1778535307.655759) can0 18F815F3#0000000010030000
(1778535307.656663) can0 273#000000000F023300
(1778535307.657657) can0 1E1#020F271001FE01FE
(1778535307.658664) can0 1F5#0000000000000000
(1778535307.659766) can0 0800A6A9#0000000000000000
(1778535307.660733) can0 1000A6A9#0F02881333434343
(1778535307.661759) can0 1C00A6A9#0000000000030000
(1778535307.662778) can0 02018100#1003020F00000000
(1778535307.663759) can0 02028100#0000003364000000
(1778535307.664752) can0 02038100#0CE201100CE00102
(1778535307.665747) can0 02048100#4301014301010000
(1778535307.733410) can0 0000E005#15273E0003B60591
(1778535307.733998) can0 1806E5F4#13EC010003B6023A
(1778535307.734749) can0 0000E000#13EC13EC020F0000
(1778535307.735736) can0 0000E004#111103B603B601E4
(1778535307.736728) can0 0000E006#0CE00CE00CE00CE0
(1778535307.737730) can0 0000E007#0CE00CE00CE00CE0
(1778535307.738723) can0 0000E008#0CE00CE00CE00CE0
(1778535307.739724) can0 0000E009#0CE00CE00CE00CE2
(1778535307.740768) can0 0000E010#0000000000000000
(1778535307.741768) can0 0000E011#0000000000000000
(1778535307.742749) can0 0000E012#0CE0000200000000
(1778535307.743762) can0 0000F001#0000000000000000
(1778535307.744756) can0 18FF28F4#10330000020F0000
(1778535307.745723) can0 18FE28F4#0CE20CE039390000
(1778535307.746743) can0 18FD28F4#1527FA6F00000000
(1778535307.747660) can0 4D4#000033007D0F0203
(1778535307.748636) can0 4D5#E00CE20C39390000
(1778535307.749730) can0 18914010#0CE2100CE0020000
(1778535307.750749) can0 18904010#020F0000753001FE
(1778535307.751730) can0 18FA28F4#373CA12C10270000
(1778535307.752724) can0 18FB28F4#E20CE00C39390000
(1778535307.753757) can0 18FC28F4#383300000F020000
(1778535307.754724) can0 18F810F3#0F02E80333640100
(1778535307.755750) can0 18F815F3#0000000010030000
(1778535307.756650) can0 273#000000000F023300
(1778535307.757648) can0 1E1#020F271001FE01FE
(1778535307.758679) can0 1F5#0000000000000000
(1778535307.759756) can0 0800A6A9#0000000000000000
(1778535307.760722) can0 1000A6A9#0F02881333434343
(1778535307.761756) can0 1C00A6A9#0000000000030000
(1778535307.762769) can0 02018100#1003020F00000000
(1778535307.763750) can0 02028100#0000003364000000
(1778535307.764743) can0 02038100#0CE201100CE00102
(1778535307.765743) can0 02048100#4301014301010000
(1778535307.833407) can0 0000E005#15273E0003B60591
(1778535307.833994) can0 1806E5F4#13EC010003B6023A
(1778535307.834743) can0 0000E000#13EC13EC020F0000
(1778535307.835733) can0 0000E004#111103B603B601E4
(1778535307.836726) can0 0000E006#0CE00CE00CE00CE0
(1778535307.837726) can0 0000E007#0CE00CE00CE00CE0
(1778535307.838739) can0 0000E008#0CE00CE00CE00CE0
(1778535307.839720) can0 0000E009#0CE00CE00CE00CE2
(1778535307.840765) can0 0000E010#0000000000000000
(1778535307.841765) can0 0000E011#0000000000000000
(1778535307.842745) can0 0000E012#0CE0000200000000
(1778535307.843758) can0 0000F001#0000000000000000
(1778535307.844739) can0 18FF28F4#10330000020F0000
(1778535307.845720) can0 18FE28F4#0CE20CE039390000
(1778535307.846750) can0 18FD28F4#1527FA6F00000000
(1778535307.847638) can0 4D4#000033007D0F0203
(1778535307.848638) can0 4D5#E00CE20C39390000
(1778535307.849727) can0 18914010#0CE2100CE0020000
(1778535307.850740) can0 18904010#020F0000753001FE
(1778535307.851727) can0 18FA28F4#373CA12C10270000
(1778535307.852720) can0 18FB28F4#E20CE00C39390000
(1778535307.853733) can0 18FC28F4#383300000F020000
(1778535307.854752) can0 18F810F3#0F02E80333640100
(1778535307.855747) can0 18F815F3#0000000010030000
(1778535307.856650) can0 273#000000000F023300
(1778535307.857645) can0 1E1#020F271001FE01FE
(1778535307.858653) can0 1F5#0000000000000000
(1778535307.859753) can0 0800A6A9#0000000000000000
(1778535307.860720) can0 1000A6A9#0F02881333434343
(1778535307.861733) can0 1C00A6A9#0000000000030000
(1778535307.862793) can0 02018100#1003020F00000000
(1778535307.863747) can0 02028100#0000003364000000
(1778535307.864739) can0 02038100#0CE201100CE00102
(1778535307.865740) can0 02048100#4301014301010000
(1778535307.950417) can0 0000E005#15273E0003B60591
(1778535307.950998) can0 1806E5F4#13EC010003B6023A
(1778535307.951742) can0 0000E000#13EC13EC020F0000
(1778535307.952723) can0 0000E004#111103B603B601E4
(1778535307.953715) can0 0000E006#0CE00CE00CE00CE0
(1778535307.954717) can0 0000E007#0CE00CE00CE00CE0
(1778535307.955717) can0 0000E008#0CE00CE00CE00CE0
(1778535307.956729) can0 0000E009#0CE00CE00CE00CE0
(1778535307.957750) can0 0000E010#0000000000000000
(1778535307.958755) can0 0000E011#0000000000000000
(1778535307.959736) can0 0000E012#0CE0000000000000
(1778535307.960705) can0 0000E013#4542323630354C43
(1778535307.961730) can0 0000E014#3134323300000000
(1778535307.962742) can0 0000E015#0000000000000003
(1778535307.963762) can0 0000F000#0000000000000000
(1778535307.964755) can0 0000F001#0000000000000000
(1778535307.965731) can0 18FF28F4#10330000020F0000
(1778535307.966717) can0 18FE28F4#0CE00CE039390000
(1778535307.967737) can0 18FD28F4#1527FA6F00000000
(1778535307.968634) can0 4D4#000033007D0F0203
(1778535307.969628) can0 4D5#E00CE00C39390000
(1778535307.970724) can0 18914010#0CE0010CE0020000
(1778535307.971724) can0 18904010#020F0000753001FE
(1778535307.972724) can0 18FA28F4#373CA12C10270000
(1778535307.973717) can0 18FB28F4#E00CE00C39390000
(1778535307.974729) can0 18FC28F4#383300000F020000
(1778535307.975711) can0 18F810F3#0F02E80333640100
(1778535307.976730) can0 18F811F3#E00C0101E00C0201
(1778535307.977717) can0 18F812F3#3901013901010000
(1778535307.978755) can0 18F813F3#0101000000000000
(1778535307.979718) can0 18F814F3#32000F19A9015F00
(1778535307.980749) can0 18F815F3#0000000010030000
(1778535307.981644) can0 273#000000000F023300
(1778535307.982629) can0 1E1#020F271001FE01FE
(1778535307.983655) can0 1F5#0000000000000000
(1778535307.984750) can0 0800A6A9#0000000000000000
(1778535307.985698) can0 1000A6A9#0F02881333434343
(1778535307.986724) can0 1C00A6A9#0000000000030000
(1778535307.987756) can0 02018100#1003020F00000000
(1778535307.988737) can0 02028100#0000003364000000
(1778535307.989724) can0 02038100#0CE001010CE00102
(1778535307.990731) can0 02048100#4301014301010000
(1778535308.048397) can0 0000E005#15273E0003B60591
(1778535308.048981) can0 1806E5F4#13EC010003B6023A
(1778535308.049738) can0 0000E000#13EC13EC020F0000
(1778535308.050720) can0 0000E004#111103B603B601E4
(1778535308.051720) can0 0000E006#0CE00CE00CE00CE0
(1778535308.052713) can0 0000E007#0CE00CE00CE00CE0
(1778535308.053713) can0 0000E008#0CE00CE00CE00CE0
(1778535308.054713) can0 0000E009#0CE00CE00CE00CE0
(1778535308.055758) can0 0000E010#0000000000000000
(1778535308.056752) can0 0000E011#0000000000000000
(1778535308.057734) can0 0000E012#0CE0000000000000
(1778535308.058752) can0 0000F001#0000000000000000
(1778535308.059733) can0 18FF28F4#10330000020F0000
(1778535308.060714) can0 18FE28F4#0CE00CE039390000
(1778535308.061723) can0 18FD28F4#1527FA6F00000000
(1778535308.062625) can0 4D4#000033007D0F0203
(1778535308.063625) can0 4D5#E00CE00C39390000
(1778535308.064720) can0 18914010#0CE0010CE0020000
(1778535308.065733) can0 18904010#020F0000753001FE
(1778535308.066714) can0 18FA28F4#373CA12C10270000
(1778535308.067714) can0 18FB28F4#E00CE00C39390000
(1778535308.068727) can0 18FC28F4#383300000F020000
(1778535308.069720) can0 18F810F3#0F02E80333640100
(1778535308.070739) can0 18F815F3#0000000010030000
(1778535308.071639) can0 273#000000000F023300
(1778535308.072638) can0 1E1#020F271001FE01FE
(1778535308.073649) can0 1F5#0000000000000000
(1778535308.074746) can0 0800A6A9#0000000000000000
(1778535308.075696) can0 1000A6A9#0F02881333434343
(1778535308.076728) can0 1C00A6A9#0000000000030000
(1778535308.077772) can0 02018100#1003020F00000000
(1778535308.078734) can0 02028100#0000003364000000
(1778535308.079734) can0 02038100#0CE001010CE00102
(1778535308.080726) can0 02048100#4301014301010000
(1778535308.148388) can0 0000E005#15273E0003B60591
(1778535308.148979) can0 1806E5F4#13EC010003B6023A
(1778535308.149735) can0 0000E000#13EC13EC020F0000
(1778535308.150716) can0 0000E004#111103B603B601E4
(1778535308.151711) can0 0000E006#0CE00CE00CE00CE0
(1778535308.152710) can0 0000E007#0CE00CE00CE00CE0
(1778535308.153709) can0 0000E008#0CE00CE00CE00CE0
(1778535308.154735) can0 0000E009#0CE00CE00CE00CE0
(1778535308.155755) can0 0000E010#0000000000000000
(1778535308.156748) can0 0000E011#0000000000000000
(1778535308.157729) can0 0000E012#0CE0000000000000
(1778535308.158741) can0 0000F001#0000000000000000
(1778535308.159741) can0 18FF28F4#10330000020F0000
(1778535308.160710) can0 18FE28F4#0CE00CE039390000
(1778535308.161723) can0 18FD28F4#1527FA6F00000000
(1778535308.162649) can0 4D4#000033007D0F0203
(1778535308.163622) can0 4D5#E00CE00C39390000
(1778535308.164717) can0 18914010#0CE0010CE0020000
(1778535308.165729) can0 18904010#020F0000753001FE
(1778535308.166710) can0 18FA28F4#373CA12C10270000
(1778535308.167704) can0 18FB28F4#E00CE00C39390000
(1778535308.168723) can0 18FC28F4#383300000F020000
(1778535308.169704) can0 18F810F3#0F02E80333640100
(1778535308.170776) can0 18F815F3#0000000010030000
(1778535308.171634) can0 273#000000000F023300
(1778535308.172629) can0 1E1#020F271001FE01FE
(1778535308.173641) can0 1F5#0000000000000000
(1778535308.174734) can0 0800A6A9#0000000000000000
(1778535308.175704) can0 1000A6A9#0F02881333434343
(1778535308.176717) can0 1C00A6A9#0000000000030000
(1778535308.177749) can0 02018100#1003020F00000000
(1778535308.178775) can0 02028100#0000003364000000
(1778535308.179724) can0 02038100#0CE001010CE00102
(1778535308.180723) can0 02048100#4301014301010000
(1778535308.248400) can0 0000E005#15273E0003B60591
(1778535308.248977) can0 1806E5F4#13EC010003B6023A
(1778535308.249725) can0 0000E000#13EC13EC020F0000
(1778535308.250707) can0 0000E004#111103B603B601E4
(1778535308.251700) can0 0000E006#0CE00CE00CE00CE0
(1778535308.252697) can0 0000E007#0CE00CE00CE00CE0
(1778535308.253700) can0 0000E008#0CE00CE00CE00CE0
(1778535308.254713) can0 0000E009#0CE00CE00CE00CE0
(1778535308.255789) can0 0000E010#0000000000000000
(1778535308.256738) can0 0000E011#0000000000000000
(1778535308.257738) can0 0000E012#0CE0000000000000
(1778535308.258732) can0 0000F001#0000000000000000
(1778535308.259732) can0 18FF28F4#10330000020F0000
(1778535308.260694) can0 18FE28F4#0CE00CE039390000
(1778535308.261713) can0 18FD28F4#1527FA6F00000000
(1778535308.262631) can0 4D4#000033007D0F0203
(1778535308.263612) can0 4D5#E00CE00C39390000
(1778535308.264698) can0 18914010#0CE0030CE0010000
(1778535308.265720) can0 18904010#020F0000753001FE
(1778535308.266701) can0 18FA28F4#373CA12C10270000
(1778535308.267695) can0 18FB28F4#E00CE00C39390000
(1778535308.268713) can0 18FC28F4#383300000F020000
(1778535308.269694) can0 18F810F3#0F02E80333640100
(1778535308.270720) can0 18F815F3#0000000010030000
(1778535308.271625) can0 273#000000000F023300
(1778535308.272619) can0 1E1#020F271001FE01FE
(1778535308.273631) can0 1F5#0000000000000000
(1778535308.274726) can0 0800A6A9#0000000000000000
(1778535308.275695) can0 1000A6A9#0F02881333434343
(1778535308.276721) can0 1C00A6A9#0000000000030000
(1778535308.277739) can0 02018100#1003020F00000000
(1778535308.278720) can0 02028100#0000003364000000
(1778535308.279714) can0 02038100#0CE001030CE00101
(1778535308.280714) can0 02048100#4301014301010000
(1778535308.348386) can0 0000E005#15273E0003B60591
(1778535308.348970) can0 1806E5F4#13EC010003B6023A
(1778535308.349728) can0 0000E000#13EC13EC020F0000
(1778535308.350689) can0 0000E004#111103B603B601E4
(1778535308.351691) can0 0000E006#0CE00CE00CE00CE0
(1778535308.352690) can0 0000E007#0CE00CE00CE00CE0
(1778535308.353703) can0 0000E008#0CE00CE00CE00CE0
(1778535308.354694) can0 0000E009#0CE00CE00CE00CE0
(1778535308.355729) can0 0000E010#0000000000000000
(1778535308.356729) can0 0000E011#0000000000000000
(1778535308.357729) can0 0000E012#0CE0000000000000
(1778535308.358741) can0 0000F001#0000000000000000
(1778535308.359723) can0 18FF28F4#10330000020F0000
(1778535308.360704) can0 18FE28F4#0CE00CE039390000
(1778535308.361697) can0 18FD28F4#1527FA6F00000000
(1778535308.362614) can0 4D4#000033007D0F0203
(1778535308.363596) can0 4D5#E00CE00C39390000
(1778535308.364710) can0 18914010#0CE0030CE0010000
(1778535308.365704) can0 18904010#020F0000753001FE
(1778535308.366685) can0 18FA28F4#373CA12C10270000
(1778535308.367685) can0 18FB28F4#E00CE00C39390000
(1778535308.368716) can0 18FC28F4#383300000F020000
(1778535308.369697) can0 18F810F3#0F02E80333640100
(1778535308.370729) can0 18F815F3#0000000010030000
(1778535308.371610) can0 273#000000000F023300
(1778535308.372608) can0 1E1#020F271001FE01FE
(1778535308.373640) can0 1F5#0000000000000000
(1778535308.374712) can0 0800A6A9#0000000000000000
(1778535308.375685) can0 1000A6A9#0F02881333434343
(1778535308.376711) can0 1C00A6A9#0000000000030000
(1778535308.377742) can0 02018100#1003020F00000000
(1778535308.378701) can0 02028100#0000003364000000
(1778535308.379705) can0 02038100#0CE001030CE00101
(1778535308.380704) can0 02048100#4301014301010000
(1778535308.465371) can0 0000E005#15273E0003B60591
(1778535308.465975) can0 1806E5F4#13EC010003B6023A
(1778535308.466713) can0 0000E000#13EC13EC020F0000
(1778535308.467700) can0 0000E004#111103B603B601E4
(1778535308.468693) can0 0000E006#0CE00CE00CE00CE0
(1778535308.469686) can0 0000E007#0CE00CE00CE00CE0
(1778535308.470726) can0 0000E008#0CE00CE00CE00CE0
(1778535308.471689) can0 0000E009#0CE00CE00CE00CE0
(1778535308.472733) can0 0000E010#0000000000000000
(1778535308.473712) can0 0000E011#0000000000000000
(1778535308.474713) can0 0000E012#0CE0000000000000
(1778535308.475682) can0 0000E013#4542323630354C43
(1778535308.476707) can0 0000E014#3134323300000000
(1778535308.477720) can0 0000E015#0000000000000003
(1778535308.478771) can0 0000F000#0000000000000000
(1778535308.479720) can0 0000F001#0000000000000000
(1778535308.480713) can0 18FF28F4#10330000020F0000
(1778535308.481694) can0 18FE28F4#0CE00CE039390000
(1778535308.482695) can0 18FD28F4#1527FA6F00000000
(1778535308.483612) can0 4D4#000033007D0F0203
(1778535308.484595) can0 4D5#E00CE00C39390000
(1778535308.485683) can0 18914010#0CE0010CE0020000
(1778535308.486752) can0 18904010#020F0000753001FE
(1778535308.487683) can0 18FA28F4#373CA12C10270000
(1778535308.488683) can0 18FB28F4#E00CE00C39390000
(1778535308.489715) can0 18FC28F4#383300000F020000
(1778535308.490676) can0 18F810F3#0F02E80333640100
(1778535308.491688) can0 18F811F3#E00C0101E00C0201
(1778535308.492688) can0 18F812F3#3901013901010000
(1778535308.493717) can0 18F813F3#0101000000000000
(1778535308.494682) can0 18F814F3#32000F19A9015F00
(1778535308.495714) can0 18F815F3#0000000010030000
(1778535308.496612) can0 273#000000000F023300
(1778535308.497605) can0 1E1#020F271001FE01FE
(1778535308.498625) can0 1F5#0000000000000000
(1778535308.499714) can0 0800A6A9#0000000000000000
(1778535308.500683) can0 1000A6A9#0F02881333434343
(1778535308.501707) can0 1C00A6A9#0000000000030000
(1778535308.502721) can0 02018100#1003020F00000000
(1778535308.503701) can0 02028100#0000003364000000
(1778535308.504701) can0 02038100#0CE001010CE00102
(1778535308.505694) can0 02048100#4301014301010000
(1778535308.563374) can0 0000E005#15273E0003B60591
(1778535308.563959) can0 1806E5F4#13EC010003B6023A
(1778535308.564716) can0 0000E000#13EC13EC020F0000
(1778535308.565676) can0 0000E004#111103B603B601E4
(1778535308.566678) can0 0000E006#0CE00CE00CE00CE0
(1778535308.567691) can0 0000E007#0CE00CE00CE00CE0
(1778535308.568690) can0 0000E008#0CE00CE00CE00CE0
(1778535308.569690) can0 0000E009#0CE00CE00CE00CE0
(1778535308.570716) can0 0000E010#0000000000000000
(1778535308.571716) can0 0000E011#0000000000000000
(1778535308.572716) can0 0000E012#0CE0000000000000
(1778535308.573727) can0 0000F001#0000000000000000
(1778535308.574710) can0 18FF28F4#10330000020F0000
(1778535308.575691) can0 18FE28F4#0CE00CE039390000
(1778535308.576691) can0 18FD28F4#1527FA6F00000000
(1778535308.577600) can0 4D4#000033007D0F0203
(1778535308.578589) can0 4D5#E00CE00C39390000
(1778535308.579697) can0 18914010#0CE0010CE0020000
(1778535308.580697) can0 18904010#020F0000753001FE
(1778535308.581679) can0 18FA28F4#373CA12C10270000
(1778535308.582672) can0 18FB28F4#E00CE00C39390000
(1778535308.583704) can0 18FC28F4#383300000F020000
(1778535308.584685) can0 18F810F3#0F02E80333640100
(1778535308.585713) can0 18F815F3#0000000010030000
(1778535308.586615) can0 273#000000000F023300
(1778535308.587596) can0 1E1#020F271001FE01FE
(1778535308.588628) can0 1F5#0000000000000000
(1778535308.589700) can0 0800A6A9#0000000000000000
(1778535308.590672) can0 1000A6A9#0F02881333434343
(1778535308.591705) can0 1C00A6A9#0000000000030000
(1778535308.592717) can0 02018100#1003020F00000000
(1778535308.593711) can0 02028100#0000003364000000
(1778535308.594691) can0 02038100#0CE001010CE00102
(1778535308.595692) can0 02048100#4301014301010000
(1778535308.663370) can0 0000E005#15273E0003B60591
(1778535308.663951) can0 1806E5F4#13EC010003B6023A
(1778535308.664712) can0 0000E000#13EC13EC020F0000
(1778535308.665675) can0 0000E004#111103B603B601E4
(1778535308.666675) can0 0000E006#0CE00CE00CE00CE0
(1778535308.667687) can0 0000E007#0CE00CE00CE00CE0
(1778535308.668687) can0 0000E008#0CE00CE00CE00CE0
(1778535308.669687) can0 0000E009#0CE00CE00CE00CE0
(1778535308.670713) can0 0000E010#0000000000000000
(1778535308.671714) can0 0000E011#0000000000000000
(1778535308.672712) can0 0000E012#0CE0000000000000
(1778535308.673707) can0 0000F001#0000000000000000
(1778535308.674706) can0 18FF28F4#10330000020F0000
(1778535308.675684) can0 18FE28F4#0CE00CE039390000
(1778535308.676687) can0 18FD28F4#1527FA6F00000000
(1778535308.677618) can0 4D4#000033007D0F0203
(1778535308.678579) can0 4D5#E00CE00C39390000
(1778535308.679688) can0 18914010#0CE0010CE0020000
(1778535308.680688) can0 18904010#020F0000753001FE
(1778535308.681675) can0 18FA28F4#373CA12C10270000
(1778535308.682668) can0 18FB28F4#E00CE00C39390000
(1778535308.683701) can0 18FC28F4#383300000F020000
(1778535308.684662) can0 18F810F3#0F02E80333640100
(1778535308.685725) can0 18F815F3#0000000010030000
(1778535308.686611) can0 273#000000000F023300
(1778535308.687586) can0 1E1#020F271001FE01FE
(1778535308.688624) can0 1F5#0000000000000000
(1778535308.689700) can0 0800A6A9#0000000000000000
(1778535308.690669) can0 1000A6A9#0F02881333434343
(1778535308.691696) can0 1C00A6A9#0000000000030000
(1778535308.692713) can0 02018100#1003020F00000000
(1778535308.693726) can0 02028100#0000003364000000
(1778535308.694688) can0 02038100#0CE001010CE00102
(1778535308.695688) can0 02048100#4301014301010000
(1778535308.763369) can0 0000E005#15273E0003B60591
(1778535308.763952) can0 1806E5F4#13EC010003B6023A
(1778535308.764690) can0 0000E000#13EC13EC020F0000
(1778535308.765672) can0 0000E004#111103B603B601E4
(1778535308.766671) can0 0000E006#0CE00CE00CE00CE0
(1778535308.767672) can0 0000E007#0CE00CE00CE00CE0
(1778535308.768664) can0 0000E008#0CE00CE00CE00CE0
(1778535308.769663) can0 0000E009#0CE00CE00CE00CE2
(1778535308.770741) can0 0000E010#0000000000000000
(1778535308.771710) can0 0000E011#0000000000000000
(1778535308.772690) can0 0000E012#0CE1000200000000
(1778535308.773703) can0 0000F001#0000000000000000
(1778535308.774704) can0 18FF28F4#10330000020F0000
(1778535308.775666) can0 18FE28F4#0CE20CE039390000
(1778535308.776679) can0 18FD28F4#1527FA6F00000000
(1778535308.777596) can0 4D4#000033007D0F0203
(1778535308.778614) can0 4D5#E00CE20C39390000
(1778535308.779672) can0 18914010#0CE2100CE00E0000
(1778535308.780691) can0 18904010#020F0000753001FE
(1778535308.781668) can0 18FA28F4#373CA12C10270000
(1778535308.782666) can0 18FB28F4#E20CE00C39390000
(1778535308.783678) can0 18FC28F4#383300000F020000
(1778535308.784665) can0 18F810F3#0F02E80333640100
(1778535308.785690) can0 18F815F3#0000000010030000
(1778535308.786640) can0 273#000000000F023300
(1778535308.787590) can0 1E1#020F271001FE01FE
(1778535308.788602) can0 1F5#0000000000000000
(1778535308.789695) can0 0800A6A9#0000000000000000
(1778535308.790666) can0 1000A6A9#0F02881333434343
(1778535308.791698) can0 1C00A6A9#0000000000030000
(1778535308.792710) can0 02018100#1003020F00000000
(1778535308.793683) can0 02028100#0000003364000000
(1778535308.794672) can0 02038100#0CE201100CE0010E
(1778535308.795685) can0 02048100#4301014301010000
(1778535308.863346) can0 0000E005#15273E0003B60591
(1778535308.863929) can0 1806E5F4#13EC010003B6023A
(1778535308.864686) can0 0000E000#13EC13EC020F0000
(1778535308.865668) can0 0000E004#111103B603B601E4
(1778535308.866667) can0 0000E006#0CE00CE00CE00CE0
(1778535308.867660) can0 0000E007#0CE00CE00CE00CE0
(1778535308.868661) can0 0000E008#0CE00CE00CE00CE0
(1778535308.869661) can0 0000E009#0CE00CE00CE00CE2
(1778535308.870705) can0 0000E010#0000000000000000
(1778535308.871701) can0 0000E011#0000000000000000
(1778535308.872681) can0 0000E012#0CE1000200000000
(1778535308.873699) can0 0000F001#0000000000000000
(1778535308.874694) can0 18FF28F4#10330000020F0000
(1778535308.875662) can0 18FE28F4#0CE20CE039390000
(1778535308.876674) can0 18FD28F4#1527FA6F00000000
(1778535308.877591) can0 4D4#000033007D0F0203
(1778535308.878572) can0 4D5#E00CE20C39390000
(1778535308.879660) can0 18914010#0CE2100CE00E0000
(1778535308.880681) can0 18904010#020F0000753001FE
(1778535308.881661) can0 18FA28F4#373CA12C10270000
(1778535308.882655) can0 18FB28F4#E20CE00C39390000
(1778535308.883687) can0 18FC28F4#383300000F020000
(1778535308.884655) can0 18F810F3#0F02E80333640100
(1778535308.885700) can0 18F815F3#0000000010030000
(1778535308.886586) can0 273#000000000F023300
(1778535308.887580) can0 1E1#020F271001FE01FE
(1778535308.888611) can0 1F5#0000000000000000
(1778535308.889687) can0 0800A6A9#0000000000000000
(1778535308.890655) can0 1000A6A9#0F02881333434343
(1778535308.891688) can0 1C00A6A9#0000000000030000
(1778535308.892700) can0 02018100#1003020F00000000
(1778535308.893673) can0 02028100#0000003364000000
(1778535308.894671) can0 02038100#0CE201100CE0010E
(1778535308.895675) can0 02048100#4301014301010000
(1778535308.980349) can0 0000E005#15273E0003B60591
(1778535308.980934) can0 1806E5F4#13EC010003B6023A
(1778535308.981690) can0 0000E000#13EC13EC020F0000
(1778535308.982671) can0 0000E004#111103B603B601E4
(1778535308.983665) can0 0000E006#0CE00CE00CE00CE0
(1778535308.984665) can0 0000E007#0CE00CE00CE00CE0
(1778535308.985678) can0 0000E008#0CE00CE00CE00CE0
(1778535308.986659) can0 0000E009#0CE00CE00CE00CE0
(1778535308.987691) can0 0000E010#0000000000000000
(1778535308.988690) can0 0000E011#0000000000000000
(1778535308.989681) can0 0000E012#0CE0000000000000
(1778535308.990652) can0 0000E013#4542323630354C43
(1778535308.991665) can0 0000E014#3134323300000000
(1778535308.992697) can0 0000E015#0000000000000003
(1778535308.993728) can0 0000F000#0000000000000000
(1778535308.994691) can0 0000F001#0000000000000000
(1778535308.995691) can0 18FF28F4#10330000020F0000
(1778535308.996653) can0 18FE28F4#0CE00CE039390000
(1778535308.997663) can0 18FD28F4#1527FA6F00000000
(1778535308.998583) can0 4D4#000033007D0F0203
(1778535308.999570) can0 4D5#E00CE00C39390000
(1778535309.000678) can0 18914010#0CE0010CE0030000
(1778535309.001705) can0 18904010#020F0000753001FE
(1778535309.002659) can0 18FA28F4#373CA12C10270000
(1778535309.003653) can0 18FB28F4#E00CE00C39390000
(1778535309.004685) can0 18FC28F4#383300000F020000
(1778535309.005653) can0 18F810F3#0F02E80333640100
(1778535309.006665) can0 18F811F3#E00C0101E00C0301
(1778535309.007660) can0 18F812F3#3901013901010000
(1778535309.008691) can0 18F813F3#0101000000000000
(1778535309.009702) can0 18F814F3#32000F19A9015F00
(1778535309.010685) can0 18F815F3#0000000010030000
(1778535309.011590) can0 273#000000000F023300
(1778535309.012583) can0 1E1#020F271001FE01FE
(1778535309.013590) can0 1F5#0000000000000000
(1778535309.014691) can0 0800A6A9#0000000000000000
(1778535309.015654) can0 1000A6A9#0F02881333434343
(1778535309.016685) can0 1C00A6A9#0000000000030000
(1778535309.017742) can0 02018100#1003020F00000000
(1778535309.018672) can0 02028100#0000003364000000
(1778535309.019673) can0 02038100#0CE001010CE00103
(1778535309.020666) can0 02048100#4301014301010000
(1778535309.078332) can0 0000E005#15273E0003B60591
(1778535309.078924) can0 1806E5F4#13EC010003B6023A
(1778535309.079680) can0 0000E000#13EC13EC020F0000
(1778535309.080661) can0 0000E004#111103B603B601E4
(1778535309.081653) can0 0000E006#0CE00CE00CE00CE0
(1778535309.082655) can0 0000E007#0CE00CE00CE00CE0
(1778535309.083655) can0 0000E008#0CE00CE00CE00CE0
(1778535309.084655) can0 0000E009#0CE00CE00CE00CE0
(1778535309.085699) can0 0000E010#0000000000000000
(1778535309.086731) can0 0000E011#0000000000000000
(1778535309.087681) can0 0000E012#0CE0000000000000
(1778535309.088694) can0 0000F001#0000000000000000
(1778535309.089666) can0 18FF28F4#10330000020F0000
(1778535309.090656) can0 18FE28F4#0CE00CE039390000
(1778535309.091669) can0 18FD28F4#1527FA6F00000000
(1778535309.092572) can0 4D4#000033007D0F0203
(1778535309.093562) can0 4D5#E00CE00C39390000
(1778535309.094712) can0 18914010#0CE0010CE0030000
(1778535309.095675) can0 18904010#020F0000753001FE
(1778535309.096655) can0 18FA28F4#373CA12C10270000
(1778535309.097655) can0 18FB28F4#E00CE00C39390000
(1778535309.098668) can0 18FC28F4#383300000F020000
(1778535309.099649) can0 18F810F3#0F02E80333640100
(1778535309.100681) can0 18F815F3#0000000010030000
(1778535309.101575) can0 273#000000000F023300
(1778535309.102579) can0 1E1#020F271001FE01FE
(1778535309.103593) can0 1F5#0000000000000000
(1778535309.104687) can0 0800A6A9#0000000000000000
(1778535309.105646) can0 1000A6A9#0F02881333434343
(1778535309.106681) can0 1C00A6A9#0000000000030000
(1778535309.107694) can0 02018100#1003020F00000000
(1778535309.108675) can0 02028100#0000003364000000
(1778535309.109675) can0 02038100#0CE001010CE00103
(1778535309.110668) can0 02048100#4301014301010000
(1778535309.178322) can0 0000E005#15273E0003B60591
(1778535309.178926) can0 1806E5F4#13EC010003B6023A
(1778535309.179662) can0 0000E000#13EC13EC020F0000
(1778535309.180652) can0 0000E004#111103B603B601E4
(1778535309.181645) can0 0000E006#0CE00CE00CE00CE0
(1778535309.182645) can0 0000E007#0CE00CE00CE00CE0
(1778535309.183641) can0 0000E008#0CE00CE00CE00CE0
(1778535309.184658) can0 0000E009#0CE00CE00CE00CE0
(1778535309.185683) can0 0000E010#0000000000000000
(1778535309.186684) can0 0000E011#0000000000000000
(1778535309.187665) can0 0000E012#0CE0000000000000
(1778535309.188677) can0 0000F001#0000000000000000
(1778535309.189678) can0 18FF28F4#10330000020F0000
(1778535309.190640) can0 18FE28F4#0CE00CE039390000
(1778535309.191654) can0 18FD28F4#1527FA6F00000000
(1778535309.192575) can0 4D4#000033007D0F0203
(1778535309.193556) can0 4D5#E00CE00C39390000
(1778535309.194664) can0 18914010#0CE0010CE0030000
(1778535309.195657) can0 18904010#020F0000753001FE
(1778535309.196645) can0 18FA28F4#373CA12C10270000
(1778535309.197639) can0 18FB28F4#E00CE00C39390000
(1778535309.198671) can0 18FC28F4#383300000F020000
(1778535309.199640) can0 18F810F3#0F02E80333640100
(1778535309.200684) can0 18F815F3#0000000010030000
(1778535309.201569) can0 273#000000000F023300
(1778535309.202563) can0 1E1#020F271001FE01FE
(1778535309.203594) can0 1F5#0000000000000000
(1778535309.204672) can0 0800A6A9#0000000000000000
(1778535309.205639) can0 1000A6A9#0F02881333434343
(1778535309.206665) can0 1C00A6A9#0000000000030000
(1778535309.207680) can0 02018100#1003020F00000000
(1778535309.208677) can0 02028100#0000003364000000
(1778535309.209658) can0 02038100#0CE001010CE00103
(1778535309.210658) can0 02048100#4301014301010000
(1778535309.278330) can0 0000E005#15273E0003B60591
(1778535309.278917) can0 1806E5F4#13EC010003B6023A
(1778535309.279674) can0 0000E000#13EC13EC020F0000
(1778535309.280648) can0 0000E004#111103B603B601E4
(1778535309.281648) can0 0000E006#0CE00CE00CE00CE0
(1778535309.282648) can0 0000E007#0CE00CE00CE00CE0
(1778535309.283642) can0 0000E008#0CE00CE00CE00CE0
(1778535309.284642) can0 0000E009#0CE00CE00CE00CE0
(1778535309.285682) can0 0000E010#0000000000000000
(1778535309.286671) can0 0000E011#0000000000000000
(1778535309.287668) can0 0000E012#0CE0000000000000
(1778535309.288680) can0 0000F001#0000000000000000
(1778535309.289661) can0 18FF28F4#10330000020F0000
(1778535309.290642) can0 18FE28F4#0CE00CE039390000
(1778535309.291656) can0 18FD28F4#1527FA6F00000000
(1778535309.292559) can0 4D4#000033007D0F0203
(1778535309.293565) can0 4D5#E00CE00C39390000
(1778535309.294648) can0 18914010#0CE0010CE0020000
(1778535309.295661) can0 18904010#020F0000753001FE
(1778535309.296642) can0 18FA28F4#373CA12C10270000
(1778535309.297637) can0 18FB28F4#E00CE00C39390000
(1778535309.298655) can0 18FC28F4#383300000F020000
(1778535309.299636) can0 18F810F3#0F02E80333640100
(1778535309.300668) can0 18F815F3#0000000010030000
(1778535309.301597) can0 273#000000000F023300
(1778535309.302566) can0 1E1#020F271001FE01FE
(1778535309.303579) can0 1F5#0000000000000000
(1778535309.304674) can0 0800A6A9#0000000000000000
(1778535309.305634) can0 1000A6A9#0F02881333434343
(1778535309.306648) can0 1C00A6A9#0000000000030000
(1778535309.307681) can0 02018100#1003020F00000000
(1778535309.308662) can0 02028100#0000003364000000
(1778535309.309691) can0 02038100#0CE001010CE00102
(1778535309.310655) can0 02048100#4301014301010000
(1778535309.378331) can0 0000E005#15273E0003B60591
(1778535309.378913) can0 1806E5F4#13EC010003B6023A
(1778535309.379671) can0 0000E000#13EC13EC020F0000
(1778535309.380638) can0 0000E004#111103B603B601E4
(1778535309.381632) can0 0000E006#0CE00CE00CE00CE0
(1778535309.382644) can0 0000E007#0CE00CE00CE00CE0
(1778535309.383644) can0 0000E008#0CE00CE00CE00CE0
(1778535309.384645) can0 0000E009#0CE00CE00CE00CE0
(1778535309.385670) can0 0000E010#0000000000000000
(1778535309.386702) can0 0000E011#0000000000000000
(1778535309.387662) can0 0000E012#0CE0000000000000
(1778535309.388682) can0 0000F001#0000000000000000
(1778535309.389664) can0 18FF28F4#10330000020F0000
(1778535309.390645) can0 18FE28F4#0CE00CE039390000
(1778535309.391639) can0 18FD28F4#1527FA6F00000000
(1778535309.392556) can0 4D4#000033007D0F0203
(1778535309.393556) can0 4D5#E00CE00C39390000
(1778535309.394696) can0 18914010#0CE0010CE0020000
(1778535309.395644) can0 18904010#020F0000753001FE
(1778535309.396626) can0 18FA28F4#373CA12C10270000
(1778535309.397642) can0 18FB28F4#E00CE00C39390000
(1778535309.398658) can0 18FC28F4#383300000F020000
(1778535309.399633) can0 18F810F3#0F02E80333640100
(1778535309.400665) can0 18F815F3#0000000010030000
(1778535309.401569) can0 273#000000000F023300
(1778535309.402550) can0 1E1#020F271001FE01FE
(1778535309.403576) can0 1F5#0000000000000000
(1778535309.404658) can0 0800A6A9#0000000000000000
(1778535309.405619) can0 1000A6A9#0F02881333434343
(1778535309.406652) can0 1C00A6A9#0000000000030000
(1778535309.407660) can0 02018100#1003020F00000000
(1778535309.408665) can0 02028100#0000003364000000
(1778535309.409645) can0 02038100#0CE001010CE00102
(1778535309.410639) can0 02048100#4301014301010000
(1778535309.495318) can0 0000E005#15273E0003B60591
(1778535309.495906) can0 1806E5F4#13EC010003B6023A
(1778535309.496661) can0 0000E000#13EC13EC020F0000
(1778535309.497629) can0 0000E004#111103B603B601E4
(1778535309.498642) can0 0000E006#0CE00CE00CE00CE0
(1778535309.499646) can0 0000E007#0CE00CE00CE00CE0
(1778535309.500636) can0 0000E008#0CE00CE00CE00CE0
(1778535309.501636) can0 0000E009#0CE00CE00CE00CE0
(1778535309.502663) can0 0000E010#0000000000000000
(1778535309.503662) can0 0000E011#0000000000000000
(1778535309.504661) can0 0000E012#0CE0000000000000
(1778535309.505623) can0 0000E013#4542323630354C43
(1778535309.506635) can0 0000E014#3134323300000000
(1778535309.507668) can0 0000E015#0000000000000003
(1778535309.508680) can0 0000F000#0000000000000000
(1778535309.509661) can0 0000F001#0000000000000000
(1778535309.510661) can0 18FF28F4#10330000020F0000
(1778535309.511624) can0 18FE28F4#0CE00CE039390000
(1778535309.512642) can0 18FD28F4#1527FA6F00000000
(1778535309.513560) can0 4D4#000033007D0F0203
(1778535309.514533) can0 4D5#E00CE00C39390000
(1778535309.515649) can0 18914010#0CE0020CE0010000
(1778535309.516662) can0 18904010#020F0000753001FE
(1778535309.517630) can0 18FA28F4#373CA12C10270000
(1778535309.518620) can0 18FB28F4#E00CE00C39390000
(1778535309.519656) can0 18FC28F4#383300000F020000
(1778535309.520623) can0 18F810F3#0F02E80333640100
(1778535309.521636) can0 18F811F3#E00C0201E00C0101
(1778535309.522630) can0 18F812F3#3901013901010000
(1778535309.523662) can0 18F813F3#0101000000000000
(1778535309.524661) can0 18F814F3#32000F19A9015F00
(1778535309.525655) can0 18F815F3#0000000010030000
(1778535309.526557) can0 273#000000000F023300
(1778535309.527557) can0 1E1#020F271001FE01FE
(1778535309.528567) can0 1F5#0000000000000000
(1778535309.529661) can0 0800A6A9#0000000000000000
(1778535309.530620) can0 1000A6A9#0F02881333434343
(1778535309.531650) can0 1C00A6A9#0000000000030000
(1778535309.532693) can0 02018100#1003020F00000000
(1778535309.533662) can0 02028100#0000003364000000
(1778535309.534643) can0 02038100#0CE001020CE00101
(1778535309.535636) can0 02048100#4301014301010000
(1778535309.593318) can0 0000E005#15273E0003B60591
(1778535309.593906) can0 1806E5F4#13EC010003B6023A
(1778535309.594642) can0 0000E000#13EC13EC020F0000
(1778535309.595626) can0 0000E004#111103B603B601E4
(1778535309.596619) can0 0000E006#0CE00CE00CE00CE0
(1778535309.597619) can0 0000E007#0CE00CE00CE00CE0
(1778535309.598630) can0 0000E008#0CE00CE00CE00CE0
(1778535309.599632) can0 0000E009#0CE00CE00CE00CE0
(1778535309.600657) can0 0000E010#0000000000000000
(1778535309.601676) can0 0000E011#0000000000000000
(1778535309.602657) can0 0000E012#0CE0000000000000
(1778535309.603671) can0 0000F001#0000000000000000
(1778535309.604651) can0 18FF28F4#10330000020F0000
(1778535309.605632) can0 18FE28F4#0CE00CE039390000
(1778535309.606628) can0 18FD28F4#1527FA6F00000000
(1778535309.607543) can0 4D4#000033007D0F0203
(1778535309.608524) can0 4D5#E00CE00C39390000
(1778535309.609670) can0 18914010#0CE0020CE0010000
(1778535309.610630) can0 18904010#020F0000753001FE
(1778535309.611620) can0 18FA28F4#373CA12C10270000
(1778535309.612613) can0 18FB28F4#E00CE00C39390000
(1778535309.613645) can0 18FC28F4#383300000F020000
(1778535309.614607) can0 18F810F3#0F02E80333640100
(1778535309.615658) can0 18F815F3#0000000010030000
(1778535309.616556) can0 273#000000000F023300
(1778535309.617588) can0 1E1#020F271001FE01FE
(1778535309.618568) can0 1F5#0000000000000000
(1778535309.619646) can0 0800A6A9#0000000000000000
(1778535309.620613) can0 1000A6A9#0F02881333434343
(1778535309.621638) can0 1C00A6A9#0000000000030000
(1778535309.622651) can0 02018100#1003020F00000000
(1778535309.623653) can0 02028100#0000003364000000
(1778535309.624633) can0 02038100#0CE001020CE00101
(1778535309.625677) can0 02048100#4301014301010000
(1778535309.693315) can0 0000E005#15273E0003B60591
(1778535309.693904) can0 1806E5F4#13EC010003B6023A
(1778535309.694692) can0 0000E000#13EC13EC020F0000
(1778535309.695616) can0 0000E004#111103B603B601E4
(1778535309.696622) can0 0000E006#0CE00CE00CE00CE0
(1778535309.697616) can0 0000E007#0CE00CE00CE00CE0
(1778535309.698615) can0 0000E008#0CE00CE00CE00CE0
(1778535309.699625) can0 0000E009#0CE00CE00CE00CE0
(1778535309.700660) can0 0000E010#0000000000000000
(1778535309.701654) can0 0000E011#0000000000000000
(1778535309.702686) can0 0000E012#0CE0000000000000
(1778535309.703654) can0 0000F001#0000000000000000
(1778535309.704647) can0 18FF28F4#10330000020F0000
(1778535309.705616) can0 18FE28F4#0CE00CE039390000
(1778535309.706629) can0 18FD28F4#1527FA6F00000000
(1778535309.707540) can0 4D4#000033007D0F0203
(1778535309.708527) can0 4D5#E00CE00C39390000
(1778535309.709634) can0 18914010#0CE0020CE0010000
(1778535309.710635) can0 18904010#020F0000753001FE
(1778535309.711611) can0 18FA28F4#373CA12C10270000
(1778535309.712610) can0 18FB28F4#E00CE00C39390000
(1778535309.713642) can0 18FC28F4#383300000F020000
(1778535309.714606) can0 18F810F3#0F02E80333640100
(1778535309.715656) can0 18F815F3#0000000010030000
(1778535309.716534) can0 273#000000000F023300
(1778535309.717534) can0 1E1#020F271001FE01FE
(1778535309.718566) can0 1F5#0000000000000000
(1778535309.719639) can0 0800A6A9#0000000000000000
(1778535309.720604) can0 1000A6A9#0F02881333434343
(1778535309.721636) can0 1C00A6A9#0000000000030000
(1778535309.722648) can0 02018100#1003020F00000000
(1778535309.723626) can0 02028100#0000003364000000
(1778535309.724628) can0 02038100#0CE001020CE00101
(1778535309.725622) can0 02048100#4301014301010000
(1778535309.793313) can0 0000E005#15273E0003B60591
(1778535309.793899) can0 1806E5F4#13EC010003B6023A
(1778535309.794637) can0 0000E000#13EC13EC020F0000
(1778535309.795618) can0 0000E004#111103B603B601E4
(1778535309.796619) can0 0000E006#0CE00CE00CE00CE0
(1778535309.797611) can0 0000E007#0CE00CE00CE00CE0
(1778535309.798612) can0 0000E008#0CE00CE00CE00CE0
(1778535309.799607) can0 0000E009#0CE00CE00CE00CE0
(1778535309.800657) can0 0000E010#0000000000000000
(1778535309.801652) can0 0000E011#0000000000000000
(1778535309.802631) can0 0000E012#0CE0000000000000
(1778535309.803651) can0 0000F001#0000000000000000
(1778535309.804645) can0 18FF28F4#10330000020F0000
(1778535309.805612) can0 18FE28F4#0CE00CE039390000
(1778535309.806625) can0 18FD28F4#1527FA6F00000000
(1778535309.807543) can0 4D4#000033007D0F0203
(1778535309.808524) can0 4D5#E00CE00C39390000
(1778535309.809626) can0 18914010#0CE0020CE0010000
(1778535309.810631) can0 18904010#020F0000753001FE
(1778535309.811614) can0 18FA28F4#373CA12C10270000
(1778535309.812608) can0 18FB28F4#E00CE00C39390000
(1778535309.813621) can0 18FC28F4#383300000F020000
(1778535309.814611) can0 18F810F3#0F02E80333640100
(1778535309.815652) can0 18F815F3#0000000010030000
(1778535309.816550) can0 273#000000000F023300
(1778535309.817531) can0 1E1#020F271001FE01FE
(1778535309.818562) can0 1F5#0000000000000000
(1778535309.819639) can0 0800A6A9#0000000000000000
(1778535309.820606) can0 1000A6A9#0F02881333434343
(1778535309.821634) can0 1C00A6A9#0000000000030000
(1778535309.822651) can0 02018100#1003020F00000000
(1778535309.823632) can0 02028100#0000003364000000
(1778535309.824645) can0 02038100#0CE001020CE00101
(1778535309.825621) can0 02048100#4301014301010000
(1778535309.893295) can0 0000E005#15273E0003B60591
(1778535309.893883) can0 1806E5F4#13EC010003B6023A
(1778535309.894640) can0 0000E000#13EC13EC020F0000
(1778535309.895622) can0 0000E004#111103B603B601E4
(1778535309.896615) can0 0000E006#0CE00CE00CE00CE0
(1778535309.897618) can0 0000E007#0CE00CE00CE00CE0
(1778535309.898609) can0 0000E008#0CE00CE00CE00CE0
(1778535309.899606) can0 0000E009#0CE00CE00CE00CE0
(1778535309.900642) can0 0000E010#0000000000000000
(1778535309.901666) can0 0000E011#0000000000000000
(1778535309.902635) can0 0000E012#0CE0000000000000
(1778535309.903647) can0 0000F001#0000000000000000
(1778535309.904629) can0 18FF28F4#10330000020F0000
(1778535309.905609) can0 18FE28F4#0CE00CE039390000
(1778535309.906622) can0 18FD28F4#1527FA6F00000000
(1778535309.907527) can0 4D4#000033007D0F0203
(1778535309.908520) can0 4D5#E00CE00C39390000
(1778535309.909648) can0 18914010#0CE0020CE0010000
(1778535309.910628) can0 18904010#020F0000753001FE
(1778535309.911606) can0 18FA28F4#373CA12C10270000
(1778535309.912609) can0 18FB28F4#E00CE00C39390000
(1778535309.913622) can0 18FC28F4#383300000F020000
(1778535309.914603) can0 18F810F3#0F02E80333640100
(1778535309.915632) can0 18F815F3#0000000010030000
(1778535309.916533) can0 273#000000000F023300
(1778535309.917567) can0 1E1#020F271001FE01FE
(1778535309.918546) can0 1F5#0000000000000000
(1778535309.919641) can0 0800A6A9#0000000000000000
(1778535309.920603) can0 1000A6A9#0F02881333434343
(1778535309.921635) can0 1C00A6A9#0000000000030000
(1778535309.922648) can0 02018100#1003020F00000000
(1778535309.923622) can0 02028100#0000003364000000
(1778535309.924629) can0 02038100#0CE001020CE00101
(1778535309.925654) can0 02048100#4301014301010000
(1778535310.010287) can0 0000E005#15273E0003B60591
(1778535310.010869) can0 1806E5F4#13EC010003B6023A
(1778535310.011631) can0 0000E000#13EC13EC020F0000
(1778535310.012594) can0 0000E004#111103B603B601E4
(1778535310.013606) can0 0000E006#0CE00CE00CE00CE0
(1778535310.014606) can0 0000E007#0CE00CE00CE00CE0
(1778535310.015600) can0 0000E008#0CE00CE00CE00CE0
(1778535310.016599) can0 0000E009#0CE00CE00CE00CE0
(1778535310.017644) can0 0000E010#0000000000000000
(1778535310.018625) can0 0000E011#0000000000000000
(1778535310.019625) can0 0000E012#0CE0000000000000
(1778535310.020587) can0 0000E013#4542323630354C43
(1778535310.021619) can0 0000E014#3134323300000000
(1778535310.022628) can0 0000E015#0000000000000003
(1778535310.023632) can0 0000F000#0000000000000000
(1778535310.024625) can0 0000F001#0000000000000000
(1778535310.025625) can0 18FF28F4#10330000020F0000
(1778535310.026606) can0 18FE28F4#0CE00CE039390000
(1778535310.027607) can0 18FD28F4#1527FA6F00000000
(1778535310.028517) can0 4D4#000033007D0F0203
(1778535310.029499) can0 4D5#E00CE00C39390000
(1778535310.030609) can0 18914010#0CE0040CE0010000
(1778535310.031610) can0 18904010#020F0000753001FE
(1778535310.032594) can0 18FA28F4#373CA12C10270000
(1778535310.033607) can0 18FB28F4#E00CE00C39390000
(1778535310.034612) can0 18FC28F4#383300000F020000
(1778535310.035600) can0 18F810F3#0F02E80333640100
(1778535310.036594) can0 18F811F3#E00C0401E00C0101
(1778535310.037613) can0 18F812F3#3901013901010000
(1778535310.038626) can0 18F813F3#0101000000000000
(1778535310.039607) can0 18F814F3#32000F19A9015F00
(1778535310.040619) can0 18F815F3#0000000010030000
(1778535310.041518) can0 273#000000000F023300
(1778535310.042511) can0 1E1#020F271001FE01FE
(1778535310.043543) can0 1F5#0000000000000000
(1778535310.044619) can0 0800A6A9#0000000000000000
(1778535310.045582) can0 1000A6A9#0F02881333434343
(1778535310.046612) can0 1C00A6A9#0000000000030000
(1778535310.047639) can0 02018100#1003020F00000000
(1778535310.048620) can0 02028100#0000003364000000
(1778535310.049620) can0 02038100#0CE001040CE00101
(1778535310.050613) can0 02048100#4301014301010000
(1778535310.108295) can0 0000E005#15273E0003B60591
(1778535310.108877) can0 1806E5F4#13EC010003B6023A
(1778535310.109615) can0 0000E000#13EC13EC020F0000
(1778535310.110597) can0 0000E004#111103B603B601E4
(1778535310.111597) can0 0000E006#0CE00CE00CE00CE0
(1778535310.112596) can0 0000E007#0CE00CE00CE00CE0
(1778535310.113590) can0 0000E008#0CE00CE00CE00CE0
(1778535310.114584) can0 0000E009#0CE00CE00CE00CE0
(1778535310.115635) can0 0000E010#0000000000000000
(1778535310.116635) can0 0000E011#0000000000000000
(1778535310.117616) can0 0000E012#0CE0000000000000
(1778535310.118628) can0 0000F001#0000000000000000
(1778535310.119628) can0 18FF28F4#10330000020F0000
(1778535310.120590) can0 18FE28F4#0CE00CE039390000
(1778535310.121607) can0 18FD28F4#1527FA6F00000000
(1778535310.122522) can0 4D4#000033007D0F0203
(1778535310.123502) can0 4D5#E00CE00C39390000
(1778535310.124616) can0 18914010#0CE0040CE0010000
(1778535310.125609) can0 18904010#020F0000753001FE
(1778535310.126592) can0 18FA28F4#373CA12C10270000
(1778535310.127590) can0 18FB28F4#E00CE00C39390000
(1778535310.128604) can0 18FC28F4#383300000F020000
(1778535310.129584) can0 18F810F3#0F02E80333640100
(1778535310.130616) can0 18F815F3#0000000010030000
(1778535310.131515) can0 273#000000000F023300
(1778535310.132533) can0 1E1#020F271001FE01FE
(1778535310.133527) can0 1F5#0000000000000000
(1778535310.134620) can0 0800A6A9#0000000000000000
(1778535310.135591) can0 1000A6A9#0F02881333434343
(1778535310.136616) can0 1C00A6A9#0000000000030000
(1778535310.137635) can0 02018100#1003020F00000000
(1778535310.138607) can0 02028100#0000003364000000
(1778535310.139610) can0 02038100#0CE001040CE00101
(1778535310.140641) can0 02048100#4301014301010000
(1778535310.208287) can0 0000E005#15273E0003B60591
(1778535310.208875) can0 1806E5F4#13EC010003B6023A
(1778535310.209643) can0 0000E000#13EC13EC020F0000
(1778535310.210593) can0 0000E004#111103B603B601E4
(1778535310.211594) can0 0000E006#0CE00CE00CE00CE0
(1778535310.212585) can0 0000E007#0CE00CE00CE00CE0
(1778535310.213586) can0 0000E008#0CE00CE00CE00CE0
(1778535310.214590) can0 0000E009#0CE00CE00CE00CE0
(1778535310.215632) can0 0000E010#0000000000000000
(1778535310.216625) can0 0000E011#0000000000000000
(1778535310.217644) can0 0000E012#0CE0000000000000
(1778535310.218625) can0 0000F001#0000000000000000
(1778535310.219619) can0 18FF28F4#10330000020F0000
(1778535310.220587) can0 18FE28F4#0CE00CE039390000
(1778535310.221599) can0 18FD28F4#1527FA6F00000000
(1778535310.222517) can0 4D4#000033007D0F0203
(1778535310.223498) can0 4D5#E00CE00C39390000
(1778535310.224592) can0 18914010#0CE0040CE0010000
(1778535310.225638) can0 18904010#020F0000753001FE
(1778535310.226587) can0 18FA28F4#373CA12C10270000
(1778535310.227587) can0 18FB28F4#E00CE00C39390000
(1778535310.228595) can0 18FC28F4#383300000F020000
(1778535310.229580) can0 18F810F3#0F02E80333640100
(1778535310.230616) can0 18F815F3#0000000010030000
(1778535310.231513) can0 273#000000000F023300
(1778535310.232512) can0 1E1#020F271001FE01FE
(1778535310.233575) can0 1F5#0000000000000000
(1778535310.234618) can0 0800A6A9#0000000000000000
(1778535310.235581) can0 1000A6A9#0F02881333434343
(1778535310.236608) can0 1C00A6A9#0000000000030000
(1778535310.237625) can0 02018100#1003020F00000000
(1778535310.238606) can0 02028100#0000003364000000
(1778535310.239607) can0 02038100#0CE001040CE00101
(1778535310.240595) can0 02048100#4301014301010000
(1778535310.308277) can0 0000E005#15273E0003B60591
(1778535310.308864) can0 1806E5F4#13EC010003B6023A
(1778535310.309614) can0 0000E000#13EC13EC020F0000
(1778535310.310634) can0 0000E004#111103B603B601E4
(1778535310.311577) can0 0000E006#0CE00CE00CE00CE0
(1778535310.312596) can0 0000E007#0CE00CE00CE00CE0
(1778535310.313589) can0 0000E008#0CE00CE00CE00CE0
(1778535310.314587) can0 0000E009#0CE00CE00CE00CE0
(1778535310.315621) can0 0000E010#0000000000000000
(1778535310.316615) can0 0000E011#0000000000000000
(1778535310.317614) can0 0000E012#0CE0000000000000
(1778535310.318674) can0 0000F001#0000000000000000
(1778535310.319609) can0 18FF28F4#10330000020F0000
(1778535310.320590) can0 18FE28F4#0CE00CE039390000
(1778535310.321590) can0 18FD28F4#1527FA6F00000000
(1778535310.322501) can0 4D4#000033007D0F0203
(1778535310.323501) can0 4D5#E00CE00C39390000
(1778535310.324596) can0 18914010#0CE0010CE0020000
(1778535310.325597) can0 18904010#020F0000753001FE
(1778535310.326573) can0 18FA28F4#373CA12C10270000
(1778535310.327591) can0 18FB28F4#E00CE00C39390000
(1778535310.328607) can0 18FC28F4#383300000F020000
(1778535310.329584) can0 18F810F3#0F02E80333640100
(1778535310.330613) can0 18F815F3#0000000010030000
(1778535310.331514) can0 273#000000000F023300
(1778535310.332495) can0 1E1#020F271001FE01FE
(1778535310.333526) can0 1F5#0000000000000000
(1778535310.334603) can0 0800A6A9#0000000000000000
(1778535310.335571) can0 1000A6A9#0F02881333434343
(1778535310.336596) can0 1C00A6A9#0000000000030000
(1778535310.337615) can0 02018100#1003020F00000000
(1778535310.338609) can0 02028100#0000003364000000
(1778535310.339591) can0 02038100#0CE001010CE00102
(1778535310.340584) can0 02048100#4301014301010000
(1778535310.408278) can0 0000E005#15273E0003B60591
(1778535310.408846) can0 1806E5F4#13EC010003B6023A
(1778535310.409605) can0 0000E000#13EC13EC020F0000
(1778535310.410586) can0 0000E004#111103B603B601E4
(1778535310.411584) can0 0000E006#0CE00CE00CE00CE0
(1778535310.412580) can0 0000E007#0CE00CE00CE00CE0
(1778535310.413573) can0 0000E008#0CE00CE00CE00CE0
(1778535310.414592) can0 0000E009#0CE00CE00CE00CE0
(1778535310.415614) can0 0000E010#0000000000000000
(1778535310.416618) can0 0000E011#0000000000000000
(1778535310.417599) can0 0000E012#0CE0000000000000
(1778535310.418611) can0 0000F001#0000000000000000
(1778535310.419608) can0 18FF28F4#10330000020F0000
(1778535310.420592) can0 18FE28F4#0CE00CE039390000
(1778535310.421587) can0 18FD28F4#1527FA6F00000000
(1778535310.422503) can0 4D4#000033007D0F0203
(1778535310.423485) can0 4D5#E00CE00C39390000
(1778535310.424599) can0 18914010#0CE0010CE0020000
(1778535310.425593) can0 18904010#020F0000753001FE
(1778535310.426573) can0 18FA28F4#373CA12C10270000
(1778535310.427569) can0 18FB28F4#E00CE00C39390000
(1778535310.428606) can0 18FC28F4#383300000F020000
(1778535310.429568) can0 18F810F3#0F02E80333640100
(1778535310.430600) can0 18F815F3#0000000010030000
(1778535310.431494) can0 273#000000000F023300
(1778535310.432510) can0 1E1#020F271001FE01FE
(1778535310.433523) can0 1F5#0000000000000000
(1778535310.434605) can0 0800A6A9#0000000000000000
(1778535310.435568) can0 1000A6A9#0F02881333434343
(1778535310.436599) can0 1C00A6A9#0000000000030000
(1778535310.437612) can0 02018100#1003020F00000000
(1778535310.438596) can0 02028100#0000003364000000
(1778535310.439584) can0 02038100#0CE001010CE00102
(1778535310.440619) can0 02048100#4301014301010000
(1778535310.525264) can0 0000E005#15273E0003B60591
(1778535310.525845) can0 1806E5F4#13EC010003B6023A
(1778535310.526597) can0 0000E000#13EC13EC020F0000
(1778535310.527577) can0 0000E004#111103B603B601E4
(1778535310.528576) can0 0000E006#0CE00CE00CE00CE0
(1778535310.529577) can0 0000E007#0CE00CE00CE00CE0
(1778535310.530570) can0 0000E008#0CE00CE00CE00CE0
(1778535310.531571) can0 0000E009#0CE00CE00CE00CE0
(1778535310.532615) can0 0000E010#0000000000000000
(1778535310.533647) can0 0000E011#0000000000000000
(1778535310.534594) can0 0000E012#0CE0000000000000
(1778535310.535558) can0 0000E013#4542323630354C43
(1778535310.536590) can0 0000E014#3134323300000000
(1778535310.537602) can0 0000E015#0000000000000003
(1778535310.538597) can0 0000F000#0000000000000000
(1778535310.539600) can0 0000F001#0000000000000000
(1778535310.540597) can0 18FF28F4#10330000020F0000
(1778535310.541628) can0 18FE28F4#0CE00CE039390000
(1778535310.542577) can0 18FD28F4#1527FA6F00000000
(1778535310.543488) can0 4D4#000033007D0F0203
(1778535310.544488) can0 4D5#E00CE00C39390000
(1778535310.545583) can0 18914010#0CE0010CE0020000
(1778535310.546580) can0 18904010#020F0000753001FE
(1778535310.547565) can0 18FA28F4#373CA12C10270000
(1778535310.548577) can0 18FB28F4#E00CE00C39390000
(1778535310.549590) can0 18FC28F4#383300000F020000
(1778535310.550566) can0 18F810F3#0F02E80333640100
(1778535310.551566) can0 18F811F3#E00C0101E00C0201
(1778535310.552584) can0 18F812F3#3901013901010000
(1778535310.553597) can0 18F813F3#0101000000000000
(1778535310.554577) can0 18F814F3#32000F19A9015F00
(1778535310.555591) can0 18F815F3#0000000010030000
(1778535310.556489) can0 273#000000000F023300
(1778535310.557482) can0 1E1#020F271001FE01FE
(1778535310.558511) can0 1F5#0000000000000000
(1778535310.559591) can0 0800A6A9#0000000000000000
(1778535310.560558) can0 1000A6A9#0F02881333434343
(1778535310.561584) can0 1C00A6A9#0000000000030000
(1778535310.562590) can0 02018100#1003020F00000000
(1778535310.563591) can0 02028100#0000003364000000
(1778535310.564590) can0 02038100#0CE001010CE00102
(1778535310.565584) can0 02048100#4301014301010000
(1778535310.623266) can0 0000E005#15273E0003B60591
(1778535310.623842) can0 1806E5F4#13EC010003B6023A
(1778535310.624592) can0 0000E000#13EC13EC020F0000
(1778535310.625579) can0 0000E004#111103B603B601E4
(1778535310.626566) can0 0000E006#0CE00CE00CE00CE0
(1778535310.627573) can0 0000E007#0CE00CE00CE00CE0
(1778535310.628567) can0 0000E008#0CE00CE00CE00CE0
(1778535310.629567) can0 0000E009#0CE00CE00CE00CE0
(1778535310.630591) can0 0000E010#0000000000000000
(1778535310.631593) can0 0000E011#0000000000000000
(1778535310.632592) can0 0000E012#0CE0000000000000
(1778535310.633605) can0 0000F001#0000000000000000
(1778535310.634586) can0 18FF28F4#10330000020F0000
(1778535310.635567) can0 18FE28F4#0CE00CE039390000
(1778535310.636580) can0 18FD28F4#1527FA6F00000000
(1778535310.637484) can0 4D4#000033007D0F0203
(1778535310.638476) can0 4D5#E00CE00C39390000
(1778535310.639574) can0 18914010#0CE0010CE0020000
(1778535310.640577) can0 18904010#020F0000753001FE
(1778535310.641567) can0 18FA28F4#373CA12C10270000
(1778535310.642561) can0 18FB28F4#E00CE00C39390000
(1778535310.643580) can0 18FC28F4#383300000F020000
(1778535310.644561) can0 18F810F3#0F02E80333640100
(1778535310.645593) can0 18F815F3#0000000010030000
(1778535310.646492) can0 273#000000000F023300
(1778535310.647492) can0 1E1#020F271001FE01FE
(1778535310.648504) can0 1F5#0000000000000000
(1778535310.649580) can0 0800A6A9#0000000000000000
(1778535310.650545) can0 1000A6A9#0F02881333434343
(1778535310.651581) can0 1C00A6A9#0000000000030000
(1778535310.652593) can0 02018100#1003020F00000000
(1778535310.653587) can0 02028100#0000003364000000
(1778535310.654585) can0 02038100#0CE001010CE00102
(1778535310.655581) can0 02048100#4301014301010000
(1778535310.723271) can0 0000E005#15273E0003B60591
(1778535310.723838) can0 1806E5F4#13EC010003B6023A
(1778535310.724595) can0 0000E000#13EC13EC020F0000
(1778535310.725557) can0 0000E004#111103B603B601E4
(1778535310.726557) can0 0000E006#0CE00CE00CE00CE0
(1778535310.727575) can0 0000E007#0CE00CE00CE00CE0
(1778535310.728563) can0 0000E008#0CE00CE00CE00CE0
(1778535310.729564) can0 0000E009#0CE00CE00CE00CE0
(1778535310.730600) can0 0000E010#0000000000000000
(1778535310.731597) can0 0000E011#0000000000000000
(1778535310.732590) can0 0000E012#0CE0000000000000
(1778535310.733602) can0 0000F001#0000000000000000
(1778535310.734583) can0 18FF28F4#10330000020F0000
(1778535310.735565) can0 18FE28F4#0CE00CE039390000
(1778535310.736564) can0 18FD28F4#1527FA6F00000000
(1778535310.737481) can0 4D4#000033007D0F0203
(1778535310.738481) can0 4D5#E00CE00C39390000
(1778535310.739570) can0 18914010#0CE0010CE0020000
(1778535310.740585) can0 18904010#020F0000753001FE
(1778535310.741551) can0 18FA28F4#373CA12C10270000
(1778535310.742564) can0 18FB28F4#E00CE00C39390000
(1778535310.743577) can0 18FC28F4#383300000F020000
(1778535310.744557) can0 18F810F3#0F02E80333640100
(1778535310.745590) can0 18F815F3#0000000010030000
(1778535310.746494) can0 273#000000000F023300
(1778535310.747476) can0 1E1#020F271001FE01FE
(1778535310.748520) can0 1F5#0000000000000000
(1778535310.749583) can0 0800A6A9#0000000000000000
(1778535310.750545) can0 1000A6A9#0F02881333434343
(1778535310.751577) can0 1C00A6A9#0000000000030000
(1778535310.752586) can0 02018100#1003020F00000000
(1778535310.753589) can0 02028100#0000003364000000
(1778535310.754564) can0 02038100#0CE001010CE00102
(1778535310.755569) can0 02048100#4301014301010000
(1778535310.823275) can0 0000E005#15273E0003B60591
(1778535310.823823) can0 1806E5F4#13EC010003B6023A
(1778535310.824583) can0 0000E000#13EC13EC020F0000
(1778535310.825580) can0 0000E004#111103B603B601E4
(1778535310.826560) can0 0000E006#0CE00CE00CE00CE0
(1778535310.827554) can0 0000E007#0CE00CE00CE00CE0
(1778535310.828554) can0 0000E008#0CE00CE00CE00CE0
(1778535310.829553) can0 0000E009#0CE00CE00CE00CE0
(1778535310.830595) can0 0000E010#0000000000000000
(1778535310.831599) can0 0000E011#0000000000000000
(1778535310.832579) can0 0000E012#0CE0000000000000
(1778535310.833624) can0 0000F001#0000000000000000
(1778535310.834583) can0 18FF28F4#10330000020F0000
(1778535310.835554) can0 18FE28F4#0CE00CE039390000
(1778535310.836567) can0 18FD28F4#1527FA6F00000000
(1778535310.837484) can0 4D4#000033007D0F0203
(1778535310.838465) can0 4D5#E00CE00C39390000
(1778535310.839561) can0 18914010#0CE0010CE0020000
(1778535310.840573) can0 18904010#020F0000753001FE
(1778535310.841586) can0 18FA28F4#373CA12C10270000
(1778535310.842550) can0 18FB28F4#E00CE00C39390000
(1778535310.843568) can0 18FC28F4#383300000F020000
(1778535310.844548) can0 18F810F3#0F02E80333640100
(1778535310.845580) can0 18F815F3#0000000010030000
(1778535310.846475) can0 273#000000000F023300
(1778535310.847479) can0 1E1#020F271001FE01FE
(1778535310.848503) can0 1F5#0000000000000000
(1778535310.849630) can0 0800A6A9#0000000000000000
(1778535310.850548) can0 1000A6A9#0F02881333434343
(1778535310.851580) can0 1C00A6A9#0000000000030000
(1778535310.852598) can0 02018100#1003020F00000000
(1778535310.853573) can0 02028100#0000003364000000
(1778535310.854566) can0 02038100#0CE001010CE00102
(1778535310.855567) can0 02048100#4301014301010000
(1778535310.923280) can0 0000E005#15273E0003B60591
(1778535310.923825) can0 1806E5F4#13EC010003B6023A
(1778535310.924577) can0 0000E000#13EC13EC020F0000
(1778535310.925544) can0 0000E004#111103B603B601E4
(1778535310.926594) can0 0000E006#0CE00CE00CE00CE0
(1778535310.927557) can0 0000E007#0CE00CE00CE00CE0
(1778535310.928556) can0 0000E008#0CE00CE00CE00CE0
(1778535310.929550) can0 0000E009#0CE00CE00CE00CE0
(1778535310.930582) can0 0000E010#0000000000000000
(1778535310.931582) can0 0000E011#0000000000000000
(1778535310.932576) can0 0000E012#0CE0000000000000
(1778535310.933589) can0 0000F001#0000000000000000
(1778535310.934570) can0 18FF28F4#10330000020F0000
(1778535310.935551) can0 18FE28F4#0CE00CE039390000
(1778535310.936548) can0 18FD28F4#1527FA6F00000000
(1778535310.937468) can0 4D4#000033007D0F0203
(1778535310.938468) can0 4D5#E00CE00C39390000
(1778535310.939557) can0 18914010#0CE0010CE0020000
(1778535310.940557) can0 18904010#020F0000753001FE
(1778535310.941538) can0 18FA28F4#373CA12C10270000
(1778535310.942551) can0 18FB28F4#E00CE00C39390000
(1778535310.943565) can0 18FC28F4#383300000F020000
(1778535310.944546) can0 18F810F3#0F02E80333640100
(1778535310.945576) can0 18F815F3#0000000010030000
(1778535310.946478) can0 273#000000000F023300
(1778535310.947456) can0 1E1#020F271001FE01FE
(1778535310.948486) can0 1F5#0000000000000000
(1778535310.949563) can0 0800A6A9#0000000000000000
(1778535310.950532) can0 1000A6A9#0F02881333434343
(1778535310.951564) can0 1C00A6A9#0000000000030000
(1778535310.952576) can0 02018100#1003020F00000000
(1778535310.953570) can0 02028100#0000003364000000
(1778535310.954569) can0 02038100#0CE001010CE00102
(1778535310.955564) can0 02048100#4301014301010000
(1778535311.040278) can0 0000E005#15273E0003B60591
(1778535311.040835) can0 1806E5F4#13EC010003B6023A
(1778535311.041573) can0 0000E000#13EC13EC020F0000
(1778535311.042541) can0 0000E004#111103B603B601E4
(1778535311.043537) can0 0000E006#0CE00CE00CE00CE0
(1778535311.044554) can0 0000E007#0CE00CE00CE00CE0
(1778535311.045548) can0 0000E008#0CE00CE00CE00CE0
(1778535311.046550) can0 0000E009#0CE00CE00CE00CE0
(1778535311.047580) can0 0000E010#0000000000000000
(1778535311.048592) can0 0000E011#0000000000000000
(1778535311.049573) can0 0000E012#0CE0000000000000
(1778535311.050522) can0 0000E013#4542323630354C43
(1778535311.051549) can0 0000E014#3134323300000000
(1778535311.052568) can0 0000E015#0000000000000003
(1778535311.053580) can0 0000F000#0000000000000000
(1778535311.054579) can0 0000F001#0000000000000000
(1778535311.055575) can0 18FF28F4#10330000020F0000
(1778535311.056574) can0 18FE28F4#0CE00CE039390000
(1778535311.057554) can0 18FD28F4#1527FA6F00000000
(1778535311.058472) can0 4D4#000033007D0F0203
(1778535311.059453) can0 4D5#E00CE00C39390000
(1778535311.060547) can0 18914010#0CE0010CE0050000
(1778535311.061560) can0 18904010#020F0000753001FE
(1778535311.062542) can0 18FA28F4#373CA12C10270000
(1778535311.063534) can0 18FB28F4#E00CE00C39390000
(1778535311.064605) can0 18FC28F4#383300000F020000
(1778535311.065535) can0 18F810F3#0F02E80333640100
(1778535311.066548) can0 18F811F3#E00C0101E00C0501
(1778535311.067543) can0 18F812F3#3901013901010000
(1778535311.068579) can0 18F813F3#0101000000000000
(1778535311.069542) can0 18F814F3#32000F19A9015F00
(1778535311.070573) can0 18F815F3#0000000010030000
(1778535311.071475) can0 273#000000000F023300
(1778535311.072498) can0 1E1#020F271001FE01FE
(1778535311.073478) can0 1F5#0000000000000000
(1778535311.074573) can0 0800A6A9#0000000000000000
(1778535311.075534) can0 1000A6A9#0F02881333434343
(1778535311.076567) can0 1C00A6A9#0000000000030000
(1778535311.077580) can0 02018100#1003020F00000000
(1778535311.078561) can0 02028100#0000003364000000
(1778535311.079555) can0 02038100#0CE001010CE00105
(1778535311.080599) can0 02048100#4301014301010000
(1778535311.138221) can0 0000E005#15273E0003B60591
(1778535311.138811) can0 1806E5F4#13EC010003B6023A
(1778535311.139564) can0 0000E000#13EC13EC020F0000
(1778535311.140550) can0 0000E004#111103B603B601E4
(1778535311.141576) can0 0000E006#0CE00CE00CE00CE0
(1778535311.142544) can0 0000E007#0CE00CE00CE00CE0
(1778535311.143538) can0 0000E008#0CE00CE00CE00CE0
(1778535311.144538) can0 0000E009#0CE00CE00CE00CE0
(1778535311.145565) can0 0000E010#0000000000000000
(1778535311.146561) can0 0000E011#0000000000000000
(1778535311.147564) can0 0000E012#0CE0000000000000
(1778535311.148576) can0 0000F001#0000000000000000
(1778535311.149608) can0 18FF28F4#10330000020F0000
(1778535311.150538) can0 18FE28F4#0CE00CE039390000
(1778535311.151552) can0 18FD28F4#1527FA6F00000000
(1778535311.152455) can0 4D4#000033007D0F0203
(1778535311.153449) can0 4D5#E00CE00C39390000
(1778535311.154543) can0 18914010#0CE0010CE0050000
(1778535311.155545) can0 18904010#020F0000753001FE
(1778535311.156538) can0 18FA28F4#373CA12C10270000
(1778535311.157538) can0 18FB28F4#E00CE00C39390000
(1778535311.158545) can0 18FC28F4#383300000F020000
(1778535311.159532) can0 18F810F3#0F02E80333640100
(1778535311.160563) can0 18F815F3#0000000010030000
(1778535311.161462) can0 273#000000000F023300
(1778535311.162462) can0 1E1#020F271001FE01FE
(1778535311.163475) can0 1F5#0000000000000000
(1778535311.164571) can0 0800A6A9#0000000000000000
(1778535311.165519) can0 1000A6A9#0F02881333434343
(1778535311.166544) can0 1C00A6A9#0000000000030000
(1778535311.167564) can0 02018100#1003020F00000000
(1778535311.168557) can0 02028100#0000003364000000
(1778535311.169557) can0 02038100#0CE001010CE00105
(1778535311.170547) can0 02048100#4301014301010000
(1778535311.238285) can0 0000E005#15273E0003B60591
(1778535311.238811) can0 1806E5F4#13EC010003B6023A
(1778535311.239566) can0 0000E000#13EC13EC020F0000
(1778535311.240534) can0 0000E004#111103B603B601E4
(1778535311.241528) can0 0000E006#0CE00CE00CE00CE0
(1778535311.242528) can0 0000E007#0CE00CE00CE00CE0
(1778535311.243541) can0 0000E008#0CE00CE00CE00CE0
(1778535311.244532) can0 0000E009#0CE00CE00CE00CE0
(1778535311.245566) can0 0000E010#0000000000000000
(1778535311.246566) can0 0000E011#0000000000000000
(1778535311.247567) can0 0000E012#0CE0000000000000
(1778535311.248556) can0 0000F001#0000000000000000
(1778535311.249560) can0 18FF28F4#10330000020F0000
(1778535311.250541) can0 18FE28F4#0CE00CE039390000
(1778535311.251542) can0 18FD28F4#1527FA6F00000000
(1778535311.252458) can0 4D4#000033007D0F0203
(1778535311.253439) can0 4D5#E00CE00C39390000
(1778535311.254534) can0 18914010#0CE0010CE0050000
(1778535311.255547) can0 18904010#020F0000753001FE
(1778535311.256525) can0 18FA28F4#373CA12C10270000
(1778535311.257523) can0 18FB28F4#E00CE00C39390000
(1778535311.258554) can0 18FC28F4#383300000F020000
(1778535311.259522) can0 18F810F3#0F02E80333640100
(1778535311.260549) can0 18F815F3#0000000010030000
(1778535311.261452) can0 273#000000000F023300
(1778535311.262446) can0 1E1#020F271001FE01FE
(1778535311.263483) can0 1F5#0000000000000000
(1778535311.264555) can0 0800A6A9#0000000000000000
(1778535311.265522) can0 1000A6A9#0F02881333434343
(1778535311.266554) can0 1C00A6A9#0000000000030000
(1778535311.267567) can0 02018100#1003020F00000000
(1778535311.268540) can0 02028100#0000003364000000
(1778535311.269542) can0 02038100#0CE001010CE00105
(1778535311.270542) can0 02048100#4301014301010000
(1778535311.338209) can0 0000E005#15273E0003B60591
(1778535311.338782) can0 1806E5F4#13EC010003B6023A
(1778535311.339556) can0 0000E000#13EC13EC020F0000
(1778535311.340537) can0 0000E004#111103B603B601E4
(1778535311.341530) can0 0000E006#0CE00CE00CE00CE0
(1778535311.342531) can0 0000E007#0CE00CE00CE00CE0
(1778535311.343531) can0 0000E008#0CE00CE00CE00CE0
(1778535311.344524) can0 0000E009#0CE00CE00CE00CE2
(1778535311.345556) can0 0000E010#0000000000000000
(1778535311.346549) can0 0000E011#0000000000000000
(1778535311.347550) can0 0000E012#0CE0000200000000
(1778535311.348581) can0 0000F001#0000000000000000
(1778535311.349544) can0 18FF28F4#10330000020F0000
(1778535311.350521) can0 18FE28F4#0CE20CE039390000
(1778535311.351538) can0 18FD28F4#1527FA6F00000000
(1778535311.352442) can0 4D4#000033007D0F0203
(1778535311.353423) can0 4D5#E00CE20C39390000
(1778535311.354535) can0 18914010#0CE2100CE0020000
(1778535311.355531) can0 18904010#020F0000753001FE
(1778535311.356544) can0 18FA28F4#373CA12C10270000
(1778535311.357525) can0 18FB28F4#E20CE00C39390000
(1778535311.358535) can0 18FC28F4#383300000F020000
(1778535311.359520) can0 18F810F3#0F02E80333640100
(1778535311.360551) can0 18F815F3#0000000010030000
(1778535311.361449) can0 273#000000000F023300
(1778535311.362445) can0 1E1#020F271001FE01FE
(1778535311.363462) can0 1F5#0000000000000000
(1778535311.364588) can0 0800A6A9#0000000000000000
(1778535311.365506) can0 1000A6A9#0F02881333434343
(1778535311.366538) can0 1C00A6A9#0000000000030000
(1778535311.367551) can0 02018100#1003020F00000000
(1778535311.368544) can0 02028100#0000003364000000
(1778535311.369544) can0 02038100#0CE201100CE00102
(1778535311.370535) can0 02048100#4301014301010000
(1778535311.438205) can0 0000E005#15273E0003B60591
(1778535311.438794) can0 1806E5F4#13EC010003B6023A
(1778535311.439553) can0 0000E000#13EC13EC020F0000
(1778535311.440516) can0 0000E004#111103B603B601E4
(1778535311.441547) can0 0000E006#0CE00CE00CE00CE0
(1778535311.442527) can0 0000E007#0CE00CE00CE00CE0
(1778535311.443527) can0 0000E008#0CE00CE00CE00CE0
(1778535311.444508) can0 0000E009#0CE00CE00CE00CE2
(1778535311.445553) can0 0000E010#0000000000000000
(1778535311.446553) can0 0000E011#0000000000000000
(1778535311.447547) can0 0000E012#0CE0000200000000
(1778535311.448560) can0 0000F001#0000000000000000
(1778535311.449591) can0 18FF28F4#10330000020F0000
(1778535311.450521) can0 18FE28F4#0CE20CE039390000
(1778535311.451522) can0 18FD28F4#1527FA6F00000000
(1778535311.452432) can0 4D4#000033007D0F0203
(1778535311.453420) can0 4D5#E00CE20C39390000
(1778535311.454515) can0 18914010#0CE2100CE0020000
(1778535311.455532) can0 18904010#020F0000753001FE
(1778535311.456509) can0 18FA28F4#373CA12C10270000
(1778535311.457553) can0 18FB28F4#E20CE00C39390000
(1778535311.458534) can0 18FC28F4#383300000F020000
(1778535311.459516) can0 18F810F3#0F02E80333640100
(1778535311.460545) can0 18F815F3#0000000010030000
(1778535311.461445) can0 273#000000000F023300
(1778535311.462433) can0 1E1#020F271001FE01FE
(1778535311.463458) can0 1F5#0000000000000000
(1778535311.464532) can0 0800A6A9#0000000000000000
(1778535311.465502) can0 1000A6A9#0F02881333434343
(1778535311.466534) can0 1C00A6A9#0000000000030000
(1778535311.467547) can0 02018100#1003020F00000000
(1778535311.468541) can0 02028100#0000003364000000
(1778535311.469541) can0 02038100#0CE201100CE00102
(1778535311.470535) can0 02048100#4301014301010000
(1778535311.555201) can0 0000E005#15273E0003B60591
(1778535311.555791) can0 1806E5F4#13EC010003B6023A
(1778535311.556550) can0 0000E000#13EC13EC020F0000
(1778535311.557511) can0 0000E004#111103B603B601E4
(1778535311.558511) can0 0000E006#0CE00CE00CE00CE0
(1778535311.559520) can0 0000E007#0CE00CE00CE00CE0
(1778535311.560517) can0 0000E008#0CE00CE00CE00CE0
(1778535311.561518) can0 0000E009#0CE00CE00CE00CE0
(1778535311.562550) can0 0000E010#0000000000000000
(1778535311.563544) can0 0000E011#0000000000000000
(1778535311.564544) can0 0000E012#0CE0000000000000
(1778535311.565493) can0 0000E013#4542323630354C43
(1778535311.566525) can0 0000E014#3134323300000000
(1778535311.567534) can0 0000E015#0000000000000003
(1778535311.568550) can0 0000F000#0000000000000000
(1778535311.569550) can0 0000F001#0000000000000000
(1778535311.570544) can0 18FF28F4#10330000020F0000
(1778535311.571527) can0 18FE28F4#0CE00CE039390000
(1778535311.572525) can0 18FD28F4#1527FA6F00000000
(1778535311.573442) can0 4D4#000033007D0F0203
(1778535311.574423) can0 4D5#E00CE00C39390000
(1778535311.575519) can0 18914010#0CE0010CE00F0000
(1778535311.576531) can0 18904010#020F0000753001FE
(1778535311.577512) can0 18FA28F4#373CA12C10270000
(1778535311.578512) can0 18FB28F4#E00CE00C39390000
(1778535311.579534) can0 18FC28F4#383300000F020000
(1778535311.580509) can0 18F810F3#0F02E80333640100
(1778535311.581519) can0 18F811F3#E00C0101E00C0F01
(1778535311.582518) can0 18F812F3#3901013901010000
(1778535311.583544) can0 18F813F3#0101000000000000
(1778535311.584512) can0 18F814F3#32000F19A9015F00
(1778535311.585544) can0 18F815F3#0000000010030000
(1778535311.586442) can0 273#000000000F023300
(1778535311.587456) can0 1E1#020F271001FE01FE
(1778535311.588449) can0 1F5#0000000000000000
(1778535311.589544) can0 0800A6A9#0000000000000000
(1778535311.590506) can0 1000A6A9#0F02881333434343
(1778535311.591534) can0 1C00A6A9#0000000000030000
(1778535311.592551) can0 02018100#1003020F00000000
(1778535311.593532) can0 02028100#0000003364000000
(1778535311.594525) can0 02038100#0CE001010CE0010F
(1778535311.595552) can0 02048100#4301014301010000
(1778535311.653196) can0 0000E005#15273E0003B60591
(1778535311.653788) can0 1806E5F4#13EC010003B6023A
(1778535311.654540) can0 0000E000#13EC13EC020F0000
(1778535311.655509) can0 0000E004#111103B603B601E4
(1778535311.656520) can0 0000E006#0CE00CE00CE00CE0
(1778535311.657514) can0 0000E007#0CE00CE00CE00CE0
(1778535311.658514) can0 0000E008#0CE00CE00CE00CE0
(1778535311.659505) can0 0000E009#0CE00CE00CE00CE0
(1778535311.660540) can0 0000E010#0000000000000000
(1778535311.661540) can0 0000E011#0000000000000000
(1778535311.662540) can0 0000E012#0CE0000000000000
(1778535311.663530) can0 0000F001#0000000000000000
(1778535311.664566) can0 18FF28F4#10330000020F0000
(1778535311.665518) can0 18FE28F4#0CE00CE039390000
(1778535311.666509) can0 18FD28F4#1527FA6F00000000
(1778535311.667426) can0 4D4#000033007D0F0203
(1778535311.668426) can0 4D5#E00CE00C39390000
(1778535311.669502) can0 18914010#0CE0010CE00F0000
(1778535311.670515) can0 18904010#020F0000753001FE
(1778535311.671499) can0 18FA28F4#373CA12C10270000
(1778535311.672547) can0 18FB28F4#E00CE00C39390000
(1778535311.673528) can0 18FC28F4#383300000F020000
(1778535311.674509) can0 18F810F3#0F02E80333640100
(1778535311.675531) can0 18F815F3#0000000010030000
(1778535311.676439) can0 273#000000000F023300
(1778535311.677420) can0 1E1#020F271001FE01FE
(1778535311.678452) can0 1F5#0000000000000000
(1778535311.679528) can0 0800A6A9#0000000000000000
(1778535311.680541) can0 1000A6A9#0F02881333434343
(1778535311.681522) can0 1C00A6A9#0000000000030000
(1778535311.682534) can0 02018100#1003020F00000000
(1778535311.683529) can0 02028100#0000003364000000
(1778535311.684515) can0 02038100#0CE001010CE0010F
(1778535311.685509) can0 02048100#4301014301010000
(1778535311.753184) can0 0000E005#15273E0003B60591
(1778535311.753763) can0 1806E5F4#13EC010003B6023A
(1778535311.754523) can0 0000E000#13EC13EC020F0000
(1778535311.755505) can0 0000E004#111103B603B601E4
(1778535311.756505) can0 0000E006#0CE00CE00CE00CE0
(1778535311.757549) can0 0000E007#0CE00CE00CE00CE0
(1778535311.758498) can0 0000E008#0CE00CE00CE00CE0
(1778535311.759493) can0 0000E009#0CE00CE00CE00CE0
(1778535311.760542) can0 0000E010#0000000000000000
(1778535311.761532) can0 0000E011#0000000000000000
(1778535311.762518) can0 0000E012#0CE0000000000000
(1778535311.763531) can0 0000F001#0000000000000000
(1778535311.764535) can0 18FF28F4#10330000020F0000
(1778535311.765542) can0 18FE28F4#0CE00CE039390000
(1778535311.766512) can0 18FD28F4#1527FA6F00000000
(1778535311.767423) can0 4D4#000033007D0F0203
(1778535311.768410) can0 4D5#E00CE00C39390000
(1778535311.769499) can0 18914010#0CE0010CE00F0000
(1778535311.770512) can0 18904010#020F0000753001FE
(1778535311.771499) can0 18FA28F4#373CA12C10270000
(1778535311.772493) can0 18FB28F4#E00CE00C39390000
(1778535311.773516) can0 18FC28F4#383300000F020000
(1778535311.774486) can0 18F810F3#0F02E80333640100
(1778535311.775537) can0 18F815F3#0000000010030000
(1778535311.776421) can0 273#000000000F023300
(1778535311.777417) can0 1E1#020F271001FE01FE
(1778535311.778453) can0 1F5#0000000000000000
(1778535311.779525) can0 0800A6A9#0000000000000000
(1778535311.780487) can0 1000A6A9#0F02881333434343
(1778535311.781518) can0 1C00A6A9#0000000000030000
(1778535311.782531) can0 02018100#1003020F00000000
(1778535311.783514) can0 02028100#0000003364000000
(1778535311.784512) can0 02038100#0CE001010CE0010F
(1778535311.785502) can0 02048100#4301014301010000
(1778535311.853195) can0 0000E005#15273E0003B60591
(1778535311.853782) can0 1806E5F4#13EC010003B6023A
(1778535311.854521) can0 0000E000#13EC13EC020F0000
(1778535311.855498) can0 0000E004#111103B603B601E4
(1778535311.856495) can0 0000E006#0CE00CE00CE00CE0
(1778535311.857495) can0 0000E007#0CE00CE00CE00CE0
(1778535311.858495) can0 0000E008#0CE00CE00CE00CE0
(1778535311.859489) can0 0000E009#0CE00CE00CE00CE0
(1778535311.860533) can0 0000E010#0000000000000000
(1778535311.861533) can0 0000E011#0000000000000000
(1778535311.862514) can0 0000E012#0CE0000000000000
(1778535311.863527) can0 0000F001#0000000000000000
(1778535311.864527) can0 18FF28F4#10330000020F0000
(1778535311.865489) can0 18FE28F4#0CE00CE039390000
(1778535311.866498) can0 18FD28F4#1527FA6F00000000
(1778535311.867425) can0 4D4#000033007D0F0203
(1778535311.868406) can0 4D5#E00CE00C39390000
(1778535311.869495) can0 18914010#0CE0010CE0030000
(1778535311.870514) can0 18904010#020F0000753001FE
(1778535311.871498) can0 18FA28F4#373CA12C10270000
(1778535311.872489) can0 18FB28F4#E00CE00C39390000
(1778535311.873521) can0 18FC28F4#383300000F020000
(1778535311.874481) can0 18F810F3#0F02E80333640100
(1778535311.875538) can0 18F815F3#0000000010030000
(1778535311.876413) can0 273#000000000F023300
(1778535311.877413) can0 1E1#020F271001FE01FE
(1778535311.878437) can0 1F5#0000000000000000
(1778535311.879535) can0 0800A6A9#0000000000000000
(1778535311.880483) can0 1000A6A9#0F02881333434343
(1778535311.881515) can0 1C00A6A9#0000000000030000
(1778535311.882527) can0 02018100#1003020F00000000
(1778535311.883509) can0 02028100#0000003364000000
(1778535311.884508) can0 02038100#0CE001010CE00103
(1778535311.885502) can0 02048100#4301014301010000
(1778535311.947419) can0 00000E00#00354C4331343233
(1778535311.954178) can0 0000E005#15273E0003B60591
(1778535311.954765) can0 1806E5F4#13EC010003B6023A
(1778535311.955523) can0 0000E000#13EC13EC020F0000
(1778535311.956500) can0 0000E004#111103B603B601E4
(1778535311.957485) can0 0000E006#0CE00CE00CE00CE0
(1778535311.958498) can0 0000E007#0CE00CE00CE00CE0
(1778535311.959498) can0 0000E008#0CE00CE00CE00CE0
(1778535311.960491) can0 0000E009#0CE00CE00CE00CE0
(1778535311.961523) can0 0000E010#0000000000000000
(1778535311.962524) can0 0000E011#0000000000000000
(1778535311.963518) can0 0000E012#0CE0000000000000
(1778535311.964544) can0 0000F001#0000000000000000
(1778535311.965511) can0 18FF28F4#10330000020F0000
(1778535311.966492) can0 18FE28F4#0CE00CE039390000
(1778535311.967512) can0 18FD28F4#1527FA6F00000000
(1778535311.968401) can0 4D4#000033007D0F0203
(1778535311.969403) can0 4D5#E00CE00C39390000
(1778535311.970499) can0 18914010#0CE0010CE0030000
(1778535311.971499) can0 18904010#020F0000753001FE
(1778535311.972512) can0 18FA28F4#373CA12C10270000
(1778535311.973492) can0 18FB28F4#E00CE00C39390000
(1778535311.974505) can0 18FC28F4#383300000F020000
(1778535311.975489) can0 18F810F3#0F02E80333640100
(1778535311.976515) can0 18F815F3#0000000010030000
(1778535311.977416) can0 273#000000000F023300
(1778535311.978416) can0 1E1#020F271001FE01FE
(1778535311.979429) can0 1F5#0000000000000000
(1778535311.980547) can0 0800A6A9#0000000000000000
(1778535311.981487) can0 1000A6A9#0F02881333434343
(1778535311.982511) can0 1C00A6A9#0000000000030000
(1778535311.983525) can0 02018100#1003020F00000000
(1778535311.984505) can0 02028100#0000003364000000
(1778535311.985499) can0 02038100#0CE001010CE00103
(1778535311.986498) can0 02048100#4301014301010000
(1778535312.070172) can0 0000E005#15273E0003B60591
(1778535312.070761) can0 1806E5F4#13EC010003B6023A
(1778535312.071521) can0 0000E000#13EC13EC020F0000
(1778535312.072485) can0 0000E004#111103B603B601E4
(1778535312.073482) can0 0000E006#0CE00CE00CE00CE0
(1778535312.074489) can0 0000E007#0CE00CE00CE00CE0
(1778535312.075495) can0 0000E008#0CE00CE00CE00CE0
(1778535312.076476) can0 0000E009#0CE00CE00CE00CE2
(1778535312.077520) can0 0000E010#0000000000000000
(1778535312.078521) can0 0000E011#0000000000000000
(1778535312.079502) can0 0000E012#0CE0000200000000
(1778535312.080464) can0 0000E013#4542323630354C43
(1778535312.081495) can0 0000E014#3134323300000000
(1778535312.082503) can0 0000E015#0000000000000003
(1778535312.083521) can0 0000F000#0000000000000000
(1778535312.084521) can0 0000F001#0000000000000000
(1778535312.085514) can0 18FF28F4#10330000020F0000
(1778535312.086481) can0 18FE28F4#0CE20CE039390000
(1778535312.087496) can0 18FD28F4#1527FA6F00000000
(1778535312.088413) can0 4D4#000033007D0F0203
(1778535312.089394) can0 4D5#E00CE20C39390000
(1778535312.090490) can0 18914010#0CE2100CE0020000
(1778535312.091503) can0 18904010#020F0000753001FE
(1778535312.092483) can0 18FA28F4#373CA12C10270000
(1778535312.093483) can0 18FB28F4#E20CE00C39390000
(1778535312.094488) can0 18FC28F4#383300000F020000
(1778535312.095477) can0 18F810F3#0F02E80333640100
(1778535312.096499) can0 18F811F3#E20C1001E00C0201
(1778535312.097493) can0 18F812F3#3901013901010000
(1778535312.098513) can0 18F813F3#0101000000000000
(1778535312.099484) can0 18F814F3#32000F19A9015F00
(1778535312.100515) can0 18F815F3#0000000010030000
(1778535312.101414) can0 273#000000000F023300
(1778535312.102407) can0 1E1#020F271001FE01FE
(1778535312.103420) can0 1F5#0000000000000000
(1778535312.104515) can0 0800A6A9#0000000000000000
(1778535312.105477) can0 1000A6A9#0F02881333434343
(1778535312.106503) can0 1C00A6A9#0000000000030000
(1778535312.107522) can0 02018100#1003020F00000000
(1778535312.108503) can0 02028100#0000003364000000
(1778535312.109496) can0 02038100#0CE201100CE00102
(1778535312.110505) can0 02048100#4301014301010000
(1778535312.168156) can0 0000E005#15273E0003B60591
(1778535312.168746) can0 1806E5F4#13EC010003B6023A
(1778535312.169498) can0 0000E000#13EC13EC020F0000
(1778535312.170479) can0 0000E004#111103B603B601E4
(1778535312.171479) can0 0000E006#0CE00CE00CE00CE0
(1778535312.172479) can0 0000E007#0CE00CE00CE00CE0
(1778535312.173472) can0 0000E008#0CE00CE00CE00CE0
(1778535312.174467) can0 0000E009#0CE00CE00CE00CE2
(1778535312.175518) can0 0000E010#0000000000000000
(1778535312.176517) can0 0000E011#0000000000000000
(1778535312.177498) can0 0000E012#0CE0000200000000
(1778535312.178506) can0 0000F001#0000000000000000
(1778535312.179512) can0 18FF28F4#10330000020F0000
(1778535312.180473) can0 18FE28F4#0CE20CE039390000
(1778535312.181486) can0 18FD28F4#1527FA6F00000000
(1778535312.182403) can0 4D4#000033007D0F0203
(1778535312.183384) can0 4D5#E00CE20C39390000
(1778535312.184479) can0 18914010#0CE2100CE0020000
(1778535312.185492) can0 18904010#020F0000753001FE
(1778535312.186468) can0 18FA28F4#373CA12C10270000
(1778535312.187493) can0 18FB28F4#E20CE00C39390000
(1778535312.188486) can0 18FC28F4#383300000F020000
(1778535312.189467) can0 18F810F3#0F02E80333640100
(1778535312.190492) can0 18F815F3#0000000010030000
(1778535312.191397) can0 273#000000000F023300
(1778535312.192397) can0 1E1#020F271001FE01FE
(1778535312.193409) can0 1F5#0000000000000000
(1778535312.194505) can0 0800A6A9#0000000000000000
(1778535312.195486) can0 1000A6A9#0F02881333434343
(1778535312.196500) can0 1C00A6A9#0000000000030000
(1778535312.197512) can0 02018100#1003020F00000000
(1778535312.198491) can0 02028100#0000003364000000
(1778535312.199495) can0 02038100#0CE201100CE00102
(1778535312.200486) can0 02048100#4301014301010000
(1778535312.268128) can0 0000E005#15273E0003B60591
(1778535312.268708) can0 1806E5F4#13EC010003B6023A
(1778535312.269501) can0 0000E000#13EC13EC020F0000
(1778535312.270473) can0 0000E004#111103B603B601E4
(1778535312.271484) can0 0000E006#0CE00CE00CE00CE0
(1778535312.272495) can0 0000E007#0CE00CE00CE00CE0
(1778535312.273476) can0 0000E008#0CE00CE00CE00CE0
(1778535312.274476) can0 0000E009#0CE00CE00CE00CE2
(1778535312.275502) can0 0000E010#0000000000000000
(1778535312.276493) can0 0000E011#0000000000000000
(1778535312.277501) can0 0000E012#0CE0000200000000
(1778535312.278514) can0 0000F001#0000000000000000
(1778535312.279495) can0 18FF28F4#10330000020F0000
(1778535312.280503) can0 18FE28F4#0CE20CE039390000
(1778535312.281489) can0 18FD28F4#1527FA6F00000000
(1778535312.282387) can0 4D4#000033007D0F0203
(1778535312.283368) can0 4D5#E00CE20C39390000
(1778535312.284482) can0 18914010#0CE2100CE0020000
(1778535312.285476) can0 18904010#020F0000753001FE
(1778535312.286476) can0 18FA28F4#373CA12C10270000
(1778535312.287470) can0 18FB28F4#E20CE00C39390000
(1778535312.288532) can0 18FC28F4#383300000F020000
(1778535312.289469) can0 18F810F3#0F02E80333640100
(1778535312.290495) can0 18F815F3#0000000010030000
(1778535312.291400) can0 273#000000000F023300
(1778535312.292388) can0 1E1#020F271001FE01FE
(1778535312.293407) can0 1F5#0000000000000000
(1778535312.294501) can0 0800A6A9#0000000000000000
(1778535312.295470) can0 1000A6A9#0F02881333434343
(1778535312.296533) can0 1C00A6A9#0000000000030000
(1778535312.297514) can0 02018100#1003020F00000000
(1778535312.298495) can0 02028100#0000003364000000
(1778535312.299489) can0 02038100#0CE201100CE00102
(1778535312.300486) can0 02048100#4301014301010000
(1778535312.368153) can0 0000E005#15273E0003B60591
(1778535312.368745) can0 1806E5F4#13EC010003B6023A
(1778535312.369504) can0 0000E000#13EC13EC020F0000
(1778535312.370459) can0 0000E004#111103B603B601E4
(1778535312.371466) can0 0000E006#0CE00CE00CE00CE0
(1778535312.372459) can0 0000E007#0CE00CE00CE00CE0
(1778535312.373523) can0 0000E008#0CE00CE00CE00CE0
(1778535312.374472) can0 0000E009#0CE00CE00CE00CE0
(1778535312.375504) can0 0000E010#0000000000000000
(1778535312.376497) can0 0000E011#0000000000000000
(1778535312.377498) can0 0000E012#0CE0000000000000
(1778535312.378511) can0 0000F001#0000000000000000
(1778535312.379492) can0 18FF28F4#10330000020F0000
(1778535312.380472) can0 18FE28F4#0CE00CE039390000
(1778535312.381473) can0 18FD28F4#1527FA6F00000000
(1778535312.382383) can0 4D4#000033007D0F0203
(1778535312.383371) can0 4D5#E00CE00C39390000
(1778535312.384466) can0 18914010#0CE0010CE0020000
(1778535312.385479) can0 18904010#020F0000753001FE
(1778535312.386460) can0 18FA28F4#373CA12C10270000
(1778535312.387460) can0 18FB28F4#E00CE00C39390000
(1778535312.388485) can0 18FC28F4#383300000F020000
(1778535312.389453) can0 18F810F3#0F02E80333640100
(1778535312.390497) can0 18F815F3#0000000010030000
(1778535312.391397) can0 273#000000000F023300
(1778535312.392384) can0 1E1#020F271001FE01FE
(1778535312.393409) can0 1F5#0000000000000000
(1778535312.394482) can0 0800A6A9#0000000000000000
(1778535312.395454) can0 1000A6A9#0F02881333434343
(1778535312.396485) can0 1C00A6A9#0000000000030000
(1778535312.397498) can0 02018100#1003020F00000000
(1778535312.398499) can0 02028100#0000003364000000
(1778535312.399480) can0 02038100#0CE001010CE00102
(1778535312.400473) can0 02048100#4301014301010000
