(1779322634.806751) can0 0000E005#1702440003B60591
(1779322634.807322) can0 1806E5F4#13B3010003B6023A
(1779322634.808160) can0 0000E000#13B313B3020C0000
(1779322634.809166) can0 0000E004#181803B603B601DF
(1779322634.810119) can0 0000E006#0CCF0CCF0CCF0CCF
(1779322634.811128) can0 0000E007#0CCF0CCF0CCF0CCF
(1779322634.812124) can0 0000E008#0CCF0CCF0CCF0CCF
(1779322634.813104) can0 0000E009#0CCF0CCF0CCF0CCF
(1779322634.814163) can0 0000E010#0000000000000000
(1779322634.815155) can0 0000E011#0000000000000000
(1779322634.816125) can0 0000E012#0CCF000000000000
(1779322634.817188) can0 0000F001#0000000000000000
(1779322634.818153) can0 18FF28F4#10320000020C0000
(1779322634.819136) can0 18FE28F4#0CCF0CCF40400000
(1779322634.820153) can0 18FD28F4#1702FA6F00000000
(1779322634.821046) can0 4D4#000032007D0C0203
(1779322634.822037) can0 4D5#CF0CCF0C40400000
(1779322634.823131) can0 18914010#0CCF0A0CCF010000
(1779322634.824131) can0 18904010#020C020C753001F8
(1779322634.825177) can0 18FA28F4#123EA12C10270000
(1779322634.826128) can0 18FB28F4#CF0CCF0C40400000
(1779322634.827141) can0 18FC28F4#383200000C020000
(1779322634.828124) can0 18F810F3#0C02E80332640100
(1779322634.829153) can0 18F815F3#0000000010030000
(1779322634.830057) can0 273#000000000C023200
(1779322634.831051) can0 1E1#020C271001F801F8
(1779322634.832063) can0 1F5#0000000000000000
(1779322634.833191) can0 0800A6A9#0000000000000000
(1779322634.834119) can0 1000A6A9#0C028813324A4A4A
(1779322634.835147) can0 1C00A6A9#0000000000030000
(1779322634.836159) can0 02018100#1003020C00000000
(1779322634.837149) can0 02028100#0000003264000000
(1779322634.838143) can0 02038100#0CCF010A0CCF0101
(1779322634.839143) can0 02048100#4A01014A01010000
(1779322634.840035) can0 1AD#7E14000059321818
(1779322634.841083) can0 2AD#CF0C800C7E140016
(1779322634.842068) can0 3AD#0000000000007E14
(1779322634.843062) can0 4AD#EB00000000000000
(1779322634.844059) can0 76A#7F00000000000000
(1779322634.906737) can0 0000E005#1702440003B60591
(1779322634.907308) can0 1806E5F4#13B3010003B6023A
(1779322634.908141) can0 0000E000#13B313B3020C0000
(1779322634.909158) can0 0000E004#181803B603B601DF
(1779322634.910166) can0 0000E006#0CCF0CCF0CCF0CCF
(1779322634.911123) can0 0000E007#0CCF0CCF0CCF0CCF
(1779322634.912121) can0 0000E008#0CCF0CCF0CCF0CCF
(1779322634.913116) can0 0000E009#0CCF0CCF0CCF0CCF
(1779322634.914171) can0 0000E010#0000000000000000
(1779322634.915181) can0 0000E011#0000000000000000
(1779322634.916165) can0 0000E012#0CCF000000000000
(1779322634.917162) can0 0000F001#0000000000000000
(1779322634.918186) can0 18FF28F4#10320000020C0000
(1779322634.919143) can0 18FE28F4#0CCF0CCF40400000
(1779322634.920156) can0 18FD28F4#1702FA6F00000000
(1779322634.921043) can0 4D4#000032007D0C0203
(1779322634.922036) can0 4D5#CF0CCF0C40400000
(1779322634.923123) can0 18914010#0CCF090CCF010000
(1779322634.924117) can0 18904010#020C020C753001F8
(1779322634.925159) can0 18FA28F4#123EA12C10270000
(1779322634.926175) can0 18FB28F4#CF0CCF0C40400000
(1779322634.927138) can0 18FC28F4#383200000C020000
(1779322634.928145) can0 18F810F3#0C02E80332640100
(1779322634.929171) can0 18F815F3#0000000010030000
(1779322634.930054) can0 273#000000000C023200
(1779322634.931067) can0 1E1#020C271001F801F8
(1779322634.932075) can0 1F5#0000000000000000
(1779322634.933163) can0 0800A6A9#0000000000000000
(1779322634.934117) can0 1000A6A9#0C028813324A4A4A
(1779322634.935150) can0 1C00A6A9#0000000000030000
(1779322634.936162) can0 02018100#1003020C00000000
(1779322634.937167) can0 02028100#0000003264000000
(1779322634.938143) can0 02038100#0CCF01090CCF0101
(1779322634.939140) can0 02048100#4A01014A01010000
(1779322634.940046) can0 1AD#7E14000059321818
(1779322634.941034) can0 2AD#CF0C800C7E140016
(1779322634.942070) can0 3AD#0000000000007E14
(1779322634.943071) can0 4AD#EB00000000000000
(1779322634.944080) can0 76A#7F00000000000000
(1779322635.006707) can0 0000E005#1702440003B60591
(1779322635.007284) can0 1806E5F4#13B3010003B6023A
(1779322635.008148) can0 0000E000#13B313B3020C0000
(1779322635.009157) can0 0000E004#181803B603B601DF
(1779322635.010136) can0 0000E006#0CCF0CCF0CCF0CCF
(1779322635.011130) can0 0000E007#0CCF0CCF0CCF0CCF
(1779322635.012131) can0 0000E008#0CCF0CCF0CCF0CCF
(1779322635.013116) can0 0000E009#0CCF0CCF0CCF0CCF
(1779322635.014163) can0 0000E010#0000000000000000
(1779322635.015162) can0 0000E011#0000000000000000
(1779322635.016143) can0 0000E012#0CCF000000000000
(1779322635.017169) can0 0000F001#0000000000000000
(1779322635.018149) can0 18FF28F4#10320000020C0000
(1779322635.019117) can0 18FE28F4#0CCF0CCF40400000
(1779322635.020150) can0 18FD28F4#1702FA6F00000000
(1779322635.021060) can0 4D4#000032007D0C0203
(1779322635.022045) can0 4D5#CF0CCF0C40400000
(1779322635.023125) can0 18914010#0CCF090CCF010000
(1779322635.024129) can0 18904010#020C020C753001F8
(1779322635.025144) can0 18FA28F4#123EA12C10270000
(1779322635.026134) can0 18FB28F4#CF0CCF0C40400000
(1779322635.027150) can0 18FC28F4#383200000C020000
(1779322635.028131) can0 18F810F3#0C02E80332640100
(1779322635.029160) can0 18F815F3#0000000010030000
(1779322635.030067) can0 273#000000000C023200
(1779322635.031056) can0 1E1#020C271001F801F8
(1779322635.032078) can0 1F5#0000000000000000
(1779322635.033178) can0 0800A6A9#0000000000000000
(1779322635.034132) can0 1000A6A9#0C028813324A4A4A
(1779322635.035167) can0 1C00A6A9#0000000000030000
(1779322635.036172) can0 02018100#1003020C00000000
(1779322635.037172) can0 02028100#0000003264000000
(1779322635.038172) can0 02038100#0CCF01090CCF0101
(1779322635.039144) can0 02048100#4A01014A01010000
(1779322635.040062) can0 1AD#7E14000059321818
(1779322635.041037) can0 2AD#CF0C800C7E140016
(1779322635.042072) can0 3AD#0000000000007E14
(1779322635.043074) can0 4AD#EB00000000000000
(1779322635.044072) can0 76A#7F00000000000000
(1779322635.050062) can0 00000E00#00354C4331343233
(1779322635.123701) can0 0000E005#1702440003B60591
(1779322635.124279) can0 1806E5F4#13B3010003B6023A
(1779322635.125151) can0 0000E000#13B313B3020C0000
(1779322635.126137) can0 0000E004#181803B603B601DF
(1779322635.127106) can0 0000E006#0CCF0CCF0CCF0CCF
(1779322635.128093) can0 0000E007#0CCF0CCF0CCF0CCF
(1779322635.129094) can0 0000E008#0CCF0CCF0CCF0CCF
(1779322635.130100) can0 0000E009#0CCF0CCF0CCF0CD0
(1779322635.131160) can0 0000E010#0000000000000000
(1779322635.132140) can0 0000E011#0000000000000000
(1779322635.133166) can0 0000E012#0CCF000100000000
(1779322635.134101) can0 0000E013#4542323630354C43
(1779322635.135159) can0 0000E014#3134323300000000
(1779322635.136168) can0 0000E015#0000000000000003
(1779322635.137156) can0 0000F000#0000000000000000
(1779322635.138154) can0 0000F001#0000000000000000
(1779322635.139133) can0 18FF28F4#10320000020C0000
(1779322635.140111) can0 18FE28F4#0CD00CCF40400000
(1779322635.141161) can0 18FD28F4#1702FA6F00000000
(1779322635.142048) can0 4D4#000032007D0C0203
(1779322635.143037) can0 4D5#CF0CD00C40400000
(1779322635.144122) can0 18914010#0CD0100CCF010000
(1779322635.145126) can0 18904010#020C020C753001F8
(1779322635.146138) can0 18924010#4001400100000000
(1779322635.147118) can0 18934010#0000005E0000BB2C
(1779322635.148130) can0 18944010#1003000000000000
(1779322635.149191) can0 18954010#0000000000000000
(1779322635.150160) can0 18954010#0100000000000000
(1779322635.151146) can0 18954010#0200000000000000
(1779322635.152141) can0 18954010#0300000000000000
(1779322635.153139) can0 18954010#0400000000000000
(1779322635.154154) can0 18954010#0500000000000000
(1779322635.155138) can0 18964010#0040404000000000
(1779322635.156138) can0 18974010#0000000000000000
(1779322635.157150) can0 18984010#0000000000000000
(1779322635.158117) can0 18FA28F4#123EA12C10270000
(1779322635.159109) can0 18FB28F4#D00CCF0C40400000
(1779322635.160140) can0 18FC28F4#383200000C020000
(1779322635.161121) can0 18F810F3#0C02E80332640100
(1779322635.162116) can0 18F811F3#D00C1001CF0C0101
(1779322635.163126) can0 18F812F3#4001014001010000
(1779322635.164134) can0 18F813F3#0101000000000000
(1779322635.165118) can0 18F814F3#3200EA1AA9015F00
(1779322635.166138) can0 18F815F3#0000000010030000
(1779322635.167037) can0 273#000000000C023200
(1779322635.168029) can0 1E1#020C271001F801F8
(1779322635.169069) can0 1F5#0000000000000000
(1779322635.170152) can0 0800A6A9#0000000000000000
(1779322635.171117) can0 1000A6A9#0C028813324A4A4A
(1779322635.172154) can0 1C00A6A9#0000000000030000
(1779322635.173166) can0 02018100#1003020C00000000
(1779322635.174145) can0 02028100#0000003264000000
(1779322635.175158) can0 02038100#0CD001100CCF0101
(1779322635.176172) can0 02048100#4A01014A01010000
(1779322635.177024) can0 1AD#7E14000059321818
(1779322635.178025) can0 2AD#D00C800C7E140016
(1779322635.179037) can0 3AD#0000000000007E14
(1779322635.180031) can0 4AD#EB00000000000000
(1779322635.181050) can0 76A#7F00000000000000
(1779322635.239724) can0 0000E005#1702440003B60591
(1779322635.240283) can0 1806E5F4#13B3010003B6023A
(1779322635.241119) can0 0000E000#13B313B3020C0000
(1779322635.242131) can0 0000E004#181803B603B601DF
(1779322635.243098) can0 0000E006#0CCF0CCF0CCF0CCF
(1779322635.244092) can0 0000E007#0CCF0CCF0CCF0CCF
(1779322635.245091) can0 0000E008#0CCF0CCF0CCF0CCF
(1779322635.246092) can0 0000E009#0CCF0CCF0CCF0CD0
(1779322635.247137) can0 0000E010#0000000000000000
(1779322635.248138) can0 0000E011#0000000000000000
(1779322635.249118) can0 0000E012#0CCF000100000000
(1779322635.250150) can0 0000F001#0000000000000000
(1779322635.251119) can0 18FF28F4#10320000020C0000
(1779322635.252112) can0 18FE28F4#0CD00CCF40400000
(1779322635.253112) can0 18FD28F4#1702FA6F00000000
(1779322635.254029) can0 4D4#000032007D0C0203
(1779322635.255010) can0 4D5#CF0CD00C40400000
(1779322635.256105) can0 18914010#0CD0100CCF010000
(1779322635.257107) can0 18904010#020C020C753001F8
(1779322635.258119) can0 18FA28F4#123EA12C10270000
(1779322635.259100) can0 18FB28F4#D00CCF0C40400000
(1779322635.260112) can0 18FC28F4#383200000C020000
(1779322635.261100) can0 18F810F3#0C02E80332640100
(1779322635.262132) can0 18F815F3#0000000010030000
(1779322635.263029) can0 273#000000000C023200
(1779322635.264030) can0 1E1#020C271001F801F8
(1779322635.265043) can0 1F5#0000000000000000
(1779322635.266125) can0 0800A6A9#0000000000000000
(1779322635.267087) can0 1000A6A9#0C028813324A4A4A
(1779322635.268115) can0 1C00A6A9#0000000000030000
(1779322635.269133) can0 02018100#1003020C00000000
(1779322635.270133) can0 02028100#0000003264000000
(1779322635.271132) can0 02038100#0CD001100CCF0101
(1779322635.272104) can0 02048100#4A01014A01010000
(1779322635.273012) can0 1AD#7E14000059321818
(1779322635.274024) can0 2AD#D00C800C7E140016
(1779322635.275037) can0 3AD#0000000000007E14
(1779322635.276030) can0 4AD#EB00000000000000
(1779322635.277030) can0 76A#7F00000000000000
(1779322635.339728) can0 0000E005#1702440003B60591
(1779322635.340280) can0 1806E5F4#13B3010003B6023A
(1779322635.341114) can0 0000E000#13B313B3020C0000
(1779322635.342119) can0 0000E004#181803B603B601DF
(1779322635.343099) can0 0000E006#0CCF0CCF0CCF0CCF
(1779322635.344099) can0 0000E007#0CCF0CCF0CCF0CCF
(1779322635.345093) can0 0000E008#0CCF0CCF0CCF0CCF
(1779322635.346093) can0 0000E009#0CCF0CCF0CCF0CD0
(1779322635.347144) can0 0000E010#0000000000000000
(1779322635.348156) can0 0000E011#0000000000000000
(1779322635.349125) can0 0000E012#0CCF000100000000
(1779322635.350137) can0 0000F001#0000000000000000
(1779322635.351118) can0 18FF28F4#10320000020C0000
(1779322635.352099) can0 18FE28F4#0CD00CCF40400000
(1779322635.353112) can0 18FD28F4#1702FA6F00000000
(1779322635.354036) can0 4D4#000032007D0C0203
(1779322635.355016) can0 4D5#CF0CD00C40400000
(1779322635.356125) can0 18914010#0CD0100CCF010000
(1779322635.357104) can0 18904010#020C020C753001F8
(1779322635.358107) can0 18FA28F4#123EA12C10270000
(1779322635.359105) can0 18FB28F4#D00CCF0C40400000
(1779322635.360119) can0 18FC28F4#383200000C020000
(1779322635.361100) can0 18F810F3#0C02E80332640100
(1779322635.362132) can0 18F815F3#0000000010030000
(1779322635.363036) can0 273#000000000C023200
(1779322635.364068) can0 1E1#020C271001F801F8
(1779322635.365043) can0 1F5#0000000000000000
(1779322635.366125) can0 0800A6A9#0000000000000000
(1779322635.367094) can0 1000A6A9#0C028813324A4A4A
(1779322635.368120) can0 1C00A6A9#0000000000030000
(1779322635.369136) can0 02018100#1003020C00000000
(1779322635.370133) can0 02028100#0000003264000000
(1779322635.371113) can0 02038100#0CD001100CCF0101
(1779322635.372146) can0 02048100#4A01014A01010000
(1779322635.373012) can0 1AD#7E14000059321818
(1779322635.374024) can0 2AD#D00C800C7E140016
(1779322635.375037) can0 3AD#0000000000007E14
(1779322635.376036) can0 4AD#EB00000000000000
(1779322635.377030) can0 76A#7F00000000000000
(1779322635.439682) can0 0000E005#1702440003B60591
(1779322635.440289) can0 1806E5F4#13B3010003B6023A
(1779322635.441152) can0 0000E000#13B313B3020C0000
(1779322635.442114) can0 0000E004#181803B603B601DF
(1779322635.443099) can0 0000E006#0CCF0CCF0CCF0CCF
(1779322635.444093) can0 0000E007#0CCF0CCF0CCF0CCF
(1779322635.445094) can0 0000E008#0CCF0CCF0CCF0CCF
(1779322635.446092) can0 0000E009#0CCF0CCF0CCF0CD0
(1779322635.447137) can0 0000E010#0000000000000000
(1779322635.448138) can0 0000E011#0000000000000000
(1779322635.449169) can0 0000E012#0CCF000100000000
(1779322635.450132) can0 0000F001#0000000000000000
(1779322635.451118) can0 18FF28F4#10320000020C0000
(1779322635.452119) can0 18FE28F4#0CD00CCF40400000
(1779322635.453113) can0 18FD28F4#1702FA6F00000000
(1779322635.454026) can0 4D4#000032007D0C0203
(1779322635.455017) can0 4D5#CF0CD00C40400000
(1779322635.456112) can0 18914010#0CD0100CCF020000
(1779322635.457157) can0 18904010#020C020C753001F8
(1779322635.458106) can0 18FA28F4#123EA12C10270000
(1779322635.459107) can0 18FB28F4#D00CCF0C40400000
(1779322635.460119) can0 18FC28F4#383200000C020000
(1779322635.461100) can0 18F810F3#0C02E80332640100
(1779322635.462126) can0 18F815F3#0000000010030000
(1779322635.463036) can0 273#000000000C023200
(1779322635.464017) can0 1E1#020C271001F801F8
(1779322635.465050) can0 1F5#0000000000000000
(1779322635.466124) can0 0800A6A9#0000000000000000
(1779322635.467094) can0 1000A6A9#0C028813324A4A4A
(1779322635.468120) can0 1C00A6A9#0000000000030000
(1779322635.469139) can0 02018100#1003020C00000000
(1779322635.470132) can0 02028100#0000003264000000
(1779322635.471113) can0 02038100#0CD001100CCF0102
(1779322635.472114) can0 02048100#4A01014A01010000
(1779322635.473012) can0 1AD#7E14000059321818
(1779322635.474020) can0 2AD#D00C800C7E140016
(1779322635.475037) can0 3AD#0000000000007E14
(1779322635.476037) can0 4AD#EB00000000000000
(1779322635.477037) can0 76A#7F00000000000000
(1779322635.539735) can0 0000E005#1702440003B60591
(1779322635.540295) can0 1806E5F4#13B3010003B6023A
(1779322635.541119) can0 0000E000#13B313B3020C0000
(1779322635.542118) can0 0000E004#181803B603B601DF
(1779322635.543099) can0 0000E006#0CCF0CCF0CCF0CCF
(1779322635.544099) can0 0000E007#0CCF0CCF0CCF0CCF
(1779322635.545092) can0 0000E008#0CCF0CCF0CCF0CCF
(1779322635.546093) can0 0000E009#0CCF0CCF0CCF0CD0
(1779322635.547133) can0 0000E010#0000000000000000
(1779322635.548137) can0 0000E011#0000000000000000
(1779322635.549119) can0 0000E012#0CCF000100000000
(1779322635.550137) can0 0000F001#0000000000000000
(1779322635.551114) can0 18FF28F4#10320000020C0000
(1779322635.552099) can0 18FE28F4#0CD00CCF40400000
(1779322635.553113) can0 18FD28F4#1702FA6F00000000
(1779322635.554029) can0 4D4#000032007D0C0203
(1779322635.555010) can0 4D5#CF0CD00C40400000
(1779322635.556106) can0 18914010#0CD0100CCF020000
(1779322635.557106) can0 18904010#020C020C753001F8
(1779322635.558106) can0 18FA28F4#123EA12C10270000
(1779322635.559103) can0 18FB28F4#D00CCF0C40400000
(1779322635.560119) can0 18FC28F4#383200000C020000
(1779322635.561100) can0 18F810F3#0C02E80332640100
(1779322635.562131) can0 18F815F3#0000000010030000
(1779322635.563025) can0 273#000000000C023200
(1779322635.564017) can0 1E1#020C271001F801F8
(1779322635.565042) can0 1F5#0000000000000000
(1779322635.566126) can0 0800A6A9#0000000000000000
(1779322635.567088) can0 1000A6A9#0C028813324A4A4A
(1779322635.568120) can0 1C00A6A9#0000000000030000
(1779322635.569139) can0 02018100#1003020C00000000
(1779322635.570132) can0 02028100#0000003264000000
(1779322635.571112) can0 02038100#0CD001100CCF0102
(1779322635.572114) can0 02048100#4A01014A01010000
(1779322635.573012) can0 1AD#7E14000059321818
(1779322635.574025) can0 2AD#D00C800C7E140016
(1779322635.575033) can0 3AD#0000000000007E14
(1779322635.576037) can0 4AD#EB00000000000000
(1779322635.577031) can0 76A#7F00000000000000
(1779322635.656683) can0 0000E005#1702440003B60591
(1779322635.657231) can0 1806E5F4#13B3010003B6023A
(1779322635.658113) can0 0000E000#13B313B3020C0000
(1779322635.659112) can0 0000E004#181803B603B601DF
(1779322635.660093) can0 0000E006#0CCF0CCF0CCF0CCF
(1779322635.661094) can0 0000E007#0CCF0CCF0CCF0CCF
(1779322635.662093) can0 0000E008#0CCF0CCF0CCF0CCF
(1779322635.663075) can0 0000E009#0CCF0CCF0CCF0CCF
(1779322635.664170) can0 0000E010#0000000000000000
(1779322635.665129) can0 0000E011#0000000000000000
(1779322635.666119) can0 0000E012#0CCF000000000000
(1779322635.667081) can0 0000E013#4542323630354C43
(1779322635.668113) can0 0000E014#3134323300000000
(1779322635.669127) can0 0000E015#0000000000000003
(1779322635.670145) can0 0000F000#0000000000000000
(1779322635.671126) can0 0000F001#0000000000000000
(1779322635.672158) can0 18FF28F4#10320000020C0000
(1779322635.673087) can0 18FE28F4#0CCF0CCF40400000
(1779322635.674120) can0 18FD28F4#1702FA6F00000000
(1779322635.675025) can0 4D4#000032007D0C0203
(1779322635.676005) can0 4D5#CF0CCF0C40400000
(1779322635.677099) can0 18914010#0CCF010CCF020000
(1779322635.678095) can0 18904010#020C020C753001F8
(1779322635.679127) can0 18924010#4001400100000000
(1779322635.680146) can0 18934010#0000005F0000BB2C
(1779322635.681127) can0 18944010#1003000000000000
(1779322635.682140) can0 18954010#0000000000000000
(1779322635.683139) can0 18954010#0100000000000000
(1779322635.684133) can0 18954010#0200000000000000
(1779322635.685133) can0 18954010#0300000000000000
(1779322635.686134) can0 18954010#0400000000000000
(1779322635.687114) can0 18954010#0500000000000000
(1779322635.688178) can0 18964010#0040404000000000
(1779322635.689121) can0 18974010#0000000000000000
(1779322635.690121) can0 18984010#0000000000000000
(1779322635.691101) can0 18FA28F4#123EA12C10270000
(1779322635.692083) can0 18FB28F4#CF0CCF0C40400000
(1779322635.693115) can0 18FC28F4#383200000C020000
(1779322635.694096) can0 18F810F3#0C02E80332640100
(1779322635.695089) can0 18F811F3#CF0C0101CF0C0201
(1779322635.696103) can0 18F812F3#4001014001010000
(1779322635.697117) can0 18F813F3#0101000000000000
(1779322635.698096) can0 18F814F3#3200EA1AA9015F00
(1779322635.699127) can0 18F815F3#0000000010030000
(1779322635.700025) can0 273#000000000C023200
(1779322635.701023) can0 1E1#020C271001F801F8
(1779322635.702038) can0 1F5#0000000000000000
(1779322635.703115) can0 0800A6A9#0000000000000000
(1779322635.704083) can0 1000A6A9#0C028813324A4A4A
(1779322635.705115) can0 1C00A6A9#0000000000030000
(1779322635.706128) can0 02018100#1003020C00000000
(1779322635.707128) can0 02028100#0000003264000000
(1779322635.708109) can0 02038100#0CCF01010CCF0102
(1779322635.709103) can0 02048100#4A01014A01010000
(1779322635.710007) can0 1AD#7F14000059321818
(1779322635.711007) can0 2AD#CF0C800C7F140016
(1779322635.712020) can0 3AD#0000000000007F14
(1779322635.713035) can0 4AD#EB00000000000000
(1779322635.714033) can0 76A#7F00000000000000
(1779322635.772707) can0 0000E005#1702440003B60591
(1779322635.773311) can0 1806E5F4#13B3010003B6023A
(1779322635.774096) can0 0000E000#13B313B3020C0000
(1779322635.775114) can0 0000E004#181803B603B601DF
(1779322635.776076) can0 0000E006#0CCF0CCF0CCF0CCF
(1779322635.777095) can0 0000E007#0CCF0CCF0CCF0CCF
(1779322635.778084) can0 0000E008#0CCF0CCF0CCF0CCF
(1779322635.779075) can0 0000E009#0CCF0CCF0CCF0CCF
(1779322635.780133) can0 0000E010#0000000000000000
(1779322635.781133) can0 0000E011#0000000000000000
(1779322635.782114) can0 0000E012#0CCF000000000000
(1779322635.783134) can0 0000F001#0000000000000000
(1779322635.784114) can0 18FF28F4#10320000020C0000
(1779322635.785096) can0 18FE28F4#0CCF0CCF40400000
(1779322635.786108) can0 18FD28F4#1702FA6F00000000
(1779322635.787025) can0 4D4#000032007D0C0203
(1779322635.788005) can0 4D5#CF0CCF0C40400000
(1779322635.789101) can0 18914010#0CCF010CCF020000
(1779322635.790100) can0 18904010#020C020C753001F8
(1779322635.791102) can0 18FA28F4#123EA12C10270000
(1779322635.792083) can0 18FB28F4#CF0CCF0C40400000
(1779322635.793115) can0 18FC28F4#383200000C020000
(1779322635.794093) can0 18F810F3#0C02E80332640100
(1779322635.795128) can0 18F815F3#0000000010030000
(1779322635.796026) can0 273#000000000C023200
(1779322635.797006) can0 1E1#020C271001F801F8
(1779322635.798038) can0 1F5#0000000000000000
(1779322635.799121) can0 0800A6A9#0000000000000000
(1779322635.800083) can0 1000A6A9#0C028813324A4A4A
(1779322635.801115) can0 1C00A6A9#0000000000030000
(1779322635.802140) can0 02018100#1003020C00000000
(1779322635.803109) can0 02028100#0000003264000000
(1779322635.804096) can0 02038100#0CCF01010CCF0102
(1779322635.805109) can0 02048100#4A01014A01010000
(1779322635.806000) can0 1AD#7F14000059321818
(1779322635.807001) can0 2AD#CF0C800C7F140016
(1779322635.808033) can0 3AD#0000000000007F14
(1779322635.809027) can0 4AD#EB00000000000000
(1779322635.810040) can0 76A#7F00000000000000
(1779322635.872655) can0 0000E005#1702440003B60591
(1779322635.873212) can0 1806E5F4#13B3010003B6023A
(1779322635.874101) can0 0000E000#13B313B3020C0000
(1779322635.875107) can0 0000E004#181803B603B601DF
(1779322635.876082) can0 0000E006#0CCF0CCF0CCF0CCF
(1779322635.877075) can0 0000E007#0CCF0CCF0CCF0CCF
(1779322635.878075) can0 0000E008#0CCF0CCF0CCF0CCF
(1779322635.879085) can0 0000E009#0CCF0CCF0CCF0CCF
(1779322635.880139) can0 0000E010#0000000000000000
(1779322635.881121) can0 0000E011#0000000000000000
(1779322635.882120) can0 0000E012#0CCF000000000000
(1779322635.883133) can0 0000F001#0000000000000000
(1779322635.884114) can0 18FF28F4#10320000020C0000
(1779322635.885095) can0 18FE28F4#0CCF0CCF40400000
(1779322635.886115) can0 18FD28F4#1702FA6F00000000
(1779322635.887044) can0 4D4#000032007D0C0203
(1779322635.888012) can0 4D5#CF0CCF0C40400000
(1779322635.889090) can0 18914010#0CCF010CCF020000
(1779322635.890084) can0 18904010#020C020C753001F8
(1779322635.891102) can0 18FA28F4#123EA12C10270000
(1779322635.892090) can0 18FB28F4#CF0CCF0C40400000
(1779322635.893103) can0 18FC28F4#383200000C020000
(1779322635.894102) can0 18F810F3#0C02E80332640100
(1779322635.895147) can0 18F815F3#0000000010030000
(1779322635.896013) can0 273#000000000C023200
(1779322635.897014) can0 1E1#020C271001F801F8
(1779322635.898024) can0 1F5#0000000000000000
(1779322635.899122) can0 0800A6A9#0000000000000000
(1779322635.900070) can0 1000A6A9#0C028813324A4A4A
(1779322635.901103) can0 1C00A6A9#0000000000030000
(1779322635.902115) can0 02018100#1003020C00000000
(1779322635.903148) can0 02028100#0000003264000000
(1779322635.904096) can0 02038100#0CCF01010CCF0102
(1779322635.905110) can0 02048100#4A01014A01010000
(1779322635.905994) can0 1AD#7F14000059321818
(1779322635.906995) can0 2AD#CF0C800C7F140016
(1779322635.908020) can0 3AD#0000000000007F14
(1779322635.909032) can0 4AD#EB00000000000000
(1779322635.910025) can0 76A#7F00000000000000
(1779322635.972667) can0 0000E005#1702440003B60591
(1779322635.973219) can0 1806E5F4#13B3010003B6023A
(1779322635.974108) can0 0000E000#13B313B3020C0000
(1779322635.975102) can0 0000E004#181803B603B601DF
(1779322635.976088) can0 0000E006#0CCF0CCF0CCF0CCF
(1779322635.977089) can0 0000E007#0CCF0CCF0CCF0CCF
(1779322635.978083) can0 0000E008#0CCF0CCF0CCF0CCF
(1779322635.979069) can0 0000E009#0CCF0CCF0CCF0CCF
(1779322635.980166) can0 0000E010#0000000000000000
(1779322635.981127) can0 0000E011#0000000000000000
(1779322635.982114) can0 0000E012#0CCF000000000000
(1779322635.983120) can0 0000F001#0000000000000000
(1779322635.984108) can0 18FF28F4#10320000020C0000
(1779322635.985090) can0 18FE28F4#0CCF0CCF40400000
(1779322635.986109) can0 18FD28F4#1702FA6F00000000
(1779322635.987020) can0 4D4#000032007D0C0203
(1779322635.988051) can0 4D5#CF0CCF0C40400000
(1779322635.989083) can0 18914010#0CCF0A0CCF010000
(1779322635.990096) can0 18904010#020C020C753001F8
(1779322635.991097) can0 18FA28F4#123EA12C10270000
(1779322635.992077) can0 18FB28F4#CF0CCF0C40400000
(1779322635.993109) can0 18FC28F4#383200000C020000
(1779322635.994089) can0 18F810F3#0C02E80332640100
(1779322635.995116) can0 18F815F3#0000000010030000
(1779322635.996026) can0 273#000000000C023200
(1779322635.997020) can0 1E1#020C271001F801F8
(1779322635.998039) can0 1F5#0000000000000000
(1779322635.999113) can0 0800A6A9#0000000000000000
(1779322636.000083) can0 1000A6A9#0C028813324A4A4A
(1779322636.001116) can0 1C00A6A9#0000000000030000
(1779322636.002128) can0 02018100#1003020C00000000
(1779322636.003128) can0 02028100#0000003264000000
(1779322636.004090) can0 02038100#0CCF010A0CCF0101
(1779322636.005103) can0 02048100#4A01014A01010000
(1779322636.006007) can0 1AD#7E14000059321818
(1779322636.007000) can0 2AD#CF0C800C7E140016
(1779322636.008033) can0 3AD#0000000000007E14
(1779322636.009026) can0 4AD#EB00000000000000
(1779322636.010026) can0 76A#7F00000000000000
(1779322636.072705) can0 0000E005#1702440003B60591
(1779322636.073268) can0 1806E5F4#13B3010003B6023A
(1779322636.074101) can0 0000E000#13B313B3020C0000
(1779322636.075101) can0 0000E004#181803B603B601DF
(1779322636.076082) can0 0000E006#0CCF0CCF0CCF0CCF
(1779322636.077083) can0 0000E007#0CCF0CCF0CCF0CCF
(1779322636.078082) can0 0000E008#0CCF0CCF0CCF0CCF
(1779322636.079082) can0 0000E009#0CCF0CCF0CCF0CCF
(1779322636.080120) can0 0000E010#0000000000000000
(1779322636.081128) can0 0000E011#0000000000000000
(1779322636.082108) can0 0000E012#0CCF000000000000
(1779322636.083121) can0 0000F001#0000000000000000
(1779322636.084103) can0 18FF28F4#10320000020C0000
(1779322636.085090) can0 18FE28F4#0CCF0CCF40400000
(1779322636.086102) can0 18FD28F4#1702FA6F00000000
(1779322636.087018) can0 4D4#000032007D0C0203
(1779322636.088000) can0 4D5#CF0CCF0C40400000
(1779322636.089096) can0 18914010#0CCF0A0CCF010000
(1779322636.090096) can0 18904010#020C020C753001F8
(1779322636.091095) can0 18FA28F4#123EA12C10270000
(1779322636.092090) can0 18FB28F4#CF0CCF0C40400000
(1779322636.093110) can0 18FC28F4#383200000C020000
(1779322636.094090) can0 18F810F3#0C02E80332640100
(1779322636.095121) can0 18F815F3#0000000010030000
(1779322636.096018) can0 273#000000000C023200
(1779322636.097020) can0 1E1#020C271001F801F8
(1779322636.098033) can0 1F5#0000000000000000
(1779322636.099116) can0 0800A6A9#0000000000000000
(1779322636.100083) can0 1000A6A9#0C028813324A4A4A
(1779322636.101110) can0 1C00A6A9#0000000000030000
(1779322636.102128) can0 02018100#1003020C00000000
(1779322636.103122) can0 02028100#0000003264000000
(1779322636.104085) can0 02038100#0CCF010A0CCF0101
(1779322636.105103) can0 02048100#4A01014A01010000
(1779322636.105989) can0 1AD#7E14000059321818
(1779322636.107002) can0 2AD#CF0C800C7E140016
(1779322636.108012) can0 3AD#0000000000007E14
(1779322636.109027) can0 4AD#EB00000000000000
(1779322636.110040) can0 76A#7F00000000000000
(1779322636.189719) can0 0000E005#1702440003B60591
(1779322636.190279) can0 1806E5F4#13B3010003B6023A
(1779322636.191097) can0 0000E000#13B313B3020C0000
(1779322636.192108) can0 0000E004#181803B603B601DF
(1779322636.193070) can0 0000E006#0CCF0CCF0CCF0CCF
(1779322636.194067) can0 0000E007#0CCF0CCF0CCF0CCF
(1779322636.195103) can0 0000E008#0CCF0CCF0CCF0CCF
(1779322636.196070) can0 0000E009#0CCF0CCF0CCF0CD0
(1779322636.197134) can0 0000E010#0000000000000000
(1779322636.198108) can0 0000E011#0000000000000000
(1779322636.199109) can0 0000E012#0CCF000100000000
(1779322636.200077) can0 0000E013#4542323630354C43
(1779322636.201091) can0 0000E014#3134323300000000
(1779322636.202122) can0 0000E015#0000000000000003
(1779322636.203155) can0 0000F000#0000000000000000
(1779322636.204122) can0 0000F001#0000000000000000
(1779322636.205103) can0 18FF28F4#10320000020C0000
(1779322636.206082) can0 18FE28F4#0CD00CCF40400000
(1779322636.207097) can0 18FD28F4#1702FA6F00000000
(1779322636.208014) can0 4D4#000032007D0C0203
(1779322636.209001) can0 4D5#CF0CD00C40400000
(1779322636.210086) can0 18914010#0CD0100CCF020000
(1779322636.211123) can0 18904010#020C020C753001F8
(1779322636.212103) can0 18924010#4001400100000000
(1779322636.213091) can0 18934010#000000600000BB2C
(1779322636.214104) can0 18944010#1003000000000000
(1779322636.215135) can0 18954010#0000000000000000
(1779322636.216135) can0 18954010#0100000000000000
(1779322636.217117) can0 18954010#0200000000000000
(1779322636.218106) can0 18954010#0300000000000000
(1779322636.219161) can0 18954010#0400000000000000
(1779322636.220111) can0 18954010#0500000000000000
(1779322636.221111) can0 18964010#0040404000000000
(1779322636.222121) can0 18974010#0000000000000000
(1779322636.223117) can0 18984010#0000000000000000
(1779322636.224085) can0 18FA28F4#123EA12C10270000
(1779322636.225082) can0 18FB28F4#D00CCF0C40400000
(1779322636.226094) can0 18FC28F4#383200000C020000
(1779322636.227093) can0 18F810F3#0C02E80332640100
(1779322636.228086) can0 18F811F3#D00C1001CF0C0201
(1779322636.229105) can0 18F812F3#4001014001010000
(1779322636.230113) can0 18F813F3#0101000000000000
(1779322636.231097) can0 18F814F3#3200EA1AA9015F00
(1779322636.232111) can0 18F815F3#0000000010030000
(1779322636.233009) can0 273#000000000C023200
(1779322636.234005) can0 1E1#020C271001F801F8
(1779322636.235022) can0 1F5#0000000000000000
(1779322636.236111) can0 0800A6A9#0000000000000000
(1779322636.237067) can0 1000A6A9#0C028813324A4A4A
(1779322636.238111) can0 1C00A6A9#0000000000030000
(1779322636.239112) can0 02018100#1003020C00000000
(1779322636.240106) can0 02028100#0000003264000000
(1779322636.241093) can0 02038100#0CD001100CCF0102
(1779322636.242084) can0 02048100#4A01014A01010000
(1779322636.242991) can0 1AD#7E14000059321818
(1779322636.244003) can0 2AD#D00C800C7E140016
(1779322636.245023) can0 3AD#0000000000007E14
(1779322636.246014) can0 4AD#EB00000000000000
(1779322636.247016) can0 76A#7F00000000000000
(1779322636.305650) can0 0000E005#1702440003B60591
(1779322636.306206) can0 1806E5F4#13B3010003B6023A
(1779322636.307091) can0 0000E000#13B313B3020C0000
(1779322636.308103) can0 0000E004#181803B603B601DF
(1779322636.309072) can0 0000E006#0CCF0CCF0CCF0CCF
(1779322636.310072) can0 0000E007#0CCF0CCF0CCF0CCF
(1779322636.311066) can0 0000E008#0CCF0CCF0CCF0CCF
(1779322636.312065) can0 0000E009#0CCF0CCF0CCF0CD0
(1779322636.313129) can0 0000E010#0000000000000000
(1779322636.314110) can0 0000E011#0000000000000000
(1779322636.315108) can0 0000E012#0CCF000100000000
(1779322636.316123) can0 0000F001#0000000000000000
(1779322636.317110) can0 18FF28F4#10320000020C0000
(1779322636.318091) can0 18FE28F4#0CD00CCF40400000
(1779322636.319103) can0 18FD28F4#1702FA6F00000000
(1779322636.320008) can0 4D4#000032007D0C0203
(1779322636.321002) can0 4D5#CF0CD00C40400000
(1779322636.322085) can0 18914010#0CD0100CCF020000
(1779322636.323075) can0 18904010#020C020C753001F8
(1779322636.324097) can0 18FA28F4#123EA12C10270000
(1779322636.325078) can0 18FB28F4#D00CCF0C40400000
(1779322636.326092) can0 18FC28F4#383200000C020000
(1779322636.327090) can0 18F810F3#0C02E80332640100
(1779322636.328124) can0 18F815F3#0000000010030000
(1779322636.329009) can0 273#000000000C023200
(1779322636.330002) can0 1E1#020C271001F801F8
(1779322636.331022) can0 1F5#0000000000000000
(1779322636.332118) can0 0800A6A9#0000000000000000
(1779322636.333079) can0 1000A6A9#0C028813324A4A4A
(1779322636.334092) can0 1C00A6A9#0000000000030000
(1779322636.335106) can0 02018100#1003020C00000000
(1779322636.336105) can0 02028100#0000003264000000
(1779322636.337092) can0 02038100#0CD001100CCF0102
(1779322636.338105) can0 02048100#4A01014A01010000
(1779322636.338982) can0 1AD#7E14000059321818
(1779322636.339997) can0 2AD#D00C800C7E140016
(1779322636.341029) can0 3AD#0000000000007E14
(1779322636.342029) can0 4AD#EB00000000000000
(1779322636.343022) can0 76A#7F00000000000000
(1779322636.405657) can0 0000E005#1702440003B60591
(1779322636.406213) can0 1806E5F4#13B3010003B6023A
(1779322636.407098) can0 0000E000#13B313B3020C0000
(1779322636.408088) can0 0000E004#181803B603B601DF
(1779322636.409078) can0 0000E006#0CCF0CCF0CCF0CCF
(1779322636.410077) can0 0000E007#0CCF0CCF0CCF0CCF
(1779322636.411071) can0 0000E008#0CCF0CCF0CCF0CCF
(1779322636.412069) can0 0000E009#0CCF0CCF0CCF0CD0
(1779322636.413116) can0 0000E010#0000000000000000
(1779322636.414116) can0 0000E011#0000000000000000
(1779322636.415097) can0 0000E012#0CCF000100000000
(1779322636.416116) can0 0000F001#0000000000000000
(1779322636.417098) can0 18FF28F4#10320000020C0000
(1779322636.418110) can0 18FE28F4#0CD00CCF40400000
(1779322636.419091) can0 18FD28F4#1702FA6F00000000
(1779322636.420004) can0 4D4#000032007D0C0203
(1779322636.420996) can0 4D5#CF0CD00C40400000
(1779322636.422091) can0 18914010#0CD0100CCF020000
(1779322636.423086) can0 18904010#020C020C753001F8
(1779322636.424079) can0 18FA28F4#123EA12C10270000
(1779322636.425085) can0 18FB28F4#D00CCF0C40400000
(1779322636.426117) can0 18FC28F4#383200000C020000
(1779322636.427079) can0 18F810F3#0C02E80332640100
(1779322636.428110) can0 18F815F3#0000000010030000
(1779322636.429015) can0 273#000000000C023200
(1779322636.430008) can0 1E1#020C271001F801F8
(1779322636.431027) can0 1F5#0000000000000000
(1779322636.432097) can0 0800A6A9#0000000000000000
(1779322636.433073) can0 1000A6A9#0C028813324A4A4A
(1779322636.434130) can0 1C00A6A9#0000000000030000
(1779322636.435117) can0 02018100#1003020C00000000
(1779322636.436111) can0 02028100#0000003264000000
(1779322636.437093) can0 02038100#0CD001100CCF0102
(1779322636.438092) can0 02048100#4A01014A01010000
(1779322636.438990) can0 1AD#7E14000059321818
(1779322636.440002) can0 2AD#D00C800C7E140016
(1779322636.441016) can0 3AD#0000000000007E14
(1779322636.442048) can0 4AD#EB00000000000000
(1779322636.443009) can0 76A#7F00000000000000
(1779322636.505683) can0 0000E005#1702440003B60591
(1779322636.506240) can0 1806E5F4#13B3010003B6023A
(1779322636.507090) can0 0000E000#13B313B3020C0000
(1779322636.508109) can0 0000E004#181803B603B601DF
(1779322636.509068) can0 0000E006#0CCF0CCF0CCF0CCF
(1779322636.510071) can0 0000E007#0CCF0CCF0CCF0CCF
(1779322636.511103) can0 0000E008#0CCF0CCF0CCF0CCF
(1779322636.512071) can0 0000E009#0CCF0CCF0CCF0CD0
(1779322636.513116) can0 0000E010#0000000000000000
(1779322636.514117) can0 0000E011#0000000000000000
(1779322636.515098) can0 0000E012#0CCF000100000000
(1779322636.516110) can0 0000F001#0000000000000000
(1779322636.517091) can0 18FF28F4#10320000020C0000
(1779322636.518102) can0 18FE28F4#0CD00CCF40400000
(1779322636.519144) can0 18FD28F4#1702FA6F00000000
(1779322636.520002) can0 4D4#000032007D0C0203
(1779322636.520991) can0 4D5#CF0CD00C40400000
(1779322636.522093) can0 18914010#0CD0100CCF010000
(1779322636.523087) can0 18904010#020C020C753001F8
(1779322636.524086) can0 18FA28F4#123EA12C10270000
(1779322636.525079) can0 18FB28F4#D00CCF0C40400000
(1779322636.526098) can0 18FC28F4#383200000C020000
(1779322636.527124) can0 18F810F3#0C02E80332640100
(1779322636.528103) can0 18F815F3#0000000010030000
(1779322636.529009) can0 273#000000000C023200
(1779322636.530011) can0 1E1#020C271001F801F8
(1779322636.531024) can0 1F5#0000000000000000
(1779322636.532102) can0 0800A6A9#0000000000000000
(1779322636.533067) can0 1000A6A9#0C028813324A4A4A
(1779322636.534099) can0 1C00A6A9#0000000000030000
(1779322636.535111) can0 02018100#1003020C00000000
(1779322636.536111) can0 02028100#0000003264000000
(1779322636.537092) can0 02038100#0CD001100CCF0101
(1779322636.538092) can0 02048100#4A01014A01010000
(1779322636.538990) can0 1AD#7E14000059321818
(1779322636.539997) can0 2AD#D00C800C7E140016
(1779322636.541016) can0 3AD#0000000000007E14
(1779322636.542016) can0 4AD#EB00000000000000
(1779322636.543009) can0 76A#7F00000000000000
(1779322636.605638) can0 0000E005#1702440003B60591
(1779322636.606202) can0 1806E5F4#13B3010003B6023A
(1779322636.607084) can0 0000E000#13B313B3020C0000
(1779322636.608103) can0 0000E004#181803B603B601DF
(1779322636.609065) can0 0000E006#0CCF0CCF0CCF0CCF
(1779322636.610065) can0 0000E007#0CCF0CCF0CCF0CCF
(1779322636.611065) can0 0000E008#0CCF0CCF0CCF0CCF
(1779322636.612059) can0 0000E009#0CCF0CCF0CCF0CD0
(1779322636.613109) can0 0000E010#0000000000000000
(1779322636.614105) can0 0000E011#0000000000000000
(1779322636.615104) can0 0000E012#0CCF000100000000
(1779322636.616116) can0 0000F001#0000000000000000
(1779322636.617098) can0 18FF28F4#10320000020C0000
(1779322636.618085) can0 18FE28F4#0CD00CCF40400000
(1779322636.619097) can0 18FD28F4#1702FA6F00000000
(1779322636.620002) can0 4D4#000032007D0C0203
(1779322636.620996) can0 4D5#CF0CD00C40400000
(1779322636.622091) can0 18914010#0CD0100CCF010000
(1779322636.623080) can0 18904010#020C020C753001F8
(1779322636.624093) can0 18FA28F4#123EA12C10270000
(1779322636.625071) can0 18FB28F4#D00CCF0C40400000
(1779322636.626086) can0 18FC28F4#383200000C020000
(1779322636.627066) can0 18F810F3#0C02E80332640100
(1779322636.628099) can0 18F815F3#0000000010030000
(1779322636.629001) can0 273#000000000C023200
(1779322636.630003) can0 1E1#020C271001F801F8
(1779322636.631015) can0 1F5#0000000000000000
(1779322636.632111) can0 0800A6A9#0000000000000000
(1779322636.633073) can0 1000A6A9#0C028813324A4A4A
(1779322636.634092) can0 1C00A6A9#0000000000030000
(1779322636.635104) can0 02018100#1003020C00000000
(1779322636.636105) can0 02028100#0000003264000000
(1779322636.637079) can0 02038100#0CD001100CCF0101
(1779322636.638079) can0 02048100#4A01014A01010000
(1779322636.638983) can0 1AD#7E14000059321818
(1779322636.639996) can0 2AD#D00C800C7E140016
(1779322636.641016) can0 3AD#0000000000007E14
(1779322636.642004) can0 4AD#EB00000000000000
(1779322636.643016) can0 76A#7F00000000000000
(1779322636.722658) can0 0000E005#1702440003B60591
(1779322636.723214) can0 1806E5F4#13B3010003B6023A
(1779322636.724078) can0 0000E000#13B313B3020C0000
(1779322636.725097) can0 0000E004#181803B603B601DF
(1779322636.726094) can0 0000E006#0CCF0CCF0CCF0CCF
(1779322636.727057) can0 0000E007#0CCF0CCF0CCF0CCF
(1779322636.728060) can0 0000E008#0CCF0CCF0CCF0CCF
(1779322636.729060) can0 0000E009#0CCF0CCF0CCF0CCF
(1779322636.730117) can0 0000E010#0000000000000000
(1779322636.731098) can0 0000E011#0000000000000000
(1779322636.732099) can0 0000E012#0CCF000000000000
(1779322636.733066) can0 0000E013#4542323630354C43
(1779322636.734111) can0 0000E014#3134323300000000
(1779322636.735112) can0 0000E015#0000000000000003
(1779322636.736111) can0 0000F000#0000000000000000
(1779322636.737112) can0 0000F001#0000000000000000
(1779322636.738093) can0 18FF28F4#10320000020C0000
(1779322636.739071) can0 18FE28F4#0CCF0CCF40400000
(1779322636.740086) can0 18FD28F4#1702FA6F00000000
(1779322636.741003) can0 4D4#000032007D0C0203
(1779322636.742022) can0 4D5#CF0CCF0C40400000
(1779322636.743082) can0 18914010#0CCF080CCF010000
(1779322636.744080) can0 18904010#020C020C753001F8
(1779322636.745099) can0 18924010#4001400100000000
(1779322636.746081) can0 18934010#000000610000BB2C
(1779322636.747093) can0 18944010#1003000000000000
(1779322636.748125) can0 18954010#0000000000000000
(1779322636.749106) can0 18954010#0100000000000000
(1779322636.750150) can0 18954010#0200000000000000
(1779322636.751101) can0 18954010#0300000000000000
(1779322636.752100) can0 18954010#0400000000000000
(1779322636.753100) can0 18954010#0500000000000000
(1779322636.754100) can0 18964010#0040404000000000
(1779322636.755110) can0 18974010#0000000000000000
(1779322636.756106) can0 18984010#0000000000000000
(1779322636.757075) can0 18FA28F4#123EA12C10270000
(1779322636.758119) can0 18FB28F4#CF0CCF0C40400000
(1779322636.759081) can0 18FC28F4#383200000C020000
(1779322636.760080) can0 18F810F3#0C02E80332640100
(1779322636.761081) can0 18F811F3#CF0C0801CF0C0101
(1779322636.762094) can0 18F812F3#4001014001010000
(1779322636.763101) can0 18F813F3#0101000000000000
(1779322636.764088) can0 18F814F3#3200EA1AA9015F00
(1779322636.765101) can0 18F815F3#0000000010030000
(1779322636.765998) can0 273#000000000C023200
(1779322636.766994) can0 1E1#020C271001F801F8
(1779322636.768024) can0 1F5#0000000000000000
(1779322636.769101) can0 0800A6A9#0000000000000000
(1779322636.770069) can0 1000A6A9#0C028813324A4A4A
(1779322636.771100) can0 1C00A6A9#0000000000030000
(1779322636.772101) can0 02018100#1003020C00000000
(1779322636.773094) can0 02028100#0000003264000000
(1779322636.774082) can0 02038100#0CCF01080CCF0101
(1779322636.775088) can0 02048100#4A01014A01010000
(1779322636.775980) can0 1AD#7E14000059321818
(1779322636.776980) can0 2AD#CF0C800C7E140016
(1779322636.778005) can0 3AD#0000000000007E14
(1779322636.779003) can0 4AD#EB00000000000000
(1779322636.780005) can0 76A#7F00000000000000
(1779322636.838651) can0 0000E005#1702440003B60591
(1779322636.839204) can0 1806E5F4#13B3010003B6023A
(1779322636.840088) can0 0000E000#13B313B3020C0000
(1779322636.841088) can0 0000E004#181803B603B601DF
(1779322636.842069) can0 0000E006#0CCF0CCF0CCF0CCF
(1779322636.843069) can0 0000E007#0CCF0CCF0CCF0CCF
(1779322636.844066) can0 0000E008#0CCF0CCF0CCF0CCF
(1779322636.845069) can0 0000E009#0CCF0CCF0CCF0CCF
(1779322636.846113) can0 0000E010#0000000000000000
(1779322636.847113) can0 0000E011#0000000000000000
(1779322636.848087) can0 0000E012#0CCF000000000000
(1779322636.849108) can0 0000F001#0000000000000000
(1779322636.850094) can0 18FF28F4#10320000020C0000
(1779322636.851075) can0 18FE28F4#0CCF0CCF40400000
(1779322636.852088) can0 18FD28F4#1702FA6F00000000
(1779322636.853005) can0 4D4#000032007D0C0203
(1779322636.853986) can0 4D5#CF0CCF0C40400000
(1779322636.855082) can0 18914010#0CCF080CCF010000
(1779322636.856075) can0 18904010#020C020C753001F8
(1779322636.857082) can0 18FA28F4#123EA12C10270000
(1779322636.858063) can0 18FB28F4#CF0CCF0C40400000
(1779322636.859096) can0 18FC28F4#383200000C020000
(1779322636.860074) can0 18F810F3#0C02E80332640100
(1779322636.861109) can0 18F815F3#0000000010030000
(1779322636.862005) can0 273#000000000C023200
(1779322636.862993) can0 1E1#020C271001F801F8
(1779322636.864019) can0 1F5#0000000000000000
(1779322636.865102) can0 0800A6A9#0000000000000000
(1779322636.866064) can0 1000A6A9#0C028813324A4A4A
(1779322636.867096) can0 1C00A6A9#0000000000030000
(1779322636.868105) can0 02018100#1003020C00000000
(1779322636.869096) can0 02028100#0000003264000000
(1779322636.870077) can0 02038100#0CCF01080CCF0101
(1779322636.871090) can0 02048100#4A01014A01010000
(1779322636.871988) can0 1AD#7E14000059321818
(1779322636.872989) can0 2AD#CF0C800C7E140016
(1779322636.874020) can0 3AD#0000000000007E14
(1779322636.875014) can0 4AD#EB00000000000000
(1779322636.876013) can0 76A#7F00000000000000
(1779322636.938692) can0 0000E005#1702440003B60591
(1779322636.939248) can0 1806E5F4#13B3010003B6023A
(1779322636.940088) can0 0000E000#13B313B3020C0000
(1779322636.941096) can0 0000E004#181803B603B601DF
(1779322636.942069) can0 0000E006#0CCF0CCF0CCF0CCF
(1779322636.943069) can0 0000E007#0CCF0CCF0CCF0CCF
(1779322636.944062) can0 0000E008#0CCF0CCF0CCF0CCF
(1779322636.945058) can0 0000E009#0CCF0CCF0CCF0CCF
(1779322636.946108) can0 0000E010#0000000000000000
(1779322636.947107) can0 0000E011#0000000000000000
(1779322636.948088) can0 0000E012#0CCF000000000000
(1779322636.949121) can0 0000F001#0000000000000000
(1779322636.950088) can0 18FF28F4#10320000020C0000
(1779322636.951069) can0 18FE28F4#0CCF0CCF40400000
(1779322636.952082) can0 18FD28F4#1702FA6F00000000
(1779322636.952997) can0 4D4#000032007D0C0203
(1779322636.953980) can0 4D5#CF0CCF0C40400000
(1779322636.955076) can0 18914010#0CCF080CCF010000
(1779322636.956076) can0 18904010#020C020C753001F8
(1779322636.957103) can0 18FA28F4#123EA12C10270000
(1779322636.958076) can0 18FB28F4#CF0CCF0C40400000
(1779322636.959089) can0 18FC28F4#383200000C020000
(1779322636.960070) can0 18F810F3#0C02E80332640100
(1779322636.961102) can0 18F815F3#0000000010030000
(1779322636.962000) can0 273#000000000C023200
(1779322636.963000) can0 1E1#020C271001F801F8
(1779322636.964012) can0 1F5#0000000000000000
(1779322636.965119) can0 0800A6A9#0000000000000000
(1779322636.966057) can0 1000A6A9#0C028813324A4A4A
(1779322636.967089) can0 1C00A6A9#0000000000030000
(1779322636.968102) can0 02018100#1003020C00000000
(1779322636.969098) can0 02028100#0000003264000000
(1779322636.970083) can0 02038100#0CCF01080CCF0101
(1779322636.971083) can0 02048100#4A01014A01010000
(1779322636.971981) can0 1AD#7E14000059321818
(1779322636.973026) can0 2AD#CF0C800C7E140016
(1779322636.974007) can0 3AD#0000000000007E14
(1779322636.975006) can0 4AD#EB00000000000000
(1779322636.976001) can0 76A#7F00000000000000
(1779322637.038655) can0 0000E005#1702440003B60591
(1779322637.039216) can0 1806E5F4#13B3010003B6023A
(1779322637.040082) can0 0000E000#13B313B3020C0000
(1779322637.041082) can0 0000E004#181803B603B601DF
(1779322637.042092) can0 0000E006#0CCF0CCF0CCF0CCF
(1779322637.043063) can0 0000E007#0CCF0CCF0CCF0CCF
(1779322637.044063) can0 0000E008#0CCF0CCF0CCF0CCF
(1779322637.045057) can0 0000E009#0CCF0CCF0CCF0CD0
(1779322637.046107) can0 0000E010#0000000000000000
(1779322637.047107) can0 0000E011#0000000000000000
(1779322637.048088) can0 0000E012#0CCF000100000000
(1779322637.049101) can0 0000F001#0000000000000000
(1779322637.050126) can0 18FF28F4#10320000020C0000
(1779322637.051083) can0 18FE28F4#0CD00CCF40400000
(1779322637.052082) can0 18FD28F4#1702FA6F00000000
(1779322637.053000) can0 4D4#000032007D0C0203
(1779322637.053974) can0 4D5#CF0CD00C40400000
(1779322637.055076) can0 18914010#0CD0100CCF010000
(1779322637.056076) can0 18904010#020C020C753001F8
(1779322637.057090) can0 18FA28F4#123EA12C10270000
(1779322637.058120) can0 18FB28F4#D00CCF0C40400000
(1779322637.059083) can0 18FC28F4#383200000C020000
(1779322637.060071) can0 18F810F3#0C02E80332640100
(1779322637.061096) can0 18F815F3#0000000010030000
(1779322637.061996) can0 273#000000000C023200
(1779322637.063000) can0 1E1#020C271001F801F8
(1779322637.064012) can0 1F5#0000000000000000
(1779322637.065090) can0 0800A6A9#0000000000000000
(1779322637.066056) can0 1000A6A9#0C028813324A4A4A
(1779322637.067089) can0 1C00A6A9#0000000000030000
(1779322637.068102) can0 02018100#1003020C00000000
(1779322637.069103) can0 02028100#0000003264000000
(1779322637.070083) can0 02038100#0CD001100CCF0101
(1779322637.071076) can0 02048100#4A01014A01010000
(1779322637.071981) can0 1AD#7F14000059321818
(1779322637.072995) can0 2AD#D00C800C7F140016
(1779322637.074005) can0 3AD#0000000000007F14
(1779322637.075001) can0 4AD#EB00000000000000
(1779322637.076001) can0 76A#7F00000000000000
(1779322637.138652) can0 0000E005#1702440003B60591
(1779322637.139204) can0 1806E5F4#13B3010003B6023A
(1779322637.140088) can0 0000E000#13B313B3020C0000
(1779322637.141087) can0 0000E004#181803B603B601DF
(1779322637.142069) can0 0000E006#0CCF0CCF0CCF0CCF
(1779322637.143063) can0 0000E007#0CCF0CCF0CCF0CCF
(1779322637.144062) can0 0000E008#0CCF0CCF0CCF0CCF
(1779322637.145064) can0 0000E009#0CCF0CCF0CCF0CD0
(1779322637.146108) can0 0000E010#0000000000000000
(1779322637.147100) can0 0000E011#0000000000000000
(1779322637.148088) can0 0000E012#0CCF000100000000
(1779322637.149102) can0 0000F001#0000000000000000
(1779322637.150089) can0 18FF28F4#10320000020C0000
(1779322637.151069) can0 18FE28F4#0CD00CCF40400000
(1779322637.152083) can0 18FD28F4#1702FA6F00000000
(1779322637.153000) can0 4D4#000032007D0C0203
(1779322637.153980) can0 4D5#CF0CD00C40400000
(1779322637.155076) can0 18914010#0CD0100CCF010000
(1779322637.156076) can0 18904010#020C020C753001F8
(1779322637.157076) can0 18FA28F4#123EA12C10270000
(1779322637.158071) can0 18FB28F4#D00CCF0C40400000
(1779322637.159089) can0 18FC28F4#383200000C020000
(1779322637.160070) can0 18F810F3#0C02E80332640100
(1779322637.161102) can0 18F815F3#0000000010030000
(1779322637.161995) can0 273#000000000C023200
(1779322637.163000) can0 1E1#020C271001F801F8
(1779322637.164013) can0 1F5#0000000000000000
(1779322637.165096) can0 0800A6A9#0000000000000000
(1779322637.166058) can0 1000A6A9#0C028813324A4A4A
(1779322637.167090) can0 1C00A6A9#0000000000030000
(1779322637.168103) can0 02018100#1003020C00000000
(1779322637.169102) can0 02028100#0000003264000000
(1779322637.170080) can0 02038100#0CD001100CCF0101
(1779322637.171083) can0 02048100#4A01014A01010000
(1779322637.171981) can0 1AD#7F14000059321818
(1779322637.172995) can0 2AD#D00C800C7F140016
(1779322637.174001) can0 3AD#0000000000007F14
(1779322637.175006) can0 4AD#EB00000000000000
(1779322637.176001) can0 76A#7F00000000000000
(1779322637.255647) can0 0000E005#1702440003B60591
(1779322637.256202) can0 1806E5F4#13B3010003B6023A
(1779322637.257103) can0 0000E000#13B313B3020C0000
(1779322637.258083) can0 0000E004#181803B603B601DF
(1779322637.259063) can0 0000E006#0CCF0CCF0CCF0CCF
(1779322637.260055) can0 0000E007#0CCF0CCF0CCF0CCF
(1779322637.261070) can0 0000E008#0CCF0CCF0CCF0CCF
(1779322637.262058) can0 0000E009#0CCF0CCF0CCF0CD0
(1779322637.263113) can0 0000E010#0000000000000000
(1779322637.264106) can0 0000E011#0000000000000000
(1779322637.265127) can0 0000E012#0CCF000100000000
(1779322637.266055) can0 0000E013#4542323630354C43
(1779322637.267088) can0 0000E014#3134323300000000
(1779322637.268101) can0 0000E015#0000000000000003
(1779322637.269121) can0 0000F000#0000000000000000
(1779322637.270101) can0 0000F001#0000000000000000
(1779322637.271101) can0 18FF28F4#10320000020C0000
(1779322637.272076) can0 18FE28F4#0CD00CCF40400000
(1779322637.273114) can0 18FD28F4#1702FA6F00000000
(1779322637.273999) can0 4D4#000032007D0C0203
(1779322637.274993) can0 4D5#CF0CD00C40400000
(1779322637.276074) can0 18914010#0CD0100CCF020000
(1779322637.277069) can0 18904010#020C020C753001F8
(1779322637.278088) can0 18924010#4001400100000000
(1779322637.279088) can0 18934010#000000620000BB2C
(1779322637.280101) can0 18944010#1003000000000000
(1779322637.281147) can0 18954010#0000000000000000
(1779322637.282115) can0 18954010#0100000000000000
(1779322637.283095) can0 18954010#0200000000000000
(1779322637.284091) can0 18954010#0300000000000000
(1779322637.285109) can0 18954010#0400000000000000
(1779322637.286089) can0 18954010#0500000000000000
(1779322637.287090) can0 18964010#0040404000000000
(1779322637.288099) can0 18974010#0000000000000000
(1779322637.289147) can0 18984010#0000000000000000
(1779322637.290083) can0 18FA28F4#123EA12C10270000
(1779322637.291077) can0 18FB28F4#D00CCF0C40400000
(1779322637.292089) can0 18FC28F4#383200000C020000
(1779322637.293070) can0 18F810F3#0C02E80332640100
(1779322637.294071) can0 18F811F3#D00C1001CF0C0201
(1779322637.295083) can0 18F812F3#4001014001010000
(1779322637.296092) can0 18F813F3#0101000000000000
(1779322637.297077) can0 18F814F3#3200EA1AA9015F00
(1779322637.298102) can0 18F815F3#0000000010030000
(1779322637.299006) can0 273#000000000C023200
(1779322637.299984) can0 1E1#020C271001F801F8
(1779322637.301013) can0 1F5#0000000000000000
(1779322637.302097) can0 0800A6A9#0000000000000000
(1779322637.303065) can0 1000A6A9#0C028813324A4A4A
(1779322637.304090) can0 1C00A6A9#0000000000030000
(1779322637.305110) can0 02018100#1003020C00000000
(1779322637.306104) can0 02028100#0000003264000000
(1779322637.307090) can0 02038100#0CD001100CCF0102
(1779322637.308085) can0 02048100#4A01014A01010000
(1779322637.308976) can0 1AD#7F14000059321818
(1779322637.309988) can0 2AD#D00C800C7F140016
(1779322637.311001) can0 3AD#0000000000007F14
(1779322637.311995) can0 4AD#EB00000000000000
(1779322637.313015) can0 76A#7F00000000000000
(1779322637.371698) can0 0000E005#1702440003B60591
(1779322637.372256) can0 1806E5F4#13B3010003B6023A
(1779322637.373075) can0 0000E000#13B313B3020C0000
(1779322637.374088) can0 0000E004#181803B603B601DF
(1779322637.375056) can0 0000E006#0CCF0CCF0CCF0CCF
(1779322637.376055) can0 0000E007#0CCF0CCF0CCF0CCF
(1779322637.377067) can0 0000E008#0CCF0CCF0CCF0CCF
(1779322637.378049) can0 0000E009#0CCF0CCF0CCF0CD0
(1779322637.379113) can0 0000E010#0000000000000000
(1779322637.380113) can0 0000E011#0000000000000000
(1779322637.381094) can0 0000E012#0CCF000100000000
(1779322637.382107) can0 0000F001#0000000000000000
(1779322637.383095) can0 18FF28F4#10320000020C0000
(1779322637.384076) can0 18FE28F4#0CD00CCF40400000
(1779322637.385090) can0 18FD28F4#1702FA6F00000000
(1779322637.385993) can0 4D4#000032007D0C0203
(1779322637.386987) can0 4D5#CF0CD00C40400000
(1779322637.388069) can0 18914010#0CD0100CCF020000
(1779322637.389060) can0 18904010#020C020C753001F8
(1779322637.390083) can0 18FA28F4#123EA12C10270000
(1779322637.391063) can0 18FB28F4#D00CCF0C40400000
(1779322637.392076) can0 18FC28F4#383200000C020000
(1779322637.393075) can0 18F810F3#0C02E80332640100
(1779322637.394088) can0 18F815F3#0000000010030000
(1779322637.394993) can0 273#000000000C023200
(1779322637.395993) can0 1E1#020C271001F801F8
(1779322637.397007) can0 1F5#0000000000000000
(1779322637.398102) can0 0800A6A9#0000000000000000
(1779322637.399051) can0 1000A6A9#0C028813324A4A4A
(1779322637.400082) can0 1C00A6A9#0000000000030000
(1779322637.401091) can0 02018100#1003020C00000000
(1779322637.402096) can0 02028100#0000003264000000
(1779322637.403090) can0 02038100#0CD001100CCF0102
(1779322637.404090) can0 02048100#4A01014A01010000
(1779322637.404966) can0 1AD#7F14000059321818
(1779322637.405987) can0 2AD#D00C800C7F140016
(1779322637.407000) can0 3AD#0000000000007F14
(1779322637.407994) can0 4AD#EB00000000000000
(1779322637.408994) can0 76A#7F00000000000000
(1779322637.471679) can0 0000E005#1702440003B60591
(1779322637.472237) can0 1806E5F4#13B3010003B6023A
(1779322637.473069) can0 0000E000#13B313B3020C0000
(1779322637.474082) can0 0000E004#181803B603B601DF
(1779322637.475050) can0 0000E006#0CCF0CCF0CCF0CCF
(1779322637.476050) can0 0000E007#0CCF0CCF0CCF0CCF
(1779322637.477063) can0 0000E008#0CCF0CCF0CCF0CCF
(1779322637.478044) can0 0000E009#0CCF0CCF0CCF0CD0
(1779322637.479108) can0 0000E010#0000000000000000
(1779322637.480121) can0 0000E011#0000000000000000
(1779322637.481090) can0 0000E012#0CCF000100000000
(1779322637.482101) can0 0000F001#0000000000000000
(1779322637.483082) can0 18FF28F4#10320000020C0000
(1779322637.484070) can0 18FE28F4#0CD00CCF40400000
(1779322637.485084) can0 18FD28F4#1702FA6F00000000
(1779322637.485997) can0 4D4#000032007D0C0203
(1779322637.486981) can0 4D5#CF0CD00C40400000
(1779322637.488095) can0 18914010#0CD0100CCF020000
(1779322637.489077) can0 18904010#020C020C753001F8
(1779322637.490073) can0 18FA28F4#123EA12C10270000
(1779322637.491070) can0 18FB28F4#D00CCF0C40400000
(1779322637.492084) can0 18FC28F4#383200000C020000
(1779322637.493071) can0 18F810F3#0C02E80332640100
(1779322637.494096) can0 18F815F3#0000000010030000
(1779322637.495000) can0 273#000000000C023200
(1779322637.496014) can0 1E1#020C271001F801F8
(1779322637.497014) can0 1F5#0000000000000000
(1779322637.498090) can0 0800A6A9#0000000000000000
(1779322637.499058) can0 1000A6A9#0C028813324A4A4A
(1779322637.500089) can0 1C00A6A9#0000000000030000
(1779322637.501091) can0 02018100#1003020C00000000
(1779322637.502084) can0 02028100#0000003264000000
(1779322637.503084) can0 02038100#0CD001100CCF0102
(1779322637.504115) can0 02048100#4A01014A01010000
(1779322637.504983) can0 1AD#7F14000059321818
(1779322637.505975) can0 2AD#D00C800C7F140016
(1779322637.506988) can0 3AD#0000000000007F14
(1779322637.508002) can0 4AD#EB00000000000000
(1779322637.509002) can0 76A#7F00000000000000
(1779322637.571645) can0 0000E005#1702440003B60591
(1779322637.572197) can0 1806E5F4#13B3010003B6023A
(1779322637.573101) can0 0000E000#13B313B3020C0000
(1779322637.574082) can0 0000E004#181803B603B601DF
(1779322637.575061) can0 0000E006#0CCF0CCF0CCF0CCF
(1779322637.576062) can0 0000E007#0CCF0CCF0CCF0CCF
(1779322637.577064) can0 0000E008#0CCF0CCF0CCF0CCF
(1779322637.578044) can0 0000E009#0CCF0CCF0CCF0CCF
(1779322637.579107) can0 0000E010#0000000000000000
(1779322637.580101) can0 0000E011#0000000000000000
(1779322637.581120) can0 0000E012#0CCF000000000000
(1779322637.582101) can0 0000F001#0000000000000000
(1779322637.583080) can0 18FF28F4#10320000020C0000
(1779322637.584063) can0 18FE28F4#0CCF0CCF40400000
(1779322637.585082) can0 18FD28F4#1702FA6F00000000
(1779322637.586000) can0 4D4#000032007D0C0203
(1779322637.586980) can0 4D5#CF0CCF0C40400000
(1779322637.588056) can0 18914010#0CCF080CCF010000
(1779322637.589108) can0 18904010#020C020C753001F8
(1779322637.590077) can0 18FA28F4#123EA12C10270000
(1779322637.591056) can0 18FB28F4#CF0CCF0C40400000
(1779322637.592088) can0 18FC28F4#383200000C020000
(1779322637.593070) can0 18F810F3#0C02E80332640100
(1779322637.594102) can0 18F815F3#0000000010030000
(1779322637.594981) can0 273#000000000C023200
(1779322637.595981) can0 1E1#020C271001F801F8
(1779322637.597063) can0 1F5#0000000000000000
(1779322637.598095) can0 0800A6A9#0000000000000000
(1779322637.599055) can0 1000A6A9#0C028813324A4A4A
(1779322637.600089) can0 1C00A6A9#0000000000030000
(1779322637.601090) can0 02018100#1003020C00000000
(1779322637.602084) can0 02028100#0000003264000000
(1779322637.603070) can0 02038100#0CCF01080CCF0101
(1779322637.604082) can0 02048100#4A01014A01010000
(1779322637.604963) can0 1AD#7E14000059321818
(1779322637.605974) can0 2AD#CF0C800C7E140016
(1779322637.606989) can0 3AD#0000000000007E14
(1779322637.608008) can0 4AD#EB00000000000000
(1779322637.609001) can0 76A#7F00000000000000
(1779322637.671685) can0 0000E005#1702440003B60591
(1779322637.672239) can0 1806E5F4#13B3010003B6023A
(1779322637.673081) can0 0000E000#13B313B3020C0000
(1779322637.674075) can0 0000E004#181803B603B601DF
(1779322637.675062) can0 0000E006#0CCF0CCF0CCF0CCF
(1779322637.676062) can0 0000E007#0CCF0CCF0CCF0CCF
(1779322637.677057) can0 0000E008#0CCF0CCF0CCF0CCF
(1779322637.678037) can0 0000E009#0CCF0CCF0CCF0CCF
(1779322637.679102) can0 0000E010#0000000000000000
(1779322637.680100) can0 0000E011#0000000000000000
(1779322637.681083) can0 0000E012#0CCF000000000000
(1779322637.682102) can0 0000F001#0000000000000000
(1779322637.683082) can0 18FF28F4#10320000020C0000
(1779322637.684060) can0 18FE28F4#0CCF0CCF40400000
(1779322637.685076) can0 18FD28F4#1702FA6F00000000
(1779322637.685993) can0 4D4#000032007D0C0203
(1779322637.686981) can0 4D5#CF0CCF0C40400000
(1779322637.688075) can0 18914010#0CCF080CCF010000
(1779322637.689071) can0 18904010#020C020C753001F8
(1779322637.690070) can0 18FA28F4#123EA12C10270000
(1779322637.691050) can0 18FB28F4#CF0CCF0C40400000
(1779322637.692076) can0 18FC28F4#383200000C020000
(1779322637.693064) can0 18F810F3#0C02E80332640100
(1779322637.694096) can0 18F815F3#0000000010030000
(1779322637.695000) can0 273#000000000C023200
(1779322637.695980) can0 1E1#020C271001F801F8
(1779322637.697013) can0 1F5#0000000000000000
(1779322637.698089) can0 0800A6A9#0000000000000000
(1779322637.699058) can0 1000A6A9#0C028813324A4A4A
(1779322637.700089) can0 1C00A6A9#0000000000030000
(1779322637.701103) can0 02018100#1003020C00000000
(1779322637.702083) can0 02028100#0000003264000000
(1779322637.703084) can0 02038100#0CCF01080CCF0101
(1779322637.704072) can0 02048100#4A01014A01010000
(1779322637.704982) can0 1AD#7E14000059321818
(1779322637.705975) can0 2AD#CF0C800C7E140016
(1779322637.707007) can0 3AD#0000000000007E14
(1779322637.708000) can0 4AD#EB00000000000000
(1779322637.709001) can0 76A#7F00000000000000
(1779322637.788631) can0 0000E005#1702440003B60591
(1779322637.789187) can0 1806E5F4#13B3010003B6023A
(1779322637.790070) can0 0000E000#13B313B3020C0000
(1779322637.791089) can0 0000E004#181803B603B601DF
(1779322637.792051) can0 0000E006#0CCF0CCF0CCF0CCF
(1779322637.793051) can0 0000E007#0CCF0CCF0CCF0CCF
(1779322637.794047) can0 0000E008#0CCF0CCF0CCF0CCF
(1779322637.795044) can0 0000E009#0CCF0CCF0CCF0CD0
(1779322637.796127) can0 0000E010#0000000000000000
(1779322637.797096) can0 0000E011#0000000000000000
(1779322637.798085) can0 0000E012#0CCF000100000000
(1779322637.799044) can0 0000E013#4542323630354C43
(1779322637.800070) can0 0000E014#3134323300000000
(1779322637.801091) can0 0000E015#0000000000000003
(1779322637.802102) can0 0000F000#0000000000000000
(1779322637.803102) can0 0000F001#0000000000000000
(1779322637.804119) can0 18FF28F4#10320000020C0000
(1779322637.805068) can0 18FE28F4#0CD00CCF40400000
(1779322637.806092) can0 18FD28F4#1702FA6F00000000
(1779322637.806990) can0 4D4#000032007D0C0203
(1779322637.807989) can0 4D5#CF0CD00C40400000
(1779322637.809079) can0 18914010#0CD0100CCF010000
(1779322637.810068) can0 18904010#020C020C753001F8
(1779322637.811101) can0 18924010#4001400100000000
(1779322637.812110) can0 18934010#000000630000BB2C
(1779322637.813094) can0 18944010#1003000000000000
(1779322637.814122) can0 18954010#0000000000000000
(1779322637.815102) can0 18954010#0100000000000000
(1779322637.816107) can0 18954010#0200000000000000
(1779322637.817102) can0 18954010#0300000000000000
(1779322637.818107) can0 18954010#0400000000000000
(1779322637.819089) can0 18954010#0500000000000000
(1779322637.820150) can0 18964010#0040404000000000
(1779322637.821098) can0 18974010#0000000000000000
(1779322637.822097) can0 18984010#0000000000000000
(1779322637.823074) can0 18FA28F4#123EA12C10270000
(1779322637.824073) can0 18FB28F4#D00CCF0C40400000
(1779322637.825084) can0 18FC28F4#383200000C020000
(1779322637.826063) can0 18F810F3#0C02E80332640100
(1779322637.827076) can0 18F811F3#D00C1001CF0C0101
(1779322637.828072) can0 18F812F3#4001014001010000
(1779322637.829098) can0 18F813F3#0101000000000000
(1779322637.830063) can0 18F814F3#3200EA1AA9015F00
(1779322637.831095) can0 18F815F3#0000000010030000
(1779322637.831994) can0 273#000000000C023200
(1779322637.832987) can0 1E1#020C271001F801F8
(1779322637.834005) can0 1F5#0000000000000000
(1779322637.835101) can0 0800A6A9#0000000000000000
(1779322637.836049) can0 1000A6A9#0C028813324A4A4A
(1779322637.837080) can0 1C00A6A9#0000000000030000
(1779322637.838094) can0 02018100#1003020C00000000
(1779322637.839093) can0 02028100#0000003264000000
(1779322637.840074) can0 02038100#0CD001100CCF0101
(1779322637.841066) can0 02048100#4A01014A01010000
(1779322637.841973) can0 1AD#7F14000059321818
(1779322637.842973) can0 2AD#D00C800C7F140016
(1779322637.843985) can0 3AD#0000000000007F14
(1779322637.845005) can0 4AD#EB00000000000000
(1779322637.846019) can0 76A#7F00000000000000
(1779322637.904698) can0 0000E005#1702440003B60591
(1779322637.905251) can0 1806E5F4#13B3010003B6023A
(1779322637.906063) can0 0000E000#13B313B3020C0000
(1779322637.907079) can0 0000E004#181803B603B601DF
(1779322637.908040) can0 0000E006#0CCF0CCF0CCF0CCF
(1779322637.909039) can0 0000E007#0CCF0CCF0CCF0CCF
(1779322637.910052) can0 0000E008#0CCF0CCF0CCF0CCF
(1779322637.911059) can0 0000E009#0CCF0CCF0CCF0CD0
(1779322637.912122) can0 0000E010#0000000000000000
(1779322637.913110) can0 0000E011#0000000000000000
(1779322637.914087) can0 0000E012#0CCF000100000000
(1779322637.915112) can0 0000F001#0000000000000000
(1779322637.916081) can0 18FF28F4#10320000020C0000
(1779322637.917060) can0 18FE28F4#0CD00CCF40400000
(1779322637.918079) can0 18FD28F4#1702FA6F00000000
(1779322637.918975) can0 4D4#000032007D0C0203
(1779322637.919974) can0 4D5#CF0CD00C40400000
(1779322637.921071) can0 18914010#0CD0100CCF010000
(1779322637.922046) can0 18904010#020C020C753001F8
(1779322637.923064) can0 18FA28F4#123EA12C10270000
(1779322637.924052) can0 18FB28F4#D00CCF0C40400000
(1779322637.925065) can0 18FC28F4#383200000C020000
(1779322637.926059) can0 18F810F3#0C02E80332640100
(1779322637.927092) can0 18F815F3#0000000010030000
(1779322637.927976) can0 273#000000000C023200
(1779322637.928977) can0 1E1#020C271001F801F8
(1779322637.929990) can0 1F5#0000000000000000
(1779322637.931083) can0 0800A6A9#0000000000000000
(1779322637.932039) can0 1000A6A9#0C028813324A4A4A
(1779322637.933065) can0 1C00A6A9#0000000000030000
(1779322637.934092) can0 02018100#1003020C00000000
(1779322637.935077) can0 02028100#0000003264000000
(1779322637.936079) can0 02038100#0CD001100CCF0101
(1779322637.937058) can0 02048100#4A01014A01010000
(1779322637.937954) can0 1AD#7F14000059321818
(1779322637.938975) can0 2AD#D00C800C7F140016
(1779322637.939987) can0 3AD#0000000000007F14
(1779322637.941005) can0 4AD#EB00000000000000
(1779322637.942013) can0 76A#7F00000000000000
(1779322638.004644) can0 0000E005#1702440003B60591
(1779322638.005194) can0 1806E5F4#13B3010003B6023A
(1779322638.006081) can0 0000E000#13B313B3020C0000
(1779322638.007067) can0 0000E004#181803B603B601DF
(1779322638.008039) can0 0000E006#0CCF0CCF0CCF0CCF
(1779322638.009053) can0 0000E007#0CCF0CCF0CCF0CCF
(1779322638.010059) can0 0000E008#0CCF0CCF0CCF0CCF
(1779322638.011054) can0 0000E009#0CCF0CCF0CCF0CD0
(1779322638.012108) can0 0000E010#0000000000000000
(1779322638.013117) can0 0000E011#0000000000000000
(1779322638.014095) can0 0000E012#0CCF000100000000
(1779322638.015107) can0 0000F001#0000000000000000
(1779322638.016096) can0 18FF28F4#10320000020C0000
(1779322638.017072) can0 18FE28F4#0CD00CCF40400000
(1779322638.018082) can0 18FD28F4#1702FA6F00000000
(1779322638.019017) can0 4D4#000032007D0C0203
(1779322638.020005) can0 4D5#CF0CD00C40400000
(1779322638.021084) can0 18914010#0CD0100CCF010000
(1779322638.022084) can0 18904010#020C020C753001F8
(1779322638.023070) can0 18FA28F4#123EA12C10270000
(1779322638.024070) can0 18FB28F4#D00CCF0C40400000
(1779322638.025088) can0 18FC28F4#383200000C020000
(1779322638.026070) can0 18F810F3#0C02E80332640100
(1779322638.027112) can0 18F815F3#0000000010030000
(1779322638.027985) can0 273#000000000C023200
(1779322638.028982) can0 1E1#020C271001F801F8
(1779322638.030026) can0 1F5#0000000000000000
(1779322638.031081) can0 0800A6A9#0000000000000000
(1779322638.032049) can0 1000A6A9#0C028813324A4A4A
(1779322638.033116) can0 1C00A6A9#0000000000030000
(1779322638.034117) can0 02018100#1003020C00000000
(1779322638.035119) can0 02028100#0000003264000000
(1779322638.036071) can0 02038100#0CD001100CCF0101
(1779322638.037092) can0 02048100#4A01014A01010000
(1779322638.037988) can0 1AD#7F14000059321818
(1779322638.038985) can0 2AD#D00C800C7F140016
(1779322638.039999) can0 3AD#0000000000007F14
(1779322638.041020) can0 4AD#EB00000000000000
(1779322638.042006) can0 76A#7F00000000000000
(1779322638.104655) can0 0000E005#1702440003B60591
(1779322638.105205) can0 1806E5F4#13B3010003B6023A
(1779322638.106070) can0 0000E000#13B313B3020C0000
(1779322638.107084) can0 0000E004#181803B603B601DF
(1779322638.108046) can0 0000E006#0CCF0CCF0CCF0CCF
(1779322638.109045) can0 0000E007#0CCF0CCF0CCF0CCF
(1779322638.110043) can0 0000E008#0CCF0CCF0CCF0CCF
(1779322638.111044) can0 0000E009#0CCF0CCF0CCF0CD0
(1779322638.112122) can0 0000E010#0000000000000000
(1779322638.113091) can0 0000E011#0000000000000000
(1779322638.114079) can0 0000E012#0CCF000100000000
(1779322638.115117) can0 0000F001#0000000000000000
(1779322638.116071) can0 18FF28F4#10320000020C0000
(1779322638.117070) can0 18FE28F4#0CD00CCF40400000
(1779322638.118070) can0 18FD28F4#1702FA6F00000000
(1779322638.118982) can0 4D4#000032007D0C0203
(1779322638.120008) can0 4D5#CF0CD00C40400000
(1779322638.121059) can0 18914010#0CD0100CCF010000
(1779322638.122063) can0 18904010#020C020C753001F8
(1779322638.123059) can0 18FA28F4#123EA12C10270000
(1779322638.124060) can0 18FB28F4#D00CCF0C40400000
(1779322638.125072) can0 18FC28F4#383200000C020000
(1779322638.126058) can0 18F810F3#0C02E80332640100
(1779322638.127084) can0 18F815F3#0000000010030000
(1779322638.128032) can0 273#000000000C023200
(1779322638.128987) can0 1E1#020C271001F801F8
(1779322638.130005) can0 1F5#0000000000000000
(1779322638.131083) can0 0800A6A9#0000000000000000
(1779322638.132047) can0 1000A6A9#0C028813324A4A4A
(1779322638.133083) can0 1C00A6A9#0000000000030000
(1779322638.134101) can0 02018100#1003020C00000000
(1779322638.135096) can0 02028100#0000003264000000
(1779322638.136081) can0 02038100#0CD001100CCF0101
(1779322638.137072) can0 02048100#4A01014A01010000
(1779322638.137976) can0 1AD#7F14000059321818
(1779322638.138990) can0 2AD#D00C800C7F140016
(1779322638.139987) can0 3AD#0000000000007F14
(1779322638.140993) can0 4AD#EB00000000000000
(1779322638.142008) can0 76A#7F00000000000000
(1779322638.204693) can0 0000E005#1702440003B60591
(1779322638.205240) can0 1806E5F4#13B3010003B6023A
(1779322638.206071) can0 0000E000#13B313B3020C0000
(1779322638.207096) can0 0000E004#181803B603B601DF
(1779322638.208057) can0 0000E006#0CCF0CCF0CCF0CCF
(1779322638.209058) can0 0000E007#0CCF0CCF0CCF0CCF
(1779322638.210057) can0 0000E008#0CCF0CCF0CCF0CCF
(1779322638.211047) can0 0000E009#0CCF0CCF0CCF0CD0
(1779322638.212113) can0 0000E010#0000000000000000
(1779322638.213091) can0 0000E011#0000000000000000
(1779322638.214105) can0 0000E012#0CCF000100000000
(1779322638.215112) can0 0000F001#0000000000000000
(1779322638.216096) can0 18FF28F4#10320000020C0000
(1779322638.217073) can0 18FE28F4#0CD00CCF40400000
(1779322638.218084) can0 18FD28F4#1702FA6F00000000
(1779322638.218989) can0 4D4#000032007D0C0203
(1779322638.219990) can0 4D5#CF0CD00C40400000
(1779322638.221065) can0 18914010#0CD0100CCF010000
(1779322638.222066) can0 18904010#020C020C753001F8
(1779322638.223077) can0 18FA28F4#123EA12C10270000
(1779322638.224054) can0 18FB28F4#D00CCF0C40400000
(1779322638.225061) can0 18FC28F4#383200000C020000
(1779322638.226051) can0 18F810F3#0C02E80332640100
(1779322638.227088) can0 18F815F3#0000000010030000
(1779322638.227990) can0 273#000000000C023200
(1779322638.228980) can0 1E1#020C271001F801F8
(1779322638.230079) can0 1F5#0000000000000000
(1779322638.231100) can0 0800A6A9#0000000000000000
(1779322638.232052) can0 1000A6A9#0C028813324A4A4A
(1779322638.233072) can0 1C00A6A9#0000000000030000
(1779322638.234082) can0 02018100#1003020C00000000
(1779322638.235082) can0 02028100#0000003264000000
(1779322638.236061) can0 02038100#0CD001100CCF0101
(1779322638.237061) can0 02048100#4A01014A01010000
(1779322638.237961) can0 1AD#7F14000059321818
(1779322638.238980) can0 2AD#D00C800C7F140016
(1779322638.239994) can0 3AD#0000000000007F14
(1779322638.240985) can0 4AD#EB00000000000000
(1779322638.242005) can0 76A#7F00000000000000
(1779322638.321687) can0 0000E005#1702440003B60591
(1779322638.322255) can0 1806E5F4#13B3010003B6023A
(1779322638.323098) can0 0000E000#13B313B3020C0000
(1779322638.324085) can0 0000E004#181803B603B601DF
(1779322638.325055) can0 0000E006#0CCF0CCF0CCF0CCF
(1779322638.326058) can0 0000E007#0CCF0CCF0CCF0CCF
(1779322638.327064) can0 0000E008#0CCF0CCF0CCF0CCF
(1779322638.328050) can0 0000E009#0CCF0CCF0CCF0CCF
(1779322638.329112) can0 0000E010#0000000000000000
(1779322638.330111) can0 0000E011#0000000000000000
(1779322638.331074) can0 0000E012#0CCF000000000000
(1779322638.332064) can0 0000E013#4542323630354C43
(1779322638.333075) can0 0000E014#3134323300000000
(1779322638.334097) can0 0000E015#0000000000000003
(1779322638.335134) can0 0000F000#0000000000000000
(1779322638.336124) can0 0000F001#0000000000000000
(1779322638.337084) can0 18FF28F4#10320000020C0000
(1779322638.338056) can0 18FE28F4#0CCF0CCF40400000
(1779322638.339065) can0 18FD28F4#1702FA6F00000000
(1779322638.339981) can0 4D4#000032007D0C0203
(1779322638.340958) can0 4D5#CF0CCF0C40400000
(1779322638.342060) can0 18914010#0CCF080CCF010000
(1779322638.343103) can0 18904010#020C020C753001F8
(1779322638.344081) can0 18924010#4001400100000000
(1779322638.345073) can0 18934010#000000640000BB2C
(1779322638.346088) can0 18944010#1003000000000000
(1779322638.347113) can0 18954010#0000000000000000
(1779322638.348090) can0 18954010#0100000000000000
(1779322638.349105) can0 18954010#0200000000000000
(1779322638.350100) can0 18954010#0300000000000000
(1779322638.351152) can0 18954010#0400000000000000
(1779322638.352089) can0 18954010#0500000000000000
(1779322638.353083) can0 18964010#0040404000000000
(1779322638.354085) can0 18974010#0000000000000000
(1779322638.355074) can0 18984010#0000000000000000
(1779322638.356063) can0 18FA28F4#123EA12C10270000
(1779322638.357059) can0 18FB28F4#CF0CCF0C40400000
(1779322638.358073) can0 18FC28F4#383200000C020000
(1779322638.359105) can0 18F810F3#0C02E80332640100
(1779322638.360045) can0 18F811F3#CF0C0801CF0C0101
(1779322638.361060) can0 18F812F3#4001014001010000
(1779322638.362096) can0 18F813F3#0101000000000000
(1779322638.363046) can0 18F814F3#3200EA1AA9015F00
(1779322638.364077) can0 18F815F3#0000000010030000
(1779322638.364981) can0 273#000000000C023200
(1779322638.365976) can0 1E1#020C271001F801F8
(1779322638.366986) can0 1F5#0000000000000000
(1779322638.368079) can0 0800A6A9#0000000000000000
(1779322638.369027) can0 1000A6A9#0C028813324A4A4A
(1779322638.370064) can0 1C00A6A9#0000000000030000
(1779322638.371074) can0 02018100#1003020C00000000
(1779322638.372073) can0 02028100#0000003264000000
(1779322638.373054) can0 02038100#0CCF01080CCF0101
(1779322638.374060) can0 02048100#4A01014A01010000
(1779322638.374954) can0 1AD#7E14000059321818
(1779322638.375953) can0 2AD#CF0C800C7E140016
(1779322638.376986) can0 3AD#0000000000007E14
(1779322638.377981) can0 4AD#EB00000000000000
(1779322638.378990) can0 76A#7F00000000000000
(1779322638.437640) can0 0000E005#1702440003B60591
(1779322638.438188) can0 1806E5F4#13B3010003B6023A
(1779322638.439067) can0 0000E000#13B313B3020C0000
(1779322638.440068) can0 0000E004#181803B603B601DF
(1779322638.441045) can0 0000E006#0CCF0CCF0CCF0CCF
(1779322638.442038) can0 0000E007#0CCF0CCF0CCF0CCF
(1779322638.443039) can0 0000E008#0CCF0CCF0CCF0CCF
(1779322638.444019) can0 0000E009#0CCF0CCF0CCF0CCF
(1779322638.445096) can0 0000E010#0000000000000000
(1779322638.446102) can0 0000E011#0000000000000000
(1779322638.447067) can0 0000E012#0CCF000000000000
(1779322638.448083) can0 0000F001#0000000000000000
(1779322638.449074) can0 18FF28F4#10320000020C0000
(1779322638.450049) can0 18FE28F4#0CCF0CCF40400000
(1779322638.451063) can0 18FD28F4#1702FA6F00000000
(1779322638.451979) can0 4D4#000032007D0C0203
(1779322638.452958) can0 4D5#CF0CCF0C40400000
(1779322638.454056) can0 18914010#0CCF080CCF010000
(1779322638.455048) can0 18904010#020C020C753001F8
(1779322638.456052) can0 18FA28F4#123EA12C10270000
(1779322638.457033) can0 18FB28F4#CF0CCF0C40400000
(1779322638.458066) can0 18FC28F4#383200000C020000
(1779322638.459041) can0 18F810F3#0C02E80332640100
(1779322638.460077) can0 18F815F3#0000000010030000
(1779322638.460978) can0 273#000000000C023200
(1779322638.461976) can0 1E1#020C271001F801F8
(1779322638.463003) can0 1F5#0000000000000000
(1779322638.464082) can0 0800A6A9#0000000000000000
(1779322638.465041) can0 1000A6A9#0C028813324A4A4A
(1779322638.466078) can0 1C00A6A9#0000000000030000
(1779322638.467091) can0 02018100#1003020C00000000
(1779322638.468086) can0 02028100#0000003264000000
(1779322638.469068) can0 02038100#0CCF01080CCF0101
(1779322638.470079) can0 02048100#4A01014A01010000
(1779322638.470954) can0 1AD#7E14000059321818
(1779322638.471978) can0 2AD#CF0C800C7E140016
(1779322638.473020) can0 3AD#0000000000007E14
(1779322638.474002) can0 4AD#EB00000000000000
(1779322638.474998) can0 76A#7F00000000000000
(1779322638.537635) can0 0000E005#1702440003B60591
(1779322638.538192) can0 1806E5F4#13B3010003B6023A
(1779322638.539059) can0 0000E000#13B313B3020C0000
(1779322638.540067) can0 0000E004#181803B603B601DF
(1779322638.541044) can0 0000E006#0CCF0CCF0CCF0CCF
(1779322638.542065) can0 0000E007#0CCF0CCF0CCF0CCF
(1779322638.543042) can0 0000E008#0CCF0CCF0CCF0CCF
(1779322638.544032) can0 0000E009#0CCF0CCF0CCF0CCF
(1779322638.545110) can0 0000E010#0000000000000000
(1779322638.546088) can0 0000E011#0000000000000000
(1779322638.547086) can0 0000E012#0CCF000000000000
(1779322638.548101) can0 0000F001#0000000000000000
(1779322638.549079) can0 18FF28F4#10320000020C0000
(1779322638.550074) can0 18FE28F4#0CCF0CCF40400000
(1779322638.551089) can0 18FD28F4#1702FA6F00000000
(1779322638.551977) can0 4D4#000032007D0C0203
(1779322638.553008) can0 4D5#CF0CCF0C40400000
(1779322638.554053) can0 18914010#0CCF080CCF010000
(1779322638.555059) can0 18904010#020C020C753001F8
(1779322638.556074) can0 18FA28F4#123EA12C10270000
(1779322638.557052) can0 18FB28F4#CF0CCF0C40400000
(1779322638.558099) can0 18FC28F4#383200000C020000
(1779322638.559076) can0 18F810F3#0C02E80332640100
(1779322638.560092) can0 18F815F3#0000000010030000
(1779322638.561018) can0 273#000000000C023200
(1779322638.561977) can0 1E1#020C271001F801F8
(1779322638.563024) can0 1F5#0000000000000000
(1779322638.564101) can0 0800A6A9#0000000000000000
(1779322638.565038) can0 1000A6A9#0C028813324A4A4A
(1779322638.566114) can0 1C00A6A9#0000000000030000
(1779322638.567097) can0 02018100#1003020C00000000
(1779322638.568086) can0 02028100#0000003264000000
(1779322638.569079) can0 02038100#0CCF01080CCF0101
(1779322638.570088) can0 02048100#4A01014A01010000
(1779322638.570960) can0 1AD#7E14000059321818
(1779322638.571971) can0 2AD#CF0C800C7E140016
(1779322638.572989) can0 3AD#0000000000007E14
(1779322638.574020) can0 4AD#EB00000000000000
(1779322638.575006) can0 76A#7F00000000000000
(1779322638.637671) can0 0000E005#1702440003B60591
(1779322638.638223) can0 1806E5F4#13B3010003B6023A
(1779322638.639054) can0 0000E000#13B313B3020C0000
(1779322638.640065) can0 0000E004#181803B603B601DF
(1779322638.641024) can0 0000E006#0CCF0CCF0CCF0CCF
(1779322638.642032) can0 0000E007#0CCF0CCF0CCF0CCF
(1779322638.643057) can0 0000E008#0CCF0CCF0CCF0CCF
(1779322638.644025) can0 0000E009#0CCF0CCF0CCF0CCF
(1779322638.645076) can0 0000E010#0000000000000000
(1779322638.646073) can0 0000E011#0000000000000000
(1779322638.647052) can0 0000E012#0CCF000000000000
(1779322638.648083) can0 0000F001#0000000000000000
(1779322638.649059) can0 18FF28F4#10320000020C0000
(1779322638.650045) can0 18FE28F4#0CCF0CCF40400000
(1779322638.651096) can0 18FD28F4#1702FA6F00000000
(1779322638.651962) can0 4D4#000032007D0C0203
(1779322638.652940) can0 4D5#CF0CCF0C40400000
(1779322638.654038) can0 18914010#0CCF070CCF010000
(1779322638.655039) can0 18904010#020C020C753001F8
(1779322638.656052) can0 18FA28F4#123EA12C10270000
(1779322638.657033) can0 18FB28F4#CF0CCF0C40400000
(1779322638.658052) can0 18FC28F4#383200000C020000
(1779322638.659085) can0 18F810F3#0C02E80332640100
(1779322638.660065) can0 18F815F3#0000000010030000
(1779322638.660961) can0 273#000000000C023200
(1779322638.661963) can0 1E1#020C271001F801F8
(1779322638.662979) can0 1F5#0000000000000000
(1779322638.664073) can0 0800A6A9#0000000000000000
(1779322638.665020) can0 1000A6A9#0C028813324A4A4A
(1779322638.666054) can0 1C00A6A9#0000000000030000
(1779322638.667066) can0 02018100#1003020C00000000
(1779322638.668065) can0 02028100#0000003264000000
(1779322638.669046) can0 02038100#0CCF01070CCF0101
(1779322638.670059) can0 02048100#4A01014A01010000
(1779322638.670944) can0 1AD#7F14000059321818
(1779322638.671937) can0 2AD#CF0C800C7F140016
(1779322638.672969) can0 3AD#0000000000007F14
(1779322638.673983) can0 4AD#EB00000000000000
(1779322638.674976) can0 76A#7F00000000000000
(1779322638.737626) can0 0000E005#1702440003B60591
(1779322638.738170) can0 1806E5F4#13B3010003B6023A
(1779322638.739054) can0 0000E000#13B313B3020C0000
(1779322638.740066) can0 0000E004#181803B603B601DF
(1779322638.741033) can0 0000E006#0CCF0CCF0CCF0CCF
(1779322638.742025) can0 0000E007#0CCF0CCF0CCF0CCF
(1779322638.743026) can0 0000E008#0CCF0CCF0CCF0CCF
(1779322638.744026) can0 0000E009#0CCF0CCF0CCF0CCF
(1779322638.745070) can0 0000E010#0000000000000000
(1779322638.746072) can0 0000E011#0000000000000000
(1779322638.747054) can0 0000E012#0CCF000000000000
(1779322638.748085) can0 0000F001#0000000000000000
(1779322638.749054) can0 18FF28F4#10320000020C0000
(1779322638.750031) can0 18FE28F4#0CCF0CCF40400000
(1779322638.751047) can0 18FD28F4#1702FA6F00000000
(1779322638.751962) can0 4D4#000032007D0C0203
(1779322638.752943) can0 4D5#CF0CCF0C40400000
(1779322638.754038) can0 18914010#0CCF070CCF010000
(1779322638.755039) can0 18904010#020C020C753001F8
(1779322638.756051) can0 18FA28F4#123EA12C10270000
(1779322638.757039) can0 18FB28F4#CF0CCF0C40400000
(1779322638.758044) can0 18FC28F4#383200000C020000
(1779322638.759033) can0 18F810F3#0C02E80332640100
(1779322638.760066) can0 18F815F3#0000000010030000
(1779322638.760963) can0 273#000000000C023200
(1779322638.761962) can0 1E1#020C271001F801F8
(1779322638.762977) can0 1F5#0000000000000000
(1779322638.764059) can0 0800A6A9#0000000000000000
(1779322638.765020) can0 1000A6A9#0C028813324A4A4A
(1779322638.766053) can0 1C00A6A9#0000000000030000
(1779322638.767072) can0 02018100#1003020C00000000
(1779322638.768066) can0 02028100#0000003264000000
(1779322638.769047) can0 02038100#0CCF01070CCF0101
(1779322638.770044) can0 02048100#4A01014A01010000
(1779322638.770945) can0 1AD#7F14000059321818
(1779322638.771943) can0 2AD#CF0C800C7F140016
(1779322638.772970) can0 3AD#0000000000007F14
(1779322638.773963) can0 4AD#EB00000000000000
(1779322638.774964) can0 76A#7F00000000000000
(1779322638.854628) can0 0000E005#1702440003B60591
(1779322638.855178) can0 1806E5F4#13B3010003B6023A
(1779322638.856055) can0 0000E000#13B313B3020C0000
(1779322638.857055) can0 0000E004#181803B603B601DF
(1779322638.858053) can0 0000E006#0CCF0CCF0CCF0CCF
(1779322638.859032) can0 0000E007#0CCF0CCF0CCF0CCF
(1779322638.860027) can0 0000E008#0CCF0CCF0CCF0CCF
(1779322638.861027) can0 0000E009#0CCF0CCF0CCF0CD0
(1779322638.862078) can0 0000E010#0000000000000000
(1779322638.863072) can0 0000E011#0000000000000000
(1779322638.864053) can0 0000E012#0CCF000100000000
(1779322638.865020) can0 0000E013#4542323630354C43
(1779322638.866071) can0 0000E014#3134323300000000
(1779322638.867065) can0 0000E015#0000000000000003
(1779322638.868065) can0 0000F000#0000000000000000
(1779322638.869067) can0 0000F001#0000000000000000
(1779322638.870046) can0 18FF28F4#10320000020C0000
(1779322638.871051) can0 18FE28F4#0CD00CCF40400000
(1779322638.872039) can0 18FD28F4#1702FA6F00000000
(1779322638.872965) can0 4D4#000032007D0C0203
(1779322638.873977) can0 4D5#CF0CD00C40400000
(1779322638.875040) can0 18914010#0CD0100CCF020000
(1779322638.876032) can0 18904010#020C020C753001F8
(1779322638.877053) can0 18924010#4001400100000000
(1779322638.878053) can0 18934010#000000650000BB2C
(1779322638.879067) can0 18944010#1003000000000000
(1779322638.880080) can0 18954010#0000000000000000
(1779322638.881080) can0 18954010#0100000000000000
(1779322638.882111) can0 18954010#0200000000000000
(1779322638.883060) can0 18954010#0300000000000000
(1779322638.884067) can0 18954010#0400000000000000
(1779322638.885054) can0 18954010#0500000000000000
(1779322638.886066) can0 18964010#0040404000000000
(1779322638.887067) can0 18974010#0000000000000000
(1779322638.888061) can0 18984010#0000000000000000
(1779322638.889056) can0 18FA28F4#123EA12C10270000
(1779322638.890078) can0 18FB28F4#D00CCF0C40400000
(1779322638.891056) can0 18FC28F4#383200000C020000
(1779322638.892035) can0 18F810F3#0C02E80332640100
(1779322638.893036) can0 18F811F3#D00C1001CF0C0201
(1779322638.894048) can0 18F812F3#4001014001010000
(1779322638.895063) can0 18F813F3#0101000000000000
(1779322638.896038) can0 18F814F3#3200EA1AA9015F00
(1779322638.897070) can0 18F815F3#0000000010030000
(1779322638.897971) can0 273#000000000C023200
(1779322638.898952) can0 1E1#020C271001F801F8
(1779322638.899979) can0 1F5#0000000000000000
(1779322638.901061) can0 0800A6A9#0000000000000000
(1779322638.902023) can0 1000A6A9#0C028813324A4A4A
(1779322638.903055) can0 1C00A6A9#0000000000030000
(1779322638.904067) can0 02018100#1003020C00000000
(1779322638.905068) can0 02028100#0000003264000000
(1779322638.906048) can0 02038100#0CD001100CCF0102
(1779322638.907048) can0 02048100#4A01014A01010000
(1779322638.907946) can0 1AD#7F14000059321818
(1779322638.908947) can0 2AD#D00C800C7F140016
(1779322638.909959) can0 3AD#0000000000007F14
(1779322638.910979) can0 4AD#EB00000000000000
(1779322638.911973) can0 76A#7F00000000000000
(1779322638.970609) can0 0000E005#1702440003B60591
(1779322638.971165) can0 1806E5F4#13B3010003B6023A
(1779322638.972047) can0 0000E000#13B313B3020C0000
(1779322638.973047) can0 0000E004#181803B603B601DF
(1779322638.974028) can0 0000E006#0CCF0CCF0CCF0CCF
(1779322638.975027) can0 0000E007#0CCF0CCF0CCF0CCF
(1779322638.976027) can0 0000E008#0CCF0CCF0CCF0CCF
(1779322638.977019) can0 0000E009#0CCF0CCF0CCF0CD0
(1779322638.978072) can0 0000E010#0000000000000000
(1779322638.979072) can0 0000E011#0000000000000000
(1779322638.980053) can0 0000E012#0CCF000100000000
(1779322638.981062) can0 0000F001#0000000000000000
(1779322638.982047) can0 18FF28F4#10320000020C0000
(1779322638.983047) can0 18FE28F4#0CD00CCF40400000
(1779322638.984048) can0 18FD28F4#1702FA6F00000000
(1779322638.984964) can0 4D4#000032007D0C0203
(1779322638.985945) can0 4D5#CF0CD00C40400000
(1779322638.987041) can0 18914010#0CD0100CCF020000
(1779322638.988040) can0 18904010#020C020C753001F8
(1779322638.989042) can0 18FA28F4#123EA12C10270000
(1779322638.990044) can0 18FB28F4#D00CCF0C40400000
(1779322638.991051) can0 18FC28F4#383200000C020000
(1779322638.992037) can0 18F810F3#0C02E80332640100
(1779322638.993067) can0 18F815F3#0000000010030000
(1779322638.993965) can0 273#000000000C023200
(1779322638.994965) can0 1E1#020C271001F801F8
(1779322638.995977) can0 1F5#0000000000000000
(1779322638.997062) can0 0800A6A9#0000000000000000
(1779322638.998023) can0 1000A6A9#0C028813324A4A4A
(1779322638.999055) can0 1C00A6A9#0000000000030000
(1779322639.000066) can0 02018100#1003020C00000000
(1779322639.001067) can0 02028100#0000003264000000
(1779322639.002048) can0 02038100#0CD001100CCF0102
(1779322639.003048) can0 02048100#4A01014A01010000
(1779322639.003947) can0 1AD#7F14000059321818
(1779322639.004960) can0 2AD#D00C800C7F140016
(1779322639.005959) can0 3AD#0000000000007F14
(1779322639.006972) can0 4AD#EB00000000000000
(1779322639.007966) can0 76A#7F00000000000000
(1779322639.070650) can0 0000E005#1702440003B60591
(1779322639.071207) can0 1806E5F4#13B3010003B6023A
(1779322639.072046) can0 0000E000#13B313B3020C0000
(1779322639.073055) can0 0000E004#181803B603B601DF
(1779322639.074027) can0 0000E006#0CCF0CCF0CCF0CCF
(1779322639.075022) can0 0000E007#0CCF0CCF0CCF0CCF
(1779322639.076020) can0 0000E008#0CCF0CCF0CCF0CCF
(1779322639.077014) can0 0000E009#0CCF0CCF0CCF0CD0
(1779322639.078065) can0 0000E010#0000000000000000
(1779322639.079066) can0 0000E011#0000000000000000
(1779322639.080047) can0 0000E012#0CCF000100000000
(1779322639.081080) can0 0000F001#0000000000000000
(1779322639.082046) can0 18FF28F4#10320000020C0000
(1779322639.083041) can0 18FE28F4#0CD00CCF40400000
(1779322639.084040) can0 18FD28F4#1702FA6F00000000
(1779322639.084957) can0 4D4#000032007D0C0203
(1779322639.085938) can0 4D5#CF0CD00C40400000
(1779322639.087034) can0 18914010#0CD0100CCF020000
(1779322639.088034) can0 18904010#020C020C753001F8
(1779322639.089044) can0 18FA28F4#123EA12C10270000
(1779322639.090047) can0 18FB28F4#D00CCF0C40400000
(1779322639.091062) can0 18FC28F4#383200000C020000
(1779322639.092037) can0 18F810F3#0C02E80332640100
(1779322639.093066) can0 18F815F3#0000000010030000
(1779322639.093959) can0 273#000000000C023200
(1779322639.094959) can0 1E1#020C271001F801F8
(1779322639.095972) can0 1F5#0000000000000000
(1779322639.097081) can0 0800A6A9#0000000000000000
(1779322639.098016) can0 1000A6A9#0C028813324A4A4A
(1779322639.099048) can0 1C00A6A9#0000000000030000
(1779322639.100067) can0 02018100#1003020C00000000
(1779322639.101062) can0 02028100#0000003264000000
(1779322639.102042) can0 02038100#0CD001100CCF0102
(1779322639.103041) can0 02048100#4A01014A01010000
(1779322639.103941) can0 1AD#7F14000059321818
(1779322639.104986) can0 2AD#D00C800C7F140016
(1779322639.105965) can0 3AD#0000000000007F14
(1779322639.106966) can0 4AD#EB00000000000000
(1779322639.107966) can0 76A#7F00000000000000
(1779322639.170629) can0 0000E005#1702440003B60591
(1779322639.171186) can0 1806E5F4#13B3010003B6023A
(1779322639.172041) can0 0000E000#13B313B3020C0000
(1779322639.173052) can0 0000E004#181803B603B601DF
(1779322639.174050) can0 0000E006#0CCF0CCF0CCF0CCF
(1779322639.175021) can0 0000E007#0CCF0CCF0CCF0CCF
(1779322639.176015) can0 0000E008#0CCF0CCF0CCF0CCF
(1779322639.177015) can0 0000E009#0CCF0CCF0CCF0CCF
(1779322639.178060) can0 0000E010#0000000000000000
(1779322639.179059) can0 0000E011#0000000000000000
(1779322639.180040) can0 0000E012#0CCF000000000000
(1779322639.181072) can0 0000F001#0000000000000000
(1779322639.182085) can0 18FF28F4#10320000020C0000
(1779322639.183021) can0 18FE28F4#0CCF0CCF40400000
(1779322639.184034) can0 18FD28F4#1702FA6F00000000
(1779322639.184951) can0 4D4#000032007D0C0203
(1779322639.185930) can0 4D5#CF0CCF0C40400000
(1779322639.187028) can0 18914010#0CCF010CCF020000
(1779322639.188028) can0 18904010#020C020C753001F8
(1779322639.189042) can0 18FA28F4#123EA12C10270000
(1779322639.190076) can0 18FB28F4#CF0CCF0C40400000
(1779322639.191050) can0 18FC28F4#383200000C020000
(1779322639.192036) can0 18F810F3#0C02E80332640100
(1779322639.193061) can0 18F815F3#0000000010030000
(1779322639.193950) can0 273#000000000C023200
(1779322639.194954) can0 1E1#020C271001F801F8
(1779322639.195966) can0 1F5#0000000000000000
(1779322639.197060) can0 0800A6A9#0000000000000000
(1779322639.198059) can0 1000A6A9#0C028813324A4A4A
(1779322639.199042) can0 1C00A6A9#0000000000030000
(1779322639.200055) can0 02018100#1003020C00000000
(1779322639.201056) can0 02028100#0000003264000000
(1779322639.202036) can0 02038100#0CCF01010CCF0102
(1779322639.203035) can0 02048100#4A01014A01010000
(1779322639.203933) can0 1AD#7F14000059321818
(1779322639.204927) can0 2AD#CF0C800C7F140016
(1779322639.205957) can0 3AD#0000000000007F14
(1779322639.206960) can0 4AD#EB00000000000000
(1779322639.207973) can0 76A#7F00000000000000
(1779322639.270605) can0 0000E005#1702440003B60591
(1779322639.271154) can0 1806E5F4#13B3010003B6023A
(1779322639.272028) can0 0000E000#13B313B3020C0000
(1779322639.273047) can0 0000E004#181803B603B601DF
(1779322639.274008) can0 0000E006#0CCF0CCF0CCF0CCF
(1779322639.275060) can0 0000E007#0CCF0CCF0CCF0CCF
(1779322639.276027) can0 0000E008#0CCF0CCF0CCF0CCF
(1779322639.277009) can0 0000E009#0CCF0CCF0CCF0CCF
(1779322639.278072) can0 0000E010#0000000000000000
(1779322639.279061) can0 0000E011#0000000000000000
(1779322639.280047) can0 0000E012#0CCF000000000000
(1779322639.281067) can0 0000F001#0000000000000000
(1779322639.282046) can0 18FF28F4#10320000020C0000
(1779322639.283026) can0 18FE28F4#0CCF0CCF40400000
(1779322639.284047) can0 18FD28F4#1702FA6F00000000
(1779322639.284964) can0 4D4#000032007D0C0203
(1779322639.285945) can0 4D5#CF0CCF0C40400000
(1779322639.287022) can0 18914010#0CCF010CCF020000
(1779322639.288035) can0 18904010#020C020C753001F8
(1779322639.289035) can0 18FA28F4#123EA12C10270000
(1779322639.290016) can0 18FB28F4#CF0CCF0C40400000
(1779322639.291046) can0 18FC28F4#383200000C020000
(1779322639.292040) can0 18F810F3#0C02E80332640100
(1779322639.293073) can0 18F815F3#0000000010030000
(1779322639.293958) can0 273#000000000C023200
(1779322639.294952) can0 1E1#020C271001F801F8
(1779322639.295982) can0 1F5#0000000000000000
(1779322639.297057) can0 0800A6A9#0000000000000000
(1779322639.298024) can0 1000A6A9#0C028813324A4A4A
(1779322639.299055) can0 1C00A6A9#0000000000030000
(1779322639.300048) can0 02018100#1003020C00000000
(1779322639.301050) can0 02028100#0000003264000000
(1779322639.302029) can0 02038100#0CCF01010CCF0102
(1779322639.303045) can0 02048100#4A01014A01010000
(1779322639.303950) can0 1AD#7F14000059321818
(1779322639.304941) can0 2AD#CF0C800C7F140016
(1779322639.305953) can0 3AD#0000000000007F14
(1779322639.306959) can0 4AD#EB00000000000000
(1779322639.307965) can0 76A#7F00000000000000
(1779322639.387594) can0 0000E005#1702440003B60591
(1779322639.388151) can0 1806E5F4#13B3010003B6023A
(1779322639.389047) can0 0000E000#13B313B3020C0000
(1779322639.390048) can0 0000E004#181803B603B601DF
(1779322639.391016) can0 0000E006#0CCF0CCF0CCF0CCF
(1779322639.392016) can0 0000E007#0CCF0CCF0CCF0CCF
(1779322639.393015) can0 0000E008#0CCF0CCF0CCF0CCF
(1779322639.394022) can0 0000E009#0CCF0CCF0CCF0CD0
(1779322639.395059) can0 0000E010#0000000000000000
(1779322639.396056) can0 0000E011#0000000000000000
(1779322639.397067) can0 0000E012#0CCF000100000000
(1779322639.398023) can0 0000E013#4542323630354C43
(1779322639.399035) can0 0000E014#3134323300000000
(1779322639.400049) can0 0000E015#0000000000000003
(1779322639.401063) can0 0000F000#0000000000000000
(1779322639.402061) can0 0000F001#0000000000000000
(1779322639.403042) can0 18FF28F4#10320000020C0000
(1779322639.404029) can0 18FE28F4#0CD00CCF40400000
(1779322639.405068) can0 18FD28F4#1702FA6F00000000
(1779322639.405959) can0 4D4#000032007D0C0203
(1779322639.406940) can0 4D5#CF0CD00C40400000
(1779322639.408023) can0 18914010#0CD0100CCF020000
(1779322639.409035) can0 18904010#020C020C753001F8
(1779322639.410050) can0 18924010#4001400100000000
(1779322639.411030) can0 18934010#000000660000BB2C
(1779322639.412049) can0 18944010#1003000000000000
(1779322639.413113) can0 18954010#0000000000000000
(1779322639.414061) can0 18954010#0100000000000000
(1779322639.415062) can0 18954010#0200000000000000
(1779322639.416056) can0 18954010#0300000000000000
(1779322639.417055) can0 18954010#0400000000000000
(1779322639.418056) can0 18954010#0500000000000000
(1779322639.419050) can0 18964010#0040404000000000
(1779322639.420049) can0 18974010#0000000000000000
(1779322639.421089) can0 18984010#0000000000000000
(1779322639.422024) can0 18FA28F4#123EA12C10270000
(1779322639.423024) can0 18FB28F4#D00CCF0C40400000
(1779322639.424036) can0 18FC28F4#383200000C020000
(1779322639.425018) can0 18F810F3#0C02E80332640100
(1779322639.426030) can0 18F811F3#D00C1001CF0C0201
(1779322639.427031) can0 18F812F3#4001014001010000
(1779322639.428056) can0 18F813F3#0101000000000000
(1779322639.429017) can0 18F814F3#3200EA1AA9015F00
(1779322639.430050) can0 18F815F3#0000000010030000
(1779322639.430954) can0 273#000000000C023200
(1779322639.431948) can0 1E1#020C271001F801F8
(1779322639.432961) can0 1F5#0000000000000000
(1779322639.434057) can0 0800A6A9#0000000000000000
(1779322639.435011) can0 1000A6A9#0C028813324A4A4A
(1779322639.436038) can0 1C00A6A9#0000000000030000
(1779322639.437058) can0 02018100#1003020C00000000
(1779322639.438050) can0 02028100#0000003264000000
(1779322639.439038) can0 02038100#0CD001100CCF0102
(1779322639.440032) can0 02048100#4A01014A01010000
(1779322639.440928) can0 1AD#7F14000059321818
(1779322639.441948) can0 2AD#D00C800C7F140016
(1779322639.442961) can0 3AD#0000000000007F14
(1779322639.443962) can0 4AD#EB00000000000000
(1779322639.444960) can0 76A#7F00000000000000
(1779322639.503653) can0 0000E005#1702440003B60591
(1779322639.504203) can0 1806E5F4#13B3010003B6023A
(1779322639.505039) can0 0000E000#13B313B3020C0000
(1779322639.506050) can0 0000E004#181803B603B601DF
(1779322639.507017) can0 0000E006#0CCF0CCF0CCF0CCF
(1779322639.508018) can0 0000E007#0CCF0CCF0CCF0CCF
(1779322639.509011) can0 0000E008#0CCF0CCF0CCF0CCF
(1779322639.510007) can0 0000E009#0CCF0CCF0CCF0CD0
(1779322639.511056) can0 0000E010#0000000000000000
(1779322639.512055) can0 0000E011#0000000000000000
(1779322639.513055) can0 0000E012#0CCF000100000000
(1779322639.514050) can0 0000F001#0000000000000000
(1779322639.515036) can0 18FF28F4#10320000020C0000
(1779322639.516036) can0 18FE28F4#0CD00CCF40400000
(1779322639.517031) can0 18FD28F4#1702FA6F00000000
(1779322639.517951) can0 4D4#000032007D0C0203
(1779322639.518935) can0 4D5#CF0CD00C40400000
(1779322639.520031) can0 18914010#0CD0100CCF020000
(1779322639.521023) can0 18904010#020C020C753001F8
(1779322639.522021) can0 18FA28F4#123EA12C10270000
(1779322639.523026) can0 18FB28F4#D00CCF0C40400000
(1779322639.524039) can0 18FC28F4#383200000C020000
(1779322639.525019) can0 18F810F3#0C02E80332640100
(1779322639.526043) can0 18F815F3#0000000010030000
(1779322639.526954) can0 273#000000000C023200
(1779322639.527947) can0 1E1#020C271001F801F8
(1779322639.528967) can0 1F5#0000000000000000
(1779322639.530045) can0 0800A6A9#0000000000000000
(1779322639.531012) can0 1000A6A9#0C028813324A4A4A
(1779322639.532038) can0 1C00A6A9#0000000000030000
(1779322639.533057) can0 02018100#1003020C00000000
(1779322639.534047) can0 02028100#0000003264000000
(1779322639.535031) can0 02038100#0CD001100CCF0102
(1779322639.536031) can0 02048100#4A01014A01010000
(1779322639.536929) can0 1AD#7F14000059321818
(1779322639.537943) can0 2AD#D00C800C7F140016
(1779322639.538954) can0 3AD#0000000000007F14
(1779322639.539954) can0 4AD#EB00000000000000
(1779322639.540948) can0 76A#7F00000000000000
(1779322639.603659) can0 0000E005#1702440003B60591
(1779322639.604205) can0 1806E5F4#13B3010003B6023A
(1779322639.605041) can0 0000E000#13B313B3020C0000
(1779322639.606039) can0 0000E004#181803B603B601DF
(1779322639.607016) can0 0000E006#0CCF0CCF0CCF0CCF
(1779322639.608011) can0 0000E007#0CCF0CCF0CCF0CCF
(1779322639.609012) can0 0000E008#0CCF0CCF0CCF0CCF
(1779322639.610010) can0 0000E009#0CCF0CCF0CCF0CD0
(1779322639.611055) can0 0000E010#0000000000000000
(1779322639.612056) can0 0000E011#0000000000000000
(1779322639.613037) can0 0000E012#0CCF000100000000
(1779322639.614056) can0 0000F001#0000000000000000
(1779322639.615036) can0 18FF28F4#10320000020C0000
(1779322639.616036) can0 18FE28F4#0CD00CCF40400000
(1779322639.617030) can0 18FD28F4#1702FA6F00000000
(1779322639.617948) can0 4D4#000032007D0C0203
(1779322639.618930) can0 4D5#CF0CD00C40400000
(1779322639.620044) can0 18914010#0CD0100CCF020000
(1779322639.621025) can0 18904010#020C020C753001F8
(1779322639.622023) can0 18FA28F4#123EA12C10270000
(1779322639.623019) can0 18FB28F4#D00CCF0C40400000
(1779322639.624037) can0 18FC28F4#383200000C020000
(1779322639.625017) can0 18F810F3#0C02E80332640100
(1779322639.626050) can0 18F815F3#0000000010030000
(1779322639.626954) can0 273#000000000C023200
(1779322639.627967) can0 1E1#020C271001F801F8
(1779322639.628961) can0 1F5#0000000000000000
(1779322639.630044) can0 0800A6A9#0000000000000000
(1779322639.631008) can0 1000A6A9#0C028813324A4A4A
(1779322639.632037) can0 1C00A6A9#0000000000030000
(1779322639.633056) can0 02018100#1003020C00000000
(1779322639.634050) can0 02028100#0000003264000000
(1779322639.635030) can0 02038100#0CD001100CCF0102
(1779322639.636063) can0 02048100#4A01014A01010000
(1779322639.636929) can0 1AD#7F14000059321818
(1779322639.637942) can0 2AD#D00C800C7F140016
(1779322639.638954) can0 3AD#0000000000007F14
(1779322639.639955) can0 4AD#EB00000000000000
(1779322639.640949) can0 76A#7F00000000000000
(1779322639.703610) can0 0000E005#1702440003B60591
(1779322639.704159) can0 1806E5F4#13B3010003B6023A
(1779322639.705055) can0 0000E000#13B313B3020C0000
(1779322639.706038) can0 0000E004#181803B603B601DF
(1779322639.707015) can0 0000E006#0CCF0CCF0CCF0CCF
(1779322639.708018) can0 0000E007#0CCF0CCF0CCF0CCF
(1779322639.709011) can0 0000E008#0CCF0CCF0CCF0CCF
(1779322639.710010) can0 0000E009#0CCF0CCF0CCF0CD0
(1779322639.711056) can0 0000E010#0000000000000000
(1779322639.712055) can0 0000E011#0000000000000000
(1779322639.713075) can0 0000E012#0CCF000100000000
(1779322639.714056) can0 0000F001#0000000000000000
(1779322639.715036) can0 18FF28F4#10320000020C0000
(1779322639.716017) can0 18FE28F4#0CD00CCF40400000
(1779322639.717031) can0 18FD28F4#1702FA6F00000000
(1779322639.717953) can0 4D4#000032007D0C0203
(1779322639.718931) can0 4D5#CF0CD00C40400000
(1779322639.720030) can0 18914010#0CD0100CCF040000
(1779322639.721056) can0 18904010#020C020C753001F8
(1779322639.722023) can0 18FA28F4#123EA12C10270000
(1779322639.723025) can0 18FB28F4#D00CCF0C40400000
(1779322639.724037) can0 18FC28F4#383200000C020000
(1779322639.725018) can0 18F810F3#0C02E80332640100
(1779322639.726050) can0 18F815F3#0000000010030000
(1779322639.726952) can0 273#000000000C023200
(1779322639.727935) can0 1E1#020C271001F801F8
(1779322639.729012) can0 1F5#0000000000000000
(1779322639.730044) can0 0800A6A9#0000000000000000
(1779322639.731010) can0 1000A6A9#0C028813324A4A4A
(1779322639.732044) can0 1C00A6A9#0000000000030000
(1779322639.733057) can0 02018100#1003020C00000000
(1779322639.734037) can0 02028100#0000003264000000
(1779322639.735038) can0 02038100#0CD001100CCF0104
(1779322639.736032) can0 02048100#4A01014A01010000
(1779322639.736930) can0 1AD#7F14000059321818
(1779322639.737929) can0 2AD#D00C800C7F140016
(1779322639.738938) can0 3AD#0000000000007F14
(1779322639.739955) can0 4AD#EB00000000000000
(1779322639.740956) can0 76A#7F00000000000000
(1779322639.803644) can0 0000E005#1702440003B60591
(1779322639.804195) can0 1806E5F4#13B3010003B6023A
(1779322639.805032) can0 0000E000#13B313B3020C0000
(1779322639.806094) can0 0000E004#181803B603B601DF
(1779322639.807010) can0 0000E006#0CCF0CCF0CCF0CCF
(1779322639.808011) can0 0000E007#0CCF0CCF0CCF0CCF
(1779322639.809005) can0 0000E008#0CCF0CCF0CCF0CCF
(1779322639.810003) can0 0000E009#0CCF0CCF0CCF0CD0
(1779322639.811049) can0 0000E010#0000000000000000
(1779322639.812049) can0 0000E011#0000000000000000
(1779322639.813029) can0 0000E012#0CCF000100000000
(1779322639.814062) can0 0000F001#0000000000000000
(1779322639.815030) can0 18FF28F4#10320000020C0000
(1779322639.816022) can0 18FE28F4#0CD00CCF40400000
(1779322639.817024) can0 18FD28F4#1702FA6F00000000
(1779322639.817941) can0 4D4#000032007D0C0203
(1779322639.818921) can0 4D5#CF0CD00C40400000
(1779322639.820017) can0 18914010#0CD0100CCF040000
(1779322639.821018) can0 18904010#020C020C753001F8
(1779322639.822017) can0 18FA28F4#123EA12C10270000
(1779322639.823018) can0 18FB28F4#D00CCF0C40400000
(1779322639.824027) can0 18FC28F4#383200000C020000
(1779322639.825012) can0 18F810F3#0C02E80332640100
(1779322639.826043) can0 18F815F3#0000000010030000
(1779322639.826941) can0 273#000000000C023200
(1779322639.827938) can0 1E1#020C271001F801F8
(1779322639.828955) can0 1F5#0000000000000000
(1779322639.830050) can0 0800A6A9#0000000000000000
(1779322639.830999) can0 1000A6A9#0C028813324A4A4A
(1779322639.832031) can0 1C00A6A9#0000000000030000
(1779322639.833044) can0 02018100#1003020C00000000
(1779322639.834044) can0 02028100#0000003264000000
(1779322639.835025) can0 02038100#0CD001100CCF0104
(1779322639.836021) can0 02048100#4A01014A01010000
(1779322639.836923) can0 1AD#7F14000059321818
(1779322639.837936) can0 2AD#D00C800C7F140016
(1779322639.838948) can0 3AD#0000000000007F14
(1779322639.839954) can0 4AD#EB00000000000000
(1779322639.840955) can0 76A#7F00000000000000
(1779322639.920658) can0 0000E005#1702440003B60591
(1779322639.921213) can0 1806E5F4#13B3010003B6023A
(1779322639.922032) can0 0000E000#13B313B3020C0000
(1779322639.923031) can0 0000E004#181803B603B601DF
(1779322639.924011) can0 0000E006#0CCF0CCF0CCF0CCF
(1779322639.925012) can0 0000E007#0CCF0CCF0CCF0CCF
(1779322639.926003) can0 0000E008#0CCF0CCF0CCF0CCF
(1779322639.927005) can0 0000E009#0CCF0CCF0CCF0CD0
(1779322639.928069) can0 0000E010#0000000000000000
(1779322639.929057) can0 0000E011#0000000000000000
(1779322639.930030) can0 0000E012#0CCF000100000000
(1779322639.930999) can0 0000E013#4542323630354C43
(1779322639.932031) can0 0000E014#3134323300000000
(1779322639.933044) can0 0000E015#0000000000000003
(1779322639.934064) can0 0000F000#0000000000000000
(1779322639.935056) can0 0000F001#0000000000000000
(1779322639.936057) can0 18FF28F4#10320000020C0000
(1779322639.937026) can0 18FE28F4#0CD00CCF40400000
(1779322639.938034) can0 18FD28F4#1702FA6F00000000
(1779322639.938935) can0 4D4#000032007D0C0203
(1779322639.939936) can0 4D5#CF0CD00C40400000
(1779322639.941020) can0 18914010#0CD0100CCF010000
(1779322639.942007) can0 18904010#020C020C753001F8
(1779322639.943045) can0 18924010#4001400100000000
(1779322639.944057) can0 18934010#000000670000BB2C
(1779322639.945045) can0 18944010#1003000000000000
(1779322639.946057) can0 18954010#0000000000000000
(1779322639.947058) can0 18954010#0100000000000000
(1779322639.948051) can0 18954010#0200000000000000
(1779322639.949052) can0 18954010#0300000000000000
(1779322639.950044) can0 18954010#0400000000000000
(1779322639.951051) can0 18954010#0500000000000000
(1779322639.952077) can0 18964010#0040404000000000
(1779322639.953045) can0 18974010#0000000000000000
(1779322639.954039) can0 18984010#0000000000000000
(1779322639.955020) can0 18FA28F4#123EA12C10270000
(1779322639.956020) can0 18FB28F4#D00CCF0C40400000
(1779322639.957033) can0 18FC28F4#383200000C020000
(1779322639.958014) can0 18F810F3#0C02E80332640100
(1779322639.959027) can0 18F811F3#D00C1001CF0C0101
(1779322639.960071) can0 18F812F3#4001014001010000
(1779322639.961053) can0 18F813F3#0101000000000000
(1779322639.962013) can0 18F814F3#3200EA1AA9015F00
(1779322639.963046) can0 18F815F3#0000000010030000
(1779322639.963950) can0 273#000000000C023200
(1779322639.964944) can0 1E1#020C271001F801F8
(1779322639.965954) can0 1F5#0000000000000000
(1779322639.967034) can0 0800A6A9#0000000000000000
(1779322639.968001) can0 1000A6A9#0C028813324A4A4A
(1779322639.969034) can0 1C00A6A9#0000000000030000
(1779322639.970046) can0 02018100#1003020C00000000
(1779322639.971046) can0 02028100#0000003264000000
(1779322639.972027) can0 02038100#0CD001100CCF0101
(1779322639.973028) can0 02048100#4A01014A01010000
(1779322639.973923) can0 1AD#7F14000059321818
(1779322639.974938) can0 2AD#D00C800C7F140016
(1779322639.975938) can0 3AD#0000000000007F14
(1779322639.976952) can0 4AD#EB00000000000000
(1779322639.977947) can0 76A#7F00000000000000
(1779322640.036635) can0 0000E005#1702440003B60591
(1779322640.037189) can0 1806E5F4#13B3010003B6023A
(1779322640.038019) can0 0000E000#13B313B3020C0000
(1779322640.039039) can0 0000E004#181803B603B601DF
(1779322640.039999) can0 0000E006#0CCF0CCF0CCF0CCF
(1779322640.041000) can0 0000E007#0CCF0CCF0CCF0CCF
(1779322640.042000) can0 0000E008#0CCF0CCF0CCF0CCF
(1779322640.042995) can0 0000E009#0CCF0CCF0CCF0CD0
(1779322640.044045) can0 0000E010#0000000000000000
(1779322640.045045) can0 0000E011#0000000000000000
(1779322640.046038) can0 0000E012#0CCF000100000000
(1779322640.047052) can0 0000F001#0000000000000000
(1779322640.048038) can0 18FF28F4#10320000020C0000
(1779322640.049020) can0 18FE28F4#0CD00CCF40400000
(1779322640.050018) can0 18FD28F4#1702FA6F00000000
(1779322640.050936) can0 4D4#000032007D0C0203
(1779322640.051917) can0 4D5#CF0CD00C40400000
(1779322640.053026) can0 18914010#0CD0100CCF010000
(1779322640.054013) can0 18904010#020C020C753001F8
(1779322640.055020) can0 18FA28F4#123EA12C10270000
(1779322640.056007) can0 18FB28F4#D00CCF0C40400000
(1779322640.057021) can0 18FC28F4#383200000C020000
(1779322640.058007) can0 18F810F3#0C02E80332640100
(1779322640.059032) can0 18F815F3#0000000010030000
(1779322640.059937) can0 273#000000000C023200
(1779322640.060938) can0 1E1#020C271001F801F8
(1779322640.061950) can0 1F5#0000000000000000
(1779322640.063046) can0 0800A6A9#0000000000000000
(1779322640.063995) can0 1000A6A9#0C028813324A4A4A
(1779322640.065027) can0 1C00A6A9#0000000000030000
(1779322640.066039) can0 02018100#1003020C00000000
(1779322640.067034) can0 02028100#0000003264000000
(1779322640.068021) can0 02038100#0CD001100CCF0101
(1779322640.069015) can0 02048100#4A01014A01010000
(1779322640.069912) can0 1AD#7F14000059321818
(1779322640.070922) can0 2AD#D00C800C7F140016
(1779322640.071944) can0 3AD#0000000000007F14
(1779322640.072939) can0 4AD#EB00000000000000
(1779322640.073950) can0 76A#7F00000000000000
(1779322640.079887) can0 00000E00#00354C4331343233
(1779322640.136597) can0 0000E005#1702440003B60591
(1779322640.137138) can0 1806E5F4#13B3010003B6023A
(1779322640.138021) can0 0000E000#13B313B3020C0000
(1779322640.139032) can0 0000E004#181803B603B601DF
(1779322640.140000) can0 0000E006#0CCF0CCF0CCF0CCF
(1779322640.141000) can0 0000E007#0CCF0CCF0CCF0CCF
(1779322640.141994) can0 0000E008#0CCF0CCF0CCF0CCF
(1779322640.143006) can0 0000E009#0CCF0CCF0CCF0CD0
(1779322640.144039) can0 0000E010#0000000000000000
(1779322640.145039) can0 0000E011#0000000000000000
(1779322640.146039) can0 0000E012#0CCF000100000000
(1779322640.147051) can0 0000F001#0000000000000000
(1779322640.148033) can0 18FF28F4#10320000020C0000
(1779322640.149014) can0 18FE28F4#0CD00CCF40400000
(1779322640.150033) can0 18FD28F4#1702FA6F00000000
(1779322640.150942) can0 4D4#000032007D0C0203
(1779322640.151930) can0 4D5#CF0CD00C40400000
(1779322640.153007) can0 18914010#0CD0100CCF010000
(1779322640.154007) can0 18904010#020C020C753001F8
(1779322640.155020) can0 18FA28F4#123EA12C10270000
(1779322640.156007) can0 18FB28F4#D00CCF0C40400000
(1779322640.157021) can0 18FC28F4#383200000C020000
(1779322640.158000) can0 18F810F3#0C02E80332640100
(1779322640.159065) can0 18F815F3#0000000010030000
(1779322640.159931) can0 273#000000000C023200
(1779322640.160931) can0 1E1#020C271001F801F8
(1779322640.161944) can0 1F5#0000000000000000
(1779322640.163034) can0 0800A6A9#0000000000000000
(1779322640.163989) can0 1000A6A9#0C028813324A4A4A
(1779322640.165021) can0 1C00A6A9#0000000000030000
(1779322640.166040) can0 02018100#1003020C00000000
(1779322640.167060) can0 02028100#0000003264000000
(1779322640.168013) can0 02038100#0CD001100CCF0101
(1779322640.169015) can0 02048100#4A01014A01010000
(1779322640.169912) can0 1AD#7F14000059321818
(1779322640.170925) can0 2AD#D00C800C7F140016
(1779322640.171938) can0 3AD#0000000000007F14
(1779322640.172940) can0 4AD#EB00000000000000
(1779322640.173951) can0 76A#7F00000000000000
(1779322640.236608) can0 0000E005#1702440003B60591
(1779322640.237139) can0 1806E5F4#13B3010003B6023A
(1779322640.238021) can0 0000E000#13B313B3020C0000
(1779322640.239033) can0 0000E004#181803B603B601DF
(1779322640.239996) can0 0000E006#0CCF0CCF0CCF0CCF
(1779322640.241001) can0 0000E007#0CCF0CCF0CCF0CCF
(1779322640.242001) can0 0000E008#0CCF0CCF0CCF0CCF
(1779322640.242994) can0 0000E009#0CCF0CCF0CCF0CD0
(1779322640.244076) can0 0000E010#0000000000000000
(1779322640.245039) can0 0000E011#0000000000000000
(1779322640.246038) can0 0000E012#0CCF000100000000
(1779322640.247051) can0 0000F001#0000000000000000
(1779322640.248032) can0 18FF28F4#10320000020C0000
(1779322640.249020) can0 18FE28F4#0CD00CCF40400000
(1779322640.250013) can0 18FD28F4#1702FA6F00000000
(1779322640.250930) can0 4D4#000032007D0C0203
(1779322640.251958) can0 4D5#CF0CD00C40400000
(1779322640.253014) can0 18914010#0CD0100CCF010000
(1779322640.254007) can0 18904010#020C020C753001F8
(1779322640.255007) can0 18FA28F4#123EA12C10270000
(1779322640.256007) can0 18FB28F4#D00CCF0C40400000
(1779322640.257020) can0 18FC28F4#383200000C020000
(1779322640.258000) can0 18F810F3#0C02E80332640100
(1779322640.259033) can0 18F815F3#0000000010030000
(1779322640.259980) can0 273#000000000C023200
(1779322640.260931) can0 1E1#020C271001F801F8
(1779322640.261950) can0 1F5#0000000000000000
(1779322640.263027) can0 0800A6A9#0000000000000000
(1779322640.263989) can0 1000A6A9#0C028813324A4A4A
(1779322640.265028) can0 1C00A6A9#0000000000030000
(1779322640.266040) can0 02018100#1003020C00000000
(1779322640.267039) can0 02028100#0000003264000000
(1779322640.268020) can0 02038100#0CD001100CCF0101
(1779322640.269015) can0 02048100#4A01014A01010000
(1779322640.269918) can0 1AD#7F14000059321818
(1779322640.270931) can0 2AD#D00C800C7F140016
(1779322640.271944) can0 3AD#0000000000007F14
(1779322640.272938) can0 4AD#EB00000000000000
(1779322640.273938) can0 76A#7F00000000000000
(1779322640.336653) can0 0000E005#1702440003B60591
(1779322640.337198) can0 1806E5F4#13B3010003B6023A
(1779322640.338030) can0 0000E000#13B313B3020C0000
(1779322640.339049) can0 0000E004#181803B603B601DF
(1779322640.340000) can0 0000E006#0CCF0CCF0CCF0CCF
(1779322640.341000) can0 0000E007#0CCF0CCF0CCF0CCF
(1779322640.341999) can0 0000E008#0CCF0CCF0CCF0CCF
(1779322640.342999) can0 0000E009#0CCF0CCF0CCF0CD0
(1779322640.344043) can0 0000E010#0000000000000000
(1779322640.345046) can0 0000E011#0000000000000000
(1779322640.346049) can0 0000E012#0CCF000100000000
(1779322640.347059) can0 0000F001#0000000000000000
(1779322640.348026) can0 18FF28F4#10320000020C0000
(1779322640.349013) can0 18FE28F4#0CD00CCF40400000
(1779322640.350033) can0 18FD28F4#1702FA6F00000000
(1779322640.350930) can0 4D4#000032007D0C0203
(1779322640.351930) can0 4D5#CF0CD00C40400000
(1779322640.353009) can0 18914010#0CD0100CCF010000
(1779322640.354007) can0 18904010#020C020C753001F8
(1779322640.355018) can0 18FA28F4#123EA12C10270000
(1779322640.356000) can0 18FB28F4#D00CCF0C40400000
(1779322640.357020) can0 18FC28F4#383200000C020000
(1779322640.358001) can0 18F810F3#0C02E80332640100
(1779322640.359035) can0 18F815F3#0000000010030000
(1779322640.359927) can0 273#000000000C023200
(1779322640.360929) can0 1E1#020C271001F801F8
(1779322640.361946) can0 1F5#0000000000000000
(1779322640.363047) can0 0800A6A9#0000000000000000
(1779322640.363995) can0 1000A6A9#0C028813324A4A4A
(1779322640.365023) can0 1C00A6A9#0000000000030000
(1779322640.366031) can0 02018100#1003020C00000000
(1779322640.367031) can0 02028100#0000003264000000
(1779322640.368006) can0 02038100#0CD001100CCF0101
(1779322640.369012) can0 02048100#4A01014A01010000
(1779322640.369910) can0 1AD#7F14000059321818
(1779322640.370922) can0 2AD#D00C800C7F140016
(1779322640.371931) can0 3AD#0000000000007F14
(1779322640.372935) can0 4AD#EB00000000000000
(1779322640.373948) can0 76A#7F00000000000000
(1779322640.453638) can0 0000E005#1702440003B60591
(1779322640.454178) can0 1806E5F4#13B3010003B6023A
(1779322640.455010) can0 0000E000#13B313B3020C0000
(1779322640.456010) can0 0000E004#181803B603B601DF
(1779322640.456991) can0 0000E006#0CCF0CCF0CCF0CCF
(1779322640.457988) can0 0000E007#0CCF0CCF0CCF0CCF
(1779322640.459004) can0 0000E008#0CCF0CCF0CCF0CCF
(1779322640.459991) can0 0000E009#0CCF0CCF0CCF0CD0
(1779322640.461036) can0 0000E010#0000000000000000
(1779322640.462029) can0 0000E011#0000000000000000
(1779322640.463017) can0 0000E012#0CCF000100000000
(1779322640.463985) can0 0000E013#4542323630354C43
(1779322640.465011) can0 0000E014#3134323300000000
(1779322640.466030) can0 0000E015#0000000000000003
(1779322640.467057) can0 0000F000#0000000000000000
(1779322640.468053) can0 0000F001#0000000000000000
(1779322640.469026) can0 18FF28F4#10320000020C0000
(1779322640.470006) can0 18FE28F4#0CD00CCF40400000
(1779322640.471018) can0 18FD28F4#1702FA6F00000000
(1779322640.471927) can0 4D4#000032007D0C0203
(1779322640.472923) can0 4D5#CF0CD00C40400000
(1779322640.473992) can0 18914010#0CD0100CCF020000
(1779322640.475031) can0 18904010#020C020C753001F8
(1779322640.476031) can0 18924010#4001400100000000
(1779322640.477012) can0 18934010#000000680000BB2C
(1779322640.478024) can0 18944010#1003000000000000
(1779322640.479037) can0 18954010#0000000000000000
(1779322640.480037) can0 18954010#0100000000000000
(1779322640.481037) can0 18954010#0200000000000000
(1779322640.482029) can0 18954010#0300000000000000
(1779322640.483063) can0 18954010#0400000000000000
(1779322640.484031) can0 18954010#0500000000000000
(1779322640.485032) can0 18964010#0040404000000000
(1779322640.486023) can0 18974010#0000000000000000
(1779322640.487025) can0 18984010#0000000000000000
(1779322640.488006) can0 18FA28F4#123EA12C10270000
(1779322640.489000) can0 18FB28F4#D00CCF0C40400000
(1779322640.490013) can0 18FC28F4#383200000C020000
(1779322640.491044) can0 18F810F3#0C02E80332640100
(1779322640.492006) can0 18F811F3#D00C1001CF0C0201
(1779322640.493006) can0 18F812F3#4001014001010000
(1779322640.494029) can0 18F813F3#0101000000000000
(1779322640.495000) can0 18F814F3#3200EA1AA9015F00
(1779322640.496031) can0 18F815F3#0000000010030000
(1779322640.496930) can0 273#000000000C023200
(1779322640.497924) can0 1E1#020C271001F801F8
(1779322640.498943) can0 1F5#0000000000000000
(1779322640.500019) can0 0800A6A9#0000000000000000
(1779322640.500981) can0 1000A6A9#0C028813324A4A4A
(1779322640.502013) can0 1C00A6A9#0000000000030000
(1779322640.503026) can0 02018100#1003020C00000000
(1779322640.504026) can0 02028100#0000003264000000
(1779322640.505020) can0 02038100#0CD001100CCF0102
(1779322640.506008) can0 02048100#4A01014A01010000
(1779322640.506911) can0 1AD#7F14000059321818
(1779322640.507924) can0 2AD#D00C800C7F140016
(1779322640.508925) can0 3AD#0000000000007F14
(1779322640.509934) can0 4AD#EB00000000000000
(1779322640.510937) can0 76A#7F00000000000000
(1779322640.569620) can0 0000E005#1702440003B60591
(1779322640.570134) can0 1806E5F4#13B3010003B6023A
(1779322640.571005) can0 0000E000#13B313B3020C0000
(1779322640.572017) can0 0000E004#181803B603B601DF
(1779322640.572986) can0 0000E006#0CCF0CCF0CCF0CCF
(1779322640.573979) can0 0000E007#0CCF0CCF0CCF0CCF
(1779322640.574989) can0 0000E008#0CCF0CCF0CCF0CCF
(1779322640.575980) can0 0000E009#0CCF0CCF0CCF0CD0
(1779322640.577044) can0 0000E010#0000000000000000
(1779322640.578037) can0 0000E011#0000000000000000
(1779322640.579014) can0 0000E012#0CCF000100000000
(1779322640.580037) can0 0000F001#0000000000000000
(1779322640.581019) can0 18FF28F4#10320000020C0000
(1779322640.581999) can0 18FE28F4#0CD00CCF40400000
(1779322640.583018) can0 18FD28F4#1702FA6F00000000
(1779322640.583916) can0 4D4#000032007D0C0203
(1779322640.584916) can0 4D5#CF0CD00C40400000
(1779322640.585993) can0 18914010#0CD0100CCF020000
(1779322640.586989) can0 18904010#020C020C753001F8
(1779322640.588006) can0 18FA28F4#123EA12C10270000
(1779322640.588987) can0 18FB28F4#D00CCF0C40400000
(1779322640.590006) can0 18FC28F4#383200000C020000
(1779322640.590999) can0 18F810F3#0C02E80332640100
(1779322640.592031) can0 18F815F3#0000000010030000
(1779322640.592917) can0 273#000000000C023200
(1779322640.593917) can0 1E1#020C271001F801F8
(1779322640.594930) can0 1F5#0000000000000000
(1779322640.596032) can0 0800A6A9#0000000000000000
(1779322640.596982) can0 1000A6A9#0C028813324A4A4A
(1779322640.598006) can0 1C00A6A9#0000000000030000
(1779322640.599020) can0 02018100#1003020C00000000
(1779322640.600021) can0 02028100#0000003264000000
(1779322640.601001) can0 02038100#0CD001100CCF0102
(1779322640.602001) can0 02048100#4A01014A01010000
(1779322640.602894) can0 1AD#7F14000059321818
(1779322640.603911) can0 2AD#D00C800C7F140016
(1779322640.604944) can0 3AD#0000000000007F14
(1779322640.605950) can0 4AD#EB00000000000000
(1779322640.606938) can0 76A#7F00000000000000
(1779322640.669624) can0 0000E005#1702440003B60591
(1779322640.670141) can0 1806E5F4#13B3010003B6023A
(1779322640.671005) can0 0000E000#13B313B3020C0000
(1779322640.672018) can0 0000E004#181803B603B601DF
(1779322640.672986) can0 0000E006#0CCF0CCF0CCF0CCF
(1779322640.673986) can0 0000E007#0CCF0CCF0CCF0CCF
(1779322640.674986) can0 0000E008#0CCF0CCF0CCF0CCF
(1779322640.675974) can0 0000E009#0CCF0CCF0CCF0CD0
(1779322640.677031) can0 0000E010#0000000000000000
(1779322640.678024) can0 0000E011#0000000000000000
(1779322640.679024) can0 0000E012#0CCF000100000000
(1779322640.680037) can0 0000F001#0000000000000000
(1779322640.681026) can0 18FF28F4#10320000020C0000
(1779322640.682019) can0 18FE28F4#0CD00CCF40400000
(1779322640.683019) can0 18FD28F4#1702FA6F00000000
(1779322640.683920) can0 4D4#000032007D0C0203
(1779322640.684917) can0 4D5#CF0CD00C40400000
(1779322640.685999) can0 18914010#0CD0100CCF020000
(1779322640.686993) can0 18904010#020C020C753001F8
(1779322640.688006) can0 18FA28F4#123EA12C10270000
(1779322640.688994) can0 18FB28F4#D00CCF0C40400000
(1779322640.690025) can0 18FC28F4#383200000C020000
(1779322640.690987) can0 18F810F3#0C02E80332640100
(1779322640.692019) can0 18F815F3#0000000010030000
(1779322640.692923) can0 273#000000000C023200
(1779322640.693923) can0 1E1#020C271001F801F8
(1779322640.694936) can0 1F5#0000000000000000
(1779322640.696026) can0 0800A6A9#0000000000000000
(1779322640.696981) can0 1000A6A9#0C028813324A4A4A
(1779322640.698045) can0 1C00A6A9#0000000000030000
(1779322640.699026) can0 02018100#1003020C00000000
(1779322640.700023) can0 02028100#0000003264000000
(1779322640.701007) can0 02038100#0CD001100CCF0102
(1779322640.702000) can0 02048100#4A01014A01010000
(1779322640.702904) can0 1AD#7F14000059321818
(1779322640.703918) can0 2AD#D00C800C7F140016
(1779322640.704930) can0 3AD#0000000000007F14
(1779322640.705956) can0 4AD#EB00000000000000
(1779322640.706949) can0 76A#7F00000000000000
(1779322640.769629) can0 0000E005#1702440003B60591
(1779322640.770171) can0 1806E5F4#13B3010003B6023A
(1779322640.771011) can0 0000E000#13B313B3020C0000
(1779322640.772005) can0 0000E004#181803B603B601DF
(1779322640.772988) can0 0000E006#0CCF0CCF0CCF0CCF
(1779322640.773986) can0 0000E007#0CCF0CCF0CCF0CCF
(1779322640.775017) can0 0000E008#0CCF0CCF0CCF0CCF
(1779322640.775986) can0 0000E009#0CCF0CCF0CCF0CD0
(1779322640.777031) can0 0000E010#0000000000000000
(1779322640.778031) can0 0000E011#0000000000000000
(1779322640.779012) can0 0000E012#0CCF000100000000
(1779322640.780024) can0 0000F001#0000000000000000
(1779322640.781002) can0 18FF28F4#10320000020C0000
(1779322640.782005) can0 18FE28F4#0CD00CCF40400000
(1779322640.783038) can0 18FD28F4#1702FA6F00000000
(1779322640.783922) can0 4D4#000032007D0C0203
(1779322640.784905) can0 4D5#CF0CD00C40400000
(1779322640.785999) can0 18914010#0CD0100CCF020000
(1779322640.786999) can0 18904010#020C020C753001F8
(1779322640.788000) can0 18FA28F4#123EA12C10270000
(1779322640.789001) can0 18FB28F4#D00CCF0C40400000
(1779322640.790013) can0 18FC28F4#383200000C020000
(1779322640.791044) can0 18F810F3#0C02E80332640100
(1779322640.792025) can0 18F815F3#0000000010030000
(1779322640.792918) can0 273#000000000C023200
(1779322640.793923) can0 1E1#020C271001F801F8
(1779322640.794936) can0 1F5#0000000000000000
(1779322640.796019) can0 0800A6A9#0000000000000000
(1779322640.796983) can0 1000A6A9#0C028813324A4A4A
(1779322640.798014) can0 1C00A6A9#0000000000030000
(1779322640.799077) can0 02018100#1003020C00000000
(1779322640.800026) can0 02028100#0000003264000000
(1779322640.801007) can0 02038100#0CD001100CCF0102
(1779322640.802007) can0 02048100#4A01014A01010000
(1779322640.802904) can0 1AD#7F14000059321818
(1779322640.803919) can0 2AD#D00C800C7F140016
(1779322640.804928) can0 3AD#0000000000007F14
(1779322640.805930) can0 4AD#EB00000000000000
(1779322640.806930) can0 76A#7F00000000000000
(1779322640.869565) can0 0000E005#1702440003B60591
(1779322640.870111) can0 1806E5F4#13B3010003B6023A
(1779322640.871005) can0 0000E000#13B313B3020C0000
(1779322640.872005) can0 0000E004#181803B603B601DF
(1779322640.872986) can0 0000E006#0CCF0CCF0CCF0CCF
(1779322640.873985) can0 0000E007#0CCF0CCF0CCF0CCF
(1779322640.874980) can0 0000E008#0CCF0CCF0CCF0CCF
(1779322640.876031) can0 0000E009#0CCF0CCF0CCF0CD0
(1779322640.877025) can0 0000E010#0000000000000000
(1779322640.878023) can0 0000E011#0000000000000000
(1779322640.879006) can0 0000E012#0CCF000100000000
(1779322640.880025) can0 0000F001#0000000000000000
(1779322640.881006) can0 18FF28F4#10320000020C0000
(1779322640.881997) can0 18FE28F4#0CD00CCF40400000
(1779322640.882999) can0 18FD28F4#1702FA6F00000000
(1779322640.883916) can0 4D4#000032007D0C0203
(1779322640.884904) can0 4D5#CF0CD00C40400000
(1779322640.885999) can0 18914010#0CD0100CCF020000
(1779322640.886994) can0 18904010#020C020C753001F8
(1779322640.887993) can0 18FA28F4#123EA12C10270000
(1779322640.888993) can0 18FB28F4#D00CCF0C40400000
(1779322640.890001) can0 18FC28F4#383200000C020000
(1779322640.890987) can0 18F810F3#0C02E80332640100
(1779322640.892019) can0 18F815F3#0000000010030000
(1779322640.892923) can0 273#000000000C023200
(1779322640.893919) can0 1E1#020C271001F801F8
(1779322640.894936) can0 1F5#0000000000000000
(1779322640.896013) can0 0800A6A9#0000000000000000
(1779322640.896981) can0 1000A6A9#0C028813324A4A4A
(1779322640.898013) can0 1C00A6A9#0000000000030000
(1779322640.899025) can0 02018100#1003020C00000000
(1779322640.900026) can0 02028100#0000003264000000
(1779322640.901007) can0 02038100#0CD001100CCF0102
(1779322640.902002) can0 02048100#4A01014A01010000
(1779322640.902905) can0 1AD#7F14000059321818
(1779322640.903917) can0 2AD#D00C800C7F140016
(1779322640.904931) can0 3AD#0000000000007F14
(1779322640.905924) can0 4AD#EB00000000000000
(1779322640.906924) can0 76A#7F00000000000000
(1779322640.986569) can0 0000E005#1702440003B60591
(1779322640.987122) can0 1806E5F4#13B3010003B6023A
(1779322640.988006) can0 0000E000#13B313B3020C0000
(1779322640.989006) can0 0000E004#181803B603B601DF
(1779322640.989987) can0 0000E006#0CCF0CCF0CCF0CCF
(1779322640.990984) can0 0000E007#0CCF0CCF0CCF0CCF
(1779322640.991987) can0 0000E008#0CCF0CCF0CCF0CCF
(1779322640.992981) can0 0000E009#0CCF0CCF0CCF0CD0
(1779322640.994032) can0 0000E010#0000000000000000
(1779322640.995025) can0 0000E011#0000000000000000
(1779322640.996013) can0 0000E012#0CCF000100000000
(1779322640.996975) can0 0000E013#4542323630354C43
(1779322640.998026) can0 0000E014#3134323300000000
(1779322640.999019) can0 0000E015#0000000000000003
(1779322641.000039) can0 0000F000#0000000000000000
(1779322641.001020) can0 0000F001#0000000000000000
(1779322641.002001) can0 18FF28F4#10320000020C0000
(1779322641.002993) can0 18FE28F4#0CD00CCF40400000
(1779322641.003995) can0 18FD28F4#1702FA6F00000000
(1779322641.004918) can0 4D4#000032007D0C0203
(1779322641.005930) can0 4D5#CF0CD00C40400000
(1779322641.006988) can0 18914010#0CD0100CCF020000
(1779322641.007988) can0 18904010#020C020C753001F8
(1779322641.009008) can0 18924010#4001400100000000
(1779322641.010000) can0 18934010#000000690000BB2C
(1779322641.011021) can0 18944010#1003000000000000
(1779322641.012032) can0 18954010#0000000000000000
(1779322641.013033) can0 18954010#0100000000000000
(1779322641.014065) can0 18954010#0200000000000000
(1779322641.015024) can0 18954010#0300000000000000
(1779322641.016027) can0 18954010#0400000000000000
(1779322641.017008) can0 18954010#0500000000000000
(1779322641.018026) can0 18964010#0040404000000000
(1779322641.019013) can0 18974010#0000000000000000
(1779322641.020021) can0 18984010#0000000000000000
(1779322641.021002) can0 18FA28F4#123EA12C10270000
(1779322641.022028) can0 18FB28F4#D00CCF0C40400000
(1779322641.023008) can0 18FC28F4#383200000C020000
(1779322641.023989) can0 18F810F3#0C02E80332640100
(1779322641.024989) can0 18F811F3#D00C1001CF0C0201
(1779322641.026002) can0 18F812F3#4001014001010000
(1779322641.027010) can0 18F813F3#0101000000000000
(1779322641.027996) can0 18F814F3#3200EA1AA9015F00
(1779322641.029009) can0 18F815F3#0000000010030000
(1779322641.029957) can0 273#000000000C023200
(1779322641.030905) can0 1E1#020C271001F801F8
(1779322641.031932) can0 1F5#0000000000000000
(1779322641.033016) can0 0800A6A9#0000000000000000
(1779322641.033977) can0 1000A6A9#0C028813324A4A4A
(1779322641.035010) can0 1C00A6A9#0000000000030000
(1779322641.036022) can0 02018100#1003020C00000000
(1779322641.037022) can0 02028100#0000003264000000
(1779322641.038003) can0 02038100#0CD001100CCF0102
(1779322641.039003) can0 02048100#4A01014A01010000
(1779322641.039888) can0 1AD#7F14000059321818
(1779322641.040901) can0 2AD#D00C800C7F140016
(1779322641.041920) can0 3AD#0000000000007F14
(1779322641.042913) can0 4AD#EB00000000000000
(1779322641.043933) can0 76A#7F00000000000000
(1779322641.102553) can0 0000E005#1702440003B60591
(1779322641.103122) can0 1806E5F4#13B3010003B6023A
(1779322641.104007) can0 0000E000#13B313B3020C0000
(1779322641.105007) can0 0000E004#181803B603B601DF
(1779322641.105988) can0 0000E006#0CCF0CCF0CCF0CCF
(1779322641.106989) can0 0000E007#0CCF0CCF0CCF0CCF
(1779322641.107976) can0 0000E008#0CCF0CCF0CCF0CCF
(1779322641.108982) can0 0000E009#0CCF0CCF0CCF0CD0
(1779322641.110026) can0 0000E010#0000000000000000
(1779322641.111042) can0 0000E011#0000000000000000
(1779322641.112002) can0 0000E012#0CCF000100000000
(1779322641.113029) can0 0000F001#0000000000000000
(1779322641.114007) can0 18FF28F4#10320000020C0000
(1779322641.114989) can0 18FE28F4#0CD00CCF40400000
(1779322641.116001) can0 18FD28F4#1702FA6F00000000
(1779322641.116919) can0 4D4#000032007D0C0203
(1779322641.117905) can0 4D5#CF0CD00C40400000
(1779322641.118995) can0 18914010#0CD0100CCF020000
(1779322641.119993) can0 18904010#020C020C753001F8
(1779322641.120995) can0 18FA28F4#123EA12C10270000
(1779322641.121995) can0 18FB28F4#D00CCF0C40400000
(1779322641.123008) can0 18FC28F4#383200000C020000
(1779322641.123989) can0 18F810F3#0C02E80332640100
(1779322641.125021) can0 18F815F3#0000000010030000
(1779322641.125925) can0 273#000000000C023200
(1779322641.126906) can0 1E1#020C271001F801F8
(1779322641.127932) can0 1F5#0000000000000000
(1779322641.129016) can0 0800A6A9#0000000000000000
(1779322641.129983) can0 1000A6A9#0C028813324A4A4A
(1779322641.131009) can0 1C00A6A9#0000000000030000
(1779322641.132024) can0 02018100#1003020C00000000
(1779322641.133009) can0 02028100#0000003264000000
(1779322641.134002) can0 02038100#0CD001100CCF0102
(1779322641.135002) can0 02048100#4A01014A01010000
(1779322641.135896) can0 1AD#7F14000059321818
(1779322641.136900) can0 2AD#D00C800C7F140016
(1779322641.137913) can0 3AD#0000000000007F14
(1779322641.138926) can0 4AD#EB00000000000000
(1779322641.139926) can0 76A#7F00000000000000
(1779322641.202656) can0 0000E005#1702440003B60591
(1779322641.203162) can0 1806E5F4#13B3010003B6023A
(1779322641.203994) can0 0000E000#13B313B3020C0000
(1779322641.205006) can0 0000E004#181803B603B601DF
(1779322641.205974) can0 0000E006#0CCF0CCF0CCF0CCF
(1779322641.206975) can0 0000E007#0CCF0CCF0CCF0CCF
(1779322641.207975) can0 0000E008#0CCF0CCF0CCF0CCF
(1779322641.208971) can0 0000E009#0CCF0CCF0CCF0CD0
(1779322641.210020) can0 0000E010#0000000000000000
(1779322641.211020) can0 0000E011#0000000000000000
(1779322641.212030) can0 0000E012#0CCF000100000000
(1779322641.213038) can0 0000F001#0000000000000000
(1779322641.214014) can0 18FF28F4#10320000020C0000
(1779322641.214995) can0 18FE28F4#0CD00CCF40400000
(1779322641.215995) can0 18FD28F4#1702FA6F00000000
(1779322641.216909) can0 4D4#000032007D0C0203
(1779322641.217912) can0 4D5#CF0CD00C40400000
(1779322641.218989) can0 18914010#0CD0100CCF020000
(1779322641.219989) can0 18904010#020C020C753001F8
(1779322641.221002) can0 18FA28F4#123EA12C10270000
(1779322641.221982) can0 18FB28F4#D00CCF0C40400000
(1779322641.223002) can0 18FC28F4#383200000C020000
(1779322641.223983) can0 18F810F3#0C02E80332640100
(1779322641.225015) can0 18F815F3#0000000010030000
(1779322641.225912) can0 273#000000000C023200
(1779322641.226913) can0 1E1#020C271001F801F8
(1779322641.227925) can0 1F5#0000000000000000
(1779322641.229015) can0 0800A6A9#0000000000000000
(1779322641.229970) can0 1000A6A9#0C028813324A4A4A
(1779322641.231002) can0 1C00A6A9#0000000000030000
(1779322641.232015) can0 02018100#1003020C00000000
(1779322641.233011) can0 02028100#0000003264000000
(1779322641.233996) can0 02038100#0CD001100CCF0102
(1779322641.234996) can0 02048100#4A01014A01010000
(1779322641.235894) can0 1AD#7F14000059321818
(1779322641.236939) can0 2AD#D00C800C7F140016
(1779322641.237920) can0 3AD#0000000000007F14
(1779322641.238920) can0 4AD#EB00000000000000
(1779322641.239914) can0 76A#7F00000000000000
(1779322641.302569) can0 0000E005#1702440003B60591
(1779322641.303121) can0 1806E5F4#13B3010003B6023A
(1779322641.303987) can0 0000E000#13B313B3020C0000
(1779322641.305007) can0 0000E004#181803B603B601DF
(1779322641.306000) can0 0000E006#0CCF0CCF0CCF0CCF
(1779322641.306969) can0 0000E007#0CCF0CCF0CCF0CCF
(1779322641.307968) can0 0000E008#0CCF0CCF0CCF0CCF
(1779322641.308969) can0 0000E009#0CCF0CCF0CCF0CCF
(1779322641.310014) can0 0000E010#0000000000000000
(1779322641.311014) can0 0000E011#0000000000000000
(1779322641.311994) can0 0000E012#0CCF000000000000
(1779322641.313040) can0 0000F001#0000000000000000
(1779322641.314038) can0 18FF28F4#10320000020C0000
(1779322641.314976) can0 18FE28F4#0CCF0CCF40400000
(1779322641.316001) can0 18FD28F4#1702FA6F00000000
(1779322641.316908) can0 4D4#000032007D0C0203
(1779322641.317885) can0 4D5#CF0CCF0C40400000
(1779322641.318983) can0 18914010#0CCF010CCF020000
(1779322641.319982) can0 18904010#020C020C753001F8
(1779322641.320996) can0 18FA28F4#123EA12C10270000
(1779322641.322008) can0 18FB28F4#CF0CCF0C40400000
(1779322641.322995) can0 18FC28F4#383200000C020000
(1779322641.323977) can0 18F810F3#0C02E80332640100
(1779322641.325009) can0 18F815F3#0000000010030000
(1779322641.325899) can0 273#000000000C023200
(1779322641.326907) can0 1E1#020C271001F801F8
(1779322641.327919) can0 1F5#0000000000000000
(1779322641.329015) can0 0800A6A9#0000000000000000
(1779322641.330008) can0 1000A6A9#0C028813324A4A4A
(1779322641.330996) can0 1C00A6A9#0000000000030000
(1779322641.332009) can0 02018100#1003020C00000000
(1779322641.333009) can0 02028100#0000003264000000
(1779322641.333990) can0 02038100#0CCF01010CCF0102
(1779322641.334990) can0 02048100#4A01014A01010000
(1779322641.335888) can0 1AD#7E14000059321818
(1779322641.336888) can0 2AD#CF0C800C7E140016
(1779322641.337908) can0 3AD#0000000000007E14
(1779322641.338913) can0 4AD#EB00000000000000
(1779322641.339907) can0 76A#7F00000000000000
(1779322641.402553) can0 0000E005#1702440003B60591
(1779322641.403113) can0 1806E5F4#13B3010003B6023A
(1779322641.403988) can0 0000E000#13B313B3020C0000
(1779322641.405001) can0 0000E004#181803B603B601DF
(1779322641.405962) can0 0000E006#0CCF0CCF0CCF0CCF
(1779322641.407013) can0 0000E007#0CCF0CCF0CCF0CCF
(1779322641.407975) can0 0000E008#0CCF0CCF0CCF0CCF
(1779322641.408963) can0 0000E009#0CCF0CCF0CCF0CCF
(1779322641.410026) can0 0000E010#0000000000000000
(1779322641.411019) can0 0000E011#0000000000000000
(1779322641.412007) can0 0000E012#0CCF000000000000
(1779322641.413021) can0 0000F001#0000000000000000
(1779322641.414012) can0 18FF28F4#10320000020C0000
(1779322641.414984) can0 18FE28F4#0CCF0CCF40400000
(1779322641.416002) can0 18FD28F4#1702FA6F00000000
(1779322641.416900) can0 4D4#000032007D0C0203
(1779322641.417899) can0 4D5#CF0CCF0C40400000
(1779322641.418978) can0 18914010#0CCF010CCF020000
(1779322641.419976) can0 18904010#020C020C753001F8
(1779322641.420990) can0 18FA28F4#123EA12C10270000
(1779322641.421977) can0 18FB28F4#CF0CCF0C40400000
(1779322641.422982) can0 18FC28F4#383200000C020000
(1779322641.423989) can0 18F810F3#0C02E80332640100
(1779322641.425015) can0 18F815F3#0000000010030000
(1779322641.425900) can0 273#000000000C023200
(1779322641.426900) can0 1E1#020C271001F801F8
(1779322641.427913) can0 1F5#0000000000000000
(1779322641.429009) can0 0800A6A9#0000000000000000
(1779322641.429958) can0 1000A6A9#0C028813324A4A4A
(1779322641.430990) can0 1C00A6A9#0000000000030000
(1779322641.432009) can0 02018100#1003020C00000000
(1779322641.433003) can0 02028100#0000003264000000
(1779322641.433983) can0 02038100#0CCF01010CCF0102
(1779322641.434998) can0 02048100#4A01014A01010000
(1779322641.435881) can0 1AD#7E14000059321818
(1779322641.436881) can0 2AD#CF0C800C7E140016
(1779322641.437907) can0 3AD#0000000000007E14
(1779322641.438916) can0 4AD#EB00000000000000
(1779322641.439920) can0 76A#7F00000000000000
(1779322641.519558) can0 0000E005#1702440003B60591
(1779322641.520111) can0 1806E5F4#13B3010003B6023A
(1779322641.520995) can0 0000E000#13B313B3020C0000
(1779322641.521994) can0 0000E004#181803B603B601DF
(1779322641.522977) can0 0000E006#0CCF0CCF0CCF0CCF
(1779322641.523972) can0 0000E007#0CCF0CCF0CCF0CCF
(1779322641.524966) can0 0000E008#0CCF0CCF0CCF0CCF
(1779322641.525970) can0 0000E009#0CCF0CCF0CCF0CD0
(1779322641.527016) can0 0000E010#0000000000000000
(1779322641.528015) can0 0000E011#0000000000000000
(1779322641.529007) can0 0000E012#0CCF000100000000
(1779322641.529964) can0 0000E013#4542323630354C43
(1779322641.530996) can0 0000E014#3134323300000000
(1779322641.532009) can0 0000E015#0000000000000003
(1779322641.533022) can0 0000F000#0000000000000000
(1779322641.534009) can0 0000F001#0000000000000000
(1779322641.535003) can0 18FF28F4#10320000020C0000
(1779322641.535990) can0 18FE28F4#0CD00CCF40400000
(1779322641.537012) can0 18FD28F4#1702FA6F00000000
(1779322641.537901) can0 4D4#000032007D0C0203
(1779322641.538900) can0 4D5#CF0CD00C40400000
(1779322641.539983) can0 18914010#0CD0100CCF020000
(1779322641.540977) can0 18904010#020C020C753001F8
(1779322641.542010) can0 18924010#4001400100000000
(1779322641.542990) can0 18934010#0000006A0000BB2C
(1779322641.544010) can0 18944010#1003000000000000
(1779322641.545054) can0 18954010#0000000000000000
(1779322641.546022) can0 18954010#0100000000000000
(1779322641.547003) can0 18954010#0200000000000000
(1779322641.548016) can0 18954010#0300000000000000
(1779322641.549013) can0 18954010#0400000000000000
(1779322641.550016) can0 18954010#0500000000000000
(1779322641.550996) can0 18964010#0040404000000000
(1779322641.552010) can0 18974010#0000000000000000
(1779322641.553051) can0 18984010#0000000000000000
(1779322641.553984) can0 18FA28F4#123EA12C10270000
(1779322641.554984) can0 18FB28F4#D00CCF0C40400000
(1779322641.555998) can0 18FC28F4#383200000C020000
(1779322641.556978) can0 18F810F3#0C02E80332640100
(1779322641.557972) can0 18F811F3#D00C1001CF0C0201
(1779322641.558985) can0 18F812F3#4001014001010000
(1779322641.560017) can0 18F813F3#0101000000000000
(1779322641.561030) can0 18F814F3#3200EA1AA9015F00
(1779322641.562010) can0 18F815F3#0000000010030000
(1779322641.562915) can0 273#000000000C023200
(1779322641.563901) can0 1E1#020C271001F801F8
(1779322641.564921) can0 1F5#0000000000000000
(1779322641.566004) can0 0800A6A9#0000000000000000
(1779322641.566966) can0 1000A6A9#0C028813324A4A4A
(1779322641.567998) can0 1C00A6A9#0000000000030000
(1779322641.569011) can0 02018100#1003020C00000000
(1779322641.570011) can0 02028100#0000003264000000
(1779322641.570992) can0 02038100#0CD001100CCF0102
(1779322641.571991) can0 02048100#4A01014A01010000
(1779322641.572896) can0 1AD#7F14000059321818
(1779322641.573890) can0 2AD#D00C800C7F140016
(1779322641.574909) can0 3AD#0000000000007F14
(1779322641.575917) can0 4AD#EB00000000000000
(1779322641.576922) can0 76A#7F00000000000000
(1779322641.635597) can0 0000E005#1702440003B60591
(1779322641.636150) can0 1806E5F4#13B3010003B6023A
(1779322641.636990) can0 0000E000#13B313B3020C0000
(1779322641.638048) can0 0000E004#181803B603B601DF
(1779322641.638965) can0 0000E006#0CCF0CCF0CCF0CCF
(1779322641.639964) can0 0000E007#0CCF0CCF0CCF0CCF
(1779322641.640958) can0 0000E008#0CCF0CCF0CCF0CCF
(1779322641.641964) can0 0000E009#0CCF0CCF0CCF0CD0
(1779322641.643009) can0 0000E010#0000000000000000
(1779322641.644009) can0 0000E011#0000000000000000
(1779322641.644999) can0 0000E012#0CCF000100000000
(1779322641.646022) can0 0000F001#0000000000000000
(1779322641.647003) can0 18FF28F4#10320000020C0000
(1779322641.647984) can0 18FE28F4#0CD00CCF40400000
(1779322641.648997) can0 18FD28F4#1702FA6F00000000
(1779322641.649901) can0 4D4#000032007D0C0203
(1779322641.650901) can0 4D5#CF0CD00C40400000
(1779322641.651978) can0 18914010#0CD0100CCF020000
(1779322641.652973) can0 18904010#020C020C753001F8
(1779322641.653992) can0 18FA28F4#123EA12C10270000
(1779322641.654972) can0 18FB28F4#D00CCF0C40400000
(1779322641.655985) can0 18FC28F4#383200000C020000
(1779322641.656961) can0 18F810F3#0C02E80332640100
(1779322641.657998) can0 18F815F3#0000000010030000
(1779322641.658901) can0 273#000000000C023200
(1779322641.659902) can0 1E1#020C271001F801F8
(1779322641.660915) can0 1F5#0000000000000000
(1779322641.662011) can0 0800A6A9#0000000000000000
(1779322641.662960) can0 1000A6A9#0C028813324A4A4A
(1779322641.663992) can0 1C00A6A9#0000000000030000
(1779322641.664997) can0 02018100#1003020C00000000
(1779322641.666004) can0 02028100#0000003264000000
(1779322641.666986) can0 02038100#0CD001100CCF0102
(1779322641.667998) can0 02048100#4A01014A01010000
(1779322641.668877) can0 1AD#7F14000059321818
(1779322641.669896) can0 2AD#D00C800C7F140016
(1779322641.670909) can0 3AD#0000000000007F14
(1779322641.671921) can0 4AD#EB00000000000000
(1779322641.672916) can0 76A#7F00000000000000
(1779322641.735585) can0 0000E005#1702440003B60591
(1779322641.736138) can0 1806E5F4#13B3010003B6023A
(1779322641.736990) can0 0000E000#13B313B3020C0000
(1779322641.737986) can0 0000E004#181803B603B601DF
(1779322641.738971) can0 0000E006#0CCF0CCF0CCF0CCF
(1779322641.739971) can0 0000E007#0CCF0CCF0CCF0CCF
(1779322641.740971) can0 0000E008#0CCF0CCF0CCF0CCF
(1779322641.741966) can0 0000E009#0CCF0CCF0CCF0CD0
(1779322641.743015) can0 0000E010#0000000000000000
(1779322641.744009) can0 0000E011#0000000000000000
(1779322641.744997) can0 0000E012#0CCF000100000000
(1779322641.746009) can0 0000F001#0000000000000000
(1779322641.746990) can0 18FF28F4#10320000020C0000
(1779322641.747972) can0 18FE28F4#0CD00CCF40400000
(1779322641.748991) can0 18FD28F4#1702FA6F00000000
(1779322641.749904) can0 4D4#000032007D0C0203
(1779322641.750889) can0 4D5#CF0CD00C40400000
(1779322641.751997) can0 18914010#0CD0100CCF020000
(1779322641.752978) can0 18904010#020C020C753001F8
(1779322641.753974) can0 18FA28F4#123EA12C10270000
(1779322641.754978) can0 18FB28F4#D00CCF0C40400000
(1779322641.755991) can0 18FC28F4#383200000C020000
(1779322641.756972) can0 18F810F3#0C02E80332640100
(1779322641.758004) can0 18F815F3#0000000010030000
(1779322641.758908) can0 273#000000000C023200
(1779322641.759921) can0 1E1#020C271001F801F8
(1779322641.760922) can0 1F5#0000000000000000
(1779322641.761996) can0 0800A6A9#0000000000000000
(1779322641.762966) can0 1000A6A9#0C028813324A4A4A
(1779322641.763998) can0 1C00A6A9#0000000000030000
(1779322641.765011) can0 02018100#1003020C00000000
(1779322641.765991) can0 02028100#0000003264000000
(1779322641.766992) can0 02038100#0CD001100CCF0102
(1779322641.768017) can0 02048100#4A01014A01010000
(1779322641.768884) can0 1AD#7F14000059321818
(1779322641.769896) can0 2AD#D00C800C7F140016
(1779322641.770896) can0 3AD#0000000000007F14
(1779322641.771909) can0 4AD#EB00000000000000
(1779322641.772903) can0 76A#7F00000000000000
(1779322641.835544) can0 0000E005#1702440003B60591
(1779322641.836099) can0 1806E5F4#13B3010003B6023A
(1779322641.836997) can0 0000E000#13B313B3020C0000
(1779322641.837996) can0 0000E004#181803B603B601DF
(1779322641.838957) can0 0000E006#0CCF0CCF0CCF0CCF
(1779322641.839964) can0 0000E007#0CCF0CCF0CCF0CCF
(1779322641.840959) can0 0000E008#0CCF0CCF0CCF0CCF
(1779322641.841958) can0 0000E009#0CCF0CCF0CCF0CD0
(1779322641.843003) can0 0000E010#0000000000000000
(1779322641.844003) can0 0000E011#0000000000000000
(1779322641.845016) can0 0000E012#0CCF000100000000
(1779322641.846016) can0 0000F001#0000000000000000
(1779322641.846979) can0 18FF28F4#10320000020C0000
(1779322641.847984) can0 18FE28F4#0CD00CCF40400000
(1779322641.848978) can0 18FD28F4#1702FA6F00000000
(1779322641.849895) can0 4D4#000032007D0C0203
(1779322641.850874) can0 4D5#CF0CD00C40400000
(1779322641.851978) can0 18914010#0CD0100CCF020000
(1779322641.853004) can0 18904010#020C020C753001F8
(1779322641.853991) can0 18FA28F4#123EA12C10270000
(1779322641.854972) can0 18FB28F4#D00CCF0C40400000
(1779322641.855985) can0 18FC28F4#383200000C020000
(1779322641.856966) can0 18F810F3#0C02E80332640100
(1779322641.857998) can0 18F815F3#0000000010030000
(1779322641.858895) can0 273#000000000C023200
(1779322641.859896) can0 1E1#020C271001F801F8
(1779322641.860960) can0 1F5#0000000000000000
(1779322641.861991) can0 0800A6A9#0000000000000000
(1779322641.862950) can0 1000A6A9#0C028813324A4A4A
(1779322641.863985) can0 1C00A6A9#0000000000030000
(1779322641.865005) can0 02018100#1003020C00000000
(1779322641.865998) can0 02028100#0000003264000000
(1779322641.866985) can0 02038100#0CD001100CCF0102
(1779322641.867979) can0 02048100#4A01014A01010000
(1779322641.868928) can0 1AD#7F14000059321818
(1779322641.869890) can0 2AD#D00C800C7F140016
(1779322641.870904) can0 3AD#0000000000007F14
(1779322641.871903) can0 4AD#EB00000000000000
(1779322641.872896) can0 76A#7F00000000000000
(1779322641.935596) can0 0000E005#1702440003B60591
(1779322641.936149) can0 1806E5F4#13B3010003B6023A
(1779322641.936984) can0 0000E000#13B313B3020C0000
(1779322641.938034) can0 0000E004#181803B603B601DF
(1779322641.938964) can0 0000E006#0CCF0CCF0CCF0CCF
(1779322641.939964) can0 0000E007#0CCF0CCF0CCF0CCF
(1779322641.940965) can0 0000E008#0CCF0CCF0CCF0CCF
(1779322641.941965) can0 0000E009#0CCF0CCF0CCF0CD0
(1779322641.943009) can0 0000E010#0000000000000000
(1779322641.944000) can0 0000E011#0000000000000000
(1779322641.944991) can0 0000E012#0CCF000100000000
(1779322641.946054) can0 0000F001#0000000000000000
(1779322641.946984) can0 18FF28F4#10320000020C0000
(1779322641.947979) can0 18FE28F4#0CD00CCF40400000
(1779322641.948985) can0 18FD28F4#1702FA6F00000000
(1779322641.949901) can0 4D4#000032007D0C0203
(1779322641.950882) can0 4D5#CF0CD00C40400000
(1779322641.951978) can0 18914010#0CD0100CCF020000
(1779322641.952979) can0 18904010#020C020C753001F8
(1779322641.953972) can0 18FA28F4#123EA12C10270000
(1779322641.954972) can0 18FB28F4#D00CCF0C40400000
(1779322641.955986) can0 18FC28F4#383200000C020000
(1779322641.956972) can0 18F810F3#0C02E80332640100
(1779322641.957997) can0 18F815F3#0000000010030000
(1779322641.958902) can0 273#000000000C023200
(1779322641.959896) can0 1E1#020C271001F801F8
(1779322641.960914) can0 1F5#0000000000000000
(1779322641.961991) can0 0800A6A9#0000000000000000
(1779322641.962959) can0 1000A6A9#0C028813324A4A4A
(1779322641.963991) can0 1C00A6A9#0000000000030000
(1779322641.965005) can0 02018100#1003020C00000000
(1779322641.966004) can0 02028100#0000003264000000
(1779322641.966985) can0 02038100#0CD001100CCF0102
(1779322641.967979) can0 02048100#4A01014A01010000
(1779322641.968884) can0 1AD#7F14000059321818
(1779322641.969896) can0 2AD#D00C800C7F140016
(1779322641.970909) can0 3AD#0000000000007F14
(1779322641.971903) can0 4AD#EB00000000000000
(1779322641.972903) can0 76A#7F00000000000000
(1779322642.052554) can0 0000E005#1702440003B60591
(1779322642.053094) can0 1806E5F4#13B3010003B6023A
(1779322642.053978) can0 0000E000#13B313B3020C0000
(1779322642.054991) can0 0000E004#181803B603B601DF
(1779322642.055959) can0 0000E006#0CCF0CCF0CCF0CCF
(1779322642.056953) can0 0000E007#0CCF0CCF0CCF0CCF
(1779322642.057946) can0 0000E008#0CCF0CCF0CCF0CCF
(1779322642.058953) can0 0000E009#0CCF0CCF0CCF0CCF
(1779322642.060017) can0 0000E010#0000000000000000
(1779322642.060998) can0 0000E011#0000000000000000
(1779322642.061995) can0 0000E012#0CCF000000000000
(1779322642.062960) can0 0000E013#4542323630354C43
(1779322642.063991) can0 0000E014#3134323300000000
(1779322642.065004) can0 0000E015#0000000000000003
(1779322642.066005) can0 0000F000#0000000000000000
(1779322642.067004) can0 0000F001#0000000000000000
(1779322642.068005) can0 18FF28F4#10320000020C0000
(1779322642.068967) can0 18FE28F4#0CCF0CCF40400000
(1779322642.069978) can0 18FD28F4#1702FA6F00000000
(1779322642.070902) can0 4D4#000032007D0C0203
(1779322642.071883) can0 4D5#CF0CCF0C40400000
(1779322642.072961) can0 18914010#0CCF010CCF020000
(1779322642.073972) can0 18904010#020C020C753001F8
(1779322642.074992) can0 18924010#4001400100000000
(1779322642.076005) can0 18934010#0000006B0000BB2C
(1779322642.076986) can0 18944010#1003000000000000
(1779322642.077999) can0 18954010#0000000000000000
(1779322642.079018) can0 18954010#0100000000000000
(1779322642.079999) can0 18954010#0200000000000000
(1779322642.080993) can0 18954010#0300000000000000
(1779322642.081986) can0 18954010#0400000000000000
(1779322642.082993) can0 18954010#0500000000000000
(1779322642.084038) can0 18964010#0040404000000000
(1779322642.085005) can0 18974010#0000000000000000
(1779322642.085997) can0 18984010#0000000000000000
(1779322642.086967) can0 18FA28F4#123EA12C10270000
(1779322642.087961) can0 18FB28F4#CF0CCF0C40400000
(1779322642.088993) can0 18FC28F4#383200000C020000
(1779322642.089974) can0 18F810F3#0C02E80332640100
(1779322642.090968) can0 18F811F3#CF0C0101CF0C0201
(1779322642.092032) can0 18F812F3#4001014001010000
(1779322642.092994) can0 18F813F3#0101000000000000
(1779322642.093971) can0 18F814F3#3200EA1AA9015F00
(1779322642.094987) can0 18F815F3#0000000010030000
(1779322642.095891) can0 273#000000000C023200
(1779322642.096885) can0 1E1#020C271001F801F8
(1779322642.097912) can0 1F5#0000000000000000
(1779322642.098993) can0 0800A6A9#0000000000000000
(1779322642.099962) can0 1000A6A9#0C028813324A4A4A
(1779322642.100987) can0 1C00A6A9#0000000000030000
(1779322642.102007) can0 02018100#1003020C00000000
(1779322642.103000) can0 02028100#0000003264000000
(1779322642.103968) can0 02038100#0CCF01010CCF0102
(1779322642.104982) can0 02048100#4A01014A01010000
(1779322642.105866) can0 1AD#7F14000059321818
(1779322642.106879) can0 2AD#CF0C800C7F140016
(1779322642.107899) can0 3AD#0000000000007F14
(1779322642.108911) can0 4AD#EB00000000000000
(1779322642.109905) can0 76A#7F00000000000000
(1779322642.168585) can0 0000E005#1702440003B60591
(1779322642.169139) can0 1806E5F4#13B3010003B6023A
(1779322642.169979) can0 0000E000#13B313B3020C0000
(1779322642.170973) can0 0000E004#181803B603B601DF
(1779322642.171960) can0 0000E006#0CCF0CCF0CCF0CCF
(1779322642.172955) can0 0000E007#0CCF0CCF0CCF0CCF
(1779322642.173954) can0 0000E008#0CCF0CCF0CCF0CCF
(1779322642.174946) can0 0000E009#0CCF0CCF0CCF0CCF
(1779322642.175999) can0 0000E010#0000000000000000
(1779322642.177000) can0 0000E011#0000000000000000
(1779322642.177980) can0 0000E012#0CCF000000000000
(1779322642.179009) can0 0000F001#0000000000000000
(1779322642.179980) can0 18FF28F4#10320000020C0000
(1779322642.180961) can0 18FE28F4#0CCF0CCF40400000
(1779322642.181974) can0 18FD28F4#1702FA6F00000000
(1779322642.182890) can0 4D4#000032007D0C0203
(1779322642.183871) can0 4D5#CF0CCF0C40400000
(1779322642.184968) can0 18914010#0CCF010CCF020000
(1779322642.185967) can0 18904010#020C020C753001F8
(1779322642.186980) can0 18FA28F4#123EA12C10270000
(1779322642.187968) can0 18FB28F4#CF0CCF0C40400000
(1779322642.188981) can0 18FC28F4#383200000C020000
(1779322642.189956) can0 18F810F3#0C02E80332640100
(1779322642.190993) can0 18F815F3#0000000010030000
(1779322642.191891) can0 273#000000000C023200
(1779322642.192891) can0 1E1#020C271001F801F8
(1779322642.193904) can0 1F5#0000000000000000
(1779322642.194987) can0 0800A6A9#0000000000000000
(1779322642.195949) can0 1000A6A9#0C028813324A4A4A
(1779322642.196982) can0 1C00A6A9#0000000000030000
(1779322642.197994) can0 02018100#1003020C00000000
(1779322642.198994) can0 02028100#0000003264000000
(1779322642.199975) can0 02038100#0CCF01010CCF0102
(1779322642.200976) can0 02048100#4A01014A01010000
(1779322642.201873) can0 1AD#7F14000059321818
(1779322642.202872) can0 2AD#CF0C800C7F140016
(1779322642.203898) can0 3AD#0000000000007F14
(1779322642.204899) can0 4AD#EB00000000000000
(1779322642.205911) can0 76A#7F00000000000000
(1779322642.268540) can0 0000E005#1702440003B60591
(1779322642.269095) can0 1806E5F4#13B3010003B6023A
(1779322642.269980) can0 0000E000#13B313B3020C0000
(1779322642.270975) can0 0000E004#181803B603B601DF
(1779322642.271947) can0 0000E006#0CCF0CCF0CCF0CCF
(1779322642.272961) can0 0000E007#0CCF0CCF0CCF0CCF
(1779322642.273960) can0 0000E008#0CCF0CCF0CCF0CCF
(1779322642.274939) can0 0000E009#0CCF0CCF0CCF0CCF
(1779322642.276005) can0 0000E010#0000000000000000
(1779322642.277006) can0 0000E011#0000000000000000
(1779322642.277986) can0 0000E012#0CCF000000000000
(1779322642.278999) can0 0000F001#0000000000000000
(1779322642.279980) can0 18FF28F4#10320000020C0000
(1779322642.280961) can0 18FE28F4#0CCF0CCF40400000
(1779322642.281980) can0 18FD28F4#1702FA6F00000000
(1779322642.282892) can0 4D4#000032007D0C0203
(1779322642.283878) can0 4D5#CF0CCF0C40400000
(1779322642.284974) can0 18914010#0CCF010CCF020000
(1779322642.285974) can0 18904010#020C020C753001F8
(1779322642.286963) can0 18FA28F4#123EA12C10270000
(1779322642.287955) can0 18FB28F4#CF0CCF0C40400000
(1779322642.288981) can0 18FC28F4#383200000C020000
(1779322642.289967) can0 18F810F3#0C02E80332640100
(1779322642.291013) can0 18F815F3#0000000010030000
(1779322642.291898) can0 273#000000000C023200
(1779322642.292879) can0 1E1#020C271001F801F8
(1779322642.293910) can0 1F5#0000000000000000
(1779322642.294984) can0 0800A6A9#0000000000000000
(1779322642.295956) can0 1000A6A9#0C028813324A4A4A
(1779322642.296988) can0 1C00A6A9#0000000000030000
(1779322642.298000) can0 02018100#1003020C00000000
(1779322642.299009) can0 02028100#0000003264000000
(1779322642.299962) can0 02038100#0CCF01010CCF0102
(1779322642.300975) can0 02048100#4A01014A01010000
(1779322642.301879) can0 1AD#7F14000059321818
(1779322642.302873) can0 2AD#CF0C800C7F140016
(1779322642.303886) can0 3AD#0000000000007F14
(1779322642.304898) can0 4AD#EB00000000000000
(1779322642.305898) can0 76A#7F00000000000000
(1779322642.368526) can0 0000E005#1702440003B60591
(1779322642.369088) can0 1806E5F4#13B3010003B6023A
(1779322642.369973) can0 0000E000#13B313B3020C0000
(1779322642.370986) can0 0000E004#181803B603B601DF
(1779322642.371946) can0 0000E006#0CCF0CCF0CCF0CCF
(1779322642.372949) can0 0000E007#0CCF0CCF0CCF0CCF
(1779322642.373948) can0 0000E008#0CCF0CCF0CCF0CCF
(1779322642.374948) can0 0000E009#0CCF0CCF0CCF0CD0
(1779322642.376024) can0 0000E010#0000000000000000
(1779322642.376992) can0 0000E011#0000000000000000
(1779322642.377993) can0 0000E012#0CCF000100000000
(1779322642.379005) can0 0000F001#0000000000000000
(1779322642.379983) can0 18FF28F4#10320000020C0000
(1779322642.380968) can0 18FE28F4#0CD00CCF40400000
(1779322642.381980) can0 18FD28F4#1702FA6F00000000
(1779322642.382884) can0 4D4#000032007D0C0203
(1779322642.383907) can0 4D5#CF0CD00C40400000
(1779322642.384961) can0 18914010#0CD0100CCF030000
(1779322642.385961) can0 18904010#020C020C753001F8
(1779322642.386974) can0 18FA28F4#123EA12C10270000
(1779322642.387955) can0 18FB28F4#D00CCF0C40400000
(1779322642.388974) can0 18FC28F4#383200000C020000
(1779322642.389955) can0 18F810F3#0C02E80332640100
(1779322642.391000) can0 18F815F3#0000000010030000
(1779322642.391930) can0 273#000000000C023200
(1779322642.392885) can0 1E1#020C271001F801F8
(1779322642.393897) can0 1F5#0000000000000000
(1779322642.394993) can0 0800A6A9#0000000000000000
(1779322642.395939) can0 1000A6A9#0C028813324A4A4A
(1779322642.396975) can0 1C00A6A9#0000000000030000
(1779322642.397987) can0 02018100#1003020C00000000
(1779322642.398987) can0 02028100#0000003264000000
(1779322642.400013) can0 02038100#0CD001100CCF0103
(1779322642.400981) can0 02048100#4A01014A01010000
(1779322642.401866) can0 1AD#7F14000059321818
(1779322642.402879) can0 2AD#D00C800C7F140016
(1779322642.403885) can0 3AD#0000000000007F14
(1779322642.404905) can0 4AD#EB00000000000000
(1779322642.405899) can0 76A#7F00000000000000
(1779322642.468589) can0 0000E005#1702440003B60591
(1779322642.469144) can0 1806E5F4#13B3010003B6023A
(1779322642.469968) can0 0000E000#13B313B3020C0000
(1779322642.470979) can0 0000E004#181803B603B601DF
(1779322642.471947) can0 0000E006#0CCF0CCF0CCF0CCF
(1779322642.472962) can0 0000E007#0CCF0CCF0CCF0CCF
(1779322642.473961) can0 0000E008#0CCF0CCF0CCF0CCF
(1779322642.474954) can0 0000E009#0CCF0CCF0CCF0CD0
(1779322642.476006) can0 0000E010#0000000000000000
(1779322642.477069) can0 0000E011#0000000000000000
(1779322642.477988) can0 0000E012#0CCF000100000000
(1779322642.478999) can0 0000F001#0000000000000000
(1779322642.479986) can0 18FF28F4#10320000020C0000
(1779322642.480960) can0 18FE28F4#0CD00CCF40400000
(1779322642.481981) can0 18FD28F4#1702FA6F00000000
(1779322642.482908) can0 4D4#000032007D0C0203
(1779322642.483887) can0 4D5#CF0CD00C40400000
(1779322642.484977) can0 18914010#0CD0100CCF030000
(1779322642.485969) can0 18904010#020C020C753001F8
(1779322642.486974) can0 18FA28F4#123EA12C10270000
(1779322642.487969) can0 18FB28F4#D00CCF0C40400000
(1779322642.488976) can0 18FC28F4#383200000C020000
(1779322642.489961) can0 18F810F3#0C02E80332640100
(1779322642.490995) can0 18F815F3#0000000010030000
(1779322642.491898) can0 273#000000000C023200
(1779322642.492876) can0 1E1#020C271001F801F8
(1779322642.493911) can0 1F5#0000000000000000
(1779322642.495005) can0 0800A6A9#0000000000000000
(1779322642.495960) can0 1000A6A9#0C028813324A4A4A
(1779322642.496986) can0 1C00A6A9#0000000000030000
(1779322642.498004) can0 02018100#1003020C00000000
(1779322642.498982) can0 02028100#0000003264000000
(1779322642.499985) can0 02038100#0CD001100CCF0103
(1779322642.500974) can0 02048100#4A01014A01010000
(1779322642.501887) can0 1AD#7F14000059321818
(1779322642.502885) can0 2AD#D00C800C7F140016
(1779322642.503898) can0 3AD#0000000000007F14
(1779322642.504907) can0 4AD#EB00000000000000
(1779322642.505906) can0 76A#7F00000000000000
(1779322642.585603) can0 0000E005#1702440003B60591
(1779322642.586148) can0 1806E5F4#13B3010003B6023A
(1779322642.586968) can0 0000E000#13B313B3020C0000
(1779322642.587981) can0 0000E004#181803B603B601DF
(1779322642.588949) can0 0000E006#0CCF0CCF0CCF0CCF
(1779322642.589949) can0 0000E007#0CCF0CCF0CCF0CCF
(1779322642.590958) can0 0000E008#0CCF0CCF0CCF0CCF
(1779322642.591943) can0 0000E009#0CCF0CCF0CCF0CD0
(1779322642.592987) can0 0000E010#0000000000000000
(1779322642.594000) can0 0000E011#0000000000000000
(1779322642.594982) can0 0000E012#0CCF000100000000
(1779322642.595949) can0 0000E013#4542323630354C43
(1779322642.596962) can0 0000E014#3134323300000000
(1779322642.597994) can0 0000E015#0000000000000003
(1779322642.599007) can0 0000F000#0000000000000000
(1779322642.599994) can0 0000F001#0000000000000000
(1779322642.600976) can0 18FF28F4#10320000020C0000
(1779322642.601956) can0 18FE28F4#0CD00CCF40400000
(1779322642.602966) can0 18FD28F4#1702FA6F00000000
(1779322642.603885) can0 4D4#000032007D0C0203
(1779322642.604867) can0 4D5#CF0CD00C40400000
(1779322642.605963) can0 18914010#0CD0100CCF020000
(1779322642.606991) can0 18904010#020C020C753001F8
(1779322642.607975) can0 18924010#4001400100000000
(1779322642.608957) can0 18934010#0000006C0000BB2C
(1779322642.609975) can0 18944010#1003000000000000
(1779322642.611008) can0 18954010#0000000000000000
(1779322642.612001) can0 18954010#0100000000000000
(1779322642.612983) can0 18954010#0200000000000000
(1779322642.613982) can0 18954010#0300000000000000
(1779322642.615027) can0 18954010#0400000000000000
(1779322642.615982) can0 18954010#0500000000000000
(1779322642.616976) can0 18964010#0040404000000000
(1779322642.617988) can0 18974010#0000000000000000
(1779322642.618985) can0 18984010#0000000000000000
(1779322642.619950) can0 18FA28F4#123EA12C10270000
(1779322642.620950) can0 18FB28F4#D00CCF0C40400000
(1779322642.621963) can0 18FC28F4#383200000C020000
(1779322642.622991) can0 18F810F3#0C02E80332640100
(1779322642.623957) can0 18F811F3#D00C1001CF0C0201
(1779322642.624971) can0 18F812F3#4001014001010000
(1779322642.625983) can0 18F813F3#0101000000000000
(1779322642.626971) can0 18F814F3#3200EA1AA9015F00
(1779322642.627978) can0 18F815F3#0000000010030000
(1779322642.628876) can0 273#000000000C023200
(1779322642.629876) can0 1E1#020C271001F801F8
(1779322642.630946) can0 1F5#0000000000000000
(1779322642.631984) can0 0800A6A9#0000000000000000
(1779322642.632946) can0 1000A6A9#0C028813324A4A4A
(1779322642.633977) can0 1C00A6A9#0000000000030000
(1779322642.634990) can0 02018100#1003020C00000000
(1779322642.635990) can0 02028100#0000003264000000
(1779322642.636971) can0 02038100#0CD001100CCF0102
(1779322642.637971) can0 02048100#4A01014A01010000
(1779322642.638854) can0 1AD#7F14000059321818
(1779322642.639869) can0 2AD#D00C800C7F140016
(1779322642.640881) can0 3AD#0000000000007F14
(1779322642.641901) can0 4AD#EB00000000000000
(1779322642.642893) can0 76A#7F00000000000000
(1779322642.701513) can0 0000E005#1702440003B60591
(1779322642.702077) can0 1806E5F4#13B3010003B6023A
(1779322642.702962) can0 0000E000#13B313B3020C0000
(1779322642.703975) can0 0000E004#181803B603B601DF
(1779322642.704937) can0 0000E006#0CCF0CCF0CCF0CCF
(1779322642.705937) can0 0000E007#0CCF0CCF0CCF0CCF
(1779322642.706950) can0 0000E008#0CCF0CCF0CCF0CCF
(1779322642.707981) can0 0000E009#0CCF0CCF0CCF0CD0
(1779322642.708995) can0 0000E010#0000000000000000
(1779322642.709995) can0 0000E011#0000000000000000
(1779322642.710976) can0 0000E012#0CCF000100000000
(1779322642.711989) can0 0000F001#0000000000000000
(1779322642.712976) can0 18FF28F4#10320000020C0000
(1779322642.713957) can0 18FE28F4#0CD00CCF40400000
(1779322642.714970) can0 18FD28F4#1702FA6F00000000
(1779322642.715886) can0 4D4#000032007D0C0203
(1779322642.716873) can0 4D5#CF0CD00C40400000
(1779322642.717963) can0 18914010#0CD0100CCF020000
(1779322642.718963) can0 18904010#020C020C753001F8
(1779322642.719958) can0 18FA28F4#123EA12C10270000
(1779322642.720964) can0 18FB28F4#D00CCF0C40400000
(1779322642.721976) can0 18FC28F4#383200000C020000
(1779322642.722957) can0 18F810F3#0C02E80332640100
(1779322642.723983) can0 18F815F3#0000000010030000
(1779322642.724887) can0 273#000000000C023200
(1779322642.725874) can0 1E1#020C271001F801F8
(1779322642.726899) can0 1F5#0000000000000000
(1779322642.727993) can0 0800A6A9#0000000000000000
(1779322642.728947) can0 1000A6A9#0C028813324A4A4A
(1779322642.729977) can0 1C00A6A9#0000000000030000
(1779322642.730990) can0 02018100#1003020C00000000
(1779322642.731982) can0 02028100#0000003264000000
(1779322642.732971) can0 02038100#0CD001100CCF0102
(1779322642.733971) can0 02048100#4A01014A01010000
(1779322642.734868) can0 1AD#7F14000059321818
(1779322642.735877) can0 2AD#D00C800C7F140016
(1779322642.736894) can0 3AD#0000000000007F14
(1779322642.737888) can0 4AD#EB00000000000000
(1779322642.738888) can0 76A#7F00000000000000
(1779322642.801532) can0 0000E005#1702440003B60591
(1779322642.802090) can0 1806E5F4#13B3010003B6023A
(1779322642.802962) can0 0000E000#13B313B3020C0000
(1779322642.803975) can0 0000E004#181803B603B601DF
(1779322642.804933) can0 0000E006#0CCF0CCF0CCF0CCF
(1779322642.805936) can0 0000E007#0CCF0CCF0CCF0CCF
(1779322642.806937) can0 0000E008#0CCF0CCF0CCF0CCF
(1779322642.807937) can0 0000E009#0CCF0CCF0CCF0CD0
(1779322642.808996) can0 0000E010#0000000000000000
(1779322642.809981) can0 0000E011#0000000000000000
(1779322642.810982) can0 0000E012#0CCF000100000000
(1779322642.811995) can0 0000F001#0000000000000000
(1779322642.812976) can0 18FF28F4#10320000020C0000
(1779322642.813976) can0 18FE28F4#0CD00CCF40400000
(1779322642.814976) can0 18FD28F4#1702FA6F00000000
(1779322642.815873) can0 4D4#000032007D0C0203
(1779322642.816865) can0 4D5#CF0CD00C40400000
(1779322642.817950) can0 18914010#0CD0100CCF020000
(1779322642.818950) can0 18904010#020C020C753001F8
(1779322642.819963) can0 18FA28F4#123EA12C10270000
(1779322642.820944) can0 18FB28F4#D00CCF0C40400000
(1779322642.821976) can0 18FC28F4#383200000C020000
(1779322642.822957) can0 18F810F3#0C02E80332640100
(1779322642.823989) can0 18F815F3#0000000010030000
(1779322642.824874) can0 273#000000000C023200
(1779322642.825874) can0 1E1#020C271001F801F8
(1779322642.826887) can0 1F5#0000000000000000
(1779322642.827980) can0 0800A6A9#0000000000000000
(1779322642.828940) can0 1000A6A9#0C028813324A4A4A
(1779322642.829996) can0 1C00A6A9#0000000000030000
(1779322642.830977) can0 02018100#1003020C00000000
(1779322642.831975) can0 02028100#0000003264000000
(1779322642.832958) can0 02038100#0CD001100CCF0102
(1779322642.833971) can0 02048100#4A01014A01010000
(1779322642.834855) can0 1AD#7F14000059321818
(1779322642.835868) can0 2AD#D00C800C7F140016
(1779322642.836882) can0 3AD#0000000000007F14
(1779322642.837913) can0 4AD#EB00000000000000
(1779322642.838894) can0 76A#7F00000000000000
(1779322642.901564) can0 0000E005#1702440003B60591
(1779322642.902129) can0 1806E5F4#13B3010003B6023A
(1779322642.902969) can0 0000E000#13B313B3020C0000
(1779322642.903962) can0 0000E004#181803B603B601DF
(1779322642.904941) can0 0000E006#0CCF0CCF0CCF0CCF
(1779322642.905944) can0 0000E007#0CCF0CCF0CCF0CCF
(1779322642.906962) can0 0000E008#0CCF0CCF0CCF0CCF
(1779322642.907943) can0 0000E009#0CCF0CCF0CCF0CCF
(1779322642.908988) can0 0000E010#0000000000000000
(1779322642.909988) can0 0000E011#0000000000000000
(1779322642.910969) can0 0000E012#0CCF000000000000
(1779322642.911982) can0 0000F001#0000000000000000
(1779322642.912963) can0 18FF28F4#10320000020C0000
(1779322642.913950) can0 18FE28F4#0CCF0CCF40400000
(1779322642.914995) can0 18FD28F4#1702FA6F00000000
(1779322642.915880) can0 4D4#000032007D0C0203
(1779322642.916857) can0 4D5#CF0CCF0C40400000
(1779322642.917957) can0 18914010#0CCF030CCF010000
(1779322642.918957) can0 18904010#020C020C753001F8
(1779322642.919957) can0 18FA28F4#123EA12C10270000
(1779322642.920951) can0 18FB28F4#CF0CCF0C40400000
(1779322642.921970) can0 18FC28F4#383200000C020000
(1779322642.923002) can0 18F810F3#0C02E80332640100
(1779322642.923983) can0 18F815F3#0000000010030000
(1779322642.924880) can0 273#000000000C023200
(1779322642.925881) can0 1E1#020C271001F801F8
(1779322642.926893) can0 1F5#0000000000000000
(1779322642.927977) can0 0800A6A9#0000000000000000
(1779322642.928935) can0 1000A6A9#0C028813324A4A4A
(1779322642.929979) can0 1C00A6A9#0000000000030000
(1779322642.931035) can0 02018100#1003020C00000000
(1779322642.931983) can0 02028100#0000003264000000
(1779322642.932965) can0 02038100#0CCF01030CCF0101
(1779322642.933964) can0 02048100#4A01014A01010000
(1779322642.934862) can0 1AD#7F14000059321818
(1779322642.935862) can0 2AD#CF0C800C7F140016
(1779322642.936889) can0 3AD#0000000000007F14
(1779322642.937888) can0 4AD#EB00000000000000
(1779322642.938882) can0 76A#7F00000000000000
(1779322643.001520) can0 0000E005#1702440003B60591
(1779322643.002078) can0 1806E5F4#13B3010003B6023A
(1779322643.002963) can0 0000E000#13B313B3020C0000
(1779322643.003964) can0 0000E004#181803B603B601DF
(1779322643.004944) can0 0000E006#0CCF0CCF0CCF0CCF
(1779322643.005944) can0 0000E007#0CCF0CCF0CCF0CCF
(1779322643.006944) can0 0000E008#0CCF0CCF0CCF0CCF
(1779322643.007976) can0 0000E009#0CCF0CCF0CCF0CCF
(1779322643.008990) can0 0000E010#0000000000000000
(1779322643.009986) can0 0000E011#0000000000000000
(1779322643.010970) can0 0000E012#0CCF000000000000
(1779322643.011983) can0 0000F001#0000000000000000
(1779322643.012964) can0 18FF28F4#10320000020C0000
(1779322643.013942) can0 18FE28F4#0CCF0CCF40400000
(1779322643.014964) can0 18FD28F4#1702FA6F00000000
(1779322643.015881) can0 4D4#000032007D0C0203
(1779322643.016863) can0 4D5#CF0CCF0C40400000
(1779322643.017958) can0 18914010#0CCF030CCF010000
(1779322643.018958) can0 18904010#020C020C753001F8
(1779322643.019952) can0 18FA28F4#123EA12C10270000
(1779322643.020952) can0 18FB28F4#CF0CCF0C40400000
(1779322643.021964) can0 18FC28F4#383200000C020000
(1779322643.022945) can0 18F810F3#0C02E80332640100
(1779322643.023977) can0 18F815F3#0000000010030000
(1779322643.024882) can0 273#000000000C023200
(1779322643.025873) can0 1E1#020C271001F801F8
(1779322643.026894) can0 1F5#0000000000000000
(1779322643.027971) can0 0800A6A9#0000000000000000
(1779322643.028940) can0 1000A6A9#0C028813324A4A4A
(1779322643.029965) can0 1C00A6A9#0000000000030000
(1779322643.030996) can0 02018100#1003020C00000000
(1779322643.031979) can0 02028100#0000003264000000
(1779322643.032967) can0 02038100#0CCF01030CCF0101
(1779322643.033957) can0 02048100#4A01014A01010000
(1779322643.034857) can0 1AD#7F14000059321818
(1779322643.035857) can0 2AD#CF0C800C7F140016
(1779322643.036889) can0 3AD#0000000000007F14
(1779322643.037882) can0 4AD#EB00000000000000
(1779322643.038883) can0 76A#7F00000000000000
(1779322643.118521) can0 0000E005#1702440003B60591
(1779322643.119080) can0 1806E5F4#13B3010003B6023A
(1779322643.119965) can0 0000E000#13B313B3020C0000
(1779322643.120965) can0 0000E004#181803B603B601DF
(1779322643.121945) can0 0000E006#0CCF0CCF0CCF0CCF
(1779322643.122939) can0 0000E007#0CCF0CCF0CCF0CCF
(1779322643.123932) can0 0000E008#0CCF0CCF0CCF0CCF
(1779322643.124939) can0 0000E009#0CCF0CCF0CCF0CD0
(1779322643.125984) can0 0000E010#0000000000000000
(1779322643.126984) can0 0000E011#0000000000000000
(1779322643.127963) can0 0000E012#0CCF000100000000
(1779322643.128933) can0 0000E013#4542323630354C43
(1779322643.129979) can0 0000E014#3134323300000000
(1779322643.130978) can0 0000E015#0000000000000003
(1779322643.132001) can0 0000F000#0000000000000000
(1779322643.132992) can0 0000F001#0000000000000000
(1779322643.133972) can0 18FF28F4#10320000020C0000
(1779322643.134953) can0 18FE28F4#0CD00CCF40400000
(1779322643.135964) can0 18FD28F4#1702FA6F00000000
(1779322643.136870) can0 4D4#000032007D0C0203
(1779322643.137883) can0 4D5#CF0CD00C40400000
(1779322643.138966) can0 18914010#0CD0100CCF010000
(1779322643.139942) can0 18904010#020C020C753001F8
(1779322643.140979) can0 18924010#4001400100000000
(1779322643.141959) can0 18934010#0000006D0000BB2C
(1779322643.142972) can0 18944010#1003000000000000
(1779322643.143985) can0 18954010#0000000000000000
(1779322643.144985) can0 18954010#0100000000000000
(1779322643.146017) can0 18954010#0200000000000000
(1779322643.146985) can0 18954010#0300000000000000
(1779322643.147980) can0 18954010#0400000000000000
(1779322643.148980) can0 18954010#0500000000000000
(1779322643.149979) can0 18964010#0040404000000000
(1779322643.150973) can0 18974010#0000000000000000
(1779322643.151965) can0 18984010#0000000000000000
(1779322643.152954) can0 18FA28F4#123EA12C10270000
(1779322643.153980) can0 18FB28F4#D00CCF0C40400000
(1779322643.154961) can0 18FC28F4#383200000C020000
(1779322643.155941) can0 18F810F3#0C02E80332640100
(1779322643.156961) can0 18F811F3#D00C1001CF0C0101
(1779322643.157954) can0 18F812F3#4001014001010000
(1779322643.158986) can0 18F813F3#0101000000000000
(1779322643.159942) can0 18F814F3#3200EA1AA9015F00
(1779322643.160981) can0 18F815F3#0000000010030000
(1779322643.161929) can0 273#000000000C023200
(1779322643.162878) can0 1E1#020C271001F801F8
(1779322643.163882) can0 1F5#0000000000000000
(1779322643.164967) can0 0800A6A9#0000000000000000
(1779322643.165935) can0 1000A6A9#0C028813324A4A4A
(1779322643.166961) can0 1C00A6A9#0000000000030000
(1779322643.167980) can0 02018100#1003020C00000000
(1779322643.168975) can0 02028100#0000003264000000
(1779322643.169955) can0 02038100#0CD001100CCF0101
(1779322643.170955) can0 02048100#4A01014A01010000
(1779322643.171851) can0 1AD#7E14000059321818
(1779322643.172872) can0 2AD#D00C800C7E140016
(1779322643.173885) can0 3AD#0000000000007E14
(1779322643.174885) can0 4AD#EB00000000000000
(1779322643.175875) can0 76A#7F00000000000000
(1779322643.234518) can0 0000E005#1702440003B60591
(1779322643.235068) can0 1806E5F4#13B3010003B6023A
(1779322643.235953) can0 0000E000#13B313B3020C0000
(1779322643.236967) can0 0000E004#181803B603B601DF
(1779322643.237934) can0 0000E006#0CCF0CCF0CCF0CCF
(1779322643.238979) can0 0000E007#0CCF0CCF0CCF0CCF
(1779322643.239928) can0 0000E008#0CCF0CCF0CCF0CCF
(1779322643.240926) can0 0000E009#0CCF0CCF0CCF0CD0
(1779322643.241991) can0 0000E010#0000000000000000
(1779322643.242972) can0 0000E011#0000000000000000
(1779322643.243972) can0 0000E012#0CCF000100000000
(1779322643.244980) can0 0000F001#0000000000000000
(1779322643.245967) can0 18FF28F4#10320000020C0000
(1779322643.246954) can0 18FE28F4#0CD00CCF40400000
(1779322643.247966) can0 18FD28F4#1702FA6F00000000
(1779322643.248864) can0 4D4#000032007D0C0203
(1779322643.249864) can0 4D5#CF0CD00C40400000
(1779322643.250960) can0 18914010#0CD0100CCF010000
(1779322643.251942) can0 18904010#020C020C753001F8
(1779322643.252957) can0 18FA28F4#123EA12C10270000
(1779322643.253941) can0 18FB28F4#D00CCF0C40400000
(1779322643.254954) can0 18FC28F4#383200000C020000
(1779322643.255955) can0 18F810F3#0C02E80332640100
(1779322643.256980) can0 18F815F3#0000000010030000
(1779322643.257865) can0 273#000000000C023200
(1779322643.258865) can0 1E1#020C271001F801F8
(1779322643.259897) can0 1F5#0000000000000000
(1779322643.260974) can0 0800A6A9#0000000000000000
(1779322643.261922) can0 1000A6A9#0C028813324A4A4A
(1779322643.262974) can0 1C00A6A9#0000000000030000
(1779322643.263969) can0 02018100#1003020C00000000
(1779322643.264965) can0 02028100#0000003264000000
(1779322643.265968) can0 02038100#0CD001100CCF0101
(1779322643.266961) can0 02048100#4A01014A01010000
(1779322643.267846) can0 1AD#7E14000059321818
(1779322643.268858) can0 2AD#D00C800C7E140016
(1779322643.269891) can0 3AD#0000000000007E14
(1779322643.270884) can0 4AD#EB00000000000000
(1779322643.271885) can0 76A#7F00000000000000
(1779322643.334580) can0 0000E005#1702440003B60591
(1779322643.335108) can0 1806E5F4#13B3010003B6023A
(1779322643.335960) can0 0000E000#13B313B3020C0000
(1779322643.336955) can0 0000E004#181803B603B601DF
(1779322643.337931) can0 0000E006#0CCF0CCF0CCF0CCF
(1779322643.338934) can0 0000E007#0CCF0CCF0CCF0CCF
(1779322643.339933) can0 0000E008#0CCF0CCF0CCF0CCF
(1779322643.340949) can0 0000E009#0CCF0CCF0CCF0CD0
(1779322643.341979) can0 0000E010#0000000000000000
(1779322643.342980) can0 0000E011#0000000000000000
(1779322643.343960) can0 0000E012#0CCF000100000000
(1779322643.344992) can0 0000F001#0000000000000000
(1779322643.345960) can0 18FF28F4#10320000020C0000
(1779322643.346953) can0 18FE28F4#0CD00CCF40400000
(1779322643.347954) can0 18FD28F4#1702FA6F00000000
(1779322643.348871) can0 4D4#000032007D0C0203
(1779322643.349847) can0 4D5#CF0CD00C40400000
(1779322643.350947) can0 18914010#0CD0100CCF010000
(1779322643.351948) can0 18904010#020C020C753001F8
(1779322643.352960) can0 18FA28F4#123EA12C10270000
(1779322643.353940) can0 18FB28F4#D00CCF0C40400000
(1779322643.354960) can0 18FC28F4#383200000C020000
(1779322643.355943) can0 18F810F3#0C02E80332640100
(1779322643.356974) can0 18F815F3#0000000010030000
(1779322643.357871) can0 273#000000000C023200
(1779322643.358872) can0 1E1#020C271001F801F8
(1779322643.359884) can0 1F5#0000000000000000
(1779322643.360980) can0 0800A6A9#0000000000000000
(1779322643.361925) can0 1000A6A9#0C028813324A4A4A
(1779322643.362961) can0 1C00A6A9#0000000000030000
(1779322643.363974) can0 02018100#1003020C00000000
(1779322643.364975) can0 02028100#0000003264000000
(1779322643.365948) can0 02038100#0CD001100CCF0101
(1779322643.366954) can0 02048100#4A01014A01010000
(1779322643.367853) can0 1AD#7E14000059321818
(1779322643.368885) can0 2AD#D00C800C7E140016
(1779322643.369878) can0 3AD#0000000000007E14
(1779322643.370878) can0 4AD#EB00000000000000
(1779322643.371872) can0 76A#7F00000000000000
(1779322643.434525) can0 0000E005#1702440003B60591
(1779322643.435083) can0 1806E5F4#13B3010003B6023A
(1779322643.435967) can0 0000E000#13B313B3020C0000
(1779322643.436961) can0 0000E004#181803B603B601DF
(1779322643.437947) can0 0000E006#0CCF0CCF0CCF0CCF
(1779322643.438940) can0 0000E007#0CCF0CCF0CCF0CCF
(1779322643.439941) can0 0000E008#0CCF0CCF0CCF0CCF
(1779322643.440923) can0 0000E009#0CCF0CCF0CCF0CD0
(1779322643.441986) can0 0000E010#0000000000000000
(1779322643.442985) can0 0000E011#0000000000000000
(1779322643.443967) can0 0000E012#0CCF000100000000
(1779322643.444986) can0 0000F001#0000000000000000
(1779322643.445980) can0 18FF28F4#10320000020C0000
(1779322643.446947) can0 18FE28F4#0CD00CCF40400000
(1779322643.447960) can0 18FD28F4#1702FA6F00000000
(1779322643.448865) can0 4D4#000032007D0C0203
(1779322643.449864) can0 4D5#CF0CD00C40400000
(1779322643.450939) can0 18914010#0CD0100CCF020000
(1779322643.451941) can0 18904010#020C020C753001F8
(1779322643.452955) can0 18FA28F4#123EA12C10270000
(1779322643.453986) can0 18FB28F4#D00CCF0C40400000
(1779322643.454948) can0 18FC28F4#383200000C020000
(1779322643.455948) can0 18F810F3#0C02E80332640100
(1779322643.456968) can0 18F815F3#0000000010030000
(1779322643.457865) can0 273#000000000C023200
(1779322643.458865) can0 1E1#020C271001F801F8
(1779322643.459878) can0 1F5#0000000000000000
(1779322643.460973) can0 0800A6A9#0000000000000000
(1779322643.461971) can0 1000A6A9#0C028813324A4A4A
(1779322643.462955) can0 1C00A6A9#0000000000030000
(1779322643.463968) can0 02018100#1003020C00000000
(1779322643.464969) can0 02028100#0000003264000000
(1779322643.465949) can0 02038100#0CD001100CCF0102
(1779322643.466948) can0 02048100#4A01014A01010000
(1779322643.467847) can0 1AD#7F14000059321818
(1779322643.468860) can0 2AD#D00C800C7F140016
(1779322643.469916) can0 3AD#0000000000007F14
(1779322643.470872) can0 4AD#EB00000000000000
(1779322643.471866) can0 76A#7F00000000000000
(1779322643.534513) can0 0000E005#1702440003B60591
(1779322643.535074) can0 1806E5F4#13B3010003B6023A
(1779322643.535971) can0 0000E000#13B313B3020C0000
(1779322643.536968) can0 0000E004#181803B603B601DF
(1779322643.537924) can0 0000E006#0CCF0CCF0CCF0CCF
(1779322643.538990) can0 0000E007#0CCF0CCF0CCF0CCF
(1779322643.539938) can0 0000E008#0CCF0CCF0CCF0CCF
(1779322643.540936) can0 0000E009#0CCF0CCF0CCF0CD0
(1779322643.541984) can0 0000E010#0000000000000000
(1779322643.542979) can0 0000E011#0000000000000000
(1779322643.543962) can0 0000E012#0CCF000100000000
(1779322643.544984) can0 0000F001#0000000000000000
(1779322643.545967) can0 18FF28F4#10320000020C0000
(1779322643.546987) can0 18FE28F4#0CD00CCF40400000
(1779322643.547960) can0 18FD28F4#1702FA6F00000000
(1779322643.548875) can0 4D4#000032007D0C0203
(1779322643.549860) can0 4D5#CF0CD00C40400000
(1779322643.550953) can0 18914010#0CD0100CCF020000
(1779322643.551953) can0 18904010#020C020C753001F8
(1779322643.552950) can0 18FA28F4#123EA12C10270000
(1779322643.553953) can0 18FB28F4#D00CCF0C40400000
(1779322643.554965) can0 18FC28F4#383200000C020000
(1779322643.555945) can0 18F810F3#0C02E80332640100
(1779322643.556978) can0 18F815F3#0000000010030000
(1779322643.557864) can0 273#000000000C023200
(1779322643.558856) can0 1E1#020C271001F801F8
(1779322643.559889) can0 1F5#0000000000000000
(1779322643.560972) can0 0800A6A9#0000000000000000
(1779322643.561932) can0 1000A6A9#0C028813324A4A4A
(1779322643.562966) can0 1C00A6A9#0000000000030000
(1779322643.563979) can0 02018100#1003020C00000000
(1779322643.564965) can0 02028100#0000003264000000
(1779322643.565960) can0 02038100#0CD001100CCF0102
(1779322643.566950) can0 02048100#4A01014A01010000
(1779322643.567855) can0 1AD#7F14000059321818
(1779322643.568859) can0 2AD#D00C800C7F140016
(1779322643.569870) can0 3AD#0000000000007F14
(1779322643.570872) can0 4AD#EB00000000000000
(1779322643.571877) can0 76A#7F00000000000000
(1779322643.651526) can0 0000E005#1702440003B60591
(1779322643.652074) can0 1806E5F4#13B3010003B6023A
(1779322643.652962) can0 0000E000#13B313B3020C0000
(1779322643.653960) can0 0000E004#181803B603B601DF
(1779322643.654938) can0 0000E006#0CCF0CCF0CCF0CCF
(1779322643.655941) can0 0000E007#0CCF0CCF0CCF0CCF
(1779322643.656935) can0 0000E008#0CCF0CCF0CCF0CCF
(1779322643.657919) can0 0000E009#0CCF0CCF0CCF0CCF
(1779322643.658985) can0 0000E010#0000000000000000
(1779322643.659986) can0 0000E011#0000000000000000
(1779322643.660978) can0 0000E012#0CCF000000000000
(1779322643.661928) can0 0000E013#4542323630354C43
(1779322643.662960) can0 0000E014#3134323300000000
(1779322643.663976) can0 0000E015#0000000000000003
(1779322643.664974) can0 0000F000#0000000000000000
(1779322643.665973) can0 0000F001#0000000000000000
(1779322643.666951) can0 18FF28F4#10320000020C0000
(1779322643.667934) can0 18FE28F4#0CCF0CCF40400000
(1779322643.668981) can0 18FD28F4#1702FA6F00000000
(1779322643.669868) can0 4D4#000032007D0C0203
(1779322643.670853) can0 4D5#CF0CCF0C40400000
(1779322643.671948) can0 18914010#0CCF020CCF010000
(1779322643.672943) can0 18904010#020C020C753001F8
(1779322643.673961) can0 18924010#4001400100000000
(1779322643.674941) can0 18934010#0000006E0000BB2C
(1779322643.675971) can0 18944010#1003000000000000
(1779322643.677018) can0 18954010#0000000000000000
(1779322643.677986) can0 18954010#0100000000000000
(1779322643.678964) can0 18954010#0200000000000000
(1779322643.679968) can0 18954010#0300000000000000
(1779322643.680974) can0 18954010#0400000000000000
(1779322643.681959) can0 18954010#0500000000000000
(1779322643.682961) can0 18964010#0040404000000000
(1779322643.683974) can0 18974010#0000000000000000
(1779322643.684995) can0 18984010#0000000000000000
(1779322643.685948) can0 18FA28F4#123EA12C10270000
(1779322643.686929) can0 18FB28F4#CF0CCF0C40400000
(1779322643.687959) can0 18FC28F4#383200000C020000
(1779322643.688943) can0 18F810F3#0C02E80332640100
(1779322643.689942) can0 18F811F3#CF0C0201CF0C0101
(1779322643.690953) can0 18F812F3#4001014001010000
(1779322643.691968) can0 18F813F3#0101000000000000
(1779322643.692990) can0 18F814F3#3200EA1AA9015F00
(1779322643.693972) can0 18F815F3#0000000010030000
(1779322643.694879) can0 273#000000000C023200
(1779322643.695859) can0 1E1#020C271001F801F8
(1779322643.696881) can0 1F5#0000000000000000
(1779322643.697969) can0 0800A6A9#0000000000000000
(1779322643.698931) can0 1000A6A9#0C028813324A4A4A
(1779322643.699959) can0 1C00A6A9#0000000000030000
(1779322643.700982) can0 02018100#1003020C00000000
(1779322643.701975) can0 02028100#0000003264000000
(1779322643.702959) can0 02038100#0CCF01020CCF0101
(1779322643.703956) can0 02048100#4A01014A01010000
(1779322643.704854) can0 1AD#7E14000059321818
(1779322643.705858) can0 2AD#CF0C800C7E140016
(1779322643.706873) can0 3AD#0000000000007E14
(1779322643.707873) can0 4AD#EB00000000000000
(1779322643.708882) can0 76A#7F00000000000000
(1779322643.767572) can0 0000E005#1702440003B60591
(1779322643.768126) can0 1806E5F4#13B3010003B6023A
(1779322643.768959) can0 0000E000#13B313B3020C0000
(1779322643.770006) can0 0000E004#181803B603B601DF
(1779322643.770941) can0 0000E006#0CCF0CCF0CCF0CCF
(1779322643.771939) can0 0000E007#0CCF0CCF0CCF0CCF
(1779322643.772936) can0 0000E008#0CCF0CCF0CCF0CCF
(1779322643.773918) can0 0000E009#0CCF0CCF0CCF0CCF
(1779322643.774977) can0 0000E010#0000000000000000
(1779322643.775980) can0 0000E011#0000000000000000
(1779322643.776960) can0 0000E012#0CCF000000000000
(1779322643.778017) can0 0000F001#0000000000000000
(1779322643.778961) can0 18FF28F4#10320000020C0000
(1779322643.779942) can0 18FE28F4#0CCF0CCF40400000
(1779322643.780953) can0 18FD28F4#1702FA6F00000000
(1779322643.781871) can0 4D4#000032007D0C0203
(1779322643.782858) can0 4D5#CF0CCF0C40400000
(1779322643.783953) can0 18914010#0CCF020CCF010000
(1779322643.784948) can0 18904010#020C020C753001F8
(1779322643.785942) can0 18FA28F4#123EA12C10270000
(1779322643.786926) can0 18FB28F4#CF0CCF0C40400000
(1779322643.787961) can0 18FC28F4#383200000C020000
(1779322643.788943) can0 18F810F3#0C02E80332640100
(1779322643.789970) can0 18F815F3#0000000010030000
(1779322643.790859) can0 273#000000000C023200
(1779322643.791859) can0 1E1#020C271001F801F8
(1779322643.792890) can0 1F5#0000000000000000
(1779322643.793968) can0 0800A6A9#0000000000000000
(1779322643.794936) can0 1000A6A9#0C028813324A4A4A
(1779322643.795966) can0 1C00A6A9#0000000000030000
(1779322643.796969) can0 02018100#1003020C00000000
(1779322643.797958) can0 02028100#0000003264000000
(1779322643.798940) can0 02038100#0CCF01020CCF0101
(1779322643.799956) can0 02048100#4A01014A01010000
(1779322643.800860) can0 1AD#7E14000059321818
(1779322643.801849) can0 2AD#CF0C800C7E140016
(1779322643.802866) can0 3AD#0000000000007E14
(1779322643.803878) can0 4AD#EB00000000000000
(1779322643.804877) can0 76A#7F00000000000000
(1779322643.867569) can0 0000E005#1702440003B60591
(1779322643.868126) can0 1806E5F4#13B3010003B6023A
(1779322643.868959) can0 0000E000#13B313B3020C0000
(1779322643.869956) can0 0000E004#181803B603B601DF
(1779322643.870933) can0 0000E006#0CCF0CCF0CCF0CCF
(1779322643.871932) can0 0000E007#0CCF0CCF0CCF0CCF
(1779322643.872937) can0 0000E008#0CCF0CCF0CCF0CCF
(1779322643.873916) can0 0000E009#0CCF0CCF0CCF0CCF
(1779322643.874975) can0 0000E010#0000000000000000
(1779322643.875979) can0 0000E011#0000000000000000
(1779322643.876961) can0 0000E012#0CCF000000000000
(1779322643.877972) can0 0000F001#0000000000000000
(1779322643.878954) can0 18FF28F4#10320000020C0000
(1779322643.879941) can0 18FE28F4#0CCF0CCF40400000
(1779322643.880952) can0 18FD28F4#1702FA6F00000000
(1779322643.881872) can0 4D4#000032007D0C0203
(1779322643.882849) can0 4D5#CF0CCF0C40400000
(1779322643.883945) can0 18914010#0CCF020CCF010000
(1779322643.884949) can0 18904010#020C020C753001F8
(1779322643.885949) can0 18FA28F4#123EA12C10270000
(1779322643.886923) can0 18FB28F4#CF0CCF0C40400000
(1779322643.887962) can0 18FC28F4#383200000C020000
(1779322643.888944) can0 18F810F3#0C02E80332640100
(1779322643.889972) can0 18F815F3#0000000010030000
(1779322643.890872) can0 273#000000000C023200
(1779322643.891873) can0 1E1#020C271001F801F8
(1779322643.892891) can0 1F5#0000000000000000
(1779322643.893975) can0 0800A6A9#0000000000000000
(1779322643.894937) can0 1000A6A9#0C028813324A4A4A
(1779322643.895971) can0 1C00A6A9#0000000000030000
(1779322643.896978) can0 02018100#1003020C00000000
(1779322643.897974) can0 02028100#0000003264000000
(1779322643.898952) can0 02038100#0CCF01020CCF0101
(1779322643.899983) can0 02048100#4A01014A01010000
(1779322643.900866) can0 1AD#7E14000059321818
(1779322643.901876) can0 2AD#CF0C800C7E140016
(1779322643.902904) can0 3AD#0000000000007E14
(1779322643.903887) can0 4AD#EB00000000000000
(1779322643.904876) can0 76A#7F00000000000000
(1779322643.967534) can0 0000E005#1702440003B60591
(1779322643.968090) can0 1806E5F4#13B3010003B6023A
(1779322643.968955) can0 0000E000#13B313B3020C0000
(1779322643.969955) can0 0000E004#181803B603B601DF
(1779322643.970922) can0 0000E006#0CCF0CCF0CCF0CCF
(1779322643.971932) can0 0000E007#0CCF0CCF0CCF0CCF
(1779322643.972937) can0 0000E008#0CCF0CCF0CCF0CCF
(1779322643.973916) can0 0000E009#0CCF0CCF0CCF0CD0
(1779322643.974979) can0 0000E010#0000000000000000
(1779322643.975973) can0 0000E011#0000000000000000
(1779322643.976993) can0 0000E012#0CCF000100000000
(1779322643.977972) can0 0000F001#0000000000000000
(1779322643.978954) can0 18FF28F4#10320000020C0000
(1779322643.979931) can0 18FE28F4#0CD00CCF40400000
(1779322643.980954) can0 18FD28F4#1702FA6F00000000
(1779322643.981865) can0 4D4#000032007D0C0203
(1779322643.982845) can0 4D5#CF0CD00C40400000
(1779322643.983938) can0 18914010#0CD0100CCF020000
(1779322643.984975) can0 18904010#020C020C753001F8
(1779322643.985941) can0 18FA28F4#123EA12C10270000
(1779322643.986941) can0 18FB28F4#D00CCF0C40400000
(1779322643.987954) can0 18FC28F4#383200000C020000
(1779322643.988936) can0 18F810F3#0C02E80332640100
(1779322643.989966) can0 18F815F3#0000000010030000
(1779322643.990866) can0 273#000000000C023200
(1779322643.991863) can0 1E1#020C271001F801F8
(1779322643.992916) can0 1F5#0000000000000000
(1779322643.993961) can0 0800A6A9#0000000000000000
(1779322643.994929) can0 1000A6A9#0C028813324A4A4A
(1779322643.995955) can0 1C00A6A9#0000000000030000
(1779322643.996975) can0 02018100#1003020C00000000
(1779322643.997968) can0 02028100#0000003264000000
(1779322643.998948) can0 02038100#0CD001100CCF0102
(1779322643.999949) can0 02048100#4A01014A01010000
(1779322644.000898) can0 1AD#7F14000059321818
(1779322644.001858) can0 2AD#D00C800C7F140016
(1779322644.002873) can0 3AD#0000000000007F14
(1779322644.003863) can0 4AD#EB00000000000000
(1779322644.004866) can0 76A#7F00000000000000
(1779322644.067561) can0 0000E005#1702440003B60591
(1779322644.068117) can0 1806E5F4#13B3010003B6023A
(1779322644.068947) can0 0000E000#13B313B3020C0000
(1779322644.070000) can0 0000E004#181803B603B601DF
(1779322644.070935) can0 0000E006#0CCF0CCF0CCF0CCF
(1779322644.071928) can0 0000E007#0CCF0CCF0CCF0CCF
(1779322644.072930) can0 0000E008#0CCF0CCF0CCF0CCF
(1779322644.073928) can0 0000E009#0CCF0CCF0CCF0CD0
(1779322644.074973) can0 0000E010#0000000000000000
(1779322644.075973) can0 0000E011#0000000000000000
(1779322644.076954) can0 0000E012#0CCF000100000000
(1779322644.078018) can0 0000F001#0000000000000000
(1779322644.078949) can0 18FF28F4#10320000020C0000
(1779322644.079948) can0 18FE28F4#0CD00CCF40400000
(1779322644.080947) can0 18FD28F4#1702FA6F00000000
(1779322644.081865) can0 4D4#000032007D0C0203
(1779322644.082846) can0 4D5#CF0CD00C40400000
(1779322644.083942) can0 18914010#0CD0100CCF020000
(1779322644.084945) can0 18904010#020C020C753001F8
(1779322644.085988) can0 18FA28F4#123EA12C10270000
(1779322644.086935) can0 18FB28F4#D00CCF0C40400000
(1779322644.087949) can0 18FC28F4#383200000C020000
(1779322644.088937) can0 18F810F3#0C02E80332640100
(1779322644.089962) can0 18F815F3#0000000010030000
(1779322644.090866) can0 273#000000000C023200
(1779322644.091862) can0 1E1#020C271001F801F8
(1779322644.092880) can0 1F5#0000000000000000
(1779322644.093956) can0 0800A6A9#0000000000000000
(1779322644.094924) can0 1000A6A9#0C028813324A4A4A
(1779322644.095955) can0 1C00A6A9#0000000000030000
(1779322644.096969) can0 02018100#1003020C00000000
(1779322644.097969) can0 02028100#0000003264000000
(1779322644.098948) can0 02038100#0CD001100CCF0102
(1779322644.099939) can0 02048100#4A01014A01010000
(1779322644.100848) can0 1AD#7F14000059321818
(1779322644.101853) can0 2AD#D00C800C7F140016
(1779322644.102873) can0 3AD#0000000000007F14
(1779322644.103863) can0 4AD#EB00000000000000
(1779322644.104867) can0 76A#7F00000000000000
(1779322644.184511) can0 0000E005#1702440003B60591
(1779322644.185068) can0 1806E5F4#13B3010003B6023A
(1779322644.185950) can0 0000E000#13B313B3020C0000
(1779322644.186950) can0 0000E004#181803B603B601DF
(1779322644.187930) can0 0000E006#0CCF0CCF0CCF0CCF
(1779322644.188930) can0 0000E007#0CCF0CCF0CCF0CCF
(1779322644.189922) can0 0000E008#0CCF0CCF0CCF0CCF
(1779322644.190923) can0 0000E009#0CCF0CCF0CCF0CD0
(1779322644.191987) can0 0000E010#0000000000000000
(1779322644.192969) can0 0000E011#0000000000000000
(1779322644.193953) can0 0000E012#0CCF000100000000
(1779322644.194917) can0 0000E013#4542323630354C43
(1779322644.195949) can0 0000E014#3134323300000000
(1779322644.196963) can0 0000E015#0000000000000003
(1779322644.197980) can0 0000F000#0000000000000000
(1779322644.198962) can0 0000F001#0000000000000000
(1779322644.199975) can0 18FF28F4#10320000020C0000
(1779322644.200942) can0 18FE28F4#0CD00CCF40400000
(1779322644.201938) can0 18FD28F4#1702FA6F00000000
(1779322644.202853) can0 4D4#000032007D0C0203
(1779322644.203853) can0 4D5#CF0CD00C40400000
(1779322644.204938) can0 18914010#0CD0100CCF020000
(1779322644.205931) can0 18904010#020C020C753001F8
(1779322644.206950) can0 18924010#4001400100000000
(1779322644.207963) can0 18934010#0000006F0000BB2C
(1779322644.208964) can0 18944010#1003000000000000
(1779322644.209975) can0 18954010#0000000000000000
(1779322644.210976) can0 18954010#0100000000000000
(1779322644.211957) can0 18954010#0200000000000000
(1779322644.212969) can0 18954010#0300000000000000
(1779322644.213962) can0 18954010#0400000000000000
(1779322644.214951) can0 18954010#0500000000000000
(1779322644.215995) can0 18964010#0040404000000000
(1779322644.216964) can0 18974010#0000000000000000
(1779322644.217954) can0 18984010#0000000000000000
(1779322644.218937) can0 18FA28F4#123EA12C10270000
(1779322644.219938) can0 18FB28F4#D00CCF0C40400000
(1779322644.220951) can0 18FC28F4#383200000C020000
(1779322644.221931) can0 18F810F3#0C02E80332640100
(1779322644.222932) can0 18F811F3#D00C1001CF0C0201
(1779322644.223989) can0 18F812F3#4001014001010000
(1779322644.224958) can0 18F813F3#0101000000000000
(1779322644.225932) can0 18F814F3#3200EA1AA9015F00
(1779322644.226965) can0 18F815F3#0000000010030000
(1779322644.227867) can0 273#000000000C023200
(1779322644.228863) can0 1E1#020C271001F801F8
(1779322644.229871) can0 1F5#0000000000000000
(1779322644.230958) can0 0800A6A9#0000000000000000
(1779322644.231971) can0 1000A6A9#0C028813324A4A4A
(1779322644.232953) can0 1C00A6A9#0000000000030000
(1779322644.233964) can0 02018100#1003020C00000000
(1779322644.234965) can0 02028100#0000003264000000
(1779322644.235945) can0 02038100#0CD001100CCF0102
(1779322644.236945) can0 02048100#4A01014A01010000
(1779322644.237856) can0 1AD#7F14000059321818
(1779322644.238856) can0 2AD#D00C800C7F140016
(1779322644.239874) can0 3AD#0000000000007F14
(1779322644.240876) can0 4AD#EB00000000000000
(1779322644.241871) can0 76A#7F00000000000000
(1779322644.300546) can0 0000E005#1702440003B60591
(1779322644.301104) can0 1806E5F4#13B3010003B6023A
(1779322644.301937) can0 0000E000#13B313B3020C0000
(1779322644.302955) can0 0000E004#181803B603B601DF
(1779322644.303917) can0 0000E006#0CCF0CCF0CCF0CCF
(1779322644.304918) can0 0000E007#0CCF0CCF0CCF0CCF
(1779322644.305917) can0 0000E008#0CCF0CCF0CCF0CCF
(1779322644.306914) can0 0000E009#0CCF0CCF0CCF0CD0
(1779322644.307975) can0 0000E010#0000000000000000
(1779322644.309007) can0 0000E011#0000000000000000
(1779322644.309957) can0 0000E012#0CCF000100000000
(1779322644.310969) can0 0000F001#0000000000000000
(1779322644.311955) can0 18FF28F4#10320000020C0000
(1779322644.312938) can0 18FE28F4#0CD00CCF40400000
(1779322644.313950) can0 18FD28F4#1702FA6F00000000
(1779322644.314860) can0 4D4#000032007D0C0203
(1779322644.315860) can0 4D5#CF0CD00C40400000
(1779322644.316931) can0 18914010#0CD0100CCF020000
(1779322644.317924) can0 18904010#020C020C753001F8
(1779322644.318937) can0 18FA28F4#123EA12C10270000
(1779322644.319924) can0 18FB28F4#D00CCF0C40400000
(1779322644.320957) can0 18FC28F4#383200000C020000
(1779322644.321938) can0 18F810F3#0C02E80332640100
(1779322644.322946) can0 18F815F3#0000000010030000
(1779322644.323861) can0 273#000000000C023200
(1779322644.324862) can0 1E1#020C271001F801F8
(1779322644.325881) can0 1F5#0000000000000000
(1779322644.326956) can0 0800A6A9#0000000000000000
(1779322644.327906) can0 1000A6A9#0C028813324A4A4A
(1779322644.328952) can0 1C00A6A9#0000000000030000
(1779322644.329951) can0 02018100#1003020C00000000
(1779322644.330947) can0 02028100#0000003264000000
(1779322644.331931) can0 02038100#0CD001100CCF0102
(1779322644.332944) can0 02048100#4A01014A01010000
(1779322644.333862) can0 1AD#7F14000059321818
(1779322644.334861) can0 2AD#D00C800C7F140016
(1779322644.335862) can0 3AD#0000000000007F14
(1779322644.336862) can0 4AD#EB00000000000000
(1779322644.337861) can0 76A#7F00000000000000
(1779322644.400510) can0 0000E005#1702440003B60591
(1779322644.401071) can0 1806E5F4#13B3010003B6023A
(1779322644.401934) can0 0000E000#13B313B3020C0000
(1779322644.402945) can0 0000E004#181803B603B601DF
(1779322644.403906) can0 0000E006#0CCF0CCF0CCF0CCF
(1779322644.404914) can0 0000E007#0CCF0CCF0CCF0CCF
(1779322644.405924) can0 0000E008#0CCF0CCF0CCF0CCF
(1779322644.406905) can0 0000E009#0CCF0CCF0CCF0CD0
(1779322644.407967) can0 0000E010#0000000000000000
(1779322644.408970) can0 0000E011#0000000000000000
(1779322644.409951) can0 0000E012#0CCF000100000000
(1779322644.410963) can0 0000F001#0000000000000000
(1779322644.411943) can0 18FF28F4#10320000020C0000
(1779322644.412932) can0 18FE28F4#0CD00CCF40400000
(1779322644.413944) can0 18FD28F4#1702FA6F00000000
(1779322644.414866) can0 4D4#000032007D0C0203
(1779322644.415867) can0 4D5#CF0CD00C40400000
(1779322644.416933) can0 18914010#0CD0100CCF020000
(1779322644.417931) can0 18904010#020C020C753001F8
(1779322644.418944) can0 18FA28F4#123EA12C10270000
(1779322644.419922) can0 18FB28F4#D00CCF0C40400000
(1779322644.420945) can0 18FC28F4#383200000C020000
(1779322644.421926) can0 18F810F3#0C02E80332640100
(1779322644.422970) can0 18F815F3#0000000010030000
(1779322644.423868) can0 273#000000000C023200
(1779322644.424869) can0 1E1#020C271001F801F8
(1779322644.425881) can0 1F5#0000000000000000
(1779322644.426957) can0 0800A6A9#0000000000000000
(1779322644.427907) can0 1000A6A9#0C028813324A4A4A
(1779322644.428939) can0 1C00A6A9#0000000000030000
(1779322644.429957) can0 02018100#1003020C00000000
(1779322644.430970) can0 02028100#0000003264000000
(1779322644.431930) can0 02038100#0CD001100CCF0102
(1779322644.432933) can0 02048100#4A01014A01010000
(1779322644.433869) can0 1AD#7F14000059321818
(1779322644.434868) can0 2AD#D00C800C7F140016
(1779322644.435868) can0 3AD#0000000000007F14
(1779322644.436870) can0 4AD#EB00000000000000
(1779322644.437869) can0 76A#7F00000000000000
(1779322644.500513) can0 0000E005#1702440003B60591
(1779322644.501068) can0 1806E5F4#13B3010003B6023A
(1779322644.501940) can0 0000E000#13B313B3020C0000
(1779322644.502949) can0 0000E004#181803B603B601DF
(1779322644.503918) can0 0000E006#0CCF0CCF0CCF0CCF
(1779322644.504913) can0 0000E007#0CCF0CCF0CCF0CCF
(1779322644.505910) can0 0000E008#0CCF0CCF0CCF0CCF
(1779322644.506912) can0 0000E009#0CCF0CCF0CCF0CD0
(1779322644.507995) can0 0000E010#0000000000000000
(1779322644.508956) can0 0000E011#0000000000000000
(1779322644.509957) can0 0000E012#0CCF000100000000
(1779322644.510969) can0 0000F001#0000000000000000
(1779322644.511937) can0 18FF28F4#10320000020C0000
(1779322644.512929) can0 18FE28F4#0CD00CCF40400000
(1779322644.513931) can0 18FD28F4#1702FA6F00000000
(1779322644.514873) can0 4D4#000032007D0C0203
(1779322644.515874) can0 4D5#CF0CD00C40400000
(1779322644.516921) can0 18914010#0CD0100CCF030000
(1779322644.517925) can0 18904010#020C020C753001F8
(1779322644.518939) can0 18FA28F4#123EA12C10270000
(1779322644.519925) can0 18FB28F4#D00CCF0C40400000
(1779322644.520939) can0 18FC28F4#383200000C020000
(1779322644.521919) can0 18F810F3#0C02E80332640100
(1779322644.522951) can0 18F815F3#0000000010030000
(1779322644.523903) can0 273#000000000C023200
(1779322644.524876) can0 1E1#020C271001F801F8
(1779322644.525877) can0 1F5#0000000000000000
(1779322644.526958) can0 0800A6A9#0000000000000000
(1779322644.527907) can0 1000A6A9#0C028813324A4A4A
(1779322644.528936) can0 1C00A6A9#0000000000030000
(1779322644.529952) can0 02018100#1003020C00000000
(1779322644.530951) can0 02028100#0000003264000000
(1779322644.531984) can0 02038100#0CD001100CCF0103
(1779322644.532931) can0 02048100#4A01014A01010000
(1779322644.533876) can0 1AD#7F14000059321818
(1779322644.534876) can0 2AD#D00C800C7F140016
(1779322644.535874) can0 3AD#0000000000007F14
(1779322644.536875) can0 4AD#EB00000000000000
(1779322644.537875) can0 76A#7F00000000000000
(1779322644.600551) can0 0000E005#1702440003B60591
(1779322644.601105) can0 1806E5F4#13B3010003B6023A
(1779322644.601938) can0 0000E000#13B313B3020C0000
(1779322644.602950) can0 0000E004#181803B603B601DF
(1779322644.603912) can0 0000E006#0CCF0CCF0CCF0CCF
(1779322644.604913) can0 0000E007#0CCF0CCF0CCF0CCF
(1779322644.605910) can0 0000E008#0CCF0CCF0CCF0CCF
(1779322644.606911) can0 0000E009#0CCF0CCF0CCF0CD0
(1779322644.607955) can0 0000E010#0000000000000000
(1779322644.609000) can0 0000E011#0000000000000000
(1779322644.609948) can0 0000E012#0CCF000100000000
(1779322644.610969) can0 0000F001#0000000000000000
(1779322644.611949) can0 18FF28F4#10320000020C0000
(1779322644.612931) can0 18FE28F4#0CD00CCF40400000
(1779322644.613941) can0 18FD28F4#1702FA6F00000000
(1779322644.614879) can0 4D4#000032007D0C0203
(1779322644.615880) can0 4D5#CF0CD00C40400000
(1779322644.616982) can0 18914010#0CD0100CCF030000
(1779322644.617931) can0 18904010#020C020C753001F8
(1779322644.618931) can0 18FA28F4#123EA12C10270000
(1779322644.619931) can0 18FB28F4#D00CCF0C40400000
(1779322644.620943) can0 18FC28F4#383200000C020000
(1779322644.621928) can0 18F810F3#0C02E80332640100
(1779322644.622958) can0 18F815F3#0000000010030000
(1779322644.623881) can0 273#000000000C023200
(1779322644.624880) can0 1E1#020C271001F801F8
(1779322644.625881) can0 1F5#0000000000000000
(1779322644.626943) can0 0800A6A9#0000000000000000
(1779322644.627912) can0 1000A6A9#0C028813324A4A4A
(1779322644.628937) can0 1C00A6A9#0000000000030000
(1779322644.629956) can0 02018100#1003020C00000000
(1779322644.630951) can0 02028100#0000003264000000
(1779322644.631932) can0 02038100#0CD001100CCF0103
(1779322644.632932) can0 02048100#4A01014A01010000
(1779322644.633889) can0 1AD#7F14000059321818
(1779322644.634881) can0 2AD#D00C800C7F140016
(1779322644.635881) can0 3AD#0000000000007F14
(1779322644.636881) can0 4AD#EB00000000000000
(1779322644.637881) can0 76A#7F00000000000000
(1779322644.717547) can0 0000E005#1702440003B60591
(1779322644.718101) can0 1806E5F4#13B3010003B6023A
(1779322644.718939) can0 0000E000#13B313B3020C0000
(1779322644.719950) can0 0000E004#181803B603B601DF
(1779322644.720913) can0 0000E006#0CCF0CCF0CCF0CCF
(1779322644.721912) can0 0000E007#0CCF0CCF0CCF0CCF
(1779322644.722924) can0 0000E008#0CCF0CCF0CCF0CCF
(1779322644.723902) can0 0000E009#0CCF0CCF0CCF0CD0
(1779322644.724958) can0 0000E010#0000000000000000
(1779322644.725956) can0 0000E011#0000000000000000
(1779322644.726951) can0 0000E012#0CCF000100000000
(1779322644.727918) can0 0000E013#4542323630354C43
(1779322644.728932) can0 0000E014#3134323300000000
(1779322644.729944) can0 0000E015#0000000000000003
(1779322644.730976) can0 0000F000#0000000000000000
(1779322644.731957) can0 0000F001#0000000000000000
(1779322644.732945) can0 18FF28F4#10320000020C0000
(1779322644.733925) can0 18FE28F4#0CD00CCF40400000
(1779322644.734938) can0 18FD28F4#1702FA6F00000000
(1779322644.735888) can0 4D4#000032007D0C0203
(1779322644.736889) can0 4D5#CF0CD00C40400000
(1779322644.737925) can0 18914010#0CD0100CCF010000
(1779322644.738938) can0 18904010#020C020C753001F8
(1779322644.739939) can0 18924010#4001400100000000
(1779322644.740939) can0 18934010#000000700000BB2C
(1779322644.741952) can0 18944010#1003000000000000
(1779322644.742964) can0 18954010#0000000000000000
(1779322644.743964) can0 18954010#0100000000000000
(1779322644.744959) can0 18954010#0200000000000000
(1779322644.745958) can0 18954010#0300000000000000
(1779322644.746992) can0 18954010#0400000000000000
(1779322644.747942) can0 18954010#0500000000000000
(1779322644.748955) can0 18964010#0040404000000000
(1779322644.749954) can0 18974010#0000000000000000
(1779322644.750943) can0 18984010#0000000000000000
(1779322644.751929) can0 18FA28F4#123EA12C10270000
(1779322644.752928) can0 18FB28F4#D00CCF0C40400000
(1779322644.753941) can0 18FC28F4#383200000C020000
(1779322644.754954) can0 18F810F3#0C02E80332640100
(1779322644.755934) can0 18F811F3#D00C1001CF0C0101
(1779322644.756929) can0 18F812F3#4001014001010000
(1779322644.757940) can0 18F813F3#0101000000000000
(1779322644.758919) can0 18F814F3#3200EA1AA9015F00
(1779322644.759953) can0 18F815F3#0000000010030000
(1779322644.760891) can0 273#000000000C023200
(1779322644.761889) can0 1E1#020C271001F801F8
(1779322644.762913) can0 1F5#0000000000000000
(1779322644.763947) can0 0800A6A9#0000000000000000
(1779322644.764916) can0 1000A6A9#0C028813324A4A4A
(1779322644.765947) can0 1C00A6A9#0000000000030000
(1779322644.766947) can0 02018100#1003020C00000000
(1779322644.767941) can0 02028100#0000003264000000
(1779322644.768942) can0 02038100#0CD001100CCF0101
(1779322644.769922) can0 02048100#4A01014A01010000
(1779322644.770820) can0 1AD#7F14000059321818
(1779322644.771891) can0 2AD#D00C800C7F140016
(1779322644.772891) can0 3AD#0000000000007F14
(1779322644.773890) can0 4AD#EB00000000000000
(1779322644.774890) can0 76A#7F00000000000000
(1779322644.833490) can0 0000E005#1702440003B60591
(1779322644.834054) can0 1806E5F4#13B3010003B6023A
(1779322644.834939) can0 0000E000#13B313B3020C0000
(1779322644.835933) can0 0000E004#181803B603B601DF
(1779322644.836919) can0 0000E006#0CCF0CCF0CCF0CCF
(1779322644.837913) can0 0000E007#0CCF0CCF0CCF0CCF
(1779322644.838913) can0 0000E008#0CCF0CCF0CCF0CCF
(1779322644.839955) can0 0000E009#0CCF0CCF0CCF0CD0
(1779322644.840959) can0 0000E010#0000000000000000
(1779322644.841958) can0 0000E011#0000000000000000
(1779322644.842939) can0 0000E012#0CCF000100000000
(1779322644.843949) can0 0000F001#0000000000000000
(1779322644.844934) can0 18FF28F4#10320000020C0000
(1779322644.845933) can0 18FE28F4#0CD00CCF40400000
(1779322644.846934) can0 18FD28F4#1702FA6F00000000
(1779322644.847902) can0 4D4#000032007D0C0203
(1779322644.848900) can0 4D5#CF0CD00C40400000
(1779322644.849934) can0 18914010#0CD0100CCF010000
(1779322644.850934) can0 18904010#020C020C753001F8
(1779322644.851925) can0 18FA28F4#123EA12C10270000
(1779322644.852928) can0 18FB28F4#D00CCF0C40400000
(1779322644.853927) can0 18FC28F4#383200000C020000
(1779322644.854927) can0 18F810F3#0C02E80332640100
(1779322644.855950) can0 18F815F3#0000000010030000
(1779322644.856834) can0 273#000000000C023200
(1779322644.857834) can0 1E1#020C271001F801F8
(1779322644.858895) can0 1F5#0000000000000000
(1779322644.859946) can0 0800A6A9#0000000000000000
(1779322644.860915) can0 1000A6A9#0C028813324A4A4A
(1779322644.861940) can0 1C00A6A9#0000000000030000
(1779322644.862941) can0 02018100#1003020C00000000
(1779322644.863933) can0 02028100#0000003264000000
(1779322644.864935) can0 02038100#0CD001100CCF0101
(1779322644.865934) can0 02048100#4A01014A01010000
(1779322644.866830) can0 1AD#7F14000059321818
(1779322644.867896) can0 2AD#D00C800C7F140016
(1779322644.868897) can0 3AD#0000000000007F14
(1779322644.869895) can0 4AD#EB00000000000000
(1779322644.870896) can0 76A#7F00000000000000
(1779322644.933496) can0 0000E005#1702440003B60591
(1779322644.934053) can0 1806E5F4#13B3010003B6023A
(1779322644.934925) can0 0000E000#13B313B3020C0000
(1779322644.935938) can0 0000E004#181803B603B601DF
(1779322644.936900) can0 0000E006#0CCF0CCF0CCF0CCF
(1779322644.937900) can0 0000E007#0CCF0CCF0CCF0CCF
(1779322644.938919) can0 0000E008#0CCF0CCF0CCF0CCF
(1779322644.939900) can0 0000E009#0CCF0CCF0CCF0CD0
(1779322644.940963) can0 0000E010#0000000000000000
(1779322644.941945) can0 0000E011#0000000000000000
(1779322644.942945) can0 0000E012#0CCF000100000000
(1779322644.943958) can0 0000F001#0000000000000000
(1779322644.944940) can0 18FF28F4#10320000020C0000
(1779322644.945926) can0 18FE28F4#0CD00CCF40400000
(1779322644.946939) can0 18FD28F4#1702FA6F00000000
(1779322644.947837) can0 4D4#000032007D0C0203
(1779322644.948837) can0 4D5#CF0CD00C40400000
(1779322644.949936) can0 18914010#0CD0100CCF010000
(1779322644.950916) can0 18904010#020C020C753001F8
(1779322644.951933) can0 18FA28F4#123EA12C10270000
(1779322644.952911) can0 18FB28F4#D00CCF0C40400000
(1779322644.953947) can0 18FC28F4#383200000C020000
(1779322644.954927) can0 18F810F3#0C02E80332640100
(1779322644.955941) can0 18F815F3#0000000010030000
(1779322644.956837) can0 273#000000000C023200
(1779322644.957836) can0 1E1#020C271001F801F8
(1779322644.958903) can0 1F5#0000000000000000
(1779322644.959947) can0 0800A6A9#0000000000000000
(1779322644.960911) can0 1000A6A9#0C028813324A4A4A
(1779322644.961948) can0 1C00A6A9#0000000000030000
(1779322644.962941) can0 02018100#1003020C00000000
(1779322644.963940) can0 02028100#0000003264000000
(1779322644.964934) can0 02038100#0CD001100CCF0101
(1779322644.965934) can0 02048100#4A01014A01010000
(1779322644.966812) can0 1AD#7F14000059321818
(1779322644.967831) can0 2AD#D00C800C7F140016
(1779322644.968844) can0 3AD#0000000000007F14
(1779322644.969902) can0 4AD#EB00000000000000
(1779322644.970903) can0 76A#7F00000000000000
(1779322645.033541) can0 0000E005#1702440003B60591
(1779322645.034098) can0 1806E5F4#13B3010003B6023A
(1779322645.034940) can0 0000E000#13B313B3020C0000
(1779322645.035939) can0 0000E004#181803B603B601DF
(1779322645.036907) can0 0000E006#0CCF0CCF0CCF0CCF
(1779322645.037915) can0 0000E007#0CCF0CCF0CCF0CCF
(1779322645.038933) can0 0000E008#0CCF0CCF0CCF0CCF
(1779322645.039907) can0 0000E009#0CCF0CCF0CCF0CCF
(1779322645.040960) can0 0000E010#0000000000000000
(1779322645.041959) can0 0000E011#0000000000000000
(1779322645.042939) can0 0000E012#0CCF000000000000
(1779322645.043953) can0 0000F001#0000000000000000
(1779322645.044942) can0 18FF28F4#10320000020C0000
(1779322645.045915) can0 18FE28F4#0CCF0CCF40400000
(1779322645.046953) can0 18FD28F4#1702FA6F00000000
(1779322645.047849) can0 4D4#000032007D0C0203
(1779322645.048825) can0 4D5#CF0CCF0C40400000
(1779322645.049914) can0 18914010#0CCF010CCF020000
(1779322645.050931) can0 18904010#020C020C753001F8
(1779322645.051928) can0 18FA28F4#123EA12C10270000
(1779322645.052911) can0 18FB28F4#CF0CCF0C40400000
(1779322645.053940) can0 18FC28F4#383200000C020000
(1779322645.054953) can0 18F810F3#0C02E80332640100
(1779322645.055953) can0 18F815F3#0000000010030000
(1779322645.056850) can0 273#000000000C023200
(1779322645.057828) can0 1E1#020C271001F801F8
(1779322645.058909) can0 1F5#0000000000000000
(1779322645.059940) can0 0800A6A9#0000000000000000
(1779322645.060909) can0 1000A6A9#0C028813324A4A4A
(1779322645.061932) can0 1C00A6A9#0000000000030000
(1779322645.062986) can0 02018100#1003020C00000000
(1779322645.063946) can0 02028100#0000003264000000
(1779322645.064929) can0 02038100#0CCF01010CCF0102
(1779322645.065928) can0 02048100#4A01014A01010000
(1779322645.066820) can0 1AD#7F14000059321818
(1779322645.067819) can0 2AD#CF0C800C7F140016
(1779322645.068850) can0 3AD#0000000000007F14
(1779322645.069843) can0 4AD#EB00000000000000
(1779322645.070909) can0 76A#7F00000000000000
(1779322645.126798) can0 00000E00#00354C4331343233
(1779322645.134541) can0 0000E005#1702440003B60591
(1779322645.135099) can0 1806E5F4#13B3010003B6023A
(1779322645.135921) can0 0000E000#13B313B3020C0000
(1779322645.136939) can0 0000E004#181803B603B601DF
(1779322645.137914) can0 0000E006#0CCF0CCF0CCF0CCF
(1779322645.138914) can0 0000E007#0CCF0CCF0CCF0CCF
(1779322645.139945) can0 0000E008#0CCF0CCF0CCF0CCF
(1779322645.140914) can0 0000E009#0CCF0CCF0CCF0CCF
(1779322645.141959) can0 0000E010#0000000000000000
(1779322645.142951) can0 0000E011#0000000000000000
(1779322645.143939) can0 0000E012#0CCF000000000000
(1779322645.144952) can0 0000F001#0000000000000000
(1779322645.145940) can0 18FF28F4#10320000020C0000
(1779322645.146915) can0 18FE28F4#0CCF0CCF40400000
(1779322645.147966) can0 18FD28F4#1702FA6F00000000
(1779322645.148849) can0 4D4#000032007D0C0203
(1779322645.149824) can0 4D5#CF0CCF0C40400000
(1779322645.150922) can0 18914010#0CCF010CCF020000
(1779322645.151931) can0 18904010#020C020C753001F8
(1779322645.152931) can0 18FA28F4#123EA12C10270000
(1779322645.153915) can0 18FB28F4#CF0CCF0C40400000
(1779322645.154939) can0 18FC28F4#383200000C020000
(1779322645.155921) can0 18F810F3#0C02E80332640100
(1779322645.156954) can0 18F815F3#0000000010030000
(1779322645.157826) can0 273#000000000C023200
(1779322645.158823) can0 1E1#020C271001F801F8
(1779322645.159915) can0 1F5#0000000000000000
(1779322645.160954) can0 0800A6A9#0000000000000000
(1779322645.161915) can0 1000A6A9#0C028813324A4A4A
(1779322645.162946) can0 1C00A6A9#0000000000030000
(1779322645.163940) can0 02018100#1003020C00000000
(1779322645.164942) can0 02028100#0000003264000000
(1779322645.165915) can0 02038100#0CCF01010CCF0102
(1779322645.166929) can0 02048100#4A01014A01010000
(1779322645.167810) can0 1AD#7F14000059321818
(1779322645.168819) can0 2AD#CF0C800C7F140016
(1779322645.169843) can0 3AD#0000000000007F14
(1779322645.170849) can0 4AD#EB00000000000000
(1779322645.171848) can0 76A#7F00000000000000
(1779322645.250483) can0 0000E005#1702440003B60591
(1779322645.251051) can0 1806E5F4#13B3010003B6023A
(1779322645.251931) can0 0000E000#13B313B3020C0000
(1779322645.252924) can0 0000E004#181803B603B601DF
(1779322645.253923) can0 0000E006#0CCF0CCF0CCF0CCF
(1779322645.254921) can0 0000E007#0CCF0CCF0CCF0CCF
(1779322645.255918) can0 0000E008#0CCF0CCF0CCF0CCF
(1779322645.256923) can0 0000E009#0CCF0CCF0CCF0CD0
(1779322645.257947) can0 0000E010#0000000000000000
(1779322645.258946) can0 0000E011#0000000000000000
(1779322645.259929) can0 0000E012#0CCF000100000000
(1779322645.260922) can0 0000E013#4542323630354C43
(1779322645.261939) can0 0000E014#3134323300000000
(1779322645.262941) can0 0000E015#0000000000000003
(1779322645.263953) can0 0000F000#0000000000000000
(1779322645.264954) can0 0000F001#0000000000000000
(1779322645.265935) can0 18FF28F4#10320000020C0000
(1779322645.266922) can0 18FE28F4#0CD00CCF40400000
(1779322645.267929) can0 18FD28F4#1702FA6F00000000
(1779322645.268842) can0 4D4#000032007D0C0203
(1779322645.269837) can0 4D5#CF0CD00C40400000
(1779322645.270922) can0 18914010#0CD0100CCF020000
(1779322645.271922) can0 18904010#020C020C753001F8
(1779322645.272942) can0 18924010#4001400100000000
(1779322645.273922) can0 18934010#000000710000BB2C
(1779322645.274935) can0 18944010#1003000000000000
(1779322645.275948) can0 18954010#0000000000000000
(1779322645.276949) can0 18954010#0100000000000000
(1779322645.277980) can0 18954010#0200000000000000
(1779322645.278948) can0 18954010#0300000000000000
(1779322645.279937) can0 18954010#0400000000000000
(1779322645.280942) can0 18954010#0500000000000000
(1779322645.281942) can0 18964010#0040404000000000
(1779322645.282937) can0 18974010#0000000000000000
(1779322645.283931) can0 18984010#0000000000000000
(1779322645.284926) can0 18FA28F4#123EA12C10270000
(1779322645.285961) can0 18FB28F4#D00CCF0C40400000
(1779322645.286923) can0 18FC28F4#383200000C020000
(1779322645.287923) can0 18F810F3#0C02E80332640100
(1779322645.288923) can0 18F811F3#D00C1001CF0C0201
(1779322645.289923) can0 18F812F3#4001014001010000
(1779322645.290943) can0 18F813F3#0101000000000000
(1779322645.291923) can0 18F814F3#3200EA1AA9015F00
(1779322645.292937) can0 18F815F3#0000000010030000
(1779322645.293924) can0 273#000000000C023200
(1779322645.294820) can0 1E1#020C271001F801F8
(1779322645.295849) can0 1F5#0000000000000000
(1779322645.296937) can0 0800A6A9#0000000000000000
(1779322645.297923) can0 1000A6A9#0C028813324A4A4A
(1779322645.298923) can0 1C00A6A9#0000000000030000
(1779322645.299943) can0 02018100#1003020C00000000
(1779322645.300943) can0 02028100#0000003264000000
(1779322645.301975) can0 02038100#0CD001100CCF0102
(1779322645.302924) can0 02048100#4A01014A01010000
(1779322645.303814) can0 1AD#7F14000059321818
(1779322645.304815) can0 2AD#D00C800C7F140016
(1779322645.305827) can0 3AD#0000000000007F14
(1779322645.306852) can0 4AD#EB00000000000000
(1779322645.307844) can0 76A#7F00000000000000
(1779322645.366484) can0 0000E005#1702440003B60591
(1779322645.367040) can0 1806E5F4#13B3010003B6023A
(1779322645.367929) can0 0000E000#13B313B3020C0000
(1779322645.368941) can0 0000E004#181803B603B601DF
(1779322645.369927) can0 0000E006#0CCF0CCF0CCF0CCF
(1779322645.370948) can0 0000E007#0CCF0CCF0CCF0CCF
(1779322645.371928) can0 0000E008#0CCF0CCF0CCF0CCF
(1779322645.372928) can0 0000E009#0CCF0CCF0CCF0CD0
(1779322645.373953) can0 0000E010#0000000000000000
(1779322645.374954) can0 0000E011#0000000000000000
(1779322645.375927) can0 0000E012#0CCF000100000000
(1779322645.376948) can0 0000F001#0000000000000000
(1779322645.377928) can0 18FF28F4#10320000020C0000
(1779322645.378960) can0 18FE28F4#0CD00CCF40400000
(1779322645.379929) can0 18FD28F4#1702FA6F00000000
(1779322645.380839) can0 4D4#000032007D0C0203
(1779322645.381818) can0 4D5#CF0CD00C40400000
(1779322645.382929) can0 18914010#0CD0100CCF020000
(1779322645.383929) can0 18904010#020C020C753001F8
(1779322645.384929) can0 18FA28F4#123EA12C10270000
(1779322645.385929) can0 18FB28F4#D00CCF0C40400000
(1779322645.386930) can0 18FC28F4#383200000C020000
(1779322645.387928) can0 18F810F3#0C02E80332640100
(1779322645.388929) can0 18F815F3#0000000010030000
(1779322645.389827) can0 273#000000000C023200
(1779322645.390825) can0 1E1#020C271001F801F8
(1779322645.391839) can0 1F5#0000000000000000
(1779322645.392942) can0 0800A6A9#0000000000000000
(1779322645.393928) can0 1000A6A9#0C028813324A4A4A
(1779322645.394929) can0 1C00A6A9#0000000000030000
(1779322645.395929) can0 02018100#1003020C00000000
(1779322645.396929) can0 02028100#0000003264000000
(1779322645.397930) can0 02038100#0CD001100CCF0102
(1779322645.398929) can0 02048100#4A01014A01010000
(1779322645.399803) can0 1AD#7F14000059321818
(1779322645.400815) can0 2AD#D00C800C7F140016
(1779322645.401826) can0 3AD#0000000000007F14
(1779322645.402839) can0 4AD#EB00000000000000
(1779322645.403839) can0 76A#7F00000000000000
(1779322645.466532) can0 0000E005#1702440003B60591
(1779322645.467091) can0 1806E5F4#13B3010003B6023A
(1779322645.467936) can0 0000E000#13B313B3020C0000
(1779322645.468936) can0 0000E004#181803B603B601DF
(1779322645.469934) can0 0000E006#0CCF0CCF0CCF0CCF
(1779322645.470935) can0 0000E007#0CCF0CCF0CCF0CCF
(1779322645.471936) can0 0000E008#0CCF0CCF0CCF0CCF
(1779322645.472935) can0 0000E009#0CCF0CCF0CCF0CD0
(1779322645.473949) can0 0000E010#0000000000000000
(1779322645.474942) can0 0000E011#0000000000000000
(1779322645.475935) can0 0000E012#0CCF000100000000
(1779322645.476955) can0 0000F001#0000000000000000
(1779322645.477936) can0 18FF28F4#10320000020C0000
(1779322645.478935) can0 18FE28F4#0CD00CCF40400000
(1779322645.479936) can0 18FD28F4#1702FA6F00000000
(1779322645.480828) can0 4D4#000032007D0C0203
(1779322645.481824) can0 4D5#CF0CD00C40400000
(1779322645.482936) can0 18914010#0CD0100CCF020000
(1779322645.483936) can0 18904010#020C020C753001F8
(1779322645.484937) can0 18FA28F4#123EA12C10270000
(1779322645.485936) can0 18FB28F4#D00CCF0C40400000
(1779322645.486936) can0 18FC28F4#383200000C020000
(1779322645.487935) can0 18F810F3#0C02E80332640100
(1779322645.488937) can0 18F815F3#0000000010030000
(1779322645.489827) can0 273#000000000C023200
(1779322645.490825) can0 1E1#020C271001F801F8
(1779322645.491839) can0 1F5#0000000000000000
(1779322645.492944) can0 0800A6A9#0000000000000000
(1779322645.493936) can0 1000A6A9#0C028813324A4A4A
(1779322645.494936) can0 1C00A6A9#0000000000030000
(1779322645.495937) can0 02018100#1003020C00000000
(1779322645.496937) can0 02028100#0000003264000000
(1779322645.497936) can0 02038100#0CD001100CCF0102
(1779322645.498937) can0 02048100#4A01014A01010000
(1779322645.499819) can0 1AD#7F14000059321818
(1779322645.500847) can0 2AD#D00C800C7F140016
(1779322645.501840) can0 3AD#0000000000007F14
(1779322645.502839) can0 4AD#EB00000000000000
(1779322645.503833) can0 76A#7F00000000000000
(1779322645.566471) can0 0000E005#1702440003B60591
(1779322645.567035) can0 1806E5F4#13B3010003B6023A
(1779322645.567943) can0 0000E000#13B313B3020C0000
(1779322645.568942) can0 0000E004#181803B603B601DF
(1779322645.569941) can0 0000E006#0CCF0CCF0CCF0CCF
(1779322645.570941) can0 0000E007#0CCF0CCF0CCF0CCF
(1779322645.571940) can0 0000E008#0CCF0CCF0CCF0CCF
(1779322645.572942) can0 0000E009#0CCF0CCF0CCF0CD0
(1779322645.573941) can0 0000E010#0000000000000000
(1779322645.574941) can0 0000E011#0000000000000000
(1779322645.575941) can0 0000E012#0CCF000100000000
(1779322645.576942) can0 0000F001#0000000000000000
(1779322645.577949) can0 18FF28F4#10320000020C0000
(1779322645.578941) can0 18FE28F4#0CD00CCF40400000
(1779322645.579942) can0 18FD28F4#1702FA6F00000000
(1779322645.580827) can0 4D4#000032007D0C0203
(1779322645.581819) can0 4D5#CF0CD00C40400000
(1779322645.582942) can0 18914010#0CD0100CCF010000
(1779322645.583942) can0 18904010#020C020C753001F8
(1779322645.584942) can0 18FA28F4#123EA12C10270000
(1779322645.585942) can0 18FB28F4#D00CCF0C40400000
(1779322645.586942) can0 18FC28F4#383200000C020000
(1779322645.587941) can0 18F810F3#0C02E80332640100
(1779322645.588942) can0 18F815F3#0000000010030000
(1779322645.589823) can0 273#000000000C023200
(1779322645.590824) can0 1E1#020C271001F801F8
(1779322645.591839) can0 1F5#0000000000000000
(1779322645.592942) can0 0800A6A9#0000000000000000
(1779322645.593942) can0 1000A6A9#0C028813324A4A4A
(1779322645.594942) can0 1C00A6A9#0000000000030000
(1779322645.595942) can0 02018100#1003020C00000000
(1779322645.596942) can0 02028100#0000003264000000
(1779322645.597943) can0 02038100#0CD001100CCF0101
(1779322645.598942) can0 02048100#4A01014A01010000
(1779322645.599818) can0 1AD#7F14000059321818
(1779322645.600829) can0 2AD#D00C800C7F140016
(1779322645.601875) can0 3AD#0000000000007F14
(1779322645.602839) can0 4AD#EB00000000000000
(1779322645.603833) can0 76A#7F00000000000000
(1779322645.666479) can0 0000E005#1702440003B60591
(1779322645.667028) can0 1806E5F4#13B3010003B6023A
(1779322645.667950) can0 0000E000#13B313B3020C0000
(1779322645.668950) can0 0000E004#181803B603B601DF
(1779322645.669888) can0 0000E006#0CCF0CCF0CCF0CCF
(1779322645.670948) can0 0000E007#0CCF0CCF0CCF0CCF
(1779322645.671948) can0 0000E008#0CCF0CCF0CCF0CCF
(1779322645.672948) can0 0000E009#0CCF0CCF0CCF0CD0
(1779322645.673948) can0 0000E010#0000000000000000
(1779322645.674948) can0 0000E011#0000000000000000
(1779322645.675947) can0 0000E012#0CCF000100000000
(1779322645.676948) can0 0000F001#0000000000000000
(1779322645.677948) can0 18FF28F4#10320000020C0000
(1779322645.678956) can0 18FE28F4#0CD00CCF40400000
(1779322645.679949) can0 18FD28F4#1702FA6F00000000
(1779322645.680835) can0 4D4#000032007D0C0203
(1779322645.681817) can0 4D5#CF0CD00C40400000
(1779322645.682948) can0 18914010#0CD0100CCF010000
(1779322645.683948) can0 18904010#020C020C753001F8
(1779322645.684949) can0 18FA28F4#123EA12C10270000
(1779322645.685948) can0 18FB28F4#D00CCF0C40400000
(1779322645.686949) can0 18FC28F4#383200000C020000
(1779322645.687948) can0 18F810F3#0C02E80332640100
(1779322645.688950) can0 18F815F3#0000000010030000
(1779322645.689832) can0 273#000000000C023200
(1779322645.690826) can0 1E1#020C271001F801F8
(1779322645.691840) can0 1F5#0000000000000000
(1779322645.692949) can0 0800A6A9#0000000000000000
(1779322645.693882) can0 1000A6A9#0C028813324A4A4A
(1779322645.694949) can0 1C00A6A9#0000000000030000
(1779322645.695949) can0 02018100#1003020C00000000
(1779322645.696949) can0 02028100#0000003264000000
(1779322645.697950) can0 02038100#0CD001100CCF0101
(1779322645.698949) can0 02048100#4A01014A01010000
(1779322645.699807) can0 1AD#7F14000059321818
(1779322645.700826) can0 2AD#D00C800C7F140016
(1779322645.701834) can0 3AD#0000000000007F14
(1779322645.702827) can0 4AD#EB00000000000000
(1779322645.703833) can0 76A#7F00000000000000
(1779322645.783476) can0 0000E005#1702440003B60591
(1779322645.784030) can0 1806E5F4#13B3010003B6023A
(1779322645.784958) can0 0000E000#13B313B3020C0000
(1779322645.785956) can0 0000E004#181803B603B601DF
(1779322645.786895) can0 0000E006#0CCF0CCF0CCF0CCF
(1779322645.787895) can0 0000E007#0CCF0CCF0CCF0CCF
(1779322645.788892) can0 0000E008#0CCF0CCF0CCF0CCF
(1779322645.789894) can0 0000E009#0CCF0CCF0CCF0CD0
(1779322645.790955) can0 0000E010#0000000000000000
(1779322645.791956) can0 0000E011#0000000000000000
(1779322645.792956) can0 0000E012#0CCF000100000000
(1779322645.793884) can0 0000E013#4542323630354C43
(1779322645.794955) can0 0000E014#3134323300000000
(1779322645.795954) can0 0000E015#0000000000000003
(1779322645.796955) can0 0000F000#0000000000000000
(1779322645.797956) can0 0000F001#0000000000000000
(1779322645.798955) can0 18FF28F4#10320000020C0000
(1779322645.799956) can0 18FE28F4#0CD00CCF40400000
(1779322645.800958) can0 18FD28F4#1702FA6F00000000
(1779322645.801832) can0 4D4#000032007D0C0203
(1779322645.802813) can0 4D5#CF0CD00C40400000
(1779322645.803955) can0 18914010#0CD0100CCF010000
(1779322645.804956) can0 18904010#020C020C753001F8
(1779322645.805956) can0 18924010#4001400100000000
(1779322645.806956) can0 18934010#000000720000BB2C
(1779322645.807957) can0 18944010#1003000000000000
(1779322645.808970) can0 18954010#0000000000000000
(1779322645.809956) can0 18954010#0100000000000000
(1779322645.810956) can0 18954010#0200000000000000
(1779322645.811957) can0 18954010#0300000000000000
(1779322645.812957) can0 18954010#0400000000000000
(1779322645.813956) can0 18954010#0500000000000000
(1779322645.814957) can0 18964010#0040404000000000
(1779322645.815958) can0 18974010#0000000000000000
(1779322645.816966) can0 18984010#0000000000000000
(1779322645.817957) can0 18FA28F4#123EA12C10270000
(1779322645.818957) can0 18FB28F4#D00CCF0C40400000
(1779322645.819957) can0 18FC28F4#383200000C020000
(1779322645.820959) can0 18F810F3#0C02E80332640100
(1779322645.821898) can0 18F811F3#D00C1001CF0C0101
(1779322645.822956) can0 18F812F3#4001014001010000
(1779322645.823958) can0 18F813F3#0101000000000000
(1779322645.824958) can0 18F814F3#3200EA1AA9015F00
(1779322645.825957) can0 18F815F3#0000000010030000
(1779322645.826829) can0 273#000000000C023200
(1779322645.827827) can0 1E1#020C271001F801F8
(1779322645.828835) can0 1F5#0000000000000000
(1779322645.829958) can0 0800A6A9#0000000000000000
(1779322645.830875) can0 1000A6A9#0C028813324A4A4A
(1779322645.831957) can0 1C00A6A9#0000000000030000
(1779322645.832978) can0 02018100#1003020C00000000
(1779322645.833958) can0 02028100#0000003264000000
(1779322645.834957) can0 02038100#0CD001100CCF0101
(1779322645.835958) can0 02048100#4A01014A01010000
(1779322645.836804) can0 1AD#7F14000059321818
(1779322645.837820) can0 2AD#D00C800C7F140016
(1779322645.838834) can0 3AD#0000000000007F14
(1779322645.839834) can0 4AD#EB00000000000000
(1779322645.840828) can0 76A#7F00000000000000
(1779322645.899527) can0 0000E005#1702440003B60591
(1779322645.900090) can0 1806E5F4#13B3010003B6023A
(1779322645.900964) can0 0000E000#13B313B3020C0000
(1779322645.901963) can0 0000E004#181803B603B601DF
(1779322645.902891) can0 0000E006#0CCF0CCF0CCF0CCF
(1779322645.903890) can0 0000E007#0CCF0CCF0CCF0CCF
(1779322645.904891) can0 0000E008#0CCF0CCF0CCF0CCF
(1779322645.905881) can0 0000E009#0CCF0CCF0CCF0CD0
(1779322645.906962) can0 0000E010#0000000000000000
(1779322645.907962) can0 0000E011#0000000000000000
(1779322645.908963) can0 0000E012#0CCF000100000000
(1779322645.909977) can0 0000F001#0000000000000000
(1779322645.910962) can0 18FF28F4#10320000020C0000
(1779322645.911963) can0 18FE28F4#0CD00CCF40400000
(1779322645.912964) can0 18FD28F4#1702FA6F00000000
(1779322645.913833) can0 4D4#000032007D0C0203
(1779322645.914813) can0 4D5#CF0CD00C40400000
(1779322645.915962) can0 18914010#0CD0100CCF010000
(1779322645.916905) can0 18904010#020C020C753001F8
(1779322645.917964) can0 18FA28F4#123EA12C10270000
(1779322645.918897) can0 18FB28F4#D00CCF0C40400000
(1779322645.919963) can0 18FC28F4#383200000C020000
(1779322645.920892) can0 18F810F3#0C02E80332640100
(1779322645.921962) can0 18F815F3#0000000010030000
(1779322645.922821) can0 273#000000000C023200
(1779322645.923819) can0 1E1#020C271001F801F8
(1779322645.924844) can0 1F5#0000000000000000
(1779322645.925964) can0 0800A6A9#0000000000000000
(1779322645.926892) can0 1000A6A9#0C028813324A4A4A
(1779322645.927963) can0 1C00A6A9#0000000000030000
(1779322645.928965) can0 02018100#1003020C00000000
(1779322645.929964) can0 02028100#0000003264000000
(1779322645.930963) can0 02038100#0CD001100CCF0101
(1779322645.931964) can0 02048100#4A01014A01010000
(1779322645.932810) can0 1AD#7F14000059321818
(1779322645.933818) can0 2AD#D00C800C7F140016
(1779322645.934833) can0 3AD#0000000000007F14
(1779322645.935833) can0 4AD#EB00000000000000
(1779322645.936827) can0 76A#7F00000000000000
(1779322645.999519) can0 0000E005#1702440003B60591
(1779322646.000076) can0 1806E5F4#13B3010003B6023A
(1779322646.000903) can0 0000E000#13B313B3020C0000
(1779322646.001971) can0 0000E004#181803B603B601DF
(1779322646.002880) can0 0000E006#0CCF0CCF0CCF0CCF
(1779322646.003897) can0 0000E007#0CCF0CCF0CCF0CCF
(1779322646.004893) can0 0000E008#0CCF0CCF0CCF0CCF
(1779322646.005872) can0 0000E009#0CCF0CCF0CCF0CD0
(1779322646.006968) can0 0000E010#0000000000000000
(1779322646.007970) can0 0000E011#0000000000000000
(1779322646.008971) can0 0000E012#0CCF000100000000
(1779322646.009969) can0 0000F001#0000000000000000
(1779322646.010969) can0 18FF28F4#10320000020C0000
(1779322646.011898) can0 18FE28F4#0CD00CCF40400000
(1779322646.012970) can0 18FD28F4#1702FA6F00000000
(1779322646.013822) can0 4D4#000032007D0C0203
(1779322646.014807) can0 4D5#CF0CD00C40400000
(1779322646.015902) can0 18914010#0CD0100CCF010000
(1779322646.016904) can0 18904010#020C020C753001F8
(1779322646.017891) can0 18FA28F4#123EA12C10270000
(1779322646.018898) can0 18FB28F4#D00CCF0C40400000
(1779322646.019910) can0 18FC28F4#383200000C020000
(1779322646.020887) can0 18F810F3#0C02E80332640100
(1779322646.021969) can0 18F815F3#0000000010030000
(1779322646.022822) can0 273#000000000C023200
(1779322646.023833) can0 1E1#020C271001F801F8
(1779322646.024834) can0 1F5#0000000000000000
(1779322646.025970) can0 0800A6A9#0000000000000000
(1779322646.026886) can0 1000A6A9#0C028813324A4A4A
(1779322646.027970) can0 1C00A6A9#0000000000030000
(1779322646.028971) can0 02018100#1003020C00000000
(1779322646.029970) can0 02028100#0000003264000000
(1779322646.030905) can0 02038100#0CD001100CCF0101
(1779322646.031971) can0 02048100#4A01014A01010000
(1779322646.032797) can0 1AD#7F14000059321818
(1779322646.033808) can0 2AD#D00C800C7F140016
(1779322646.034821) can0 3AD#0000000000007F14
(1779322646.035840) can0 4AD#EB00000000000000
(1779322646.036834) can0 76A#7F00000000000000
(1779322646.099463) can0 0000E005#1702440003B60591
(1779322646.100030) can0 1806E5F4#13B3010003B6023A
(1779322646.100975) can0 0000E000#13B313B3020C0000
(1779322646.101917) can0 0000E004#181803B603B601DF
(1779322646.102880) can0 0000E006#0CCF0CCF0CCF0CCF
(1779322646.103879) can0 0000E007#0CCF0CCF0CCF0CCF
(1779322646.104873) can0 0000E008#0CCF0CCF0CCF0CCF
(1779322646.105872) can0 0000E009#0CCF0CCF0CCF0CD0
(1779322646.106976) can0 0000E010#0000000000000000
(1779322646.107976) can0 0000E011#0000000000000000
(1779322646.108976) can0 0000E012#0CCF000100000000
(1779322646.109975) can0 0000F001#0000000000000000
(1779322646.110913) can0 18FF28F4#10320000020C0000
(1779322646.111904) can0 18FE28F4#0CD00CCF40400000
(1779322646.112916) can0 18FD28F4#1702FA6F00000000
(1779322646.113814) can0 4D4#000032007D0C0203
(1779322646.114809) can0 4D5#CF0CD00C40400000
(1779322646.115909) can0 18914010#0CD0100CCF040000
(1779322646.116977) can0 18904010#020C020C753001F8
(1779322646.117904) can0 18FA28F4#123EA12C10270000
(1779322646.118878) can0 18FB28F4#D00CCF0C40400000
(1779322646.119916) can0 18FC28F4#383200000C020000
(1779322646.120894) can0 18F810F3#0C02E80332640100
(1779322646.121976) can0 18F815F3#0000000010030000
(1779322646.122821) can0 273#000000000C023200
(1779322646.123823) can0 1E1#020C271001F801F8
(1779322646.124869) can0 1F5#0000000000000000
(1779322646.125918) can0 0800A6A9#0000000000000000
(1779322646.126881) can0 1000A6A9#0C028813324A4A4A
(1779322646.127917) can0 1C00A6A9#0000000000030000
(1779322646.128977) can0 02018100#1003020C00000000
(1779322646.129977) can0 02028100#0000003264000000
(1779322646.130893) can0 02038100#0CD001100CCF0104
(1779322646.131893) can0 02048100#4A01014A01010000
(1779322646.132847) can0 1AD#7F14000059321818
(1779322646.133809) can0 2AD#D00C800C7F140016
(1779322646.134819) can0 3AD#0000000000007F14
(1779322646.135823) can0 4AD#EB00000000000000
(1779322646.136834) can0 76A#7F00000000000000
(1779322646.199524) can0 0000E005#1702440003B60591
(1779322646.200076) can0 1806E5F4#13B3010003B6023A
(1779322646.200889) can0 0000E000#13B313B3020C0000
(1779322646.201982) can0 0000E004#181803B603B601DF
(1779322646.202879) can0 0000E006#0CCF0CCF0CCF0CCF
(1779322646.203877) can0 0000E007#0CCF0CCF0CCF0CCF
(1779322646.204880) can0 0000E008#0CCF0CCF0CCF0CCF
(1779322646.205879) can0 0000E009#0CCF0CCF0CCF0CD0
(1779322646.206981) can0 0000E010#0000000000000000
(1779322646.207917) can0 0000E011#0000000000000000
(1779322646.208922) can0 0000E012#0CCF000100000000
(1779322646.209981) can0 0000F001#0000000000000000
(1779322646.210917) can0 18FF28F4#10320000020C0000
(1779322646.211894) can0 18FE28F4#0CD00CCF40400000
(1779322646.212891) can0 18FD28F4#1702FA6F00000000
(1779322646.213814) can0 4D4#000032007D0C0203
(1779322646.214814) can0 4D5#CF0CD00C40400000
(1779322646.215885) can0 18914010#0CD0100CCF040000
(1779322646.216887) can0 18904010#020C020C753001F8
(1779322646.217982) can0 18FA28F4#123EA12C10270000
(1779322646.218880) can0 18FB28F4#D00CCF0C40400000
(1779322646.219892) can0 18FC28F4#383200000C020000
(1779322646.220893) can0 18F810F3#0C02E80332640100
(1779322646.221983) can0 18F815F3#0000000010030000
(1779322646.222821) can0 273#000000000C023200
(1779322646.223814) can0 1E1#020C271001F801F8
(1779322646.224833) can0 1F5#0000000000000000
(1779322646.225916) can0 0800A6A9#0000000000000000
(1779322646.226880) can0 1000A6A9#0C028813324A4A4A
(1779322646.227910) can0 1C00A6A9#0000000000030000
(1779322646.228983) can0 02018100#1003020C00000000
(1779322646.229917) can0 02028100#0000003264000000
(1779322646.230898) can0 02038100#0CD001100CCF0104
(1779322646.231892) can0 02048100#4A01014A01010000
(1779322646.232796) can0 1AD#7F14000059321818
(1779322646.233808) can0 2AD#D00C800C7F140016
(1779322646.234820) can0 3AD#0000000000007F14
(1779322646.235815) can0 4AD#EB00000000000000
(1779322646.236814) can0 76A#7F00000000000000
(1779322646.316512) can0 0000E005#1702440003B60591
(1779322646.317070) can0 1806E5F4#13B3010003B6023A
(1779322646.317893) can0 0000E000#13B313B3020C0000
(1779322646.318905) can0 0000E004#181803B603B601DF
(1779322646.319874) can0 0000E006#0CCF0CCF0CCF0CCF
(1779322646.320874) can0 0000E007#0CCF0CCF0CCF0CCF
(1779322646.321868) can0 0000E008#0CCF0CCF0CCF0CCF
(1779322646.322871) can0 0000E009#0CCF0CCF0CCF0CD0
(1779322646.323989) can0 0000E010#0000000000000000
(1779322646.324931) can0 0000E011#0000000000000000
(1779322646.325909) can0 0000E012#0CCF000100000000
(1779322646.326874) can0 0000E013#4542323630354C43
(1779322646.327906) can0 0000E014#3134323300000000
(1779322646.328924) can0 0000E015#0000000000000003
(1779322646.329922) can0 0000F000#0000000000000000
(1779322646.330924) can0 0000F001#0000000000000000
(1779322646.331918) can0 18FF28F4#10320000020C0000
(1779322646.332900) can0 18FE28F4#0CD00CCF40400000
(1779322646.333899) can0 18FD28F4#1702FA6F00000000
(1779322646.334815) can0 4D4#000032007D0C0203
(1779322646.335802) can0 4D5#CF0CD00C40400000
(1779322646.336893) can0 18914010#0CD0100CCF020000
(1779322646.337891) can0 18904010#020C020C753001F8
(1779322646.338906) can0 18924010#4001400100000000
(1779322646.339924) can0 18934010#000000730000BB2C
(1779322646.340925) can0 18944010#1003000000000000
(1779322646.341990) can0 18954010#0000000000000000
(1779322646.342931) can0 18954010#0100000000000000
(1779322646.343924) can0 18954010#0200000000000000
(1779322646.344925) can0 18954010#0300000000000000
(1779322646.345919) can0 18954010#0400000000000000
(1779322646.346924) can0 18954010#0500000000000000
(1779322646.347990) can0 18964010#0040404000000000
(1779322646.348908) can0 18974010#0000000000000000
(1779322646.349907) can0 18984010#0000000000000000
(1779322646.350887) can0 18FA28F4#123EA12C10270000
(1779322646.351881) can0 18FB28F4#D00CCF0C40400000
(1779322646.352895) can0 18FC28F4#383200000C020000
(1779322646.353876) can0 18F810F3#0C02E80332640100
(1779322646.354888) can0 18F811F3#D00C1001CF0C0201
(1779322646.355991) can0 18F812F3#4001014001010000
(1779322646.356915) can0 18F813F3#0101000000000000
(1779322646.357893) can0 18F814F3#3200EA1AA9015F00
(1779322646.358907) can0 18F815F3#0000000010030000
(1779322646.359809) can0 273#000000000C023200
(1779322646.360811) can0 1E1#020C271001F801F8
(1779322646.361836) can0 1F5#0000000000000000
(1779322646.362924) can0 0800A6A9#0000000000000000
(1779322646.363908) can0 1000A6A9#0C028813324A4A4A
(1779322646.364907) can0 1C00A6A9#0000000000030000
(1779322646.365925) can0 02018100#1003020C00000000
(1779322646.366908) can0 02028100#0000003264000000
(1779322646.367901) can0 02038100#0CD001100CCF0102
(1779322646.368902) can0 02048100#4A01014A01010000
(1779322646.369787) can0 1AD#7F14000059321818
(1779322646.370804) can0 2AD#D00C800C7F140016
(1779322646.371825) can0 3AD#0000000000007F14
(1779322646.372820) can0 4AD#EB00000000000000
(1779322646.373809) can0 76A#7F00000000000000
(1779322646.432502) can0 0000E005#1702440003B60591
(1779322646.433061) can0 1806E5F4#13B3010003B6023A
(1779322646.433887) can0 0000E000#13B313B3020C0000
(1779322646.434905) can0 0000E004#181803B603B601DF
(1779322646.435872) can0 0000E006#0CCF0CCF0CCF0CCF
(1779322646.436872) can0 0000E007#0CCF0CCF0CCF0CCF
(1779322646.437881) can0 0000E008#0CCF0CCF0CCF0CCF
(1779322646.438868) can0 0000E009#0CCF0CCF0CCF0CD0
(1779322646.439930) can0 0000E010#0000000000000000
(1779322646.440997) can0 0000E011#0000000000000000
(1779322646.441908) can0 0000E012#0CCF000100000000
(1779322646.442920) can0 0000F001#0000000000000000
(1779322646.443905) can0 18FF28F4#10320000020C0000
(1779322646.444888) can0 18FE28F4#0CD00CCF40400000
(1779322646.445900) can0 18FD28F4#1702FA6F00000000
(1779322646.446821) can0 4D4#000032007D0C0203
(1779322646.447802) can0 4D5#CF0CD00C40400000
(1779322646.448883) can0 18914010#0CD0100CCF020000
(1779322646.449893) can0 18904010#020C020C753001F8
(1779322646.450891) can0 18FA28F4#123EA12C10270000
(1779322646.451879) can0 18FB28F4#D00CCF0C40400000
(1779322646.452907) can0 18FC28F4#383200000C020000
(1779322646.453887) can0 18F810F3#0C02E80332640100
(1779322646.454905) can0 18F815F3#0000000010030000
(1779322646.455808) can0 273#000000000C023200
(1779322646.456810) can0 1E1#020C271001F801F8
(1779322646.457835) can0 1F5#0000000000000000
(1779322646.458914) can0 0800A6A9#0000000000000000
(1779322646.459883) can0 1000A6A9#0C028813324A4A4A
(1779322646.460908) can0 1C00A6A9#0000000000030000
(1779322646.461906) can0 02018100#1003020C00000000
(1779322646.462912) can0 02028100#0000003264000000
(1779322646.463892) can0 02038100#0CD001100CCF0102
(1779322646.464903) can0 02048100#4A01014A01010000
(1779322646.465791) can0 1AD#7F14000059321818
(1779322646.466800) can0 2AD#D00C800C7F140016
(1779322646.467817) can0 3AD#0000000000007F14
(1779322646.468831) can0 4AD#EB00000000000000
(1779322646.469823) can0 76A#7F00000000000000
(1779322646.532459) can0 0000E005#1702440003B60591
(1779322646.533018) can0 1806E5F4#13B3010003B6023A
(1779322646.533895) can0 0000E000#13B313B3020C0000
(1779322646.534894) can0 0000E004#181803B603B601DF
(1779322646.535873) can0 0000E006#0CCF0CCF0CCF0CCF
(1779322646.536874) can0 0000E007#0CCF0CCF0CCF0CCF
(1779322646.537880) can0 0000E008#0CCF0CCF0CCF0CCF
(1779322646.538873) can0 0000E009#0CCF0CCF0CCF0CD0
(1779322646.539918) can0 0000E010#0000000000000000
(1779322646.540910) can0 0000E011#0000000000000000
(1779322646.541893) can0 0000E012#0CCF000100000000
(1779322646.542912) can0 0000F001#0000000000000000
(1779322646.543893) can0 18FF28F4#10320000020C0000
(1779322646.544893) can0 18FE28F4#0CD00CCF40400000
(1779322646.545888) can0 18FD28F4#1702FA6F00000000
(1779322646.546808) can0 4D4#000032007D0C0203
(1779322646.547790) can0 4D5#CF0CD00C40400000
(1779322646.548888) can0 18914010#0CD0100CCF020000
(1779322646.549885) can0 18904010#020C020C753001F8
(1779322646.550900) can0 18FA28F4#123EA12C10270000
(1779322646.551880) can0 18FB28F4#D00CCF0C40400000
(1779322646.552893) can0 18FC28F4#383200000C020000
(1779322646.553878) can0 18F810F3#0C02E80332640100
(1779322646.554931) can0 18F815F3#0000000010030000
(1779322646.555814) can0 273#000000000C023200
(1779322646.556810) can0 1E1#020C271001F801F8
(1779322646.557828) can0 1F5#0000000000000000
(1779322646.558900) can0 0800A6A9#0000000000000000
(1779322646.559868) can0 1000A6A9#0C028813324A4A4A
(1779322646.560894) can0 1C00A6A9#0000000000030000
(1779322646.561913) can0 02018100#1003020C00000000
(1779322646.562932) can0 02028100#0000003264000000
(1779322646.563896) can0 02038100#0CD001100CCF0102
(1779322646.564892) can0 02048100#4A01014A01010000
(1779322646.565792) can0 1AD#7F14000059321818
(1779322646.566804) can0 2AD#D00C800C7F140016
(1779322646.567815) can0 3AD#0000000000007F14
(1779322646.568818) can0 4AD#EB00000000000000
(1779322646.569817) can0 76A#7F00000000000000
(1779322646.632450) can0 0000E005#1702440003B60591
(1779322646.633010) can0 1806E5F4#13B3010003B6023A
(1779322646.633891) can0 0000E000#13B313B3020C0000
(1779322646.634900) can0 0000E004#181803B603B601DF
(1779322646.635873) can0 0000E006#0CCF0CCF0CCF0CCF
(1779322646.636872) can0 0000E007#0CCF0CCF0CCF0CCF
(1779322646.637864) can0 0000E008#0CCF0CCF0CCF0CCF
(1779322646.638865) can0 0000E009#0CCF0CCF0CCF0CCF
(1779322646.639942) can0 0000E010#0000000000000000
(1779322646.640905) can0 0000E011#0000000000000000
(1779322646.641906) can0 0000E012#0CCF000000000000
(1779322646.642919) can0 0000F001#0000000000000000
(1779322646.643902) can0 18FF28F4#10320000020C0000
(1779322646.644885) can0 18FE28F4#0CCF0CCF40400000
(1779322646.645900) can0 18FD28F4#1702FA6F00000000
(1779322646.646802) can0 4D4#000032007D0C0203
(1779322646.647812) can0 4D5#CF0CCF0C40400000
(1779322646.648879) can0 18914010#0CCF010CCF020000
(1779322646.649879) can0 18904010#020C020C753001F8
(1779322646.650892) can0 18FA28F4#123EA12C10270000
(1779322646.651873) can0 18FB28F4#CF0CCF0C40400000
(1779322646.652892) can0 18FC28F4#383200000C020000
(1779322646.653886) can0 18F810F3#0C02E80332640100
(1779322646.654914) can0 18F815F3#0000000010030000
(1779322646.655833) can0 273#000000000C023200
(1779322646.656803) can0 1E1#020C271001F801F8
(1779322646.657815) can0 1F5#0000000000000000
(1779322646.658906) can0 0800A6A9#0000000000000000
(1779322646.659858) can0 1000A6A9#0C028813324A4A4A
(1779322646.660892) can0 1C00A6A9#0000000000030000
(1779322646.661900) can0 02018100#1003020C00000000
(1779322646.662901) can0 02028100#0000003264000000
(1779322646.663939) can0 02038100#0CCF01010CCF0102
(1779322646.664900) can0 02048100#4A01014A01010000
(1779322646.665789) can0 1AD#7F14000059321818
(1779322646.666780) can0 2AD#CF0C800C7F140016
(1779322646.667807) can0 3AD#0000000000007F14
(1779322646.668825) can0 4AD#EB00000000000000
(1779322646.669824) can0 76A#7F00000000000000
(1779322646.732500) can0 0000E005#1702440003B60591
(1779322646.733054) can0 1806E5F4#13B3010003B6023A
(1779322646.733893) can0 0000E000#13B313B3020C0000
(1779322646.734905) can0 0000E004#181803B603B601DF
(1779322646.735873) can0 0000E006#0CCF0CCF0CCF0CCF
(1779322646.736873) can0 0000E007#0CCF0CCF0CCF0CCF
(1779322646.737871) can0 0000E008#0CCF0CCF0CCF0CCF
(1779322646.738872) can0 0000E009#0CCF0CCF0CCF0CCF
(1779322646.739912) can0 0000E010#0000000000000000
(1779322646.741016) can0 0000E011#0000000000000000
(1779322646.741907) can0 0000E012#0CCF000000000000
(1779322646.742919) can0 0000F001#0000000000000000
(1779322646.743901) can0 18FF28F4#10320000020C0000
(1779322646.744882) can0 18FE28F4#0CCF0CCF40400000
(1779322646.745901) can0 18FD28F4#1702FA6F00000000
(1779322646.746802) can0 4D4#000032007D0C0203
(1779322646.747784) can0 4D5#CF0CCF0C40400000
(1779322646.748927) can0 18914010#0CCF010CCF020000
(1779322646.749879) can0 18904010#020C020C753001F8
(1779322646.750892) can0 18FA28F4#123EA12C10270000
(1779322646.751873) can0 18FB28F4#CF0CCF0C40400000
(1779322646.752889) can0 18FC28F4#383200000C020000
(1779322646.753886) can0 18F810F3#0C02E80332640100
(1779322646.754913) can0 18F815F3#0000000010030000
(1779322646.755802) can0 273#000000000C023200
(1779322646.756798) can0 1E1#020C271001F801F8
(1779322646.757816) can0 1F5#0000000000000000
(1779322646.758907) can0 0800A6A9#0000000000000000
(1779322646.759861) can0 1000A6A9#0C028813324A4A4A
(1779322646.760894) can0 1C00A6A9#0000000000030000
(1779322646.761904) can0 02018100#1003020C00000000
(1779322646.762903) can0 02028100#0000003264000000
(1779322646.763887) can0 02038100#0CCF01010CCF0102
(1779322646.764896) can0 02048100#4A01014A01010000
(1779322646.765789) can0 1AD#7F14000059321818
(1779322646.766782) can0 2AD#CF0C800C7F140016
(1779322646.767811) can0 3AD#0000000000007F14
(1779322646.768821) can0 4AD#EB00000000000000
(1779322646.769824) can0 76A#7F00000000000000
(1779322646.849497) can0 0000E005#1702440003B60591
(1779322646.850056) can0 1806E5F4#13B3010003B6023A
(1779322646.850887) can0 0000E000#13B313B3020C0000
(1779322646.851903) can0 0000E004#181803B603B601DF
(1779322646.852874) can0 0000E006#0CCF0CCF0CCF0CCF
(1779322646.853868) can0 0000E007#0CCF0CCF0CCF0CCF
(1779322646.854862) can0 0000E008#0CCF0CCF0CCF0CCF
(1779322646.855867) can0 0000E009#0CCF0CCF0CCF0CCF
(1779322646.856910) can0 0000E010#0000000000000000
(1779322646.857906) can0 0000E011#0000000000000000
(1779322646.858887) can0 0000E012#0CCF000000000000
(1779322646.859861) can0 0000E013#4542323630354C43
(1779322646.860891) can0 0000E014#3134323300000000
(1779322646.861905) can0 0000E015#0000000000000003
(1779322646.862914) can0 0000F000#0000000000000000
(1779322646.863912) can0 0000F001#0000000000000000
(1779322646.864901) can0 18FF28F4#10320000020C0000
(1779322646.865881) can0 18FE28F4#0CCF0CCF40400000
(1779322646.866900) can0 18FD28F4#1702FA6F00000000
(1779322646.867820) can0 4D4#000032007D0C0203
(1779322646.868801) can0 4D5#CF0CCF0C40400000
(1779322646.869873) can0 18914010#0CCF010CCF020000
(1779322646.870902) can0 18904010#020C020C753001F8
(1779322646.871907) can0 18924010#4001400100000000
(1779322646.872886) can0 18934010#000000740000BB2C
(1779322646.873901) can0 18944010#1003000000000000
(1779322646.874915) can0 18954010#0000000000000000
(1779322646.875907) can0 18954010#0100000000000000
(1779322646.876911) can0 18954010#0200000000000000
(1779322646.877910) can0 18954010#0300000000000000
(1779322646.878933) can0 18954010#0400000000000000
(1779322646.879907) can0 18954010#0500000000000000
(1779322646.880909) can0 18964010#0040404000000000
(1779322646.881898) can0 18974010#0000000000000000
(1779322646.882896) can0 18984010#0000000000000000
(1779322646.883882) can0 18FA28F4#123EA12C10270000
(1779322646.884880) can0 18FB28F4#CF0CCF0C40400000
(1779322646.885895) can0 18FC28F4#383200000C020000
(1779322646.886907) can0 18F810F3#0C02E80332640100
(1779322646.887868) can0 18F811F3#CF0C0101CF0C0201
(1779322646.888883) can0 18F812F3#4001014001010000
(1779322646.889911) can0 18F813F3#0101000000000000
(1779322646.890870) can0 18F814F3#3200EA1AA9015F00
(1779322646.891909) can0 18F815F3#0000000010030000
(1779322646.892805) can0 273#000000000C023200
(1779322646.893804) can0 1E1#020C271001F801F8
(1779322646.894865) can0 1F5#0000000000000000
(1779322646.895911) can0 0800A6A9#0000000000000000
(1779322646.896861) can0 1000A6A9#0C028813324A4A4A
(1779322646.897895) can0 1C00A6A9#0000000000030000
(1779322646.898908) can0 02018100#1003020C00000000
(1779322646.899906) can0 02028100#0000003264000000
(1779322646.900891) can0 02038100#0CCF01010CCF0102
(1779322646.901889) can0 02048100#4A01014A01010000
(1779322646.902834) can0 1AD#7F14000059321818
(1779322646.903787) can0 2AD#CF0C800C7F140016
(1779322646.904820) can0 3AD#0000000000007F14
(1779322646.905811) can0 4AD#EB00000000000000
(1779322646.906806) can0 76A#7F00000000000000
(1779322646.965448) can0 0000E005#1702440003B60591
(1779322646.966028) can0 1806E5F4#13B3010003B6023A
(1779322646.966888) can0 0000E000#13B313B3020C0000
(1779322646.967906) can0 0000E004#181803B603B601DF
(1779322646.968875) can0 0000E006#0CCF0CCF0CCF0CCF
(1779322646.969865) can0 0000E007#0CCF0CCF0CCF0CCF
(1779322646.970862) can0 0000E008#0CCF0CCF0CCF0CCF
(1779322646.971884) can0 0000E009#0CCF0CCF0CCF0CCF
(1779322646.972909) can0 0000E010#0000000000000000
(1779322646.973907) can0 0000E011#0000000000000000
(1779322646.974886) can0 0000E012#0CCF000000000000
(1779322646.975917) can0 0000F001#0000000000000000
(1779322646.976889) can0 18FF28F4#10320000020C0000
(1779322646.977866) can0 18FE28F4#0CCF0CCF40400000
(1779322646.978882) can0 18FD28F4#1702FA6F00000000
(1779322646.979850) can0 4D4#000032007D0C0203
(1779322646.980778) can0 4D5#CF0CCF0C40400000
(1779322646.981875) can0 18914010#0CCF010CCF020000
(1779322646.982876) can0 18904010#020C020C753001F8
(1779322646.983886) can0 18FA28F4#123EA12C10270000
(1779322646.984876) can0 18FB28F4#CF0CCF0C40400000
(1779322646.985889) can0 18FC28F4#383200000C020000
(1779322646.986866) can0 18F810F3#0C02E80332640100
(1779322646.987894) can0 18F815F3#0000000010030000
(1779322646.988806) can0 273#000000000C023200
(1779322646.989797) can0 1E1#020C271001F801F8
(1779322646.990819) can0 1F5#0000000000000000
(1779322646.991895) can0 0800A6A9#0000000000000000
(1779322646.992862) can0 1000A6A9#0C028813324A4A4A
(1779322646.993896) can0 1C00A6A9#0000000000030000
(1779322646.994908) can0 02018100#1003020C00000000
(1779322646.995900) can0 02028100#0000003264000000
(1779322646.996891) can0 02038100#0CCF01010CCF0102
(1779322646.997883) can0 02048100#4A01014A01010000
(1779322646.998784) can0 1AD#7F14000059321818
(1779322646.999774) can0 2AD#CF0C800C7F140016
(1779322647.000814) can0 3AD#0000000000007F14
(1779322647.001803) can0 4AD#EB00000000000000
(1779322647.002806) can0 76A#7F00000000000000
(1779322647.065454) can0 0000E005#1702440003B60591
(1779322647.066035) can0 1806E5F4#13B3010003B6023A
(1779322647.066894) can0 0000E000#13B313B3020C0000
(1779322647.067894) can0 0000E004#181803B603B601DF
(1779322647.068852) can0 0000E006#0CCF0CCF0CCF0CCF
(1779322647.069877) can0 0000E007#0CCF0CCF0CCF0CCF
(1779322647.070869) can0 0000E008#0CCF0CCF0CCF0CCF
(1779322647.071853) can0 0000E009#0CCF0CCF0CCF0CCF
(1779322647.072908) can0 0000E010#0000000000000000
(1779322647.073914) can0 0000E011#0000000000000000
(1779322647.074892) can0 0000E012#0CCF000000000000
(1779322647.075913) can0 0000F001#0000000000000000
(1779322647.076894) can0 18FF28F4#10320000020C0000
(1779322647.077872) can0 18FE28F4#0CCF0CCF40400000
(1779322647.078887) can0 18FD28F4#1702FA6F00000000
(1779322647.079804) can0 4D4#000032007D0C0203
(1779322647.080785) can0 4D5#CF0CCF0C40400000
(1779322647.081870) can0 18914010#0CCF010CCF020000
(1779322647.082881) can0 18904010#020C020C753001F8
(1779322647.083879) can0 18FA28F4#123EA12C10270000
(1779322647.084864) can0 18FB28F4#CF0CCF0C40400000
(1779322647.085896) can0 18FC28F4#383200000C020000
(1779322647.086873) can0 18F810F3#0C02E80332640100
(1779322647.087908) can0 18F815F3#0000000010030000
(1779322647.088793) can0 273#000000000C023200
(1779322647.089791) can0 1E1#020C271001F801F8
(1779322647.090825) can0 1F5#0000000000000000
(1779322647.091901) can0 0800A6A9#0000000000000000
(1779322647.092862) can0 1000A6A9#0C028813324A4A4A
(1779322647.093895) can0 1C00A6A9#0000000000030000
(1779322647.094895) can0 02018100#1003020C00000000
(1779322647.095893) can0 02028100#0000003264000000
(1779322647.096873) can0 02038100#0CCF01010CCF0102
(1779322647.097889) can0 02048100#4A01014A01010000
(1779322647.098772) can0 1AD#7F14000059321818
(1779322647.099787) can0 2AD#CF0C800C7F140016
(1779322647.100801) can0 3AD#0000000000007F14
(1779322647.101829) can0 4AD#EB00000000000000
(1779322647.102813) can0 76A#7F00000000000000
(1779322647.165493) can0 0000E005#1702440003B60591
(1779322647.166051) can0 1806E5F4#13B3010003B6023A
(1779322647.166884) can0 0000E000#13B313B3020C0000
(1779322647.167900) can0 0000E004#181803B603B601DF
(1779322647.168866) can0 0000E006#0CCF0CCF0CCF0CCF
(1779322647.169867) can0 0000E007#0CCF0CCF0CCF0CCF
(1779322647.170884) can0 0000E008#0CCF0CCF0CCF0CCF
(1779322647.171860) can0 0000E009#0CCF0CCF0CCF0CD0
(1779322647.172909) can0 0000E010#0000000000000000
(1779322647.173907) can0 0000E011#0000000000000000
(1779322647.174885) can0 0000E012#0CCF000100000000
(1779322647.175920) can0 0000F001#0000000000000000
(1779322647.176888) can0 18FF28F4#10320000020C0000
(1779322647.177875) can0 18FE28F4#0CD00CCF40400000
(1779322647.178914) can0 18FD28F4#1702FA6F00000000
(1779322647.179799) can0 4D4#000032007D0C0203
(1779322647.180777) can0 4D5#CF0CD00C40400000
(1779322647.181871) can0 18914010#0CD0100CCF010000
(1779322647.182876) can0 18904010#020C020C753001F8
(1779322647.183873) can0 18FA28F4#123EA12C10270000
(1779322647.184870) can0 18FB28F4#D00CCF0C40400000
(1779322647.185888) can0 18FC28F4#383200000C020000
(1779322647.186899) can0 18F810F3#0C02E80332640100
(1779322647.187901) can0 18F815F3#0000000010030000
(1779322647.188800) can0 273#000000000C023200
(1779322647.189792) can0 1E1#020C271001F801F8
(1779322647.190812) can0 1F5#0000000000000000
(1779322647.191895) can0 0800A6A9#0000000000000000
(1779322647.192854) can0 1000A6A9#0C028813324A4A4A
(1779322647.193885) can0 1C00A6A9#0000000000030000
(1779322647.194931) can0 02018100#1003020C00000000
(1779322647.195899) can0 02028100#0000003264000000
(1779322647.196883) can0 02038100#0CD001100CCF0101
(1779322647.197883) can0 02048100#4A01014A01010000
(1779322647.198778) can0 1AD#7F14000059321818
(1779322647.199794) can0 2AD#D00C800C7F140016
(1779322647.200807) can0 3AD#0000000000007F14
(1779322647.201800) can0 4AD#EB00000000000000
(1779322647.202851) can0 76A#7F00000000000000
(1779322647.265440) can0 0000E005#1702440003B60591
(1779322647.266047) can0 1806E5F4#13B3010003B6023A
(1779322647.266887) can0 0000E000#13B313B3020C0000
(1779322647.267887) can0 0000E004#181803B603B601DF
(1779322647.268866) can0 0000E006#0CCF0CCF0CCF0CCF
(1779322647.269868) can0 0000E007#0CCF0CCF0CCF0CCF
(1779322647.270874) can0 0000E008#0CCF0CCF0CCF0CCF
(1779322647.271898) can0 0000E009#0CCF0CCF0CCF0CD0
(1779322647.272916) can0 0000E010#0000000000000000
(1779322647.273914) can0 0000E011#0000000000000000
(1779322647.274892) can0 0000E012#0CCF000100000000
(1779322647.275907) can0 0000F001#0000000000000000
(1779322647.276889) can0 18FF28F4#10320000020C0000
(1779322647.277866) can0 18FE28F4#0CD00CCF40400000
(1779322647.278888) can0 18FD28F4#1702FA6F00000000
(1779322647.279839) can0 4D4#000032007D0C0203
(1779322647.280784) can0 4D5#CF0CD00C40400000
(1779322647.281882) can0 18914010#0CD0100CCF010000
(1779322647.282882) can0 18904010#020C020C753001F8
(1779322647.283879) can0 18FA28F4#123EA12C10270000
(1779322647.284877) can0 18FB28F4#D00CCF0C40400000
(1779322647.285892) can0 18FC28F4#383200000C020000
(1779322647.286873) can0 18F810F3#0C02E80332640100
(1779322647.287948) can0 18F815F3#0000000010030000
(1779322647.288794) can0 273#000000000C023200
(1779322647.289781) can0 1E1#020C271001F801F8
(1779322647.290819) can0 1F5#0000000000000000
(1779322647.291902) can0 0800A6A9#0000000000000000
(1779322647.292861) can0 1000A6A9#0C028813324A4A4A
(1779322647.293896) can0 1C00A6A9#0000000000030000
(1779322647.294895) can0 02018100#1003020C00000000
(1779322647.295893) can0 02028100#0000003264000000
(1779322647.296890) can0 02038100#0CD001100CCF0101
(1779322647.297885) can0 02048100#4A01014A01010000
(1779322647.298771) can0 1AD#7F14000059321818
(1779322647.299788) can0 2AD#D00C800C7F140016
(1779322647.300800) can0 3AD#0000000000007F14
(1779322647.301804) can0 4AD#EB00000000000000
(1779322647.302813) can0 76A#7F00000000000000
(1779322647.382449) can0 0000E005#1702440003B60591
(1779322647.383001) can0 1806E5F4#13B3010003B6023A
(1779322647.383883) can0 0000E000#13B313B3020C0000
(1779322647.384884) can0 0000E004#181803B603B601DF
(1779322647.385864) can0 0000E006#0CCF0CCF0CCF0CCF
(1779322647.386863) can0 0000E007#0CCF0CCF0CCF0CCF
(1779322647.387860) can0 0000E008#0CCF0CCF0CCF0CCF
(1779322647.388863) can0 0000E009#0CCF0CCF0CCF0CD0
(1779322647.389908) can0 0000E010#0000000000000000
(1779322647.390909) can0 0000E011#0000000000000000
(1779322647.391883) can0 0000E012#0CCF000100000000
(1779322647.392858) can0 0000E013#4542323630354C43
(1779322647.393883) can0 0000E014#3134323300000000
(1779322647.394903) can0 0000E015#0000000000000003
(1779322647.395896) can0 0000F000#0000000000000000
(1779322647.396896) can0 0000F001#0000000000000000
(1779322647.397877) can0 18FF28F4#10320000020C0000
(1779322647.398877) can0 18FE28F4#0CD00CCF40400000
(1779322647.399876) can0 18FD28F4#1702FA6F00000000
(1779322647.400796) can0 4D4#000032007D0C0203
(1779322647.401794) can0 4D5#CF0CD00C40400000
(1779322647.402871) can0 18914010#0CD0100CCF030000
(1779322647.403867) can0 18904010#020C020C753001F8
(1779322647.404885) can0 18924010#4001400100000000
(1779322647.405865) can0 18934010#000000750000BB2C
(1779322647.406885) can0 18944010#1003000000000000
(1779322647.407916) can0 18954010#0000000000000000
(1779322647.408911) can0 18954010#0100000000000000
(1779322647.409928) can0 18954010#0200000000000000
(1779322647.410910) can0 18954010#0300000000000000
(1779322647.411900) can0 18954010#0400000000000000
(1779322647.412890) can0 18954010#0500000000000000
(1779322647.413885) can0 18964010#0040404000000000
(1779322647.414903) can0 18974010#0000000000000000
(1779322647.415893) can0 18984010#0000000000000000
(1779322647.416866) can0 18FA28F4#123EA12C10270000
(1779322647.417910) can0 18FB28F4#D00CCF0C40400000
(1779322647.418891) can0 18FC28F4#383200000C020000
(1779322647.419872) can0 18F810F3#0C02E80332640100
(1779322647.420866) can0 18F811F3#D00C1001CF0C0301
(1779322647.421878) can0 18F812F3#4001014001010000
(1779322647.422897) can0 18F813F3#0101000000000000
(1779322647.423870) can0 18F814F3#3200EA1AA9015F00
(1779322647.424891) can0 18F815F3#0000000010030000
(1779322647.425834) can0 273#000000000C023200
(1779322647.426782) can0 1E1#020C271001F801F8
(1779322647.427808) can0 1F5#0000000000000000
(1779322647.428892) can0 0800A6A9#0000000000000000
(1779322647.429859) can0 1000A6A9#0C028813324A4A4A
(1779322647.430884) can0 1C00A6A9#0000000000030000
(1779322647.431898) can0 02018100#1003020C00000000
(1779322647.432899) can0 02028100#0000003264000000
(1779322647.433930) can0 02038100#0CD001100CCF0103
(1779322647.434879) can0 02048100#4A01014A01010000
(1779322647.435764) can0 1AD#7F14000059321818
(1779322647.436783) can0 2AD#D00C800C7F140016
(1779322647.437795) can0 3AD#0000000000007F14
(1779322647.438790) can0 4AD#EB00000000000000
(1779322647.439801) can0 76A#7F00000000000000
(1779322647.498448) can0 0000E005#1702440003B60591
(1779322647.499001) can0 1806E5F4#13B3010003B6023A
(1779322647.499870) can0 0000E000#13B313B3020C0000
(1779322647.500884) can0 0000E004#181803B603B601DF
(1779322647.501851) can0 0000E006#0CCF0CCF0CCF0CCF
(1779322647.502896) can0 0000E007#0CCF0CCF0CCF0CCF
(1779322647.503864) can0 0000E008#0CCF0CCF0CCF0CCF
(1779322647.504844) can0 0000E009#0CCF0CCF0CCF0CD0
(1779322647.505908) can0 0000E010#0000000000000000
(1779322647.506908) can0 0000E011#0000000000000000
(1779322647.507890) can0 0000E012#0CCF000100000000
(1779322647.508904) can0 0000F001#0000000000000000
(1779322647.509883) can0 18FF28F4#10320000020C0000
(1779322647.510915) can0 18FE28F4#0CD00CCF40400000
(1779322647.511883) can0 18FD28F4#1702FA6F00000000
(1779322647.512781) can0 4D4#000032007D0C0203
(1779322647.513782) can0 4D5#CF0CD00C40400000
(1779322647.514877) can0 18914010#0CD0100CCF030000
(1779322647.515858) can0 18904010#020C020C753001F8
(1779322647.516876) can0 18FA28F4#123EA12C10270000
(1779322647.517859) can0 18FB28F4#D00CCF0C40400000
(1779322647.518873) can0 18FC28F4#383200000C020000
(1779322647.519870) can0 18F810F3#0C02E80332640100
(1779322647.520899) can0 18F815F3#0000000010030000
(1779322647.521788) can0 273#000000000C023200
(1779322647.522781) can0 1E1#020C271001F801F8
(1779322647.523821) can0 1F5#0000000000000000
(1779322647.524900) can0 0800A6A9#0000000000000000
(1779322647.525847) can0 1000A6A9#0C028813324A4A4A
(1779322647.526890) can0 1C00A6A9#0000000000030000
(1779322647.527890) can0 02018100#1003020C00000000
(1779322647.528884) can0 02028100#0000003264000000
(1779322647.529884) can0 02038100#0CD001100CCF0103
(1779322647.530878) can0 02048100#4A01014A01010000
(1779322647.531763) can0 1AD#7F14000059321818
(1779322647.532774) can0 2AD#D00C800C7F140016
(1779322647.533791) can0 3AD#0000000000007F14
(1779322647.534808) can0 4AD#EB00000000000000
(1779322647.535802) can0 76A#7F00000000000000
(1779322647.598495) can0 0000E005#1702440003B60591
(1779322647.599075) can0 1806E5F4#13B3010003B6023A
(1779322647.599880) can0 0000E000#13B313B3020C0000
(1779322647.600890) can0 0000E004#181803B603B601DF
(1779322647.601850) can0 0000E006#0CCF0CCF0CCF0CCF
(1779322647.602858) can0 0000E007#0CCF0CCF0CCF0CCF
(1779322647.603851) can0 0000E008#0CCF0CCF0CCF0CCF
(1779322647.604852) can0 0000E009#0CCF0CCF0CCF0CD0
(1779322647.605896) can0 0000E010#0000000000000000
(1779322647.606897) can0 0000E011#0000000000000000
(1779322647.607877) can0 0000E012#0CCF000100000000
(1779322647.608909) can0 0000F001#0000000000000000
(1779322647.609877) can0 18FF28F4#10320000020C0000
(1779322647.610877) can0 18FE28F4#0CD00CCF40400000
(1779322647.611871) can0 18FD28F4#1702FA6F00000000
(1779322647.612793) can0 4D4#000032007D0C0203
(1779322647.613767) can0 4D5#CF0CD00C40400000
(1779322647.614870) can0 18914010#0CD0100CCF030000
(1779322647.615864) can0 18904010#020C020C753001F8
(1779322647.616883) can0 18FA28F4#123EA12C10270000
(1779322647.617858) can0 18FB28F4#D00CCF0C40400000
(1779322647.618878) can0 18FC28F4#383200000C020000
(1779322647.619859) can0 18F810F3#0C02E80332640100
(1779322647.620891) can0 18F815F3#0000000010030000
(1779322647.621795) can0 273#000000000C023200
(1779322647.622788) can0 1E1#020C271001F801F8
(1779322647.623808) can0 1F5#0000000000000000
(1779322647.624904) can0 0800A6A9#0000000000000000
(1779322647.625845) can0 1000A6A9#0C028813324A4A4A
(1779322647.626886) can0 1C00A6A9#0000000000030000
(1779322647.627897) can0 02018100#1003020C00000000
(1779322647.628890) can0 02028100#0000003264000000
(1779322647.629868) can0 02038100#0CD001100CCF0103
(1779322647.630872) can0 02048100#4A01014A01010000
(1779322647.631770) can0 1AD#7F14000059321818
(1779322647.632801) can0 2AD#D00C800C7F140016
(1779322647.633796) can0 3AD#0000000000007F14
(1779322647.634796) can0 4AD#EB00000000000000
(1779322647.635795) can0 76A#7F00000000000000
(1779322647.698448) can0 0000E005#1702440003B60591
(1779322647.698997) can0 1806E5F4#13B3010003B6023A
(1779322647.699871) can0 0000E000#13B313B3020C0000
(1779322647.700884) can0 0000E004#181803B603B601DF
(1779322647.701863) can0 0000E006#0CCF0CCF0CCF0CCF
(1779322647.702856) can0 0000E007#0CCF0CCF0CCF0CCF
(1779322647.703857) can0 0000E008#0CCF0CCF0CCF0CCF
(1779322647.704845) can0 0000E009#0CCF0CCF0CCF0CD0
(1779322647.705902) can0 0000E010#0000000000000000
(1779322647.706902) can0 0000E011#0000000000000000
(1779322647.707883) can0 0000E012#0CCF000100000000
(1779322647.708903) can0 0000F001#0000000000000000
(1779322647.709897) can0 18FF28F4#10320000020C0000
(1779322647.710865) can0 18FE28F4#0CD00CCF40400000
(1779322647.711877) can0 18FD28F4#1702FA6F00000000
(1779322647.712795) can0 4D4#000032007D0C0203
(1779322647.713780) can0 4D5#CF0CD00C40400000
(1779322647.714857) can0 18914010#0CD0100CCF020000
(1779322647.715871) can0 18904010#020C020C753001F8
(1779322647.716871) can0 18FA28F4#123EA12C10270000
(1779322647.717883) can0 18FB28F4#D00CCF0C40400000
(1779322647.718884) can0 18FC28F4#383200000C020000
(1779322647.719864) can0 18F810F3#0C02E80332640100
(1779322647.720885) can0 18F815F3#0000000010030000
(1779322647.721782) can0 273#000000000C023200
(1779322647.722773) can0 1E1#020C271001F801F8
(1779322647.723814) can0 1F5#0000000000000000
(1779322647.724891) can0 0800A6A9#0000000000000000
(1779322647.725890) can0 1000A6A9#0C028813324A4A4A
(1779322647.726887) can0 1C00A6A9#0000000000030000
(1779322647.727884) can0 02018100#1003020C00000000
(1779322647.728885) can0 02028100#0000003264000000
(1779322647.729884) can0 02038100#0CD001100CCF0102
(1779322647.730878) can0 02048100#4A01014A01010000
(1779322647.731763) can0 1AD#7F14000059321818
(1779322647.732777) can0 2AD#D00C800C7F140016
(1779322647.733840) can0 3AD#0000000000007F14
(1779322647.734798) can0 4AD#EB00000000000000
(1779322647.735802) can0 76A#7F00000000000000
(1779322647.798436) can0 0000E005#1702440003B60591
(1779322647.798997) can0 1806E5F4#13B3010003B6023A
(1779322647.799865) can0 0000E000#13B313B3020C0000
(1779322647.800884) can0 0000E004#181803B603B601DF
(1779322647.801851) can0 0000E006#0CCF0CCF0CCF0CCF
(1779322647.802883) can0 0000E007#0CCF0CCF0CCF0CCF
(1779322647.803845) can0 0000E008#0CCF0CCF0CCF0CCF
(1779322647.804846) can0 0000E009#0CCF0CCF0CCF0CD0
(1779322647.805897) can0 0000E010#0000000000000000
(1779322647.806889) can0 0000E011#0000000000000000
(1779322647.807872) can0 0000E012#0CCF000100000000
(1779322647.808903) can0 0000F001#0000000000000000
(1779322647.809871) can0 18FF28F4#10320000020C0000
(1779322647.810904) can0 18FE28F4#0CD00CCF40400000
(1779322647.811865) can0 18FD28F4#1702FA6F00000000
(1779322647.812783) can0 4D4#000032007D0C0203
(1779322647.813769) can0 4D5#CF0CD00C40400000
(1779322647.814865) can0 18914010#0CD0100CCF020000
(1779322647.815857) can0 18904010#020C020C753001F8
(1779322647.816878) can0 18FA28F4#123EA12C10270000
(1779322647.817859) can0 18FB28F4#D00CCF0C40400000
(1779322647.818922) can0 18FC28F4#383200000C020000
(1779322647.819850) can0 18F810F3#0C02E80332640100
(1779322647.820886) can0 18F815F3#0000000010030000
(1779322647.821788) can0 273#000000000C023200
(1779322647.822782) can0 1E1#020C271001F801F8
(1779322647.823796) can0 1F5#0000000000000000
(1779322647.824879) can0 0800A6A9#0000000000000000
(1779322647.825846) can0 1000A6A9#0C028813324A4A4A
(1779322647.826872) can0 1C00A6A9#0000000000030000
(1779322647.827891) can0 02018100#1003020C00000000
(1779322647.828886) can0 02028100#0000003264000000
(1779322647.829866) can0 02038100#0CD001100CCF0102
(1779322647.830865) can0 02048100#4A01014A01010000
(1779322647.831759) can0 1AD#7F14000059321818
(1779322647.832777) can0 2AD#D00C800C7F140016
(1779322647.833789) can0 3AD#0000000000007F14
(1779322647.834789) can0 4AD#EB00000000000000
(1779322647.835780) can0 76A#7F00000000000000
(1779322647.915436) can0 0000E005#1702440003B60591
(1779322647.915984) can0 1806E5F4#13B3010003B6023A
(1779322647.916872) can0 0000E000#13B313B3020C0000
(1779322647.917871) can0 0000E004#181803B603B601DF
(1779322647.918852) can0 0000E006#0CCF0CCF0CCF0CCF
(1779322647.919853) can0 0000E007#0CCF0CCF0CCF0CCF
(1779322647.920853) can0 0000E008#0CCF0CCF0CCF0CCF
(1779322647.921852) can0 0000E009#0CCF0CCF0CCF0CD0
(1779322647.922897) can0 0000E010#0000000000000000
(1779322647.923899) can0 0000E011#0000000000000000
(1779322647.924872) can0 0000E012#0CCF000100000000
(1779322647.925845) can0 0000E013#4542323630354C43
(1779322647.926878) can0 0000E014#3134323300000000
(1779322647.927891) can0 0000E015#0000000000000003
(1779322647.928892) can0 0000F000#0000000000000000
(1779322647.929884) can0 0000F001#0000000000000000
(1779322647.930872) can0 18FF28F4#10320000020C0000
(1779322647.931865) can0 18FE28F4#0CD00CCF40400000
(1779322647.932880) can0 18FD28F4#1702FA6F00000000
(1779322647.933782) can0 4D4#000032007D0C0203
(1779322647.934763) can0 4D5#CF0CD00C40400000
(1779322647.935860) can0 18914010#0CD0100CCF020000
(1779322647.936855) can0 18904010#020C020C753001F8
(1779322647.937879) can0 18924010#4001400100000000
(1779322647.938859) can0 18934010#000000760000BB2C
(1779322647.939873) can0 18944010#1003000000000000
(1779322647.940918) can0 18954010#0000000000000000
(1779322647.941905) can0 18954010#0100000000000000
(1779322647.942885) can0 18954010#0200000000000000
(1779322647.943879) can0 18954010#0300000000000000
(1779322647.944880) can0 18954010#0400000000000000
(1779322647.945879) can0 18954010#0500000000000000
(1779322647.946874) can0 18964010#0040404000000000
(1779322647.947892) can0 18974010#0000000000000000
(1779322647.948897) can0 18984010#0000000000000000
(1779322647.949854) can0 18FA28F4#123EA12C10270000
(1779322647.950848) can0 18FB28F4#D00CCF0C40400000
(1779322647.951879) can0 18FC28F4#383200000C020000
(1779322647.952861) can0 18F810F3#0C02E80332640100
(1779322647.953854) can0 18F811F3#D00C1001CF0C0201
(1779322647.954873) can0 18F812F3#4001014001010000
(1779322647.955887) can0 18F813F3#0101000000000000
(1779322647.956896) can0 18F814F3#3200EA1AA9015F00
(1779322647.957880) can0 18F815F3#0000000010030000
(1779322647.958777) can0 273#000000000C023200
(1779322647.959778) can0 1E1#020C271001F801F8
(1779322647.960803) can0 1F5#0000000000000000
(1779322647.961886) can0 0800A6A9#0000000000000000
(1779322647.962848) can0 1000A6A9#0C028813324A4A4A
(1779322647.963880) can0 1C00A6A9#0000000000030000
(1779322647.964926) can0 02018100#1003020C00000000
(1779322647.965880) can0 02028100#0000003264000000
(1779322647.966861) can0 02038100#0CD001100CCF0102
(1779322647.967861) can0 02048100#4A01014A01010000
(1779322647.968760) can0 1AD#7F14000059321818
(1779322647.969772) can0 2AD#D00C800C7F140016
(1779322647.970791) can0 3AD#0000000000007F14
(1779322647.971785) can0 4AD#EB00000000000000
(1779322647.972828) can0 76A#7F00000000000000
(1779322648.031493) can0 0000E005#1702440003B60591
(1779322648.032044) can0 1806E5F4#13B3010003B6023A
(1779322648.032863) can0 0000E000#13B313B3020C0000
(1779322648.033910) can0 0000E004#181803B603B601DF
(1779322648.034840) can0 0000E006#0CCF0CCF0CCF0CCF
(1779322648.035840) can0 0000E007#0CCF0CCF0CCF0CCF
(1779322648.036841) can0 0000E008#0CCF0CCF0CCF0CCF
(1779322648.037832) can0 0000E009#0CCF0CCF0CCF0CD0
(1779322648.038904) can0 0000E010#0000000000000000
(1779322648.039885) can0 0000E011#0000000000000000
(1779322648.040880) can0 0000E012#0CCF000100000000
(1779322648.041938) can0 0000F001#0000000000000000
(1779322648.042879) can0 18FF28F4#10320000020C0000
(1779322648.043859) can0 18FE28F4#0CD00CCF40400000
(1779322648.044880) can0 18FD28F4#1702FA6F00000000
(1779322648.045777) can0 4D4#000032007D0C0203
(1779322648.046777) can0 4D5#CF0CD00C40400000
(1779322648.047854) can0 18914010#0CD0100CCF020000
(1779322648.048854) can0 18904010#020C020C753001F8
(1779322648.049909) can0 18FA28F4#123EA12C10270000
(1779322648.050848) can0 18FB28F4#D00CCF0C40400000
(1779322648.051866) can0 18FC28F4#383200000C020000
(1779322648.052848) can0 18F810F3#0C02E80332640100
(1779322648.053871) can0 18F815F3#0000000010030000
(1779322648.054777) can0 273#000000000C023200
(1779322648.055778) can0 1E1#020C271001F801F8
(1779322648.056790) can0 1F5#0000000000000000
(1779322648.057887) can0 0800A6A9#0000000000000000
(1779322648.058836) can0 1000A6A9#0C028813324A4A4A
(1779322648.059868) can0 1C00A6A9#0000000000030000
(1779322648.060881) can0 02018100#1003020C00000000
(1779322648.061880) can0 02028100#0000003264000000
(1779322648.062862) can0 02038100#0CD001100CCF0102
(1779322648.063861) can0 02048100#4A01014A01010000
(1779322648.064759) can0 1AD#7F14000059321818
(1779322648.065771) can0 2AD#D00C800C7F140016
(1779322648.066785) can0 3AD#0000000000007F14
(1779322648.067795) can0 4AD#EB00000000000000
(1779322648.068804) can0 76A#7F00000000000000
(1779322648.131491) can0 0000E005#1702440003B60591
(1779322648.132040) can0 1806E5F4#13B3010003B6023A
(1779322648.132868) can0 0000E000#13B313B3020C0000
(1779322648.133867) can0 0000E004#181803B603B601DF
(1779322648.134847) can0 0000E006#0CCF0CCF0CCF0CCF
(1779322648.135848) can0 0000E007#0CCF0CCF0CCF0CCF
(1779322648.136848) can0 0000E008#0CCF0CCF0CCF0CCF
(1779322648.137841) can0 0000E009#0CCF0CCF0CCF0CD0
(1779322648.138884) can0 0000E010#0000000000000000
(1779322648.139891) can0 0000E011#0000000000000000
(1779322648.140872) can0 0000E012#0CCF000100000000
(1779322648.141886) can0 0000F001#0000000000000000
(1779322648.142866) can0 18FF28F4#10320000020C0000
(1779322648.143866) can0 18FE28F4#0CD00CCF40400000
(1779322648.144867) can0 18FD28F4#1702FA6F00000000
(1779322648.145783) can0 4D4#000032007D0C0203
(1779322648.146756) can0 4D5#CF0CD00C40400000
(1779322648.147860) can0 18914010#0CD0100CCF020000
(1779322648.148859) can0 18904010#020C020C753001F8
(1779322648.149854) can0 18FA28F4#123EA12C10270000
(1779322648.150852) can0 18FB28F4#D00CCF0C40400000
(1779322648.151870) can0 18FC28F4#383200000C020000
(1779322648.152855) can0 18F810F3#0C02E80332640100
(1779322648.153880) can0 18F815F3#0000000010030000
(1779322648.154784) can0 273#000000000C023200
(1779322648.155784) can0 1E1#020C271001F801F8
(1779322648.156801) can0 1F5#0000000000000000
(1779322648.157878) can0 0800A6A9#0000000000000000
(1779322648.158843) can0 1000A6A9#0C028813324A4A4A
(1779322648.159874) can0 1C00A6A9#0000000000030000
(1779322648.160890) can0 02018100#1003020C00000000
(1779322648.161887) can0 02028100#0000003264000000
(1779322648.162863) can0 02038100#0CD001100CCF0102
(1779322648.163880) can0 02048100#4A01014A01010000
(1779322648.164766) can0 1AD#7F14000059321818
(1779322648.165778) can0 2AD#D00C800C7F140016
(1779322648.166791) can0 3AD#0000000000007F14
(1779322648.167785) can0 4AD#EB00000000000000
(1779322648.168786) can0 76A#7F00000000000000
(1779322648.231432) can0 0000E005#1702440003B60591
(1779322648.231980) can0 1806E5F4#13B3010003B6023A
(1779322648.232862) can0 0000E000#13B313B3020C0000
(1779322648.233861) can0 0000E004#181803B603B601DF
(1779322648.234841) can0 0000E006#0CCF0CCF0CCF0CCF
(1779322648.235836) can0 0000E007#0CCF0CCF0CCF0CCF
(1779322648.236839) can0 0000E008#0CCF0CCF0CCF0CCF
(1779322648.237840) can0 0000E009#0CCF0CCF0CCF0CD0
(1779322648.238886) can0 0000E010#0000000000000000
(1779322648.239885) can0 0000E011#0000000000000000
(1779322648.240885) can0 0000E012#0CCF000100000000
(1779322648.241898) can0 0000F001#0000000000000000
(1779322648.242861) can0 18FF28F4#10320000020C0000
(1779322648.243853) can0 18FE28F4#0CD00CCF40400000
(1779322648.244860) can0 18FD28F4#1702FA6F00000000
(1779322648.245776) can0 4D4#000032007D0C0203
(1779322648.246758) can0 4D5#CF0CD00C40400000
(1779322648.247854) can0 18914010#0CD0100CCF020000
(1779322648.248868) can0 18904010#020C020C753001F8
(1779322648.249867) can0 18FA28F4#123EA12C10270000
(1779322648.250848) can0 18FB28F4#D00CCF0C40400000
(1779322648.251866) can0 18FC28F4#383200000C020000
(1779322648.252848) can0 18F810F3#0C02E80332640100
(1779322648.253880) can0 18F815F3#0000000010030000
(1779322648.254777) can0 273#000000000C023200
(1779322648.255777) can0 1E1#020C271001F801F8
(1779322648.256821) can0 1F5#0000000000000000
(1779322648.257873) can0 0800A6A9#0000000000000000
(1779322648.258835) can0 1000A6A9#0C028813324A4A4A
(1779322648.259867) can0 1C00A6A9#0000000000030000
(1779322648.260887) can0 02018100#1003020C00000000
(1779322648.261880) can0 02028100#0000003264000000
(1779322648.262861) can0 02038100#0CD001100CCF0102
(1779322648.263860) can0 02048100#4A01014A01010000
(1779322648.264792) can0 1AD#7F14000059321818
(1779322648.265772) can0 2AD#D00C800C7F140016
(1779322648.266784) can0 3AD#0000000000007F14
(1779322648.267778) can0 4AD#EB00000000000000
(1779322648.268779) can0 76A#7F00000000000000
(1779322648.331497) can0 0000E005#1702440003B60591
(1779322648.332040) can0 1806E5F4#13B3010003B6023A
(1779322648.332854) can0 0000E000#13B313B3020C0000
(1779322648.333905) can0 0000E004#181803B603B601DF
(1779322648.334840) can0 0000E006#0CCF0CCF0CCF0CCF
(1779322648.335840) can0 0000E007#0CCF0CCF0CCF0CCF
(1779322648.336835) can0 0000E008#0CCF0CCF0CCF0CCF
(1779322648.337835) can0 0000E009#0CCF0CCF0CCF0CD0
(1779322648.338885) can0 0000E010#0000000000000000
(1779322648.339879) can0 0000E011#0000000000000000
(1779322648.340860) can0 0000E012#0CCF000100000000
(1779322648.341923) can0 0000F001#0000000000000000
(1779322648.342860) can0 18FF28F4#10320000020C0000
(1779322648.343861) can0 18FE28F4#0CD00CCF40400000
(1779322648.344851) can0 18FD28F4#1702FA6F00000000
(1779322648.345777) can0 4D4#000032007D0C0203
(1779322648.346758) can0 4D5#CF0CD00C40400000
(1779322648.347853) can0 18914010#0CD0100CCF020000
(1779322648.348849) can0 18904010#020C020C753001F8
(1779322648.349911) can0 18FA28F4#123EA12C10270000
(1779322648.350847) can0 18FB28F4#D00CCF0C40400000
(1779322648.351860) can0 18FC28F4#383200000C020000
(1779322648.352836) can0 18F810F3#0C02E80332640100
(1779322648.353874) can0 18F815F3#0000000010030000
(1779322648.354777) can0 273#000000000C023200
(1779322648.355771) can0 1E1#020C271001F801F8
(1779322648.356784) can0 1F5#0000000000000000
(1779322648.357880) can0 0800A6A9#0000000000000000
(1779322648.358835) can0 1000A6A9#0C028813324A4A4A
(1779322648.359861) can0 1C00A6A9#0000000000030000
(1779322648.360882) can0 02018100#1003020C00000000
(1779322648.361874) can0 02028100#0000003264000000
(1779322648.362854) can0 02038100#0CD001100CCF0102
(1779322648.363855) can0 02048100#4A01014A01010000
(1779322648.364755) can0 1AD#7F14000059321818
(1779322648.365772) can0 2AD#D00C800C7F140016
(1779322648.366784) can0 3AD#0000000000007F14
(1779322648.367778) can0 4AD#EB00000000000000
(1779322648.368774) can0 76A#7F00000000000000
(1779322648.448478) can0 0000E005#1702440003B60591
(1779322648.449026) can0 1806E5F4#13B3010003B6023A
(1779322648.449862) can0 0000E000#13B313B3020C0000
(1779322648.450861) can0 0000E004#181803B603B601DF
(1779322648.451842) can0 0000E006#0CCF0CCF0CCF0CCF
(1779322648.452843) can0 0000E007#0CCF0CCF0CCF0CCF
(1779322648.453842) can0 0000E008#0CCF0CCF0CCF0CCF
(1779322648.454837) can0 0000E009#0CCF0CCF0CCF0CD0
(1779322648.455887) can0 0000E010#0000000000000000
(1779322648.456888) can0 0000E011#0000000000000000
(1779322648.457868) can0 0000E012#0CCF000100000000
(1779322648.458830) can0 0000E013#4542323630354C43
(1779322648.459868) can0 0000E014#3134323300000000
(1779322648.460882) can0 0000E015#0000000000000003
(1779322648.461881) can0 0000F000#0000000000000000
(1779322648.462874) can0 0000F001#0000000000000000
(1779322648.463875) can0 18FF28F4#10320000020C0000
(1779322648.464857) can0 18FE28F4#0CD00CCF40400000
(1779322648.465855) can0 18FD28F4#1702FA6F00000000
(1779322648.466768) can0 4D4#000032007D0C0203
(1779322648.467753) can0 4D5#CF0CD00C40400000
(1779322648.468850) can0 18914010#0CD0100CCF020000
(1779322648.469849) can0 18904010#020C020C753001F8
(1779322648.470859) can0 18924010#4001400100000000
(1779322648.471862) can0 18934010#000000770000BB2C
(1779322648.472876) can0 18944010#1003000000000000
(1779322648.473894) can0 18954010#0000000000000000
(1779322648.474894) can0 18954010#0100000000000000
(1779322648.475876) can0 18954010#0200000000000000
(1779322648.476870) can0 18954010#0300000000000000
(1779322648.477868) can0 18954010#0400000000000000
(1779322648.478861) can0 18954010#0500000000000000
(1779322648.479901) can0 18964010#0040404000000000
(1779322648.480884) can0 18974010#0000000000000000
(1779322648.481876) can0 18984010#0000000000000000
(1779322648.482854) can0 18FA28F4#123EA12C10270000
(1779322648.483836) can0 18FB28F4#D00CCF0C40400000
(1779322648.484875) can0 18FC28F4#383200000C020000
(1779322648.485853) can0 18F810F3#0C02E80332640100
(1779322648.486845) can0 18F811F3#D00C1001CF0C0201
(1779322648.487895) can0 18F812F3#4001014001010000
(1779322648.488877) can0 18F813F3#0101000000000000
(1779322648.489857) can0 18F814F3#3200EA1AA9015F00
(1779322648.490862) can0 18F815F3#0000000010030000
(1779322648.491768) can0 273#000000000C023200
(1779322648.492769) can0 1E1#020C271001F801F8
(1779322648.493793) can0 1F5#0000000000000000
(1779322648.494871) can0 0800A6A9#0000000000000000
(1779322648.495871) can0 1000A6A9#0C028813324A4A4A
(1779322648.496872) can0 1C00A6A9#0000000000030000
(1779322648.497883) can0 02018100#1003020C00000000
(1779322648.498864) can0 02028100#0000003264000000
(1779322648.499864) can0 02038100#0CD001100CCF0102
(1779322648.500866) can0 02048100#4A01014A01010000
(1779322648.501749) can0 1AD#7F14000059321818
(1779322648.502762) can0 2AD#D00C800C7F140016
(1779322648.503826) can0 3AD#0000000000007F14
(1779322648.504776) can0 4AD#EB00000000000000
(1779322648.505771) can0 76A#7F00000000000000
(1779322648.564489) can0 0000E005#1702440003B60591
(1779322648.565031) can0 1806E5F4#13B3010003B6023A
(1779322648.565860) can0 0000E000#13B313B3020C0000
(1779322648.566870) can0 0000E004#181803B603B601DF
(1779322648.567837) can0 0000E006#0CCF0CCF0CCF0CCF
(1779322648.568829) can0 0000E007#0CCF0CCF0CCF0CCF
(1779322648.569831) can0 0000E008#0CCF0CCF0CCF0CCF
(1779322648.570829) can0 0000E009#0CCF0CCF0CCF0CD0
(1779322648.571895) can0 0000E010#0000000000000000
(1779322648.572927) can0 0000E011#0000000000000000
(1779322648.573875) can0 0000E012#0CCF000100000000
(1779322648.574887) can0 0000F001#0000000000000000
(1779322648.575869) can0 18FF28F4#10320000020C0000
(1779322648.576857) can0 18FE28F4#0CD00CCF40400000
(1779322648.577870) can0 18FD28F4#1702FA6F00000000
(1779322648.578767) can0 4D4#000032007D0C0203
(1779322648.579766) can0 4D5#CF0CD00C40400000
(1779322648.580889) can0 18914010#0CD0100CCF020000
(1779322648.581844) can0 18904010#020C020C753001F8
(1779322648.582860) can0 18FA28F4#123EA12C10270000
(1779322648.583844) can0 18FB28F4#D00CCF0C40400000
(1779322648.584857) can0 18FC28F4#383200000C020000
(1779322648.585843) can0 18F810F3#0C02E80332640100
(1779322648.586869) can0 18F815F3#0000000010030000
(1779322648.587774) can0 273#000000000C023200
(1779322648.588775) can0 1E1#020C271001F801F8
(1779322648.589786) can0 1F5#0000000000000000
(1779322648.590863) can0 0800A6A9#0000000000000000
(1779322648.591832) can0 1000A6A9#0C028813324A4A4A
(1779322648.592864) can0 1C00A6A9#0000000000030000
(1779322648.593876) can0 02018100#1003020C00000000
(1779322648.594868) can0 02028100#0000003264000000
(1779322648.595856) can0 02038100#0CD001100CCF0102
(1779322648.596851) can0 02048100#4A01014A01010000
(1779322648.597755) can0 1AD#7F14000059321818
(1779322648.598766) can0 2AD#D00C800C7F140016
(1779322648.599780) can0 3AD#0000000000007F14
(1779322648.600782) can0 4AD#EB00000000000000
(1779322648.601775) can0 76A#7F00000000000000
(1779322648.664415) can0 0000E005#1702440003B60591
(1779322648.664973) can0 1806E5F4#13B3010003B6023A
(1779322648.665855) can0 0000E000#13B313B3020C0000
(1779322648.666855) can0 0000E004#181803B603B601DF
(1779322648.667834) can0 0000E006#0CCF0CCF0CCF0CCF
(1779322648.668837) can0 0000E007#0CCF0CCF0CCF0CCF
(1779322648.669830) can0 0000E008#0CCF0CCF0CCF0CCF
(1779322648.670830) can0 0000E009#0CCF0CCF0CCF0CD0
(1779322648.671872) can0 0000E010#0000000000000000
(1779322648.672875) can0 0000E011#0000000000000000
(1779322648.673856) can0 0000E012#0CCF000100000000
(1779322648.674874) can0 0000F001#0000000000000000
(1779322648.675856) can0 18FF28F4#10320000020C0000
(1779322648.676856) can0 18FE28F4#0CD00CCF40400000
(1779322648.677849) can0 18FD28F4#1702FA6F00000000
(1779322648.678766) can0 4D4#000032007D0C0203
(1779322648.679743) can0 4D5#CF0CD00C40400000
(1779322648.680850) can0 18914010#0CD0100CCF020000
(1779322648.681842) can0 18904010#020C020C753001F8
(1779322648.682862) can0 18FA28F4#123EA12C10270000
(1779322648.683840) can0 18FB28F4#D00CCF0C40400000
(1779322648.684858) can0 18FC28F4#383200000C020000
(1779322648.685837) can0 18F810F3#0C02E80332640100
(1779322648.686874) can0 18F815F3#0000000010030000
(1779322648.687769) can0 273#000000000C023200
(1779322648.688769) can0 1E1#020C271001F801F8
(1779322648.689780) can0 1F5#0000000000000000
(1779322648.690864) can0 0800A6A9#0000000000000000
(1779322648.691821) can0 1000A6A9#0C028813324A4A4A
(1779322648.692857) can0 1C00A6A9#0000000000030000
(1779322648.693875) can0 02018100#1003020C00000000
(1779322648.694870) can0 02028100#0000003264000000
(1779322648.695852) can0 02038100#0CD001100CCF0102
(1779322648.696852) can0 02048100#4A01014A01010000
(1779322648.697748) can0 1AD#7F14000059321818
(1779322648.698761) can0 2AD#D00C800C7F140016
(1779322648.699774) can0 3AD#0000000000007F14
(1779322648.700775) can0 4AD#EB00000000000000
(1779322648.701768) can0 76A#7F00000000000000
(1779322648.764401) can0 0000E005#1702440003B60591
(1779322648.764970) can0 1806E5F4#13B3010003B6023A
(1779322648.765843) can0 0000E000#13B313B3020C0000
(1779322648.766861) can0 0000E004#181803B603B601DF
(1779322648.767823) can0 0000E006#0CCF0CCF0CCF0CCF
(1779322648.768817) can0 0000E007#0CCF0CCF0CCF0CCF
(1779322648.769836) can0 0000E008#0CCF0CCF0CCF0CCF
(1779322648.770817) can0 0000E009#0CCF0CCF0CCF0CD0
(1779322648.771881) can0 0000E010#0000000000000000
(1779322648.772882) can0 0000E011#0000000000000000
(1779322648.773862) can0 0000E012#0CCF000100000000
(1779322648.774880) can0 0000F001#0000000000000000
(1779322648.775862) can0 18FF28F4#10320000020C0000
(1779322648.776842) can0 18FE28F4#0CD00CCF40400000
(1779322648.777856) can0 18FD28F4#1702FA6F00000000
(1779322648.778760) can0 4D4#000032007D0C0203
(1779322648.779772) can0 4D5#CF0CD00C40400000
(1779322648.780835) can0 18914010#0CD0100CCF020000
(1779322648.781836) can0 18904010#020C020C753001F8
(1779322648.782849) can0 18FA28F4#123EA12C10270000
(1779322648.783830) can0 18FB28F4#D00CCF0C40400000
(1779322648.784844) can0 18FC28F4#383200000C020000
(1779322648.785843) can0 18F810F3#0C02E80332640100
(1779322648.786876) can0 18F815F3#0000000010030000
(1779322648.787801) can0 273#000000000C023200
(1779322648.788768) can0 1E1#020C271001F801F8
(1779322648.789795) can0 1F5#0000000000000000
(1779322648.790871) can0 0800A6A9#0000000000000000
(1779322648.791819) can0 1000A6A9#0C028813324A4A4A
(1779322648.792866) can0 1C00A6A9#0000000000030000
(1779322648.793864) can0 02018100#1003020C00000000
(1779322648.794864) can0 02028100#0000003264000000
(1779322648.795895) can0 02038100#0CD001100CCF0102
(1779322648.796859) can0 02048100#4A01014A01010000
(1779322648.797743) can0 1AD#7F14000059321818
(1779322648.798756) can0 2AD#D00C800C7F140016
(1779322648.799768) can0 3AD#0000000000007F14
(1779322648.800776) can0 4AD#EB00000000000000
(1779322648.801781) can0 76A#7F00000000000000
(1779322648.864460) can0 0000E005#1702440003B60591
(1779322648.865016) can0 1806E5F4#13B3010003B6023A
(1779322648.865847) can0 0000E000#13B313B3020C0000
(1779322648.866856) can0 0000E004#181803B603B601DF
(1779322648.867837) can0 0000E006#0CCF0CCF0CCF0CCF
(1779322648.868831) can0 0000E007#0CCF0CCF0CCF0CCF
(1779322648.869830) can0 0000E008#0CCF0CCF0CCF0CCF
(1779322648.870831) can0 0000E009#0CCF0CCF0CCF0CD0
(1779322648.871875) can0 0000E010#0000000000000000
(1779322648.872908) can0 0000E011#0000000000000000
(1779322648.873855) can0 0000E012#0CCF000100000000
(1779322648.874876) can0 0000F001#0000000000000000
(1779322648.875856) can0 18FF28F4#10320000020C0000
(1779322648.876857) can0 18FE28F4#0CD00CCF40400000
(1779322648.877847) can0 18FD28F4#1702FA6F00000000
(1779322648.878766) can0 4D4#000032007D0C0203
(1779322648.879754) can0 4D5#CF0CD00C40400000
(1779322648.880896) can0 18914010#0CD0100CCF020000
(1779322648.881844) can0 18904010#020C020C753001F8
(1779322648.882844) can0 18FA28F4#123EA12C10270000
(1779322648.883844) can0 18FB28F4#D00CCF0C40400000
(1779322648.884857) can0 18FC28F4#383200000C020000
(1779322648.885834) can0 18F810F3#0C02E80332640100
(1779322648.886868) can0 18F815F3#0000000010030000
(1779322648.887774) can0 273#000000000C023200
(1779322648.888762) can0 1E1#020C271001F801F8
(1779322648.889784) can0 1F5#0000000000000000
(1779322648.890864) can0 0800A6A9#0000000000000000
(1779322648.891832) can0 1000A6A9#0C028813324A4A4A
(1779322648.892858) can0 1C00A6A9#0000000000030000
(1779322648.893876) can0 02018100#1003020C00000000
(1779322648.894857) can0 02028100#0000003264000000
(1779322648.895857) can0 02038100#0CD001100CCF0102
(1779322648.896851) can0 02048100#4A01014A01010000
(1779322648.897750) can0 1AD#7F14000059321818
(1779322648.898769) can0 2AD#D00C800C7F140016
(1779322648.899762) can0 3AD#0000000000007F14
(1779322648.900775) can0 4AD#EB00000000000000
(1779322648.901769) can0 76A#7F00000000000000
(1779322648.981466) can0 0000E005#1702440003B60591
(1779322648.982023) can0 1806E5F4#13B3010003B6023A
(1779322648.982843) can0 0000E000#13B313B3020C0000
(1779322648.983856) can0 0000E004#181803B603B601DF
(1779322648.984824) can0 0000E006#0CCF0CCF0CCF0CCF
(1779322648.985825) can0 0000E007#0CCF0CCF0CCF0CCF
(1779322648.986825) can0 0000E008#0CCF0CCF0CCF0CCF
(1779322648.987817) can0 0000E009#0CCF0CCF0CCF0CD0
(1779322648.988883) can0 0000E010#0000000000000000
(1779322648.989867) can0 0000E011#0000000000000000
(1779322648.990864) can0 0000E012#0CCF000100000000
(1779322648.991826) can0 0000E013#4542323630354C43
(1779322648.992846) can0 0000E014#3134323300000000
(1779322648.993876) can0 0000E015#0000000000000003
(1779322648.994877) can0 0000F000#0000000000000000
(1779322648.995875) can0 0000F001#0000000000000000
(1779322648.996858) can0 18FF28F4#10320000020C0000
(1779322648.997838) can0 18FE28F4#0CD00CCF40400000
(1779322648.998852) can0 18FD28F4#1702FA6F00000000
(1779322648.999765) can0 4D4#000032007D0C0203
(1779322649.000749) can0 4D5#CF0CD00C40400000
(1779322649.001846) can0 18914010#0CD0100CCF030000
(1779322649.002845) can0 18904010#020C020C753001F8
(1779322649.003854) can0 18924010#4001400100000000
(1779322649.004846) can0 18934010#000000780000BB2C
(1779322649.005858) can0 18944010#1003000000000000
(1779322649.006871) can0 18954010#0000000000000000
(1779322649.007871) can0 18954010#0100000000000000
(1779322649.008871) can0 18954010#0200000000000000
(1779322649.009865) can0 18954010#0300000000000000
(1779322649.010885) can0 18954010#0400000000000000
(1779322649.011857) can0 18954010#0500000000000000
(1779322649.012865) can0 18964010#0040404000000000
(1779322649.013877) can0 18974010#0000000000000000
(1779322649.014859) can0 18984010#0000000000000000
(1779322649.015834) can0 18FA28F4#123EA12C10270000
(1779322649.016833) can0 18FB28F4#D00CCF0C40400000
(1779322649.017846) can0 18FC28F4#383200000C020000
(1779322649.018859) can0 18F810F3#0C02E80332640100
(1779322649.019840) can0 18F811F3#D00C1001CF0C0301
(1779322649.020859) can0 18F812F3#4001014001010000
(1779322649.021873) can0 18F813F3#0101000000000000
(1779322649.022834) can0 18F814F3#3200EA1AA9015F00
(1779322649.023858) can0 18F815F3#0000000010030000
(1779322649.024766) can0 273#000000000C023200
(1779322649.025764) can0 1E1#020C271001F801F8
(1779322649.026821) can0 1F5#0000000000000000
(1779322649.027864) can0 0800A6A9#0000000000000000
(1779322649.028821) can0 1000A6A9#0C028813324A4A4A
(1779322649.029847) can0 1C00A6A9#0000000000030000
(1779322649.030866) can0 02018100#1003020C00000000
(1779322649.031865) can0 02028100#0000003264000000
(1779322649.032847) can0 02038100#0CD001100CCF0103
(1779322649.033841) can0 02048100#4A01014A01010000
(1779322649.034797) can0 1AD#7F14000059321818
(1779322649.035759) can0 2AD#D00C800C7F140016
(1779322649.036777) can0 3AD#0000000000007F14
(1779322649.037770) can0 4AD#EB00000000000000
(1779322649.038771) can0 76A#7F00000000000000
(1779322649.097416) can0 0000E005#1702440003B60591
(1779322649.097978) can0 1806E5F4#13B3010003B6023A
(1779322649.098844) can0 0000E000#13B313B3020C0000
(1779322649.099845) can0 0000E004#181803B603B601DF
(1779322649.100826) can0 0000E006#0CCF0CCF0CCF0CCF
(1779322649.101825) can0 0000E007#0CCF0CCF0CCF0CCF
(1779322649.102819) can0 0000E008#0CCF0CCF0CCF0CCF
(1779322649.103851) can0 0000E009#0CCF0CCF0CCF0CD0
(1779322649.104863) can0 0000E010#0000000000000000
(1779322649.105864) can0 0000E011#0000000000000000
(1779322649.106851) can0 0000E012#0CCF000100000000
(1779322649.107864) can0 0000F001#0000000000000000
(1779322649.108845) can0 18FF28F4#10320000020C0000
(1779322649.109845) can0 18FE28F4#0CD00CCF40400000
(1779322649.110840) can0 18FD28F4#1702FA6F00000000
(1779322649.111807) can0 4D4#000032007D0C0203
(1779322649.112744) can0 4D5#CF0CD00C40400000
(1779322649.113839) can0 18914010#0CD0100CCF030000
(1779322649.114839) can0 18904010#020C020C753001F8
(1779322649.115852) can0 18FA28F4#123EA12C10270000
(1779322649.116826) can0 18FB28F4#D00CCF0C40400000
(1779322649.117845) can0 18FC28F4#383200000C020000
(1779322649.118826) can0 18F810F3#0C02E80332640100
(1779322649.119909) can0 18F815F3#0000000010030000
(1779322649.120757) can0 273#000000000C023200
(1779322649.121762) can0 1E1#020C271001F801F8
(1779322649.122776) can0 1F5#0000000000000000
(1779322649.123852) can0 0800A6A9#0000000000000000
(1779322649.124821) can0 1000A6A9#0C028813324A4A4A
(1779322649.125853) can0 1C00A6A9#0000000000030000
(1779322649.126868) can0 02018100#1003020C00000000
(1779322649.127867) can0 02028100#0000003264000000
(1779322649.128845) can0 02038100#0CD001100CCF0103
(1779322649.129840) can0 02048100#4A01014A01010000
(1779322649.130744) can0 1AD#7F14000059321818
(1779322649.131754) can0 2AD#D00C800C7F140016
(1779322649.132769) can0 3AD#0000000000007F14
(1779322649.133764) can0 4AD#EB00000000000000
(1779322649.134763) can0 76A#7F00000000000000
(1779322649.197416) can0 0000E005#1702440003B60591
(1779322649.197971) can0 1806E5F4#13B3010003B6023A
(1779322649.198839) can0 0000E000#13B313B3020C0000
(1779322649.199852) can0 0000E004#181803B603B601DF
(1779322649.200816) can0 0000E006#0CCF0CCF0CCF0CCF
(1779322649.201819) can0 0000E007#0CCF0CCF0CCF0CCF
(1779322649.202820) can0 0000E008#0CCF0CCF0CCF0CCF
(1779322649.203813) can0 0000E009#0CCF0CCF0CCF0CD0
(1779322649.204877) can0 0000E010#0000000000000000
(1779322649.205858) can0 0000E011#0000000000000000
(1779322649.206858) can0 0000E012#0CCF000100000000
(1779322649.207872) can0 0000F001#0000000000000000
(1779322649.208852) can0 18FF28F4#10320000020C0000
(1779322649.209839) can0 18FE28F4#0CD00CCF40400000
(1779322649.210852) can0 18FD28F4#1702FA6F00000000
(1779322649.211756) can0 4D4#000032007D0C0203
(1779322649.212749) can0 4D5#CF0CD00C40400000
(1779322649.213833) can0 18914010#0CD0100CCF030000
(1779322649.214827) can0 18904010#020C020C753001F8
(1779322649.215846) can0 18FA28F4#123EA12C10270000
(1779322649.216821) can0 18FB28F4#D00CCF0C40400000
(1779322649.217840) can0 18FC28F4#383200000C020000
(1779322649.218821) can0 18F810F3#0C02E80332640100
(1779322649.219872) can0 18F815F3#0000000010030000
(1779322649.220757) can0 273#000000000C023200
(1779322649.221751) can0 1E1#020C271001F801F8
(1779322649.222770) can0 1F5#0000000000000000
(1779322649.223866) can0 0800A6A9#0000000000000000
(1779322649.224809) can0 1000A6A9#0C028813324A4A4A
(1779322649.225860) can0 1C00A6A9#0000000000030000
(1779322649.226859) can0 02018100#1003020C00000000
(1779322649.227853) can0 02028100#0000003264000000
(1779322649.228835) can0 02038100#0CD001100CCF0103
(1779322649.229833) can0 02048100#4A01014A01010000
(1779322649.230732) can0 1AD#7F14000059321818
(1779322649.231751) can0 2AD#D00C800C7F140016
(1779322649.232763) can0 3AD#0000000000007F14
(1779322649.233777) can0 4AD#EB00000000000000
(1779322649.234771) can0 76A#7F00000000000000
(1779322649.297466) can0 0000E005#1702440003B60591
(1779322649.298007) can0 1806E5F4#13B3010003B6023A
(1779322649.298847) can0 0000E000#13B313B3020C0000
(1779322649.299846) can0 0000E004#181803B603B601DF
(1779322649.300827) can0 0000E006#0CCF0CCF0CCF0CCF
(1779322649.301819) can0 0000E007#0CCF0CCF0CCF0CCF
(1779322649.302825) can0 0000E008#0CCF0CCF0CCF0CCF
(1779322649.303825) can0 0000E009#0CCF0CCF0CCF0CD0
(1779322649.304872) can0 0000E010#0000000000000000
(1779322649.305870) can0 0000E011#0000000000000000
(1779322649.306852) can0 0000E012#0CCF000100000000
(1779322649.307864) can0 0000F001#0000000000000000
(1779322649.308846) can0 18FF28F4#10320000020C0000
(1779322649.309822) can0 18FE28F4#0CD00CCF40400000
(1779322649.310858) can0 18FD28F4#1702FA6F00000000
(1779322649.311763) can0 4D4#000032007D0C0203
(1779322649.312745) can0 4D5#CF0CD00C40400000
(1779322649.313838) can0 18914010#0CD0100CCF020000
(1779322649.314839) can0 18904010#020C020C753001F8
(1779322649.315838) can0 18FA28F4#123EA12C10270000
(1779322649.316833) can0 18FB28F4#D00CCF0C40400000
(1779322649.317852) can0 18FC28F4#383200000C020000
(1779322649.318845) can0 18F810F3#0C02E80332640100
(1779322649.319864) can0 18F815F3#0000000010030000
(1779322649.320764) can0 273#000000000C023200
(1779322649.321739) can0 1E1#020C271001F801F8
(1779322649.322776) can0 1F5#0000000000000000
(1779322649.323852) can0 0800A6A9#0000000000000000
(1779322649.324822) can0 1000A6A9#0C028813324A4A4A
(1779322649.325850) can0 1C00A6A9#0000000000030000
(1779322649.326897) can0 02018100#1003020C00000000
(1779322649.327846) can0 02028100#0000003264000000
(1779322649.328847) can0 02038100#0CD001100CCF0102
(1779322649.329846) can0 02048100#4A01014A01010000
(1779322649.330726) can0 1AD#7F14000059321818
(1779322649.331744) can0 2AD#D00C800C7F140016
(1779322649.332757) can0 3AD#0000000000007F14
(1779322649.333762) can0 4AD#EB00000000000000
(1779322649.334795) can0 76A#7F00000000000000
(1779322649.397407) can0 0000E005#1702440003B60591
(1779322649.397957) can0 1806E5F4#13B3010003B6023A
(1779322649.398837) can0 0000E000#13B313B3020C0000
(1779322649.399838) can0 0000E004#181803B603B601DF
(1779322649.400819) can0 0000E006#0CCF0CCF0CCF0CCF
(1779322649.401819) can0 0000E007#0CCF0CCF0CCF0CCF
(1779322649.402819) can0 0000E008#0CCF0CCF0CCF0CCF
(1779322649.403851) can0 0000E009#0CCF0CCF0CCF0CD0
(1779322649.404865) can0 0000E010#0000000000000000
(1779322649.405864) can0 0000E011#0000000000000000
(1779322649.406844) can0 0000E012#0CCF000100000000
(1779322649.407877) can0 0000F001#0000000000000000
(1779322649.408851) can0 18FF28F4#10320000020C0000
(1779322649.409841) can0 18FE28F4#0CD00CCF40400000
(1779322649.410836) can0 18FD28F4#1702FA6F00000000
(1779322649.411788) can0 4D4#000032007D0C0203
(1779322649.412737) can0 4D5#CF0CD00C40400000
(1779322649.413833) can0 18914010#0CD0100CCF020000
(1779322649.414832) can0 18904010#020C020C753001F8
(1779322649.415832) can0 18FA28F4#123EA12C10270000
(1779322649.416826) can0 18FB28F4#D00CCF0C40400000
(1779322649.417845) can0 18FC28F4#383200000C020000
(1779322649.418821) can0 18F810F3#0C02E80332640100
(1779322649.419903) can0 18F815F3#0000000010030000
(1779322649.420756) can0 273#000000000C023200
(1779322649.421757) can0 1E1#020C271001F801F8
(1779322649.422769) can0 1F5#0000000000000000
(1779322649.423846) can0 0800A6A9#0000000000000000
(1779322649.424814) can0 1000A6A9#0C028813324A4A4A
(1779322649.425846) can0 1C00A6A9#0000000000030000
(1779322649.426859) can0 02018100#1003020C00000000
(1779322649.427859) can0 02028100#0000003264000000
(1779322649.428840) can0 02038100#0CD001100CCF0102
(1779322649.429839) can0 02048100#4A01014A01010000
(1779322649.430731) can0 1AD#7F14000059321818
(1779322649.431751) can0 2AD#D00C800C7F140016
(1779322649.432764) can0 3AD#0000000000007F14
(1779322649.433757) can0 4AD#EB00000000000000
(1779322649.434750) can0 76A#7F00000000000000
(1779322649.514406) can0 0000E005#1702440003B60591
(1779322649.514957) can0 1806E5F4#13B3010003B6023A
(1779322649.515840) can0 0000E000#13B313B3020C0000
(1779322649.516839) can0 0000E004#181803B603B601DF
(1779322649.517822) can0 0000E006#0CCF0CCF0CCF0CCF
(1779322649.518823) can0 0000E007#0CCF0CCF0CCF0CCF
(1779322649.519820) can0 0000E008#0CCF0CCF0CCF0CCF
(1779322649.520813) can0 0000E009#0CCF0CCF0CCF0CD0
(1779322649.521865) can0 0000E010#0000000000000000
(1779322649.522864) can0 0000E011#0000000000000000
(1779322649.523847) can0 0000E012#0CCF000100000000
(1779322649.524813) can0 0000E013#4542323630354C43
(1779322649.525842) can0 0000E014#3134323300000000
(1779322649.526858) can0 0000E015#0000000000000003
(1779322649.527853) can0 0000F000#0000000000000000
(1779322649.528853) can0 0000F001#0000000000000000
(1779322649.529833) can0 18FF28F4#10320000020C0000
(1779322649.530833) can0 18FE28F4#0CD00CCF40400000
(1779322649.531833) can0 18FD28F4#1702FA6F00000000
(1779322649.532745) can0 4D4#000032007D0C0203
(1779322649.533751) can0 4D5#CF0CD00C40400000
(1779322649.534828) can0 18914010#0CD0100CCF030000
(1779322649.535828) can0 18904010#020C020C753001F8
(1779322649.536833) can0 18924010#4001400100000000
(1779322649.537840) can0 18934010#000000790000BB2C
(1779322649.538853) can0 18944010#1003000000000000
(1779322649.539866) can0 18954010#0000000000000000
(1779322649.540865) can0 18954010#0100000000000000
(1779322649.541878) can0 18954010#0200000000000000
(1779322649.542859) can0 18954010#0300000000000000
(1779322649.543859) can0 18954010#0400000000000000
(1779322649.544836) can0 18954010#0500000000000000
(1779322649.545854) can0 18964010#0040404000000000
(1779322649.546853) can0 18974010#0000000000000000
(1779322649.547847) can0 18984010#0000000000000000
(1779322649.548828) can0 18FA28F4#123EA12C10270000
(1779322649.549841) can0 18FB28F4#D00CCF0C40400000
(1779322649.550841) can0 18FC28F4#383200000C020000
(1779322649.551821) can0 18F810F3#0C02E80332640100
(1779322649.552822) can0 18F811F3#D00C1001CF0C0301
(1779322649.553835) can0 18F812F3#4001014001010000
(1779322649.554848) can0 18F813F3#0101000000000000
(1779322649.555829) can0 18F814F3#3200EA1AA9015F00
(1779322649.556852) can0 18F815F3#0000000010030000
(1779322649.557790) can0 273#000000000C023200
(1779322649.558752) can0 1E1#020C271001F801F8
(1779322649.559765) can0 1F5#0000000000000000
(1779322649.560843) can0 0800A6A9#0000000000000000
(1779322649.561810) can0 1000A6A9#0C028813324A4A4A
(1779322649.562842) can0 1C00A6A9#0000000000030000
(1779322649.563855) can0 02018100#1003020C00000000
(1779322649.564856) can0 02028100#0000003264000000
(1779322649.565868) can0 02038100#0CD001100CCF0103
(1779322649.566835) can0 02048100#4A01014A01010000
(1779322649.567739) can0 1AD#7F14000059321818
(1779322649.568732) can0 2AD#D00C800C7F140016
(1779322649.569753) can0 3AD#0000000000007F14
(1779322649.570765) can0 4AD#EB00000000000000
(1779322649.571761) can0 76A#7F00000000000000
(1779322649.630405) can0 0000E005#1702440003B60591
(1779322649.630963) can0 1806E5F4#13B3010003B6023A
(1779322649.631843) can0 0000E000#13B313B3020C0000
(1779322649.632842) can0 0000E004#181803B603B601DF
(1779322649.633808) can0 0000E006#0CCF0CCF0CCF0CCF
(1779322649.634854) can0 0000E007#0CCF0CCF0CCF0CCF
(1779322649.635821) can0 0000E008#0CCF0CCF0CCF0CCF
(1779322649.636802) can0 0000E009#0CCF0CCF0CCF0CD0
(1779322649.637860) can0 0000E010#0000000000000000
(1779322649.638867) can0 0000E011#0000000000000000
(1779322649.639849) can0 0000E012#0CCF000100000000
(1779322649.640860) can0 0000F001#0000000000000000
(1779322649.641841) can0 18FF28F4#10320000020C0000
(1779322649.642873) can0 18FE28F4#0CD00CCF40400000
(1779322649.643841) can0 18FD28F4#1702FA6F00000000
(1779322649.644738) can0 4D4#000032007D0C0203
(1779322649.645739) can0 4D5#CF0CD00C40400000
(1779322649.646834) can0 18914010#0CD0100CCF030000
(1779322649.647815) can0 18904010#020C020C753001F8
(1779322649.648835) can0 18FA28F4#123EA12C10270000
(1779322649.649814) can0 18FB28F4#D00CCF0C40400000
(1779322649.650880) can0 18FC28F4#383200000C020000
(1779322649.651828) can0 18F810F3#0C02E80332640100
(1779322649.652862) can0 18F815F3#0000000010030000
(1779322649.653737) can0 273#000000000C023200
(1779322649.654739) can0 1E1#020C271001F801F8
(1779322649.655759) can0 1F5#0000000000000000
(1779322649.656853) can0 0800A6A9#0000000000000000
(1779322649.657803) can0 1000A6A9#0C028813324A4A4A
(1779322649.658836) can0 1C00A6A9#0000000000030000
(1779322649.659848) can0 02018100#1003020C00000000
(1779322649.660849) can0 02028100#0000003264000000
(1779322649.661820) can0 02038100#0CD001100CCF0103
(1779322649.662842) can0 02048100#4A01014A01010000
(1779322649.663727) can0 1AD#7F14000059321818
(1779322649.664741) can0 2AD#D00C800C7F140016
(1779322649.665749) can0 3AD#0000000000007F14
(1779322649.666746) can0 4AD#EB00000000000000
(1779322649.667760) can0 76A#7F00000000000000
(1779322649.730451) can0 0000E005#1702440003B60591
(1779322649.731010) can0 1806E5F4#13B3010003B6023A
(1779322649.731829) can0 0000E000#13B313B3020C0000
(1779322649.732841) can0 0000E004#181803B603B601DF
(1779322649.733809) can0 0000E006#0CCF0CCF0CCF0CCF
(1779322649.734804) can0 0000E007#0CCF0CCF0CCF0CCF
(1779322649.735821) can0 0000E008#0CCF0CCF0CCF0CCF
(1779322649.736803) can0 0000E009#0CCF0CCF0CCF0CD0
(1779322649.737865) can0 0000E010#0000000000000000
(1779322649.738857) can0 0000E011#0000000000000000
(1779322649.739847) can0 0000E012#0CCF000100000000
(1779322649.740859) can0 0000F001#0000000000000000
(1779322649.741841) can0 18FF28F4#10320000020C0000
(1779322649.742822) can0 18FE28F4#0CD00CCF40400000
(1779322649.743842) can0 18FD28F4#1702FA6F00000000
(1779322649.744740) can0 4D4#000032007D0C0203
(1779322649.745739) can0 4D5#CF0CD00C40400000
(1779322649.746827) can0 18914010#0CD0100CCF030000
(1779322649.747816) can0 18904010#020C020C753001F8
(1779322649.748835) can0 18FA28F4#123EA12C10270000
(1779322649.749815) can0 18FB28F4#D00CCF0C40400000
(1779322649.750824) can0 18FC28F4#383200000C020000
(1779322649.751829) can0 18F810F3#0C02E80332640100
(1779322649.752861) can0 18F815F3#0000000010030000
(1779322649.753745) can0 273#000000000C023200
(1779322649.754741) can0 1E1#020C271001F801F8
(1779322649.755759) can0 1F5#0000000000000000
(1779322649.756849) can0 0800A6A9#0000000000000000
(1779322649.757804) can0 1000A6A9#0C028813324A4A4A
(1779322649.758830) can0 1C00A6A9#0000000000030000
(1779322649.759848) can0 02018100#1003020C00000000
(1779322649.760849) can0 02028100#0000003264000000
(1779322649.761820) can0 02038100#0CD001100CCF0103
(1779322649.762823) can0 02048100#4A01014A01010000
(1779322649.763720) can0 1AD#7F14000059321818
(1779322649.764754) can0 2AD#D00C800C7F140016
(1779322649.765753) can0 3AD#0000000000007F14
(1779322649.766766) can0 4AD#EB00000000000000
(1779322649.767759) can0 76A#7F00000000000000
(1779322649.830388) can0 0000E005#1702440003B60591
(1779322649.830954) can0 1806E5F4#13B3010003B6023A
(1779322649.831842) can0 0000E000#13B313B3020C0000
(1779322649.832841) can0 0000E004#181803B603B601DF
(1779322649.833822) can0 0000E006#0CCF0CCF0CCF0CCF
(1779322649.834816) can0 0000E007#0CCF0CCF0CCF0CCF
(1779322649.835816) can0 0000E008#0CCF0CCF0CCF0CCF
(1779322649.836817) can0 0000E009#0CCF0CCF0CCF0CD0
(1779322649.837860) can0 0000E010#0000000000000000
(1779322649.838861) can0 0000E011#0000000000000000
(1779322649.839841) can0 0000E012#0CCF000100000000
(1779322649.840854) can0 0000F001#0000000000000000
(1779322649.841854) can0 18FF28F4#10320000020C0000
(1779322649.842819) can0 18FE28F4#0CD00CCF40400000
(1779322649.843835) can0 18FD28F4#1702FA6F00000000
(1779322649.844753) can0 4D4#000032007D0C0203
(1779322649.845739) can0 4D5#CF0CD00C40400000
(1779322649.846810) can0 18914010#0CD0100CCF020000
(1779322649.847829) can0 18904010#020C020C753001F8
(1779322649.848829) can0 18FA28F4#123EA12C10270000
(1779322649.849842) can0 18FB28F4#D00CCF0C40400000
(1779322649.850842) can0 18FC28F4#383200000C020000
(1779322649.851823) can0 18F810F3#0C02E80332640100
(1779322649.852855) can0 18F815F3#0000000010030000
(1779322649.853740) can0 273#000000000C023200
(1779322649.854735) can0 1E1#020C271001F801F8
(1779322649.855772) can0 1F5#0000000000000000
(1779322649.856850) can0 0800A6A9#0000000000000000
(1779322649.857830) can0 1000A6A9#0C028813324A4A4A
(1779322649.858839) can0 1C00A6A9#0000000000030000
(1779322649.859842) can0 02018100#1003020C00000000
(1779322649.860843) can0 02028100#0000003264000000
(1779322649.861824) can0 02038100#0CD001100CCF0102
(1779322649.862836) can0 02048100#4A01014A01010000
(1779322649.863722) can0 1AD#7F14000059321818
(1779322649.864735) can0 2AD#D00C800C7F140016
(1779322649.865798) can0 3AD#0000000000007F14
(1779322649.866759) can0 4AD#EB00000000000000
(1779322649.867759) can0 76A#7F00000000000000
(1779322649.930391) can0 0000E005#1702440003B60591
(1779322649.930944) can0 1806E5F4#13B3010003B6023A
(1779322649.931825) can0 0000E000#13B313B3020C0000
(1779322649.932848) can0 0000E004#181803B603B601DF
(1779322649.933809) can0 0000E006#0CCF0CCF0CCF0CCF
(1779322649.934840) can0 0000E007#0CCF0CCF0CCF0CCF
(1779322649.935809) can0 0000E008#0CCF0CCF0CCF0CCF
(1779322649.936809) can0 0000E009#0CCF0CCF0CCF0CD0
(1779322649.937853) can0 0000E010#0000000000000000
(1779322649.938853) can0 0000E011#0000000000000000
(1779322649.939831) can0 0000E012#0CCF000100000000
(1779322649.940846) can0 0000F001#0000000000000000
(1779322649.941827) can0 18FF28F4#10320000020C0000
(1779322649.942860) can0 18FE28F4#0CD00CCF40400000
(1779322649.943822) can0 18FD28F4#1702FA6F00000000
(1779322649.944739) can0 4D4#000032007D0C0203
(1779322649.945720) can0 4D5#CF0CD00C40400000
(1779322649.946822) can0 18914010#0CD0100CCF020000
(1779322649.947815) can0 18904010#020C020C753001F8
(1779322649.948837) can0 18FA28F4#123EA12C10270000
(1779322649.949816) can0 18FB28F4#D00CCF0C40400000
(1779322649.950880) can0 18FC28F4#383200000C020000
(1779322649.951809) can0 18F810F3#0C02E80332640100
(1779322649.952843) can0 18F815F3#0000000010030000
(1779322649.953746) can0 273#000000000C023200
(1779322649.954740) can0 1E1#020C271001F801F8
(1779322649.955748) can0 1F5#0000000000000000
(1779322649.956836) can0 0800A6A9#0000000000000000
(1779322649.957804) can0 1000A6A9#0C028813324A4A4A
(1779322649.958835) can0 1C00A6A9#0000000000030000
(1779322649.959848) can0 02018100#1003020C00000000
(1779322649.960849) can0 02028100#0000003264000000
(1779322649.961830) can0 02038100#0CD001100CCF0102
(1779322649.962823) can0 02048100#4A01014A01010000
(1779322649.963718) can0 1AD#7F14000059321818
(1779322649.964734) can0 2AD#D00C800C7F140016
(1779322649.965746) can0 3AD#0000000000007F14
(1779322649.966747) can0 4AD#EB00000000000000
(1779322649.967739) can0 76A#7F00000000000000
(1779322650.047393) can0 0000E005#1702440003B60591
(1779322650.047947) can0 1806E5F4#13B3010003B6023A
(1779322650.048837) can0 0000E000#13B313B3020C0000
(1779322650.049830) can0 0000E004#181803B603B601DF
(1779322650.050816) can0 0000E006#0CCF0CCF0CCF0CCF
(1779322650.051810) can0 0000E007#0CCF0CCF0CCF0CCF
(1779322650.052811) can0 0000E008#0CCF0CCF0CCF0CCF
(1779322650.053786) can0 0000E009#0CCF0CCF0CCF0CCF
(1779322650.054855) can0 0000E010#0000000000000000
(1779322650.055855) can0 0000E011#0000000000000000
(1779322650.056837) can0 0000E012#0CCF000000000000
(1779322650.057802) can0 0000E013#4542323630354C43
(1779322650.058836) can0 0000E014#3134323300000000
(1779322650.059849) can0 0000E015#0000000000000003
(1779322650.060849) can0 0000F000#0000000000000000
(1779322650.061848) can0 0000F001#0000000000000000
(1779322650.062830) can0 18FF28F4#10320000020C0000
(1779322650.063811) can0 18FE28F4#0CCF0CCF40400000
(1779322650.064844) can0 18FD28F4#1702FA6F00000000
(1779322650.065741) can0 4D4#000032007D0C0203
(1779322650.066721) can0 4D5#CF0CCF0C40400000
(1779322650.067824) can0 18914010#0CCF010CCF030000
(1779322650.068818) can0 18904010#020C020C753001F8
(1779322650.069830) can0 18924010#4001400100000000
(1779322650.070818) can0 18934010#0000007A0000BB2C
(1779322650.071831) can0 18944010#1003000000000000
(1779322650.072876) can0 18954010#0000000000000000
(1779322650.073862) can0 18954010#0100000000000000
(1779322650.074843) can0 18954010#0200000000000000
(1779322650.075844) can0 18954010#0300000000000000
(1779322650.076857) can0 18954010#0400000000000000
(1779322650.077834) can0 18954010#0500000000000000
(1779322650.078837) can0 18964010#0040404000000000
(1779322650.079851) can0 18974010#0000000000000000
(1779322650.080864) can0 18984010#0000000000000000
(1779322650.081804) can0 18FA28F4#123EA12C10270000
(1779322650.082806) can0 18FB28F4#CF0CCF0C40400000
(1779322650.083818) can0 18FC28F4#383200000C020000
(1779322650.084819) can0 18F810F3#0C02E80332640100
(1779322650.085818) can0 18F811F3#CF0C0101CF0C0301
(1779322650.086831) can0 18F812F3#4001014001010000
(1779322650.087844) can0 18F813F3#0101000000000000
(1779322650.088858) can0 18F814F3#3200EA1AA9015F00
(1779322650.089835) can0 18F815F3#0000000010030000
(1779322650.090736) can0 273#000000000C023200
(1779322650.091736) can0 1E1#020C271001F801F8
(1779322650.092762) can0 1F5#0000000000000000
(1779322650.093838) can0 0800A6A9#0000000000000000
(1779322650.094806) can0 1000A6A9#0C028813324A4A4A
(1779322650.095839) can0 1C00A6A9#0000000000030000
(1779322650.096884) can0 02018100#1003020C00000000
(1779322650.097832) can0 02028100#0000003264000000
(1779322650.098819) can0 02038100#0CCF01010CCF0103
(1779322650.099833) can0 02048100#4A01014A01010000
(1779322650.100717) can0 1AD#7F14000059321818
(1779322650.101720) can0 2AD#CF0C800C7F140016
(1779322650.102744) can0 3AD#0000000000007F14
(1779322650.103743) can0 4AD#EB00000000000000
(1779322650.104789) can0 76A#7F00000000000000
(1779322650.156743) can0 00000E00#00354C4331343233
(1779322650.164378) can0 0000E005#1702440003B60591
(1779322650.164933) can0 1806E5F4#13B3010003B6023A
(1779322650.165848) can0 0000E000#13B313B3020C0000
(1779322650.166836) can0 0000E004#181803B603B601DF
(1779322650.167798) can0 0000E006#0CCF0CCF0CCF0CCF
(1779322650.168799) can0 0000E007#0CCF0CCF0CCF0CCF
(1779322650.169798) can0 0000E008#0CCF0CCF0CCF0CCF
(1779322650.170792) can0 0000E009#0CCF0CCF0CCF0CCF
(1779322650.171855) can0 0000E010#0000000000000000
(1779322650.172844) can0 0000E011#0000000000000000
(1779322650.173876) can0 0000E012#0CCF000000000000
(1779322650.174851) can0 0000F001#0000000000000000
(1779322650.175837) can0 18FF28F4#10320000020C0000
(1779322650.176818) can0 18FE28F4#0CCF0CCF40400000
(1779322650.177831) can0 18FD28F4#1702FA6F00000000
(1779322650.178734) can0 4D4#000032007D0C0203
(1779322650.179715) can0 4D5#CF0CCF0C40400000
(1779322650.180812) can0 18914010#0CCF010CCF030000
(1779322650.181856) can0 18904010#020C020C753001F8
(1779322650.182817) can0 18FA28F4#123EA12C10270000
(1779322650.183805) can0 18FB28F4#CF0CCF0C40400000
(1779322650.184825) can0 18FC28F4#383200000C020000
(1779322650.185806) can0 18F810F3#0C02E80332640100
(1779322650.186847) can0 18F815F3#0000000010030000
(1779322650.187735) can0 273#000000000C023200
(1779322650.188729) can0 1E1#020C271001F801F8
(1779322650.189761) can0 1F5#0000000000000000
(1779322650.190837) can0 0800A6A9#0000000000000000
(1779322650.191806) can0 1000A6A9#0C028813324A4A4A
(1779322650.192832) can0 1C00A6A9#0000000000030000
(1779322650.193844) can0 02018100#1003020C00000000
(1779322650.194841) can0 02028100#0000003264000000
(1779322650.195825) can0 02038100#0CCF01010CCF0103
(1779322650.196819) can0 02048100#4A01014A01010000
(1779322650.197723) can0 1AD#7F14000059321818
(1779322650.198714) can0 2AD#CF0C800C7F140016
(1779322650.199749) can0 3AD#0000000000007F14
(1779322650.200743) can0 4AD#EB00000000000000
(1779322650.201742) can0 76A#7F00000000000000
(1779322650.263439) can0 0000E005#1702440003B60591
(1779322650.263999) can0 1806E5F4#13B3010003B6023A
(1779322650.264831) can0 0000E000#13B313B3020C0000
(1779322650.265830) can0 0000E004#181803B603B601DF
(1779322650.266793) can0 0000E006#0CCF0CCF0CCF0CCF
(1779322650.267811) can0 0000E007#0CCF0CCF0CCF0CCF
(1779322650.268811) can0 0000E008#0CCF0CCF0CCF0CCF
(1779322650.269792) can0 0000E009#0CCF0CCF0CCF0CCF
(1779322650.270852) can0 0000E010#0000000000000000
(1779322650.271850) can0 0000E011#0000000000000000
(1779322650.272837) can0 0000E012#0CCF000000000000
(1779322650.273849) can0 0000F001#0000000000000000
(1779322650.274830) can0 18FF28F4#10320000020C0000
(1779322650.275812) can0 18FE28F4#0CCF0CCF40400000
(1779322650.276830) can0 18FD28F4#1702FA6F00000000
(1779322650.277748) can0 4D4#000032007D0C0203
(1779322650.278723) can0 4D5#CF0CCF0C40400000
(1779322650.279804) can0 18914010#0CCF010CCF030000
(1779322650.280824) can0 18904010#020C020C753001F8
(1779322650.281818) can0 18FA28F4#123EA12C10270000
(1779322650.282796) can0 18FB28F4#CF0CCF0C40400000
(1779322650.283831) can0 18FC28F4#383200000C020000
(1779322650.284819) can0 18F810F3#0C02E80332640100
(1779322650.285844) can0 18F815F3#0000000010030000
(1779322650.286728) can0 273#000000000C023200
(1779322650.287728) can0 1E1#020C271001F801F8
(1779322650.288762) can0 1F5#0000000000000000
(1779322650.289838) can0 0800A6A9#0000000000000000
(1779322650.290801) can0 1000A6A9#0C028813324A4A4A
(1779322650.291837) can0 1C00A6A9#0000000000030000
(1779322650.292832) can0 02018100#1003020C00000000
(1779322650.293831) can0 02028100#0000003264000000
(1779322650.294809) can0 02038100#0CCF01010CCF0103
(1779322650.295824) can0 02048100#4A01014A01010000
(1779322650.296711) can0 1AD#7F14000059321818
(1779322650.297723) can0 2AD#CF0C800C7F140016
(1779322650.298736) can0 3AD#0000000000007F14
(1779322650.299755) can0 4AD#EB00000000000000
(1779322650.300750) can0 76A#7F00000000000000
(1779322650.363375) can0 0000E005#1702440003B60591
(1779322650.363940) can0 1806E5F4#13B3010003B6023A
(1779322650.364812) can0 0000E000#13B313B3020C0000
(1779322650.365831) can0 0000E004#181803B603B601DF
(1779322650.366792) can0 0000E006#0CCF0CCF0CCF0CCF
(1779322650.367787) can0 0000E007#0CCF0CCF0CCF0CCF
(1779322650.368812) can0 0000E008#0CCF0CCF0CCF0CCF
(1779322650.369792) can0 0000E009#0CCF0CCF0CCF0CD0
(1779322650.370836) can0 0000E010#0000000000000000
(1779322650.371837) can0 0000E011#0000000000000000
(1779322650.372838) can0 0000E012#0CCF000100000000
(1779322650.373850) can0 0000F001#0000000000000000
(1779322650.374832) can0 18FF28F4#10320000020C0000
(1779322650.375806) can0 18FE28F4#0CD00CCF40400000
(1779322650.376831) can0 18FD28F4#1702FA6F00000000
(1779322650.377728) can0 4D4#000032007D0C0203
(1779322650.378729) can0 4D5#CF0CD00C40400000
(1779322650.379823) can0 18914010#0CD0100CCF030000
(1779322650.380825) can0 18904010#020C020C753001F8
(1779322650.381819) can0 18FA28F4#123EA12C10270000
(1779322650.382806) can0 18FB28F4#D00CCF0C40400000
(1779322650.383819) can0 18FC28F4#383200000C020000
(1779322650.384799) can0 18F810F3#0C02E80332640100
(1779322650.385832) can0 18F815F3#0000000010030000
(1779322650.386729) can0 273#000000000C023200
(1779322650.387724) can0 1E1#020C271001F801F8
(1779322650.388781) can0 1F5#0000000000000000
(1779322650.389838) can0 0800A6A9#0000000000000000
(1779322650.390794) can0 1000A6A9#0C028813324A4A4A
(1779322650.391819) can0 1C00A6A9#0000000000030000
(1779322650.392838) can0 02018100#1003020C00000000
(1779322650.393832) can0 02028100#0000003264000000
(1779322650.394813) can0 02038100#0CD001100CCF0103
(1779322650.395813) can0 02048100#4A01014A01010000
(1779322650.396749) can0 1AD#7F14000059321818
(1779322650.397724) can0 2AD#D00C800C7F140016
(1779322650.398732) can0 3AD#0000000000007F14
(1779322650.399736) can0 4AD#EB00000000000000
(1779322650.400736) can0 76A#7F00000000000000
(1779322650.463428) can0 0000E005#1702440003B60591
(1779322650.463985) can0 1806E5F4#13B3010003B6023A
(1779322650.464812) can0 0000E000#13B313B3020C0000
(1779322650.465861) can0 0000E004#181803B603B601DF
(1779322650.466791) can0 0000E006#0CCF0CCF0CCF0CCF
(1779322650.467791) can0 0000E007#0CCF0CCF0CCF0CCF
(1779322650.468791) can0 0000E008#0CCF0CCF0CCF0CCF
(1779322650.469785) can0 0000E009#0CCF0CCF0CCF0CD0
(1779322650.470849) can0 0000E010#0000000000000000
(1779322650.471827) can0 0000E011#0000000000000000
(1779322650.472831) can0 0000E012#0CCF000100000000
(1779322650.473875) can0 0000F001#0000000000000000
(1779322650.474831) can0 18FF28F4#10320000020C0000
(1779322650.475809) can0 18FE28F4#0CD00CCF40400000
(1779322650.476824) can0 18FD28F4#1702FA6F00000000
(1779322650.477728) can0 4D4#000032007D0C0203
(1779322650.478722) can0 4D5#CF0CD00C40400000
(1779322650.479818) can0 18914010#0CD0100CCF030000
(1779322650.480799) can0 18904010#020C020C753001F8
(1779322650.481862) can0 18FA28F4#123EA12C10270000
(1779322650.482798) can0 18FB28F4#D00CCF0C40400000
(1779322650.483806) can0 18FC28F4#383200000C020000
(1779322650.484812) can0 18F810F3#0C02E80332640100
(1779322650.485843) can0 18F815F3#0000000010030000
(1779322650.486729) can0 273#000000000C023200
(1779322650.487722) can0 1E1#020C271001F801F8
(1779322650.488755) can0 1F5#0000000000000000
(1779322650.489882) can0 0800A6A9#0000000000000000
(1779322650.490786) can0 1000A6A9#0C028813324A4A4A
(1779322650.491831) can0 1C00A6A9#0000000000030000
(1779322650.492832) can0 02018100#1003020C00000000
(1779322650.493825) can0 02028100#0000003264000000
(1779322650.494811) can0 02038100#0CD001100CCF0103
(1779322650.495822) can0 02048100#4A01014A01010000
(1779322650.496704) can0 1AD#7F14000059321818
(1779322650.497716) can0 2AD#D00C800C7F140016
(1779322650.498729) can0 3AD#0000000000007F14
(1779322650.499741) can0 4AD#EB00000000000000
(1779322650.500743) can0 76A#7F00000000000000
(1779322650.580431) can0 0000E005#1702440003B60591
(1779322650.580994) can0 1806E5F4#13B3010003B6023A
(1779322650.581827) can0 0000E000#13B313B3020C0000
(1779322650.582820) can0 0000E004#181803B603B601DF
(1779322650.583806) can0 0000E006#0CCF0CCF0CCF0CCF
(1779322650.584800) can0 0000E007#0CCF0CCF0CCF0CCF
(1779322650.585796) can0 0000E008#0CCF0CCF0CCF0CCF
(1779322650.586799) can0 0000E009#0CCF0CCF0CCF0CD0
(1779322650.587844) can0 0000E010#0000000000000000
(1779322650.588846) can0 0000E011#0000000000000000
(1779322650.589820) can0 0000E012#0CCF000100000000
(1779322650.590793) can0 0000E013#4542323630354C43
(1779322650.591825) can0 0000E014#3134323300000000
(1779322650.592838) can0 0000E015#0000000000000003
(1779322650.593838) can0 0000F000#0000000000000000
(1779322650.594831) can0 0000F001#0000000000000000
(1779322650.595832) can0 18FF28F4#10320000020C0000
(1779322650.596813) can0 18FE28F4#0CD00CCF40400000
(1779322650.597813) can0 18FD28F4#1702FA6F00000000
(1779322650.598730) can0 4D4#000032007D0C0203
(1779322650.599717) can0 4D5#CF0CD00C40400000
(1779322650.600807) can0 18914010#0CD0100CCF020000
(1779322650.601802) can0 18904010#020C020C753001F8
(1779322650.602819) can0 18924010#4001400100000000
(1779322650.603820) can0 18934010#0000007B0000BB2C
(1779322650.604834) can0 18944010#1003000000000000
(1779322650.605845) can0 18954010#0000000000000000
(1779322650.606851) can0 18954010#0100000000000000
(1779322650.607827) can0 18954010#0200000000000000
(1779322650.608827) can0 18954010#0300000000000000
(1779322650.609838) can0 18954010#0400000000000000
(1779322650.610827) can0 18954010#0500000000000000
(1779322650.611853) can0 18964010#0040404000000000
(1779322650.612835) can0 18974010#0000000000000000
(1779322650.613829) can0 18984010#0000000000000000
(1779322650.614815) can0 18FA28F4#123EA12C10270000
(1779322650.615799) can0 18FB28F4#D00CCF0C40400000
(1779322650.616829) can0 18FC28F4#383200000C020000
(1779322650.617807) can0 18F810F3#0C02E80332640100
(1779322650.618802) can0 18F811F3#D00C1001CF0C0201
(1779322650.619852) can0 18F812F3#4001014001010000
(1779322650.620827) can0 18F813F3#0101000000000000
(1779322650.621808) can0 18F814F3#3200EA1AA9015F00
(1779322650.622827) can0 18F815F3#0000000010030000
(1779322650.623725) can0 273#000000000C023200
(1779322650.624725) can0 1E1#020C271001F801F8
(1779322650.625750) can0 1F5#0000000000000000
(1779322650.626828) can0 0800A6A9#0000000000000000
(1779322650.627827) can0 1000A6A9#0C028813324A4A4A
(1779322650.628830) can0 1C00A6A9#0000000000030000
(1779322650.629843) can0 02018100#1003020C00000000
(1779322650.630821) can0 02028100#0000003264000000
(1779322650.631821) can0 02038100#0CD001100CCF0102
(1779322650.632821) can0 02048100#4A01014A01010000
(1779322650.633702) can0 1AD#7F14000059321818
(1779322650.634720) can0 2AD#D00C800C7F140016
(1779322650.635783) can0 3AD#0000000000007F14
(1779322650.636732) can0 4AD#EB00000000000000
(1779322650.637725) can0 76A#7F00000000000000
(1779322650.696430) can0 0000E005#1702440003B60591
(1779322650.696987) can0 1806E5F4#13B3010003B6023A
(1779322650.697820) can0 0000E000#13B313B3020C0000
(1779322650.698820) can0 0000E004#181803B603B601DF
(1779322650.699787) can0 0000E006#0CCF0CCF0CCF0CCF
(1779322650.700801) can0 0000E007#0CCF0CCF0CCF0CCF
(1779322650.701800) can0 0000E008#0CCF0CCF0CCF0CCF
(1779322650.702789) can0 0000E009#0CCF0CCF0CCF0CD0
(1779322650.703847) can0 0000E010#0000000000000000
(1779322650.704878) can0 0000E011#0000000000000000
(1779322650.705827) can0 0000E012#0CCF000100000000
(1779322650.706835) can0 0000F001#0000000000000000
(1779322650.707826) can0 18FF28F4#10320000020C0000
(1779322650.708809) can0 18FE28F4#0CD00CCF40400000
(1779322650.709821) can0 18FD28F4#1702FA6F00000000
(1779322650.710738) can0 4D4#000032007D0C0203
(1779322650.711718) can0 4D5#CF0CD00C40400000
(1779322650.712846) can0 18914010#0CD0100CCF020000
(1779322650.713814) can0 18904010#020C020C753001F8
(1779322650.714805) can0 18FA28F4#123EA12C10270000
(1779322650.715808) can0 18FB28F4#D00CCF0C40400000
(1779322650.716821) can0 18FC28F4#383200000C020000
(1779322650.717807) can0 18F810F3#0C02E80332640100
(1779322650.718835) can0 18F815F3#0000000010030000
(1779322650.719724) can0 273#000000000C023200
(1779322650.720718) can0 1E1#020C271001F801F8
(1779322650.721759) can0 1F5#0000000000000000
(1779322650.722826) can0 0800A6A9#0000000000000000
(1779322650.723795) can0 1000A6A9#0C028813324A4A4A
(1779322650.724826) can0 1C00A6A9#0000000000030000
(1779322650.725840) can0 02018100#1003020C00000000
(1779322650.726821) can0 02028100#0000003264000000
(1779322650.727821) can0 02038100#0CD001100CCF0102
(1779322650.728822) can0 02048100#4A01014A01010000
(1779322650.729699) can0 1AD#7F14000059321818
(1779322650.730710) can0 2AD#D00C800C7F140016
(1779322650.731725) can0 3AD#0000000000007F14
(1779322650.732746) can0 4AD#EB00000000000000
(1779322650.733738) can0 76A#7F00000000000000
(1779322650.796366) can0 0000E005#1702440003B60591
(1779322650.796923) can0 1806E5F4#13B3010003B6023A
(1779322650.797813) can0 0000E000#13B313B3020C0000
(1779322650.798825) can0 0000E004#181803B603B601DF
(1779322650.799787) can0 0000E006#0CCF0CCF0CCF0CCF
(1779322650.800788) can0 0000E007#0CCF0CCF0CCF0CCF
(1779322650.801787) can0 0000E008#0CCF0CCF0CCF0CCF
(1779322650.802787) can0 0000E009#0CCF0CCF0CCF0CD0
(1779322650.803825) can0 0000E010#0000000000000000
(1779322650.804834) can0 0000E011#0000000000000000
(1779322650.805813) can0 0000E012#0CCF000100000000
(1779322650.806845) can0 0000F001#0000000000000000
(1779322650.807815) can0 18FF28F4#10320000020C0000
(1779322650.808810) can0 18FE28F4#0CD00CCF40400000
(1779322650.809808) can0 18FD28F4#1702FA6F00000000
(1779322650.810723) can0 4D4#000032007D0C0203
(1779322650.811705) can0 4D5#CF0CD00C40400000
(1779322650.812802) can0 18914010#0CD0100CCF020000
(1779322650.813801) can0 18904010#020C020C753001F8
(1779322650.814815) can0 18FA28F4#123EA12C10270000
(1779322650.815794) can0 18FB28F4#D00CCF0C40400000
(1779322650.816815) can0 18FC28F4#383200000C020000
(1779322650.817795) can0 18F810F3#0C02E80332640100
(1779322650.818827) can0 18F815F3#0000000010030000
(1779322650.819725) can0 273#000000000C023200
(1779322650.820726) can0 1E1#020C271001F801F8
(1779322650.821738) can0 1F5#0000000000000000
(1779322650.822822) can0 0800A6A9#0000000000000000
(1779322650.823782) can0 1000A6A9#0C028813324A4A4A
(1779322650.824815) can0 1C00A6A9#0000000000030000
(1779322650.825834) can0 02018100#1003020C00000000
(1779322650.826828) can0 02028100#0000003264000000
(1779322650.827806) can0 02038100#0CD001100CCF0102
(1779322650.828809) can0 02048100#4A01014A01010000
(1779322650.829707) can0 1AD#7F14000059321818
(1779322650.830719) can0 2AD#D00C800C7F140016
(1779322650.831739) can0 3AD#0000000000007F14
(1779322650.832733) can0 4AD#EB00000000000000
(1779322650.833732) can0 76A#7F00000000000000
(1779322650.896424) can0 0000E005#1702440003B60591
(1779322650.896977) can0 1806E5F4#13B3010003B6023A
(1779322650.897800) can0 0000E000#13B313B3020C0000
(1779322650.898820) can0 0000E004#181803B603B601DF
(1779322650.899781) can0 0000E006#0CCF0CCF0CCF0CCF
(1779322650.900776) can0 0000E007#0CCF0CCF0CCF0CCF
(1779322650.901794) can0 0000E008#0CCF0CCF0CCF0CCF
(1779322650.902774) can0 0000E009#0CCF0CCF0CCF0CD0
(1779322650.903840) can0 0000E010#0000000000000000
(1779322650.904840) can0 0000E011#0000000000000000
(1779322650.905819) can0 0000E012#0CCF000100000000
(1779322650.906839) can0 0000F001#0000000000000000
(1779322650.907820) can0 18FF28F4#10320000020C0000
(1779322650.908796) can0 18FE28F4#0CD00CCF40400000
(1779322650.909820) can0 18FD28F4#1702FA6F00000000
(1779322650.910733) can0 4D4#000032007D0C0203
(1779322650.911731) can0 4D5#CF0CD00C40400000
(1779322650.912804) can0 18914010#0CD0100CCF010000
(1779322650.913807) can0 18904010#020C020C753001F8
(1779322650.914807) can0 18FA28F4#123EA12C10270000
(1779322650.915821) can0 18FB28F4#D00CCF0C40400000
(1779322650.916821) can0 18FC28F4#383200000C020000
(1779322650.917801) can0 18F810F3#0C02E80332640100
(1779322650.918833) can0 18F815F3#0000000010030000
(1779322650.919750) can0 273#000000000C023200
(1779322650.920713) can0 1E1#020C271001F801F8
(1779322650.921744) can0 1F5#0000000000000000
(1779322650.922821) can0 0800A6A9#0000000000000000
(1779322650.923788) can0 1000A6A9#0C028813324A4A4A
(1779322650.924815) can0 1C00A6A9#0000000000030000
(1779322650.925834) can0 02018100#1003020C00000000
(1779322650.926814) can0 02028100#0000003264000000
(1779322650.927846) can0 02038100#0CD001100CCF0101
(1779322650.928815) can0 02048100#4A01014A01010000
(1779322650.929693) can0 1AD#7F14000059321818
(1779322650.930705) can0 2AD#D00C800C7F140016
(1779322650.931719) can0 3AD#0000000000007F14
(1779322650.932728) can0 4AD#EB00000000000000
(1779322650.933732) can0 76A#7F00000000000000
(1779322650.996411) can0 0000E005#1702440003B60591
(1779322650.996986) can0 1806E5F4#13B3010003B6023A
(1779322650.997800) can0 0000E000#13B313B3020C0000
(1779322650.998819) can0 0000E004#181803B603B601DF
(1779322650.999787) can0 0000E006#0CCF0CCF0CCF0CCF
(1779322651.000788) can0 0000E007#0CCF0CCF0CCF0CCF
(1779322651.001780) can0 0000E008#0CCF0CCF0CCF0CCF
(1779322651.002780) can0 0000E009#0CCF0CCF0CCF0CD0
(1779322651.003826) can0 0000E010#0000000000000000
(1779322651.004859) can0 0000E011#0000000000000000
(1779322651.005824) can0 0000E012#0CCF000100000000
(1779322651.006838) can0 0000F001#0000000000000000
(1779322651.007819) can0 18FF28F4#10320000020C0000
(1779322651.008807) can0 18FE28F4#0CD00CCF40400000
(1779322651.009797) can0 18FD28F4#1702FA6F00000000
(1779322651.010722) can0 4D4#000032007D0C0203
(1779322651.011706) can0 4D5#CF0CD00C40400000
(1779322651.012848) can0 18914010#0CD0100CCF010000
(1779322651.013795) can0 18904010#020C020C753001F8
(1779322651.014795) can0 18FA28F4#123EA12C10270000
(1779322651.015795) can0 18FB28F4#D00CCF0C40400000
(1779322651.016809) can0 18FC28F4#383200000C020000
(1779322651.017786) can0 18F810F3#0C02E80332640100
(1779322651.018821) can0 18F815F3#0000000010030000
(1779322651.019725) can0 273#000000000C023200
(1779322651.020771) can0 1E1#020C271001F801F8
(1779322651.021733) can0 1F5#0000000000000000
(1779322651.022828) can0 0800A6A9#0000000000000000
(1779322651.023782) can0 1000A6A9#0C028813324A4A4A
(1779322651.024809) can0 1C00A6A9#0000000000030000
(1779322651.025828) can0 02018100#1003020C00000000
(1779322651.026821) can0 02028100#0000003264000000
(1779322651.027808) can0 02038100#0CD001100CCF0101
(1779322651.028803) can0 02048100#4A01014A01010000
(1779322651.029700) can0 1AD#7F14000059321818
(1779322651.030713) can0 2AD#D00C800C7F140016
(1779322651.031733) can0 3AD#0000000000007F14
(1779322651.032724) can0 4AD#EB00000000000000
(1779322651.033726) can0 76A#7F00000000000000
(1779322651.113425) can0 0000E005#1702440003B60591
(1779322651.113971) can0 1806E5F4#13B3010003B6023A
(1779322651.114808) can0 0000E000#13B313B3020C0000
(1779322651.115808) can0 0000E004#181803B603B601DF
(1779322651.116789) can0 0000E006#0CCF0CCF0CCF0CCF
(1779322651.117789) can0 0000E007#0CCF0CCF0CCF0CCF
(1779322651.118779) can0 0000E008#0CCF0CCF0CCF0CCF
(1779322651.119782) can0 0000E009#0CCF0CCF0CCF0CD0
(1779322651.120834) can0 0000E010#0000000000000000
(1779322651.121828) can0 0000E011#0000000000000000
(1779322651.122809) can0 0000E012#0CCF000100000000
(1779322651.123776) can0 0000E013#4542323630354C43
(1779322651.124809) can0 0000E014#3134323300000000
(1779322651.125821) can0 0000E015#0000000000000003
(1779322651.126840) can0 0000F000#0000000000000000
(1779322651.127834) can0 0000F001#0000000000000000
(1779322651.128824) can0 18FF28F4#10320000020C0000
(1779322651.129803) can0 18FE28F4#0CD00CCF40400000
(1779322651.130810) can0 18FD28F4#1702FA6F00000000
(1779322651.131719) can0 4D4#000032007D0C0203
(1779322651.132712) can0 4D5#CF0CD00C40400000
(1779322651.133796) can0 18914010#0CD0100CCF040000
(1779322651.134806) can0 18904010#020C020C753001F8
(1779322651.135822) can0 18924010#4001400100000000
(1779322651.136802) can0 18934010#0000007C0000BB2C
(1779322651.137822) can0 18944010#1003000000000000
(1779322651.138835) can0 18954010#0000000000000000
(1779322651.139835) can0 18954010#0100000000000000
(1779322651.140827) can0 18954010#0200000000000000
(1779322651.141829) can0 18954010#0300000000000000
(1779322651.142841) can0 18954010#0400000000000000
(1779322651.143829) can0 18954010#0500000000000000
(1779322651.144822) can0 18964010#0040404000000000
(1779322651.145821) can0 18974010#0000000000000000
(1779322651.146811) can0 18984010#0000000000000000
(1779322651.147797) can0 18FA28F4#123EA12C10270000
(1779322651.148796) can0 18FB28F4#D00CCF0C40400000
(1779322651.149810) can0 18FC28F4#383200000C020000
(1779322651.150822) can0 18F810F3#0C02E80332640100
(1779322651.151804) can0 18F811F3#D00C1001CF0C0401
(1779322651.152803) can0 18F812F3#4001014001010000
(1779322651.153830) can0 18F813F3#0101000000000000
(1779322651.154796) can0 18F814F3#3200EA1AA9015F00
(1779322651.155823) can0 18F815F3#0000000010030000
(1779322651.156728) can0 273#000000000C023200
(1779322651.157721) can0 1E1#020C271001F801F8
(1779322651.158762) can0 1F5#0000000000000000
(1779322651.159817) can0 0800A6A9#0000000000000000
(1779322651.160780) can0 1000A6A9#0C028813324A4A4A
(1779322651.161811) can0 1C00A6A9#0000000000030000
(1779322651.162824) can0 02018100#1003020C00000000
(1779322651.163824) can0 02028100#0000003264000000
(1779322651.164806) can0 02038100#0CD001100CCF0104
(1779322651.165804) can0 02048100#4A01014A01010000
(1779322651.166736) can0 1AD#7F14000059321818
(1779322651.167722) can0 2AD#D00C800C7F140016
(1779322651.168722) can0 3AD#0000000000007F14
(1779322651.169734) can0 4AD#EB00000000000000
(1779322651.170729) can0 76A#7F00000000000000
(1779322651.229366) can0 0000E005#1702440003B60591
(1779322651.229920) can0 1806E5F4#13B3010003B6023A
(1779322651.230803) can0 0000E000#13B313B3020C0000
(1779322651.231815) can0 0000E004#181803B603B601DF
(1779322651.232785) can0 0000E006#0CCF0CCF0CCF0CCF
(1779322651.233783) can0 0000E007#0CCF0CCF0CCF0CCF
(1779322651.234783) can0 0000E008#0CCF0CCF0CCF0CCF
(1779322651.235806) can0 0000E009#0CCF0CCF0CCF0CD0
(1779322651.236829) can0 0000E010#0000000000000000
(1779322651.237822) can0 0000E011#0000000000000000
(1779322651.238809) can0 0000E012#0CCF000100000000
(1779322651.239819) can0 0000F001#0000000000000000
(1779322651.240803) can0 18FF28F4#10320000020C0000
(1779322651.241802) can0 18FE28F4#0CD00CCF40400000
(1779322651.242802) can0 18FD28F4#1702FA6F00000000
(1779322651.243765) can0 4D4#000032007D0C0203
(1779322651.244701) can0 4D5#CF0CD00C40400000
(1779322651.245797) can0 18914010#0CD0100CCF040000
(1779322651.246790) can0 18904010#020C020C753001F8
(1779322651.247801) can0 18FA28F4#123EA12C10270000
(1779322651.248791) can0 18FB28F4#D00CCF0C40400000
(1779322651.249803) can0 18FC28F4#383200000C020000
(1779322651.250784) can0 18F810F3#0C02E80332640100
(1779322651.251861) can0 18F815F3#0000000010030000
(1779322651.252720) can0 273#000000000C023200
(1779322651.253721) can0 1E1#020C271001F801F8
(1779322651.254733) can0 1F5#0000000000000000
(1779322651.255810) can0 0800A6A9#0000000000000000
(1779322651.256779) can0 1000A6A9#0C028813324A4A4A
(1779322651.257810) can0 1C00A6A9#0000000000030000
(1779322651.258823) can0 02018100#1003020C00000000
(1779322651.259818) can0 02028100#0000003264000000
(1779322651.260804) can0 02038100#0CD001100CCF0104
(1779322651.261797) can0 02048100#4A01014A01010000
(1779322651.262701) can0 1AD#7F14000059321818
(1779322651.263706) can0 2AD#D00C800C7F140016
(1779322651.264728) can0 3AD#0000000000007F14
(1779322651.265721) can0 4AD#EB00000000000000
(1779322651.266721) can0 76A#7F00000000000000
(1779322651.329376) can0 0000E005#1702440003B60591
(1779322651.329937) can0 1806E5F4#13B3010003B6023A
(1779322651.330808) can0 0000E000#13B313B3020C0000
(1779322651.331823) can0 0000E004#181803B603B601DF
(1779322651.332786) can0 0000E006#0CCF0CCF0CCF0CCF
(1779322651.333788) can0 0000E007#0CCF0CCF0CCF0CCF
(1779322651.334780) can0 0000E008#0CCF0CCF0CCF0CCF
(1779322651.335774) can0 0000E009#0CCF0CCF0CCF0CD0
(1779322651.336832) can0 0000E010#0000000000000000
(1779322651.337818) can0 0000E011#0000000000000000
(1779322651.338817) can0 0000E012#0CCF000100000000
(1779322651.339829) can0 0000F001#0000000000000000
(1779322651.340816) can0 18FF28F4#10320000020C0000
(1779322651.341798) can0 18FE28F4#0CD00CCF40400000
(1779322651.342810) can0 18FD28F4#1702FA6F00000000
(1779322651.343715) can0 4D4#000032007D0C0203
(1779322651.344710) can0 4D5#CF0CD00C40400000
(1779322651.345804) can0 18914010#0CD0100CCF040000
(1779322651.346785) can0 18904010#020C020C753001F8
(1779322651.347805) can0 18FA28F4#123EA12C10270000
(1779322651.348782) can0 18FB28F4#D00CCF0C40400000
(1779322651.349798) can0 18FC28F4#383200000C020000
(1779322651.350778) can0 18F810F3#0C02E80332640100
(1779322651.351811) can0 18F815F3#0000000010030000
(1779322651.352715) can0 273#000000000C023200
(1779322651.353709) can0 1E1#020C271001F801F8
(1779322651.354728) can0 1F5#0000000000000000
(1779322651.355823) can0 0800A6A9#0000000000000000
(1779322651.356762) can0 1000A6A9#0C028813324A4A4A
(1779322651.357817) can0 1C00A6A9#0000000000030000
(1779322651.358817) can0 02018100#1003020C00000000
(1779322651.359811) can0 02028100#0000003264000000
(1779322651.360795) can0 02038100#0CD001100CCF0104
(1779322651.361792) can0 02048100#4A01014A01010000
(1779322651.362690) can0 1AD#7F14000059321818
(1779322651.363703) can0 2AD#D00C800C7F140016
(1779322651.364715) can0 3AD#0000000000007F14
(1779322651.365729) can0 4AD#EB00000000000000
(1779322651.366729) can0 76A#7F00000000000000
(1779322651.429417) can0 0000E005#1702440003B60591
(1779322651.429968) can0 1806E5F4#13B3010003B6023A
(1779322651.430806) can0 0000E000#13B313B3020C0000
(1779322651.431804) can0 0000E004#181803B603B601DF
(1779322651.432784) can0 0000E006#0CCF0CCF0CCF0CCF
(1779322651.433778) can0 0000E007#0CCF0CCF0CCF0CCF
(1779322651.434778) can0 0000E008#0CCF0CCF0CCF0CCF
(1779322651.435778) can0 0000E009#0CCF0CCF0CCF0CD0
(1779322651.436824) can0 0000E010#0000000000000000
(1779322651.437822) can0 0000E011#0000000000000000
(1779322651.438804) can0 0000E012#0CCF000100000000
(1779322651.439823) can0 0000F001#0000000000000000
(1779322651.440804) can0 18FF28F4#10320000020C0000
(1779322651.441799) can0 18FE28F4#0CD00CCF40400000
(1779322651.442816) can0 18FD28F4#1702FA6F00000000
(1779322651.443720) can0 4D4#000032007D0C0203
(1779322651.444702) can0 4D5#CF0CD00C40400000
(1779322651.445792) can0 18914010#0CD0100CCF030000
(1779322651.446791) can0 18904010#020C020C753001F8
(1779322651.447791) can0 18FA28F4#123EA12C10270000
(1779322651.448792) can0 18FB28F4#D00CCF0C40400000
(1779322651.449804) can0 18FC28F4#383200000C020000
(1779322651.450803) can0 18F810F3#0C02E80332640100
(1779322651.451816) can0 18F815F3#0000000010030000
(1779322651.452719) can0 273#000000000C023200
(1779322651.453715) can0 1E1#020C271001F801F8
(1779322651.454733) can0 1F5#0000000000000000
(1779322651.455810) can0 0800A6A9#0000000000000000
(1779322651.456777) can0 1000A6A9#0C028813324A4A4A
(1779322651.457803) can0 1C00A6A9#0000000000030000
(1779322651.458855) can0 02018100#1003020C00000000
(1779322651.459823) can0 02028100#0000003264000000
(1779322651.460805) can0 02038100#0CD001100CCF0103
(1779322651.461799) can0 02048100#4A01014A01010000
(1779322651.462703) can0 1AD#7F14000059321818
(1779322651.463716) can0 2AD#D00C800C7F140016
(1779322651.464729) can0 3AD#0000000000007F14
(1779322651.465716) can0 4AD#EB00000000000000
(1779322651.466753) can0 76A#7F00000000000000
(1779322651.529368) can0 0000E005#1702440003B60591
(1779322651.529940) can0 1806E5F4#13B3010003B6023A
(1779322651.530801) can0 0000E000#13B313B3020C0000
(1779322651.531817) can0 0000E004#181803B603B601DF
(1779322651.532779) can0 0000E006#0CCF0CCF0CCF0CCF
(1779322651.533778) can0 0000E007#0CCF0CCF0CCF0CCF
(1779322651.534778) can0 0000E008#0CCF0CCF0CCF0CCF
(1779322651.535809) can0 0000E009#0CCF0CCF0CCF0CD0
(1779322651.536822) can0 0000E010#0000000000000000
(1779322651.537822) can0 0000E011#0000000000000000
(1779322651.538798) can0 0000E012#0CCF000100000000
(1779322651.539815) can0 0000F001#0000000000000000
(1779322651.540798) can0 18FF28F4#10320000020C0000
(1779322651.541797) can0 18FE28F4#0CD00CCF40400000
(1779322651.542794) can0 18FD28F4#1702FA6F00000000
(1779322651.543746) can0 4D4#000032007D0C0203
(1779322651.544695) can0 4D5#CF0CD00C40400000
(1779322651.545791) can0 18914010#0CD0100CCF030000
(1779322651.546791) can0 18904010#020C020C753001F8
(1779322651.547791) can0 18FA28F4#123EA12C10270000
(1779322651.548791) can0 18FB28F4#D00CCF0C40400000
(1779322651.549804) can0 18FC28F4#383200000C020000
(1779322651.550782) can0 18F810F3#0C02E80332640100
(1779322651.551861) can0 18F815F3#0000000010030000
(1779322651.552714) can0 273#000000000C023200
(1779322651.553715) can0 1E1#020C271001F801F8
(1779322651.554722) can0 1F5#0000000000000000
(1779322651.555810) can0 0800A6A9#0000000000000000
(1779322651.556778) can0 1000A6A9#0C028813324A4A4A
(1779322651.557804) can0 1C00A6A9#0000000000030000
(1779322651.558823) can0 02018100#1003020C00000000
(1779322651.559817) can0 02028100#0000003264000000
(1779322651.560798) can0 02038100#0CD001100CCF0103
(1779322651.561798) can0 02048100#4A01014A01010000
(1779322651.562692) can0 1AD#7F14000059321818
(1779322651.563709) can0 2AD#D00C800C7F140016
(1779322651.564710) can0 3AD#0000000000007F14
(1779322651.565722) can0 4AD#EB00000000000000
(1779322651.566717) can0 76A#7F00000000000000
(1779322651.646371) can0 0000E005#1702440003B60591
(1779322651.646926) can0 1806E5F4#13B3010003B6023A
(1779322651.647793) can0 0000E000#13B313B3020C0000
(1779322651.648804) can0 0000E004#181803B603B601DF
(1779322651.649771) can0 0000E006#0CCF0CCF0CCF0CCF
(1779322651.650771) can0 0000E007#0CCF0CCF0CCF0CCF
(1779322651.651771) can0 0000E008#0CCF0CCF0CCF0CCF
(1779322651.652766) can0 0000E009#0CCF0CCF0CCF0CD0
(1779322651.653830) can0 0000E010#0000000000000000
(1779322651.654810) can0 0000E011#0000000000000000
(1779322651.655810) can0 0000E012#0CCF000100000000
(1779322651.656773) can0 0000E013#4542323630354C43
(1779322651.657792) can0 0000E014#3134323300000000
(1779322651.658823) can0 0000E015#0000000000000003
(1779322651.659824) can0 0000F000#0000000000000000
(1779322651.660824) can0 0000F001#0000000000000000
(1779322651.661804) can0 18FF28F4#10320000020C0000
(1779322651.662785) can0 18FE28F4#0CD00CCF40400000
(1779322651.663798) can0 18FD28F4#1702FA6F00000000
(1779322651.664698) can0 4D4#000032007D0C0203
(1779322651.665696) can0 4D5#CF0CD00C40400000
(1779322651.666791) can0 18914010#0CD0100CCF020000
(1779322651.667779) can0 18904010#020C020C753001F8
(1779322651.668802) can0 18924010#4001400100000000
(1779322651.669791) can0 18934010#0000007D0000BB2C
(1779322651.670804) can0 18944010#1003000000000000
(1779322651.671818) can0 18954010#0000000000000000
(1779322651.672819) can0 18954010#0100000000000000
(1779322651.673831) can0 18954010#0200000000000000
(1779322651.674818) can0 18954010#0300000000000000
(1779322651.675812) can0 18954010#0400000000000000
(1779322651.676812) can0 18954010#0500000000000000
(1779322651.677812) can0 18964010#0040404000000000
(1779322651.678805) can0 18974010#0000000000000000
(1779322651.679799) can0 18984010#0000000000000000
(1779322651.680787) can0 18FA28F4#123EA12C10270000
(1779322651.681799) can0 18FB28F4#D00CCF0C40400000
(1779322651.682792) can0 18FC28F4#383200000C020000
(1779322651.683774) can0 18F810F3#0C02E80332640100
(1779322651.684788) can0 18F811F3#D00C1001CF0C0201
(1779322651.685786) can0 18F812F3#4001014001010000
(1779322651.686818) can0 18F813F3#0101000000000000
(1779322651.687777) can0 18F814F3#3200EA1AA9015F00
(1779322651.688813) can0 18F815F3#0000000010030000
(1779322651.689742) can0 273#000000000C023200
(1779322651.690710) can0 1E1#020C271001F801F8
(1779322651.691718) can0 1F5#0000000000000000
(1779322651.692800) can0 0800A6A9#0000000000000000
(1779322651.693767) can0 1000A6A9#0C028813324A4A4A
(1779322651.694793) can0 1C00A6A9#0000000000030000
(1779322651.695812) can0 02018100#1003020C00000000
(1779322651.696807) can0 02028100#0000003264000000
(1779322651.697826) can0 02038100#0CD001100CCF0102
(1779322651.698787) can0 02048100#4A01014A01010000
(1779322651.699685) can0 1AD#7F14000059321818
(1779322651.700705) can0 2AD#D00C800C7F140016
(1779322651.701704) can0 3AD#0000000000007F14
(1779322651.702717) can0 4AD#EB00000000000000
(1779322651.703708) can0 76A#7F00000000000000
(1779322651.762369) can0 0000E005#1702440003B60591
(1779322651.762905) can0 1806E5F4#13B3010003B6023A
(1779322651.763786) can0 0000E000#13B313B3020C0000
(1779322651.764806) can0 0000E004#181803B603B601DF
(1779322651.765766) can0 0000E006#0CCF0CCF0CCF0CCF
(1779322651.766798) can0 0000E007#0CCF0CCF0CCF0CCF
(1779322651.767766) can0 0000E008#0CCF0CCF0CCF0CCF
(1779322651.768759) can0 0000E009#0CCF0CCF0CCF0CD0
(1779322651.769811) can0 0000E010#0000000000000000
(1779322651.770811) can0 0000E011#0000000000000000
(1779322651.771805) can0 0000E012#0CCF000100000000
(1779322651.772816) can0 0000F001#0000000000000000
(1779322651.773805) can0 18FF28F4#10320000020C0000
(1779322651.774818) can0 18FE28F4#0CD00CCF40400000
(1779322651.775799) can0 18FD28F4#1702FA6F00000000
(1779322651.776704) can0 4D4#000032007D0C0203
(1779322651.777703) can0 4D5#CF0CD00C40400000
(1779322651.778780) can0 18914010#0CD0100CCF020000
(1779322651.779780) can0 18904010#020C020C753001F8
(1779322651.780791) can0 18FA28F4#123EA12C10270000
(1779322651.781774) can0 18FB28F4#D00CCF0C40400000
(1779322651.782837) can0 18FC28F4#383200000C020000
(1779322651.783774) can0 18F810F3#0C02E80332640100
(1779322651.784799) can0 18F815F3#0000000010030000
(1779322651.785704) can0 273#000000000C023200
(1779322651.786704) can0 1E1#020C271001F801F8
(1779322651.787716) can0 1F5#0000000000000000
(1779322651.788813) can0 0800A6A9#0000000000000000
(1779322651.789761) can0 1000A6A9#0C028813324A4A4A
(1779322651.790794) can0 1C00A6A9#0000000000030000
(1779322651.791806) can0 02018100#1003020C00000000
(1779322651.792799) can0 02028100#0000003264000000
(1779322651.793788) can0 02038100#0CD001100CCF0102
(1779322651.794787) can0 02048100#4A01014A01010000
(1779322651.795686) can0 1AD#7F14000059321818
(1779322651.796695) can0 2AD#D00C800C7F140016
(1779322651.797711) can0 3AD#0000000000007F14
(1779322651.798711) can0 4AD#EB00000000000000
(1779322651.799724) can0 76A#7F00000000000000
(1779322651.862419) can0 0000E005#1702440003B60591
(1779322651.862969) can0 1806E5F4#13B3010003B6023A
(1779322651.863798) can0 0000E000#13B313B3020C0000
(1779322651.864796) can0 0000E004#181803B603B601DF
(1779322651.865774) can0 0000E006#0CCF0CCF0CCF0CCF
(1779322651.866774) can0 0000E007#0CCF0CCF0CCF0CCF
(1779322651.867773) can0 0000E008#0CCF0CCF0CCF0CCF
(1779322651.868774) can0 0000E009#0CCF0CCF0CCF0CD0
(1779322651.869810) can0 0000E010#0000000000000000
(1779322651.870818) can0 0000E011#0000000000000000
(1779322651.871798) can0 0000E012#0CCF000100000000
(1779322651.872812) can0 0000F001#0000000000000000
(1779322651.873792) can0 18FF28F4#10320000020C0000
(1779322651.874793) can0 18FE28F4#0CD00CCF40400000
(1779322651.875793) can0 18FD28F4#1702FA6F00000000
(1779322651.876710) can0 4D4#000032007D0C0203
(1779322651.877689) can0 4D5#CF0CD00C40400000
(1779322651.878787) can0 18914010#0CD0100CCF020000
(1779322651.879786) can0 18904010#020C020C753001F8
(1779322651.880781) can0 18FA28F4#123EA12C10270000
(1779322651.881777) can0 18FB28F4#D00CCF0C40400000
(1779322651.882793) can0 18FC28F4#383200000C020000
(1779322651.883780) can0 18F810F3#0C02E80332640100
(1779322651.884806) can0 18F815F3#0000000010030000
(1779322651.885710) can0 273#000000000C023200
(1779322651.886710) can0 1E1#020C271001F801F8
(1779322651.887723) can0 1F5#0000000000000000
(1779322651.888801) can0 0800A6A9#0000000000000000
(1779322651.889767) can0 1000A6A9#0C028813324A4A4A
(1779322651.890800) can0 1C00A6A9#0000000000030000
(1779322651.891813) can0 02018100#1003020C00000000
(1779322651.892813) can0 02028100#0000003264000000
(1779322651.893789) can0 02038100#0CD001100CCF0102
(1779322651.894788) can0 02048100#4A01014A01010000
(1779322651.895692) can0 1AD#7F14000059321818
(1779322651.896705) can0 2AD#D00C800C7F140016
(1779322651.897718) can0 3AD#0000000000007F14
(1779322651.898710) can0 4AD#EB00000000000000
(1779322651.899710) can0 76A#7F00000000000000
(1779322651.962364) can0 0000E005#1702440003B60591
(1779322651.962915) can0 1806E5F4#13B3010003B6023A
(1779322651.963787) can0 0000E000#13B313B3020C0000
(1779322651.964800) can0 0000E004#181803B603B601DF
(1779322651.965766) can0 0000E006#0CCF0CCF0CCF0CCF
(1779322651.966759) can0 0000E007#0CCF0CCF0CCF0CCF
(1779322651.967767) can0 0000E008#0CCF0CCF0CCF0CCF
(1779322651.968761) can0 0000E009#0CCF0CCF0CCF0CD0
(1779322651.969811) can0 0000E010#0000000000000000
(1779322651.970805) can0 0000E011#0000000000000000
(1779322651.971805) can0 0000E012#0CCF000100000000
(1779322651.972818) can0 0000F001#0000000000000000
(1779322651.973805) can0 18FF28F4#10320000020C0000
(1779322651.974780) can0 18FE28F4#0CD00CCF40400000
(1779322651.975799) can0 18FD28F4#1702FA6F00000000
(1779322651.976703) can0 4D4#000032007D0C0203
(1779322651.977696) can0 4D5#CF0CD00C40400000
(1779322651.978772) can0 18914010#0CD0100CCF030000
(1779322651.979780) can0 18904010#020C020C753001F8
(1779322651.980793) can0 18FA28F4#123EA12C10270000
(1779322651.981793) can0 18FB28F4#D00CCF0C40400000
(1779322651.982787) can0 18FC28F4#383200000C020000
(1779322651.983767) can0 18F810F3#0C02E80332640100
(1779322651.984800) can0 18F815F3#0000000010030000
(1779322651.985703) can0 273#000000000C023200
(1779322651.986696) can0 1E1#020C271001F801F8
(1779322651.987716) can0 1F5#0000000000000000
(1779322651.988814) can0 0800A6A9#0000000000000000
(1779322651.989794) can0 1000A6A9#0C028813324A4A4A
(1779322651.990791) can0 1C00A6A9#0000000000030000
(1779322651.991806) can0 02018100#1003020C00000000
(1779322651.992806) can0 02028100#0000003264000000
(1779322651.993787) can0 02038100#0CD001100CCF0103
(1779322651.994780) can0 02048100#4A01014A01010000
(1779322651.995685) can0 1AD#7F14000059321818
(1779322651.996698) can0 2AD#D00C800C7F140016
(1779322651.997743) can0 3AD#0000000000007F14
(1779322651.998704) can0 4AD#EB00000000000000
(1779322651.999717) can0 76A#7F00000000000000
(1779322652.062362) can0 0000E005#1702440003B60591
(1779322652.062911) can0 1806E5F4#13B3010003B6023A
(1779322652.063778) can0 0000E000#13B313B3020C0000
(1779322652.064791) can0 0000E004#181803B603B601DF
(1779322652.065760) can0 0000E006#0CCF0CCF0CCF0CCF
(1779322652.066792) can0 0000E007#0CCF0CCF0CCF0CCF
(1779322652.067773) can0 0000E008#0CCF0CCF0CCF0CCF
(1779322652.068753) can0 0000E009#0CCF0CCF0CCF0CD0
(1779322652.069819) can0 0000E010#0000000000000000
(1779322652.070818) can0 0000E011#0000000000000000
(1779322652.071793) can0 0000E012#0CCF000100000000
(1779322652.072813) can0 0000F001#0000000000000000
(1779322652.073799) can0 18FF28F4#10320000020C0000
(1779322652.074812) can0 18FE28F4#0CD00CCF40400000
(1779322652.075789) can0 18FD28F4#1702FA6F00000000
(1779322652.076710) can0 4D4#000032007D0C0203
(1779322652.077690) can0 4D5#CF0CD00C40400000
(1779322652.078787) can0 18914010#0CD0100CCF030000
(1779322652.079786) can0 18904010#020C020C753001F8
(1779322652.080787) can0 18FA28F4#123EA12C10270000
(1779322652.081780) can0 18FB28F4#D00CCF0C40400000
(1779322652.082832) can0 18FC28F4#383200000C020000
(1779322652.083778) can0 18F810F3#0C02E80332640100
(1779322652.084812) can0 18F815F3#0000000010030000
(1779322652.085710) can0 273#000000000C023200
(1779322652.086690) can0 1E1#020C271001F801F8
(1779322652.087718) can0 1F5#0000000000000000
(1779322652.088800) can0 0800A6A9#0000000000000000
(1779322652.089768) can0 1000A6A9#0C028813324A4A4A
(1779322652.090851) can0 1C00A6A9#0000000000030000
(1779322652.091813) can0 02018100#1003020C00000000
(1779322652.092794) can0 02028100#0000003264000000
(1779322652.093794) can0 02038100#0CD001100CCF0103
(1779322652.094787) can0 02048100#4A01014A01010000
(1779322652.095673) can0 1AD#7F14000059321818
(1779322652.096686) can0 2AD#D00C800C7F140016
(1779322652.097698) can0 3AD#0000000000007F14
(1779322652.098711) can0 4AD#EB00000000000000
(1779322652.099706) can0 76A#7F00000000000000
(1779322652.179373) can0 0000E005#1702440003B60591
(1779322652.179907) can0 1806E5F4#13B3010003B6023A
(1779322652.180789) can0 0000E000#13B313B3020C0000
(1779322652.181788) can0 0000E004#181803B603B601DF
(1779322652.182767) can0 0000E006#0CCF0CCF0CCF0CCF
(1779322652.183768) can0 0000E007#0CCF0CCF0CCF0CCF
(1779322652.184769) can0 0000E008#0CCF0CCF0CCF0CCF
(1779322652.185762) can0 0000E009#0CCF0CCF0CCF0CD0
(1779322652.186812) can0 0000E010#0000000000000000
(1779322652.187812) can0 0000E011#0000000000000000
(1779322652.188794) can0 0000E012#0CCF000100000000
(1779322652.189755) can0 0000E013#4542323630354C43
(1779322652.190787) can0 0000E014#3134323300000000
(1779322652.191806) can0 0000E015#0000000000000003
(1779322652.192820) can0 0000F000#0000000000000000
(1779322652.193800) can0 0000F001#0000000000000000
(1779322652.194781) can0 18FF28F4#10320000020C0000
(1779322652.195781) can0 18FE28F4#0CD00CCF40400000
(1779322652.196794) can0 18FD28F4#1702FA6F00000000
(1779322652.197695) can0 4D4#000032007D0C0203
(1779322652.198680) can0 4D5#CF0CD00C40400000
(1779322652.199774) can0 18914010#0CD0100CCF020000
(1779322652.200775) can0 18904010#020C020C753001F8
(1779322652.201781) can0 18924010#4001400100000000
(1779322652.202788) can0 18934010#0000007E0000BB2C
(1779322652.203801) can0 18944010#1003000000000000
(1779322652.204833) can0 18954010#0000000000000000
(1779322652.205814) can0 18954010#0100000000000000
(1779322652.206813) can0 18954010#0200000000000000
(1779322652.207807) can0 18954010#0300000000000000
(1779322652.208808) can0 18954010#0400000000000000
(1779322652.209786) can0 18954010#0500000000000000
(1779322652.210807) can0 18964010#0040404000000000
(1779322652.211801) can0 18974010#0000000000000000
(1779322652.212814) can0 18984010#0000000000000000
(1779322652.213772) can0 18FA28F4#123EA12C10270000
(1779322652.214776) can0 18FB28F4#D00CCF0C40400000
(1779322652.215789) can0 18FC28F4#383200000C020000
(1779322652.216770) can0 18F810F3#0C02E80332640100
(1779322652.217769) can0 18F811F3#D00C1001CF0C0201
(1779322652.218782) can0 18F812F3#4001014001010000
(1779322652.219796) can0 18F813F3#0101000000000000
(1779322652.220808) can0 18F814F3#3200EA1AA9015F00
(1779322652.221803) can0 18F815F3#0000000010030000
(1779322652.222705) can0 273#000000000C023200
(1779322652.223692) can0 1E1#020C271001F801F8
(1779322652.224717) can0 1F5#0000000000000000
(1779322652.225792) can0 0800A6A9#0000000000000000
(1779322652.226758) can0 1000A6A9#0C028813324A4A4A
(1779322652.227791) can0 1C00A6A9#0000000000030000
(1779322652.228842) can0 02018100#1003020C00000000
(1779322652.229803) can0 02028100#0000003264000000
(1779322652.230783) can0 02038100#0CD001100CCF0102
(1779322652.231784) can0 02048100#4A01014A01010000
(1779322652.232689) can0 1AD#7F14000059321818
(1779322652.233681) can0 2AD#D00C800C7F140016
(1779322652.234701) can0 3AD#0000000000007F14
(1779322652.235713) can0 4AD#EB00000000000000
(1779322652.236746) can0 76A#7F00000000000000
(1779322652.295396) can0 0000E005#1702440003B60591
(1779322652.295960) can0 1806E5F4#13B3010003B6023A
(1779322652.296782) can0 0000E000#13B313B3020C0000
(1779322652.297813) can0 0000E004#181803B603B601DF
(1779322652.298762) can0 0000E006#0CCF0CCF0CCF0CCF
(1779322652.299756) can0 0000E007#0CCF0CCF0CCF0CCF
(1779322652.300756) can0 0000E008#0CCF0CCF0CCF0CCF
(1779322652.301756) can0 0000E009#0CCF0CCF0CCF0CD0
(1779322652.302801) can0 0000E010#0000000000000000
(1779322652.303801) can0 0000E011#0000000000000000
(1779322652.304800) can0 0000E012#0CCF000100000000
(1779322652.305846) can0 0000F001#0000000000000000
(1779322652.306795) can0 18FF28F4#10320000020C0000
(1779322652.307776) can0 18FE28F4#0CD00CCF40400000
(1779322652.308795) can0 18FD28F4#1702FA6F00000000
(1779322652.309692) can0 4D4#000032007D0C0203
(1779322652.310692) can0 4D5#CF0CD00C40400000
(1779322652.311769) can0 18914010#0CD0100CCF020000
(1779322652.312770) can0 18904010#020C020C753001F8
(1779322652.313809) can0 18FA28F4#123EA12C10270000
(1779322652.314762) can0 18FB28F4#D00CCF0C40400000
(1779322652.315782) can0 18FC28F4#383200000C020000
(1779322652.316764) can0 18F810F3#0C02E80332640100
(1779322652.317785) can0 18F815F3#0000000010030000
(1779322652.318693) can0 273#000000000C023200
(1779322652.319693) can0 1E1#020C271001F801F8
(1779322652.320707) can0 1F5#0000000000000000
(1779322652.321801) can0 0800A6A9#0000000000000000
(1779322652.322751) can0 1000A6A9#0C028813324A4A4A
(1779322652.323782) can0 1C00A6A9#0000000000030000
(1779322652.324801) can0 02018100#1003020C00000000
(1779322652.325790) can0 02028100#0000003264000000
(1779322652.326779) can0 02038100#0CD001100CCF0102
(1779322652.327790) can0 02048100#4A01014A01010000
(1779322652.328676) can0 1AD#7F14000059321818
(1779322652.329683) can0 2AD#D00C800C7F140016
(1779322652.330700) can0 3AD#0000000000007F14
(1779322652.331713) can0 4AD#EB00000000000000
(1779322652.332708) can0 76A#7F00000000000000
(1779322652.395379) can0 0000E005#1702440003B60591
(1779322652.395936) can0 1806E5F4#13B3010003B6023A
(1779322652.396775) can0 0000E000#13B313B3020C0000
(1779322652.397788) can0 0000E004#181803B603B601DF
(1779322652.398754) can0 0000E006#0CCF0CCF0CCF0CCF
(1779322652.399756) can0 0000E007#0CCF0CCF0CCF0CCF
(1779322652.400749) can0 0000E008#0CCF0CCF0CCF0CCF
(1779322652.401749) can0 0000E009#0CCF0CCF0CCF0CD0
(1779322652.402807) can0 0000E010#0000000000000000
(1779322652.403813) can0 0000E011#0000000000000000
(1779322652.404795) can0 0000E012#0CCF000100000000
(1779322652.405807) can0 0000F001#0000000000000000
(1779322652.406788) can0 18FF28F4#10320000020C0000
(1779322652.407769) can0 18FE28F4#0CD00CCF40400000
(1779322652.408789) can0 18FD28F4#1702FA6F00000000
(1779322652.409705) can0 4D4#000032007D0C0203
(1779322652.410678) can0 4D5#CF0CD00C40400000
(1779322652.411783) can0 18914010#0CD0100CCF020000
(1779322652.412777) can0 18904010#020C020C753001F8
(1779322652.413775) can0 18FA28F4#123EA12C10270000
(1779322652.414772) can0 18FB28F4#D00CCF0C40400000
(1779322652.415788) can0 18FC28F4#383200000C020000
(1779322652.416771) can0 18F810F3#0C02E80332640100
(1779322652.417801) can0 18F815F3#0000000010030000
(1779322652.418706) can0 273#000000000C023200
(1779322652.419687) can0 1E1#020C271001F801F8
(1779322652.420711) can0 1F5#0000000000000000
(1779322652.421795) can0 0800A6A9#0000000000000000
(1779322652.422755) can0 1000A6A9#0C028813324A4A4A
(1779322652.423789) can0 1C00A6A9#0000000000030000
(1779322652.424803) can0 02018100#1003020C00000000
(1779322652.425806) can0 02028100#0000003264000000
(1779322652.426780) can0 02038100#0CD001100CCF0102
(1779322652.427784) can0 02048100#4A01014A01010000
(1779322652.428681) can0 1AD#7F14000059321818
(1779322652.429695) can0 2AD#D00C800C7F140016
(1779322652.430707) can0 3AD#0000000000007F14
(1779322652.431700) can0 4AD#EB00000000000000
(1779322652.432701) can0 76A#7F00000000000000
(1779322652.495385) can0 0000E005#1702440003B60591
(1779322652.495893) can0 1806E5F4#13B3010003B6023A
(1779322652.496781) can0 0000E000#13B313B3020C0000
(1779322652.497781) can0 0000E004#181803B603B601DF
(1779322652.498762) can0 0000E006#0CCF0CCF0CCF0CCF
(1779322652.499755) can0 0000E007#0CCF0CCF0CCF0CCF
(1779322652.500763) can0 0000E008#0CCF0CCF0CCF0CCF
(1779322652.501762) can0 0000E009#0CCF0CCF0CCF0CD0
(1779322652.502807) can0 0000E010#0000000000000000
(1779322652.503807) can0 0000E011#0000000000000000
(1779322652.504789) can0 0000E012#0CCF000100000000
(1779322652.505801) can0 0000F001#0000000000000000
(1779322652.506782) can0 18FF28F4#10320000020C0000
(1779322652.507776) can0 18FE28F4#0CD00CCF40400000
(1779322652.508783) can0 18FD28F4#1702FA6F00000000
(1779322652.509698) can0 4D4#000032007D0C0203
(1779322652.510679) can0 4D5#CF0CD00C40400000
(1779322652.511776) can0 18914010#0CD0100CCF050000
(1779322652.512776) can0 18904010#020C020C753001F8
(1779322652.513776) can0 18FA28F4#123EA12C10270000
(1779322652.514769) can0 18FB28F4#D00CCF0C40400000
(1779322652.515789) can0 18FC28F4#383200000C020000
(1779322652.516771) can0 18F810F3#0C02E80332640100
(1779322652.517805) can0 18F815F3#0000000010030000
(1779322652.518701) can0 273#000000000C023200
(1779322652.519679) can0 1E1#020C271001F801F8
(1779322652.520734) can0 1F5#0000000000000000
(1779322652.521796) can0 0800A6A9#0000000000000000
(1779322652.522757) can0 1000A6A9#0C028813324A4A4A
(1779322652.523787) can0 1C00A6A9#0000000000030000
(1779322652.524807) can0 02018100#1003020C00000000
(1779322652.525791) can0 02028100#0000003264000000
(1779322652.526797) can0 02038100#0CD001100CCF0105
(1779322652.527785) can0 02048100#4A01014A01010000
(1779322652.528701) can0 1AD#7F14000059321818
(1779322652.529682) can0 2AD#D00C800C7F140016
(1779322652.530695) can0 3AD#0000000000007F14
(1779322652.531701) can0 4AD#EB00000000000000
(1779322652.532701) can0 76A#7F00000000000000
(1779322652.595391) can0 0000E005#1702440003B60591
(1779322652.595943) can0 1806E5F4#13B3010003B6023A
(1779322652.596775) can0 0000E000#13B313B3020C0000
(1779322652.597807) can0 0000E004#181803B603B601DF
(1779322652.598756) can0 0000E006#0CCF0CCF0CCF0CCF
(1779322652.599756) can0 0000E007#0CCF0CCF0CCF0CCF
(1779322652.600757) can0 0000E008#0CCF0CCF0CCF0CCF
(1779322652.601749) can0 0000E009#0CCF0CCF0CCF0CD0
(1779322652.602800) can0 0000E010#0000000000000000
(1779322652.603795) can0 0000E011#0000000000000000
(1779322652.604775) can0 0000E012#0CCF000100000000
(1779322652.605826) can0 0000F001#0000000000000000
(1779322652.606776) can0 18FF28F4#10320000020C0000
(1779322652.607776) can0 18FE28F4#0CD00CCF40400000
(1779322652.608771) can0 18FD28F4#1702FA6F00000000
(1779322652.609692) can0 4D4#000032007D0C0203
(1779322652.610674) can0 4D5#CF0CD00C40400000
(1779322652.611769) can0 18914010#0CD0100CCF050000
(1779322652.612770) can0 18904010#020C020C753001F8
(1779322652.613814) can0 18FA28F4#123EA12C10270000
(1779322652.614763) can0 18FB28F4#D00CCF0C40400000
(1779322652.615776) can0 18FC28F4#383200000C020000
(1779322652.616760) can0 18F810F3#0C02E80332640100
(1779322652.617788) can0 18F815F3#0000000010030000
(1779322652.618693) can0 273#000000000C023200
(1779322652.619693) can0 1E1#020C271001F801F8
(1779322652.620700) can0 1F5#0000000000000000
(1779322652.621834) can0 0800A6A9#0000000000000000
(1779322652.622751) can0 1000A6A9#0C028813324A4A4A
(1779322652.623782) can0 1C00A6A9#0000000000030000
(1779322652.624797) can0 02018100#1003020C00000000
(1779322652.625796) can0 02028100#0000003264000000
(1779322652.626776) can0 02038100#0CD001100CCF0105
(1779322652.627777) can0 02048100#4A01014A01010000
(1779322652.628670) can0 1AD#7F14000059321818
(1779322652.629689) can0 2AD#D00C800C7F140016
(1779322652.630701) can0 3AD#0000000000007F14
(1779322652.631702) can0 4AD#EB00000000000000
(1779322652.632687) can0 76A#7F00000000000000
(1779322652.712398) can0 0000E005#1702440003B60591
(1779322652.712943) can0 1806E5F4#13B3010003B6023A
(1779322652.713782) can0 0000E000#13B313B3020C0000
(1779322652.714776) can0 0000E004#181803B603B601DF
(1779322652.715743) can0 0000E006#0CCF0CCF0CCF0CCF
(1779322652.716757) can0 0000E007#0CCF0CCF0CCF0CCF
(1779322652.717757) can0 0000E008#0CCF0CCF0CCF0CCF
(1779322652.718734) can0 0000E009#0CCF0CCF0CCF0CD0
(1779322652.719801) can0 0000E010#0000000000000000
(1779322652.720802) can0 0000E011#0000000000000000
(1779322652.721782) can0 0000E012#0CCF000100000000
(1779322652.722743) can0 0000E013#4542323630354C43
(1779322652.723783) can0 0000E014#3134323300000000
(1779322652.724797) can0 0000E015#0000000000000003
(1779322652.725795) can0 0000F000#0000000000000000
(1779322652.726795) can0 0000F001#0000000000000000
(1779322652.727777) can0 18FF28F4#10320000020C0000
(1779322652.728784) can0 18FE28F4#0CD00CCF40400000
(1779322652.729775) can0 18FD28F4#1702FA6F00000000
(1779322652.730684) can0 4D4#000032007D0C0203
(1779322652.731675) can0 4D5#CF0CD00C40400000
(1779322652.732772) can0 18914010#0CD0100CCF020000
(1779322652.733765) can0 18904010#020C020C753001F8
(1779322652.734778) can0 18924010#4001400100000000
(1779322652.735778) can0 18934010#0000007F0000BB2C
(1779322652.736779) can0 18944010#1003000000000000
(1779322652.737811) can0 18954010#0000000000000000
(1779322652.738810) can0 18954010#0100000000000000
(1779322652.739791) can0 18954010#0200000000000000
(1779322652.740792) can0 18954010#0300000000000000
(1779322652.741784) can0 18954010#0400000000000000
(1779322652.742783) can0 18954010#0500000000000000
(1779322652.743797) can0 18964010#0040404000000000
(1779322652.744798) can0 18974010#0000000000000000
(1779322652.745791) can0 18984010#0000000000000000
(1779322652.746753) can0 18FA28F4#123EA12C10270000
(1779322652.747753) can0 18FB28F4#D00CCF0C40400000
(1779322652.748766) can0 18FC28F4#383200000C020000
(1779322652.749766) can0 18F810F3#0C02E80332640100
(1779322652.750765) can0 18F811F3#D00C1001CF0C0201
(1779322652.751791) can0 18F812F3#4001014001010000
(1779322652.752792) can0 18F813F3#0101000000000000
(1779322652.753774) can0 18F814F3#3200EA1AA9015F00
(1779322652.754776) can0 18F815F3#0000000010030000
(1779322652.755684) can0 273#000000000C023200
(1779322652.756684) can0 1E1#020C271001F801F8
(1779322652.757709) can0 1F5#0000000000000000
(1779322652.758787) can0 0800A6A9#0000000000000000
(1779322652.759786) can0 1000A6A9#0C028813324A4A4A
(1779322652.760786) can0 1C00A6A9#0000000000030000
(1779322652.761785) can0 02018100#1003020C00000000
(1779322652.762785) can0 02028100#0000003264000000
(1779322652.763767) can0 02038100#0CD001100CCF0102
(1779322652.764767) can0 02048100#4A01014A01010000
(1779322652.765664) can0 1AD#7F14000059321818
(1779322652.766677) can0 2AD#D00C800C7F140016
(1779322652.767728) can0 3AD#0000000000007F14
(1779322652.768689) can0 4AD#EB00000000000000
(1779322652.769690) can0 76A#7F00000000000000
(1779322652.828407) can0 0000E005#1702440003B60591
(1779322652.828947) can0 1806E5F4#13B3010003B6023A
(1779322652.829779) can0 0000E000#13B313B3020C0000
(1779322652.830777) can0 0000E004#181803B603B601DF
(1779322652.831758) can0 0000E006#0CCF0CCF0CCF0CCF
(1779322652.832759) can0 0000E007#0CCF0CCF0CCF0CCF
(1779322652.833758) can0 0000E008#0CCF0CCF0CCF0CCF
(1779322652.834751) can0 0000E009#0CCF0CCF0CCF0CD0
(1779322652.835797) can0 0000E010#0000000000000000
(1779322652.836836) can0 0000E011#0000000000000000
(1779322652.837784) can0 0000E012#0CCF000100000000
(1779322652.838796) can0 0000F001#0000000000000000
(1779322652.839777) can0 18FF28F4#10320000020C0000
(1779322652.840759) can0 18FE28F4#0CD00CCF40400000
(1779322652.841778) can0 18FD28F4#1702FA6F00000000
(1779322652.842695) can0 4D4#000032007D0C0203
(1779322652.843676) can0 4D5#CF0CD00C40400000
(1779322652.844804) can0 18914010#0CD0100CCF020000
(1779322652.845771) can0 18904010#020C020C753001F8
(1779322652.846765) can0 18FA28F4#123EA12C10270000
(1779322652.847758) can0 18FB28F4#D00CCF0C40400000
(1779322652.848779) can0 18FC28F4#383200000C020000
(1779322652.849759) can0 18F810F3#0C02E80332640100
(1779322652.850791) can0 18F815F3#0000000010030000
(1779322652.851690) can0 273#000000000C023200
(1779322652.852728) can0 1E1#020C271001F801F8
(1779322652.853708) can0 1F5#0000000000000000
(1779322652.854785) can0 0800A6A9#0000000000000000
(1779322652.855753) can0 1000A6A9#0C028813324A4A4A
(1779322652.856787) can0 1C00A6A9#0000000000030000
(1779322652.857797) can0 02018100#1003020C00000000
(1779322652.858778) can0 02028100#0000003264000000
(1779322652.859775) can0 02038100#0CD001100CCF0102
(1779322652.860774) can0 02048100#4A01014A01010000
(1779322652.861677) can0 1AD#7F14000059321818
(1779322652.862670) can0 2AD#D00C800C7F140016
(1779322652.863677) can0 3AD#0000000000007F14
(1779322652.864697) can0 4AD#EB00000000000000
(1779322652.865696) can0 76A#7F00000000000000
(1779322652.928316) can0 0000E005#1702440003B60591
(1779322652.928886) can0 1806E5F4#13B3010003B6023A
(1779322652.929829) can0 0000E000#13B313B3020C0000
(1779322652.930787) can0 0000E004#181803B603B601DF
(1779322652.931753) can0 0000E006#0CCF0CCF0CCF0CCF
(1779322652.932743) can0 0000E007#0CCF0CCF0CCF0CCF
(1779322652.933745) can0 0000E008#0CCF0CCF0CCF0CCF
(1779322652.934745) can0 0000E009#0CCF0CCF0CCF0CD0
(1779322652.935790) can0 0000E010#0000000000000000
(1779322652.936788) can0 0000E011#0000000000000000
(1779322652.937791) can0 0000E012#0CCF000100000000
(1779322652.938789) can0 0000F001#0000000000000000
(1779322652.939783) can0 18FF28F4#10320000020C0000
(1779322652.940765) can0 18FE28F4#0CD00CCF40400000
(1779322652.941765) can0 18FD28F4#1702FA6F00000000
(1779322652.942681) can0 4D4#000032007D0C0203
(1779322652.943662) can0 4D5#CF0CD00C40400000
(1779322652.944759) can0 18914010#0CD0100CCF020000
(1779322652.945758) can0 18904010#020C020C753001F8
(1779322652.946759) can0 18FA28F4#123EA12C10270000
(1779322652.947751) can0 18FB28F4#D00CCF0C40400000
(1779322652.948772) can0 18FC28F4#383200000C020000
(1779322652.949753) can0 18F810F3#0C02E80332640100
(1779322652.950784) can0 18F815F3#0000000010030000
(1779322652.951682) can0 273#000000000C023200
(1779322652.952683) can0 1E1#020C271001F801F8
(1779322652.953694) can0 1F5#0000000000000000
(1779322652.954791) can0 0800A6A9#0000000000000000
(1779322652.955743) can0 1000A6A9#0C028813324A4A4A
(1779322652.956772) can0 1C00A6A9#0000000000030000
(1779322652.957791) can0 02018100#1003020C00000000
(1779322652.958785) can0 02028100#0000003264000000
(1779322652.959766) can0 02038100#0CD001100CCF0102
(1779322652.960766) can0 02048100#4A01014A01010000
(1779322652.961663) can0 1AD#7F14000059321818
(1779322652.962676) can0 2AD#D00C800C7F140016
(1779322652.963690) can0 3AD#0000000000007F14
(1779322652.964690) can0 4AD#EB00000000000000
(1779322652.965683) can0 76A#7F00000000000000
(1779322653.028420) can0 0000E005#1702440003B60591
(1779322653.028928) can0 1806E5F4#13B3010003B6023A
(1779322653.029770) can0 0000E000#13B313B3020C0000
(1779322653.030770) can0 0000E004#181803B603B601DF
(1779322653.031752) can0 0000E006#0CCF0CCF0CCF0CCF
(1779322653.032744) can0 0000E007#0CCF0CCF0CCF0CCF
(1779322653.033744) can0 0000E008#0CCF0CCF0CCF0CCF
(1779322653.034744) can0 0000E009#0CCF0CCF0CCF0CD0
(1779322653.035789) can0 0000E010#0000000000000000
(1779322653.036789) can0 0000E011#0000000000000000
(1779322653.037770) can0 0000E012#0CCF000100000000
(1779322653.038783) can0 0000F001#0000000000000000
(1779322653.039771) can0 18FF28F4#10320000020C0000
(1779322653.040763) can0 18FE28F4#0CD00CCF40400000
(1779322653.041764) can0 18FD28F4#1702FA6F00000000
(1779322653.042681) can0 4D4#000032007D0C0203
(1779322653.043681) can0 4D5#CF0CD00C40400000
(1779322653.044756) can0 18914010#0CD0100CCF030000
(1779322653.045759) can0 18904010#020C020C753001F8
(1779322653.046771) can0 18FA28F4#123EA12C10270000
(1779322653.047752) can0 18FB28F4#D00CCF0C40400000
(1779322653.048772) can0 18FC28F4#383200000C020000
(1779322653.049751) can0 18F810F3#0C02E80332640100
(1779322653.050784) can0 18F815F3#0000000010030000
(1779322653.051701) can0 273#000000000C023200
(1779322653.052680) can0 1E1#020C271001F801F8
(1779322653.053695) can0 1F5#0000000000000000
(1779322653.054771) can0 0800A6A9#0000000000000000
(1779322653.055739) can0 1000A6A9#0C028813324A4A4A
(1779322653.056767) can0 1C00A6A9#0000000000030000
(1779322653.057784) can0 02018100#1003020C00000000
(1779322653.058784) can0 02028100#0000003264000000
(1779322653.059797) can0 02038100#0CD001100CCF0103
(1779322653.060760) can0 02048100#4A01014A01010000
(1779322653.061663) can0 1AD#7F14000059321818
(1779322653.062676) can0 2AD#D00C800C7F140016
(1779322653.063689) can0 3AD#0000000000007F14
(1779322653.064681) can0 4AD#EB00000000000000
(1779322653.065682) can0 76A#7F00000000000000
(1779322653.128427) can0 0000E005#1702440003B60591
(1779322653.128932) can0 1806E5F4#13B3010003B6023A
(1779322653.129762) can0 0000E000#13B313B3020C0000
(1779322653.130765) can0 0000E004#181803B603B601DF
(1779322653.131749) can0 0000E006#0CCF0CCF0CCF0CCF
(1779322653.132749) can0 0000E007#0CCF0CCF0CCF0CCF
(1779322653.133746) can0 0000E008#0CCF0CCF0CCF0CCF
(1779322653.134744) can0 0000E009#0CCF0CCF0CCF0CD0
(1779322653.135790) can0 0000E010#0000000000000000
(1779322653.136821) can0 0000E011#0000000000000000
(1779322653.137769) can0 0000E012#0CCF000100000000
(1779322653.138784) can0 0000F001#0000000000000000
(1779322653.139765) can0 18FF28F4#10320000020C0000
(1779322653.140765) can0 18FE28F4#0CD00CCF40400000
(1779322653.141758) can0 18FD28F4#1702FA6F00000000
(1779322653.142682) can0 4D4#000032007D0C0203
(1779322653.143662) can0 4D5#CF0CD00C40400000
(1779322653.144810) can0 18914010#0CD0100CCF030000
(1779322653.145760) can0 18904010#020C020C753001F8
(1779322653.146752) can0 18FA28F4#123EA12C10270000
(1779322653.147752) can0 18FB28F4#D00CCF0C40400000
(1779322653.148766) can0 18FC28F4#383200000C020000
(1779322653.149747) can0 18F810F3#0C02E80332640100
(1779322653.150779) can0 18F815F3#0000000010030000
(1779322653.151682) can0 273#000000000C023200
(1779322653.152715) can0 1E1#020C271001F801F8
(1779322653.153687) can0 1F5#0000000000000000
(1779322653.154772) can0 0800A6A9#0000000000000000
(1779322653.155740) can0 1000A6A9#0C028813324A4A4A
(1779322653.156773) can0 1C00A6A9#0000000000030000
(1779322653.157785) can0 02018100#1003020C00000000
(1779322653.158784) can0 02028100#0000003264000000
(1779322653.159766) can0 02038100#0CD001100CCF0103
(1779322653.160811) can0 02048100#4A01014A01010000
(1779322653.161656) can0 1AD#7F14000059321818
(1779322653.162676) can0 2AD#D00C800C7F140016
(1779322653.163689) can0 3AD#0000000000007F14
(1779322653.164683) can0 4AD#EB00000000000000
(1779322653.165682) can0 76A#7F00000000000000
(1779322653.245396) can0 0000E005#1702440003B60591
(1779322653.245940) can0 1806E5F4#13B3010003B6023A
(1779322653.246776) can0 0000E000#13B313B3020C0000
(1779322653.247767) can0 0000E004#181803B603B601DF
(1779322653.248753) can0 0000E006#0CCF0CCF0CCF0CCF
(1779322653.249746) can0 0000E007#0CCF0CCF0CCF0CCF
(1779322653.250746) can0 0000E008#0CCF0CCF0CCF0CCF
(1779322653.251739) can0 0000E009#0CCF0CCF0CCF0CD0
(1779322653.252793) can0 0000E010#0000000000000000
(1779322653.253791) can0 0000E011#0000000000000000
(1779322653.254773) can0 0000E012#0CCF000100000000
(1779322653.255731) can0 0000E013#4542323630354C43
(1779322653.256773) can0 0000E014#3134323300000000
(1779322653.257785) can0 0000E015#0000000000000003
(1779322653.258785) can0 0000F000#0000000000000000
(1779322653.259780) can0 0000F001#0000000000000000
(1779322653.260766) can0 18FF28F4#10320000020C0000
(1779322653.261760) can0 18FE28F4#0CD00CCF40400000
(1779322653.262760) can0 18FD28F4#1702FA6F00000000
(1779322653.263670) can0 4D4#000032007D0C0203
(1779322653.264658) can0 4D5#CF0CD00C40400000
(1779322653.265753) can0 18914010#0CD0100CCF020000
(1779322653.266753) can0 18904010#020C020C753001F8
(1779322653.267765) can0 18924010#4001400100000000
(1779322653.268767) can0 18934010#000000800000BB2C
(1779322653.269778) can0 18944010#1003000000000000
(1779322653.270799) can0 18954010#0000000000000000
(1779322653.271792) can0 18954010#0100000000000000
(1779322653.272779) can0 18954010#0200000000000000
(1779322653.273773) can0 18954010#0300000000000000
(1779322653.274792) can0 18954010#0400000000000000
(1779322653.275771) can0 18954010#0500000000000000
(1779322653.276768) can0 18964010#0040404000000000
(1779322653.277780) can0 18974010#0000000000000000
(1779322653.278779) can0 18984010#0000000000000000
(1779322653.279756) can0 18FA28F4#123EA12C10270000
(1779322653.280742) can0 18FB28F4#D00CCF0C40400000
(1779322653.281773) can0 18FC28F4#383200000C020000
(1779322653.282768) can0 18F810F3#0C02E80332640100
(1779322653.283748) can0 18F811F3#D00C1001CF0C0201
(1779322653.284760) can0 18F812F3#4001014001010000
(1779322653.285774) can0 18F813F3#0101000000000000
(1779322653.286755) can0 18F814F3#3200EA1AA9015F00
(1779322653.287764) can0 18F815F3#0000000010030000
(1779322653.288673) can0 273#000000000C023200
(1779322653.289666) can0 1E1#020C271001F801F8
(1779322653.290716) can0 1F5#0000000000000000
(1779322653.291774) can0 0800A6A9#0000000000000000
(1779322653.292743) can0 1000A6A9#0C028813324A4A4A
(1779322653.293774) can0 1C00A6A9#0000000000030000
(1779322653.294788) can0 02018100#1003020C00000000
(1779322653.295790) can0 02028100#0000003264000000
(1779322653.296769) can0 02038100#0CD001100CCF0102
(1779322653.297768) can0 02048100#4A01014A01010000
(1779322653.298698) can0 1AD#7F14000059321818
(1779322653.299657) can0 2AD#D00C800C7F140016
(1779322653.300680) can0 3AD#0000000000007F14
(1779322653.301679) can0 4AD#EB00000000000000
(1779322653.302692) can0 76A#7F00000000000000
(1779322653.361326) can0 0000E005#1702440003B60591
(1779322653.361884) can0 1806E5F4#13B3010003B6023A
(1779322653.362766) can0 0000E000#13B313B3020C0000
(1779322653.363766) can0 0000E004#181803B603B601DF
(1779322653.364735) can0 0000E006#0CCF0CCF0CCF0CCF
(1779322653.365746) can0 0000E007#0CCF0CCF0CCF0CCF
(1779322653.366747) can0 0000E008#0CCF0CCF0CCF0CCF
(1779322653.367759) can0 0000E009#0CCF0CCF0CCF0CD0
(1779322653.368785) can0 0000E010#0000000000000000
(1779322653.369792) can0 0000E011#0000000000000000
(1779322653.370773) can0 0000E012#0CCF000100000000
(1779322653.371785) can0 0000F001#0000000000000000
(1779322653.372764) can0 18FF28F4#10320000020C0000
(1779322653.373753) can0 18FE28F4#0CD00CCF40400000
(1779322653.374766) can0 18FD28F4#1702FA6F00000000
(1779322653.375715) can0 4D4#000032007D0C0203
(1779322653.376664) can0 4D5#CF0CD00C40400000
(1779322653.377746) can0 18914010#0CD0100CCF020000
(1779322653.378748) can0 18904010#020C020C753001F8
(1779322653.379761) can0 18FA28F4#123EA12C10270000
(1779322653.380738) can0 18FB28F4#D00CCF0C40400000
(1779322653.381773) can0 18FC28F4#383200000C020000
(1779322653.382754) can0 18F810F3#0C02E80332640100
(1779322653.383817) can0 18F815F3#0000000010030000
(1779322653.384671) can0 273#000000000C023200
(1779322653.385672) can0 1E1#020C271001F801F8
(1779322653.386683) can0 1F5#0000000000000000
(1779322653.387780) can0 0800A6A9#0000000000000000
(1779322653.388729) can0 1000A6A9#0C028813324A4A4A
(1779322653.389773) can0 1C00A6A9#0000000000030000
(1779322653.390774) can0 02018100#1003020C00000000
(1779322653.391774) can0 02028100#0000003264000000
(1779322653.392748) can0 02038100#0CD001100CCF0102
(1779322653.393768) can0 02048100#4A01014A01010000
(1779322653.394652) can0 1AD#7F14000059321818
(1779322653.395664) can0 2AD#D00C800C7F140016
(1779322653.396674) can0 3AD#0000000000007F14
(1779322653.397672) can0 4AD#EB00000000000000
(1779322653.398684) can0 76A#7F00000000000000
(1779322653.461323) can0 0000E005#1702440003B60591
(1779322653.461884) can0 1806E5F4#13B3010003B6023A
(1779322653.462767) can0 0000E000#13B313B3020C0000
(1779322653.463761) can0 0000E004#181803B603B601DF
(1779322653.464729) can0 0000E006#0CCF0CCF0CCF0CCF
(1779322653.465736) can0 0000E007#0CCF0CCF0CCF0CCF
(1779322653.466740) can0 0000E008#0CCF0CCF0CCF0CCF
(1779322653.467741) can0 0000E009#0CCF0CCF0CCF0CD0
(1779322653.468786) can0 0000E010#0000000000000000
(1779322653.469783) can0 0000E011#0000000000000000
(1779322653.470767) can0 0000E012#0CCF000100000000
(1779322653.471779) can0 0000F001#0000000000000000
(1779322653.472768) can0 18FF28F4#10320000020C0000
(1779322653.473748) can0 18FE28F4#0CD00CCF40400000
(1779322653.474760) can0 18FD28F4#1702FA6F00000000
(1779322653.475678) can0 4D4#000032007D0C0203
(1779322653.476658) can0 4D5#CF0CD00C40400000
(1779322653.477753) can0 18914010#0CD0100CCF020000
(1779322653.478755) can0 18904010#020C020C753001F8
(1779322653.479754) can0 18FA28F4#123EA12C10270000
(1779322653.480754) can0 18FB28F4#D00CCF0C40400000
(1779322653.481764) can0 18FC28F4#383200000C020000
(1779322653.482748) can0 18F810F3#0C02E80332640100
(1779322653.483780) can0 18F815F3#0000000010030000
(1779322653.484666) can0 273#000000000C023200
(1779322653.485666) can0 1E1#020C271001F801F8
(1779322653.486691) can0 1F5#0000000000000000
(1779322653.487774) can0 0800A6A9#0000000000000000
(1779322653.488743) can0 1000A6A9#0C028813324A4A4A
(1779322653.489769) can0 1C00A6A9#0000000000030000
(1779322653.490768) can0 02018100#1003020C00000000
(1779322653.491768) can0 02028100#0000003264000000
(1779322653.492762) can0 02038100#0CD001100CCF0102
(1779322653.493754) can0 02048100#4A01014A01010000
(1779322653.494647) can0 1AD#7F14000059321818
(1779322653.495659) can0 2AD#D00C800C7F140016
(1779322653.496674) can0 3AD#0000000000007F14
(1779322653.497685) can0 4AD#EB00000000000000
(1779322653.498678) can0 76A#7F00000000000000
(1779322653.561367) can0 0000E005#1702440003B60591
(1779322653.561931) can0 1806E5F4#13B3010003B6023A
(1779322653.562759) can0 0000E000#13B313B3020C0000
(1779322653.563761) can0 0000E004#181803B603B601DF
(1779322653.564740) can0 0000E006#0CCF0CCF0CCF0CCF
(1779322653.565740) can0 0000E007#0CCF0CCF0CCF0CCF
(1779322653.566738) can0 0000E008#0CCF0CCF0CCF0CCF
(1779322653.567734) can0 0000E009#0CCF0CCF0CCF0CD0
(1779322653.568784) can0 0000E010#0000000000000000
(1779322653.569779) can0 0000E011#0000000000000000
(1779322653.570766) can0 0000E012#0CCF000100000000
(1779322653.571778) can0 0000F001#0000000000000000
(1779322653.572760) can0 18FF28F4#10320000020C0000
(1779322653.573741) can0 18FE28F4#0CD00CCF40400000
(1779322653.574772) can0 18FD28F4#1702FA6F00000000
(1779322653.575677) can0 4D4#000032007D0C0203
(1779322653.576658) can0 4D5#CF0CD00C40400000
(1779322653.577752) can0 18914010#0CD0100CCF020000
(1779322653.578754) can0 18904010#020C020C753001F8
(1779322653.579747) can0 18FA28F4#123EA12C10270000
(1779322653.580749) can0 18FB28F4#D00CCF0C40400000
(1779322653.581779) can0 18FC28F4#383200000C020000
(1779322653.582771) can0 18F810F3#0C02E80332640100
(1779322653.583787) can0 18F815F3#0000000010030000
(1779322653.584682) can0 273#000000000C023200
(1779322653.585662) can0 1E1#020C271001F801F8
(1779322653.586694) can0 1F5#0000000000000000
(1779322653.587769) can0 0800A6A9#0000000000000000
(1779322653.588736) can0 1000A6A9#0C028813324A4A4A
(1779322653.589763) can0 1C00A6A9#0000000000030000
(1779322653.590800) can0 02018100#1003020C00000000
(1779322653.591767) can0 02028100#0000003264000000
(1779322653.592760) can0 02038100#0CD001100CCF0102
(1779322653.593761) can0 02048100#4A01014A01010000
(1779322653.594640) can0 1AD#7F14000059321818
(1779322653.595659) can0 2AD#D00C800C7F140016
(1779322653.596671) can0 3AD#0000000000007F14
(1779322653.597676) can0 4AD#EB00000000000000
(1779322653.598710) can0 76A#7F00000000000000
(1779322653.661325) can0 0000E005#1702440003B60591
(1779322653.661882) can0 1806E5F4#13B3010003B6023A
(1779322653.662751) can0 0000E000#13B313B3020C0000
(1779322653.663755) can0 0000E004#181803B603B601DF
(1779322653.664735) can0 0000E006#0CCF0CCF0CCF0CCF
(1779322653.665734) can0 0000E007#0CCF0CCF0CCF0CCF
(1779322653.666734) can0 0000E008#0CCF0CCF0CCF0CCF
(1779322653.667746) can0 0000E009#0CCF0CCF0CCF0CD0
(1779322653.668778) can0 0000E010#0000000000000000
(1779322653.669779) can0 0000E011#0000000000000000
(1779322653.670757) can0 0000E012#0CCF000100000000
(1779322653.671784) can0 0000F001#0000000000000000
(1779322653.672753) can0 18FF28F4#10320000020C0000
(1779322653.673753) can0 18FE28F4#0CD00CCF40400000
(1779322653.674744) can0 18FD28F4#1702FA6F00000000
(1779322653.675702) can0 4D4#000032007D0C0203
(1779322653.676651) can0 4D5#CF0CD00C40400000
(1779322653.677747) can0 18914010#0CD0100CCF020000
(1779322653.678741) can0 18904010#020C020C753001F8
(1779322653.679741) can0 18FA28F4#123EA12C10270000
(1779322653.680740) can0 18FB28F4#D00CCF0C40400000
(1779322653.681754) can0 18FC28F4#383200000C020000
(1779322653.682735) can0 18F810F3#0C02E80332640100
(1779322653.683817) can0 18F815F3#0000000010030000
(1779322653.684671) can0 273#000000000C023200
(1779322653.685665) can0 1E1#020C271001F801F8
(1779322653.686674) can0 1F5#0000000000000000
(1779322653.687774) can0 0800A6A9#0000000000000000
(1779322653.688728) can0 1000A6A9#0C028813324A4A4A
(1779322653.689754) can0 1C00A6A9#0000000000030000
(1779322653.690774) can0 02018100#1003020C00000000
(1779322653.691818) can0 02028100#0000003264000000
(1779322653.692747) can0 02038100#0CD001100CCF0102
(1779322653.693748) can0 02048100#4A01014A01010000
(1779322653.694644) can0 1AD#7F14000059321818
(1779322653.695659) can0 2AD#D00C800C7F140016
(1779322653.696671) can0 3AD#0000000000007F14
(1779322653.697672) can0 4AD#EB00000000000000
(1779322653.698676) can0 76A#7F00000000000000
(1779322653.778318) can0 0000E005#1702440003B60591
(1779322653.778879) can0 1806E5F4#13B3010003B6023A
(1779322653.779762) can0 0000E000#13B313B3020C0000
(1779322653.780762) can0 0000E004#181803B603B601DF
(1779322653.781742) can0 0000E006#0CCF0CCF0CCF0CCF
(1779322653.782741) can0 0000E007#0CCF0CCF0CCF0CCF
(1779322653.783736) can0 0000E008#0CCF0CCF0CCF0CCF
(1779322653.784713) can0 0000E009#0CCF0CCF0CCF0CCF
(1779322653.785779) can0 0000E010#0000000000000000
(1779322653.786781) can0 0000E011#0000000000000000
(1779322653.787761) can0 0000E012#0CCF000000000000
(1779322653.788728) can0 0000E013#4542323630354C43
(1779322653.789762) can0 0000E014#3134323300000000
(1779322653.790774) can0 0000E015#0000000000000003
(1779322653.791786) can0 0000F000#0000000000000000
(1779322653.792769) can0 0000F001#0000000000000000
(1779322653.793755) can0 18FF28F4#10320000020C0000
(1779322653.794735) can0 18FE28F4#0CCF0CCF40400000
(1779322653.795749) can0 18FD28F4#1702FA6F00000000
(1779322653.796667) can0 4D4#000032007D0C0203
(1779322653.797646) can0 4D5#CF0CCF0C40400000
(1779322653.798743) can0 18914010#0CCF010CCF020000
(1779322653.799742) can0 18904010#020C020C753001F8
(1779322653.800753) can0 18924010#4001400100000000
(1779322653.801756) can0 18934010#000000810000BB2C
(1779322653.802769) can0 18944010#1003000000000000
(1779322653.803781) can0 18954010#0000000000000000
(1779322653.804782) can0 18954010#0100000000000000
(1779322653.805781) can0 18954010#0200000000000000
(1779322653.806781) can0 18954010#0300000000000000
(1779322653.807776) can0 18954010#0400000000000000
(1779322653.808753) can0 18954010#0500000000000000
(1779322653.809768) can0 18964010#0040404000000000
(1779322653.810769) can0 18974010#0000000000000000
(1779322653.811769) can0 18984010#0000000000000000
(1779322653.812744) can0 18FA28F4#123EA12C10270000
(1779322653.813763) can0 18FB28F4#CF0CCF0C40400000
(1779322653.814756) can0 18FC28F4#383200000C020000
(1779322653.815736) can0 18F810F3#0C02E80332640100
(1779322653.816739) can0 18F811F3#CF0C0101CF0C0201
(1779322653.817750) can0 18F812F3#4001014001010000
(1779322653.818775) can0 18F813F3#0101000000000000
(1779322653.819744) can0 18F814F3#3200EA1AA9015F00
(1779322653.820770) can0 18F815F3#0000000010030000
(1779322653.821705) can0 273#000000000C023200
(1779322653.822655) can0 1E1#020C271001F801F8
(1779322653.823681) can0 1F5#0000000000000000
(1779322653.824755) can0 0800A6A9#0000000000000000
(1779322653.825725) can0 1000A6A9#0C028813324A4A4A
(1779322653.826758) can0 1C00A6A9#0000000000030000
(1779322653.827770) can0 02018100#1003020C00000000
(1779322653.828771) can0 02028100#0000003264000000
(1779322653.829783) can0 02038100#0CCF01010CCF0102
(1779322653.830750) can0 02048100#4A01014A01010000
(1779322653.831637) can0 1AD#7F14000059321818
(1779322653.832647) can0 2AD#CF0C800C7F140016
(1779322653.833668) can0 3AD#0000000000007F14
(1779322653.834662) can0 4AD#EB00000000000000
(1779322653.835681) can0 76A#7F00000000000000
(1779322653.894307) can0 0000E005#1702440003B60591
(1779322653.894866) can0 1806E5F4#13B3010003B6023A
(1779322653.895749) can0 0000E000#13B313B3020C0000
(1779322653.896750) can0 0000E004#181803B603B601DF
(1779322653.897730) can0 0000E006#0CCF0CCF0CCF0CCF
(1779322653.898762) can0 0000E007#0CCF0CCF0CCF0CCF
(1779322653.899729) can0 0000E008#0CCF0CCF0CCF0CCF
(1779322653.900724) can0 0000E009#0CCF0CCF0CCF0CCF
(1779322653.901772) can0 0000E010#0000000000000000
(1779322653.902774) can0 0000E011#0000000000000000
(1779322653.903756) can0 0000E012#0CCF000000000000
(1779322653.904769) can0 0000F001#0000000000000000
(1779322653.905743) can0 18FF28F4#10320000020C0000
(1779322653.906762) can0 18FE28F4#0CCF0CCF40400000
(1779322653.907750) can0 18FD28F4#1702FA6F00000000
(1779322653.908666) can0 4D4#000032007D0C0203
(1779322653.909647) can0 4D5#CF0CCF0C40400000
(1779322653.910743) can0 18914010#0CCF010CCF020000
(1779322653.911742) can0 18904010#020C020C753001F8
(1779322653.912738) can0 18FA28F4#123EA12C10270000
(1779322653.913735) can0 18FB28F4#CF0CCF0C40400000
(1779322653.914800) can0 18FC28F4#383200000C020000
(1779322653.915737) can0 18F810F3#0C02E80332640100
(1779322653.916764) can0 18F815F3#0000000010030000
(1779322653.917659) can0 273#000000000C023200
(1779322653.918667) can0 1E1#020C271001F801F8
(1779322653.919680) can0 1F5#0000000000000000
(1779322653.920757) can0 0800A6A9#0000000000000000
(1779322653.921724) can0 1000A6A9#0C028813324A4A4A
(1779322653.922802) can0 1C00A6A9#0000000000030000
(1779322653.923769) can0 02018100#1003020C00000000
(1779322653.924770) can0 02028100#0000003264000000
(1779322653.925743) can0 02038100#0CCF01010CCF0102
(1779322653.926743) can0 02048100#4A01014A01010000
(1779322653.927642) can0 1AD#7F14000059321818
(1779322653.928642) can0 2AD#CF0C800C7F140016
(1779322653.929668) can0 3AD#0000000000007F14
(1779322653.930668) can0 4AD#EB00000000000000
(1779322653.931661) can0 76A#7F00000000000000
(1779322653.994370) can0 0000E005#1702440003B60591
(1779322653.994924) can0 1806E5F4#13B3010003B6023A
(1779322653.995744) can0 0000E000#13B313B3020C0000
(1779322653.996755) can0 0000E004#181803B603B601DF
(1779322653.997724) can0 0000E006#0CCF0CCF0CCF0CCF
(1779322653.998719) can0 0000E007#0CCF0CCF0CCF0CCF
(1779322653.999768) can0 0000E008#0CCF0CCF0CCF0CCF
(1779322654.000719) can0 0000E009#0CCF0CCF0CCF0CCF
(1779322654.001782) can0 0000E010#0000000000000000
(1779322654.002756) can0 0000E011#0000000000000000
(1779322654.003750) can0 0000E012#0CCF000000000000
(1779322654.004776) can0 0000F001#0000000000000000
(1779322654.005762) can0 18FF28F4#10320000020C0000
(1779322654.006743) can0 18FE28F4#0CCF0CCF40400000
(1779322654.007757) can0 18FD28F4#1702FA6F00000000
(1779322654.008654) can0 4D4#000032007D0C0203
(1779322654.009642) can0 4D5#CF0CCF0C40400000
(1779322654.010734) can0 18914010#0CCF010CCF020000
(1779322654.011737) can0 18904010#020C020C753001F8
(1779322654.012751) can0 18FA28F4#123EA12C10270000
(1779322654.013731) can0 18FB28F4#CF0CCF0C40400000
(1779322654.014743) can0 18FC28F4#383200000C020000
(1779322654.015731) can0 18F810F3#0C02E80332640100
(1779322654.016758) can0 18F815F3#0000000010030000
(1779322654.017660) can0 273#000000000C023200
(1779322654.018661) can0 1E1#020C271001F801F8
(1779322654.019674) can0 1F5#0000000000000000
(1779322654.020770) can0 0800A6A9#0000000000000000
(1779322654.021718) can0 1000A6A9#0C028813324A4A4A
(1779322654.022743) can0 1C00A6A9#0000000000030000
(1779322654.023763) can0 02018100#1003020C00000000
(1779322654.024764) can0 02028100#0000003264000000
(1779322654.025745) can0 02038100#0CCF01010CCF0102
(1779322654.026734) can0 02048100#4A01014A01010000
(1779322654.027644) can0 1AD#7F14000059321818
(1779322654.028656) can0 2AD#CF0C800C7F140016
(1779322654.029667) can0 3AD#0000000000007F14
(1779322654.030662) can0 4AD#EB00000000000000
(1779322654.031675) can0 76A#7F00000000000000
(1779322654.094317) can0 0000E005#1702440003B60591
(1779322654.094872) can0 1806E5F4#13B3010003B6023A
(1779322654.095733) can0 0000E000#13B313B3020C0000
(1779322654.096756) can0 0000E004#181803B603B601DF
(1779322654.097718) can0 0000E006#0CCF0CCF0CCF0CCF
(1779322654.098717) can0 0000E007#0CCF0CCF0CCF0CCF
(1779322654.099726) can0 0000E008#0CCF0CCF0CCF0CCF
(1779322654.100718) can0 0000E009#0CCF0CCF0CCF0CCF
(1779322654.101781) can0 0000E010#0000000000000000
(1779322654.102775) can0 0000E011#0000000000000000
(1779322654.103756) can0 0000E012#0CCF000000000000
(1779322654.104777) can0 0000F001#0000000000000000
(1779322654.105755) can0 18FF28F4#10320000020C0000
(1779322654.106737) can0 18FE28F4#0CCF0CCF40400000
(1779322654.107749) can0 18FD28F4#1702FA6F00000000
(1779322654.108654) can0 4D4#000032007D0C0203
(1779322654.109654) can0 4D5#CF0CCF0C40400000
(1779322654.110731) can0 18914010#0CCF010CCF020000
(1779322654.111725) can0 18904010#020C020C753001F8
(1779322654.112745) can0 18FA28F4#123EA12C10270000
(1779322654.113744) can0 18FB28F4#CF0CCF0C40400000
(1779322654.114756) can0 18FC28F4#383200000C020000
(1779322654.115738) can0 18F810F3#0C02E80332640100
(1779322654.116769) can0 18F815F3#0000000010030000
(1779322654.117656) can0 273#000000000C023200
(1779322654.118655) can0 1E1#020C271001F801F8
(1779322654.119680) can0 1F5#0000000000000000
(1779322654.120764) can0 0800A6A9#0000000000000000
(1779322654.121745) can0 1000A6A9#0C028813324A4A4A
(1779322654.122757) can0 1C00A6A9#0000000000030000
(1779322654.123749) can0 02018100#1003020C00000000
(1779322654.124758) can0 02028100#0000003264000000
(1779322654.125738) can0 02038100#0CCF01010CCF0102
(1779322654.126750) can0 02048100#4A01014A01010000
(1779322654.127636) can0 1AD#7F14000059321818
(1779322654.128650) can0 2AD#CF0C800C7F140016
(1779322654.129693) can0 3AD#0000000000007F14
(1779322654.130674) can0 4AD#EB00000000000000
(1779322654.131665) can0 76A#7F00000000000000
(1779322654.194305) can0 0000E005#1702440003B60591
(1779322654.194860) can0 1806E5F4#13B3010003B6023A
(1779322654.195744) can0 0000E000#13B313B3020C0000
(1779322654.196755) can0 0000E004#181803B603B601DF
(1779322654.197724) can0 0000E006#0CCF0CCF0CCF0CCF
(1779322654.198736) can0 0000E007#0CCF0CCF0CCF0CCF
(1779322654.199723) can0 0000E008#0CCF0CCF0CCF0CCF
(1779322654.200719) can0 0000E009#0CCF0CCF0CCF0CCF
(1779322654.201769) can0 0000E010#0000000000000000
(1779322654.202761) can0 0000E011#0000000000000000
(1779322654.203750) can0 0000E012#0CCF000000000000
(1779322654.204755) can0 0000F001#0000000000000000
(1779322654.205755) can0 18FF28F4#10320000020C0000
(1779322654.206756) can0 18FE28F4#0CCF0CCF40400000
(1779322654.207757) can0 18FD28F4#1702FA6F00000000
(1779322654.208654) can0 4D4#000032007D0C0203
(1779322654.209641) can0 4D5#CF0CCF0C40400000
(1779322654.210737) can0 18914010#0CCF010CCF020000
(1779322654.211730) can0 18904010#020C020C753001F8
(1779322654.212744) can0 18FA28F4#123EA12C10270000
(1779322654.213731) can0 18FB28F4#CF0CCF0C40400000
(1779322654.214795) can0 18FC28F4#383200000C020000
(1779322654.215724) can0 18F810F3#0C02E80332640100
(1779322654.216757) can0 18F815F3#0000000010030000
(1779322654.217653) can0 273#000000000C023200
(1779322654.218655) can0 1E1#020C271001F801F8
(1779322654.219664) can0 1F5#0000000000000000
(1779322654.220763) can0 0800A6A9#0000000000000000
(1779322654.221712) can0 1000A6A9#0C028813324A4A4A
(1779322654.222795) can0 1C00A6A9#0000000000030000
(1779322654.223757) can0 02018100#1003020C00000000
(1779322654.224759) can0 02028100#0000003264000000
(1779322654.225738) can0 02038100#0CCF01010CCF0102
(1779322654.226737) can0 02048100#4A01014A01010000
(1779322654.227634) can0 1AD#7F14000059321818
(1779322654.228637) can0 2AD#CF0C800C7F140016
(1779322654.229661) can0 3AD#0000000000007F14
(1779322654.230675) can0 4AD#EB00000000000000
(1779322654.231665) can0 76A#7F00000000000000
(1779322654.311299) can0 0000E005#1702440003B60591
(1779322654.311853) can0 1806E5F4#13B3010003B6023A
(1779322654.312739) can0 0000E000#13B313B3020C0000
(1779322654.313757) can0 0000E004#181803B603B601DF
(1779322654.314719) can0 0000E006#0CCF0CCF0CCF0CCF
(1779322654.315718) can0 0000E007#0CCF0CCF0CCF0CCF
(1779322654.316719) can0 0000E008#0CCF0CCF0CCF0CCF
(1779322654.317708) can0 0000E009#0CCF0CCF0CCF0CD0
(1779322654.318763) can0 0000E010#0000000000000000
(1779322654.319763) can0 0000E011#0000000000000000
(1779322654.320746) can0 0000E012#0CCF000100000000
(1779322654.321708) can0 0000E013#4542323630354C43
(1779322654.322737) can0 0000E014#3134323300000000
(1779322654.323757) can0 0000E015#0000000000000003
(1779322654.324771) can0 0000F000#0000000000000000
(1779322654.325769) can0 0000F001#0000000000000000
(1779322654.326751) can0 18FF28F4#10320000020C0000
(1779322654.327732) can0 18FE28F4#0CD00CCF40400000
(1779322654.328745) can0 18FD28F4#1702FA6F00000000
(1779322654.329641) can0 4D4#000032007D0C0203
(1779322654.330648) can0 4D5#CF0CD00C40400000
(1779322654.331737) can0 18914010#0CD0100CCF030000
(1779322654.332727) can0 18904010#020C020C753001F8
(1779322654.333749) can0 18924010#4001400100000000
(1779322654.334738) can0 18934010#000000820000BB2C
(1779322654.335752) can0 18944010#1003000000000000
(1779322654.336784) can0 18954010#0000000000000000
(1779322654.337765) can0 18954010#0100000000000000
(1779322654.338765) can0 18954010#0200000000000000
(1779322654.339758) can0 18954010#0300000000000000
(1779322654.340758) can0 18954010#0400000000000000
(1779322654.341756) can0 18954010#0500000000000000
(1779322654.342752) can0 18964010#0040404000000000
(1779322654.343751) can0 18974010#0000000000000000
(1779322654.344766) can0 18984010#0000000000000000
(1779322654.345730) can0 18FA28F4#123EA12C10270000
(1779322654.346728) can0 18FB28F4#D00CCF0C40400000
(1779322654.347740) can0 18FC28F4#383200000C020000
(1779322654.348722) can0 18F810F3#0C02E80332640100
(1779322654.349733) can0 18F811F3#D00C1001CF0C0301
(1779322654.350734) can0 18F812F3#4001014001010000
(1779322654.351759) can0 18F813F3#0101000000000000
(1779322654.352760) can0 18F814F3#3200EA1AA9015F00
(1779322654.353756) can0 18F815F3#0000000010030000
(1779322654.354657) can0 273#000000000C023200
(1779322654.355650) can0 1E1#020C271001F801F8
(1779322654.356665) can0 1F5#0000000000000000
(1779322654.357758) can0 0800A6A9#0000000000000000
(1779322654.358708) can0 1000A6A9#0C028813324A4A4A
(1779322654.359740) can0 1C00A6A9#0000000000030000
(1779322654.360786) can0 02018100#1003020C00000000
(1779322654.361753) can0 02028100#0000003264000000
(1779322654.362735) can0 02038100#0CD001100CCF0103
(1779322654.363734) can0 02048100#4A01014A01010000
(1779322654.364638) can0 1AD#7F14000059321818
(1779322654.365650) can0 2AD#D00C800C7F140016
(1779322654.366664) can0 3AD#0000000000007F14
(1779322654.367664) can0 4AD#EB00000000000000
(1779322654.368710) can0 76A#7F00000000000000
(1779322654.427336) can0 0000E005#1702440003B60591
(1779322654.427898) can0 1806E5F4#13B3010003B6023A
(1779322654.428739) can0 0000E000#13B313B3020C0000
(1779322654.429764) can0 0000E004#181803B603B601DF
(1779322654.430719) can0 0000E006#0CCF0CCF0CCF0CCF
(1779322654.431714) can0 0000E007#0CCF0CCF0CCF0CCF
(1779322654.432713) can0 0000E008#0CCF0CCF0CCF0CCF
(1779322654.433713) can0 0000E009#0CCF0CCF0CCF0CD0
(1779322654.434753) can0 0000E010#0000000000000000
(1779322654.435758) can0 0000E011#0000000000000000
(1779322654.436758) can0 0000E012#0CCF000100000000
(1779322654.437803) can0 0000F001#0000000000000000
(1779322654.438748) can0 18FF28F4#10320000020C0000
(1779322654.439732) can0 18FE28F4#0CD00CCF40400000
(1779322654.440754) can0 18FD28F4#1702FA6F00000000
(1779322654.441649) can0 4D4#000032007D0C0203
(1779322654.442649) can0 4D5#CF0CD00C40400000
(1779322654.443726) can0 18914010#0CD0100CCF030000
(1779322654.444726) can0 18904010#020C020C753001F8
(1779322654.445771) can0 18FA28F4#123EA12C10270000
(1779322654.446728) can0 18FB28F4#D00CCF0C40400000
(1779322654.447742) can0 18FC28F4#383200000C020000
(1779322654.448721) can0 18F810F3#0C02E80332640100
(1779322654.449752) can0 18F815F3#0000000010030000
(1779322654.450647) can0 273#000000000C023200
(1779322654.451649) can0 1E1#020C271001F801F8
(1779322654.452664) can0 1F5#0000000000000000
(1779322654.453790) can0 0800A6A9#0000000000000000
(1779322654.454713) can0 1000A6A9#0C028813324A4A4A
(1779322654.455740) can0 1C00A6A9#0000000000030000
(1779322654.456760) can0 02018100#1003020C00000000
(1779322654.457752) can0 02028100#0000003264000000
(1779322654.458732) can0 02038100#0CD001100CCF0103
(1779322654.459733) can0 02048100#4A01014A01010000
(1779322654.460633) can0 1AD#7F14000059321818
(1779322654.461651) can0 2AD#D00C800C7F140016
(1779322654.462657) can0 3AD#0000000000007F14
(1779322654.463656) can0 4AD#EB00000000000000
(1779322654.464652) can0 76A#7F00000000000000
(1779322654.527337) can0 0000E005#1702440003B60591
(1779322654.527901) can0 1806E5F4#13B3010003B6023A
(1779322654.528733) can0 0000E000#13B313B3020C0000
(1779322654.529746) can0 0000E004#181803B603B601DF
(1779322654.530765) can0 0000E006#0CCF0CCF0CCF0CCF
(1779322654.531707) can0 0000E007#0CCF0CCF0CCF0CCF
(1779322654.532712) can0 0000E008#0CCF0CCF0CCF0CCF
(1779322654.533706) can0 0000E009#0CCF0CCF0CCF0CD0
(1779322654.534758) can0 0000E010#0000000000000000
(1779322654.535752) can0 0000E011#0000000000000000
(1779322654.536750) can0 0000E012#0CCF000100000000
(1779322654.537771) can0 0000F001#0000000000000000
(1779322654.538751) can0 18FF28F4#10320000020C0000
(1779322654.539733) can0 18FE28F4#0CD00CCF40400000
(1779322654.540745) can0 18FD28F4#1702FA6F00000000
(1779322654.541649) can0 4D4#000032007D0C0203
(1779322654.542649) can0 4D5#CF0CD00C40400000
(1779322654.543722) can0 18914010#0CD0100CCF030000
(1779322654.544726) can0 18904010#020C020C753001F8
(1779322654.545738) can0 18FA28F4#123EA12C10270000
(1779322654.546720) can0 18FB28F4#D00CCF0C40400000
(1779322654.547736) can0 18FC28F4#383200000C020000
(1779322654.548722) can0 18F810F3#0C02E80332640100
(1779322654.549753) can0 18F815F3#0000000010030000
(1779322654.550650) can0 273#000000000C023200
(1779322654.551649) can0 1E1#020C271001F801F8
(1779322654.552663) can0 1F5#0000000000000000
(1779322654.553759) can0 0800A6A9#0000000000000000
(1779322654.554707) can0 1000A6A9#0C028813324A4A4A
(1779322654.555739) can0 1C00A6A9#0000000000030000
(1779322654.556753) can0 02018100#1003020C00000000
(1779322654.557751) can0 02028100#0000003264000000
(1779322654.558733) can0 02038100#0CD001100CCF0103
(1779322654.559723) can0 02048100#4A01014A01010000
(1779322654.560631) can0 1AD#7F14000059321818
(1779322654.561644) can0 2AD#D00C800C7F140016
(1779322654.562657) can0 3AD#0000000000007F14
(1779322654.563650) can0 4AD#EB00000000000000
(1779322654.564665) can0 76A#7F00000000000000
(1779322654.627294) can0 0000E005#1702440003B60591
(1779322654.627852) can0 1806E5F4#13B3010003B6023A
(1779322654.628734) can0 0000E000#13B313B3020C0000
(1779322654.629738) can0 0000E004#181803B603B601DF
(1779322654.630718) can0 0000E006#0CCF0CCF0CCF0CCF
(1779322654.631719) can0 0000E007#0CCF0CCF0CCF0CCF
(1779322654.632713) can0 0000E008#0CCF0CCF0CCF0CCF
(1779322654.633712) can0 0000E009#0CCF0CCF0CCF0CD0
(1779322654.634763) can0 0000E010#0000000000000000
(1779322654.635764) can0 0000E011#0000000000000000
(1779322654.636744) can0 0000E012#0CCF000100000000
(1779322654.637758) can0 0000F001#0000000000000000
(1779322654.638738) can0 18FF28F4#10320000020C0000
(1779322654.639738) can0 18FE28F4#0CD00CCF40400000
(1779322654.640736) can0 18FD28F4#1702FA6F00000000
(1779322654.641656) can0 4D4#000032007D0C0203
(1779322654.642636) can0 4D5#CF0CD00C40400000
(1779322654.643732) can0 18914010#0CD0100CCF020000
(1779322654.644728) can0 18904010#020C020C753001F8
(1779322654.645726) can0 18FA28F4#123EA12C10270000
(1779322654.646726) can0 18FB28F4#D00CCF0C40400000
(1779322654.647739) can0 18FC28F4#383200000C020000
(1779322654.648731) can0 18F810F3#0C02E80332640100
(1779322654.649755) can0 18F815F3#0000000010030000
(1779322654.650659) can0 273#000000000C023200
(1779322654.651657) can0 1E1#020C271001F801F8
(1779322654.652685) can0 1F5#0000000000000000
(1779322654.653747) can0 0800A6A9#0000000000000000
(1779322654.654714) can0 1000A6A9#0C028813324A4A4A
(1779322654.655747) can0 1C00A6A9#0000000000030000
(1779322654.656755) can0 02018100#1003020C00000000
(1779322654.657759) can0 02028100#0000003264000000
(1779322654.658741) can0 02038100#0CD001100CCF0102
(1779322654.659734) can0 02048100#4A01014A01010000
(1779322654.660652) can0 1AD#7F14000059321818
(1779322654.661651) can0 2AD#D00C800C7F140016
(1779322654.662664) can0 3AD#0000000000007F14
(1779322654.663657) can0 4AD#EB00000000000000
(1779322654.664655) can0 76A#7F00000000000000
(1779322654.727346) can0 0000E005#1702440003B60591
(1779322654.727910) can0 1806E5F4#13B3010003B6023A
(1779322654.728727) can0 0000E000#13B313B3020C0000
(1779322654.729758) can0 0000E004#181803B603B601DF
(1779322654.730705) can0 0000E006#0CCF0CCF0CCF0CCF
(1779322654.731708) can0 0000E007#0CCF0CCF0CCF0CCF
(1779322654.732708) can0 0000E008#0CCF0CCF0CCF0CCF
(1779322654.733706) can0 0000E009#0CCF0CCF0CCF0CD0
(1779322654.734752) can0 0000E010#0000000000000000
(1779322654.735752) can0 0000E011#0000000000000000
(1779322654.736744) can0 0000E012#0CCF000100000000
(1779322654.737773) can0 0000F001#0000000000000000
(1779322654.738746) can0 18FF28F4#10320000020C0000
(1779322654.739726) can0 18FE28F4#0CD00CCF40400000
(1779322654.740740) can0 18FD28F4#1702FA6F00000000
(1779322654.741637) can0 4D4#000032007D0C0203
(1779322654.742644) can0 4D5#CF0CD00C40400000
(1779322654.743720) can0 18914010#0CD0100CCF020000
(1779322654.744721) can0 18904010#020C020C753001F8
(1779322654.745764) can0 18FA28F4#123EA12C10270000
(1779322654.746714) can0 18FB28F4#D00CCF0C40400000
(1779322654.747727) can0 18FC28F4#383200000C020000
(1779322654.748713) can0 18F810F3#0C02E80332640100
(1779322654.749744) can0 18F815F3#0000000010030000
(1779322654.750648) can0 273#000000000C023200
(1779322654.751645) can0 1E1#020C271001F801F8
(1779322654.752659) can0 1F5#0000000000000000
(1779322654.753782) can0 0800A6A9#0000000000000000
(1779322654.754701) can0 1000A6A9#0C028813324A4A4A
(1779322654.755734) can0 1C00A6A9#0000000000030000
(1779322654.756747) can0 02018100#1003020C00000000
(1779322654.757746) can0 02028100#0000003264000000
(1779322654.758728) can0 02038100#0CD001100CCF0102
(1779322654.759721) can0 02048100#4A01014A01010000
(1779322654.760626) can0 1AD#7F14000059321818
(1779322654.761683) can0 2AD#D00C800C7F140016
(1779322654.762651) can0 3AD#0000000000007F14
(1779322654.763664) can0 4AD#EB00000000000000
(1779322654.764658) can0 76A#7F00000000000000
(1779322654.844336) can0 0000E005#1702440003B60591
(1779322654.844906) can0 1806E5F4#13B3010003B6023A
(1779322654.845728) can0 0000E000#13B313B3020C0000
(1779322654.846739) can0 0000E004#181803B603B601DF
(1779322654.847707) can0 0000E006#0CCF0CCF0CCF0CCF
(1779322654.848702) can0 0000E007#0CCF0CCF0CCF0CCF
(1779322654.849701) can0 0000E008#0CCF0CCF0CCF0CCF
(1779322654.850707) can0 0000E009#0CCF0CCF0CCF0CD0
(1779322654.851759) can0 0000E010#0000000000000000
(1779322654.852748) can0 0000E011#0000000000000000
(1779322654.853746) can0 0000E012#0CCF000100000000
(1779322654.854709) can0 0000E013#4542323630354C43
(1779322654.855720) can0 0000E014#3134323300000000
(1779322654.856753) can0 0000E015#0000000000000003
(1779322654.857754) can0 0000F000#0000000000000000
(1779322654.858753) can0 0000F001#0000000000000000
(1779322654.859734) can0 18FF28F4#10320000020C0000
(1779322654.860716) can0 18FE28F4#0CD00CCF40400000
(1779322654.861735) can0 18FD28F4#1702FA6F00000000
(1779322654.862651) can0 4D4#000032007D0C0203
(1779322654.863632) can0 4D5#CF0CD00C40400000
(1779322654.864729) can0 18914010#0CD0100CCF020000
(1779322654.865727) can0 18904010#020C020C753001F8
(1779322654.866737) can0 18924010#4001400100000000
(1779322654.867741) can0 18934010#000000830000BB2C
(1779322654.868736) can0 18944010#1003000000000000
(1779322654.869767) can0 18954010#0000000000000000
(1779322654.870748) can0 18954010#0100000000000000
(1779322654.871748) can0 18954010#0200000000000000
(1779322654.872749) can0 18954010#0300000000000000
(1779322654.873748) can0 18954010#0400000000000000
(1779322654.874742) can0 18954010#0500000000000000
(1779322654.875760) can0 18964010#0040404000000000
(1779322654.876756) can0 18974010#0000000000000000
(1779322654.877754) can0 18984010#0000000000000000
(1779322654.878713) can0 18FA28F4#123EA12C10270000
(1779322654.879716) can0 18FB28F4#D00CCF0C40400000
(1779322654.880729) can0 18FC28F4#383200000C020000
(1779322654.881723) can0 18F810F3#0C02E80332640100
(1779322654.882723) can0 18F811F3#D00C1001CF0C0201
(1779322654.883748) can0 18F812F3#4001014001010000
(1779322654.884749) can0 18F813F3#0101000000000000
(1779322654.885710) can0 18F814F3#3200EA1AA9015F00
(1779322654.886737) can0 18F815F3#0000000010030000
(1779322654.887640) can0 273#000000000C023200
(1779322654.888641) can0 1E1#020C271001F801F8
(1779322654.889652) can0 1F5#0000000000000000
(1779322654.890746) can0 0800A6A9#0000000000000000
(1779322654.891729) can0 1000A6A9#0C028813324A4A4A
(1779322654.892742) can0 1C00A6A9#0000000000030000
(1779322654.893742) can0 02018100#1003020C00000000
(1779322654.894743) can0 02028100#0000003264000000
(1779322654.895724) can0 02038100#0CD001100CCF0102
(1779322654.896724) can0 02048100#4A01014A01010000
(1779322654.897622) can0 1AD#7F14000059321818
(1779322654.898630) can0 2AD#D00C800C7F140016
(1779322654.899686) can0 3AD#0000000000007F14
(1779322654.900648) can0 4AD#EB00000000000000
(1779322654.901647) can0 76A#7F00000000000000
(1779322654.960330) can0 0000E005#1702440003B60591
(1779322654.960891) can0 1806E5F4#13B3010003B6023A
(1779322654.961722) can0 0000E000#13B313B3020C0000
(1779322654.962734) can0 0000E004#181803B603B601DF
(1779322654.963703) can0 0000E006#0CCF0CCF0CCF0CCF
(1779322654.964704) can0 0000E007#0CCF0CCF0CCF0CCF
(1779322654.965716) can0 0000E008#0CCF0CCF0CCF0CCF
(1779322654.966696) can0 0000E009#0CCF0CCF0CCF0CD0
(1779322654.967756) can0 0000E010#0000000000000000
(1779322654.968773) can0 0000E011#0000000000000000
(1779322654.969742) can0 0000E012#0CCF000100000000
(1779322654.970753) can0 0000F001#0000000000000000
(1779322654.971737) can0 18FF28F4#10320000020C0000
(1779322654.972723) can0 18FE28F4#0CD00CCF40400000
(1779322654.973734) can0 18FD28F4#1702FA6F00000000
(1779322654.974639) can0 4D4#000032007D0C0203
(1779322654.975633) can0 4D5#CF0CD00C40400000
(1779322654.976761) can0 18914010#0CD0100CCF020000
(1779322654.977710) can0 18904010#020C020C753001F8
(1779322654.978729) can0 18FA28F4#123EA12C10270000
(1779322654.979704) can0 18FB28F4#D00CCF0C40400000
(1779322654.980724) can0 18FC28F4#383200000C020000
(1779322654.981723) can0 18F810F3#0C02E80332640100
(1779322654.982755) can0 18F815F3#0000000010030000
(1779322654.983637) can0 273#000000000C023200
(1779322654.984686) can0 1E1#020C271001F801F8
(1779322654.985665) can0 1F5#0000000000000000
(1779322654.986749) can0 0800A6A9#0000000000000000
(1779322654.987698) can0 1000A6A9#0C028813324A4A4A
(1779322654.988742) can0 1C00A6A9#0000000000030000
(1779322654.989742) can0 02018100#1003020C00000000
(1779322654.990742) can0 02028100#0000003264000000
(1779322654.991720) can0 02038100#0CD001100CCF0102
(1779322654.992736) can0 02048100#4A01014A01010000
(1779322654.993621) can0 1AD#7F14000059321818
(1779322654.994633) can0 2AD#D00C800C7F140016
(1779322654.995645) can0 3AD#0000000000007F14
(1779322654.996661) can0 4AD#EB00000000000000
(1779322654.997653) can0 76A#7F00000000000000
(1779322655.060280) can0 0000E005#1702440003B60591
(1779322655.060846) can0 1806E5F4#13B3010003B6023A
(1779322655.061773) can0 0000E000#13B313B3020C0000
(1779322655.062742) can0 0000E004#181803B603B601DF
(1779322655.063709) can0 0000E006#0CCF0CCF0CCF0CCF
(1779322655.064702) can0 0000E007#0CCF0CCF0CCF0CCF
(1779322655.065703) can0 0000E008#0CCF0CCF0CCF0CCF
(1779322655.066703) can0 0000E009#0CCF0CCF0CCF0CD0
(1779322655.067747) can0 0000E010#0000000000000000
(1779322655.068742) can0 0000E011#0000000000000000
(1779322655.069747) can0 0000E012#0CCF000100000000
(1779322655.070740) can0 0000F001#0000000000000000
(1779322655.071741) can0 18FF28F4#10320000020C0000
(1779322655.072723) can0 18FE28F4#0CD00CCF40400000
(1779322655.073741) can0 18FD28F4#1702FA6F00000000
(1779322655.074639) can0 4D4#000032007D0C0203
(1779322655.075639) can0 4D5#CF0CD00C40400000
(1779322655.076710) can0 18914010#0CD0100CCF020000
(1779322655.077716) can0 18904010#020C020C753001F8
(1779322655.078729) can0 18FA28F4#123EA12C10270000
(1779322655.079709) can0 18FB28F4#D00CCF0C40400000
(1779322655.080721) can0 18FC28F4#383200000C020000
(1779322655.081710) can0 18F810F3#0C02E80332640100
(1779322655.082741) can0 18F815F3#0000000010030000
(1779322655.083640) can0 273#000000000C023200
(1779322655.084641) can0 1E1#020C271001F801F8
(1779322655.085652) can0 1F5#0000000000000000
(1779322655.086749) can0 0800A6A9#0000000000000000
(1779322655.087697) can0 1000A6A9#0C028813324A4A4A
(1779322655.088722) can0 1C00A6A9#0000000000030000
(1779322655.089744) can0 02018100#1003020C00000000
(1779322655.090742) can0 02028100#0000003264000000
(1779322655.091723) can0 02038100#0CD001100CCF0102
(1779322655.092719) can0 02048100#4A01014A01010000
(1779322655.093621) can0 1AD#7F14000059321818
(1779322655.094633) can0 2AD#D00C800C7F140016
(1779322655.095647) can0 3AD#0000000000007F14
(1779322655.096648) can0 4AD#EB00000000000000
(1779322655.097659) can0 76A#7F00000000000000
(1779322655.160342) can0 0000E005#1702440003B60591
(1779322655.160896) can0 1806E5F4#13B3010003B6023A
(1779322655.161716) can0 0000E000#13B313B3020C0000
(1779322655.162735) can0 0000E004#181803B603B601DF
(1779322655.163695) can0 0000E006#0CCF0CCF0CCF0CCF
(1779322655.164697) can0 0000E007#0CCF0CCF0CCF0CCF
(1779322655.165687) can0 0000E008#0CCF0CCF0CCF0CCF
(1779322655.166695) can0 0000E009#0CCF0CCF0CCF0CD0
(1779322655.167753) can0 0000E010#0000000000000000
(1779322655.168742) can0 0000E011#0000000000000000
(1779322655.169734) can0 0000E012#0CCF000100000000
(1779322655.170754) can0 0000F001#0000000000000000
(1779322655.171735) can0 18FF28F4#10320000020C0000
(1779322655.172716) can0 18FE28F4#0CD00CCF40400000
(1779322655.173724) can0 18FD28F4#1702FA6F00000000
(1779322655.174633) can0 4D4#000032007D0C0203
(1779322655.175632) can0 4D5#CF0CD00C40400000
(1779322655.176729) can0 18914010#0CD0100CCF030000
(1779322655.177702) can0 18904010#020C020C753001F8
(1779322655.178722) can0 18FA28F4#123EA12C10270000
(1779322655.179702) can0 18FB28F4#D00CCF0C40400000
(1779322655.180717) can0 18FC28F4#383200000C020000
(1779322655.181715) can0 18F810F3#0C02E80332640100
(1779322655.182747) can0 18F815F3#0000000010030000
(1779322655.183653) can0 273#000000000C023200
(1779322655.184633) can0 1E1#020C271001F801F8
(1779322655.185640) can0 1F5#0000000000000000
(1779322655.186742) can0 0800A6A9#0000000000000000
(1779322655.187690) can0 1000A6A9#0C028813324A4A4A
(1779322655.188724) can0 1C00A6A9#0000000000030000
(1779322655.189734) can0 02018100#1003020C00000000
(1779322655.190735) can0 02028100#0000003264000000
(1779322655.191747) can0 02038100#0CD001100CCF0103
(1779322655.192717) can0 02048100#4A01014A01010000
(1779322655.193613) can0 1AD#7F14000059321818
(1779322655.194627) can0 2AD#D00C800C7F140016
(1779322655.195640) can0 3AD#0000000000007F14
(1779322655.196640) can0 4AD#EB00000000000000
(1779322655.197649) can0 76A#7F00000000000000
(1779322655.203635) can0 00000E00#00354C4331343233
(1779322655.260345) can0 0000E005#1702440003B60591
(1779322655.260888) can0 1806E5F4#13B3010003B6023A
(1779322655.261724) can0 0000E000#13B313B3020C0000
(1779322655.262721) can0 0000E004#181803B603B601DF
(1779322655.263702) can0 0000E006#0CCF0CCF0CCF0CCF
(1779322655.264704) can0 0000E007#0CCF0CCF0CCF0CCF
(1779322655.265701) can0 0000E008#0CCF0CCF0CCF0CCF
(1779322655.266697) can0 0000E009#0CCF0CCF0CCF0CD0
(1779322655.267748) can0 0000E010#0000000000000000
(1779322655.268779) can0 0000E011#0000000000000000
(1779322655.269722) can0 0000E012#0CCF000100000000
(1779322655.270741) can0 0000F001#0000000000000000
(1779322655.271721) can0 18FF28F4#10320000020C0000
(1779322655.272721) can0 18FE28F4#0CD00CCF40400000
(1779322655.273718) can0 18FD28F4#1702FA6F00000000
(1779322655.274638) can0 4D4#000032007D0C0203
(1779322655.275619) can0 4D5#CF0CD00C40400000
(1779322655.276749) can0 18914010#0CD0100CCF030000
(1779322655.277715) can0 18904010#020C020C753001F8
(1779322655.278716) can0 18FA28F4#123EA12C10270000
(1779322655.279710) can0 18FB28F4#D00CCF0C40400000
(1779322655.280723) can0 18FC28F4#383200000C020000
(1779322655.281700) can0 18F810F3#0C02E80332640100
(1779322655.282742) can0 18F815F3#0000000010030000
(1779322655.283639) can0 273#000000000C023200
(1779322655.284672) can0 1E1#020C271001F801F8
(1779322655.285647) can0 1F5#0000000000000000
(1779322655.286729) can0 0800A6A9#0000000000000000
(1779322655.287697) can0 1000A6A9#0C028813324A4A4A
(1779322655.288730) can0 1C00A6A9#0000000000030000
(1779322655.289741) can0 02018100#1003020C00000000
(1779322655.290742) can0 02028100#0000003264000000
(1779322655.291724) can0 02038100#0CD001100CCF0103
(1779322655.292768) can0 02048100#4A01014A01010000
(1779322655.293616) can0 1AD#7F14000059321818
(1779322655.294634) can0 2AD#D00C800C7F140016
(1779322655.295647) can0 3AD#0000000000007F14
(1779322655.296646) can0 4AD#EB00000000000000
(1779322655.297642) can0 76A#7F00000000000000
(1779322655.377339) can0 0000E005#1702440003B60591
(1779322655.377896) can0 1806E5F4#13B3010003B6023A
(1779322655.378727) can0 0000E000#13B313B3020C0000
(1779322655.379722) can0 0000E004#181803B603B601DF
(1779322655.380702) can0 0000E006#0CCF0CCF0CCF0CCF
(1779322655.381704) can0 0000E007#0CCF0CCF0CCF0CCF
(1779322655.382703) can0 0000E008#0CCF0CCF0CCF0CCF
(1779322655.383698) can0 0000E009#0CCF0CCF0CCF0CD0
(1779322655.384748) can0 0000E010#0000000000000000
(1779322655.385747) can0 0000E011#0000000000000000
(1779322655.386728) can0 0000E012#0CCF000100000000
(1779322655.387691) can0 0000E013#4542323630354C43
(1779322655.388721) can0 0000E014#3134323300000000
(1779322655.389740) can0 0000E015#0000000000000003
(1779322655.390755) can0 0000F000#0000000000000000
(1779322655.391734) can0 0000F001#0000000000000000
(1779322655.392736) can0 18FF28F4#10320000020C0000
(1779322655.393717) can0 18FE28F4#0CD00CCF40400000
(1779322655.394728) can0 18FD28F4#1702FA6F00000000
(1779322655.395630) can0 4D4#000032007D0C0203
(1779322655.396634) can0 4D5#CF0CD00C40400000
(1779322655.397710) can0 18914010#0CD0100CCF020000
(1779322655.398710) can0 18904010#020C020C753001F8
(1779322655.399732) can0 18924010#4001400100000000
(1779322655.400723) can0 18934010#000000840000BB2C
(1779322655.401738) can0 18944010#1003000000000000
(1779322655.402749) can0 18954010#0000000000000000
(1779322655.403749) can0 18954010#0100000000000000
(1779322655.404730) can0 18954010#0200000000000000
(1779322655.405749) can0 18954010#0300000000000000
(1779322655.406742) can0 18954010#0400000000000000
(1779322655.407738) can0 18954010#0500000000000000
(1779322655.408724) can0 18964010#0040404000000000
(1779322655.409736) can0 18974010#0000000000000000
(1779322655.410736) can0 18984010#0000000000000000
(1779322655.411709) can0 18FA28F4#123EA12C10270000
(1779322655.412712) can0 18FB28F4#D00CCF0C40400000
(1779322655.413723) can0 18FC28F4#383200000C020000
(1779322655.414724) can0 18F810F3#0C02E80332640100
(1779322655.415704) can0 18F811F3#D00C1001CF0C0201
(1779322655.416718) can0 18F812F3#4001014001010000
(1779322655.417731) can0 18F813F3#0101000000000000
(1779322655.418711) can0 18F814F3#3200EA1AA9015F00
(1779322655.419740) can0 18F815F3#0000000010030000
(1779322655.420642) can0 273#000000000C023200
(1779322655.421622) can0 1E1#020C271001F801F8
(1779322655.422666) can0 1F5#0000000000000000
(1779322655.423726) can0 0800A6A9#0000000000000000
(1779322655.424699) can0 1000A6A9#0C028813324A4A4A
(1779322655.425731) can0 1C00A6A9#0000000000030000
(1779322655.426744) can0 02018100#1003020C00000000
(1779322655.427743) can0 02028100#0000003264000000
(1779322655.428725) can0 02038100#0CD001100CCF0102
(1779322655.429718) can0 02048100#4A01014A01010000
(1779322655.430635) can0 1AD#7F14000059321818
(1779322655.431622) can0 2AD#D00C800C7F140016
(1779322655.432637) can0 3AD#0000000000007F14
(1779322655.433648) can0 4AD#EB00000000000000
(1779322655.434641) can0 76A#7F00000000000000
(1779322655.493280) can0 0000E005#1702440003B60591
(1779322655.493839) can0 1806E5F4#13B3010003B6023A
(1779322655.494723) can0 0000E000#13B313B3020C0000
(1779322655.495723) can0 0000E004#181803B603B601DF
(1779322655.496703) can0 0000E006#0CCF0CCF0CCF0CCF
(1779322655.497704) can0 0000E007#0CCF0CCF0CCF0CCF
(1779322655.498697) can0 0000E008#0CCF0CCF0CCF0CCF
(1779322655.499713) can0 0000E009#0CCF0CCF0CCF0CD0
(1779322655.500744) can0 0000E010#0000000000000000
(1779322655.501743) can0 0000E011#0000000000000000
(1779322655.502722) can0 0000E012#0CCF000100000000
(1779322655.503737) can0 0000F001#0000000000000000
(1779322655.504724) can0 18FF28F4#10320000020C0000
(1779322655.505704) can0 18FE28F4#0CD00CCF40400000
(1779322655.506717) can0 18FD28F4#1702FA6F00000000
(1779322655.507673) can0 4D4#000032007D0C0203
(1779322655.508621) can0 4D5#CF0CD00C40400000
(1779322655.509716) can0 18914010#0CD0100CCF020000
(1779322655.510711) can0 18904010#020C020C753001F8
(1779322655.511706) can0 18FA28F4#123EA12C10270000
(1779322655.512712) can0 18FB28F4#D00CCF0C40400000
(1779322655.513725) can0 18FC28F4#383200000C020000
(1779322655.514710) can0 18F810F3#0C02E80332640100
(1779322655.515768) can0 18F815F3#0000000010030000
(1779322655.516643) can0 273#000000000C023200
(1779322655.517622) can0 1E1#020C271001F801F8
(1779322655.518658) can0 1F5#0000000000000000
(1779322655.519733) can0 0800A6A9#0000000000000000
(1779322655.520702) can0 1000A6A9#0C028813324A4A4A
(1779322655.521731) can0 1C00A6A9#0000000000030000
(1779322655.522745) can0 02018100#1003020C00000000
(1779322655.523774) can0 02028100#0000003264000000
(1779322655.524728) can0 02038100#0CD001100CCF0102
(1779322655.525719) can0 02048100#4A01014A01010000
(1779322655.526622) can0 1AD#7F14000059321818
(1779322655.527616) can0 2AD#D00C800C7F140016
(1779322655.528631) can0 3AD#0000000000007F14
(1779322655.529643) can0 4AD#EB00000000000000
(1779322655.530644) can0 76A#7F00000000000000
(1779322655.593280) can0 0000E005#1702440003B60591
(1779322655.593840) can0 1806E5F4#13B3010003B6023A
(1779322655.594723) can0 0000E000#13B313B3020C0000
(1779322655.595717) can0 0000E004#181803B603B601DF
(1779322655.596682) can0 0000E006#0CCF0CCF0CCF0CCF
(1779322655.597696) can0 0000E007#0CCF0CCF0CCF0CCF
(1779322655.598698) can0 0000E008#0CCF0CCF0CCF0CCF
(1779322655.599697) can0 0000E009#0CCF0CCF0CCF0CD0
(1779322655.600788) can0 0000E010#0000000000000000
(1779322655.601743) can0 0000E011#0000000000000000
(1779322655.602722) can0 0000E012#0CCF000100000000
(1779322655.603735) can0 0000F001#0000000000000000
(1779322655.604724) can0 18FF28F4#10320000020C0000
(1779322655.605704) can0 18FE28F4#0CD00CCF40400000
(1779322655.606717) can0 18FD28F4#1702FA6F00000000
(1779322655.607634) can0 4D4#000032007D0C0203
(1779322655.608614) can0 4D5#CF0CD00C40400000
(1779322655.609710) can0 18914010#0CD0100CCF020000
(1779322655.610712) can0 18904010#020C020C753001F8
(1779322655.611710) can0 18FA28F4#123EA12C10270000
(1779322655.612692) can0 18FB28F4#D00CCF0C40400000
(1779322655.613725) can0 18FC28F4#383200000C020000
(1779322655.614704) can0 18F810F3#0C02E80332640100
(1779322655.615736) can0 18F815F3#0000000010030000
(1779322655.616623) can0 273#000000000C023200
(1779322655.617621) can0 1E1#020C271001F801F8
(1779322655.618653) can0 1F5#0000000000000000
(1779322655.619731) can0 0800A6A9#0000000000000000
(1779322655.620676) can0 1000A6A9#0C028813324A4A4A
(1779322655.621724) can0 1C00A6A9#0000000000030000
(1779322655.622725) can0 02018100#1003020C00000000
(1779322655.623724) can0 02028100#0000003264000000
(1779322655.624699) can0 02038100#0CD001100CCF0102
(1779322655.625719) can0 02048100#4A01014A01010000
(1779322655.626616) can0 1AD#7F14000059321818
(1779322655.627616) can0 2AD#D00C800C7F140016
(1779322655.628630) can0 3AD#0000000000007F14
(1779322655.629641) can0 4AD#EB00000000000000
(1779322655.630641) can0 76A#7F00000000000000
(1779322655.693343) can0 0000E005#1702440003B60591
(1779322655.693884) can0 1806E5F4#13B3010003B6023A
(1779322655.694706) can0 0000E000#13B313B3020C0000
(1779322655.695720) can0 0000E004#181803B603B601DF
(1779322655.696687) can0 0000E006#0CCF0CCF0CCF0CCF
(1779322655.697681) can0 0000E007#0CCF0CCF0CCF0CCF
(1779322655.698698) can0 0000E008#0CCF0CCF0CCF0CCF
(1779322655.699678) can0 0000E009#0CCF0CCF0CCF0CCF
(1779322655.700743) can0 0000E010#0000000000000000
(1779322655.701744) can0 0000E011#0000000000000000
(1779322655.702723) can0 0000E012#0CCF000000000000
(1779322655.703743) can0 0000F001#0000000000000000
(1779322655.704725) can0 18FF28F4#10320000020C0000
(1779322655.705704) can0 18FE28F4#0CCF0CCF40400000
(1779322655.706717) can0 18FD28F4#1702FA6F00000000
(1779322655.707622) can0 4D4#000032007D0C0203
(1779322655.708624) can0 4D5#CF0CCF0C40400000
(1779322655.709697) can0 18914010#0CCF010CCF020000
(1779322655.710700) can0 18904010#020C020C753001F8
(1779322655.711711) can0 18FA28F4#123EA12C10270000
(1779322655.712693) can0 18FB28F4#CF0CCF0C40400000
(1779322655.713712) can0 18FC28F4#383200000C020000
(1779322655.714706) can0 18F810F3#0C02E80332640100
(1779322655.715737) can0 18F815F3#0000000010030000
(1779322655.716624) can0 273#000000000C023200
(1779322655.717613) can0 1E1#020C271001F801F8
(1779322655.718647) can0 1F5#0000000000000000
(1779322655.719732) can0 0800A6A9#0000000000000000
(1779322655.720681) can0 1000A6A9#0C028813324A4A4A
(1779322655.721722) can0 1C00A6A9#0000000000030000
(1779322655.722757) can0 02018100#1003020C00000000
(1779322655.723724) can0 02028100#0000003264000000
(1779322655.724706) can0 02038100#0CCF01010CCF0102
(1779322655.725719) can0 02048100#4A01014A01010000
(1779322655.726616) can0 1AD#7F14000059321818
(1779322655.727616) can0 2AD#CF0C800C7F140016
(1779322655.728631) can0 3AD#0000000000007F14
(1779322655.729636) can0 4AD#EB00000000000000
(1779322655.730668) can0 76A#7F00000000000000
(1779322655.793274) can0 0000E005#1702440003B60591
(1779322655.793829) can0 1806E5F4#13B3010003B6023A
(1779322655.794711) can0 0000E000#13B313B3020C0000
(1779322655.795712) can0 0000E004#181803B603B601DF
(1779322655.796692) can0 0000E006#0CCF0CCF0CCF0CCF
(1779322655.797691) can0 0000E007#0CCF0CCF0CCF0CCF
(1779322655.798692) can0 0000E008#0CCF0CCF0CCF0CCF
(1779322655.799704) can0 0000E009#0CCF0CCF0CCF0CCF
(1779322655.800736) can0 0000E010#0000000000000000
(1779322655.801737) can0 0000E011#0000000000000000
(1779322655.802710) can0 0000E012#0CCF000000000000
(1779322655.803729) can0 0000F001#0000000000000000
(1779322655.804712) can0 18FF28F4#10320000020C0000
(1779322655.805698) can0 18FE28F4#0CCF0CCF40400000
(1779322655.806704) can0 18FD28F4#1702FA6F00000000
(1779322655.807661) can0 4D4#000032007D0C0203
(1779322655.808610) can0 4D5#CF0CCF0C40400000
(1779322655.809705) can0 18914010#0CCF010CCF020000
(1779322655.810706) can0 18904010#020C020C753001F8
(1779322655.811705) can0 18FA28F4#123EA12C10270000
(1779322655.812700) can0 18FB28F4#CF0CCF0C40400000
(1779322655.813718) can0 18FC28F4#383200000C020000
(1779322655.814696) can0 18F810F3#0C02E80332640100
(1779322655.815763) can0 18F815F3#0000000010030000
(1779322655.816630) can0 273#000000000C023200
(1779322655.817629) can0 1E1#020C271001F801F8
(1779322655.818643) can0 1F5#0000000000000000
(1779322655.819726) can0 0800A6A9#0000000000000000
(1779322655.820687) can0 1000A6A9#0C028813324A4A4A
(1779322655.821718) can0 1C00A6A9#0000000000030000
(1779322655.822732) can0 02018100#1003020C00000000
(1779322655.823763) can0 02028100#0000003264000000
(1779322655.824712) can0 02038100#0CCF01010CCF0102
(1779322655.825713) can0 02048100#4A01014A01010000
(1779322655.826604) can0 1AD#7F14000059321818
(1779322655.827604) can0 2AD#CF0C800C7F140016
(1779322655.828637) can0 3AD#0000000000007F14
(1779322655.829636) can0 4AD#EB00000000000000
(1779322655.830628) can0 76A#7F00000000000000
(1779322655.910281) can0 0000E005#1702440003B60591
(1779322655.910838) can0 1806E5F4#13B3010003B6023A
(1779322655.911717) can0 0000E000#13B313B3020C0000
(1779322655.912715) can0 0000E004#181803B603B601DF
(1779322655.913699) can0 0000E006#0CCF0CCF0CCF0CCF
(1779322655.914690) can0 0000E007#0CCF0CCF0CCF0CCF
(1779322655.915693) can0 0000E008#0CCF0CCF0CCF0CCF
(1779322655.916673) can0 0000E009#0CCF0CCF0CCF0CCF
(1779322655.917736) can0 0000E010#0000000000000000
(1779322655.918738) can0 0000E011#0000000000000000
(1779322655.919717) can0 0000E012#0CCF000000000000
(1779322655.920678) can0 0000E013#4542323630354C43
(1779322655.921713) can0 0000E014#3134323300000000
(1779322655.922731) can0 0000E015#0000000000000003
(1779322655.923742) can0 0000F000#0000000000000000
(1779322655.924727) can0 0000F001#0000000000000000
(1779322655.925725) can0 18FF28F4#10320000020C0000
(1779322655.926691) can0 18FE28F4#0CCF0CCF40400000
(1779322655.927719) can0 18FD28F4#1702FA6F00000000
(1779322655.928620) can0 4D4#000032007D0C0203
(1779322655.929614) can0 4D5#CF0CCF0C40400000
(1779322655.930701) can0 18914010#0CCF010CCF020000
(1779322655.931700) can0 18904010#020C020C753001F8
(1779322655.932726) can0 18924010#4001400100000000
(1779322655.933713) can0 18934010#000000850000BB2C
(1779322655.934725) can0 18944010#1003000000000000
(1779322655.935736) can0 18954010#0000000000000000
(1779322655.936740) can0 18954010#0100000000000000
(1779322655.937738) can0 18954010#0200000000000000
(1779322655.938731) can0 18954010#0300000000000000
(1779322655.939733) can0 18954010#0400000000000000
(1779322655.940727) can0 18954010#0500000000000000
(1779322655.941724) can0 18964010#0040404000000000
(1779322655.942727) can0 18974010#0000000000000000
(1779322655.943719) can0 18984010#0000000000000000
(1779322655.944695) can0 18FA28F4#123EA12C10270000
(1779322655.945701) can0 18FB28F4#CF0CCF0C40400000
(1779322655.946713) can0 18FC28F4#383200000C020000
(1779322655.947692) can0 18F810F3#0C02E80332640100
(1779322655.948696) can0 18F811F3#CF0C0101CF0C0201
(1779322655.949707) can0 18F812F3#4001014001010000
(1779322655.950732) can0 18F813F3#0101000000000000
(1779322655.951701) can0 18F814F3#3200EA1AA9015F00
(1779322655.952728) can0 18F815F3#0000000010030000
(1779322655.953641) can0 273#000000000C023200
(1779322655.954625) can0 1E1#020C271001F801F8
(1779322655.955637) can0 1F5#0000000000000000
(1779322655.956712) can0 0800A6A9#0000000000000000
(1779322655.957683) can0 1000A6A9#0C028813324A4A4A
(1779322655.958714) can0 1C00A6A9#0000000000030000
(1779322655.959725) can0 02018100#1003020C00000000
(1779322655.960728) can0 02028100#0000003264000000
(1779322655.961740) can0 02038100#0CCF01010CCF0102
(1779322655.962709) can0 02048100#4A01014A01010000
(1779322655.963611) can0 1AD#7F14000059321818
(1779322655.964604) can0 2AD#CF0C800C7F140016
(1779322655.965636) can0 3AD#0000000000007F14
(1779322655.966641) can0 4AD#EB00000000000000
(1779322655.967632) can0 76A#7F00000000000000
(1779322656.026273) can0 0000E005#1702440003B60591
(1779322656.026842) can0 1806E5F4#13B3010003B6023A
(1779322656.027706) can0 0000E000#13B313B3020C0000
(1779322656.028705) can0 0000E004#181803B603B601DF
(1779322656.029688) can0 0000E006#0CCF0CCF0CCF0CCF
(1779322656.030700) can0 0000E007#0CCF0CCF0CCF0CCF
(1779322656.031680) can0 0000E008#0CCF0CCF0CCF0CCF
(1779322656.032682) can0 0000E009#0CCF0CCF0CCF0CCF
(1779322656.033725) can0 0000E010#0000000000000000
(1779322656.034724) can0 0000E011#0000000000000000
(1779322656.035713) can0 0000E012#0CCF000000000000
(1779322656.036726) can0 0000F001#0000000000000000
(1779322656.037702) can0 18FF28F4#10320000020C0000
(1779322656.038721) can0 18FE28F4#0CCF0CCF40400000
(1779322656.039700) can0 18FD28F4#1702FA6F00000000
(1779322656.040616) can0 4D4#000032007D0C0203
(1779322656.041612) can0 4D5#CF0CCF0C40400000
(1779322656.042694) can0 18914010#0CCF010CCF020000
(1779322656.043692) can0 18904010#020C020C753001F8
(1779322656.044709) can0 18FA28F4#123EA12C10270000
(1779322656.045687) can0 18FB28F4#CF0CCF0C40400000
(1779322656.046756) can0 18FC28F4#383200000C020000
(1779322656.047689) can0 18F810F3#0C02E80332640100
(1779322656.048720) can0 18F815F3#0000000010030000
(1779322656.049618) can0 273#000000000C023200
(1779322656.050618) can0 1E1#020C271001F801F8
(1779322656.051636) can0 1F5#0000000000000000
(1779322656.052713) can0 0800A6A9#0000000000000000
(1779322656.053683) can0 1000A6A9#0C028813324A4A4A
(1779322656.054759) can0 1C00A6A9#0000000000030000
(1779322656.055724) can0 02018100#1003020C00000000
(1779322656.056728) can0 02028100#0000003264000000
(1779322656.057696) can0 02038100#0CCF01010CCF0102
(1779322656.058699) can0 02048100#4A01014A01010000
(1779322656.059613) can0 1AD#7F14000059321818
(1779322656.060613) can0 2AD#CF0C800C7F140016
(1779322656.061622) can0 3AD#0000000000007F14
(1779322656.062639) can0 4AD#EB00000000000000
(1779322656.063631) can0 76A#7F00000000000000
(1779322656.126317) can0 0000E005#1702440003B60591
(1779322656.126877) can0 1806E5F4#13B3010003B6023A
(1779322656.127706) can0 0000E000#13B313B3020C0000
(1779322656.128705) can0 0000E004#181803B603B601DF
(1779322656.129687) can0 0000E006#0CCF0CCF0CCF0CCF
(1779322656.130687) can0 0000E007#0CCF0CCF0CCF0CCF
(1779322656.131730) can0 0000E008#0CCF0CCF0CCF0CCF
(1779322656.132670) can0 0000E009#0CCF0CCF0CCF0CCF
(1779322656.133725) can0 0000E010#0000000000000000
(1779322656.134729) can0 0000E011#0000000000000000
(1779322656.135713) can0 0000E012#0CCF000000000000
(1779322656.136725) can0 0000F001#0000000000000000
(1779322656.137705) can0 18FF28F4#10320000020C0000
(1779322656.138688) can0 18FE28F4#0CCF0CCF40400000
(1779322656.139707) can0 18FD28F4#1702FA6F00000000
(1779322656.140616) can0 4D4#000032007D0C0203
(1779322656.141619) can0 4D5#CF0CCF0C40400000
(1779322656.142700) can0 18914010#0CCF010CCF020000
(1779322656.143692) can0 18904010#020C020C753001F8
(1779322656.144714) can0 18FA28F4#123EA12C10270000
(1779322656.145687) can0 18FB28F4#CF0CCF0C40400000
(1779322656.146705) can0 18FC28F4#383200000C020000
(1779322656.147689) can0 18F810F3#0C02E80332640100
(1779322656.148720) can0 18F815F3#0000000010030000
(1779322656.149616) can0 273#000000000C023200
(1779322656.150619) can0 1E1#020C271001F801F8
(1779322656.151631) can0 1F5#0000000000000000
(1779322656.152713) can0 0800A6A9#0000000000000000
(1779322656.153673) can0 1000A6A9#0C028813324A4A4A
(1779322656.154707) can0 1C00A6A9#0000000000030000
(1779322656.155719) can0 02018100#1003020C00000000
(1779322656.156722) can0 02028100#0000003264000000
(1779322656.157695) can0 02038100#0CCF01010CCF0102
(1779322656.158700) can0 02048100#4A01014A01010000
(1779322656.159619) can0 1AD#7F14000059321818
(1779322656.160620) can0 2AD#CF0C800C7F140016
(1779322656.161616) can0 3AD#0000000000007F14
(1779322656.162639) can0 4AD#EB00000000000000
(1779322656.163631) can0 76A#7F00000000000000
(1779322656.226263) can0 0000E005#1702440003B60591
(1779322656.226816) can0 1806E5F4#13B3010003B6023A
(1779322656.227706) can0 0000E000#13B313B3020C0000
(1779322656.228705) can0 0000E004#181803B603B601DF
(1779322656.229687) can0 0000E006#0CCF0CCF0CCF0CCF
(1779322656.230674) can0 0000E007#0CCF0CCF0CCF0CCF
(1779322656.231679) can0 0000E008#0CCF0CCF0CCF0CCF
(1779322656.232681) can0 0000E009#0CCF0CCF0CCF0CD0
(1779322656.233722) can0 0000E010#0000000000000000
(1779322656.234723) can0 0000E011#0000000000000000
(1779322656.235707) can0 0000E012#0CCF000100000000
(1779322656.236716) can0 0000F001#0000000000000000
(1779322656.237717) can0 18FF28F4#10320000020C0000
(1779322656.238701) can0 18FE28F4#0CD00CCF40400000
(1779322656.239697) can0 18FD28F4#1702FA6F00000000
(1779322656.240623) can0 4D4#000032007D0C0203
(1779322656.241623) can0 4D5#CF0CD00C40400000
(1779322656.242689) can0 18914010#0CD0100CCF020000
(1779322656.243692) can0 18904010#020C020C753001F8
(1779322656.244694) can0 18FA28F4#123EA12C10270000
(1779322656.245684) can0 18FB28F4#D00CCF0C40400000
(1779322656.246705) can0 18FC28F4#383200000C020000
(1779322656.247687) can0 18F810F3#0C02E80332640100
(1779322656.248717) can0 18F815F3#0000000010030000
(1779322656.249621) can0 273#000000000C023200
(1779322656.250623) can0 1E1#020C271001F801F8
(1779322656.251621) can0 1F5#0000000000000000
(1779322656.252706) can0 0800A6A9#0000000000000000
(1779322656.253695) can0 1000A6A9#0C028813324A4A4A
(1779322656.254698) can0 1C00A6A9#0000000000030000
(1779322656.255718) can0 02018100#1003020C00000000
(1779322656.256720) can0 02028100#0000003264000000
(1779322656.257698) can0 02038100#0CD001100CCF0102
(1779322656.258692) can0 02048100#4A01014A01010000
(1779322656.259626) can0 1AD#7F14000059321818
(1779322656.260622) can0 2AD#D00C800C7F140016
(1779322656.261648) can0 3AD#0000000000007F14
(1779322656.262634) can0 4AD#EB00000000000000
(1779322656.263621) can0 76A#7F00000000000000
(1779322656.326262) can0 0000E005#1702440003B60591
(1779322656.326822) can0 1806E5F4#13B3010003B6023A
(1779322656.327694) can0 0000E000#13B313B3020C0000
(1779322656.328704) can0 0000E004#181803B603B601DF
(1779322656.329686) can0 0000E006#0CCF0CCF0CCF0CCF
(1779322656.330696) can0 0000E007#0CCF0CCF0CCF0CCF
(1779322656.331678) can0 0000E008#0CCF0CCF0CCF0CCF
(1779322656.332681) can0 0000E009#0CCF0CCF0CCF0CD0
(1779322656.333722) can0 0000E010#0000000000000000
(1779322656.334723) can0 0000E011#0000000000000000
(1779322656.335707) can0 0000E012#0CCF000100000000
(1779322656.336723) can0 0000F001#0000000000000000
(1779322656.337704) can0 18FF28F4#10320000020C0000
(1779322656.338720) can0 18FE28F4#0CD00CCF40400000
(1779322656.339696) can0 18FD28F4#1702FA6F00000000
(1779322656.340629) can0 4D4#000032007D0C0203
(1779322656.341631) can0 4D5#CF0CD00C40400000
(1779322656.342691) can0 18914010#0CD0100CCF020000
(1779322656.343691) can0 18904010#020C020C753001F8
(1779322656.344695) can0 18FA28F4#123EA12C10270000
(1779322656.345684) can0 18FB28F4#D00CCF0C40400000
(1779322656.346736) can0 18FC28F4#383200000C020000
(1779322656.347686) can0 18F810F3#0C02E80332640100
(1779322656.348717) can0 18F815F3#0000000010030000
(1779322656.349628) can0 273#000000000C023200
(1779322656.350632) can0 1E1#020C271001F801F8
(1779322656.351627) can0 1F5#0000000000000000
(1779322656.352725) can0 0800A6A9#0000000000000000
(1779322656.353677) can0 1000A6A9#0C028813324A4A4A
(1779322656.354749) can0 1C00A6A9#0000000000030000
(1779322656.355718) can0 02018100#1003020C00000000
(1779322656.356723) can0 02028100#0000003264000000
(1779322656.357698) can0 02038100#0CD001100CCF0102
(1779322656.358693) can0 02048100#4A01014A01010000
(1779322656.359632) can0 1AD#7F14000059321818
(1779322656.360628) can0 2AD#D00C800C7F140016
(1779322656.361630) can0 3AD#0000000000007F14
(1779322656.362676) can0 4AD#EB00000000000000
(1779322656.363627) can0 76A#7F00000000000000
(1779322656.443252) can0 0000E005#1702440003B60591
(1779322656.443817) can0 1806E5F4#13B3010003B6023A
(1779322656.444697) can0 0000E000#13B313B3020C0000
(1779322656.445699) can0 0000E004#181803B603B601DF
(1779322656.446681) can0 0000E006#0CCF0CCF0CCF0CCF
(1779322656.447678) can0 0000E007#0CCF0CCF0CCF0CCF
(1779322656.448674) can0 0000E008#0CCF0CCF0CCF0CCF
(1779322656.449667) can0 0000E009#0CCF0CCF0CCF0CD0
(1779322656.450716) can0 0000E010#0000000000000000
(1779322656.451718) can0 0000E011#0000000000000000
(1779322656.452702) can0 0000E012#0CCF000100000000
(1779322656.453664) can0 0000E013#4542323630354C43
(1779322656.454699) can0 0000E014#3134323300000000
(1779322656.455715) can0 0000E015#0000000000000003
(1779322656.456724) can0 0000F000#0000000000000000
(1779322656.457726) can0 0000F001#0000000000000000
(1779322656.458707) can0 18FF28F4#10320000020C0000
(1779322656.459685) can0 18FE28F4#0CD00CCF40400000
(1779322656.460706) can0 18FD28F4#1702FA6F00000000
(1779322656.461639) can0 4D4#000032007D0C0203
(1779322656.462634) can0 4D5#CF0CD00C40400000
(1779322656.463693) can0 18914010#0CD0100CCF010000
(1779322656.464691) can0 18904010#020C020C753001F8
(1779322656.465696) can0 18924010#4001400100000000
(1779322656.466687) can0 18934010#000000860000BB2C
(1779322656.467703) can0 18944010#1003000000000000
(1779322656.468725) can0 18954010#0000000000000000
(1779322656.469726) can0 18954010#0100000000000000
(1779322656.470729) can0 18954010#0200000000000000
(1779322656.471718) can0 18954010#0300000000000000
(1779322656.472721) can0 18954010#0400000000000000
(1779322656.473700) can0 18954010#0500000000000000
(1779322656.474718) can0 18964010#0040404000000000
(1779322656.475713) can0 18974010#0000000000000000
(1779322656.476730) can0 18984010#0000000000000000
(1779322656.477689) can0 18FA28F4#123EA12C10270000
(1779322656.478674) can0 18FB28F4#D00CCF0C40400000
(1779322656.479704) can0 18FC28F4#383200000C020000
(1779322656.480681) can0 18F810F3#0C02E80332640100
(1779322656.481681) can0 18F811F3#D00C1001CF0C0101
(1779322656.482698) can0 18F812F3#4001014001010000
(1779322656.483706) can0 18F813F3#0101000000000000
(1779322656.484708) can0 18F814F3#3200EA1AA9015F00
(1779322656.485702) can0 18F815F3#0000000010030000
(1779322656.486636) can0 273#000000000C023200
(1779322656.487637) can0 1E1#020C271001F801F8
(1779322656.488641) can0 1F5#0000000000000000
(1779322656.489698) can0 0800A6A9#0000000000000000
(1779322656.490669) can0 1000A6A9#0C028813324A4A4A
(1779322656.491704) can0 1C00A6A9#0000000000030000
(1779322656.492745) can0 02018100#1003020C00000000
(1779322656.493715) can0 02028100#0000003264000000
(1779322656.494696) can0 02038100#0CD001100CCF0101
(1779322656.495694) can0 02048100#4A01014A01010000
(1779322656.496639) can0 1AD#7F14000059321818
(1779322656.497639) can0 2AD#D00C800C7F140016
(1779322656.498636) can0 3AD#0000000000007F14
(1779322656.499638) can0 4AD#EB00000000000000
(1779322656.500661) can0 76A#7F00000000000000
(1779322656.559309) can0 0000E005#1702440003B60591
(1779322656.559869) can0 1806E5F4#13B3010003B6023A
(1779322656.560691) can0 0000E000#13B313B3020C0000
(1779322656.561718) can0 0000E004#181803B603B601DF
(1779322656.562680) can0 0000E006#0CCF0CCF0CCF0CCF
(1779322656.563682) can0 0000E007#0CCF0CCF0CCF0CCF
(1779322656.564673) can0 0000E008#0CCF0CCF0CCF0CCF
(1779322656.565674) can0 0000E009#0CCF0CCF0CCF0CD0
(1779322656.566721) can0 0000E010#0000000000000000
(1779322656.567717) can0 0000E011#0000000000000000
(1779322656.568701) can0 0000E012#0CCF000100000000
(1779322656.569753) can0 0000F001#0000000000000000
(1779322656.570696) can0 18FF28F4#10320000020C0000
(1779322656.571684) can0 18FE28F4#0CD00CCF40400000
(1779322656.572696) can0 18FD28F4#1702FA6F00000000
(1779322656.573643) can0 4D4#000032007D0C0203
(1779322656.574646) can0 4D5#CF0CD00C40400000
(1779322656.575685) can0 18914010#0CD0100CCF010000
(1779322656.576684) can0 18904010#020C020C753001F8
(1779322656.577729) can0 18FA28F4#123EA12C10270000
(1779322656.578676) can0 18FB28F4#D00CCF0C40400000
(1779322656.579696) can0 18FC28F4#383200000C020000
(1779322656.580679) can0 18F810F3#0C02E80332640100
(1779322656.581710) can0 18F815F3#0000000010030000
(1779322656.582645) can0 273#000000000C023200
(1779322656.583646) can0 1E1#020C271001F801F8
(1779322656.584647) can0 1F5#0000000000000000
(1779322656.585754) can0 0800A6A9#0000000000000000
(1779322656.586678) can0 1000A6A9#0C028813324A4A4A
(1779322656.587704) can0 1C00A6A9#0000000000030000
(1779322656.588723) can0 02018100#1003020C00000000
(1779322656.589704) can0 02028100#0000003264000000
(1779322656.590692) can0 02038100#0CD001100CCF0101
(1779322656.591697) can0 02048100#4A01014A01010000
(1779322656.592648) can0 1AD#7F14000059321818
(1779322656.593647) can0 2AD#D00C800C7F140016
(1779322656.594646) can0 3AD#0000000000007F14
(1779322656.595648) can0 4AD#EB00000000000000
(1779322656.596648) can0 76A#7F00000000000000
(1779322656.659297) can0 0000E005#1702440003B60591
(1779322656.659856) can0 1806E5F4#13B3010003B6023A
(1779322656.660697) can0 0000E000#13B313B3020C0000
(1779322656.661709) can0 0000E004#181803B603B601DF
(1779322656.662722) can0 0000E006#0CCF0CCF0CCF0CCF
(1779322656.663667) can0 0000E007#0CCF0CCF0CCF0CCF
(1779322656.664671) can0 0000E008#0CCF0CCF0CCF0CCF
(1779322656.665671) can0 0000E009#0CCF0CCF0CCF0CD0
(1779322656.666715) can0 0000E010#0000000000000000
(1779322656.667712) can0 0000E011#0000000000000000
(1779322656.668716) can0 0000E012#0CCF000100000000
(1779322656.669729) can0 0000F001#0000000000000000
(1779322656.670696) can0 18FF28F4#10320000020C0000
(1779322656.671691) can0 18FE28F4#0CD00CCF40400000
(1779322656.672694) can0 18FD28F4#1702FA6F00000000
(1779322656.673654) can0 4D4#000032007D0C0203
(1779322656.674653) can0 4D5#CF0CD00C40400000
(1779322656.675691) can0 18914010#0CD0100CCF010000
(1779322656.676690) can0 18904010#020C020C753001F8
(1779322656.677691) can0 18FA28F4#123EA12C10270000
(1779322656.678690) can0 18FB28F4#D00CCF0C40400000
(1779322656.679698) can0 18FC28F4#383200000C020000
(1779322656.680685) can0 18F810F3#0C02E80332640100
(1779322656.681717) can0 18F815F3#0000000010030000
(1779322656.682652) can0 273#000000000C023200
(1779322656.683653) can0 1E1#020C271001F801F8
(1779322656.684654) can0 1F5#0000000000000000
(1779322656.685710) can0 0800A6A9#0000000000000000
(1779322656.686678) can0 1000A6A9#0C028813324A4A4A
(1779322656.687699) can0 1C00A6A9#0000000000030000
(1779322656.688723) can0 02018100#1003020C00000000
(1779322656.689705) can0 02028100#0000003264000000
(1779322656.690698) can0 02038100#0CD001100CCF0101
(1779322656.691691) can0 02048100#4A01014A01010000
(1779322656.692589) can0 1AD#7F14000059321818
(1779322656.693653) can0 2AD#D00C800C7F140016
(1779322656.694653) can0 3AD#0000000000007F14
(1779322656.695653) can0 4AD#EB00000000000000
(1779322656.696654) can0 76A#7F00000000000000
(1779322656.759265) can0 0000E005#1702440003B60591
(1779322656.759824) can0 1806E5F4#13B3010003B6023A
(1779322656.760690) can0 0000E000#13B313B3020C0000
(1779322656.761708) can0 0000E004#181803B603B601DF
(1779322656.762671) can0 0000E006#0CCF0CCF0CCF0CCF
(1779322656.763666) can0 0000E007#0CCF0CCF0CCF0CCF
(1779322656.764671) can0 0000E008#0CCF0CCF0CCF0CCF
(1779322656.765664) can0 0000E009#0CCF0CCF0CCF0CD0
(1779322656.766716) can0 0000E010#0000000000000000
(1779322656.767715) can0 0000E011#0000000000000000
(1779322656.768711) can0 0000E012#0CCF000100000000
(1779322656.769709) can0 0000F001#0000000000000000
(1779322656.770690) can0 18FF28F4#10320000020C0000
(1779322656.771689) can0 18FE28F4#0CD00CCF40400000
(1779322656.772690) can0 18FD28F4#1702FA6F00000000
(1779322656.773663) can0 4D4#000032007D0C0203
(1779322656.774601) can0 4D5#CF0CD00C40400000
(1779322656.775690) can0 18914010#0CD0100CCF020000
(1779322656.776698) can0 18904010#020C020C753001F8
(1779322656.777691) can0 18FA28F4#123EA12C10270000
(1779322656.778691) can0 18FB28F4#D00CCF0C40400000
(1779322656.779690) can0 18FC28F4#383200000C020000
(1779322656.780692) can0 18F810F3#0C02E80332640100
(1779322656.781704) can0 18F815F3#0000000010030000
(1779322656.782599) can0 273#000000000C023200
(1779322656.783595) can0 1E1#020C271001F801F8
(1779322656.784660) can0 1F5#0000000000000000
(1779322656.785710) can0 0800A6A9#0000000000000000
(1779322656.786678) can0 1000A6A9#0C028813324A4A4A
(1779322656.787706) can0 1C00A6A9#0000000000030000
(1779322656.788704) can0 02018100#1003020C00000000
(1779322656.789704) can0 02028100#0000003264000000
(1779322656.790704) can0 02038100#0CD001100CCF0102
(1779322656.791697) can0 02048100#4A01014A01010000
(1779322656.792661) can0 1AD#7F14000059321818
(1779322656.793601) can0 2AD#D00C800C7F140016
(1779322656.794659) can0 3AD#0000000000007F14
(1779322656.795660) can0 4AD#EB00000000000000
(1779322656.796661) can0 76A#7F00000000000000
(1779322656.859296) can0 0000E005#1702440003B60591
(1779322656.859857) can0 1806E5F4#13B3010003B6023A
(1779322656.860688) can0 0000E000#13B313B3020C0000
(1779322656.861708) can0 0000E004#181803B603B601DF
(1779322656.862670) can0 0000E006#0CCF0CCF0CCF0CCF
(1779322656.863670) can0 0000E007#0CCF0CCF0CCF0CCF
(1779322656.864664) can0 0000E008#0CCF0CCF0CCF0CCF
(1779322656.865664) can0 0000E009#0CCF0CCF0CCF0CD0
(1779322656.866716) can0 0000E010#0000000000000000
(1779322656.867715) can0 0000E011#0000000000000000
(1779322656.868695) can0 0000E012#0CCF000100000000
(1779322656.869742) can0 0000F001#0000000000000000
(1779322656.870691) can0 18FF28F4#10320000020C0000
(1779322656.871691) can0 18FE28F4#0CD00CCF40400000
(1779322656.872689) can0 18FD28F4#1702FA6F00000000
(1779322656.873603) can0 4D4#000032007D0C0203
(1779322656.874586) can0 4D5#CF0CD00C40400000
(1779322656.875685) can0 18914010#0CD0100CCF020000
(1779322656.876685) can0 18904010#020C020C753001F8
(1779322656.877710) can0 18FA28F4#123EA12C10270000
(1779322656.878678) can0 18FB28F4#D00CCF0C40400000
(1779322656.879691) can0 18FC28F4#383200000C020000
(1779322656.880674) can0 18F810F3#0C02E80332640100
(1779322656.881703) can0 18F815F3#0000000010030000
(1779322656.882600) can0 273#000000000C023200
(1779322656.883599) can0 1E1#020C271001F801F8
(1779322656.884666) can0 1F5#0000000000000000
(1779322656.885742) can0 0800A6A9#0000000000000000
(1779322656.886666) can0 1000A6A9#0C028813324A4A4A
(1779322656.887691) can0 1C00A6A9#0000000000030000
(1779322656.888704) can0 02018100#1003020C00000000
(1779322656.889704) can0 02028100#0000003264000000
(1779322656.890698) can0 02038100#0CD001100CCF0102
(1779322656.891697) can0 02048100#4A01014A01010000
(1779322656.892574) can0 1AD#7F14000059321818
(1779322656.893666) can0 2AD#D00C800C7F140016
(1779322656.894665) can0 3AD#0000000000007F14
(1779322656.895608) can0 4AD#EB00000000000000
(1779322656.896667) can0 76A#7F00000000000000
(1779322656.976303) can0 0000E005#1702440003B60591
(1779322656.976846) can0 1806E5F4#13B3010003B6023A
(1779322656.977698) can0 0000E000#13B313B3020C0000
(1779322656.978696) can0 0000E004#181803B603B601DF
(1779322656.979672) can0 0000E006#0CCF0CCF0CCF0CCF
(1779322656.980673) can0 0000E007#0CCF0CCF0CCF0CCF
(1779322656.981671) can0 0000E008#0CCF0CCF0CCF0CCF
(1779322656.982672) can0 0000E009#0CCF0CCF0CCF0CD0
(1779322656.983717) can0 0000E010#0000000000000000
(1779322656.984717) can0 0000E011#0000000000000000
(1779322656.985697) can0 0000E012#0CCF000100000000
(1779322656.986673) can0 0000E013#4542323630354C43
(1779322656.987697) can0 0000E014#3134323300000000
(1779322656.988713) can0 0000E015#0000000000000003
(1779322656.989711) can0 0000F000#0000000000000000
(1779322656.990710) can0 0000F001#0000000000000000
(1779322656.991692) can0 18FF28F4#10320000020C0000
(1779322656.992693) can0 18FE28F4#0CD00CCF40400000
(1779322656.993685) can0 18FD28F4#1702FA6F00000000
(1779322656.994599) can0 4D4#000032007D0C0203
(1779322656.995577) can0 4D5#CF0CD00C40400000
(1779322656.996679) can0 18914010#0CD0100CCF020000
(1779322656.997679) can0 18904010#020C020C753001F8
(1779322656.998689) can0 18924010#4001400100000000
(1779322656.999692) can0 18934010#000000870000BB2C
(1779322657.000712) can0 18944010#1003000000000000
(1779322657.001725) can0 18954010#0000000000000000
(1779322657.002723) can0 18954010#0100000000000000
(1779322657.003705) can0 18954010#0200000000000000
(1779322657.004719) can0 18954010#0300000000000000
(1779322657.005717) can0 18954010#0400000000000000
(1779322657.006697) can0 18954010#0500000000000000
(1779322657.007712) can0 18964010#0040404000000000
(1779322657.008711) can0 18974010#0000000000000000
(1779322657.009706) can0 18984010#0000000000000000
(1779322657.010690) can0 18FA28F4#123EA12C10270000
(1779322657.011673) can0 18FB28F4#D00CCF0C40400000
(1779322657.012700) can0 18FC28F4#383200000C020000
(1779322657.013680) can0 18F810F3#0C02E80332640100
(1779322657.014673) can0 18F811F3#D00C1001CF0C0201
(1779322657.015706) can0 18F812F3#4001014001010000
(1779322657.016705) can0 18F813F3#0101000000000000
(1779322657.017686) can0 18F814F3#3200EA1AA9015F00
(1779322657.018698) can0 18F815F3#0000000010030000
(1779322657.019589) can0 273#000000000C023200
(1779322657.020590) can0 1E1#020C271001F801F8
(1779322657.021674) can0 1F5#0000000000000000
(1779322657.022698) can0 0800A6A9#0000000000000000
(1779322657.023700) can0 1000A6A9#0C028813324A4A4A
(1779322657.024701) can0 1C00A6A9#0000000000030000
(1779322657.025713) can0 02018100#1003020C00000000
(1779322657.026712) can0 02028100#0000003264000000
(1779322657.027695) can0 02038100#0CD001100CCF0102
(1779322657.028695) can0 02048100#4A01014A01010000
(1779322657.029585) can0 1AD#7F14000059321818
(1779322657.030583) can0 2AD#D00C800C7F140016
(1779322657.031675) can0 3AD#0000000000007F14
(1779322657.032610) can0 4AD#EB00000000000000
(1779322657.033609) can0 76A#7F00000000000000
(1779322657.092287) can0 0000E005#1702440003B60591
(1779322657.092852) can0 1806E5F4#13B3010003B6023A
(1779322657.093685) can0 0000E000#13B313B3020C0000
(1779322657.094698) can0 0000E004#181803B603B601DF
(1779322657.095678) can0 0000E006#0CCF0CCF0CCF0CCF
(1779322657.096680) can0 0000E007#0CCF0CCF0CCF0CCF
(1779322657.097678) can0 0000E008#0CCF0CCF0CCF0CCF
(1779322657.098678) can0 0000E009#0CCF0CCF0CCF0CD0
(1779322657.099717) can0 0000E010#0000000000000000
(1779322657.100737) can0 0000E011#0000000000000000
(1779322657.101698) can0 0000E012#0CCF000100000000
(1779322657.102717) can0 0000F001#0000000000000000
(1779322657.103695) can0 18FF28F4#10320000020C0000
(1779322657.104679) can0 18FE28F4#0CD00CCF40400000
(1779322657.105692) can0 18FD28F4#1702FA6F00000000
(1779322657.106607) can0 4D4#000032007D0C0203
(1779322657.107582) can0 4D5#CF0CD00C40400000
(1779322657.108706) can0 18914010#0CD0100CCF020000
(1779322657.109686) can0 18904010#020C020C753001F8
(1779322657.110679) can0 18FA28F4#123EA12C10270000
(1779322657.111680) can0 18FB28F4#D00CCF0C40400000
(1779322657.112700) can0 18FC28F4#383200000C020000
(1779322657.113679) can0 18F810F3#0C02E80332640100
(1779322657.114712) can0 18F815F3#0000000010030000
(1779322657.115602) can0 273#000000000C023200
(1779322657.116679) can0 1E1#020C271001F801F8
(1779322657.117615) can0 1F5#0000000000000000
(1779322657.118699) can0 0800A6A9#0000000000000000
(1779322657.119679) can0 1000A6A9#0C028813324A4A4A
(1779322657.120694) can0 1C00A6A9#0000000000030000
(1779322657.121712) can0 02018100#1003020C00000000
(1779322657.122705) can0 02028100#0000003264000000
(1779322657.123688) can0 02038100#0CD001100CCF0102
(1779322657.124739) can0 02048100#4A01014A01010000
(1779322657.125577) can0 1AD#7F14000059321818
(1779322657.126591) can0 2AD#D00C800C7F140016
(1779322657.127604) can0 3AD#0000000000007F14
(1779322657.128609) can0 4AD#EB00000000000000
(1779322657.129597) can0 76A#7F00000000000000
(1779322657.192240) can0 0000E005#1702440003B60591
(1779322657.192797) can0 1806E5F4#13B3010003B6023A
(1779322657.193731) can0 0000E000#13B313B3020C0000
(1779322657.194693) can0 0000E004#181803B603B601DF
(1779322657.195685) can0 0000E006#0CCF0CCF0CCF0CCF
(1779322657.196687) can0 0000E007#0CCF0CCF0CCF0CCF
(1779322657.197686) can0 0000E008#0CCF0CCF0CCF0CCF
(1779322657.198685) can0 0000E009#0CCF0CCF0CCF0CD0
(1779322657.199711) can0 0000E010#0000000000000000
(1779322657.200710) can0 0000E011#0000000000000000
(1779322657.201743) can0 0000E012#0CCF000100000000
(1779322657.202725) can0 0000F001#0000000000000000
(1779322657.203686) can0 18FF28F4#10320000020C0000
(1779322657.204686) can0 18FE28F4#0CD00CCF40400000
(1779322657.205686) can0 18FD28F4#1702FA6F00000000
(1779322657.206597) can0 4D4#000032007D0C0203
(1779322657.207575) can0 4D5#CF0CD00C40400000
(1779322657.208687) can0 18914010#0CD0100CCF020000
(1779322657.209687) can0 18904010#020C020C753001F8
(1779322657.210686) can0 18FA28F4#123EA12C10270000
(1779322657.211687) can0 18FB28F4#D00CCF0C40400000
(1779322657.212688) can0 18FC28F4#383200000C020000
(1779322657.213686) can0 18F810F3#0C02E80332640100
(1779322657.214700) can0 18F815F3#0000000010030000
(1779322657.215591) can0 273#000000000C023200
(1779322657.216591) can0 1E1#020C271001F801F8
(1779322657.217616) can0 1F5#0000000000000000
(1779322657.218712) can0 0800A6A9#0000000000000000
(1779322657.219686) can0 1000A6A9#0C028813324A4A4A
(1779322657.220687) can0 1C00A6A9#0000000000030000
(1779322657.221701) can0 02018100#1003020C00000000
(1779322657.222700) can0 02028100#0000003264000000
(1779322657.223688) can0 02038100#0CD001100CCF0102
(1779322657.224688) can0 02048100#4A01014A01010000
(1779322657.225572) can0 1AD#7F14000059321818
(1779322657.226584) can0 2AD#D00C800C7F140016
(1779322657.227597) can0 3AD#0000000000007F14
(1779322657.228614) can0 4AD#EB00000000000000
(1779322657.229604) can0 76A#7F00000000000000
(1779322657.292308) can0 0000E005#1702440003B60591
(1779322657.292856) can0 1806E5F4#13B3010003B6023A
(1779322657.293694) can0 0000E000#13B313B3020C0000
(1779322657.294693) can0 0000E004#181803B603B601DF
(1779322657.295691) can0 0000E006#0CCF0CCF0CCF0CCF
(1779322657.296693) can0 0000E007#0CCF0CCF0CCF0CCF
(1779322657.297692) can0 0000E008#0CCF0CCF0CCF0CCF
(1779322657.298692) can0 0000E009#0CCF0CCF0CCF0CD0
(1779322657.299706) can0 0000E010#0000000000000000
(1779322657.300700) can0 0000E011#0000000000000000
(1779322657.301698) can0 0000E012#0CCF000100000000
(1779322657.302718) can0 0000F001#0000000000000000
(1779322657.303693) can0 18FF28F4#10320000020C0000
(1779322657.304693) can0 18FE28F4#0CD00CCF40400000
(1779322657.305693) can0 18FD28F4#1702FA6F00000000
(1779322657.306584) can0 4D4#000032007D0C0203
(1779322657.307582) can0 4D5#CF0CD00C40400000
(1779322657.308694) can0 18914010#0CD0100CCF040000
(1779322657.309693) can0 18904010#020C020C753001F8
(1779322657.310692) can0 18FA28F4#123EA12C10270000
(1779322657.311693) can0 18FB28F4#D00CCF0C40400000
(1779322657.312694) can0 18FC28F4#383200000C020000
(1779322657.313692) can0 18F810F3#0C02E80332640100
(1779322657.314700) can0 18F815F3#0000000010030000
(1779322657.315597) can0 273#000000000C023200
(1779322657.316589) can0 1E1#020C271001F801F8
(1779322657.317610) can0 1F5#0000000000000000
(1779322657.318694) can0 0800A6A9#0000000000000000
(1779322657.319692) can0 1000A6A9#0C028813324A4A4A
(1779322657.320693) can0 1C00A6A9#0000000000030000
(1779322657.321702) can0 02018100#1003020C00000000
(1779322657.322699) can0 02028100#0000003264000000
(1779322657.323694) can0 02038100#0CD001100CCF0104
(1779322657.324694) can0 02048100#4A01014A01010000
(1779322657.325576) can0 1AD#7F14000059321818
(1779322657.326584) can0 2AD#D00C800C7F140016
(1779322657.327597) can0 3AD#0000000000007F14
(1779322657.328591) can0 4AD#EB00000000000000
(1779322657.329591) can0 76A#7F00000000000000
(1779322657.392297) can0 0000E005#1702440003B60591
(1779322657.392853) can0 1806E5F4#13B3010003B6023A
(1779322657.393698) can0 0000E000#13B313B3020C0000
(1779322657.394698) can0 0000E004#181803B603B601DF
(1779322657.395698) can0 0000E006#0CCF0CCF0CCF0CCF
(1779322657.396700) can0 0000E007#0CCF0CCF0CCF0CCF
(1779322657.397699) can0 0000E008#0CCF0CCF0CCF0CCF
(1779322657.398698) can0 0000E009#0CCF0CCF0CCF0CD0
(1779322657.399712) can0 0000E010#0000000000000000
(1779322657.400726) can0 0000E011#0000000000000000
(1779322657.401698) can0 0000E012#0CCF000100000000
(1779322657.402699) can0 0000F001#0000000000000000
(1779322657.403699) can0 18FF28F4#10320000020C0000
(1779322657.404699) can0 18FE28F4#0CD00CCF40400000
(1779322657.405699) can0 18FD28F4#1702FA6F00000000
(1779322657.406590) can0 4D4#000032007D0C0203
(1779322657.407573) can0 4D5#CF0CD00C40400000
(1779322657.408706) can0 18914010#0CD0100CCF040000
(1779322657.409699) can0 18904010#020C020C753001F8
(1779322657.410698) can0 18FA28F4#123EA12C10270000
(1779322657.411700) can0 18FB28F4#D00CCF0C40400000
(1779322657.412700) can0 18FC28F4#383200000C020000
(1779322657.413699) can0 18F810F3#0C02E80332640100
(1779322657.414700) can0 18F815F3#0000000010030000
(1779322657.415598) can0 273#000000000C023200
(1779322657.416633) can0 1E1#020C271001F801F8
(1779322657.417612) can0 1F5#0000000000000000
(1779322657.418700) can0 0800A6A9#0000000000000000
(1779322657.419699) can0 1000A6A9#0C028813324A4A4A
(1779322657.420700) can0 1C00A6A9#0000000000030000
(1779322657.421700) can0 02018100#1003020C00000000
(1779322657.422700) can0 02028100#0000003264000000
(1779322657.423700) can0 02038100#0CD001100CCF0104
(1779322657.424725) can0 02048100#4A01014A01010000
(1779322657.425570) can0 1AD#7F14000059321818
(1779322657.426586) can0 2AD#D00C800C7F140016
(1779322657.427597) can0 3AD#0000000000007F14
(1779322657.428591) can0 4AD#EB00000000000000
(1779322657.429592) can0 76A#7F00000000000000
(1779322657.509286) can0 0000E005#1702440003B60591
(1779322657.509840) can0 1806E5F4#13B3010003B6023A
(1779322657.510706) can0 0000E000#13B313B3020C0000
(1779322657.511705) can0 0000E004#181803B603B601DF
(1779322657.512646) can0 0000E006#0CCF0CCF0CCF0CCF
(1779322657.513706) can0 0000E007#0CCF0CCF0CCF0CCF
(1779322657.514706) can0 0000E008#0CCF0CCF0CCF0CCF
(1779322657.515705) can0 0000E009#0CCF0CCF0CCF0CD0
(1779322657.516713) can0 0000E010#0000000000000000
(1779322657.517709) can0 0000E011#0000000000000000
(1779322657.518712) can0 0000E012#0CCF000100000000
(1779322657.519708) can0 0000E013#4542323630354C43
(1779322657.520708) can0 0000E014#3134323300000000
(1779322657.521706) can0 0000E015#0000000000000003
(1779322657.522708) can0 0000F000#0000000000000000
(1779322657.523710) can0 0000F001#0000000000000000
(1779322657.524710) can0 18FF28F4#10320000020C0000
(1779322657.525709) can0 18FE28F4#0CD00CCF40400000
(1779322657.526708) can0 18FD28F4#1702FA6F00000000
(1779322657.527590) can0 4D4#000032007D0C0203
(1779322657.528577) can0 4D5#CF0CD00C40400000
(1779322657.529709) can0 18914010#0CD0100CCF030000
(1779322657.530707) can0 18904010#020C020C753001F8
(1779322657.531707) can0 18924010#4001400100000000
(1779322657.532707) can0 18934010#000000880000BB2C
(1779322657.533707) can0 18944010#1003000000000000
(1779322657.534707) can0 18954010#0000000000000000
(1779322657.535707) can0 18954010#0100000000000000
(1779322657.536706) can0 18954010#0200000000000000
(1779322657.537707) can0 18954010#0300000000000000
(1779322657.538714) can0 18954010#0400000000000000
(1779322657.539706) can0 18954010#0500000000000000
(1779322657.540707) can0 18964010#0040404000000000
(1779322657.541708) can0 18974010#0000000000000000
(1779322657.542707) can0 18984010#0000000000000000
(1779322657.543708) can0 18FA28F4#123EA12C10270000
(1779322657.544708) can0 18FB28F4#D00CCF0C40400000
(1779322657.545708) can0 18FC28F4#383200000C020000
(1779322657.546708) can0 18F810F3#0C02E80332640100
(1779322657.547708) can0 18F811F3#D00C1001CF0C0301
(1779322657.548707) can0 18F812F3#4001014001010000
(1779322657.549709) can0 18F813F3#0101000000000000
(1779322657.550708) can0 18F814F3#3200EA1AA9015F00
(1779322657.551707) can0 18F815F3#0000000010030000
(1779322657.552594) can0 273#000000000C023200
(1779322657.553594) can0 1E1#020C271001F801F8
(1779322657.554617) can0 1F5#0000000000000000
(1779322657.555709) can0 0800A6A9#0000000000000000
(1779322657.556709) can0 1000A6A9#0C028813324A4A4A
(1779322657.557708) can0 1C00A6A9#0000000000030000
(1779322657.558709) can0 02018100#1003020C00000000
(1779322657.559709) can0 02028100#0000003264000000
(1779322657.560709) can0 02038100#0CD001100CCF0103
(1779322657.561708) can0 02048100#4A01014A01010000
(1779322657.562592) can0 1AD#7F14000059321818
(1779322657.563571) can0 2AD#D00C800C7F140016
(1779322657.564592) can0 3AD#0000000000007F14
(1779322657.565600) can0 4AD#EB00000000000000
(1779322657.566599) can0 76A#7F00000000000000
(1779322657.625237) can0 0000E005#1702440003B60591
(1779322657.625797) can0 1806E5F4#13B3010003B6023A
(1779322657.626713) can0 0000E000#13B313B3020C0000
(1779322657.627713) can0 0000E004#181803B603B601DF
(1779322657.628654) can0 0000E006#0CCF0CCF0CCF0CCF
(1779322657.629651) can0 0000E007#0CCF0CCF0CCF0CCF
(1779322657.630646) can0 0000E008#0CCF0CCF0CCF0CCF
(1779322657.631713) can0 0000E009#0CCF0CCF0CCF0CD0
(1779322657.632712) can0 0000E010#0000000000000000
(1779322657.633713) can0 0000E011#0000000000000000
(1779322657.634713) can0 0000E012#0CCF000100000000
(1779322657.635713) can0 0000F001#0000000000000000
(1779322657.636714) can0 18FF28F4#10320000020C0000
(1779322657.637714) can0 18FE28F4#0CD00CCF40400000
(1779322657.638713) can0 18FD28F4#1702FA6F00000000
(1779322657.639611) can0 4D4#000032007D0C0203
(1779322657.640582) can0 4D5#CF0CD00C40400000
(1779322657.641713) can0 18914010#0CD0100CCF030000
(1779322657.642713) can0 18904010#020C020C753001F8
(1779322657.643714) can0 18FA28F4#123EA12C10270000
(1779322657.644713) can0 18FB28F4#D00CCF0C40400000
(1779322657.645714) can0 18FC28F4#383200000C020000
(1779322657.646714) can0 18F810F3#0C02E80332640100
(1779322657.647726) can0 18F815F3#0000000010030000
(1779322657.648587) can0 273#000000000C023200
(1779322657.649589) can0 1E1#020C271001F801F8
(1779322657.650599) can0 1F5#0000000000000000
(1779322657.651714) can0 0800A6A9#0000000000000000
(1779322657.652649) can0 1000A6A9#0C028813324A4A4A
(1779322657.653714) can0 1C00A6A9#0000000000030000
(1779322657.654714) can0 02018100#1003020C00000000
(1779322657.655740) can0 02028100#0000003264000000
(1779322657.656715) can0 02038100#0CD001100CCF0103
(1779322657.657715) can0 02048100#4A01014A01010000
(1779322657.658572) can0 1AD#7F14000059321818
(1779322657.659583) can0 2AD#D00C800C7F140016
(1779322657.660599) can0 3AD#0000000000007F14
(1779322657.661597) can0 4AD#EB00000000000000
(1779322657.662589) can0 76A#7F00000000000000
(1779322657.725241) can0 0000E005#1702440003B60591
(1779322657.725798) can0 1806E5F4#13B3010003B6023A
(1779322657.726719) can0 0000E000#13B313B3020C0000
(1779322657.727720) can0 0000E004#181803B603B601DF
(1779322657.728649) can0 0000E006#0CCF0CCF0CCF0CCF
(1779322657.729646) can0 0000E007#0CCF0CCF0CCF0CCF
(1779322657.730648) can0 0000E008#0CCF0CCF0CCF0CCF
(1779322657.731648) can0 0000E009#0CCF0CCF0CCF0CD0
(1779322657.732745) can0 0000E010#0000000000000000
(1779322657.733720) can0 0000E011#0000000000000000
(1779322657.734721) can0 0000E012#0CCF000100000000
(1779322657.735719) can0 0000F001#0000000000000000
(1779322657.736722) can0 18FF28F4#10320000020C0000
(1779322657.737720) can0 18FE28F4#0CD00CCF40400000
(1779322657.738720) can0 18FD28F4#1702FA6F00000000
(1779322657.739578) can0 4D4#000032007D0C0203
(1779322657.740578) can0 4D5#CF0CD00C40400000
(1779322657.741719) can0 18914010#0CD0100CCF030000
(1779322657.742721) can0 18904010#020C020C753001F8
(1779322657.743662) can0 18FA28F4#123EA12C10270000
(1779322657.744660) can0 18FB28F4#D00CCF0C40400000
(1779322657.745722) can0 18FC28F4#383200000C020000
(1779322657.746655) can0 18F810F3#0C02E80332640100
(1779322657.747720) can0 18F815F3#0000000010030000
(1779322657.748586) can0 273#000000000C023200
(1779322657.749578) can0 1E1#020C271001F801F8
(1779322657.750596) can0 1F5#0000000000000000
(1779322657.751721) can0 0800A6A9#0000000000000000
(1779322657.752656) can0 1000A6A9#0C028813324A4A4A
(1779322657.753720) can0 1C00A6A9#0000000000030000
(1779322657.754721) can0 02018100#1003020C00000000
(1779322657.755721) can0 02028100#0000003264000000
(1779322657.756721) can0 02038100#0CD001100CCF0103
(1779322657.757721) can0 02048100#4A01014A01010000
(1779322657.758573) can0 1AD#7F14000059321818
(1779322657.759571) can0 2AD#D00C800C7F140016
(1779322657.760586) can0 3AD#0000000000007F14
(1779322657.761597) can0 4AD#EB00000000000000
(1779322657.762591) can0 76A#7F00000000000000
(1779322657.825280) can0 0000E005#1702440003B60591
(1779322657.825836) can0 1806E5F4#13B3010003B6023A
(1779322657.826726) can0 0000E000#13B313B3020C0000
(1779322657.827726) can0 0000E004#181803B603B601DF
(1779322657.828656) can0 0000E006#0CCF0CCF0CCF0CCF
(1779322657.829647) can0 0000E007#0CCF0CCF0CCF0CCF
(1779322657.830650) can0 0000E008#0CCF0CCF0CCF0CCF
(1779322657.831642) can0 0000E009#0CCF0CCF0CCF0CD0
(1779322657.832726) can0 0000E010#0000000000000000
(1779322657.833726) can0 0000E011#0000000000000000
(1779322657.834726) can0 0000E012#0CCF000100000000
(1779322657.835725) can0 0000F001#0000000000000000
(1779322657.836727) can0 18FF28F4#10320000020C0000
(1779322657.837727) can0 18FE28F4#0CD00CCF40400000
(1779322657.838726) can0 18FD28F4#1702FA6F00000000
(1779322657.839577) can0 4D4#000032007D0C0203
(1779322657.840578) can0 4D5#CF0CD00C40400000
(1779322657.841726) can0 18914010#0CD0100CCF040000
(1779322657.842727) can0 18904010#020C020C753001F8
(1779322657.843727) can0 18FA28F4#123EA12C10270000
(1779322657.844655) can0 18FB28F4#D00CCF0C40400000
(1779322657.845667) can0 18FC28F4#383200000C020000
(1779322657.846666) can0 18F810F3#0C02E80332640100
(1779322657.847726) can0 18F815F3#0000000010030000
(1779322657.848580) can0 273#000000000C023200
(1779322657.849578) can0 1E1#020C271001F801F8
(1779322657.850605) can0 1F5#0000000000000000
(1779322657.851728) can0 0800A6A9#0000000000000000
(1779322657.852645) can0 1000A6A9#0C028813324A4A4A
(1779322657.853727) can0 1C00A6A9#0000000000030000
(1779322657.854728) can0 02018100#1003020C00000000
(1779322657.855729) can0 02028100#0000003264000000
(1779322657.856663) can0 02038100#0CD001100CCF0104
(1779322657.857661) can0 02048100#4A01014A01010000
(1779322657.858559) can0 1AD#7F14000059321818
(1779322657.859571) can0 2AD#D00C800C7F140016
(1779322657.860585) can0 3AD#0000000000007F14
(1779322657.861598) can0 4AD#EB00000000000000
(1779322657.862605) can0 76A#7F00000000000000
(1779322657.925241) can0 0000E005#1702440003B60591
(1779322657.925786) can0 1806E5F4#13B3010003B6023A
(1779322657.926667) can0 0000E000#13B313B3020C0000
(1779322657.927733) can0 0000E004#181803B603B601DF
(1779322657.928638) can0 0000E006#0CCF0CCF0CCF0CCF
(1779322657.929634) can0 0000E007#0CCF0CCF0CCF0CCF
(1779322657.930636) can0 0000E008#0CCF0CCF0CCF0CCF
(1779322657.931649) can0 0000E009#0CCF0CCF0CCF0CD0
(1779322657.932733) can0 0000E010#0000000000000000
(1779322657.933734) can0 0000E011#0000000000000000
(1779322657.934674) can0 0000E012#0CCF000100000000
(1779322657.935732) can0 0000F001#0000000000000000
(1779322657.936668) can0 18FF28F4#10320000020C0000
(1779322657.937666) can0 18FE28F4#0CD00CCF40400000
(1779322657.938666) can0 18FD28F4#1702FA6F00000000
(1779322657.939614) can0 4D4#000032007D0C0203
(1779322657.940565) can0 4D5#CF0CD00C40400000
(1779322657.941655) can0 18914010#0CD0100CCF040000
(1779322657.942661) can0 18904010#020C020C753001F8
(1779322657.943662) can0 18FA28F4#123EA12C10270000
(1779322657.944649) can0 18FB28F4#D00CCF0C40400000
(1779322657.945673) can0 18FC28F4#383200000C020000
(1779322657.946650) can0 18F810F3#0C02E80332640100
(1779322657.947733) can0 18F815F3#0000000010030000
(1779322657.948585) can0 273#000000000C023200
(1779322657.949584) can0 1E1#020C271001F801F8
(1779322657.950597) can0 1F5#0000000000000000
(1779322657.951734) can0 0800A6A9#0000000000000000
(1779322657.952632) can0 1000A6A9#0C028813324A4A4A
(1779322657.953666) can0 1C00A6A9#0000000000030000
(1779322657.954734) can0 02018100#1003020C00000000
(1779322657.955734) can0 02028100#0000003264000000
(1779322657.956676) can0 02038100#0CD001100CCF0104
(1779322657.957668) can0 02048100#4A01014A01010000
(1779322657.958572) can0 1AD#7F14000059321818
(1779322657.959576) can0 2AD#D00C800C7F140016
(1779322657.960579) can0 3AD#0000000000007F14
(1779322657.961592) can0 4AD#EB00000000000000
(1779322657.962591) can0 76A#7F00000000000000
(1779322658.042227) can0 0000E005#1702440003B60591
(1779322658.042788) can0 1806E5F4#13B3010003B6023A
(1779322658.043656) can0 0000E000#13B313B3020C0000
(1779322658.044681) can0 0000E004#181803B603B601DF
(1779322658.045642) can0 0000E006#0CCF0CCF0CCF0CCF
(1779322658.046636) can0 0000E007#0CCF0CCF0CCF0CCF
(1779322658.047637) can0 0000E008#0CCF0CCF0CCF0CCF
(1779322658.048635) can0 0000E009#0CCF0CCF0CCF0CD0
(1779322658.049739) can0 0000E010#0000000000000000
(1779322658.050741) can0 0000E011#0000000000000000
(1779322658.051675) can0 0000E012#0CCF000100000000
(1779322658.052637) can0 0000E013#4542323630354C43
(1779322658.053673) can0 0000E014#3134323300000000
(1779322658.054741) can0 0000E015#0000000000000003
(1779322658.055740) can0 0000F000#0000000000000000
(1779322658.056741) can0 0000F001#0000000000000000
(1779322658.057669) can0 18FF28F4#10320000020C0000
(1779322658.058668) can0 18FE28F4#0CD00CCF40400000
(1779322658.059669) can0 18FD28F4#1702FA6F00000000
(1779322658.060578) can0 4D4#000032007D0C0203
(1779322658.061565) can0 4D5#CF0CD00C40400000
(1779322658.062657) can0 18914010#0CD0100CCF020000
(1779322658.063656) can0 18904010#020C020C753001F8
(1779322658.064673) can0 18924010#4001400100000000
(1779322658.065675) can0 18934010#000000890000BB2C
(1779322658.066674) can0 18944010#1003000000000000
(1779322658.067740) can0 18954010#0000000000000000
(1779322658.068742) can0 18954010#0100000000000000
(1779322658.069742) can0 18954010#0200000000000000
(1779322658.070741) can0 18954010#0300000000000000
(1779322658.071683) can0 18954010#0400000000000000
(1779322658.072677) can0 18954010#0500000000000000
(1779322658.073674) can0 18964010#0040404000000000
(1779322658.074742) can0 18974010#0000000000000000
(1779322658.075682) can0 18984010#0000000000000000
(1779322658.076662) can0 18FA28F4#123EA12C10270000
(1779322658.077658) can0 18FB28F4#D00CCF0C40400000
(1779322658.078676) can0 18FC28F4#383200000C020000
(1779322658.079650) can0 18F810F3#0C02E80332640100
(1779322658.080671) can0 18F811F3#D00C1001CF0C0201
(1779322658.081658) can0 18F812F3#4001014001010000
(1779322658.082741) can0 18F813F3#0101000000000000
(1779322658.083652) can0 18F814F3#3200EA1AA9015F00
(1779322658.084743) can0 18F815F3#0000000010030000
(1779322658.085593) can0 273#000000000C023200
(1779322658.086580) can0 1E1#020C271001F801F8
(1779322658.087607) can0 1F5#0000000000000000
(1779322658.088742) can0 0800A6A9#0000000000000000
(1779322658.089641) can0 1000A6A9#0C028813324A4A4A
(1779322658.090678) can0 1C00A6A9#0000000000030000
(1779322658.091741) can0 02018100#1003020C00000000
(1779322658.092684) can0 02028100#0000003264000000
(1779322658.093743) can0 02038100#0CD001100CCF0102
(1779322658.094652) can0 02048100#4A01014A01010000
(1779322658.095561) can0 1AD#7F14000059321818
(1779322658.096568) can0 2AD#D00C800C7F140016
(1779322658.097586) can0 3AD#0000000000007F14
(1779322658.098587) can0 4AD#EB00000000000000
(1779322658.099587) can0 76A#7F00000000000000
(1779322658.158221) can0 0000E005#1702440003B60591
(1779322658.158787) can0 1806E5F4#13B3010003B6023A
(1779322658.159658) can0 0000E000#13B313B3020C0000
(1779322658.160656) can0 0000E004#181803B603B601DF
(1779322658.161637) can0 0000E006#0CCF0CCF0CCF0CCF
(1779322658.162657) can0 0000E007#0CCF0CCF0CCF0CCF
(1779322658.163637) can0 0000E008#0CCF0CCF0CCF0CCF
(1779322658.164639) can0 0000E009#0CCF0CCF0CCF0CD0
(1779322658.165747) can0 0000E010#0000000000000000
(1779322658.166680) can0 0000E011#0000000000000000
(1779322658.167681) can0 0000E012#0CCF000100000000
(1779322658.168748) can0 0000F001#0000000000000000
(1779322658.169667) can0 18FF28F4#10320000020C0000
(1779322658.170688) can0 18FE28F4#0CD00CCF40400000
(1779322658.171664) can0 18FD28F4#1702FA6F00000000
(1779322658.172571) can0 4D4#000032007D0C0203
(1779322658.173565) can0 4D5#CF0CD00C40400000
(1779322658.174657) can0 18914010#0CD0100CCF020000
(1779322658.175637) can0 18904010#020C020C753001F8
(1779322658.176658) can0 18FA28F4#123EA12C10270000
(1779322658.177634) can0 18FB28F4#D00CCF0C40400000
(1779322658.178747) can0 18FC28F4#383200000C020000
(1779322658.179646) can0 18F810F3#0C02E80332640100
(1779322658.180682) can0 18F815F3#0000000010030000
(1779322658.181576) can0 273#000000000C023200
(1779322658.182579) can0 1E1#020C271001F801F8
(1779322658.183592) can0 1F5#0000000000000000
(1779322658.184676) can0 0800A6A9#0000000000000000
(1779322658.185633) can0 1000A6A9#0C028813324A4A4A
(1779322658.186749) can0 1C00A6A9#0000000000030000
(1779322658.187688) can0 02018100#1003020C00000000
(1779322658.188686) can0 02028100#0000003264000000
(1779322658.189656) can0 02038100#0CD001100CCF0102
(1779322658.190652) can0 02048100#4A01014A01010000
(1779322658.191562) can0 1AD#7F14000059321818
(1779322658.192576) can0 2AD#D00C800C7F140016
(1779322658.193582) can0 3AD#0000000000007F14
(1779322658.194632) can0 4AD#EB00000000000000
(1779322658.195581) can0 76A#7F00000000000000
(1779322658.258272) can0 0000E005#1702440003B60591
(1779322658.258837) can0 1806E5F4#13B3010003B6023A
(1779322658.259665) can0 0000E000#13B313B3020C0000
(1779322658.260662) can0 0000E004#181803B603B601DF
(1779322658.261644) can0 0000E006#0CCF0CCF0CCF0CCF
(1779322658.262641) can0 0000E007#0CCF0CCF0CCF0CCF
(1779322658.263692) can0 0000E008#0CCF0CCF0CCF0CCF
(1779322658.264641) can0 0000E009#0CCF0CCF0CCF0CD0
(1779322658.265687) can0 0000E010#0000000000000000
(1779322658.266680) can0 0000E011#0000000000000000
(1779322658.267664) can0 0000E012#0CCF000100000000
(1779322658.268684) can0 0000F001#0000000000000000
(1779322658.269663) can0 18FF28F4#10320000020C0000
(1779322658.270658) can0 18FE28F4#0CD00CCF40400000
(1779322658.271755) can0 18FD28F4#1702FA6F00000000
(1779322658.272575) can0 4D4#000032007D0C0203
(1779322658.273560) can0 4D5#CF0CD00C40400000
(1779322658.274648) can0 18914010#0CD0100CCF020000
(1779322658.275645) can0 18904010#020C020C753001F8
(1779322658.276665) can0 18FA28F4#123EA12C10270000
(1779322658.277645) can0 18FB28F4#D00CCF0C40400000
(1779322658.278654) can0 18FC28F4#383200000C020000
(1779322658.279640) can0 18F810F3#0C02E80332640100
(1779322658.280672) can0 18F815F3#0000000010030000
(1779322658.281578) can0 273#000000000C023200
(1779322658.282573) can0 1E1#020C271001F801F8
(1779322658.283586) can0 1F5#0000000000000000
(1779322658.284683) can0 0800A6A9#0000000000000000
(1779322658.285630) can0 1000A6A9#0C028813324A4A4A
(1779322658.286659) can0 1C00A6A9#0000000000030000
(1779322658.287682) can0 02018100#1003020C00000000
(1779322658.288676) can0 02028100#0000003264000000
(1779322658.289654) can0 02038100#0CD001100CCF0102
(1779322658.290650) can0 02048100#4A01014A01010000
(1779322658.291555) can0 1AD#7F14000059321818
(1779322658.292569) can0 2AD#D00C800C7F140016
(1779322658.293580) can0 3AD#0000000000007F14
(1779322658.294580) can0 4AD#EB00000000000000
(1779322658.295593) can0 76A#7F00000000000000
(1779322658.358219) can0 0000E005#1702440003B60591
(1779322658.358799) can0 1806E5F4#13B3010003B6023A
(1779322658.359658) can0 0000E000#13B313B3020C0000
(1779322658.360669) can0 0000E004#181803B603B601DF
(1779322658.361642) can0 0000E006#0CCF0CCF0CCF0CCF
(1779322658.362636) can0 0000E007#0CCF0CCF0CCF0CCF
(1779322658.363629) can0 0000E008#0CCF0CCF0CCF0CCF
(1779322658.364637) can0 0000E009#0CCF0CCF0CCF0CD0
(1779322658.365676) can0 0000E010#0000000000000000
(1779322658.366675) can0 0000E011#0000000000000000
(1779322658.367677) can0 0000E012#0CCF000100000000
(1779322658.368694) can0 0000F001#0000000000000000
(1779322658.369670) can0 18FF28F4#10320000020C0000
(1779322658.370651) can0 18FE28F4#0CD00CCF40400000
(1779322658.371670) can0 18FD28F4#1702FA6F00000000
(1779322658.372576) can0 4D4#000032007D0C0203
(1779322658.373575) can0 4D5#CF0CD00C40400000
(1779322658.374646) can0 18914010#0CD0100CCF020000
(1779322658.375640) can0 18904010#020C020C753001F8
(1779322658.376658) can0 18FA28F4#123EA12C10270000
(1779322658.377643) can0 18FB28F4#D00CCF0C40400000
(1779322658.378657) can0 18FC28F4#383200000C020000
(1779322658.379643) can0 18F810F3#0C02E80332640100
(1779322658.380670) can0 18F815F3#0000000010030000
(1779322658.381572) can0 273#000000000C023200
(1779322658.382574) can0 1E1#020C271001F801F8
(1779322658.383579) can0 1F5#0000000000000000
(1779322658.384677) can0 0800A6A9#0000000000000000
(1779322658.385647) can0 1000A6A9#0C028813324A4A4A
(1779322658.386658) can0 1C00A6A9#0000000000030000
(1779322658.387670) can0 02018100#1003020C00000000
(1779322658.388672) can0 02028100#0000003264000000
(1779322658.389658) can0 02038100#0CD001100CCF0102
(1779322658.390649) can0 02048100#4A01014A01010000
(1779322658.391556) can0 1AD#7F14000059321818
(1779322658.392568) can0 2AD#D00C800C7F140016
(1779322658.393594) can0 3AD#0000000000007F14
(1779322658.394574) can0 4AD#EB00000000000000
(1779322658.395588) can0 76A#7F00000000000000
(1779322658.458220) can0 0000E005#1702440003B60591
(1779322658.458786) can0 1806E5F4#13B3010003B6023A
(1779322658.459658) can0 0000E000#13B313B3020C0000
(1779322658.460662) can0 0000E004#181803B603B601DF
(1779322658.461643) can0 0000E006#0CCF0CCF0CCF0CCF
(1779322658.462657) can0 0000E007#0CCF0CCF0CCF0CCF
(1779322658.463643) can0 0000E008#0CCF0CCF0CCF0CCF
(1779322658.464644) can0 0000E009#0CCF0CCF0CCF0CD0
(1779322658.465682) can0 0000E010#0000000000000000
(1779322658.466682) can0 0000E011#0000000000000000
(1779322658.467664) can0 0000E012#0CCF000100000000
(1779322658.468678) can0 0000F001#0000000000000000
(1779322658.469656) can0 18FF28F4#10320000020C0000
(1779322658.470677) can0 18FE28F4#0CD00CCF40400000
(1779322658.471657) can0 18FD28F4#1702FA6F00000000
(1779322658.472576) can0 4D4#000032007D0C0203
(1779322658.473560) can0 4D5#CF0CD00C40400000
(1779322658.474652) can0 18914010#0CD0100CCF020000
(1779322658.475652) can0 18904010#020C020C753001F8
(1779322658.476650) can0 18FA28F4#123EA12C10270000
(1779322658.477650) can0 18FB28F4#D00CCF0C40400000
(1779322658.478696) can0 18FC28F4#383200000C020000
(1779322658.479644) can0 18F810F3#0C02E80332640100
(1779322658.480676) can0 18F815F3#0000000010030000
(1779322658.481583) can0 273#000000000C023200
(1779322658.482582) can0 1E1#020C271001F801F8
(1779322658.483593) can0 1F5#0000000000000000
(1779322658.484662) can0 0800A6A9#0000000000000000
(1779322658.485637) can0 1000A6A9#0C028813324A4A4A
(1779322658.486702) can0 1C00A6A9#0000000000030000
(1779322658.487676) can0 02018100#1003020C00000000
(1779322658.488679) can0 02028100#0000003264000000
(1779322658.489659) can0 02038100#0CD001100CCF0102
(1779322658.490659) can0 02048100#4A01014A01010000
(1779322658.491566) can0 1AD#7F14000059321818
(1779322658.492566) can0 2AD#D00C800C7F140016
(1779322658.493587) can0 3AD#0000000000007F14
(1779322658.494632) can0 4AD#EB00000000000000
(1779322658.495581) can0 76A#7F00000000000000
(1779322658.575221) can0 0000E005#1702440003B60591
(1779322658.575802) can0 1806E5F4#13B3010003B6023A
(1779322658.576646) can0 0000E000#13B313B3020C0000
(1779322658.577656) can0 0000E004#181803B603B601DF
(1779322658.578625) can0 0000E006#0CCF0CCF0CCF0CCF
(1779322658.579644) can0 0000E007#0CCF0CCF0CCF0CCF
(1779322658.580635) can0 0000E008#0CCF0CCF0CCF0CCF
(1779322658.581618) can0 0000E009#0CCF0CCF0CCF0CCF
(1779322658.582683) can0 0000E010#0000000000000000
(1779322658.583674) can0 0000E011#0000000000000000
(1779322658.584661) can0 0000E012#0CCF000000000000
(1779322658.585630) can0 0000E013#4542323630354C43
(1779322658.586658) can0 0000E014#3134323300000000
(1779322658.587672) can0 0000E015#0000000000000003
(1779322658.588672) can0 0000F000#0000000000000000
(1779322658.589662) can0 0000F001#0000000000000000
(1779322658.590657) can0 18FF28F4#10320000020C0000
(1779322658.591642) can0 18FE28F4#0CCF0CCF40400000
(1779322658.592653) can0 18FD28F4#1702FA6F00000000
(1779322658.593569) can0 4D4#000032007D0C0203
(1779322658.594547) can0 4D5#CF0CCF0C40400000
(1779322658.595642) can0 18914010#0CCF010CCF030000
(1779322658.596646) can0 18904010#020C020C753001F8
(1779322658.597658) can0 18924010#4001400100000000
(1779322658.598652) can0 18934010#0000008A0000BB2C
(1779322658.599666) can0 18944010#1003000000000000
(1779322658.600686) can0 18954010#0000000000000000
(1779322658.601676) can0 18954010#0100000000000000
(1779322658.602679) can0 18954010#0200000000000000
(1779322658.603679) can0 18954010#0300000000000000
(1779322658.604671) can0 18954010#0400000000000000
(1779322658.605661) can0 18954010#0500000000000000
(1779322658.606671) can0 18964010#0040404000000000
(1779322658.607664) can0 18974010#0000000000000000
(1779322658.608667) can0 18984010#0000000000000000
(1779322658.609652) can0 18FA28F4#123EA12C10270000
(1779322658.610623) can0 18FB28F4#CF0CCF0C40400000
(1779322658.611661) can0 18FC28F4#383200000C020000
(1779322658.612646) can0 18F810F3#0C02E80332640100
(1779322658.613638) can0 18F811F3#CF0C0101CF0C0301
(1779322658.614652) can0 18F812F3#4001014001010000
(1779322658.615662) can0 18F813F3#0101000000000000
(1779322658.616660) can0 18F814F3#3200EA1AA9015F00
(1779322658.617674) can0 18F815F3#0000000010030000
(1779322658.618576) can0 273#000000000C023200
(1779322658.619555) can0 1E1#020C271001F801F8
(1779322658.620591) can0 1F5#0000000000000000
(1779322658.621664) can0 0800A6A9#0000000000000000
(1779322658.622632) can0 1000A6A9#0C028813324A4A4A
(1779322658.623659) can0 1C00A6A9#0000000000030000
(1779322658.624688) can0 02018100#1003020C00000000
(1779322658.625666) can0 02028100#0000003264000000
(1779322658.626659) can0 02038100#0CCF01010CCF0103
(1779322658.627653) can0 02048100#4A01014A01010000
(1779322658.628555) can0 1AD#7F14000059321818
(1779322658.629549) can0 2AD#CF0C800C7F140016
(1779322658.630570) can0 3AD#0000000000007F14
(1779322658.631580) can0 4AD#EB00000000000000
(1779322658.632615) can0 76A#7F00000000000000
(1779322658.691255) can0 0000E005#1702440003B60591
(1779322658.691821) can0 1806E5F4#13B3010003B6023A
(1779322658.692657) can0 0000E000#13B313B3020C0000
(1779322658.693679) can0 0000E004#181803B603B601DF
(1779322658.694630) can0 0000E006#0CCF0CCF0CCF0CCF
(1779322658.695632) can0 0000E007#0CCF0CCF0CCF0CCF
(1779322658.696627) can0 0000E008#0CCF0CCF0CCF0CCF
(1779322658.697623) can0 0000E009#0CCF0CCF0CCF0CCF
(1779322658.698668) can0 0000E010#0000000000000000
(1779322658.699667) can0 0000E011#0000000000000000
(1779322658.700650) can0 0000E012#0CCF000000000000
(1779322658.701698) can0 0000F001#0000000000000000
(1779322658.702659) can0 18FF28F4#10320000020C0000
(1779322658.703630) can0 18FE28F4#0CCF0CCF40400000
(1779322658.704665) can0 18FD28F4#1702FA6F00000000
(1779322658.705562) can0 4D4#000032007D0C0203
(1779322658.706547) can0 4D5#CF0CCF0C40400000
(1779322658.707640) can0 18914010#0CCF010CCF030000
(1779322658.708640) can0 18904010#020C020C753001F8
(1779322658.709683) can0 18FA28F4#123EA12C10270000
(1779322658.710631) can0 18FB28F4#CF0CCF0C40400000
(1779322658.711652) can0 18FC28F4#383200000C020000
(1779322658.712632) can0 18F810F3#0C02E80332640100
(1779322658.713666) can0 18F815F3#0000000010030000
(1779322658.714563) can0 273#000000000C023200
(1779322658.715561) can0 1E1#020C271001F801F8
(1779322658.716577) can0 1F5#0000000000000000
(1779322658.717699) can0 0800A6A9#0000000000000000
(1779322658.718619) can0 1000A6A9#0C028813324A4A4A
(1779322658.719653) can0 1C00A6A9#0000000000030000
(1779322658.720666) can0 02018100#1003020C00000000
(1779322658.721663) can0 02028100#0000003264000000
(1779322658.722647) can0 02038100#0CCF01010CCF0103
(1779322658.723646) can0 02048100#4A01014A01010000
(1779322658.724547) can0 1AD#7F14000059321818
(1779322658.725590) can0 2AD#CF0C800C7F140016
(1779322658.726570) can0 3AD#0000000000007F14
(1779322658.727568) can0 4AD#EB00000000000000
(1779322658.728584) can0 76A#7F00000000000000
(1779322658.791255) can0 0000E005#1702440003B60591
(1779322658.791812) can0 1806E5F4#13B3010003B6023A
(1779322658.792649) can0 0000E000#13B313B3020C0000
(1779322658.793667) can0 0000E004#181803B603B601DF
(1779322658.794670) can0 0000E006#0CCF0CCF0CCF0CCF
(1779322658.795622) can0 0000E007#0CCF0CCF0CCF0CCF
(1779322658.796628) can0 0000E008#0CCF0CCF0CCF0CCF
(1779322658.797624) can0 0000E009#0CCF0CCF0CCF0CCF
(1779322658.798671) can0 0000E010#0000000000000000
(1779322658.799668) can0 0000E011#0000000000000000
(1779322658.800649) can0 0000E012#0CCF000000000000
(1779322658.801679) can0 0000F001#0000000000000000
(1779322658.802716) can0 18FF28F4#10320000020C0000
(1779322658.803642) can0 18FE28F4#0CCF0CCF40400000
(1779322658.804666) can0 18FD28F4#1702FA6F00000000
(1779322658.805562) can0 4D4#000032007D0C0203
(1779322658.806540) can0 4D5#CF0CCF0C40400000
(1779322658.807637) can0 18914010#0CCF010CCF030000
(1779322658.808641) can0 18904010#020C020C753001F8
(1779322658.809650) can0 18FA28F4#123EA12C10270000
(1779322658.810633) can0 18FB28F4#CF0CCF0C40400000
(1779322658.811642) can0 18FC28F4#383200000C020000
(1779322658.812631) can0 18F810F3#0C02E80332640100
(1779322658.813675) can0 18F815F3#0000000010030000
(1779322658.814563) can0 273#000000000C023200
(1779322658.815561) can0 1E1#020C271001F801F8
(1779322658.816576) can0 1F5#0000000000000000
(1779322658.817672) can0 0800A6A9#0000000000000000
(1779322658.818617) can0 1000A6A9#0C028813324A4A4A
(1779322658.819646) can0 1C00A6A9#0000000000030000
(1779322658.820661) can0 02018100#1003020C00000000
(1779322658.821663) can0 02028100#0000003264000000
(1779322658.822647) can0 02038100#0CCF01010CCF0103
(1779322658.823638) can0 02048100#4A01014A01010000
(1779322658.824543) can0 1AD#7F14000059321818
(1779322658.825544) can0 2AD#CF0C800C7F140016
(1779322658.826570) can0 3AD#0000000000007F14
(1779322658.827567) can0 4AD#EB00000000000000
(1779322658.828584) can0 76A#7F00000000000000
(1779322658.891217) can0 0000E005#1702440003B60591
(1779322658.891791) can0 1806E5F4#13B3010003B6023A
(1779322658.892647) can0 0000E000#13B313B3020C0000
(1779322658.893657) can0 0000E004#181803B603B601DF
(1779322658.894636) can0 0000E006#0CCF0CCF0CCF0CCF
(1779322658.895633) can0 0000E007#0CCF0CCF0CCF0CCF
(1779322658.896627) can0 0000E008#0CCF0CCF0CCF0CCF
(1779322658.897629) can0 0000E009#0CCF0CCF0CCF0CD0
(1779322658.898677) can0 0000E010#0000000000000000
(1779322658.899677) can0 0000E011#0000000000000000
(1779322658.900657) can0 0000E012#0CCF000100000000
(1779322658.901671) can0 0000F001#0000000000000000
(1779322658.902658) can0 18FF28F4#10320000020C0000
(1779322658.903650) can0 18FE28F4#0CD00CCF40400000
(1779322658.904651) can0 18FD28F4#1702FA6F00000000
(1779322658.905568) can0 4D4#000032007D0C0203
(1779322658.906548) can0 4D5#CF0CD00C40400000
(1779322658.907646) can0 18914010#0CD0100CCF040000
(1779322658.908644) can0 18904010#020C020C753001F8
(1779322658.909643) can0 18FA28F4#123EA12C10270000
(1779322658.910640) can0 18FB28F4#D00CCF0C40400000
(1779322658.911658) can0 18FC28F4#383200000C020000
(1779322658.912638) can0 18F810F3#0C02E80332640100
(1779322658.913672) can0 18F815F3#0000000010030000
(1779322658.914574) can0 273#000000000C023200
(1779322658.915554) can0 1E1#020C271001F801F8
(1779322658.916584) can0 1F5#0000000000000000
(1779322658.917665) can0 0800A6A9#0000000000000000
(1779322658.918625) can0 1000A6A9#0C028813324A4A4A
(1779322658.919659) can0 1C00A6A9#0000000000030000
(1779322658.920676) can0 02018100#1003020C00000000
(1779322658.921669) can0 02028100#0000003264000000
(1779322658.922653) can0 02038100#0CD001100CCF0104
(1779322658.923653) can0 02048100#4A01014A01010000
(1779322658.924569) can0 1AD#7F14000059321818
(1779322658.925552) can0 2AD#D00C800C7F140016
(1779322658.926564) can0 3AD#0000000000007F14
(1779322658.927574) can0 4AD#EB00000000000000
(1779322658.928569) can0 76A#7F00000000000000
(1779322658.991256) can0 0000E005#1702440003B60591
(1779322658.991830) can0 1806E5F4#13B3010003B6023A
(1779322658.992645) can0 0000E000#13B313B3020C0000
(1779322658.993656) can0 0000E004#181803B603B601DF
(1779322658.994626) can0 0000E006#0CCF0CCF0CCF0CCF
(1779322658.995627) can0 0000E007#0CCF0CCF0CCF0CCF
(1779322658.996627) can0 0000E008#0CCF0CCF0CCF0CCF
(1779322658.997624) can0 0000E009#0CCF0CCF0CCF0CD0
(1779322658.998669) can0 0000E010#0000000000000000
(1779322658.999671) can0 0000E011#0000000000000000
(1779322659.000663) can0 0000E012#0CCF000100000000
(1779322659.001697) can0 0000F001#0000000000000000
(1779322659.002664) can0 18FF28F4#10320000020C0000
(1779322659.003643) can0 18FE28F4#0CD00CCF40400000
(1779322659.004666) can0 18FD28F4#1702FA6F00000000
(1779322659.005557) can0 4D4#000032007D0C0203
(1779322659.006541) can0 4D5#CF0CD00C40400000
(1779322659.007640) can0 18914010#0CD0100CCF040000
(1779322659.008640) can0 18904010#020C020C753001F8
(1779322659.009669) can0 18FA28F4#123EA12C10270000
(1779322659.010633) can0 18FB28F4#D00CCF0C40400000
(1779322659.011652) can0 18FC28F4#383200000C020000
(1779322659.012632) can0 18F810F3#0C02E80332640100
(1779322659.013659) can0 18F815F3#0000000010030000
(1779322659.014563) can0 273#000000000C023200
(1779322659.015561) can0 1E1#020C271001F801F8
(1779322659.016576) can0 1F5#0000000000000000
(1779322659.017696) can0 0800A6A9#0000000000000000
(1779322659.018617) can0 1000A6A9#0C028813324A4A4A
(1779322659.019652) can0 1C00A6A9#0000000000030000
(1779322659.020665) can0 02018100#1003020C00000000
(1779322659.021663) can0 02028100#0000003264000000
(1779322659.022647) can0 02038100#0CD001100CCF0104
(1779322659.023646) can0 02048100#4A01014A01010000
(1779322659.024543) can0 1AD#7F14000059321818
(1779322659.025583) can0 2AD#D00C800C7F140016
(1779322659.026570) can0 3AD#0000000000007F14
(1779322659.027562) can0 4AD#EB00000000000000
(1779322659.028563) can0 76A#7F00000000000000
(1779322659.108268) can0 0000E005#1702440003B60591
(1779322659.108815) can0 1806E5F4#13B3010003B6023A
(1779322659.109649) can0 0000E000#13B313B3020C0000
(1779322659.110695) can0 0000E004#181803B603B601DF
(1779322659.111631) can0 0000E006#0CCF0CCF0CCF0CCF
(1779322659.112629) can0 0000E007#0CCF0CCF0CCF0CCF
(1779322659.113627) can0 0000E008#0CCF0CCF0CCF0CCF
(1779322659.114624) can0 0000E009#0CCF0CCF0CCF0CD0
(1779322659.115673) can0 0000E010#0000000000000000
(1779322659.116673) can0 0000E011#0000000000000000
(1779322659.117651) can0 0000E012#0CCF000100000000
(1779322659.118622) can0 0000E013#4542323630354C43
(1779322659.119642) can0 0000E014#3134323300000000
(1779322659.120664) can0 0000E015#0000000000000003
(1779322659.121678) can0 0000F000#0000000000000000
(1779322659.122659) can0 0000F001#0000000000000000
(1779322659.123644) can0 18FF28F4#10320000020C0000
(1779322659.124642) can0 18FE28F4#0CD00CCF40400000
(1779322659.125641) can0 18FD28F4#1702FA6F00000000
(1779322659.126556) can0 4D4#000032007D0C0203
(1779322659.127535) can0 4D5#CF0CD00C40400000
(1779322659.128635) can0 18914010#0CD0100CCF020000
(1779322659.129632) can0 18904010#020C020C753001F8
(1779322659.130647) can0 18924010#4001400100000000
(1779322659.131641) can0 18934010#0000008B0000BB2C
(1779322659.132659) can0 18944010#1003000000000000
(1779322659.133679) can0 18954010#0000000000000000
(1779322659.134672) can0 18954010#0100000000000000
(1779322659.135671) can0 18954010#0200000000000000
(1779322659.136673) can0 18954010#0300000000000000
(1779322659.137673) can0 18954010#0400000000000000
(1779322659.138653) can0 18954010#0500000000000000
(1779322659.139659) can0 18964010#0040404000000000
(1779322659.140660) can0 18974010#0000000000000000
(1779322659.141659) can0 18984010#0000000000000000
(1779322659.142641) can0 18FA28F4#123EA12C10270000
(1779322659.143634) can0 18FB28F4#D00CCF0C40400000
(1779322659.144652) can0 18FC28F4#383200000C020000
(1779322659.145635) can0 18F810F3#0C02E80332640100
(1779322659.146628) can0 18F811F3#D00C1001CF0C0201
(1779322659.147659) can0 18F812F3#4001014001010000
(1779322659.148655) can0 18F813F3#0101000000000000
(1779322659.149636) can0 18F814F3#3200EA1AA9015F00
(1779322659.150665) can0 18F815F3#0000000010030000
(1779322659.151561) can0 273#000000000C023200
(1779322659.152547) can0 1E1#020C271001F801F8
(1779322659.153576) can0 1F5#0000000000000000
(1779322659.154655) can0 0800A6A9#0000000000000000
(1779322659.155636) can0 1000A6A9#0C028813324A4A4A
(1779322659.156648) can0 1C00A6A9#0000000000030000
(1779322659.157669) can0 02018100#1003020C00000000
(1779322659.158668) can0 02028100#0000003264000000
(1779322659.159647) can0 02038100#0CD001100CCF0102
(1779322659.160650) can0 02048100#4A01014A01010000
(1779322659.161546) can0 1AD#7F14000059321818
(1779322659.162545) can0 2AD#D00C800C7F140016
(1779322659.163591) can0 3AD#0000000000007F14
(1779322659.164573) can0 4AD#EB00000000000000
(1779322659.165570) can0 76A#7F00000000000000
(1779322659.224261) can0 0000E005#1702440003B60591
(1779322659.224819) can0 1806E5F4#13B3010003B6023A
(1779322659.225639) can0 0000E000#13B313B3020C0000
(1779322659.226658) can0 0000E004#181803B603B601DF
(1779322659.227622) can0 0000E006#0CCF0CCF0CCF0CCF
(1779322659.228619) can0 0000E007#0CCF0CCF0CCF0CCF
(1779322659.229621) can0 0000E008#0CCF0CCF0CCF0CCF
(1779322659.230615) can0 0000E009#0CCF0CCF0CCF0CD0
(1779322659.231664) can0 0000E010#0000000000000000
(1779322659.232696) can0 0000E011#0000000000000000
(1779322659.233659) can0 0000E012#0CCF000100000000
(1779322659.234676) can0 0000F001#0000000000000000
(1779322659.235660) can0 18FF28F4#10320000020C0000
(1779322659.236640) can0 18FE28F4#0CD00CCF40400000
(1779322659.237639) can0 18FD28F4#1702FA6F00000000
(1779322659.238559) can0 4D4#000032007D0C0203
(1779322659.239539) can0 4D5#CF0CD00C40400000
(1779322659.240665) can0 18914010#0CD0100CCF020000
(1779322659.241635) can0 18904010#020C020C753001F8
(1779322659.242628) can0 18FA28F4#123EA12C10270000
(1779322659.243626) can0 18FB28F4#D00CCF0C40400000
(1779322659.244642) can0 18FC28F4#383200000C020000
(1779322659.245628) can0 18F810F3#0C02E80332640100
(1779322659.246651) can0 18F815F3#0000000010030000
(1779322659.247550) can0 273#000000000C023200
(1779322659.248591) can0 1E1#020C271001F801F8
(1779322659.249569) can0 1F5#0000000000000000
(1779322659.250667) can0 0800A6A9#0000000000000000
(1779322659.251616) can0 1000A6A9#0C028813324A4A4A
(1779322659.252646) can0 1C00A6A9#0000000000030000
(1779322659.253661) can0 02018100#1003020C00000000
(1779322659.254661) can0 02028100#0000003264000000
(1779322659.255633) can0 02038100#0CD001100CCF0102
(1779322659.256688) can0 02048100#4A01014A01010000
(1779322659.257540) can0 1AD#7F14000059321818
(1779322659.258550) can0 2AD#D00C800C7F140016
(1779322659.259562) can0 3AD#0000000000007F14
(1779322659.260559) can0 4AD#EB00000000000000
(1779322659.261557) can0 76A#7F00000000000000
(1779322659.324201) can0 0000E005#1702440003B60591
(1779322659.324766) can0 1806E5F4#13B3010003B6023A
(1779322659.325677) can0 0000E000#13B313B3020C0000
(1779322659.326647) can0 0000E004#181803B603B601DF
(1779322659.327615) can0 0000E006#0CCF0CCF0CCF0CCF
(1779322659.328623) can0 0000E007#0CCF0CCF0CCF0CCF
(1779322659.329628) can0 0000E008#0CCF0CCF0CCF0CCF
(1779322659.330628) can0 0000E009#0CCF0CCF0CCF0CD0
(1779322659.331671) can0 0000E010#0000000000000000
(1779322659.332666) can0 0000E011#0000000000000000
(1779322659.333698) can0 0000E012#0CCF000100000000
(1779322659.334664) can0 0000F001#0000000000000000
(1779322659.335648) can0 18FF28F4#10320000020C0000
(1779322659.336629) can0 18FE28F4#0CD00CCF40400000
(1779322659.337644) can0 18FD28F4#1702FA6F00000000
(1779322659.338564) can0 4D4#000032007D0C0203
(1779322659.339545) can0 4D5#CF0CD00C40400000
(1779322659.340616) can0 18914010#0CD0100CCF020000
(1779322659.341640) can0 18904010#020C020C753001F8
(1779322659.342641) can0 18FA28F4#123EA12C10270000
(1779322659.343632) can0 18FB28F4#D00CCF0C40400000
(1779322659.344648) can0 18FC28F4#383200000C020000
(1779322659.345635) can0 18F810F3#0C02E80332640100
(1779322659.346665) can0 18F815F3#0000000010030000
(1779322659.347553) can0 273#000000000C023200
(1779322659.348547) can0 1E1#020C271001F801F8
(1779322659.349575) can0 1F5#0000000000000000
(1779322659.350659) can0 0800A6A9#0000000000000000
(1779322659.351623) can0 1000A6A9#0C028813324A4A4A
(1779322659.352647) can0 1C00A6A9#0000000000030000
(1779322659.353656) can0 02018100#1003020C00000000
(1779322659.354648) can0 02028100#0000003264000000
(1779322659.355647) can0 02038100#0CD001100CCF0102
(1779322659.356642) can0 02048100#4A01014A01010000
(1779322659.357527) can0 1AD#7F14000059321818
(1779322659.358538) can0 2AD#D00C800C7F140016
(1779322659.359553) can0 3AD#0000000000007F14
(1779322659.360566) can0 4AD#EB00000000000000
(1779322659.361563) can0 76A#7F00000000000000
(1779322659.424243) can0 0000E005#1702440003B60591
(1779322659.424831) can0 1806E5F4#13B3010003B6023A
(1779322659.425640) can0 0000E000#13B313B3020C0000
(1779322659.426646) can0 0000E004#181803B603B601DF
(1779322659.427627) can0 0000E006#0CCF0CCF0CCF0CCF
(1779322659.428627) can0 0000E007#0CCF0CCF0CCF0CCF
(1779322659.429622) can0 0000E008#0CCF0CCF0CCF0CCF
(1779322659.430621) can0 0000E009#0CCF0CCF0CCF0CD0
(1779322659.431664) can0 0000E010#0000000000000000
(1779322659.432667) can0 0000E011#0000000000000000
(1779322659.433647) can0 0000E012#0CCF000100000000
(1779322659.434665) can0 0000F001#0000000000000000
(1779322659.435649) can0 18FF28F4#10320000020C0000
(1779322659.436629) can0 18FE28F4#0CD00CCF40400000
(1779322659.437637) can0 18FD28F4#1702FA6F00000000
(1779322659.438546) can0 4D4#000032007D0C0203
(1779322659.439545) can0 4D5#CF0CD00C40400000
(1779322659.440639) can0 18914010#0CD0100CCF060000
(1779322659.441632) can0 18904010#020C020C753001F8
(1779322659.442635) can0 18FA28F4#123EA12C10270000
(1779322659.443613) can0 18FB28F4#D00CCF0C40400000
(1779322659.444648) can0 18FC28F4#383200000C020000
(1779322659.445629) can0 18F810F3#0C02E80332640100
(1779322659.446659) can0 18F815F3#0000000010030000
(1779322659.447566) can0 273#000000000C023200
(1779322659.448547) can0 1E1#020C271001F801F8
(1779322659.449568) can0 1F5#0000000000000000
(1779322659.450653) can0 0800A6A9#0000000000000000
(1779322659.451604) can0 1000A6A9#0C028813324A4A4A
(1779322659.452647) can0 1C00A6A9#0000000000030000
(1779322659.453646) can0 02018100#1003020C00000000
(1779322659.454649) can0 02028100#0000003264000000
(1779322659.455658) can0 02038100#0CD001100CCF0106
(1779322659.456643) can0 02048100#4A01014A01010000
(1779322659.457527) can0 1AD#7F14000059321818
(1779322659.458538) can0 2AD#D00C800C7F140016
(1779322659.459554) can0 3AD#0000000000007F14
(1779322659.460566) can0 4AD#EB00000000000000
(1779322659.461554) can0 76A#7F00000000000000
(1779322659.524268) can0 0000E005#1702440003B60591
(1779322659.524845) can0 1806E5F4#13B3010003B6023A
(1779322659.525640) can0 0000E000#13B313B3020C0000
(1779322659.526639) can0 0000E004#181803B603B601DF
(1779322659.527617) can0 0000E006#0CCF0CCF0CCF0CCF
(1779322659.528619) can0 0000E007#0CCF0CCF0CCF0CCF
(1779322659.529621) can0 0000E008#0CCF0CCF0CCF0CCF
(1779322659.530610) can0 0000E009#0CCF0CCF0CCF0CD0
(1779322659.531663) can0 0000E010#0000000000000000
(1779322659.532677) can0 0000E011#0000000000000000
(1779322659.533636) can0 0000E012#0CCF000100000000
(1779322659.534651) can0 0000F001#0000000000000000
(1779322659.535639) can0 18FF28F4#10320000020C0000
(1779322659.536641) can0 18FE28F4#0CD00CCF40400000
(1779322659.537632) can0 18FD28F4#1702FA6F00000000
(1779322659.538552) can0 4D4#000032007D0C0203
(1779322659.539533) can0 4D5#CF0CD00C40400000
(1779322659.540664) can0 18914010#0CD0100CCF060000
(1779322659.541627) can0 18904010#020C020C753001F8
(1779322659.542629) can0 18FA28F4#123EA12C10270000
(1779322659.543626) can0 18FB28F4#D00CCF0C40400000
(1779322659.544641) can0 18FC28F4#383200000C020000
(1779322659.545623) can0 18F810F3#0C02E80332640100
(1779322659.546643) can0 18F815F3#0000000010030000
(1779322659.547551) can0 273#000000000C023200
(1779322659.548584) can0 1E1#020C271001F801F8
(1779322659.549563) can0 1F5#0000000000000000
(1779322659.550638) can0 0800A6A9#0000000000000000
(1779322659.551609) can0 1000A6A9#0C028813324A4A4A
(1779322659.552639) can0 1C00A6A9#0000000000030000
(1779322659.553653) can0 02018100#1003020C00000000
(1779322659.554655) can0 02028100#0000003264000000
(1779322659.555633) can0 02038100#0CD001100CCF0106
(1779322659.556682) can0 02048100#4A01014A01010000
(1779322659.557534) can0 1AD#7F14000059321818
(1779322659.558539) can0 2AD#D00C800C7F140016
(1779322659.559559) can0 3AD#0000000000007F14
(1779322659.560553) can0 4AD#EB00000000000000
(1779322659.561550) can0 76A#7F00000000000000
(1779322659.641250) can0 0000E005#1702440003B60591
(1779322659.641847) can0 1806E5F4#13B3010003B6023A
(1779322659.642634) can0 0000E000#13B313B3020C0000
(1779322659.643636) can0 0000E004#181803B603B601DF
(1779322659.644616) can0 0000E006#0CCF0CCF0CCF0CCF
(1779322659.645614) can0 0000E007#0CCF0CCF0CCF0CCF
(1779322659.646617) can0 0000E008#0CCF0CCF0CCF0CCF
(1779322659.647616) can0 0000E009#0CCF0CCF0CCF0CD0
(1779322659.648651) can0 0000E010#0000000000000000
(1779322659.649661) can0 0000E011#0000000000000000
(1779322659.650642) can0 0000E012#0CCF000100000000
(1779322659.651608) can0 0000E013#4542323630354C43
(1779322659.652631) can0 0000E014#3134323300000000
(1779322659.653655) can0 0000E015#0000000000000003
(1779322659.654665) can0 0000F000#0000000000000000
(1779322659.655663) can0 0000F001#0000000000000000
(1779322659.656650) can0 18FF28F4#10320000020C0000
(1779322659.657628) can0 18FE28F4#0CD00CCF40400000
(1779322659.658642) can0 18FD28F4#1702FA6F00000000
(1779322659.659546) can0 4D4#000032007D0C0203
(1779322659.660537) can0 4D5#CF0CD00C40400000
(1779322659.661624) can0 18914010#0CD0100CCF020000
(1779322659.662623) can0 18904010#020C020C753001F8
(1779322659.663647) can0 18924010#4001400100000000
(1779322659.664632) can0 18934010#0000008C0000BB2C
(1779322659.665649) can0 18944010#1003000000000000
(1779322659.666659) can0 18954010#0000000000000000
(1779322659.667662) can0 18954010#0100000000000000
(1779322659.668656) can0 18954010#0200000000000000
(1779322659.669654) can0 18954010#0300000000000000
(1779322659.670656) can0 18954010#0400000000000000
(1779322659.671656) can0 18954010#0500000000000000
(1779322659.672645) can0 18964010#0040404000000000
(1779322659.673650) can0 18974010#0000000000000000
(1779322659.674643) can0 18984010#0000000000000000
(1779322659.675622) can0 18FA28F4#123EA12C10270000
(1779322659.676617) can0 18FB28F4#D00CCF0C40400000
(1779322659.677637) can0 18FC28F4#383200000C020000
(1779322659.678629) can0 18F810F3#0C02E80332640100
(1779322659.679631) can0 18F811F3#D00C1001CF0C0201
(1779322659.680625) can0 18F812F3#4001014001010000
(1779322659.681654) can0 18F813F3#0101000000000000
(1779322659.682618) can0 18F814F3#3200EA1AA9015F00
(1779322659.683650) can0 18F815F3#0000000010030000
(1779322659.684546) can0 273#000000000C023200
(1779322659.685549) can0 1E1#020C271001F801F8
(1779322659.686573) can0 1F5#0000000000000000
(1779322659.687655) can0 0800A6A9#0000000000000000
(1779322659.688601) can0 1000A6A9#0C028813324A4A4A
(1779322659.689638) can0 1C00A6A9#0000000000030000
(1779322659.690649) can0 02018100#1003020C00000000
(1779322659.691651) can0 02028100#0000003264000000
(1779322659.692633) can0 02038100#0CD001100CCF0102
(1779322659.693629) can0 02048100#4A01014A01010000
(1779322659.694549) can0 1AD#7F14000059321818
(1779322659.695548) can0 2AD#D00C800C7F140016
(1779322659.696555) can0 3AD#0000000000007F14
(1779322659.697563) can0 4AD#EB00000000000000
(1779322659.698555) can0 76A#7F00000000000000
(1779322659.757206) can0 0000E005#1702440003B60591
(1779322659.757761) can0 1806E5F4#13B3010003B6023A
(1779322659.758631) can0 0000E000#13B313B3020C0000
(1779322659.759640) can0 0000E004#181803B603B601DF
(1779322659.760611) can0 0000E006#0CCF0CCF0CCF0CCF
(1779322659.761604) can0 0000E007#0CCF0CCF0CCF0CCF
(1779322659.762614) can0 0000E008#0CCF0CCF0CCF0CCF
(1779322659.763617) can0 0000E009#0CCF0CCF0CCF0CD0
(1779322659.764669) can0 0000E010#0000000000000000
(1779322659.765658) can0 0000E011#0000000000000000
(1779322659.766643) can0 0000E012#0CCF000100000000
(1779322659.767662) can0 0000F001#0000000000000000
(1779322659.768642) can0 18FF28F4#10320000020C0000
(1779322659.769619) can0 18FE28F4#0CD00CCF40400000
(1779322659.770637) can0 18FD28F4#1702FA6F00000000
(1779322659.771570) can0 4D4#000032007D0C0203
(1779322659.772542) can0 4D5#CF0CD00C40400000
(1779322659.773618) can0 18914010#0CD0100CCF020000
(1779322659.774628) can0 18904010#020C020C753001F8
(1779322659.775630) can0 18FA28F4#123EA12C10270000
(1779322659.776613) can0 18FB28F4#D00CCF0C40400000
(1779322659.777636) can0 18FC28F4#383200000C020000
(1779322659.778623) can0 18F810F3#0C02E80332640100
(1779322659.779688) can0 18F815F3#0000000010030000
(1779322659.780539) can0 273#000000000C023200
(1779322659.781532) can0 1E1#020C271001F801F8
(1779322659.782567) can0 1F5#0000000000000000
(1779322659.783647) can0 0800A6A9#0000000000000000
(1779322659.784618) can0 1000A6A9#0C028813324A4A4A
(1779322659.785645) can0 1C00A6A9#0000000000030000
(1779322659.786641) can0 02018100#1003020C00000000
(1779322659.787688) can0 02028100#0000003264000000
(1779322659.788639) can0 02038100#0CD001100CCF0102
(1779322659.789629) can0 02048100#4A01014A01010000
(1779322659.790524) can0 1AD#7F14000059321818
(1779322659.791536) can0 2AD#D00C800C7F140016
(1779322659.792548) can0 3AD#0000000000007F14
(1779322659.793552) can0 4AD#EB00000000000000
(1779322659.794555) can0 76A#7F00000000000000
(1779322659.857191) can0 0000E005#1702440003B60591
(1779322659.857743) can0 1806E5F4#13B3010003B6023A
(1779322659.858631) can0 0000E000#13B313B3020C0000
(1779322659.859647) can0 0000E004#181803B603B601DF
(1779322659.860612) can0 0000E006#0CCF0CCF0CCF0CCF
(1779322659.861610) can0 0000E007#0CCF0CCF0CCF0CCF
(1779322659.862604) can0 0000E008#0CCF0CCF0CCF0CCF
(1779322659.863611) can0 0000E009#0CCF0CCF0CCF0CD0
(1779322659.864708) can0 0000E010#0000000000000000
(1779322659.865654) can0 0000E011#0000000000000000
(1779322659.866629) can0 0000E012#0CCF000100000000
(1779322659.867649) can0 0000F001#0000000000000000
(1779322659.868629) can0 18FF28F4#10320000020C0000
(1779322659.869630) can0 18FE28F4#0CD00CCF40400000
(1779322659.870631) can0 18FD28F4#1702FA6F00000000
(1779322659.871545) can0 4D4#000032007D0C0203
(1779322659.872581) can0 4D5#CF0CD00C40400000
(1779322659.873624) can0 18914010#0CD0100CCF020000
(1779322659.874618) can0 18904010#020C020C753001F8
(1779322659.875617) can0 18FA28F4#123EA12C10270000
(1779322659.876618) can0 18FB28F4#D00CCF0C40400000
(1779322659.877629) can0 18FC28F4#383200000C020000
(1779322659.878617) can0 18F810F3#0C02E80332640100
(1779322659.879644) can0 18F815F3#0000000010030000
(1779322659.880546) can0 273#000000000C023200
(1779322659.881549) can0 1E1#020C271001F801F8
(1779322659.882560) can0 1F5#0000000000000000
(1779322659.883636) can0 0800A6A9#0000000000000000
(1779322659.884607) can0 1000A6A9#0C028813324A4A4A
(1779322659.885629) can0 1C00A6A9#0000000000030000
(1779322659.886648) can0 02018100#1003020C00000000
(1779322659.887652) can0 02028100#0000003264000000
(1779322659.888633) can0 02038100#0CD001100CCF0102
(1779322659.889620) can0 02048100#4A01014A01010000
(1779322659.890530) can0 1AD#7F14000059321818
(1779322659.891542) can0 2AD#D00C800C7F140016
(1779322659.892553) can0 3AD#0000000000007F14
(1779322659.893548) can0 4AD#EB00000000000000
(1779322659.894549) can0 76A#7F00000000000000
(1779322659.957240) can0 0000E005#1702440003B60591
(1779322659.957798) can0 1806E5F4#13B3010003B6023A
(1779322659.958615) can0 0000E000#13B313B3020C0000
(1779322659.959634) can0 0000E004#181803B603B601DF
(1779322659.960599) can0 0000E006#0CCF0CCF0CCF0CCF
(1779322659.961617) can0 0000E007#0CCF0CCF0CCF0CCF
(1779322659.962608) can0 0000E008#0CCF0CCF0CCF0CCF
(1779322659.963609) can0 0000E009#0CCF0CCF0CCF0CD0
(1779322659.964656) can0 0000E010#0000000000000000
(1779322659.965653) can0 0000E011#0000000000000000
(1779322659.966637) can0 0000E012#0CCF000100000000
(1779322659.967650) can0 0000F001#0000000000000000
(1779322659.968635) can0 18FF28F4#10320000020C0000
(1779322659.969617) can0 18FE28F4#0CD00CCF40400000
(1779322659.970628) can0 18FD28F4#1702FA6F00000000
(1779322659.971544) can0 4D4#000032007D0C0203
(1779322659.972528) can0 4D5#CF0CD00C40400000
(1779322659.973624) can0 18914010#0CD0100CCF050000
(1779322659.974619) can0 18904010#020C020C753001F8
(1779322659.975623) can0 18FA28F4#123EA12C10270000
(1779322659.976619) can0 18FB28F4#D00CCF0C40400000
(1779322659.977634) can0 18FC28F4#383200000C020000
(1779322659.978617) can0 18F810F3#0C02E80332640100
(1779322659.979649) can0 18F815F3#0000000010030000
(1779322659.980546) can0 273#000000000C023200
(1779322659.981548) can0 1E1#020C271001F801F8
(1779322659.982559) can0 1F5#0000000000000000
(1779322659.983635) can0 0800A6A9#0000000000000000
(1779322659.984605) can0 1000A6A9#0C028813324A4A4A
(1779322659.985637) can0 1C00A6A9#0000000000030000
(1779322659.986641) can0 02018100#1003020C00000000
(1779322659.987649) can0 02028100#0000003264000000
(1779322659.988632) can0 02038100#0CD001100CCF0105
(1779322659.989623) can0 02048100#4A01014A01010000
(1779322659.990529) can0 1AD#7F14000059321818
(1779322659.991542) can0 2AD#D00C800C7F140016
(1779322659.992553) can0 3AD#0000000000007F14
(1779322659.993549) can0 4AD#EB00000000000000
(1779322659.994560) can0 76A#7F00000000000000
(1779322660.057190) can0 0000E005#1702440003B60591
(1779322660.057745) can0 1806E5F4#13B3010003B6023A
(1779322660.058631) can0 0000E000#13B313B3020C0000
(1779322660.059623) can0 0000E004#181803B603B601DF
(1779322660.060612) can0 0000E006#0CCF0CCF0CCF0CCF
(1779322660.061611) can0 0000E007#0CCF0CCF0CCF0CCF
(1779322660.062602) can0 0000E008#0CCF0CCF0CCF0CCF
(1779322660.063624) can0 0000E009#0CCF0CCF0CCF0CD0
(1779322660.064650) can0 0000E010#0000000000000000
(1779322660.065646) can0 0000E011#0000000000000000
(1779322660.066629) can0 0000E012#0CCF000100000000
(1779322660.067641) can0 0000F001#0000000000000000
(1779322660.068628) can0 18FF28F4#10320000020C0000
(1779322660.069623) can0 18FE28F4#0CD00CCF40400000
(1779322660.070625) can0 18FD28F4#1702FA6F00000000
(1779322660.071552) can0 4D4#000032007D0C0203
(1779322660.072523) can0 4D5#CF0CD00C40400000
(1779322660.073618) can0 18914010#0CD0100CCF050000
(1779322660.074615) can0 18904010#020C020C753001F8
(1779322660.075619) can0 18FA28F4#123EA12C10270000
(1779322660.076612) can0 18FB28F4#D00CCF0C40400000
(1779322660.077628) can0 18FC28F4#383200000C020000
(1779322660.078610) can0 18F810F3#0C02E80332640100
(1779322660.079672) can0 18F815F3#0000000010030000
(1779322660.080541) can0 273#000000000C023200
(1779322660.081542) can0 1E1#020C271001F801F8
(1779322660.082555) can0 1F5#0000000000000000
(1779322660.083624) can0 0800A6A9#0000000000000000
(1779322660.084599) can0 1000A6A9#0C028813324A4A4A
(1779322660.085631) can0 1C00A6A9#0000000000030000
(1779322660.086643) can0 02018100#1003020C00000000
(1779322660.087678) can0 02028100#0000003264000000
(1779322660.088626) can0 02038100#0CD001100CCF0105
(1779322660.089617) can0 02048100#4A01014A01010000
(1779322660.090523) can0 1AD#7F14000059321818
(1779322660.091528) can0 2AD#D00C800C7F140016
(1779322660.092547) can0 3AD#0000000000007F14
(1779322660.093541) can0 4AD#EB00000000000000
(1779322660.094555) can0 76A#7F00000000000000
(1779322660.174188) can0 0000E005#1702440003B60591
(1779322660.174746) can0 1806E5F4#13B3010003B6023A
(1779322660.175631) can0 0000E000#13B313B3020C0000
(1779322660.176628) can0 0000E004#181803B603B601DF
(1779322660.177612) can0 0000E006#0CCF0CCF0CCF0CCF
(1779322660.178612) can0 0000E007#0CCF0CCF0CCF0CCF
(1779322660.179602) can0 0000E008#0CCF0CCF0CCF0CCF
(1779322660.180606) can0 0000E009#0CCF0CCF0CCF0CD0
(1779322660.181649) can0 0000E010#0000000000000000
(1779322660.182648) can0 0000E011#0000000000000000
(1779322660.183631) can0 0000E012#0CCF000100000000
(1779322660.184601) can0 0000E013#4542323630354C43
(1779322660.185624) can0 0000E014#3134323300000000
(1779322660.186644) can0 0000E015#0000000000000003
(1779322660.187657) can0 0000F000#0000000000000000
(1779322660.188655) can0 0000F001#0000000000000000
(1779322660.189638) can0 18FF28F4#10320000020C0000
(1779322660.190619) can0 18FE28F4#0CD00CCF40400000
(1779322660.191629) can0 18FD28F4#1702FA6F00000000
(1779322660.192537) can0 4D4#000032007D0C0203
(1779322660.193527) can0 4D5#CF0CD00C40400000
(1779322660.194610) can0 18914010#0CD0100CCF020000
(1779322660.195613) can0 18904010#020C020C753001F8
(1779322660.196640) can0 18924010#4001400100000000
(1779322660.197615) can0 18934010#0000008D0000BB2C
(1779322660.198638) can0 18944010#1003000000000000
(1779322660.199651) can0 18954010#0000000000000000
(1779322660.200650) can0 18954010#0100000000000000
(1779322660.201645) can0 18954010#0200000000000000
(1779322660.202645) can0 18954010#0300000000000000
(1779322660.203643) can0 18954010#0400000000000000
(1779322660.204646) can0 18954010#0500000000000000
(1779322660.205635) can0 18964010#0040404000000000
(1779322660.206636) can0 18974010#0000000000000000
(1779322660.207633) can0 18984010#0000000000000000
(1779322660.208619) can0 18FA28F4#123EA12C10270000
(1779322660.209603) can0 18FB28F4#D00CCF0C40400000
(1779322660.210628) can0 18FC28F4#383200000C020000
(1779322660.211608) can0 18F810F3#0C02E80332640100
(1779322660.212619) can0 18F811F3#D00C1001CF0C0201
(1779322660.213614) can0 18F812F3#4001014001010000
(1779322660.214647) can0 18F813F3#0101000000000000
(1779322660.215605) can0 18F814F3#3200EA1AA9015F00
(1779322660.216641) can0 18F815F3#0000000010030000
(1779322660.217552) can0 273#000000000C023200
(1779322660.218535) can0 1E1#020C271001F801F8
(1779322660.219550) can0 1F5#0000000000000000
(1779322660.220646) can0 0800A6A9#0000000000000000
(1779322660.221587) can0 1000A6A9#0C028813324A4A4A
(1779322660.222627) can0 1C00A6A9#0000000000030000
(1779322660.223640) can0 02018100#1003020C00000000
(1779322660.224638) can0 02028100#0000003264000000
(1779322660.225654) can0 02038100#0CD001100CCF0102
(1779322660.226615) can0 02048100#4A01014A01010000
(1779322660.227516) can0 1AD#7F14000059321818
(1779322660.228532) can0 2AD#D00C800C7F140016
(1779322660.229545) can0 3AD#0000000000007F14
(1779322660.230542) can0 4AD#EB00000000000000
(1779322660.231546) can0 76A#7F00000000000000
(1779322660.233482) can0 00000E00#00354C4331343233
(1779322660.290174) can0 0000E005#1702440003B60591
(1779322660.290734) can0 1806E5F4#13B3010003B6023A
(1779322660.291620) can0 0000E000#13B313B3020C0000
(1779322660.292630) can0 0000E004#181803B603B601DF
(1779322660.293600) can0 0000E006#0CCF0CCF0CCF0CCF
(1779322660.294613) can0 0000E007#0CCF0CCF0CCF0CCF
(1779322660.295591) can0 0000E008#0CCF0CCF0CCF0CCF
(1779322660.296594) can0 0000E009#0CCF0CCF0CCF0CD0
(1779322660.297657) can0 0000E010#0000000000000000
(1779322660.298636) can0 0000E011#0000000000000000
(1779322660.299639) can0 0000E012#0CCF000100000000
(1779322660.300652) can0 0000F001#0000000000000000
(1779322660.301629) can0 18FF28F4#10320000020C0000
(1779322660.302632) can0 18FE28F4#0CD00CCF40400000
(1779322660.303613) can0 18FD28F4#1702FA6F00000000
(1779322660.304528) can0 4D4#000032007D0C0203
(1779322660.305531) can0 4D5#CF0CD00C40400000
(1779322660.306614) can0 18914010#0CD0100CCF020000
(1779322660.307605) can0 18904010#020C020C753001F8
(1779322660.308622) can0 18FA28F4#123EA12C10270000
(1779322660.309607) can0 18FB28F4#D00CCF0C40400000
(1779322660.310654) can0 18FC28F4#383200000C020000
(1779322660.311602) can0 18F810F3#0C02E80332640100
(1779322660.312635) can0 18F815F3#0000000010030000
(1779322660.313525) can0 273#000000000C023200
(1779322660.314532) can0 1E1#020C271001F801F8
(1779322660.315544) can0 1F5#0000000000000000
(1779322660.316638) can0 0800A6A9#0000000000000000
(1779322660.317587) can0 1000A6A9#0C028813324A4A4A
(1779322660.318672) can0 1C00A6A9#0000000000030000
(1779322660.319637) can0 02018100#1003020C00000000
(1779322660.320633) can0 02028100#0000003264000000
(1779322660.321612) can0 02038100#0CD001100CCF0102
(1779322660.322612) can0 02048100#4A01014A01010000
(1779322660.323511) can0 1AD#7F14000059321818
(1779322660.324526) can0 2AD#D00C800C7F140016
(1779322660.325531) can0 3AD#0000000000007F14
(1779322660.326582) can0 4AD#EB00000000000000
(1779322660.327551) can0 76A#7F00000000000000
(1779322660.390221) can0 0000E005#1702440003B60591
(1779322660.390775) can0 1806E5F4#13B3010003B6023A
(1779322660.391612) can0 0000E000#13B313B3020C0000
(1779322660.392631) can0 0000E004#181803B603B601DF
(1779322660.393593) can0 0000E006#0CCF0CCF0CCF0CCF
(1779322660.394594) can0 0000E007#0CCF0CCF0CCF0CCF
(1779322660.395636) can0 0000E008#0CCF0CCF0CCF0CCF
(1779322660.396593) can0 0000E009#0CCF0CCF0CCF0CD0
(1779322660.397651) can0 0000E010#0000000000000000
(1779322660.398630) can0 0000E011#0000000000000000
(1779322660.399633) can0 0000E012#0CCF000100000000
(1779322660.400652) can0 0000F001#0000000000000000
(1779322660.401630) can0 18FF28F4#10320000020C0000
(1779322660.402613) can0 18FE28F4#0CD00CCF40400000
(1779322660.403677) can0 18FD28F4#1702FA6F00000000
(1779322660.404528) can0 4D4#000032007D0C0203
(1779322660.405523) can0 4D5#CF0CD00C40400000
(1779322660.406618) can0 18914010#0CD0100CCF020000
(1779322660.407598) can0 18904010#020C020C753001F8
(1779322660.408621) can0 18FA28F4#123EA12C10270000
(1779322660.409601) can0 18FB28F4#D00CCF0C40400000
(1779322660.410609) can0 18FC28F4#383200000C020000
(1779322660.411614) can0 18F810F3#0C02E80332640100
(1779322660.412648) can0 18F815F3#0000000010030000
(1779322660.413529) can0 273#000000000C023200
(1779322660.414525) can0 1E1#020C271001F801F8
(1779322660.415557) can0 1F5#0000000000000000
(1779322660.416638) can0 0800A6A9#0000000000000000
(1779322660.417602) can0 1000A6A9#0C028813324A4A4A
(1779322660.418627) can0 1C00A6A9#0000000000030000
(1779322660.419631) can0 02018100#1003020C00000000
(1779322660.420628) can0 02028100#0000003264000000
(1779322660.421608) can0 02038100#0CD001100CCF0102
(1779322660.422616) can0 02048100#4A01014A01010000
(1779322660.423505) can0 1AD#7F14000059321818
(1779322660.424520) can0 2AD#D00C800C7F140016
(1779322660.425529) can0 3AD#0000000000007F14
(1779322660.426544) can0 4AD#EB00000000000000
(1779322660.427544) can0 76A#7F00000000000000
(1779322660.490170) can0 0000E005#1702440003B60591
(1779322660.490735) can0 1806E5F4#13B3010003B6023A
(1779322660.491615) can0 0000E000#13B313B3020C0000
(1779322660.492630) can0 0000E004#181803B603B601DF
(1779322660.493600) can0 0000E006#0CCF0CCF0CCF0CCF
(1779322660.494594) can0 0000E007#0CCF0CCF0CCF0CCF
(1779322660.495588) can0 0000E008#0CCF0CCF0CCF0CCF
(1779322660.496594) can0 0000E009#0CCF0CCF0CCF0CD0
(1779322660.497639) can0 0000E010#0000000000000000
(1779322660.498637) can0 0000E011#0000000000000000
(1779322660.499639) can0 0000E012#0CCF000100000000
(1779322660.500652) can0 0000F001#0000000000000000
(1779322660.501631) can0 18FF28F4#10320000020C0000
(1779322660.502613) can0 18FE28F4#0CD00CCF40400000
(1779322660.503609) can0 18FD28F4#1702FA6F00000000
(1779322660.504529) can0 4D4#000032007D0C0203
(1779322660.505511) can0 4D5#CF0CD00C40400000
(1779322660.506607) can0 18914010#0CD0100CCF030000
(1779322660.507600) can0 18904010#020C020C753001F8
(1779322660.508621) can0 18FA28F4#123EA12C10270000
(1779322660.509601) can0 18FB28F4#D00CCF0C40400000
(1779322660.510618) can0 18FC28F4#383200000C020000
(1779322660.511606) can0 18F810F3#0C02E80332640100
(1779322660.512636) can0 18F815F3#0000000010030000
(1779322660.513529) can0 273#000000000C023200
(1779322660.514532) can0 1E1#020C271001F801F8
(1779322660.515545) can0 1F5#0000000000000000
(1779322660.516638) can0 0800A6A9#0000000000000000
(1779322660.517610) can0 1000A6A9#0C028813324A4A4A
(1779322660.518621) can0 1C00A6A9#0000000000030000
(1779322660.519631) can0 02018100#1003020C00000000
(1779322660.520634) can0 02028100#0000003264000000
(1779322660.521616) can0 02038100#0CD001100CCF0103
(1779322660.522605) can0 02048100#4A01014A01010000
(1779322660.523511) can0 1AD#7F14000059321818
(1779322660.524526) can0 2AD#D00C800C7F140016
(1779322660.525548) can0 3AD#0000000000007F14
(1779322660.526525) can0 4AD#EB00000000000000
(1779322660.527545) can0 76A#7F00000000000000
