(1778533622.884596) can0 0000E005#15273D0003B60591
(1778533622.885180) can0 1806E5F4#13EC010003B6023A
(1778533622.885951) can0 0000E000#13EC13EC020F0000
(1778533622.886951) can0 0000E004#111103B603B601E4
(1778533622.887952) can0 0000E006#0CE00CE00CE00CE0
(1778533622.888952) can0 0000E007#0CE00CE00CE00CE0
(1778533622.889952) can0 0000E008#0CE00CE00CE00CE0
(1778533622.890952) can0 0000E009#0CE00CE00CE00CE2
(1778533622.891952) can0 0000E010#0000000000000000
(1778533622.892952) can0 0000E011#0000000000000000
(1778533622.893952) can0 0000E012#0CE1000100000000
(1778533622.894893) can0 0000E013#4542323630354C43
(1778533622.895952) can0 0000E014#3134323300000000
(1778533622.896954) can0 0000E015#0000000000000003
(1778533622.897952) can0 0000F000#0000000000000000
(1778533622.898953) can0 0000F001#0000000000000000
(1778533622.899953) can0 18FF28F4#10330000020F0000
(1778533622.900952) can0 18FE28F4#0CE20CE039390000
(1778533622.901953) can0 18FD28F4#1527FA6F00000000
(1778533622.902830) can0 4D4#000033007D0F0203
(1778533622.903810) can0 4D5#E00CE20C39390000
(1778533622.904953) can0 18914010#0CE2100CE0010000
(1778533622.905953) can0 18904010#020F0000753001FE
(1778533622.906953) can0 18FA28F4#373CA12C10270000
(1778533622.907954) can0 18FB28F4#E20CE00C39390000
(1778533622.908953) can0 18FC28F4#383300000F020000
(1778533622.909953) can0 18F810F3#0F02E80333640100
(1778533622.910953) can0 18F811F3#E20C1001E00C0101
(1778533622.911954) can0 18F812F3#3901013901010000
(1778533622.912954) can0 18F813F3#0101000000000000
(1778533622.913954) can0 18F814F3#32000F19A9015F00
(1778533622.914954) can0 18F815F3#0000000010030000
(1778533622.915839) can0 273#000000000F023300
(1778533622.916828) can0 1E1#020F271001FE01FE
(1778533622.917862) can0 1F5#0000000000000000
(1778533622.918954) can0 0800A6A9#0000000000000000
(1778533622.919954) can0 1000A6A9#0F02881333434343
(1778533622.920954) can0 1C00A6A9#0000000000030000
(1778533622.921954) can0 02018100#1003020F00000000
(1778533622.922954) can0 02028100#0000003364000000
(1778533622.923955) can0 02038100#0CE201100CE00101
(1778533622.924955) can0 02048100#4301014301010000
(1778533622.982597) can0 0000E005#15273D0003B60591
(1778533622.983175) can0 1806E5F4#13EC010003B6023A
(1778533622.983959) can0 0000E000#13EC13EC020F0000
(1778533622.984960) can0 0000E004#111103B603B601E4
(1778533622.985960) can0 0000E006#0CE00CE00CE00CE0
(1778533622.986959) can0 0000E007#0CE00CE00CE00CE0
(1778533622.987960) can0 0000E008#0CE00CE00CE00CE0
(1778533622.988960) can0 0000E009#0CE00CE00CE00CE2
(1778533622.989960) can0 0000E010#0000000000000000
(1778533622.990960) can0 0000E011#0000000000000000
(1778533622.991961) can0 0000E012#0CE1000100000000
(1778533622.992960) can0 0000F001#0000000000000000
(1778533622.993960) can0 18FF28F4#10330000020F0000
(1778533622.994963) can0 18FE28F4#0CE20CE039390000
(1778533622.995961) can0 18FD28F4#1527FA6F00000000
(1778533622.996838) can0 4D4#000033007D0F0203
(1778533622.997824) can0 4D5#E00CE20C39390000
(1778533622.998961) can0 18914010#0CE2100CE0010000
(1778533622.999961) can0 18904010#020F0000753001FE
(1778533623.000961) can0 18FA28F4#373CA12C10270000
(1778533623.001961) can0 18FB28F4#E20CE00C39390000
(1778533623.002961) can0 18FC28F4#383300000F020000
(1778533623.003902) can0 18F810F3#0F02E80333640100
(1778533623.004961) can0 18F815F3#0000000010030000
(1778533623.005832) can0 273#000000000F023300
(1778533623.006831) can0 1E1#020F271001FE01FE
(1778533623.007876) can0 1F5#0000000000000000
(1778533623.008961) can0 0800A6A9#0000000000000000
(1778533623.009903) can0 1000A6A9#0F02881333434343
(1778533623.010961) can0 1C00A6A9#0000000000030000
(1778533623.011962) can0 02018100#1003020F00000000
(1778533623.012962) can0 02028100#0000003364000000
(1778533623.013962) can0 02038100#0CE201100CE00101
(1778533623.014962) can0 02048100#4301014301010000
(1778533623.082591) can0 0000E005#15273D0003B60591
(1778533623.083180) can0 1806E5F4#13EC010003B6023A
(1778533623.083968) can0 0000E000#13EC13EC020F0000
(1778533623.084968) can0 0000E004#111103B603B601E4
(1778533623.085908) can0 0000E006#0CE00CE00CE00CE0
(1778533623.086903) can0 0000E007#0CE00CE00CE00CE0
(1778533623.087969) can0 0000E008#0CE00CE00CE00CE0
(1778533623.088968) can0 0000E009#0CE00CE00CE00CE2
(1778533623.089968) can0 0000E010#0000000000000000
(1778533623.090968) can0 0000E011#0000000000000000
(1778533623.091969) can0 0000E012#0CE1000100000000
(1778533623.093001) can0 0000F001#0000000000000000
(1778533623.093968) can0 18FF28F4#10330000020F0000
(1778533623.094901) can0 18FE28F4#0CE20CE039390000
(1778533623.095970) can0 18FD28F4#1527FA6F00000000
(1778533623.096834) can0 4D4#000033007D0F0203
(1778533623.097814) can0 4D5#E00CE20C39390000
(1778533623.098969) can0 18914010#0CE2100CE0010000
(1778533623.099969) can0 18904010#020F0000753001FE
(1778533623.100969) can0 18FA28F4#373CA12C10270000
(1778533623.101910) can0 18FB28F4#E20CE00C39390000
(1778533623.102969) can0 18FC28F4#383300000F020000
(1778533623.103904) can0 18F810F3#0F02E80333640100
(1778533623.104969) can0 18F815F3#0000000010030000
(1778533623.105847) can0 273#000000000F023300
(1778533623.106821) can0 1E1#020F271001FE01FE
(1778533623.107859) can0 1F5#0000000000000000
(1778533623.108970) can0 0800A6A9#0000000000000000
(1778533623.109898) can0 1000A6A9#0F02881333434343
(1778533623.110970) can0 1C00A6A9#0000000000030000
(1778533623.111971) can0 02018100#1003020F00000000
(1778533623.112970) can0 02028100#0000003364000000
(1778533623.113970) can0 02038100#0CE201100CE00101
(1778533623.114970) can0 02048100#4301014301010000
(1778533623.182587) can0 0000E005#15273D0003B60591
(1778533623.183173) can0 1806E5F4#13EC010003B6023A
(1778533623.183976) can0 0000E000#13EC13EC020F0000
(1778533623.184901) can0 0000E004#111103B603B601E4
(1778533623.185976) can0 0000E006#0CE00CE00CE00CE0
(1778533623.186911) can0 0000E007#0CE00CE00CE00CE2
(1778533623.187910) can0 0000E008#0CE00CE00CE00CE0
(1778533623.188905) can0 0000E009#0CE00CE00CE00CE2
(1778533623.189976) can0 0000E010#0000000000000000
(1778533623.190976) can0 0000E011#0000000000000000
(1778533623.191978) can0 0000E012#0CE1000100000000
(1778533623.192976) can0 0000F001#0000000000000000
(1778533623.193976) can0 18FF28F4#10330000020F0000
(1778533623.194911) can0 18FE28F4#0CE20CE039390000
(1778533623.195977) can0 18FD28F4#1527FA6F00000000
(1778533623.196832) can0 4D4#000033007D0F0203
(1778533623.197815) can0 4D5#E00CE20C39390000
(1778533623.198977) can0 18914010#0CE2080CE0010000
(1778533623.199978) can0 18904010#020F0000753001FE
(1778533623.200908) can0 18FA28F4#373CA12C10270000
(1778533623.201910) can0 18FB28F4#E20CE00C39390000
(1778533623.202977) can0 18FC28F4#383300000F020000
(1778533623.203900) can0 18F810F3#0F02E80333640100
(1778533623.204977) can0 18F815F3#0000000010030000
(1778533623.205830) can0 273#000000000F023300
(1778533623.206829) can0 1E1#020F271001FE01FE
(1778533623.207854) can0 1F5#0000000000000000
(1778533623.208978) can0 0800A6A9#0000000000000000
(1778533623.209894) can0 1000A6A9#0F02881333434343
(1778533623.210978) can0 1C00A6A9#0000000000030000
(1778533623.211979) can0 02018100#1003020F00000000
(1778533623.212978) can0 02028100#0000003364000000
(1778533623.213919) can0 02038100#0CE201080CE00101
(1778533623.214979) can0 02048100#4301014301010000
(1778533623.282603) can0 0000E005#15273D0003B60591
(1778533623.283193) can0 1806E5F4#13EC010003B6023A
(1778533623.283984) can0 0000E000#13EC13EC020F0000
(1778533623.284905) can0 0000E004#111103B603B601E4
(1778533623.285919) can0 0000E006#0CE00CE00CE00CE0
(1778533623.286898) can0 0000E007#0CE00CE00CE00CE2
(1778533623.287918) can0 0000E008#0CE00CE00CE00CE0
(1778533623.288911) can0 0000E009#0CE00CE00CE00CE2
(1778533623.289984) can0 0000E010#0000000000000000
(1778533623.290985) can0 0000E011#0000000000000000
(1778533623.291985) can0 0000E012#0CE1000100000000
(1778533623.292984) can0 0000F001#0000000000000000
(1778533623.293985) can0 18FF28F4#10330000020F0000
(1778533623.294913) can0 18FE28F4#0CE20CE039390000
(1778533623.295924) can0 18FD28F4#1527FA6F00000000
(1778533623.296823) can0 4D4#000033007D0F0203
(1778533623.297823) can0 4D5#E00CE20C39390000
(1778533623.298912) can0 18914010#0CE2080CE0010000
(1778533623.299986) can0 18904010#020F0000753001FE
(1778533623.300907) can0 18FA28F4#373CA12C10270000
(1778533623.301906) can0 18FB28F4#E20CE00C39390000
(1778533623.302985) can0 18FC28F4#383300000F020000
(1778533623.303895) can0 18F810F3#0F02E80333640100
(1778533623.304986) can0 18F815F3#0000000010030000
(1778533623.305838) can0 273#000000000F023300
(1778533623.306836) can0 1E1#020F271001FE01FE
(1778533623.307881) can0 1F5#0000000000000000
(1778533623.308986) can0 0800A6A9#0000000000000000
(1778533623.309908) can0 1000A6A9#0F02881333434343
(1778533623.310986) can0 1C00A6A9#0000000000030000
(1778533623.311986) can0 02018100#1003020F00000000
(1778533623.312986) can0 02028100#0000003364000000
(1778533623.313986) can0 02038100#0CE201080CE00101
(1778533623.314922) can0 02048100#4301014301010000
(1778533623.399579) can0 0000E005#15273D0003B60591
(1778533623.400172) can0 1806E5F4#13EC010003B6023A
(1778533623.400993) can0 0000E000#13EC13EC020F0000
(1778533623.401921) can0 0000E004#111103B603B601E4
(1778533623.402920) can0 0000E006#0CE00CE00CE00CE0
(1778533623.403915) can0 0000E007#0CE00CE00CE00CE2
(1778533623.404907) can0 0000E008#0CE00CE00CE00CE0
(1778533623.405908) can0 0000E009#0CE00CE00CE00CE2
(1778533623.406994) can0 0000E010#0000000000000000
(1778533623.407995) can0 0000E011#0000000000000000
(1778533623.408996) can0 0000E012#0CE1000100000000
(1778533623.409891) can0 0000E013#4542323630354C43
(1778533623.410921) can0 0000E014#3134323300000000
(1778533623.411937) can0 0000E015#0000000000000003
(1778533623.412995) can0 0000F000#0000000000000000
(1778533623.413994) can0 0000F001#0000000000000000
(1778533623.414935) can0 18FF28F4#10330000020F0000
(1778533623.415916) can0 18FE28F4#0CE20CE039390000
(1778533623.416906) can0 18FD28F4#1527FA6F00000000
(1778533623.417832) can0 4D4#000033007D0F0203
(1778533623.418814) can0 4D5#E00CE20C39390000
(1778533623.419922) can0 18914010#0CE2080CE0010000
(1778533623.420915) can0 18904010#020F0000753001FE
(1778533623.421905) can0 18FA28F4#373CA12C10270000
(1778533623.422916) can0 18FB28F4#E20CE00C39390000
(1778533623.423929) can0 18FC28F4#383300000F020000
(1778533623.424909) can0 18F810F3#0F02E80333640100
(1778533623.425923) can0 18F811F3#E20C0801E00C0101
(1778533623.426923) can0 18F812F3#3901013901010000
(1778533623.427936) can0 18F813F3#0101000000000000
(1778533623.428910) can0 18F814F3#32000F19A9015F00
(1778533623.429930) can0 18F815F3#0000000010030000
(1778533623.430846) can0 273#000000000F023300
(1778533623.431828) can0 1E1#020F271001FE01FE
(1778533623.432853) can0 1F5#0000000000000000
(1778533623.433930) can0 0800A6A9#0000000000000000
(1778533623.434898) can0 1000A6A9#0F02881333434343
(1778533623.435923) can0 1C00A6A9#0000000000030000
(1778533623.436996) can0 02018100#1003020F00000000
(1778533623.437925) can0 02028100#0000003364000000
(1778533623.438923) can0 02038100#0CE201080CE00101
(1778533623.439924) can0 02048100#4301014301010000
(1778533623.497580) can0 0000E005#15273D0003B60591
(1778533623.498179) can0 1806E5F4#13EC010003B6023A
(1778533623.499001) can0 0000E000#13EC13EC020F0000
(1778533623.499924) can0 0000E004#111103B603B601E4
(1778533623.500913) can0 0000E006#0CE00CE00CE00CE0
(1778533623.501916) can0 0000E007#0CE00CE00CE00CE2
(1778533623.502916) can0 0000E008#0CE00CE00CE00CE0
(1778533623.503910) can0 0000E009#0CE00CE00CE00CE2
(1778533623.505002) can0 0000E010#0000000000000000
(1778533623.506002) can0 0000E011#0000000000000000
(1778533623.506930) can0 0000E012#0CE1000100000000
(1778533623.507942) can0 0000F001#0000000000000000
(1778533623.508939) can0 18FF28F4#10330000020F0000
(1778533623.509904) can0 18FE28F4#0CE20CE039390000
(1778533623.510918) can0 18FD28F4#1527FA6F00000000
(1778533623.511835) can0 4D4#000033007D0F0203
(1778533623.512815) can0 4D5#E00CE20C39390000
(1778533623.513912) can0 18914010#0CE2080CE0010000
(1778533623.514923) can0 18904010#020F0000753001FE
(1778533623.515905) can0 18FA28F4#373CA12C10270000
(1778533623.516904) can0 18FB28F4#E20CE00C39390000
(1778533623.517930) can0 18FC28F4#383300000F020000
(1778533623.518911) can0 18F810F3#0F02E80333640100
(1778533623.519943) can0 18F815F3#0000000010030000
(1778533623.520842) can0 273#000000000F023300
(1778533623.521828) can0 1E1#020F271001FE01FE
(1778533623.522855) can0 1F5#0000000000000000
(1778533623.523937) can0 0800A6A9#0000000000000000
(1778533623.524895) can0 1000A6A9#0F02881333434343
(1778533623.525929) can0 1C00A6A9#0000000000030000
(1778533623.526943) can0 02018100#1003020F00000000
(1778533623.527938) can0 02028100#0000003364000000
(1778533623.528938) can0 02038100#0CE201080CE00101
(1778533623.529918) can0 02048100#4301014301010000
(1778533623.597590) can0 0000E005#15273D0003B60591
(1778533623.598182) can0 1806E5F4#13EC010003B6023A
(1778533623.598931) can0 0000E000#13EC13EC020F0000
(1778533623.599932) can0 0000E004#111103B603B601E4
(1778533623.600912) can0 0000E006#0CE00CE00CE00CE0
(1778533623.601912) can0 0000E007#0CE00CE00CE00CE2
(1778533623.602899) can0 0000E008#0CE00CE00CE00CE0
(1778533623.603906) can0 0000E009#0CE00CE00CE00CE2
(1778533623.604951) can0 0000E010#0000000000000000
(1778533623.605950) can0 0000E011#0000000000000000
(1778533623.606930) can0 0000E012#0CE1000100000000
(1778533623.608011) can0 0000F001#0000000000000000
(1778533623.608932) can0 18FF28F4#10330000020F0000
(1778533623.609899) can0 18FE28F4#0CE20CE039390000
(1778533623.610907) can0 18FD28F4#1527FA6F00000000
(1778533623.611830) can0 4D4#000033007D0F0203
(1778533623.612811) can0 4D5#E00CE20C39390000
(1778533623.613925) can0 18914010#0CE2080CE0010000
(1778533623.614915) can0 18904010#020F0000753001FE
(1778533623.615939) can0 18FA28F4#373CA12C10270000
(1778533623.616901) can0 18FB28F4#E20CE00C39390000
(1778533623.617932) can0 18FC28F4#383300000F020000
(1778533623.618894) can0 18F810F3#0F02E80333640100
(1778533623.619946) can0 18F815F3#0000000010030000
(1778533623.620843) can0 273#000000000F023300
(1778533623.621825) can0 1E1#020F271001FE01FE
(1778533623.622847) can0 1F5#0000000000000000
(1778533623.624012) can0 0800A6A9#0000000000000000
(1778533623.624896) can0 1000A6A9#0F02881333434343
(1778533623.625919) can0 1C00A6A9#0000000000030000
(1778533623.626931) can0 02018100#1003020F00000000
(1778533623.627933) can0 02028100#0000003364000000
(1778533623.628933) can0 02038100#0CE201080CE00101
(1778533623.629927) can0 02048100#4301014301010000
(1778533623.697585) can0 0000E005#15273D0003B60591
(1778533623.698176) can0 1806E5F4#13EC010003B6023A
(1778533623.698940) can0 0000E000#13EC13EC020F0000
(1778533623.699908) can0 0000E004#111103B603B601E4
(1778533623.700952) can0 0000E006#0CE00CE00CE00CE0
(1778533623.701920) can0 0000E007#0CE00CE00CE00CE0
(1778533623.702913) can0 0000E008#0CE20CE00CE00CE0
(1778533623.703895) can0 0000E009#0CE00CE00CE00CE2
(1778533623.704938) can0 0000E010#0000000000000000
(1778533623.705939) can0 0000E011#0000000000000000
(1778533623.706920) can0 0000E012#0CE1000100000000
(1778533623.707952) can0 0000F001#0000000000000000
(1778533623.709019) can0 18FF28F4#10330000020F0000
(1778533623.709915) can0 18FE28F4#0CE20CE039390000
(1778533623.710927) can0 18FD28F4#1527FA6F00000000
(1778533623.711826) can0 4D4#000033007D0F0203
(1778533623.712801) can0 4D5#E00CE20C39390000
(1778533623.713921) can0 18914010#0CE2090CE0010000
(1778533623.714914) can0 18904010#020F0000753001FE
(1778533623.715914) can0 18FA28F4#373CA12C10270000
(1778533623.716954) can0 18FB28F4#E20CE00C39390000
(1778533623.717927) can0 18FC28F4#383300000F020000
(1778533623.718908) can0 18F810F3#0F02E80333640100
(1778533623.719935) can0 18F815F3#0000000010030000
(1778533623.720832) can0 273#000000000F023300
(1778533623.721833) can0 1E1#020F271001FE01FE
(1778533623.722845) can0 1F5#0000000000000000
(1778533623.723941) can0 0800A6A9#0000000000000000
(1778533623.724902) can0 1000A6A9#0F02881333434343
(1778533623.725922) can0 1C00A6A9#0000000000030000
(1778533623.726947) can0 02018100#1003020F00000000
(1778533623.727935) can0 02028100#0000003364000000
(1778533623.728909) can0 02038100#0CE201090CE00101
(1778533623.729923) can0 02048100#4301014301010000
(1778533623.797600) can0 0000E005#15273D0003B60591
(1778533623.798191) can0 1806E5F4#13EC010003B6023A
(1778533623.798941) can0 0000E000#13EC13EC020F0000
(1778533623.799909) can0 0000E004#111103B603B601E4
(1778533623.800923) can0 0000E006#0CE00CE00CE00CE0
(1778533623.801916) can0 0000E007#0CE00CE00CE00CE0
(1778533623.802908) can0 0000E008#0CE20CE00CE00CE0
(1778533623.803896) can0 0000E009#0CE00CE00CE00CE2
(1778533623.804940) can0 0000E010#0000000000000000
(1778533623.805941) can0 0000E011#0000000000000000
(1778533623.806914) can0 0000E012#0CE1000100000000
(1778533623.807954) can0 0000F001#0000000000000000
(1778533623.808929) can0 18FF28F4#10330000020F0000
(1778533623.809915) can0 18FE28F4#0CE20CE039390000
(1778533623.810929) can0 18FD28F4#1527FA6F00000000
(1778533623.811827) can0 4D4#000033007D0F0203
(1778533623.812809) can0 4D5#E00CE20C39390000
(1778533623.813903) can0 18914010#0CE2090CE0010000
(1778533623.814917) can0 18904010#020F0000753001FE
(1778533623.815918) can0 18FA28F4#373CA12C10270000
(1778533623.816910) can0 18FB28F4#E20CE00C39390000
(1778533623.817923) can0 18FC28F4#383300000F020000
(1778533623.818901) can0 18F810F3#0F02E80333640100
(1778533623.819937) can0 18F815F3#0000000010030000
(1778533623.820840) can0 273#000000000F023300
(1778533623.821834) can0 1E1#020F271001FE01FE
(1778533623.822847) can0 1F5#0000000000000000
(1778533623.823942) can0 0800A6A9#0000000000000000
(1778533623.824893) can0 1000A6A9#0F02881333434343
(1778533623.825924) can0 1C00A6A9#0000000000030000
(1778533623.826933) can0 02018100#1003020F00000000
(1778533623.827937) can0 02028100#0000003364000000
(1778533623.828918) can0 02038100#0CE201090CE00101
(1778533623.829930) can0 02048100#4301014301010000
(1778533623.914586) can0 0000E005#15273D0003B60591
(1778533623.915182) can0 1806E5F4#13EC010003B6023A
(1778533623.915964) can0 0000E000#13EC13EC020F0000
(1778533623.916912) can0 0000E004#111103B603B601E4
(1778533623.917912) can0 0000E006#0CE00CE00CE00CE0
(1778533623.918906) can0 0000E007#0CE00CE00CE00CE0
(1778533623.919906) can0 0000E008#0CE00CE00CE00CE0
(1778533623.920901) can0 0000E009#0CE00CE00CE00CE2
(1778533623.921942) can0 0000E010#0000000000000000
(1778533623.922944) can0 0000E011#0000000000000000
(1778533623.923958) can0 0000E012#0CE1000100000000
(1778533623.924894) can0 0000E013#4542323630354C43
(1778533623.925918) can0 0000E014#3134323300000000
(1778533623.926938) can0 0000E015#0000000000000003
(1778533623.927952) can0 0000F000#0000000000000000
(1778533623.928945) can0 0000F001#0000000000000000
(1778533623.929926) can0 18FF28F4#10330000020F0000
(1778533623.930907) can0 18FE28F4#0CE20CE039390000
(1778533623.931958) can0 18FD28F4#1527FA6F00000000
(1778533623.932837) can0 4D4#000033007D0F0203
(1778533623.933819) can0 4D5#E00CE20C39390000
(1778533623.934913) can0 18914010#0CE2100CE0010000
(1778533623.935933) can0 18904010#020F0000753001FE
(1778533623.936913) can0 18FA28F4#373CA12C10270000
(1778533623.937905) can0 18FB28F4#E20CE00C39390000
(1778533623.938920) can0 18FC28F4#383300000F020000
(1778533623.939952) can0 18F810F3#0F02E80333640100
(1778533623.940915) can0 18F811F3#E20C1001E00C0101
(1778533623.941914) can0 18F812F3#3901013901010000
(1778533623.942947) can0 18F813F3#0101000000000000
(1778533623.943908) can0 18F814F3#32000F19A9015F00
(1778533623.944940) can0 18F815F3#0000000010030000
(1778533623.945836) can0 273#000000000F023300
(1778533623.946838) can0 1E1#020F271001FE01FE
(1778533623.947845) can0 1F5#0000000000000000
(1778533623.948940) can0 0800A6A9#0000000000000000
(1778533623.949904) can0 1000A6A9#0F02881333434343
(1778533623.950934) can0 1C00A6A9#0000000000030000
(1778533623.951947) can0 02018100#1003020F00000000
(1778533623.952927) can0 02028100#0000003364000000
(1778533623.953921) can0 02038100#0CE201100CE00101
(1778533623.954921) can0 02048100#4301014301010000
(1778533624.012586) can0 0000E005#15273D0003B60591
(1778533624.013177) can0 1806E5F4#13EC010003B6023A
(1778533624.013926) can0 0000E000#13EC13EC020F0000
(1778533624.014908) can0 0000E004#111103B603B601E4
(1778533624.015907) can0 0000E006#0CE00CE00CE00CE0
(1778533624.016951) can0 0000E007#0CE00CE00CE00CE0
(1778533624.017893) can0 0000E008#0CE00CE00CE00CE0
(1778533624.018900) can0 0000E009#0CE00CE00CE00CE2
(1778533624.019946) can0 0000E010#0000000000000000
(1778533624.020939) can0 0000E011#0000000000000000
(1778533624.021926) can0 0000E012#0CE1000100000000
(1778533624.022941) can0 0000F001#0000000000000000
(1778533624.023934) can0 18FF28F4#10330000020F0000
(1778533624.024902) can0 18FE28F4#0CE20CE039390000
(1778533624.025911) can0 18FD28F4#1527FA6F00000000
(1778533624.026832) can0 4D4#000033007D0F0203
(1778533624.027813) can0 4D5#E00CE20C39390000
(1778533624.028921) can0 18914010#0CE2100CE0010000
(1778533624.029918) can0 18904010#020F0000753001FE
(1778533624.030902) can0 18FA28F4#373CA12C10270000
(1778533624.031896) can0 18FB28F4#E20CE00C39390000
(1778533624.032928) can0 18FC28F4#383300000F020000
(1778533624.033896) can0 18F810F3#0F02E80333640100
(1778533624.034940) can0 18F815F3#0000000010030000
(1778533624.035839) can0 273#000000000F023300
(1778533624.036820) can0 1E1#020F271001FE01FE
(1778533624.037851) can0 1F5#0000000000000000
(1778533624.038928) can0 0800A6A9#0000000000000000
(1778533624.039897) can0 1000A6A9#0F02881333434343
(1778533624.040919) can0 1C00A6A9#0000000000030000
(1778533624.041935) can0 02018100#1003020F00000000
(1778533624.042935) can0 02028100#0000003364000000
(1778533624.043916) can0 02038100#0CE201100CE00101
(1778533624.044910) can0 02048100#4301014301010000
(1778533624.112587) can0 0000E005#15273D0003B60591
(1778533624.113172) can0 1806E5F4#13EC010003B6023A
(1778533624.113929) can0 0000E000#13EC13EC020F0000
(1778533624.114903) can0 0000E004#111103B603B601E4
(1778533624.115903) can0 0000E006#0CE00CE00CE00CE0
(1778533624.116902) can0 0000E007#0CE00CE00CE00CE0
(1778533624.117915) can0 0000E008#0CE00CE00CE00CE0
(1778533624.118895) can0 0000E009#0CE00CE00CE00CE2
(1778533624.119942) can0 0000E010#0000000000000000
(1778533624.120941) can0 0000E011#0000000000000000
(1778533624.121921) can0 0000E012#0CE1000100000000
(1778533624.122953) can0 0000F001#0000000000000000
(1778533624.123935) can0 18FF28F4#10330000020F0000
(1778533624.124897) can0 18FE28F4#0CE20CE039390000
(1778533624.125916) can0 18FD28F4#1527FA6F00000000
(1778533624.126827) can0 4D4#000033007D0F0203
(1778533624.127808) can0 4D5#E00CE20C39390000
(1778533624.128922) can0 18914010#0CE2100CE0010000
(1778533624.129916) can0 18904010#020F0000753001FE
(1778533624.130910) can0 18FA28F4#373CA12C10270000
(1778533624.131898) can0 18FB28F4#E20CE00C39390000
(1778533624.132924) can0 18FC28F4#383300000F020000
(1778533624.133906) can0 18F810F3#0F02E80333640100
(1778533624.134942) can0 18F815F3#0000000010030000
(1778533624.135842) can0 273#000000000F023300
(1778533624.136821) can0 1E1#020F271001FE01FE
(1778533624.137854) can0 1F5#0000000000000000
(1778533624.138940) can0 0800A6A9#0000000000000000
(1778533624.139891) can0 1000A6A9#0F02881333434343
(1778533624.140924) can0 1C00A6A9#0000000000030000
(1778533624.141936) can0 02018100#1003020F00000000
(1778533624.142927) can0 02028100#0000003364000000
(1778533624.143917) can0 02038100#0CE201100CE00101
(1778533624.144911) can0 02048100#4301014301010000
(1778533624.212582) can0 0000E005#15273D0003B60591
(1778533624.213174) can0 1806E5F4#13EC010003B6023A
(1778533624.213924) can0 0000E000#13EC13EC020F0000
(1778533624.214910) can0 0000E004#111103B603B601E4
(1778533624.215923) can0 0000E006#0CE00CE00CE00CE0
(1778533624.216896) can0 0000E007#0CE00CE00CE00CE0
(1778533624.217918) can0 0000E008#0CE00CE00CE00CE0
(1778533624.218898) can0 0000E009#0CE00CE00CE00CE2
(1778533624.219943) can0 0000E010#0000000000000000
(1778533624.220940) can0 0000E011#0000000000000000
(1778533624.221923) can0 0000E012#0CE1000100000000
(1778533624.222949) can0 0000F001#0000000000000000
(1778533624.223968) can0 18FF28F4#10330000020F0000
(1778533624.224898) can0 18FE28F4#0CE20CE039390000
(1778533624.225911) can0 18FD28F4#1527FA6F00000000
(1778533624.226829) can0 4D4#000033007D0F0203
(1778533624.227815) can0 4D5#E00CE20C39390000
(1778533624.228920) can0 18914010#0CE2100CE0010000
(1778533624.229922) can0 18904010#020F0000753001FE
(1778533624.230901) can0 18FA28F4#373CA12C10270000
(1778533624.231944) can0 18FB28F4#E20CE00C39390000
(1778533624.232919) can0 18FC28F4#383300000F020000
(1778533624.233906) can0 18F810F3#0F02E80333640100
(1778533624.234937) can0 18F815F3#0000000010030000
(1778533624.235837) can0 273#000000000F023300
(1778533624.236817) can0 1E1#020F271001FE01FE
(1778533624.237848) can0 1F5#0000000000000000
(1778533624.238925) can0 0800A6A9#0000000000000000
(1778533624.239937) can0 1000A6A9#0F02881333434343
(1778533624.240920) can0 1C00A6A9#0000000000030000
(1778533624.241938) can0 02018100#1003020F00000000
(1778533624.242932) can0 02028100#0000003364000000
(1778533624.243912) can0 02038100#0CE201100CE00101
(1778533624.244919) can0 02048100#4301014301010000
(1778533624.312584) can0 0000E005#15273D0003B60591
(1778533624.313176) can0 1806E5F4#13EC010003B6023A
(1778533624.313938) can0 0000E000#13EC13EC020F0000
(1778533624.314906) can0 0000E004#111103B603B601E4
(1778533624.315900) can0 0000E006#0CE00CE00CE00CE0
(1778533624.316951) can0 0000E007#0CE00CE00CE00CE0
(1778533624.317912) can0 0000E008#0CE00CE00CE00CE0
(1778533624.318889) can0 0000E009#0CE00CE00CE00CE2
(1778533624.319945) can0 0000E010#0000000000000000
(1778533624.320938) can0 0000E011#0000000000000000
(1778533624.321920) can0 0000E012#0CE1000100000000
(1778533624.322949) can0 0000F001#0000000000000000
(1778533624.323932) can0 18FF28F4#10330000020F0000
(1778533624.324945) can0 18FE28F4#0CE20CE039390000
(1778533624.325913) can0 18FD28F4#1527FA6F00000000
(1778533624.326826) can0 4D4#000033007D0F0203
(1778533624.327812) can0 4D5#E00CE20C39390000
(1778533624.328919) can0 18914010#0CE2100CE0010000
(1778533624.329919) can0 18904010#020F0000753001FE
(1778533624.330897) can0 18FA28F4#373CA12C10270000
(1778533624.331913) can0 18FB28F4#E20CE00C39390000
(1778533624.332928) can0 18FC28F4#383300000F020000
(1778533624.333907) can0 18F810F3#0F02E80333640100
(1778533624.334935) can0 18F815F3#0000000010030000
(1778533624.335839) can0 273#000000000F023300
(1778533624.336818) can0 1E1#020F271001FE01FE
(1778533624.337850) can0 1F5#0000000000000000
(1778533624.338927) can0 0800A6A9#0000000000000000
(1778533624.339889) can0 1000A6A9#0F02881333434343
(1778533624.340920) can0 1C00A6A9#0000000000030000
(1778533624.341933) can0 02018100#1003020F00000000
(1778533624.342928) can0 02028100#0000003364000000
(1778533624.343914) can0 02038100#0CE201100CE00101
(1778533624.344910) can0 02048100#4301014301010000
(1778533624.429582) can0 0000E005#15273D0003B60591
(1778533624.430162) can0 1806E5F4#13EC010003B6023A
(1778533624.430939) can0 0000E000#13EC13EC020F0000
(1778533624.431903) can0 0000E004#111103B603B601E4
(1778533624.432916) can0 0000E006#0CE00CE00CE00CE2
(1778533624.433915) can0 0000E007#0CE00CE00CE00CE0
(1778533624.434909) can0 0000E008#0CE20CE00CE00CE0
(1778533624.435891) can0 0000E009#0CE00CE00CE00CE2
(1778533624.436953) can0 0000E010#0000000000000000
(1778533624.437929) can0 0000E011#0000000000000000
(1778533624.438934) can0 0000E012#0CE1000100000000
(1778533624.439885) can0 0000E013#4542323630354C43
(1778533624.440910) can0 0000E014#3134323300000000
(1778533624.441936) can0 0000E015#0000000000000003
(1778533624.442941) can0 0000F000#0000000000000000
(1778533624.443935) can0 0000F001#0000000000000000
(1778533624.444935) can0 18FF28F4#10330000020F0000
(1778533624.445897) can0 18FE28F4#0CE20CE039390000
(1778533624.446929) can0 18FD28F4#1527FA6F00000000
(1778533624.447828) can0 4D4#000033007D0F0203
(1778533624.448808) can0 4D5#E00CE20C39390000
(1778533624.449914) can0 18914010#0CE2040CE0010000
(1778533624.450917) can0 18904010#020F0000753001FE
(1778533624.451904) can0 18FA28F4#373CA12C10270000
(1778533624.452898) can0 18FB28F4#E20CE00C39390000
(1778533624.453922) can0 18FC28F4#383300000F020000
(1778533624.454923) can0 18F810F3#0F02E80333640100
(1778533624.455905) can0 18F811F3#E20C0401E00C0101
(1778533624.456904) can0 18F812F3#3901013901010000
(1778533624.457937) can0 18F813F3#0101000000000000
(1778533624.458905) can0 18F814F3#32000F19A9015F00
(1778533624.459933) can0 18F815F3#0000000010030000
(1778533624.460828) can0 273#000000000F023300
(1778533624.461824) can0 1E1#020F271001FE01FE
(1778533624.462886) can0 1F5#0000000000000000
(1778533624.463931) can0 0800A6A9#0000000000000000
(1778533624.464893) can0 1000A6A9#0F02881333434343
(1778533624.465923) can0 1C00A6A9#0000000000030000
(1778533624.466937) can0 02018100#1003020F00000000
(1778533624.467931) can0 02028100#0000003364000000
(1778533624.468912) can0 02038100#0CE201040CE00101
(1778533624.469912) can0 02048100#4301014301010000
(1778533624.527557) can0 0000E005#15273D0003B60591
(1778533624.528148) can0 1806E5F4#13EC010003B6023A
(1778533624.528931) can0 0000E000#13EC13EC020F0000
(1778533624.529904) can0 0000E004#111103B603B601E4
(1778533624.530910) can0 0000E006#0CE00CE00CE00CE2
(1778533624.531937) can0 0000E007#0CE00CE00CE00CE0
(1778533624.532904) can0 0000E008#0CE20CE00CE00CE0
(1778533624.533897) can0 0000E009#0CE00CE00CE00CE2
(1778533624.534948) can0 0000E010#0000000000000000
(1778533624.535943) can0 0000E011#0000000000000000
(1778533624.536923) can0 0000E012#0CE1000100000000
(1778533624.537942) can0 0000F001#0000000000000000
(1778533624.538936) can0 18FF28F4#10330000020F0000
(1778533624.539937) can0 18FE28F4#0CE20CE039390000
(1778533624.540917) can0 18FD28F4#1527FA6F00000000
(1778533624.541831) can0 4D4#000033007D0F0203
(1778533624.542816) can0 4D5#E00CE20C39390000
(1778533624.543912) can0 18914010#0CE2040CE0010000
(1778533624.544924) can0 18904010#020F0000753001FE
(1778533624.545898) can0 18FA28F4#373CA12C10270000
(1778533624.546899) can0 18FB28F4#E20CE00C39390000
(1778533624.547963) can0 18FC28F4#383300000F020000
(1778533624.548899) can0 18F810F3#0F02E80333640100
(1778533624.549943) can0 18F815F3#0000000010030000
(1778533624.550824) can0 273#000000000F023300
(1778533624.551823) can0 1E1#020F271001FE01FE
(1778533624.552855) can0 1F5#0000000000000000
(1778533624.553932) can0 0800A6A9#0000000000000000
(1778533624.554900) can0 1000A6A9#0F02881333434343
(1778533624.555976) can0 1C00A6A9#0000000000030000
(1778533624.556938) can0 02018100#1003020F00000000
(1778533624.557914) can0 02028100#0000003364000000
(1778533624.558918) can0 02038100#0CE201040CE00101
(1778533624.559913) can0 02048100#4301014301010000
(1778533624.627583) can0 0000E005#15273D0003B60591
(1778533624.628175) can0 1806E5F4#13EC010003B6023A
(1778533624.628926) can0 0000E000#13EC13EC020F0000
(1778533624.629907) can0 0000E004#111103B603B601E4
(1778533624.630906) can0 0000E006#0CE00CE00CE00CE2
(1778533624.631899) can0 0000E007#0CE00CE00CE00CE0
(1778533624.632950) can0 0000E008#0CE20CE00CE00CE0
(1778533624.633899) can0 0000E009#0CE00CE00CE00CE2
(1778533624.634944) can0 0000E010#0000000000000000
(1778533624.635935) can0 0000E011#0000000000000000
(1778533624.636924) can0 0000E012#0CE1000100000000
(1778533624.637938) can0 0000F001#0000000000000000
(1778533624.638932) can0 18FF28F4#10330000020F0000
(1778533624.639900) can0 18FE28F4#0CE20CE039390000
(1778533624.640913) can0 18FD28F4#1527FA6F00000000
(1778533624.641830) can0 4D4#000033007D0F0203
(1778533624.642811) can0 4D5#E00CE20C39390000
(1778533624.643901) can0 18914010#0CE2040CE0010000
(1778533624.644919) can0 18904010#020F0000753001FE
(1778533624.645901) can0 18FA28F4#373CA12C10270000
(1778533624.646899) can0 18FB28F4#E20CE00C39390000
(1778533624.647922) can0 18FC28F4#383300000F020000
(1778533624.648895) can0 18F810F3#0F02E80333640100
(1778533624.649939) can0 18F815F3#0000000010030000
(1778533624.650825) can0 273#000000000F023300
(1778533624.651818) can0 1E1#020F271001FE01FE
(1778533624.652850) can0 1F5#0000000000000000
(1778533624.653927) can0 0800A6A9#0000000000000000
(1778533624.654895) can0 1000A6A9#0F02881333434343
(1778533624.655928) can0 1C00A6A9#0000000000030000
(1778533624.656940) can0 02018100#1003020F00000000
(1778533624.657933) can0 02028100#0000003364000000
(1778533624.658914) can0 02038100#0CE201040CE00101
(1778533624.659909) can0 02048100#4301014301010000
(1778533624.727585) can0 0000E005#15273D0003B60591
(1778533624.728177) can0 1806E5F4#13EC010003B6023A
(1778533624.728927) can0 0000E000#13EC13EC020F0000
(1778533624.729907) can0 0000E004#111103B603B601E4
(1778533624.730909) can0 0000E006#0CE00CE00CE00CE0
(1778533624.731903) can0 0000E007#0CE00CE00CE00CE0
(1778533624.732901) can0 0000E008#0CE00CE00CE00CE0
(1778533624.733893) can0 0000E009#0CE00CE00CE00CE2
(1778533624.734946) can0 0000E010#0000000000000000
(1778533624.735946) can0 0000E011#0000000000000000
(1778533624.736927) can0 0000E012#0CE1000100000000
(1778533624.737937) can0 0000F001#0000000000000000
(1778533624.738933) can0 18FF28F4#10330000020F0000
(1778533624.739902) can0 18FE28F4#0CE20CE039390000
(1778533624.740915) can0 18FD28F4#1527FA6F00000000
(1778533624.741832) can0 4D4#000033007D0F0203
(1778533624.742814) can0 4D5#E00CE20C39390000
(1778533624.743909) can0 18914010#0CE2100CE0010000
(1778533624.744921) can0 18904010#020F0000753001FE
(1778533624.745900) can0 18FA28F4#373CA12C10270000
(1778533624.746915) can0 18FB28F4#E20CE00C39390000
(1778533624.747928) can0 18FC28F4#383300000F020000
(1778533624.748896) can0 18F810F3#0F02E80333640100
(1778533624.749938) can0 18F815F3#0000000010030000
(1778533624.750826) can0 273#000000000F023300
(1778533624.751820) can0 1E1#020F271001FE01FE
(1778533624.752852) can0 1F5#0000000000000000
(1778533624.753929) can0 0800A6A9#0000000000000000
(1778533624.754909) can0 1000A6A9#0F02881333434343
(1778533624.755928) can0 1C00A6A9#0000000000030000
(1778533624.756941) can0 02018100#1003020F00000000
(1778533624.757918) can0 02028100#0000003364000000
(1778533624.758915) can0 02038100#0CE201100CE00101
(1778533624.759917) can0 02048100#4301014301010000
(1778533624.821780) can0 00000E00#00354C4331343233
(1778533624.828574) can0 0000E005#15273D0003B60591
(1778533624.829168) can0 1806E5F4#13EC010003B6023A
(1778533624.829935) can0 0000E000#13EC13EC020F0000
(1778533624.830916) can0 0000E004#111103B603B601E4
(1778533624.831928) can0 0000E006#0CE00CE00CE00CE0
(1778533624.832909) can0 0000E007#0CE00CE00CE00CE0
(1778533624.833910) can0 0000E008#0CE00CE00CE00CE0
(1778533624.834900) can0 0000E009#0CE00CE00CE00CE2
(1778533624.835935) can0 0000E010#0000000000000000
(1778533624.836935) can0 0000E011#0000000000000000
(1778533624.837929) can0 0000E012#0CE1000100000000
(1778533624.838937) can0 0000F001#0000000000000000
(1778533624.839961) can0 18FF28F4#10330000020F0000
(1778533624.840909) can0 18FE28F4#0CE20CE039390000
(1778533624.841923) can0 18FD28F4#1527FA6F00000000
(1778533624.842821) can0 4D4#000033007D0F0203
(1778533624.843821) can0 4D5#E00CE20C39390000
(1778533624.844910) can0 18914010#0CE2100CE0010000
(1778533624.845929) can0 18904010#020F0000753001FE
(1778533624.846900) can0 18FA28F4#373CA12C10270000
(1778533624.847936) can0 18FB28F4#E20CE00C39390000
(1778533624.848917) can0 18FC28F4#383300000F020000
(1778533624.849898) can0 18F810F3#0F02E80333640100
(1778533624.850930) can0 18F815F3#0000000010030000
(1778533624.851834) can0 273#000000000F023300
(1778533624.852828) can0 1E1#020F271001FE01FE
(1778533624.853842) can0 1F5#0000000000000000
(1778533624.854936) can0 0800A6A9#0000000000000000
(1778533624.855949) can0 1000A6A9#0F02881333434343
(1778533624.856923) can0 1C00A6A9#0000000000030000
(1778533624.857936) can0 02018100#1003020F00000000
(1778533624.858931) can0 02028100#0000003364000000
(1778533624.859912) can0 02038100#0CE201100CE00101
(1778533624.860911) can0 02048100#4301014301010000
(1778533624.944584) can0 0000E005#15273D0003B60591
(1778533624.945165) can0 1806E5F4#13EC010003B6023A
(1778533624.945935) can0 0000E000#13EC13EC020F0000
(1778533624.946899) can0 0000E004#111103B603B601E4
(1778533624.947894) can0 0000E006#0CE00CE00CE00CE0
(1778533624.948914) can0 0000E007#0CE00CE00CE00CE0
(1778533624.949905) can0 0000E008#0CE00CE20CE00CE0
(1778533624.950906) can0 0000E009#0CE00CE00CE00CE3
(1778533624.951934) can0 0000E010#0000000000000000
(1778533624.952925) can0 0000E011#0000000000000000
(1778533624.953913) can0 0000E012#0CE1000200000000
(1778533624.954893) can0 0000E013#4542323630354C43
(1778533624.955907) can0 0000E014#3134323300000000
(1778533624.956938) can0 0000E015#0000000000000003
(1778533624.957938) can0 0000F000#0000000000000000
(1778533624.958933) can0 0000F001#0000000000000000
(1778533624.959932) can0 18FF28F4#10330000020F0000
(1778533624.960894) can0 18FE28F4#0CE30CE039390000
(1778533624.961913) can0 18FD28F4#1527FA6F00000000
(1778533624.962824) can0 4D4#000033007D0F0203
(1778533624.963806) can0 4D5#E00CE30C39390000
(1778533624.964895) can0 18914010#0CE3100CE0010000
(1778533624.965914) can0 18904010#020F0000753001FE
(1778533624.966895) can0 18FA28F4#373CA12C10270000
(1778533624.967894) can0 18FB28F4#E30CE00C39390000
(1778533624.968923) can0 18FC28F4#383300000F020000
(1778533624.969908) can0 18F810F3#0F02E80333640100
(1778533624.970901) can0 18F811F3#E30C1001E00C0101
(1778533624.971902) can0 18F812F3#3901013901010000
(1778533624.972934) can0 18F813F3#0101000000000000
(1778533624.973894) can0 18F814F3#32000F19A9015F00
(1778533624.974927) can0 18F815F3#0000000010030000
(1778533624.975826) can0 273#000000000F023300
(1778533624.976820) can0 1E1#020F271001FE01FE
(1778533624.977866) can0 1F5#0000000000000000
(1778533624.978927) can0 0800A6A9#0000000000000000
(1778533624.979890) can0 1000A6A9#0F02881333434343
(1778533624.980918) can0 1C00A6A9#0000000000030000
(1778533624.981934) can0 02018100#1003020F00000000
(1778533624.982927) can0 02028100#0000003364000000
(1778533624.983909) can0 02038100#0CE301100CE00101
(1778533624.984909) can0 02048100#4301014301010000
(1778533625.042521) can0 0000E005#15273D0003B60591
(1778533625.043126) can0 1806E5F4#13EC010003B6023A
(1778533625.043928) can0 0000E000#13EC13EC020F0000
(1778533625.044909) can0 0000E004#111103B603B601E4
(1778533625.045907) can0 0000E006#0CE00CE00CE00CE0
(1778533625.046907) can0 0000E007#0CE00CE00CE00CE0
(1778533625.047901) can0 0000E008#0CE00CE20CE00CE0
(1778533625.048899) can0 0000E009#0CE00CE00CE00CE3
(1778533625.049945) can0 0000E010#0000000000000000
(1778533625.050927) can0 0000E011#0000000000000000
(1778533625.051927) can0 0000E012#0CE1000200000000
(1778533625.052940) can0 0000F001#0000000000000000
(1778533625.053921) can0 18FF28F4#10330000020F0000
(1778533625.054920) can0 18FE28F4#0CE30CE039390000
(1778533625.055915) can0 18FD28F4#1527FA6F00000000
(1778533625.056811) can0 4D4#000033007D0F0203
(1778533625.057800) can0 4D5#E00CE30C39390000
(1778533625.058908) can0 18914010#0CE3100CE0010000
(1778533625.059921) can0 18904010#020F0000753001FE
(1778533625.060901) can0 18FA28F4#373CA12C10270000
(1778533625.061883) can0 18FB28F4#E30CE00C39390000
(1778533625.062947) can0 18FC28F4#383300000F020000
(1778533625.063896) can0 18F810F3#0F02E80333640100
(1778533625.064928) can0 18F815F3#0000000010030000
(1778533625.065826) can0 273#000000000F023300
(1778533625.066826) can0 1E1#020F271001FE01FE
(1778533625.067839) can0 1F5#0000000000000000
(1778533625.068927) can0 0800A6A9#0000000000000000
(1778533625.069896) can0 1000A6A9#0F02881333434343
(1778533625.070947) can0 1C00A6A9#0000000000030000
(1778533625.071942) can0 02018100#1003020F00000000
(1778533625.072917) can0 02028100#0000003364000000
(1778533625.073903) can0 02038100#0CE301100CE00101
(1778533625.074915) can0 02048100#4301014301010000
(1778533625.142594) can0 0000E005#15273D0003B60591
(1778533625.143184) can0 1806E5F4#13EC010003B6023A
(1778533625.143935) can0 0000E000#13EC13EC020F0000
(1778533625.144902) can0 0000E004#111103B603B601E4
(1778533625.145896) can0 0000E006#0CE00CE00CE00CE0
(1778533625.146894) can0 0000E007#0CE00CE00CE00CE0
(1778533625.147941) can0 0000E008#0CE00CE20CE00CE0
(1778533625.148909) can0 0000E009#0CE00CE00CE00CE3
(1778533625.149942) can0 0000E010#0000000000000000
(1778533625.150930) can0 0000E011#0000000000000000
(1778533625.151916) can0 0000E012#0CE1000200000000
(1778533625.152949) can0 0000F001#0000000000000000
(1778533625.153928) can0 18FF28F4#10330000020F0000
(1778533625.154896) can0 18FE28F4#0CE30CE039390000
(1778533625.155954) can0 18FD28F4#1527FA6F00000000
(1778533625.156821) can0 4D4#000033007D0F0203
(1778533625.157807) can0 4D5#E00CE30C39390000
(1778533625.158895) can0 18914010#0CE3100CE0010000
(1778533625.159916) can0 18904010#020F0000753001FE
(1778533625.160897) can0 18FA28F4#373CA12C10270000
(1778533625.161891) can0 18FB28F4#E30CE00C39390000
(1778533625.162915) can0 18FC28F4#383300000F020000
(1778533625.163936) can0 18F810F3#0F02E80333640100
(1778533625.164936) can0 18F815F3#0000000010030000
(1778533625.165833) can0 273#000000000F023300
(1778533625.166815) can0 1E1#020F271001FE01FE
(1778533625.167847) can0 1F5#0000000000000000
(1778533625.168922) can0 0800A6A9#0000000000000000
(1778533625.169891) can0 1000A6A9#0F02881333434343
(1778533625.170917) can0 1C00A6A9#0000000000030000
(1778533625.171935) can0 02018100#1003020F00000000
(1778533625.172929) can0 02028100#0000003364000000
(1778533625.173910) can0 02038100#0CE301100CE00101
(1778533625.174900) can0 02048100#4301014301010000
(1778533625.242592) can0 0000E005#15273D0003B60591
(1778533625.243181) can0 1806E5F4#13EC010003B6023A
(1778533625.243932) can0 0000E000#13EC13EC020F0000
(1778533625.244898) can0 0000E004#111103B603B601E4
(1778533625.245892) can0 0000E006#0CE00CE00CE00CE0
(1778533625.246892) can0 0000E007#0CE00CE00CE00CE0
(1778533625.247905) can0 0000E008#0CE00CE00CE00CE0
(1778533625.248882) can0 0000E009#0CE00CE00CE00CE2
(1778533625.249930) can0 0000E010#0000000000000000
(1778533625.250930) can0 0000E011#0000000000000000
(1778533625.251911) can0 0000E012#0CE1000100000000
(1778533625.252918) can0 0000F001#0000000000000000
(1778533625.253924) can0 18FF28F4#10330000020F0000
(1778533625.254886) can0 18FE28F4#0CE20CE039390000
(1778533625.255899) can0 18FD28F4#1527FA6F00000000
(1778533625.256816) can0 4D4#000033007D0F0203
(1778533625.257797) can0 4D5#E00CE20C39390000
(1778533625.258891) can0 18914010#0CE2100CE0010000
(1778533625.259911) can0 18904010#020F0000753001FE
(1778533625.260882) can0 18FA28F4#373CA12C10270000
(1778533625.261886) can0 18FB28F4#E20CE00C39390000
(1778533625.262918) can0 18FC28F4#383300000F020000
(1778533625.263880) can0 18F810F3#0F02E80333640100
(1778533625.264926) can0 18F815F3#0000000010030000
(1778533625.265829) can0 273#000000000F023300
(1778533625.266810) can0 1E1#020F271001FE01FE
(1778533625.267841) can0 1F5#0000000000000000
(1778533625.268918) can0 0800A6A9#0000000000000000
(1778533625.269885) can0 1000A6A9#0F02881333434343
(1778533625.270912) can0 1C00A6A9#0000000000030000
(1778533625.271924) can0 02018100#1003020F00000000
(1778533625.272920) can0 02028100#0000003364000000
(1778533625.273905) can0 02038100#0CE201100CE00101
(1778533625.274899) can0 02048100#4301014301010000
(1778533625.342526) can0 0000E005#15273D0003B60591
(1778533625.343138) can0 1806E5F4#13EC010003B6023A
(1778533625.343915) can0 0000E000#13EC13EC020F0000
(1778533625.344882) can0 0000E004#111103B603B601E4
(1778533625.345894) can0 0000E006#0CE00CE00CE00CE0
(1778533625.346894) can0 0000E007#0CE00CE00CE00CE0
(1778533625.347889) can0 0000E008#0CE00CE00CE00CE0
(1778533625.348888) can0 0000E009#0CE00CE00CE00CE2
(1778533625.349919) can0 0000E010#0000000000000000
(1778533625.350914) can0 0000E011#0000000000000000
(1778533625.351894) can0 0000E012#0CE1000100000000
(1778533625.352926) can0 0000F001#0000000000000000
(1778533625.353907) can0 18FF28F4#10330000020F0000
(1778533625.354890) can0 18FE28F4#0CE20CE039390000
(1778533625.355907) can0 18FD28F4#1527FA6F00000000
(1778533625.356805) can0 4D4#000033007D0F0203
(1778533625.357786) can0 4D5#E00CE20C39390000
(1778533625.358895) can0 18914010#0CE2100CE0010000
(1778533625.359894) can0 18904010#020F0000753001FE
(1778533625.360894) can0 18FA28F4#373CA12C10270000
(1778533625.361888) can0 18FB28F4#E20CE00C39390000
(1778533625.362915) can0 18FC28F4#383300000F020000
(1778533625.363882) can0 18F810F3#0F02E80333640100
(1778533625.364913) can0 18F815F3#0000000010030000
(1778533625.365812) can0 273#000000000F023300
(1778533625.366789) can0 1E1#020F271001FE01FE
(1778533625.367825) can0 1F5#0000000000000000
(1778533625.368901) can0 0800A6A9#0000000000000000
(1778533625.369869) can0 1000A6A9#0F02881333434343
(1778533625.370933) can0 1C00A6A9#0000000000030000
(1778533625.371915) can0 02018100#1003020F00000000
(1778533625.372908) can0 02028100#0000003364000000
(1778533625.373888) can0 02038100#0CE201100CE00101
(1778533625.374899) can0 02048100#4301014301010000
(1778533625.459543) can0 0000E005#15273D0003B60591
(1778533625.460141) can0 1806E5F4#13EC010003B6023A
(1778533625.460917) can0 0000E000#13EC13EC020F0000
(1778533625.461876) can0 0000E004#111103B603B601E4
(1778533625.462878) can0 0000E006#0CE00CE00CE00CE0
(1778533625.463922) can0 0000E007#0CE00CE00CE20CE0
(1778533625.464889) can0 0000E008#0CE00CE00CE20CE0
(1778533625.465871) can0 0000E009#0CE00CE00CE00CE2
(1778533625.466915) can0 0000E010#0000000000000000
(1778533625.467916) can0 0000E011#0000000000000000
(1778533625.468896) can0 0000E012#0CE1000100000000
(1778533625.469856) can0 0000E013#4542323630354C43
(1778533625.470891) can0 0000E014#3134323300000000
(1778533625.471954) can0 0000E015#0000000000000003
(1778533625.472916) can0 0000F000#0000000000000000
(1778533625.473914) can0 0000F001#0000000000000000
(1778533625.474915) can0 18FF28F4#10330000020F0000
(1778533625.475878) can0 18FE28F4#0CE20CE039390000
(1778533625.476890) can0 18FD28F4#1527FA6F00000000
(1778533625.477807) can0 4D4#000033007D0F0203
(1778533625.478789) can0 4D5#E00CE20C39390000
(1778533625.479884) can0 18914010#0CE2070CE0010000
(1778533625.480897) can0 18904010#020F0000753001FE
(1778533625.481879) can0 18FA28F4#373CA12C10270000
(1778533625.482877) can0 18FB28F4#E20CE00C39390000
(1778533625.483890) can0 18FC28F4#383300000F020000
(1778533625.484871) can0 18F810F3#0F02E80333640100
(1778533625.485884) can0 18F811F3#E20C0701E00C0101
(1778533625.486884) can0 18F812F3#3901013901010000
(1778533625.487917) can0 18F813F3#0101000000000000
(1778533625.488877) can0 18F814F3#32000F19A9015F00
(1778533625.489909) can0 18F815F3#0000000010030000
(1778533625.490808) can0 273#000000000F023300
(1778533625.491802) can0 1E1#020F271001FE01FE
(1778533625.492815) can0 1F5#0000000000000000
(1778533625.493909) can0 0800A6A9#0000000000000000
(1778533625.494871) can0 1000A6A9#0F02881333434343
(1778533625.495904) can0 1C00A6A9#0000000000030000
(1778533625.496916) can0 02018100#1003020F00000000
(1778533625.497888) can0 02028100#0000003364000000
(1778533625.498891) can0 02038100#0CE201070CE00101
(1778533625.499885) can0 02048100#4301014301010000
(1778533625.557550) can0 0000E005#15273D0003B60591
(1778533625.558142) can0 1806E5F4#13EC010003B6023A
(1778533625.558905) can0 0000E000#13EC13EC020F0000
(1778533625.559872) can0 0000E004#111103B603B601E4
(1778533625.560872) can0 0000E006#0CE00CE00CE00CE0
(1778533625.561885) can0 0000E007#0CE00CE00CE20CE0
(1778533625.562879) can0 0000E008#0CE00CE00CE20CE0
(1778533625.563855) can0 0000E009#0CE00CE00CE00CE2
(1778533625.564909) can0 0000E010#0000000000000000
(1778533625.565904) can0 0000E011#0000000000000000
(1778533625.566886) can0 0000E012#0CE1000100000000
(1778533625.567918) can0 0000F001#0000000000000000
(1778533625.568898) can0 18FF28F4#10330000020F0000
(1778533625.569879) can0 18FE28F4#0CE20CE039390000
(1778533625.570879) can0 18FD28F4#1527FA6F00000000
(1778533625.571797) can0 4D4#000033007D0F0203
(1778533625.572773) can0 4D5#E00CE20C39390000
(1778533625.573872) can0 18914010#0CE2070CE0010000
(1778533625.574885) can0 18904010#020F0000753001FE
(1778533625.575866) can0 18FA28F4#373CA12C10270000
(1778533625.576877) can0 18FB28F4#E20CE00C39390000
(1778533625.577891) can0 18FC28F4#383300000F020000
(1778533625.578872) can0 18F810F3#0F02E80333640100
(1778533625.579905) can0 18F815F3#0000000010030000
(1778533625.580803) can0 273#000000000F023300
(1778533625.581784) can0 1E1#020F271001FE01FE
(1778533625.582815) can0 1F5#0000000000000000
(1778533625.583892) can0 0800A6A9#0000000000000000
(1778533625.584850) can0 1000A6A9#0F02881333434343
(1778533625.585905) can0 1C00A6A9#0000000000030000
(1778533625.586904) can0 02018100#1003020F00000000
(1778533625.587899) can0 02028100#0000003364000000
(1778533625.588879) can0 02038100#0CE201070CE00101
(1778533625.589892) can0 02048100#4301014301010000
(1778533625.657538) can0 0000E005#15273D0003B60591
(1778533625.658144) can0 1806E5F4#13EC010003B6023A
(1778533625.658901) can0 0000E000#13EC13EC020F0000
(1778533625.659862) can0 0000E004#111103B603B601E4
(1778533625.660881) can0 0000E006#0CE00CE00CE00CE0
(1778533625.661874) can0 0000E007#0CE00CE00CE20CE0
(1778533625.662866) can0 0000E008#0CE00CE00CE20CE0
(1778533625.663856) can0 0000E009#0CE00CE00CE00CE2
(1778533625.664900) can0 0000E010#0000000000000000
(1778533625.665900) can0 0000E011#0000000000000000
(1778533625.666879) can0 0000E012#0CE1000100000000
(1778533625.667906) can0 0000F001#0000000000000000
(1778533625.668887) can0 18FF28F4#10330000020F0000
(1778533625.669874) can0 18FE28F4#0CE20CE039390000
(1778533625.670902) can0 18FD28F4#1527FA6F00000000
(1778533625.671785) can0 4D4#000033007D0F0203
(1778533625.672779) can0 4D5#E00CE20C39390000
(1778533625.673875) can0 18914010#0CE2070CE0010000
(1778533625.674874) can0 18904010#020F0000753001FE
(1778533625.675875) can0 18FA28F4#373CA12C10270000
(1778533625.676868) can0 18FB28F4#E20CE00C39390000
(1778533625.677882) can0 18FC28F4#383300000F020000
(1778533625.678872) can0 18F810F3#0F02E80333640100
(1778533625.679894) can0 18F815F3#0000000010030000
(1778533625.680792) can0 273#000000000F023300
(1778533625.681792) can0 1E1#020F271001FE01FE
(1778533625.682805) can0 1F5#0000000000000000
(1778533625.683900) can0 0800A6A9#0000000000000000
(1778533625.684862) can0 1000A6A9#0F02881333434343
(1778533625.685882) can0 1C00A6A9#0000000000030000
(1778533625.686934) can0 02018100#1003020F00000000
(1778533625.687888) can0 02028100#0000003364000000
(1778533625.688888) can0 02038100#0CE201070CE00101
(1778533625.689881) can0 02048100#4301014301010000
(1778533625.757533) can0 0000E005#15273D0003B60591
(1778533625.758147) can0 1806E5F4#13EC010003B6023A
(1778533625.758878) can0 0000E000#13EC13EC020F0000
(1778533625.759858) can0 0000E004#111103B603B601E4
(1778533625.760858) can0 0000E006#0CE00CE00CE00CE0
(1778533625.761857) can0 0000E007#0CE00CE00CE00CE0
(1778533625.762851) can0 0000E008#0CE00CE00CE00CE0
(1778533625.763903) can0 0000E009#0CE00CE00CE00CE2
(1778533625.764892) can0 0000E010#0000000000000000
(1778533625.765895) can0 0000E011#0000000000000000
(1778533625.766876) can0 0000E012#0CE1000100000000
(1778533625.767890) can0 0000F001#0000000000000000
(1778533625.768881) can0 18FF28F4#10330000020F0000
(1778533625.769851) can0 18FE28F4#0CE20CE039390000
(1778533625.770864) can0 18FD28F4#1527FA6F00000000
(1778533625.771832) can0 4D4#000033007D0F0203
(1778533625.772763) can0 4D5#E00CE20C39390000
(1778533625.773877) can0 18914010#0CE2100CE0010000
(1778533625.774870) can0 18904010#020F0000753001FE
(1778533625.775857) can0 18FA28F4#373CA12C10270000
(1778533625.776846) can0 18FB28F4#E20CE00C39390000
(1778533625.777883) can0 18FC28F4#383300000F020000
(1778533625.778845) can0 18F810F3#0F02E80333640100
(1778533625.779940) can0 18F815F3#0000000010030000
(1778533625.780774) can0 273#000000000F023300
(1778533625.781776) can0 1E1#020F271001FE01FE
(1778533625.782807) can0 1F5#0000000000000000
(1778533625.783883) can0 0800A6A9#0000000000000000
(1778533625.784852) can0 1000A6A9#0F02881333434343
(1778533625.785877) can0 1C00A6A9#0000000000030000
(1778533625.786889) can0 02018100#1003020F00000000
(1778533625.787871) can0 02028100#0000003364000000
(1778533625.788869) can0 02038100#0CE201100CE00101
(1778533625.789865) can0 02048100#4301014301010000
(1778533625.857538) can0 0000E005#15273D0003B60591
(1778533625.858148) can0 1806E5F4#13EC010003B6023A
(1778533625.858872) can0 0000E000#13EC13EC020F0000
(1778533625.859853) can0 0000E004#111103B603B601E4
(1778533625.860853) can0 0000E006#0CE00CE00CE00CE0
(1778533625.861853) can0 0000E007#0CE00CE00CE00CE0
(1778533625.862846) can0 0000E008#0CE00CE00CE00CE0
(1778533625.863847) can0 0000E009#0CE00CE00CE00CE2
(1778533625.864892) can0 0000E010#0000000000000000
(1778533625.865891) can0 0000E011#0000000000000000
(1778533625.866863) can0 0000E012#0CE1000100000000
(1778533625.867886) can0 0000F001#0000000000000000
(1778533625.868885) can0 18FF28F4#10330000020F0000
(1778533625.869847) can0 18FE28F4#0CE20CE039390000
(1778533625.870860) can0 18FD28F4#1527FA6F00000000
(1778533625.871777) can0 4D4#000033007D0F0203
(1778533625.872758) can0 4D5#E00CE20C39390000
(1778533625.873853) can0 18914010#0CE2100CE0010000
(1778533625.874866) can0 18904010#020F0000753001FE
(1778533625.875848) can0 18FA28F4#373CA12C10270000
(1778533625.876847) can0 18FB28F4#E20CE00C39390000
(1778533625.877878) can0 18FC28F4#383300000F020000
(1778533625.878840) can0 18F810F3#0F02E80333640100
(1778533625.879885) can0 18F815F3#0000000010030000
(1778533625.880771) can0 273#000000000F023300
(1778533625.881771) can0 1E1#020F271001FE01FE
(1778533625.882791) can0 1F5#0000000000000000
(1778533625.883879) can0 0800A6A9#0000000000000000
(1778533625.884841) can0 1000A6A9#0F02881333434343
(1778533625.885872) can0 1C00A6A9#0000000000030000
(1778533625.886885) can0 02018100#1003020F00000000
(1778533625.887867) can0 02028100#0000003364000000
(1778533625.888866) can0 02038100#0CE201100CE00101
(1778533625.889860) can0 02048100#4301014301010000
(1778533625.974495) can0 0000E005#15273D0003B60591
(1778533625.975085) can0 1806E5F4#13EC010003B6023A
(1778533625.975868) can0 0000E000#13EC13EC020F0000
(1778533625.976855) can0 0000E004#111103B603B601E4
(1778533625.977848) can0 0000E006#0CE00CE00CE00CE0
(1778533625.978881) can0 0000E007#0CE00CE00CE00CE0
(1778533625.979843) can0 0000E008#0CE00CE00CE00CE0
(1778533625.980842) can0 0000E009#0CE00CE00CE00CE2
(1778533625.981887) can0 0000E010#0000000000000000
(1778533625.982887) can0 0000E011#0000000000000000
(1778533625.983868) can0 0000E012#0CE1000100000000
(1778533625.984830) can0 0000E013#4542323630354C43
(1778533625.985858) can0 0000E014#3134323300000000
(1778533625.986906) can0 0000E015#0000000000000003
(1778533625.987888) can0 0000F000#0000000000000000
(1778533625.988887) can0 0000F001#0000000000000000
(1778533625.989863) can0 18FF28F4#10330000020F0000
(1778533625.990849) can0 18FE28F4#0CE20CE039390000
(1778533625.991863) can0 18FD28F4#1527FA6F00000000
(1778533625.992766) can0 4D4#000033007D0F0203
(1778533625.993748) can0 4D5#E00CE20C39390000
(1778533625.994887) can0 18914010#0CE2100CE0010000
(1778533625.995856) can0 18904010#020F0000753001FE
(1778533625.996849) can0 18FA28F4#373CA12C10270000
(1778533625.997843) can0 18FB28F4#E20CE00C39390000
(1778533625.998862) can0 18FC28F4#383300000F020000
(1778533625.999843) can0 18F810F3#0F02E80333640100
(1778533626.000855) can0 18F811F3#E20C1001E00C0101
(1778533626.001848) can0 18F812F3#3901013901010000
(1778533626.002919) can0 18F813F3#0101000000000000
(1778533626.003850) can0 18F814F3#32000F19A9015F00
(1778533626.004861) can0 18F815F3#0000000010030000
(1778533626.005759) can0 273#000000000F023300
(1778533626.006759) can0 1E1#020F271001FE01FE
(1778533626.007784) can0 1F5#0000000000000000
(1778533626.008859) can0 0800A6A9#0000000000000000
(1778533626.009825) can0 1000A6A9#0F02881333434343
(1778533626.010853) can0 1C00A6A9#0000000000030000
(1778533626.011884) can0 02018100#1003020F00000000
(1778533626.012864) can0 02028100#0000003364000000
(1778533626.013835) can0 02038100#0CE201100CE00101
(1778533626.014851) can0 02048100#4301014301010000
(1778533626.072487) can0 0000E005#15273D0003B60591
(1778533626.073118) can0 1806E5F4#13EC010003B6023A
(1778533626.073830) can0 0000E000#13EC13EC020F0000
(1778533626.074809) can0 0000E004#111103B603B601E4
(1778533626.075803) can0 0000E006#0CE00CE00CE00CE0
(1778533626.076801) can0 0000E007#0CE00CE00CE00CE0
(1778533626.077792) can0 0000E008#0CE00CE00CE00CE0
(1778533626.078794) can0 0000E009#0CE00CE00CE00CE2
(1778533626.079890) can0 0000E010#0000000000000000
(1778533626.080838) can0 0000E011#0000000000000000
(1778533626.081818) can0 0000E012#0CE1000100000000
(1778533626.082830) can0 0000F001#0000000000000000
(1778533626.083831) can0 18FF28F4#10330000020F0000
(1778533626.084791) can0 18FE28F4#0CE20CE039390000
(1778533626.085810) can0 18FD28F4#1527FA6F00000000
(1778533626.086720) can0 4D4#000033007D0F0203
(1778533626.087702) can0 4D5#E00CE20C39390000
(1778533626.088796) can0 18914010#0CE2100CE0010000
(1778533626.089809) can0 18904010#020F0000753001FE
(1778533626.090795) can0 18FA28F4#373CA12C10270000
(1778533626.091789) can0 18FB28F4#E20CE00C39390000
(1778533626.092819) can0 18FC28F4#383300000F020000
(1778533626.093781) can0 18F810F3#0F02E80333640100
(1778533626.094831) can0 18F815F3#0000000010030000
(1778533626.095710) can0 273#000000000F023300
(1778533626.096710) can0 1E1#020F271001FE01FE
(1778533626.097741) can0 1F5#0000000000000000
(1778533626.098817) can0 0800A6A9#0000000000000000
(1778533626.099779) can0 1000A6A9#0F02881333434343
(1778533626.100809) can0 1C00A6A9#0000000000030000
(1778533626.101819) can0 02018100#1003020F00000000
(1778533626.102802) can0 02028100#0000003364000000
(1778533626.103802) can0 02038100#0CE201100CE00101
(1778533626.104795) can0 02048100#4301014301010000
(1778533626.172424) can0 0000E005#15273D0003B60591
(1778533626.173070) can0 1806E5F4#13EC010003B6023A
(1778533626.173782) can0 0000E000#13EC13EC020F0000
(1778533626.174742) can0 0000E004#111103B603B601E4
(1778533626.175742) can0 0000E006#0CE00CE00CE00CE0
(1778533626.176754) can0 0000E007#0CE00CE00CE00CE0
(1778533626.177754) can0 0000E008#0CE00CE00CE00CE0
(1778533626.178734) can0 0000E009#0CE00CE00CE00CE2
(1778533626.179774) can0 0000E010#0000000000000000
(1778533626.180777) can0 0000E011#0000000000000000
(1778533626.181757) can0 0000E012#0CE1000100000000
(1778533626.182783) can0 0000F001#0000000000000000
(1778533626.183762) can0 18FF28F4#10330000020F0000
(1778533626.184732) can0 18FE28F4#0CE20CE039390000
(1778533626.185762) can0 18FD28F4#1527FA6F00000000
(1778533626.186660) can0 4D4#000033007D0F0203
(1778533626.187641) can0 4D5#E00CE20C39390000
(1778533626.188749) can0 18914010#0CE2100CE0010000
(1778533626.189748) can0 18904010#020F0000753001FE
(1778533626.190728) can0 18FA28F4#373CA12C10270000
(1778533626.191738) can0 18FB28F4#E20CE00C39390000
(1778533626.192753) can0 18FC28F4#383300000F020000
(1778533626.193733) can0 18F810F3#0F02E80333640100
(1778533626.194764) can0 18F815F3#0000000010030000
(1778533626.195657) can0 273#000000000F023300
(1778533626.196643) can0 1E1#020F271001FE01FE
(1778533626.197674) can0 1F5#0000000000000000
(1778533626.198749) can0 0800A6A9#0000000000000000
(1778533626.199718) can0 1000A6A9#0F02881333434343
(1778533626.200742) can0 1C00A6A9#0000000000030000
(1778533626.201793) can0 02018100#1003020F00000000
(1778533626.202755) can0 02028100#0000003364000000
(1778533626.203732) can0 02038100#0CE201100CE00101
(1778533626.204747) can0 02048100#4301014301010000
(1778533626.272381) can0 0000E005#15273D0003B60591
(1778533626.272964) can0 1806E5F4#13EC010003B6023A
(1778533626.273714) can0 0000E000#13EC13EC020F0000
(1778533626.274701) can0 0000E004#111103B603B601E4
(1778533626.275695) can0 0000E006#0CE00CE00CE00CE0
(1778533626.276693) can0 0000E007#0CE00CE00CE00CE0
(1778533626.277693) can0 0000E008#0CE00CE00CE00CE0
(1778533626.278705) can0 0000E009#0CE00CE00CE00CE2
(1778533626.279737) can0 0000E010#0000000000000000
(1778533626.280717) can0 0000E011#0000000000000000
(1778533626.281709) can0 0000E012#0CE1000100000000
(1778533626.282722) can0 0000F001#0000000000000000
(1778533626.283703) can0 18FF28F4#10330000020F0000
(1778533626.284683) can0 18FE28F4#0CE20CE039390000
(1778533626.285702) can0 18FD28F4#1527FA6F00000000
(1778533626.286632) can0 4D4#000033007D0F0203
(1778533626.287599) can0 4D5#E00CE20C39390000
(1778533626.288693) can0 18914010#0CE2100CE0010000
(1778533626.289706) can0 18904010#020F0000753001FE
(1778533626.290686) can0 18FA28F4#373CA12C10270000
(1778533626.291680) can0 18FB28F4#E20CE00C39390000
(1778533626.292690) can0 18FC28F4#383300000F020000
(1778533626.293679) can0 18F810F3#0F02E80333640100
(1778533626.294735) can0 18F815F3#0000000010030000
(1778533626.295608) can0 273#000000000F023300
(1778533626.296601) can0 1E1#020F271001FE01FE
(1778533626.297614) can0 1F5#0000000000000000
(1778533626.298708) can0 0800A6A9#0000000000000000
(1778533626.299676) can0 1000A6A9#0F02881333434343
(1778533626.300688) can0 1C00A6A9#0000000000030000
(1778533626.301720) can0 02018100#1003020F00000000
(1778533626.302745) can0 02028100#0000003364000000
(1778533626.303674) can0 02038100#0CE201100CE00101
(1778533626.304684) can0 02048100#4301014301010000
(1778533626.372311) can0 0000E005#15273D0003B60591
(1778533626.372903) can0 1806E5F4#13EC010003B6023A
(1778533626.373653) can0 0000E000#13EC13EC020F0000
(1778533626.374633) can0 0000E004#111103B603B601E4
(1778533626.375634) can0 0000E006#0CE00CE00CE00CE0
(1778533626.376633) can0 0000E007#0CE00CE00CE00CE0
(1778533626.377626) can0 0000E008#0CE00CE00CE00CE0
(1778533626.378626) can0 0000E009#0CE00CE00CE00CE2
(1778533626.379703) can0 0000E010#0000000000000000
(1778533626.380669) can0 0000E011#0000000000000000
(1778533626.381650) can0 0000E012#0CE1000100000000
(1778533626.382661) can0 0000F001#0000000000000000
(1778533626.383662) can0 18FF28F4#10330000020F0000
(1778533626.384623) can0 18FE28F4#0CE20CE039390000
(1778533626.385636) can0 18FD28F4#1527FA6F00000000
(1778533626.386550) can0 4D4#000033007D0F0203
(1778533626.387584) can0 4D5#E00CE20C39390000
(1778533626.388627) can0 18914010#0CE2100CE0010000
(1778533626.389639) can0 18904010#020F0000753001FE
(1778533626.390619) can0 18FA28F4#373CA12C10270000
(1778533626.391619) can0 18FB28F4#E20CE00C39390000
(1778533626.392651) can0 18FC28F4#383300000F020000
(1778533626.393613) can0 18F810F3#0F02E80333640100
(1778533626.394654) can0 18F815F3#0000000010030000
(1778533626.395541) can0 273#000000000F023300
(1778533626.396541) can0 1E1#020F271001FE01FE
(1778533626.397566) can0 1F5#0000000000000000
(1778533626.398644) can0 0800A6A9#0000000000000000
(1778533626.399610) can0 1000A6A9#0F02881333434343
(1778533626.400641) can0 1C00A6A9#0000000000030000
(1778533626.401652) can0 02018100#1003020F00000000
(1778533626.402646) can0 02028100#0000003364000000
(1778533626.403626) can0 02038100#0CE201100CE00101
(1778533626.404627) can0 02048100#4301014301010000
(1778533626.489202) can0 0000E005#15273D0003B60591
(1778533626.489780) can0 1806E5F4#13EC010003B6023A
(1778533626.490592) can0 0000E000#13EC13EC020F0000
(1778533626.491572) can0 0000E004#111103B603B601E4
(1778533626.492570) can0 0000E006#0CE00CE00CE00CE0
(1778533626.493576) can0 0000E007#0CE00CE00CE00CE0
(1778533626.494576) can0 0000E008#0CE00CE20CE00CE0
(1778533626.495564) can0 0000E009#0CE00CE00CE00CE2
(1778533626.496607) can0 0000E010#0000000000000000
(1778533626.497601) can0 0000E011#0000000000000000
(1778533626.498581) can0 0000E012#0CE1000100000000
(1778533626.499549) can0 0000E013#4542323630354C43
(1778533626.500580) can0 0000E014#3134323300000000
(1778533626.501605) can0 0000E015#0000000000000003
(1778533626.502604) can0 0000F000#0000000000000000
(1778533626.503605) can0 0000F001#0000000000000000
(1778533626.504585) can0 18FF28F4#10330000020F0000
(1778533626.505562) can0 18FE28F4#0CE20CE039390000
(1778533626.506577) can0 18FD28F4#1527FA6F00000000
(1778533626.507475) can0 4D4#000033007D0F0203
(1778533626.508475) can0 4D5#E00CE20C39390000
(1778533626.509582) can0 18914010#0CE20A0CE0010000
(1778533626.510582) can0 18904010#020F0000753001FE
(1778533626.511562) can0 18FA28F4#373CA12C10270000
(1778533626.512562) can0 18FB28F4#E20CE00C39390000
(1778533626.513569) can0 18FC28F4#383300000F020000
(1778533626.514554) can0 18F810F3#0F02E80333640100
(1778533626.515567) can0 18F811F3#E20C0A01E00C0101
(1778533626.516567) can0 18F812F3#3901013901010000
(1778533626.517609) can0 18F813F3#0101000000000000
(1778533626.518559) can0 18F814F3#32000F19A9015F00
(1778533626.519584) can0 18F815F3#0000000010030000
(1778533626.520488) can0 273#000000000F023300
(1778533626.521462) can0 1E1#020F271001FE01FE
(1778533626.522493) can0 1F5#0000000000000000
(1778533626.523589) can0 0800A6A9#0000000000000000
(1778533626.524549) can0 1000A6A9#0F02881333434343
(1778533626.525586) can0 1C00A6A9#0000000000030000
(1778533626.526586) can0 02018100#1003020F00000000
(1778533626.527567) can0 02028100#0000003364000000
(1778533626.528566) can0 02038100#0CE2010A0CE00101
(1778533626.529558) can0 02048100#4301014301010000
(1778533626.587197) can0 0000E005#15273D0003B60591
(1778533626.587787) can0 1806E5F4#13EC010003B6023A
(1778533626.588538) can0 0000E000#13EC13EC020F0000
(1778533626.589518) can0 0000E004#111103B603B601E4
(1778533626.590518) can0 0000E006#0CE00CE00CE00CE0
(1778533626.591512) can0 0000E007#0CE00CE00CE00CE0
(1778533626.592529) can0 0000E008#0CE00CE20CE00CE0
(1778533626.593500) can0 0000E009#0CE00CE00CE00CE2
(1778533626.594566) can0 0000E010#0000000000000000
(1778533626.595548) can0 0000E011#0000000000000000
(1778533626.596534) can0 0000E012#0CE1000100000000
(1778533626.597541) can0 0000F001#0000000000000000
(1778533626.598526) can0 18FF28F4#10330000020F0000
(1778533626.599508) can0 18FE28F4#0CE20CE039390000
(1778533626.600520) can0 18FD28F4#1527FA6F00000000
(1778533626.601418) can0 4D4#000033007D0F0203
(1778533626.602449) can0 4D5#E00CE20C39390000
(1778533626.603525) can0 18914010#0CE20A0CE0010000
(1778533626.604524) can0 18904010#020F0000753001FE
(1778533626.605502) can0 18FA28F4#373CA12C10270000
(1778533626.606504) can0 18FB28F4#E20CE00C39390000
(1778533626.607517) can0 18FC28F4#383300000F020000
(1778533626.608497) can0 18F810F3#0F02E80333640100
(1778533626.609519) can0 18F815F3#0000000010030000
(1778533626.610470) can0 273#000000000F023300
(1778533626.611420) can0 1E1#020F271001FE01FE
(1778533626.612431) can0 1F5#0000000000000000
(1778533626.613526) can0 0800A6A9#0000000000000000
(1778533626.614494) can0 1000A6A9#0F02881333434343
(1778533626.615525) can0 1C00A6A9#0000000000030000
(1778533626.616537) can0 02018100#1003020F00000000
(1778533626.617511) can0 02028100#0000003364000000
(1778533626.618511) can0 02038100#0CE2010A0CE00101
(1778533626.619511) can0 02048100#4301014301010000
(1778533626.687142) can0 0000E005#15273D0003B60591
(1778533626.687727) can0 1806E5F4#13EC010003B6023A
(1778533626.688484) can0 0000E000#13EC13EC020F0000
(1778533626.689464) can0 0000E004#111103B603B601E4
(1778533626.690457) can0 0000E006#0CE00CE00CE00CE0
(1778533626.691458) can0 0000E007#0CE00CE00CE00CE0
(1778533626.692456) can0 0000E008#0CE00CE20CE00CE0
(1778533626.693450) can0 0000E009#0CE00CE00CE00CE2
(1778533626.694499) can0 0000E010#0000000000000000
(1778533626.695489) can0 0000E011#0000000000000000
(1778533626.696473) can0 0000E012#0CE1000100000000
(1778533626.697485) can0 0000F001#0000000000000000
(1778533626.698485) can0 18FF28F4#10330000020F0000
(1778533626.699446) can0 18FE28F4#0CE20CE039390000
(1778533626.700465) can0 18FD28F4#1527FA6F00000000
(1778533626.701376) can0 4D4#000033007D0F0203
(1778533626.702357) can0 4D5#E00CE20C39390000
(1778533626.703471) can0 18914010#0CE20A0CE0010000
(1778533626.704463) can0 18904010#020F0000753001FE
(1778533626.705450) can0 18FA28F4#373CA12C10270000
(1778533626.706443) can0 18FB28F4#E20CE00C39390000
(1778533626.707454) can0 18FC28F4#383300000F020000
(1778533626.708436) can0 18F810F3#0F02E80333640100
(1778533626.709468) can0 18F815F3#0000000010030000
(1778533626.710365) can0 273#000000000F023300
(1778533626.711357) can0 1E1#020F271001FE01FE
(1778533626.712390) can0 1F5#0000000000000000
(1778533626.713472) can0 0800A6A9#0000000000000000
(1778533626.714434) can0 1000A6A9#0F02881333434343
(1778533626.715465) can0 1C00A6A9#0000000000030000
(1778533626.716476) can0 02018100#1003020F00000000
(1778533626.717457) can0 02028100#0000003364000000
(1778533626.718456) can0 02038100#0CE2010A0CE00101
(1778533626.719448) can0 02048100#4301014301010000
(1778533626.787083) can0 0000E005#15273D0003B60591
(1778533626.787673) can0 1806E5F4#13EC010003B6023A
(1778533626.788423) can0 0000E000#13EC13EC020F0000
(1778533626.789403) can0 0000E004#111103B603B601E4
(1778533626.790403) can0 0000E006#0CE00CE00CE00CE0
(1778533626.791397) can0 0000E007#0CE00CE00CE00CE0
(1778533626.792398) can0 0000E008#0CE00CE00CE00CE0
(1778533626.793395) can0 0000E009#0CE00CE00CE00CE2
(1778533626.794439) can0 0000E010#0000000000000000
(1778533626.795439) can0 0000E011#0000000000000000
(1778533626.796418) can0 0000E012#0CE1000100000000
(1778533626.797425) can0 0000F001#0000000000000000
(1778533626.798425) can0 18FF28F4#10330000020F0000
(1778533626.799393) can0 18FE28F4#0CE20CE039390000
(1778533626.800405) can0 18FD28F4#1527FA6F00000000
(1778533626.801320) can0 4D4#000033007D0F0203
(1778533626.802302) can0 4D5#E00CE20C39390000
(1778533626.803398) can0 18914010#0CE2100CE0010000
(1778533626.804409) can0 18904010#020F0000753001FE
(1778533626.805390) can0 18FA28F4#373CA12C10270000
(1778533626.806389) can0 18FB28F4#E20CE00C39390000
(1778533626.807414) can0 18FC28F4#383300000F020000
(1778533626.808382) can0 18F810F3#0F02E80333640100
(1778533626.809419) can0 18F815F3#0000000010030000
(1778533626.810311) can0 273#000000000F023300
(1778533626.811305) can0 1E1#020F271001FE01FE
(1778533626.812337) can0 1F5#0000000000000000
(1778533626.813407) can0 0800A6A9#0000000000000000
(1778533626.814379) can0 1000A6A9#0F02881333434343
(1778533626.815411) can0 1C00A6A9#0000000000030000
(1778533626.816422) can0 02018100#1003020F00000000
(1778533626.817435) can0 02028100#0000003364000000
(1778533626.818397) can0 02038100#0CE201100CE00101
(1778533626.819396) can0 02048100#4301014301010000
(1778533626.887022) can0 0000E005#15273D0003B60591
(1778533626.887609) can0 1806E5F4#13EC010003B6023A
(1778533626.888369) can0 0000E000#13EC13EC020F0000
(1778533626.889343) can0 0000E004#111103B603B601E4
(1778533626.890343) can0 0000E006#0CE00CE00CE00CE0
(1778533626.891339) can0 0000E007#0CE00CE00CE00CE0
(1778533626.892355) can0 0000E008#0CE00CE00CE00CE0
(1778533626.893335) can0 0000E009#0CE00CE00CE00CE2
(1778533626.894411) can0 0000E010#0000000000000000
(1778533626.895379) can0 0000E011#0000000000000000
(1778533626.896359) can0 0000E012#0CE1000100000000
(1778533626.897384) can0 0000F001#0000000000000000
(1778533626.898370) can0 18FF28F4#10330000020F0000
(1778533626.899331) can0 18FE28F4#0CE20CE039390000
(1778533626.900345) can0 18FD28F4#1527FA6F00000000
(1778533626.901261) can0 4D4#000033007D0F0203
(1778533626.902274) can0 4D5#E00CE20C39390000
(1778533626.903334) can0 18914010#0CE2100CE0010000
(1778533626.904348) can0 18904010#020F0000753001FE
(1778533626.905329) can0 18FA28F4#373CA12C10270000
(1778533626.906328) can0 18FB28F4#E20CE00C39390000
(1778533626.907354) can0 18FC28F4#383300000F020000
(1778533626.908335) can0 18F810F3#0F02E80333640100
(1778533626.909365) can0 18F815F3#0000000010030000
(1778533626.910295) can0 273#000000000F023300
(1778533626.911242) can0 1E1#020F271001FE01FE
(1778533626.912275) can0 1F5#0000000000000000
(1778533626.913350) can0 0800A6A9#0000000000000000
(1778533626.914319) can0 1000A6A9#0F02881333434343
(1778533626.915342) can0 1C00A6A9#0000000000030000
(1778533626.916362) can0 02018100#1003020F00000000
(1778533626.917357) can0 02028100#0000003364000000
(1778533626.918387) can0 02038100#0CE201100CE00101
(1778533626.919336) can0 02048100#4301014301010000
(1778533627.003954) can0 0000E005#15273D0003B60591
(1778533627.004543) can0 1806E5F4#13EC010003B6023A
(1778533627.005313) can0 0000E000#13EC13EC020F0000
(1778533627.006272) can0 0000E004#111103B603B601E4
(1778533627.007274) can0 0000E006#0CE00CE00CE00CE2
(1778533627.008286) can0 0000E007#0CE00CE00CE00CE0
(1778533627.009285) can0 0000E008#0CE00CE20CE00CE0
(1778533627.010260) can0 0000E009#0CE00CE00CE00CE2
(1778533627.011311) can0 0000E010#0000000000000000
(1778533627.012310) can0 0000E011#0000000000000000
(1778533627.013290) can0 0000E012#0CE1000100000000
(1778533627.014258) can0 0000E013#4542323630354C43
(1778533627.015284) can0 0000E014#3134323300000000
(1778533627.016296) can0 0000E015#0000000000000003
(1778533627.017307) can0 0000F000#0000000000000000
(1778533627.018299) can0 0000F001#0000000000000000
(1778533627.019307) can0 18FF28F4#10330000020F0000
(1778533627.020268) can0 18FE28F4#0CE20CE039390000
(1778533627.021278) can0 18FD28F4#1527FA6F00000000
(1778533627.022184) can0 4D4#000033007D0F0203
(1778533627.023179) can0 4D5#E00CE20C39390000
(1778533627.024273) can0 18914010#0CE2040CE0010000
(1778533627.025284) can0 18904010#020F0000753001FE
(1778533627.026265) can0 18FA28F4#373CA12C10270000
(1778533627.027265) can0 18FB28F4#E20CE00C39390000
(1778533627.028278) can0 18FC28F4#383300000F020000
(1778533627.029254) can0 18F810F3#0F02E80333640100
(1778533627.030270) can0 18F811F3#E20C0401E00C0101
(1778533627.031269) can0 18F812F3#3901013901010000
(1778533627.032301) can0 18F813F3#0101000000000000
(1778533627.033256) can0 18F814F3#32000F19A9015F00
(1778533627.034293) can0 18F815F3#0000000010030000
(1778533627.035192) can0 273#000000000F023300
(1778533627.036173) can0 1E1#020F271001FE01FE
(1778533627.037203) can0 1F5#0000000000000000
(1778533627.038292) can0 0800A6A9#0000000000000000
(1778533627.039253) can0 1000A6A9#0F02881333434343
(1778533627.040297) can0 1C00A6A9#0000000000030000
(1778533627.041294) can0 02018100#1003020F00000000
(1778533627.042277) can0 02028100#0000003364000000
(1778533627.043270) can0 02038100#0CE201040CE00101
(1778533627.044269) can0 02048100#4301014301010000
(1778533627.101896) can0 0000E005#15273D0003B60591
(1778533627.102500) can0 1806E5F4#13EC010003B6023A
(1778533627.103254) can0 0000E000#13EC13EC020F0000
(1778533627.104223) can0 0000E004#111103B603B601E4
(1778533627.105216) can0 0000E006#0CE00CE00CE00CE2
(1778533627.106228) can0 0000E007#0CE00CE00CE00CE0
(1778533627.107228) can0 0000E008#0CE00CE20CE00CE0
(1778533627.108209) can0 0000E009#0CE00CE00CE00CE2
(1778533627.109270) can0 0000E010#0000000000000000
(1778533627.110252) can0 0000E011#0000000000000000
(1778533627.111233) can0 0000E012#0CE1000100000000
(1778533627.112263) can0 0000F001#0000000000000000
(1778533627.113242) can0 18FF28F4#10330000020F0000
(1778533627.114224) can0 18FE28F4#0CE20CE039390000
(1778533627.115223) can0 18FD28F4#1527FA6F00000000
(1778533627.116136) can0 4D4#000033007D0F0203
(1778533627.117147) can0 4D5#E00CE20C39390000
(1778533627.118229) can0 18914010#0CE2040CE0010000
(1778533627.119222) can0 18904010#020F0000753001FE
(1778533627.120203) can0 18FA28F4#373CA12C10270000
(1778533627.121211) can0 18FB28F4#E20CE00C39390000
(1778533627.122233) can0 18FC28F4#383300000F020000
(1778533627.123214) can0 18F810F3#0F02E80333640100
(1778533627.124239) can0 18F815F3#0000000010030000
(1778533627.125153) can0 273#000000000F023300
(1778533627.126123) can0 1E1#020F271001FE01FE
(1778533627.127149) can0 1F5#0000000000000000
(1778533627.128231) can0 0800A6A9#0000000000000000
(1778533627.129192) can0 1000A6A9#0F02881333434343
(1778533627.130224) can0 1C00A6A9#0000000000030000
(1778533627.131235) can0 02018100#1003020F00000000
(1778533627.132235) can0 02028100#0000003364000000
(1778533627.133259) can0 02038100#0CE201040CE00101
(1778533627.134209) can0 02048100#4301014301010000
(1778533627.201842) can0 0000E005#15273D0003B60591
(1778533627.202445) can0 1806E5F4#13EC010003B6023A
(1778533627.203200) can0 0000E000#13EC13EC020F0000
(1778533627.204164) can0 0000E004#111103B603B601E4
(1778533627.205176) can0 0000E006#0CE00CE00CE00CE2
(1778533627.206175) can0 0000E007#0CE00CE00CE00CE0
(1778533627.207169) can0 0000E008#0CE00CE20CE00CE0
(1778533627.208169) can0 0000E009#0CE00CE00CE00CE2
(1778533627.209200) can0 0000E010#0000000000000000
(1778533627.210244) can0 0000E011#0000000000000000
(1778533627.211169) can0 0000E012#0CE1000100000000
(1778533627.212205) can0 0000F001#0000000000000000
(1778533627.213186) can0 18FF28F4#10330000020F0000
(1778533627.214166) can0 18FE28F4#0CE20CE039390000
(1778533627.215179) can0 18FD28F4#1527FA6F00000000
(1778533627.216083) can0 4D4#000033007D0F0203
(1778533627.217063) can0 4D5#E00CE20C39390000
(1778533627.218202) can0 18914010#0CE2040CE0010000
(1778533627.219170) can0 18904010#020F0000753001FE
(1778533627.220163) can0 18FA28F4#373CA12C10270000
(1778533627.221162) can0 18FB28F4#E20CE00C39390000
(1778533627.222174) can0 18FC28F4#383300000F020000
(1778533627.223148) can0 18F810F3#0F02E80333640100
(1778533627.224186) can0 18F815F3#0000000010030000
(1778533627.225085) can0 273#000000000F023300
(1778533627.226128) can0 1E1#020F271001FE01FE
(1778533627.227090) can0 1F5#0000000000000000
(1778533627.228192) can0 0800A6A9#0000000000000000
(1778533627.229152) can0 1000A6A9#0F02881333434343
(1778533627.230164) can0 1C00A6A9#0000000000030000
(1778533627.231196) can0 02018100#1003020F00000000
(1778533627.232176) can0 02028100#0000003364000000
(1778533627.233170) can0 02038100#0CE201040CE00101
(1778533627.234170) can0 02048100#4301014301010000
(1778533627.301781) can0 0000E005#15273D0003B60591
(1778533627.302389) can0 1806E5F4#13EC010003B6023A
(1778533627.303143) can0 0000E000#13EC13EC020F0000
(1778533627.304112) can0 0000E004#111103B603B601E4
(1778533627.305116) can0 0000E006#0CE00CE00CE00CE0
(1778533627.306116) can0 0000E007#0CE00CE20CE00CE0
(1778533627.307117) can0 0000E008#0CE20CE00CE00CE0
(1778533627.308116) can0 0000E009#0CE00CE00CE00CE2
(1778533627.309140) can0 0000E010#0000000000000000
(1778533627.310140) can0 0000E011#0000000000000000
(1778533627.311139) can0 0000E012#0CE1000100000000
(1778533627.312153) can0 0000F001#0000000000000000
(1778533627.313130) can0 18FF28F4#10330000020F0000
(1778533627.314113) can0 18FE28F4#0CE20CE039390000
(1778533627.315125) can0 18FD28F4#1527FA6F00000000
(1778533627.316023) can0 4D4#000033007D0F0203
(1778533627.317017) can0 4D5#E00CE20C39390000
(1778533627.318117) can0 18914010#0CE2060CE0010000
(1778533627.319130) can0 18904010#020F0000753001FE
(1778533627.320111) can0 18FA28F4#373CA12C10270000
(1778533627.321109) can0 18FB28F4#E20CE00C39390000
(1778533627.322122) can0 18FC28F4#383300000F020000
(1778533627.323103) can0 18F810F3#0F02E80333640100
(1778533627.324134) can0 18F815F3#0000000010030000
(1778533627.325026) can0 273#000000000F023300
(1778533627.326025) can0 1E1#020F271001FE01FE
(1778533627.327044) can0 1F5#0000000000000000
(1778533627.328132) can0 0800A6A9#0000000000000000
(1778533627.329096) can0 1000A6A9#0F02881333434343
(1778533627.330112) can0 1C00A6A9#0000000000030000
(1778533627.331143) can0 02018100#1003020F00000000
(1778533627.332124) can0 02028100#0000003364000000
(1778533627.333117) can0 02038100#0CE201060CE00101
(1778533627.334116) can0 02048100#4301014301010000
(1778533627.401749) can0 0000E005#15273D0003B60591
(1778533627.402340) can0 1806E5F4#13EC010003B6023A
(1778533627.403089) can0 0000E000#13EC13EC020F0000
(1778533627.404058) can0 0000E004#111103B603B601E4
(1778533627.405071) can0 0000E006#0CE00CE00CE00CE0
(1778533627.406065) can0 0000E007#0CE00CE20CE00CE0
(1778533627.407059) can0 0000E008#0CE20CE00CE00CE0
(1778533627.408044) can0 0000E009#0CE00CE00CE00CE2
(1778533627.409107) can0 0000E010#0000000000000000
(1778533627.410088) can0 0000E011#0000000000000000
(1778533627.411069) can0 0000E012#0CE1000100000000
(1778533627.412100) can0 0000F001#0000000000000000
(1778533627.413080) can0 18FF28F4#10330000020F0000
(1778533627.414061) can0 18FE28F4#0CE20CE039390000
(1778533627.415067) can0 18FD28F4#1527FA6F00000000
(1778533627.415971) can0 4D4#000033007D0F0203
(1778533627.416970) can0 4D5#E00CE20C39390000
(1778533627.418065) can0 18914010#0CE2060CE0010000
(1778533627.419055) can0 18904010#020F0000753001FE
(1778533627.420058) can0 18FA28F4#373CA12C10270000
(1778533627.421057) can0 18FB28F4#E20CE00C39390000
(1778533627.422069) can0 18FC28F4#383300000F020000
(1778533627.423050) can0 18F810F3#0F02E80333640100
(1778533627.424082) can0 18F815F3#0000000010030000
(1778533627.424992) can0 273#000000000F023300
(1778533627.425960) can0 1E1#020F271001FE01FE
(1778533627.426986) can0 1F5#0000000000000000
(1778533627.428067) can0 0800A6A9#0000000000000000
(1778533627.429034) can0 1000A6A9#0F02881333434343
(1778533627.430059) can0 1C00A6A9#0000000000030000
(1778533627.431072) can0 02018100#1003020F00000000
(1778533627.432071) can0 02028100#0000003364000000
(1778533627.433096) can0 02038100#0CE201060CE00101
(1778533627.434064) can0 02048100#4301014301010000
(1778533627.518690) can0 0000E005#15273D0003B60591
(1778533627.519282) can0 1806E5F4#13EC010003B6023A
(1778533627.520018) can0 0000E000#13EC13EC020F0000
(1778533627.520998) can0 0000E004#111103B603B601E4
(1778533627.521987) can0 0000E006#0CE00CE00CE00CE0
(1778533627.522991) can0 0000E007#0CE00CE00CE00CE0
(1778533627.523984) can0 0000E008#0CE00CE00CE00CE0
(1778533627.524983) can0 0000E009#0CE00CE00CE00CE2
(1778533627.526074) can0 0000E010#0000000000000000
(1778533627.527027) can0 0000E011#0000000000000000
(1778533627.528008) can0 0000E012#0CE1000100000000
(1778533627.528975) can0 0000E013#4542323630354C43
(1778533627.530000) can0 0000E014#3134323300000000
(1778533627.531012) can0 0000E015#0000000000000003
(1778533627.532031) can0 0000F000#0000000000000000
(1778533627.533024) can0 0000F001#0000000000000000
(1778533627.534004) can0 18FF28F4#10330000020F0000
(1778533627.534985) can0 18FE28F4#0CE20CE039390000
(1778533627.536004) can0 18FD28F4#1527FA6F00000000
(1778533627.536902) can0 4D4#000033007D0F0203
(1778533627.537892) can0 4D5#E00CE20C39390000
(1778533627.538990) can0 18914010#0CE2100CE0010000
(1778533627.540003) can0 18904010#020F0000753001FE
(1778533627.540989) can0 18FA28F4#373CA12C10270000
(1778533627.541982) can0 18FB28F4#E20CE00C39390000
(1778533627.542994) can0 18FC28F4#383300000F020000
(1778533627.543975) can0 18F810F3#0F02E80333640100
(1778533627.544993) can0 18F811F3#E20C1001E00C0101
(1778533627.545984) can0 18F812F3#3901013901010000
(1778533627.547018) can0 18F813F3#0101000000000000
(1778533627.547980) can0 18F814F3#32000F19A9015F00
(1778533627.549010) can0 18F815F3#0000000010030000
(1778533627.549902) can0 273#000000000F023300
(1778533627.550889) can0 1E1#020F271001FE01FE
(1778533627.551921) can0 1F5#0000000000000000
(1778533627.553009) can0 0800A6A9#0000000000000000
(1778533627.553976) can0 1000A6A9#0F02881333434343
(1778533627.554988) can0 1C00A6A9#0000000000030000
(1778533627.556014) can0 02018100#1003020F00000000
(1778533627.556994) can0 02028100#0000003364000000
(1778533627.557986) can0 02038100#0CE201100CE00101
(1778533627.558987) can0 02048100#4301014301010000
(1778533627.616618) can0 0000E005#15273D0003B60591
(1778533627.617221) can0 1806E5F4#13EC010003B6023A
(1778533627.617955) can0 0000E000#13EC13EC020F0000
(1778533627.618940) can0 0000E004#111103B603B601E4
(1778533627.619940) can0 0000E006#0CE00CE00CE00CE0
(1778533627.620939) can0 0000E007#0CE00CE00CE00CE0
(1778533627.621931) can0 0000E008#0CE00CE00CE00CE0
(1778533627.622932) can0 0000E009#0CE00CE00CE00CE2
(1778533627.623976) can0 0000E010#0000000000000000
(1778533627.624976) can0 0000E011#0000000000000000
(1778533627.625947) can0 0000E012#0CE1000100000000
(1778533627.626968) can0 0000F001#0000000000000000
(1778533627.627967) can0 18FF28F4#10330000020F0000
(1778533627.628929) can0 18FE28F4#0CE20CE039390000
(1778533627.629941) can0 18FD28F4#1527FA6F00000000
(1778533627.630858) can0 4D4#000033007D0F0203
(1778533627.631839) can0 4D5#E00CE20C39390000
(1778533627.632934) can0 18914010#0CE2100CE0010000
(1778533627.633946) can0 18904010#020F0000753001FE
(1778533627.634926) can0 18FA28F4#373CA12C10270000
(1778533627.635926) can0 18FB28F4#E20CE00C39390000
(1778533627.636957) can0 18FC28F4#383300000F020000
(1778533627.637911) can0 18F810F3#0F02E80333640100
(1778533627.638963) can0 18F815F3#0000000010030000
(1778533627.639867) can0 273#000000000F023300
(1778533627.640847) can0 1E1#020F271001FE01FE
(1778533627.641867) can0 1F5#0000000000000000
(1778533627.642955) can0 0800A6A9#0000000000000000
(1778533627.643916) can0 1000A6A9#0F02881333434343
(1778533627.644947) can0 1C00A6A9#0000000000030000
(1778533627.645959) can0 02018100#1003020F00000000
(1778533627.646940) can0 02028100#0000003364000000
(1778533627.647952) can0 02038100#0CE201100CE00101
(1778533627.648933) can0 02048100#4301014301010000
(1778533627.716564) can0 0000E005#15273D0003B60591
(1778533627.717155) can0 1806E5F4#13EC010003B6023A
(1778533627.717913) can0 0000E000#13EC13EC020F0000
(1778533627.718893) can0 0000E004#111103B603B601E4
(1778533627.719885) can0 0000E006#0CE00CE00CE00CE0
(1778533627.720886) can0 0000E007#0CE00CE00CE00CE0
(1778533627.721880) can0 0000E008#0CE00CE00CE00CE0
(1778533627.722879) can0 0000E009#0CE00CE00CE00CE2
(1778533627.723923) can0 0000E010#0000000000000000
(1778533627.724942) can0 0000E011#0000000000000000
(1778533627.725903) can0 0000E012#0CE1000100000000
(1778533627.726915) can0 0000F001#0000000000000000
(1778533627.727908) can0 18FF28F4#10330000020F0000
(1778533627.728876) can0 18FE28F4#0CE20CE039390000
(1778533627.729895) can0 18FD28F4#1527FA6F00000000
(1778533627.730805) can0 4D4#000033007D0F0203
(1778533627.731781) can0 4D5#E00CE20C39390000
(1778533627.732912) can0 18914010#0CE2100CE0010000
(1778533627.733894) can0 18904010#020F0000753001FE
(1778533627.734875) can0 18FA28F4#373CA12C10270000
(1778533627.735874) can0 18FB28F4#E20CE00C39390000
(1778533627.736905) can0 18FC28F4#383300000F020000
(1778533627.737866) can0 18F810F3#0F02E80333640100
(1778533627.738910) can0 18F815F3#0000000010030000
(1778533627.739795) can0 273#000000000F023300
(1778533627.740826) can0 1E1#020F271001FE01FE
(1778533627.741815) can0 1F5#0000000000000000
(1778533627.742897) can0 0800A6A9#0000000000000000
(1778533627.743863) can0 1000A6A9#0F02881333434343
(1778533627.744894) can0 1C00A6A9#0000000000030000
(1778533627.745906) can0 02018100#1003020F00000000
(1778533627.746887) can0 02028100#0000003364000000
(1778533627.747886) can0 02038100#0CE201100CE00101
(1778533627.748930) can0 02048100#4301014301010000
(1778533627.816502) can0 0000E005#15273D0003B60591
(1778533627.817103) can0 1806E5F4#13EC010003B6023A
(1778533627.817892) can0 0000E000#13EC13EC020F0000
(1778533627.818842) can0 0000E004#111103B603B601E4
(1778533627.819841) can0 0000E006#0CE00CE00CE00CE0
(1778533627.820830) can0 0000E007#0CE00CE00CE00CE0
(1778533627.821834) can0 0000E008#0CE20CE00CE00CE0
(1778533627.822826) can0 0000E009#0CE00CE00CE00CE2
(1778533627.823877) can0 0000E010#0000000000000000
(1778533627.824857) can0 0000E011#0000000000000000
(1778533627.825882) can0 0000E012#0CE1000100000000
(1778533627.826863) can0 0000F001#0000000000000000
(1778533627.827849) can0 18FF28F4#10330000020F0000
(1778533627.828822) can0 18FE28F4#0CE20CE039390000
(1778533627.829842) can0 18FD28F4#1527FA6F00000000
(1778533627.830740) can0 4D4#000033007D0F0203
(1778533627.831740) can0 4D5#E00CE20C39390000
(1778533627.832825) can0 18914010#0CE2090CE0010000
(1778533627.833879) can0 18904010#020F0000753001FE
(1778533627.834828) can0 18FA28F4#373CA12C10270000
(1778533627.835821) can0 18FB28F4#E20CE00C39390000
(1778533627.836839) can0 18FC28F4#383300000F020000
(1778533627.837819) can0 18F810F3#0F02E80333640100
(1778533627.838844) can0 18F815F3#0000000010030000
(1778533627.839743) can0 273#000000000F023300
(1778533627.840741) can0 1E1#020F271001FE01FE
(1778533627.841754) can0 1F5#0000000000000000
(1778533627.842849) can0 0800A6A9#0000000000000000
(1778533627.843817) can0 1000A6A9#0F02881333434343
(1778533627.844842) can0 1C00A6A9#0000000000030000
(1778533627.845854) can0 02018100#1003020F00000000
(1778533627.846835) can0 02028100#0000003364000000
(1778533627.847834) can0 02038100#0CE201090CE00101
(1778533627.848827) can0 02048100#4301014301010000
(1778533627.916466) can0 0000E005#15273D0003B60591
(1778533627.917051) can0 1806E5F4#13EC010003B6023A
(1778533627.917809) can0 0000E000#13EC13EC020F0000
(1778533627.918766) can0 0000E004#111103B603B601E4
(1778533627.919782) can0 0000E006#0CE00CE00CE00CE0
(1778533627.920781) can0 0000E007#0CE00CE00CE00CE0
(1778533627.921781) can0 0000E008#0CE20CE00CE00CE0
(1778533627.922752) can0 0000E009#0CE00CE00CE00CE2
(1778533627.923805) can0 0000E010#0000000000000000
(1778533627.924798) can0 0000E011#0000000000000000
(1778533627.925778) can0 0000E012#0CE1000100000000
(1778533627.926809) can0 0000F001#0000000000000000
(1778533627.927790) can0 18FF28F4#10330000020F0000
(1778533627.928771) can0 18FE28F4#0CE20CE039390000
(1778533627.929783) can0 18FD28F4#1527FA6F00000000
(1778533627.930684) can0 4D4#000033007D0F0203
(1778533627.931668) can0 4D5#E00CE20C39390000
(1778533627.932776) can0 18914010#0CE2090CE0010000
(1778533627.933775) can0 18904010#020F0000753001FE
(1778533627.934762) can0 18FA28F4#373CA12C10270000
(1778533627.935768) can0 18FB28F4#E20CE00C39390000
(1778533627.936780) can0 18FC28F4#383300000F020000
(1778533627.937761) can0 18F810F3#0F02E80333640100
(1778533627.938792) can0 18F815F3#0000000010030000
(1778533627.939690) can0 273#000000000F023300
(1778533627.940690) can0 1E1#020F271001FE01FE
(1778533627.941701) can0 1F5#0000000000000000
(1778533627.942792) can0 0800A6A9#0000000000000000
(1778533627.943758) can0 1000A6A9#0F02881333434343
(1778533627.944770) can0 1C00A6A9#0000000000030000
(1778533627.945801) can0 02018100#1003020F00000000
(1778533627.946780) can0 02028100#0000003364000000
(1778533627.947775) can0 02038100#0CE201090CE00101
(1778533627.948775) can0 02048100#4301014301010000
(1778533628.033390) can0 0000E005#15273D0003B60591
(1778533628.033978) can0 1806E5F4#13EC010003B6023A
(1778533628.034734) can0 0000E000#13EC13EC020F0000
(1778533628.035716) can0 0000E004#111103B603B601E4
(1778533628.036709) can0 0000E006#0CE00CE00CE00CE0
(1778533628.037703) can0 0000E007#0CE00CE00CE00CE0
(1778533628.038720) can0 0000E008#0CE00CE00CE20CE0
(1778533628.039701) can0 0000E009#0CE00CE00CE00CE2
(1778533628.040777) can0 0000E010#0000000000000000
(1778533628.041743) can0 0000E011#0000000000000000
(1778533628.042725) can0 0000E012#0CE1000100000000
(1778533628.043687) can0 0000E013#4542323630354C43
(1778533628.044718) can0 0000E014#3134323300000000
(1778533628.045729) can0 0000E015#0000000000000003
(1778533628.046749) can0 0000F000#0000000000000000
(1778533628.047743) can0 0000F001#0000000000000000
(1778533628.048774) can0 18FF28F4#10330000020F0000
(1778533628.049698) can0 18FE28F4#0CE20CE039390000
(1778533628.050716) can0 18FD28F4#1527FA6F00000000
(1778533628.051620) can0 4D4#000033007D0F0203
(1778533628.052613) can0 4D5#E00CE20C39390000
(1778533628.053700) can0 18914010#0CE20B0CE0010000
(1778533628.054721) can0 18904010#020F0000753001FE
(1778533628.055706) can0 18FA28F4#373CA12C10270000
(1778533628.056732) can0 18FB28F4#E20CE00C39390000
(1778533628.057713) can0 18FC28F4#383300000F020000
(1778533628.058693) can0 18F810F3#0F02E80333640100
(1778533628.059712) can0 18F811F3#E20C0B01E00C0101
(1778533628.060705) can0 18F812F3#3901013901010000
(1778533628.061730) can0 18F813F3#0101000000000000
(1778533628.062704) can0 18F814F3#32000F19A9015F00
(1778533628.063715) can0 18F815F3#0000000010030000
(1778533628.064677) can0 273#000000000F023300
(1778533628.065603) can0 1E1#020F271001FE01FE
(1778533628.066638) can0 1F5#0000000000000000
(1778533628.067714) can0 0800A6A9#0000000000000000
(1778533628.068675) can0 1000A6A9#0F02881333434343
(1778533628.069706) can0 1C00A6A9#0000000000030000
(1778533628.070731) can0 02018100#1003020F00000000
(1778533628.071711) can0 02028100#0000003364000000
(1778533628.072711) can0 02038100#0CE2010B0CE00101
(1778533628.073701) can0 02048100#4301014301010000
(1778533628.131337) can0 0000E005#15273D0003B60591
(1778533628.131928) can0 1806E5F4#13EC010003B6023A
(1778533628.132678) can0 0000E000#13EC13EC020F0000
(1778533628.133703) can0 0000E004#111103B603B601E4
(1778533628.134658) can0 0000E006#0CE00CE00CE00CE0
(1778533628.135658) can0 0000E007#0CE00CE00CE00CE0
(1778533628.136651) can0 0000E008#0CE00CE00CE20CE0
(1778533628.137651) can0 0000E009#0CE00CE00CE00CE2
(1778533628.138694) can0 0000E010#0000000000000000
(1778533628.139694) can0 0000E011#0000000000000000
(1778533628.140675) can0 0000E012#0CE1000100000000
(1778533628.141733) can0 0000F001#0000000000000000
(1778533628.142686) can0 18FF28F4#10330000020F0000
(1778533628.143648) can0 18FE28F4#0CE20CE039390000
(1778533628.144661) can0 18FD28F4#1527FA6F00000000
(1778533628.145574) can0 4D4#000033007D0F0203
(1778533628.146558) can0 4D5#E00CE20C39390000
(1778533628.147653) can0 18914010#0CE20B0CE0010000
(1778533628.148672) can0 18904010#020F0000753001FE
(1778533628.149651) can0 18FA28F4#373CA12C10270000
(1778533628.150645) can0 18FB28F4#E20CE00C39390000
(1778533628.151676) can0 18FC28F4#383300000F020000
(1778533628.152644) can0 18F810F3#0F02E80333640100
(1778533628.153666) can0 18F815F3#0000000010030000
(1778533628.154573) can0 273#000000000F023300
(1778533628.155573) can0 1E1#020F271001FE01FE
(1778533628.156598) can0 1F5#0000000000000000
(1778533628.157669) can0 0800A6A9#0000000000000000
(1778533628.158640) can0 1000A6A9#0F02881333434343
(1778533628.159673) can0 1C00A6A9#0000000000030000
(1778533628.160685) can0 02018100#1003020F00000000
(1778533628.161666) can0 02028100#0000003364000000
(1778533628.162659) can0 02038100#0CE2010B0CE00101
(1778533628.163660) can0 02048100#4301014301010000
(1778533628.231293) can0 0000E005#15273D0003B60591
(1778533628.231879) can0 1806E5F4#13EC010003B6023A
(1778533628.232632) can0 0000E000#13EC13EC020F0000
(1778533628.233613) can0 0000E004#111103B603B601E4
(1778533628.234617) can0 0000E006#0CE00CE00CE00CE0
(1778533628.235605) can0 0000E007#0CE00CE00CE00CE0
(1778533628.236606) can0 0000E008#0CE00CE00CE20CE0
(1778533628.237606) can0 0000E009#0CE00CE00CE00CE2
(1778533628.238651) can0 0000E010#0000000000000000
(1778533628.239630) can0 0000E011#0000000000000000
(1778533628.240629) can0 0000E012#0CE1000100000000
(1778533628.241642) can0 0000F001#0000000000000000
(1778533628.242622) can0 18FF28F4#10330000020F0000
(1778533628.243595) can0 18FE28F4#0CE20CE039390000
(1778533628.244616) can0 18FD28F4#1527FA6F00000000
(1778533628.245519) can0 4D4#000033007D0F0203
(1778533628.246513) can0 4D5#E00CE20C39390000
(1778533628.247605) can0 18914010#0CE20B0CE0010000
(1778533628.248620) can0 18904010#020F0000753001FE
(1778533628.249600) can0 18FA28F4#373CA12C10270000
(1778533628.250600) can0 18FB28F4#E20CE00C39390000
(1778533628.251612) can0 18FC28F4#383300000F020000
(1778533628.252592) can0 18F810F3#0F02E80333640100
(1778533628.253624) can0 18F815F3#0000000010030000
(1778533628.254522) can0 273#000000000F023300
(1778533628.255515) can0 1E1#020F271001FE01FE
(1778533628.256533) can0 1F5#0000000000000000
(1778533628.257622) can0 0800A6A9#0000000000000000
(1778533628.258590) can0 1000A6A9#0F02881333434343
(1778533628.259615) can0 1C00A6A9#0000000000030000
(1778533628.260634) can0 02018100#1003020F00000000
(1778533628.261614) can0 02028100#0000003364000000
(1778533628.262607) can0 02038100#0CE2010B0CE00101
(1778533628.263621) can0 02048100#4301014301010000
(1778533628.331228) can0 0000E005#15273D0003B60591
(1778533628.331813) can0 1806E5F4#13EC010003B6023A
(1778533628.332601) can0 0000E000#13EC13EC020F0000
(1778533628.333547) can0 0000E004#111103B603B601E4
(1778533628.334549) can0 0000E006#0CE00CE00CE00CE0
(1778533628.335561) can0 0000E007#0CE00CE00CE00CE0
(1778533628.336555) can0 0000E008#0CE00CE00CE00CE0
(1778533628.337535) can0 0000E009#0CE00CE00CE00CE2
(1778533628.338586) can0 0000E010#0000000000000000
(1778533628.339579) can0 0000E011#0000000000000000
(1778533628.340592) can0 0000E012#0CE1000100000000
(1778533628.341591) can0 0000F001#0000000000000000
(1778533628.342572) can0 18FF28F4#10330000020F0000
(1778533628.343540) can0 18FE28F4#0CE20CE039390000
(1778533628.344551) can0 18FD28F4#1527FA6F00000000
(1778533628.345466) can0 4D4#000033007D0F0203
(1778533628.346450) can0 4D5#E00CE20C39390000
(1778533628.347557) can0 18914010#0CE2100CE0010000
(1778533628.348587) can0 18904010#020F0000753001FE
(1778533628.349536) can0 18FA28F4#373CA12C10270000
(1778533628.350536) can0 18FB28F4#E20CE00C39390000
(1778533628.351561) can0 18FC28F4#383300000F020000
(1778533628.352541) can0 18F810F3#0F02E80333640100
(1778533628.353572) can0 18F815F3#0000000010030000
(1778533628.354471) can0 273#000000000F023300
(1778533628.355452) can0 1E1#020F271001FE01FE
(1778533628.356514) can0 1F5#0000000000000000
(1778533628.357560) can0 0800A6A9#0000000000000000
(1778533628.358526) can0 1000A6A9#0F02881333434343
(1778533628.359558) can0 1C00A6A9#0000000000030000
(1778533628.360570) can0 02018100#1003020F00000000
(1778533628.361563) can0 02028100#0000003364000000
(1778533628.362543) can0 02038100#0CE201100CE00101
(1778533628.363536) can0 02048100#4301014301010000
(1778533628.431174) can0 0000E005#15273D0003B60591
(1778533628.431780) can0 1806E5F4#13EC010003B6023A
(1778533628.432531) can0 0000E000#13EC13EC020F0000
(1778533628.433544) can0 0000E004#111103B603B601E4
(1778533628.434492) can0 0000E006#0CE00CE00CE00CE0
(1778533628.435501) can0 0000E007#0CE00CE00CE00CE0
(1778533628.436504) can0 0000E008#0CE00CE00CE00CE0
(1778533628.437485) can0 0000E009#0CE00CE00CE00CE2
(1778533628.438530) can0 0000E010#0000000000000000
(1778533628.439527) can0 0000E011#0000000000000000
(1778533628.440508) can0 0000E012#0CE1000100000000
(1778533628.441584) can0 0000F001#0000000000000000
(1778533628.442520) can0 18FF28F4#10330000020F0000
(1778533628.443501) can0 18FE28F4#0CE20CE039390000
(1778533628.444494) can0 18FD28F4#1527FA6F00000000
(1778533628.445411) can0 4D4#000033007D0F0203
(1778533628.446391) can0 4D5#E00CE20C39390000
(1778533628.447496) can0 18914010#0CE2100CE0010000
(1778533628.448499) can0 18904010#020F0000753001FE
(1778533628.449480) can0 18FA28F4#373CA12C10270000
(1778533628.450498) can0 18FB28F4#E20CE00C39390000
(1778533628.451506) can0 18FC28F4#383300000F020000
(1778533628.452491) can0 18F810F3#0F02E80333640100
(1778533628.453522) can0 18F815F3#0000000010030000
(1778533628.454419) can0 273#000000000F023300
(1778533628.455400) can0 1E1#020F271001FE01FE
(1778533628.456431) can0 1F5#0000000000000000
(1778533628.457507) can0 0800A6A9#0000000000000000
(1778533628.458474) can0 1000A6A9#0F02881333434343
(1778533628.459506) can0 1C00A6A9#0000000000030000
(1778533628.460520) can0 02018100#1003020F00000000
(1778533628.461499) can0 02028100#0000003364000000
(1778533628.462493) can0 02038100#0CE201100CE00101
(1778533628.463492) can0 02048100#4301014301010000
(1778533628.548112) can0 0000E005#15273D0003B60591
(1778533628.548714) can0 1806E5F4#13EC010003B6023A
(1778533628.549466) can0 0000E000#13EC13EC020F0000
(1778533628.550433) can0 0000E004#111103B603B601E4
(1778533628.551446) can0 0000E006#0CE00CE00CE00CE0
(1778533628.552445) can0 0000E007#0CE00CE00CE00CE0
(1778533628.553433) can0 0000E008#0CE00CE00CE00CE0
(1778533628.554419) can0 0000E009#0CE00CE00CE00CE2
(1778533628.555482) can0 0000E010#0000000000000000
(1778533628.556462) can0 0000E011#0000000000000000
(1778533628.557443) can0 0000E012#0CE1000100000000
(1778533628.558423) can0 0000E013#4542323630354C43
(1778533628.559455) can0 0000E014#3134323300000000
(1778533628.560468) can0 0000E015#0000000000000003
(1778533628.561466) can0 0000F000#0000000000000000
(1778533628.562459) can0 0000F001#0000000000000000
(1778533628.563472) can0 18FF28F4#10330000020F0000
(1778533628.564421) can0 18FE28F4#0CE20CE039390000
(1778533628.565428) can0 18FD28F4#1527FA6F00000000
(1778533628.566349) can0 4D4#000033007D0F0203
(1778533628.567330) can0 4D5#E00CE20C39390000
(1778533628.568425) can0 18914010#0CE2100CE0010000
(1778533628.569438) can0 18904010#020F0000753001FE
(1778533628.570418) can0 18FA28F4#373CA12C10270000
(1778533628.571449) can0 18FB28F4#E20CE00C39390000
(1778533628.572449) can0 18FC28F4#383300000F020000
(1778533628.573410) can0 18F810F3#0F02E80333640100
(1778533628.574423) can0 18F811F3#E20C1001E00C0101
(1778533628.575435) can0 18F812F3#3901013901010000
(1778533628.576447) can0 18F813F3#0101000000000000
(1778533628.577430) can0 18F814F3#32000F19A9015F00
(1778533628.578446) can0 18F815F3#0000000010030000
(1778533628.579376) can0 273#000000000F023300
(1778533628.580338) can0 1E1#020F271001FE01FE
(1778533628.581363) can0 1F5#0000000000000000
(1778533628.582444) can0 0800A6A9#0000000000000000
(1778533628.583406) can0 1000A6A9#0F02881333434343
(1778533628.584437) can0 1C00A6A9#0000000000030000
(1778533628.585449) can0 02018100#1003020F00000000
(1778533628.586443) can0 02028100#0000003364000000
(1778533628.587475) can0 02038100#0CE201100CE00101
(1778533628.588422) can0 02048100#4301014301010000
(1778533628.646058) can0 0000E005#15273D0003B60591
(1778533628.646655) can0 1806E5F4#13EC010003B6023A
(1778533628.647409) can0 0000E000#13EC13EC020F0000
(1778533628.648403) can0 0000E004#111103B603B601E4
(1778533628.649386) can0 0000E006#0CE00CE00CE00CE0
(1778533628.650382) can0 0000E007#0CE00CE00CE00CE0
(1778533628.651382) can0 0000E008#0CE00CE00CE00CE0
(1778533628.652382) can0 0000E009#0CE00CE00CE00CE2
(1778533628.653426) can0 0000E010#0000000000000000
(1778533628.654426) can0 0000E011#0000000000000000
(1778533628.655406) can0 0000E012#0CE1000100000000
(1778533628.656450) can0 0000F001#0000000000000000
(1778533628.657395) can0 18FF28F4#10330000020F0000
(1778533628.658385) can0 18FE28F4#0CE20CE039390000
(1778533628.659398) can0 18FD28F4#1527FA6F00000000
(1778533628.660296) can0 4D4#000033007D0F0203
(1778533628.661290) can0 4D5#E00CE20C39390000
(1778533628.662389) can0 18914010#0CE2100CE0010000
(1778533628.663382) can0 18904010#020F0000753001FE
(1778533628.664414) can0 18FA28F4#373CA12C10270000
(1778533628.665376) can0 18FB28F4#E20CE00C39390000
(1778533628.666394) can0 18FC28F4#383300000F020000
(1778533628.667375) can0 18F810F3#0F02E80333640100
(1778533628.668399) can0 18F815F3#0000000010030000
(1778533628.669297) can0 273#000000000F023300
(1778533628.670298) can0 1E1#020F271001FE01FE
(1778533628.671316) can0 1F5#0000000000000000
(1778533628.672454) can0 0800A6A9#0000000000000000
(1778533628.673353) can0 1000A6A9#0F02881333434343
(1778533628.674384) can0 1C00A6A9#0000000000030000
(1778533628.675398) can0 02018100#1003020F00000000
(1778533628.676396) can0 02028100#0000003364000000
(1778533628.677376) can0 02038100#0CE201100CE00101
(1778533628.678390) can0 02048100#4301014301010000
(1778533628.746011) can0 0000E005#15273D0003B60591
(1778533628.746601) can0 1806E5F4#13EC010003B6023A
(1778533628.747347) can0 0000E000#13EC13EC020F0000
(1778533628.748332) can0 0000E004#111103B603B601E4
(1778533628.749382) can0 0000E006#0CE00CE00CE00CE0
(1778533628.750331) can0 0000E007#0CE00CE00CE00CE0
(1778533628.751325) can0 0000E008#0CE00CE00CE00CE0
(1778533628.752324) can0 0000E009#0CE00CE00CE00CE2
(1778533628.753367) can0 0000E010#0000000000000000
(1778533628.754367) can0 0000E011#0000000000000000
(1778533628.755348) can0 0000E012#0CE1000100000000
(1778533628.756360) can0 0000F001#0000000000000000
(1778533628.757353) can0 18FF28F4#10330000020F0000
(1778533628.758320) can0 18FE28F4#0CE20CE039390000
(1778533628.759333) can0 18FD28F4#1527FA6F00000000
(1778533628.760250) can0 4D4#000033007D0F0203
(1778533628.761231) can0 4D5#E00CE20C39390000
(1778533628.762326) can0 18914010#0CE2100CE0010000
(1778533628.763336) can0 18904010#020F0000753001FE
(1778533628.764318) can0 18FA28F4#373CA12C10270000
(1778533628.765318) can0 18FB28F4#E20CE00C39390000
(1778533628.766330) can0 18FC28F4#383300000F020000
(1778533628.767311) can0 18F810F3#0F02E80333640100
(1778533628.768354) can0 18F815F3#0000000010030000
(1778533628.769240) can0 273#000000000F023300
(1778533628.770239) can0 1E1#020F271001FE01FE
(1778533628.771260) can0 1F5#0000000000000000
(1778533628.772340) can0 0800A6A9#0000000000000000
(1778533628.773308) can0 1000A6A9#0F02881333434343
(1778533628.774339) can0 1C00A6A9#0000000000030000
(1778533628.775345) can0 02018100#1003020F00000000
(1778533628.776332) can0 02028100#0000003364000000
(1778533628.777325) can0 02038100#0CE201100CE00101
(1778533628.778324) can0 02048100#4301014301010000
(1778533628.845955) can0 0000E005#15273D0003B60591
(1778533628.846558) can0 1806E5F4#13EC010003B6023A
(1778533628.847308) can0 0000E000#13EC13EC020F0000
(1778533628.848275) can0 0000E004#111103B603B601E4
(1778533628.849271) can0 0000E006#0CE00CE00CE00CE0
(1778533628.850275) can0 0000E007#0CE00CE00CE20CE2
(1778533628.851286) can0 0000E008#0CE20CE00CE20CE0
(1778533628.852267) can0 0000E009#0CE00CE00CE00CE3
(1778533628.853310) can0 0000E010#0000000000000000
(1778533628.854310) can0 0000E011#0000000000000000
(1778533628.855298) can0 0000E012#0CE1000200000000
(1778533628.856310) can0 0000F001#0000000000000000
(1778533628.857289) can0 18FF28F4#10330000020F0000
(1778533628.858271) can0 18FE28F4#0CE30CE039390000
(1778533628.859290) can0 18FD28F4#1527FA6F00000000
(1778533628.860187) can0 4D4#000033007D0F0203
(1778533628.861166) can0 4D5#E00CE30C39390000
(1778533628.862281) can0 18914010#0CE3100CE0010000
(1778533628.863294) can0 18904010#020F0000753001FE
(1778533628.864273) can0 18FA28F4#373CA12C10270000
(1778533628.865251) can0 18FB28F4#E30CE00C39390000
(1778533628.866285) can0 18FC28F4#383300000F020000
(1778533628.867265) can0 18F810F3#0F02E80333640100
(1778533628.868291) can0 18F815F3#0000000010030000
(1778533628.869195) can0 273#000000000F023300
(1778533628.870188) can0 1E1#020F271001FE01FE
(1778533628.871220) can0 1F5#0000000000000000
(1778533628.872283) can0 0800A6A9#0000000000000000
(1778533628.873244) can0 1000A6A9#0F02881333434343
(1778533628.874277) can0 1C00A6A9#0000000000030000
(1778533628.875287) can0 02018100#1003020F00000000
(1778533628.876287) can0 02028100#0000003364000000
(1778533628.877262) can0 02038100#0CE301100CE00101
(1778533628.878260) can0 02048100#4301014301010000
(1778533628.945902) can0 0000E005#15273D0003B60591
(1778533628.946505) can0 1806E5F4#13EC010003B6023A
(1778533628.947242) can0 0000E000#13EC13EC020F0000
(1778533628.948243) can0 0000E004#111103B603B601E4
(1778533628.949223) can0 0000E006#0CE00CE00CE00CE0
(1778533628.950222) can0 0000E007#0CE00CE00CE20CE2
(1778533628.951232) can0 0000E008#0CE20CE00CE20CE0
(1778533628.952216) can0 0000E009#0CE00CE00CE00CE3
(1778533628.953265) can0 0000E010#0000000000000000
(1778533628.954259) can0 0000E011#0000000000000000
(1778533628.955241) can0 0000E012#0CE1000200000000
(1778533628.956291) can0 0000F001#0000000000000000
(1778533628.957239) can0 18FF28F4#10330000020F0000
(1778533628.958219) can0 18FE28F4#0CE30CE039390000
(1778533628.959230) can0 18FD28F4#1527FA6F00000000
(1778533628.960136) can0 4D4#000033007D0F0203
(1778533628.961115) can0 4D5#E00CE30C39390000
(1778533628.962223) can0 18914010#0CE3100CE0010000
(1778533628.963235) can0 18904010#020F0000753001FE
(1778533628.964248) can0 18FA28F4#373CA12C10270000
(1778533628.965196) can0 18FB28F4#E30CE00C39390000
(1778533628.966228) can0 18FC28F4#383300000F020000
(1778533628.967205) can0 18F810F3#0F02E80333640100
(1778533628.968240) can0 18F815F3#0000000010030000
(1778533628.969144) can0 273#000000000F023300
(1778533628.970137) can0 1E1#020F271001FE01FE
(1778533628.971149) can0 1F5#0000000000000000
(1778533628.972276) can0 0800A6A9#0000000000000000
(1778533628.973194) can0 1000A6A9#0F02881333434343
(1778533628.974224) can0 1C00A6A9#0000000000030000
(1778533628.975236) can0 02018100#1003020F00000000
(1778533628.976236) can0 02028100#0000003364000000
(1778533628.977210) can0 02038100#0CE301100CE00101
(1778533628.978224) can0 02048100#4301014301010000
(1778533629.062842) can0 0000E005#15273D0003B60591
(1778533629.063435) can0 1806E5F4#13EC010003B6023A
(1778533629.064190) can0 0000E000#13EC13EC020F0000
(1778533629.065170) can0 0000E004#111103B603B601E4
(1778533629.066164) can0 0000E006#0CE00CE00CE00CE0
(1778533629.067164) can0 0000E007#0CE00CE00CE00CE0
(1778533629.068164) can0 0000E008#0CE00CE00CE00CE0
(1778533629.069156) can0 0000E009#0CE00CE00CE00CE2
(1778533629.070202) can0 0000E010#0000000000000000
(1778533629.071199) can0 0000E011#0000000000000000
(1778533629.072181) can0 0000E012#0CE1000100000000
(1778533629.073148) can0 0000E013#4542323630354C43
(1778533629.074173) can0 0000E014#3134323300000000
(1778533629.075192) can0 0000E015#0000000000000003
(1778533629.076204) can0 0000F000#0000000000000000
(1778533629.077185) can0 0000F001#0000000000000000
(1778533629.078178) can0 18FF28F4#10330000020F0000
(1778533629.079158) can0 18FE28F4#0CE20CE039390000
(1778533629.080159) can0 18FD28F4#1527FA6F00000000
(1778533629.081075) can0 4D4#000033007D0F0203
(1778533629.082053) can0 4D5#E00CE20C39390000
(1778533629.083163) can0 18914010#0CE2100CE0010000
(1778533629.084163) can0 18904010#020F0000753001FE
(1778533629.085156) can0 18FA28F4#373CA12C10270000
(1778533629.086153) can0 18FB28F4#E20CE00C39390000
(1778533629.087168) can0 18FC28F4#383300000F020000
(1778533629.088149) can0 18F810F3#0F02E80333640100
(1778533629.089161) can0 18F811F3#E20C1001E00C0101
(1778533629.090160) can0 18F812F3#3901013901010000
(1778533629.091172) can0 18F813F3#0101000000000000
(1778533629.092153) can0 18F814F3#32000F19A9015F00
(1778533629.093164) can0 18F815F3#0000000010030000
(1778533629.094078) can0 273#000000000F023300
(1778533629.095063) can0 1E1#020F271001FE01FE
(1778533629.096087) can0 1F5#0000000000000000
(1778533629.097164) can0 0800A6A9#0000000000000000
(1778533629.098124) can0 1000A6A9#0F02881333434343
(1778533629.099156) can0 1C00A6A9#0000000000030000
(1778533629.100188) can0 02018100#1003020F00000000
(1778533629.101168) can0 02028100#0000003364000000
(1778533629.102180) can0 02038100#0CE201100CE00101
(1778533629.103156) can0 02048100#4301014301010000
(1778533629.160787) can0 0000E005#15273D0003B60591
(1778533629.161390) can0 1806E5F4#13EC010003B6023A
(1778533629.162139) can0 0000E000#13EC13EC020F0000
(1778533629.163123) can0 0000E004#111103B603B601E4
(1778533629.164109) can0 0000E006#0CE00CE00CE00CE0
(1778533629.165121) can0 0000E007#0CE00CE00CE00CE0
(1778533629.166111) can0 0000E008#0CE00CE00CE00CE0
(1778533629.167102) can0 0000E009#0CE00CE00CE00CE2
(1778533629.168145) can0 0000E010#0000000000000000
(1778533629.169145) can0 0000E011#0000000000000000
(1778533629.170125) can0 0000E012#0CE1000100000000
(1778533629.171158) can0 0000F001#0000000000000000
(1778533629.172138) can0 18FF28F4#10330000020F0000
(1778533629.173106) can0 18FE28F4#0CE20CE039390000
(1778533629.174111) can0 18FD28F4#1527FA6F00000000
(1778533629.175034) can0 4D4#000033007D0F0203
(1778533629.176015) can0 4D5#E00CE20C39390000
(1778533629.177109) can0 18914010#0CE2100CE0010000
(1778533629.178120) can0 18904010#020F0000753001FE
(1778533629.179115) can0 18FA28F4#373CA12C10270000
(1778533629.180096) can0 18FB28F4#E20CE00C39390000
(1778533629.181127) can0 18FC28F4#383300000F020000
(1778533629.182095) can0 18F810F3#0F02E80333640100
(1778533629.183120) can0 18F815F3#0000000010030000
(1778533629.184024) can0 273#000000000F023300
(1778533629.185024) can0 1E1#020F271001FE01FE
(1778533629.186027) can0 1F5#0000000000000000
(1778533629.187143) can0 0800A6A9#0000000000000000
(1778533629.188092) can0 1000A6A9#0F02881333434343
(1778533629.189115) can0 1C00A6A9#0000000000030000
(1778533629.190136) can0 02018100#1003020F00000000
(1778533629.191116) can0 02028100#0000003364000000
(1778533629.192098) can0 02038100#0CE201100CE00101
(1778533629.193109) can0 02048100#4301014301010000
(1778533629.260739) can0 0000E005#15273D0003B60591
(1778533629.261329) can0 1806E5F4#13EC010003B6023A
(1778533629.262078) can0 0000E000#13EC13EC020F0000
(1778533629.263057) can0 0000E004#111103B603B601E4
(1778533629.264091) can0 0000E006#0CE00CE00CE00CE0
(1778533629.265058) can0 0000E007#0CE00CE00CE00CE0
(1778533629.266052) can0 0000E008#0CE00CE00CE00CE0
(1778533629.267051) can0 0000E009#0CE00CE00CE00CE2
(1778533629.268097) can0 0000E010#0000000000000000
(1778533629.269094) can0 0000E011#0000000000000000
(1778533629.270075) can0 0000E012#0CE1000100000000
(1778533629.271088) can0 0000F001#0000000000000000
(1778533629.272120) can0 18FF28F4#10330000020F0000
(1778533629.273050) can0 18FE28F4#0CE20CE039390000
(1778533629.274067) can0 18FD28F4#1527FA6F00000000
(1778533629.274961) can0 4D4#000033007D0F0203
(1778533629.275965) can0 4D5#E00CE20C39390000
(1778533629.277061) can0 18914010#0CE2100CE0010000
(1778533629.278053) can0 18904010#020F0000753001FE
(1778533629.279053) can0 18FA28F4#373CA12C10270000
(1778533629.280084) can0 18FB28F4#E20CE00C39390000
(1778533629.281065) can0 18FC28F4#383300000F020000
(1778533629.282045) can0 18F810F3#0F02E80333640100
(1778533629.283076) can0 18F815F3#0000000010030000
(1778533629.283981) can0 273#000000000F023300
(1778533629.284961) can0 1E1#020F271001FE01FE
(1778533629.285993) can0 1F5#0000000000000000
(1778533629.287062) can0 0800A6A9#0000000000000000
(1778533629.288037) can0 1000A6A9#0F02881333434343
(1778533629.289067) can0 1C00A6A9#0000000000030000
(1778533629.290080) can0 02018100#1003020F00000000
(1778533629.291056) can0 02028100#0000003364000000
(1778533629.292054) can0 02038100#0CE201100CE00101
(1778533629.293053) can0 02048100#4301014301010000
(1778533629.360687) can0 0000E005#15273D0003B60591
(1778533629.361278) can0 1806E5F4#13EC010003B6023A
(1778533629.362029) can0 0000E000#13EC13EC020F0000
(1778533629.363009) can0 0000E004#111103B603B601E4
(1778533629.364010) can0 0000E006#0CE00CE00CE00CE0
(1778533629.365005) can0 0000E007#0CE00CE00CE00CE0
(1778533629.366001) can0 0000E008#0CE00CE00CE00CE0
(1778533629.367001) can0 0000E009#0CE00CE00CE00CE2
(1778533629.368046) can0 0000E010#0000000000000000
(1778533629.369037) can0 0000E011#0000000000000000
(1778533629.370026) can0 0000E012#0CE1000100000000
(1778533629.371037) can0 0000F001#0000000000000000
(1778533629.372019) can0 18FF28F4#10330000020F0000
(1778533629.373000) can0 18FE28F4#0CE20CE039390000
(1778533629.374017) can0 18FD28F4#1527FA6F00000000
(1778533629.374915) can0 4D4#000033007D0F0203
(1778533629.375909) can0 4D5#E00CE20C39390000
(1778533629.377000) can0 18914010#0CE2100CE0010000
(1778533629.378015) can0 18904010#020F0000753001FE
(1778533629.378996) can0 18FA28F4#373CA12C10270000
(1778533629.379996) can0 18FB28F4#E20CE00C39390000
(1778533629.381009) can0 18FC28F4#383300000F020000
(1778533629.381988) can0 18F810F3#0F02E80333640100
(1778533629.383020) can0 18F815F3#0000000010030000
(1778533629.383918) can0 273#000000000F023300
(1778533629.384917) can0 1E1#020F271001FE01FE
(1778533629.385930) can0 1F5#0000000000000000
(1778533629.387025) can0 0800A6A9#0000000000000000
(1778533629.387987) can0 1000A6A9#0F02881333434343
(1778533629.389017) can0 1C00A6A9#0000000000030000
(1778533629.390029) can0 02018100#1003020F00000000
(1778533629.391010) can0 02028100#0000003364000000
(1778533629.392009) can0 02038100#0CE201100CE00101
(1778533629.392996) can0 02048100#4301014301010000
(1778533629.460632) can0 0000E005#15273D0003B60591
(1778533629.461223) can0 1806E5F4#13EC010003B6023A
(1778533629.461979) can0 0000E000#13EC13EC020F0000
(1778533629.462960) can0 0000E004#111103B603B601E4
(1778533629.463953) can0 0000E006#0CE00CE00CE00CE0
(1778533629.464953) can0 0000E007#0CE00CE00CE00CE0
(1778533629.465946) can0 0000E008#0CE00CE00CE00CE0
(1778533629.466938) can0 0000E009#0CE00CE00CE00CE2
(1778533629.467990) can0 0000E010#0000000000000000
(1778533629.468988) can0 0000E011#0000000000000000
(1778533629.469969) can0 0000E012#0CE1000100000000
(1778533629.470992) can0 0000F001#0000000000000000
(1778533629.471981) can0 18FF28F4#10330000020F0000
(1778533629.472944) can0 18FE28F4#0CE20CE039390000
(1778533629.473955) can0 18FD28F4#1527FA6F00000000
(1778533629.474872) can0 4D4#000033007D0F0203
(1778533629.475852) can0 4D5#E00CE20C39390000
(1778533629.476948) can0 18914010#0CE2100CE0010000
(1778533629.477960) can0 18904010#020F0000753001FE
(1778533629.478956) can0 18FA28F4#373CA12C10270000
(1778533629.479940) can0 18FB28F4#E20CE00C39390000
(1778533629.480971) can0 18FC28F4#383300000F020000
(1778533629.481932) can0 18F810F3#0F02E80333640100
(1778533629.482972) can0 18F815F3#0000000010030000
(1778533629.483862) can0 273#000000000F023300
(1778533629.484861) can0 1E1#020F271001FE01FE
(1778533629.485893) can0 1F5#0000000000000000
(1778533629.486980) can0 0800A6A9#0000000000000000
(1778533629.487930) can0 1000A6A9#0F02881333434343
(1778533629.488961) can0 1C00A6A9#0000000000030000
(1778533629.489973) can0 02018100#1003020F00000000
(1778533629.490950) can0 02028100#0000003364000000
(1778533629.491954) can0 02038100#0CE201100CE00101
(1778533629.492947) can0 02048100#4301014301010000
(1778533629.577582) can0 0000E005#15273D0003B60591
(1778533629.578166) can0 1806E5F4#13EC010003B6023A
(1778533629.578922) can0 0000E000#13EC13EC020F0000
(1778533629.579941) can0 0000E004#111103B603B601E4
(1778533629.580902) can0 0000E006#0CE00CE00CE00CE0
(1778533629.581902) can0 0000E007#0CE00CE00CE00CE2
(1778533629.582895) can0 0000E008#0CE00CE00CE00CE0
(1778533629.583895) can0 0000E009#0CE00CE00CE00CE3
(1778533629.584926) can0 0000E010#0000000000000000
(1778533629.585917) can0 0000E011#0000000000000000
(1778533629.586918) can0 0000E012#0CE1000200000000
(1778533629.587912) can0 0000E013#4542323630354C43
(1778533629.588911) can0 0000E014#3134323300000000
(1778533629.589918) can0 0000E015#0000000000000003
(1778533629.590923) can0 0000F000#0000000000000000
(1778533629.591916) can0 0000F001#0000000000000000
(1778533629.592916) can0 18FF28F4#10330000020F0000
(1778533629.593878) can0 18FE28F4#0CE30CE039390000
(1778533629.594896) can0 18FD28F4#1527FA6F00000000
(1778533629.595813) can0 4D4#000033007D0F0203
(1778533629.596793) can0 4D5#E00CE30C39390000
(1778533629.597881) can0 18914010#0CE3100CE0010000
(1778533629.598900) can0 18904010#020F0000753001FE
(1778533629.599881) can0 18FA28F4#373CA12C10270000
(1778533629.600874) can0 18FB28F4#E30CE00C39390000
(1778533629.601906) can0 18FC28F4#383300000F020000
(1778533629.602873) can0 18F810F3#0F02E80333640100
(1778533629.603885) can0 18F811F3#E30C1001E00C0101
(1778533629.604879) can0 18F812F3#3901013901010000
(1778533629.605910) can0 18F813F3#0101000000000000
(1778533629.606891) can0 18F814F3#32000F19A9015F00
(1778533629.607903) can0 18F815F3#0000000010030000
(1778533629.608801) can0 273#000000000F023300
(1778533629.609793) can0 1E1#020F271001FE01FE
(1778533629.610813) can0 1F5#0000000000000000
(1778533629.611901) can0 0800A6A9#0000000000000000
(1778533629.612869) can0 1000A6A9#0F02881333434343
(1778533629.613893) can0 1C00A6A9#0000000000030000
(1778533629.614906) can0 02018100#1003020F00000000
(1778533629.615900) can0 02028100#0000003364000000
(1778533629.616880) can0 02038100#0CE301100CE00101
(1778533629.617879) can0 02048100#4301014301010000
(1778533629.675525) can0 0000E005#15273D0003B60591
(1778533629.676115) can0 1806E5F4#13EC010003B6023A
(1778533629.676873) can0 0000E000#13EC13EC020F0000
(1778533629.677831) can0 0000E004#111103B603B601E4
(1778533629.678847) can0 0000E006#0CE00CE00CE00CE0
(1778533629.679847) can0 0000E007#0CE00CE00CE00CE2
(1778533629.680839) can0 0000E008#0CE00CE00CE00CE0
(1778533629.681832) can0 0000E009#0CE00CE00CE00CE3
(1778533629.682870) can0 0000E010#0000000000000000
(1778533629.683864) can0 0000E011#0000000000000000
(1778533629.684863) can0 0000E012#0CE1000200000000
(1778533629.685875) can0 0000F001#0000000000000000
(1778533629.686855) can0 18FF28F4#10330000020F0000
(1778533629.687837) can0 18FE28F4#0CE30CE039390000
(1778533629.688849) can0 18FD28F4#1527FA6F00000000
(1778533629.689743) can0 4D4#000033007D0F0203
(1778533629.690733) can0 4D5#E00CE30C39390000
(1778533629.691841) can0 18914010#0CE3100CE0010000
(1778533629.692853) can0 18904010#020F0000753001FE
(1778533629.693834) can0 18FA28F4#373CA12C10270000
(1778533629.694814) can0 18FB28F4#E30CE00C39390000
(1778533629.695846) can0 18FC28F4#383300000F020000
(1778533629.696826) can0 18F810F3#0F02E80333640100
(1778533629.697857) can0 18F815F3#0000000010030000
(1778533629.698755) can0 273#000000000F023300
(1778533629.699756) can0 1E1#020F271001FE01FE
(1778533629.700767) can0 1F5#0000000000000000
(1778533629.701859) can0 0800A6A9#0000000000000000
(1778533629.702824) can0 1000A6A9#0F02881333434343
(1778533629.703836) can0 1C00A6A9#0000000000030000
(1778533629.704867) can0 02018100#1003020F00000000
(1778533629.705844) can0 02028100#0000003364000000
(1778533629.706841) can0 02038100#0CE301100CE00101
(1778533629.707841) can0 02048100#4301014301010000
(1778533629.775471) can0 0000E005#15273D0003B60591
(1778533629.776060) can0 1806E5F4#13EC010003B6023A
(1778533629.776811) can0 0000E000#13EC13EC020F0000
(1778533629.777791) can0 0000E004#111103B603B601E4
(1778533629.778810) can0 0000E006#0CE00CE00CE00CE0
(1778533629.779787) can0 0000E007#0CE00CE00CE00CE2
(1778533629.780783) can0 0000E008#0CE00CE00CE00CE0
(1778533629.781795) can0 0000E009#0CE00CE00CE00CE3
(1778533629.782827) can0 0000E010#0000000000000000
(1778533629.783819) can0 0000E011#0000000000000000
(1778533629.784807) can0 0000E012#0CE1000200000000
(1778533629.785819) can0 0000F001#0000000000000000
(1778533629.786833) can0 18FF28F4#10330000020F0000
(1778533629.787781) can0 18FE28F4#0CE30CE039390000
(1778533629.788793) can0 18FD28F4#1527FA6F00000000
(1778533629.789710) can0 4D4#000033007D0F0203
(1778533629.790678) can0 4D5#E00CE30C39390000
(1778533629.791782) can0 18914010#0CE3100CE0010000
(1778533629.792804) can0 18904010#020F0000753001FE
(1778533629.793784) can0 18FA28F4#373CA12C10270000
(1778533629.794797) can0 18FB28F4#E30CE00C39390000
(1778533629.795791) can0 18FC28F4#383300000F020000
(1778533629.796777) can0 18F810F3#0F02E80333640100
(1778533629.797809) can0 18F815F3#0000000010030000
(1778533629.798706) can0 273#000000000F023300
(1778533629.799706) can0 1E1#020F271001FE01FE
(1778533629.800717) can0 1F5#0000000000000000
(1778533629.801794) can0 0800A6A9#0000000000000000
(1778533629.802794) can0 1000A6A9#0F02881333434343
(1778533629.803784) can0 1C00A6A9#0000000000030000
(1778533629.804805) can0 02018100#1003020F00000000
(1778533629.805805) can0 02028100#0000003364000000
(1778533629.806785) can0 02038100#0CE301100CE00101
(1778533629.807778) can0 02048100#4301014301010000
(1778533629.836566) can0 00000E00#00354C4331343233
(1778533629.875401) can0 0000E005#15273D0003B60591
(1778533629.875991) can0 1806E5F4#13EC010003B6023A
(1778533629.876760) can0 0000E000#13EC13EC020F0000
(1778533629.877741) can0 0000E004#111103B603B601E4
(1778533629.878735) can0 0000E006#0CE00CE00CE00CE0
(1778533629.879779) can0 0000E007#0CE00CE00CE20CE0
(1778533629.880735) can0 0000E008#0CE20CE00CE00CE0
(1778533629.881740) can0 0000E009#0CE00CE00CE00CE2
(1778533629.882783) can0 0000E010#0000000000000000
(1778533629.883764) can0 0000E011#0000000000000000
(1778533629.884759) can0 0000E012#0CE1000100000000
(1778533629.885770) can0 0000F001#0000000000000000
(1778533629.886750) can0 18FF28F4#10330000020F0000
(1778533629.887782) can0 18FE28F4#0CE20CE039390000
(1778533629.888749) can0 18FD28F4#1527FA6F00000000
(1778533629.889647) can0 4D4#000033007D0F0203
(1778533629.890641) can0 4D5#E00CE20C39390000
(1778533629.891736) can0 18914010#0CE2070CE0010000
(1778533629.892746) can0 18904010#020F0000753001FE
(1778533629.893734) can0 18FA28F4#373CA12C10270000
(1778533629.894727) can0 18FB28F4#E20CE00C39390000
(1778533629.895740) can0 18FC28F4#383300000F020000
(1778533629.896716) can0 18F810F3#0F02E80333640100
(1778533629.897752) can0 18F815F3#0000000010030000
(1778533629.898649) can0 273#000000000F023300
(1778533629.899650) can0 1E1#020F271001FE01FE
(1778533629.900661) can0 1F5#0000000000000000
(1778533629.901756) can0 0800A6A9#0000000000000000
(1778533629.902717) can0 1000A6A9#0F02881333434343
(1778533629.903749) can0 1C00A6A9#0000000000030000
(1778533629.904755) can0 02018100#1003020F00000000
(1778533629.905741) can0 02028100#0000003364000000
(1778533629.906741) can0 02038100#0CE201070CE00101
(1778533629.907735) can0 02048100#4301014301010000
(1778533629.975354) can0 0000E005#15273D0003B60591
(1778533629.975950) can0 1806E5F4#13EC010003B6023A
(1778533629.976717) can0 0000E000#13EC13EC020F0000
(1778533629.977685) can0 0000E004#111103B603B601E4
(1778533629.978697) can0 0000E006#0CE00CE00CE00CE0
(1778533629.979691) can0 0000E007#0CE00CE00CE20CE0
(1778533629.980690) can0 0000E008#0CE20CE00CE00CE0
(1778533629.981689) can0 0000E009#0CE00CE00CE00CE2
(1778533629.982714) can0 0000E010#0000000000000000
(1778533629.983714) can0 0000E011#0000000000000000
(1778533629.984689) can0 0000E012#0CE1000100000000
(1778533629.985715) can0 0000F001#0000000000000000
(1778533629.986706) can0 18FF28F4#10330000020F0000
(1778533629.987687) can0 18FE28F4#0CE20CE039390000
(1778533629.988699) can0 18FD28F4#1527FA6F00000000
(1778533629.989597) can0 4D4#000033007D0F0203
(1778533629.990578) can0 4D5#E00CE20C39390000
(1778533629.991692) can0 18914010#0CE2070CE0010000
(1778533629.992685) can0 18904010#020F0000753001FE
(1778533629.993679) can0 18FA28F4#373CA12C10270000
(1778533629.994679) can0 18FB28F4#E20CE00C39390000
(1778533629.995696) can0 18FC28F4#383300000F020000
(1778533629.996677) can0 18F810F3#0F02E80333640100
(1778533629.997702) can0 18F815F3#0000000010030000
(1778533629.998606) can0 273#000000000F023300
(1778533629.999599) can0 1E1#020F271001FE01FE
(1778533630.000611) can0 1F5#0000000000000000
(1778533630.001706) can0 0800A6A9#0000000000000000
(1778533630.002675) can0 1000A6A9#0F02881333434343
(1778533630.003687) can0 1C00A6A9#0000000000030000
(1778533630.004698) can0 02018100#1003020F00000000
(1778533630.005689) can0 02028100#0000003364000000
(1778533630.006692) can0 02038100#0CE201070CE00101
(1778533630.007692) can0 02048100#4301014301010000
(1778533630.092315) can0 0000E005#15273D0003B60591
(1778533630.092899) can0 1806E5F4#13EC010003B6023A
(1778533630.093654) can0 0000E000#13EC13EC020F0000
(1778533630.094654) can0 0000E004#111103B603B601E4
(1778533630.095635) can0 0000E006#0CE00CE00CE00CE0
(1778533630.096628) can0 0000E007#0CE00CE00CE00CE2
(1778533630.097628) can0 0000E008#0CE00CE00CE00CE0
(1778533630.098620) can0 0000E009#0CE00CE00CE00CE2
(1778533630.099653) can0 0000E010#0000000000000000
(1778533630.100649) can0 0000E011#0000000000000000
(1778533630.101645) can0 0000E012#0CE1000100000000
(1778533630.102645) can0 0000E013#4542323630354C43
(1778533630.103644) can0 0000E014#3134323300000000
(1778533630.104650) can0 0000E015#0000000000000003
(1778533630.105649) can0 0000F000#0000000000000000
(1778533630.106649) can0 0000F001#0000000000000000
(1778533630.107643) can0 18FF28F4#10330000020F0000
(1778533630.108610) can0 18FE28F4#0CE20CE039390000
(1778533630.109623) can0 18FD28F4#1527FA6F00000000
(1778533630.110572) can0 4D4#000033007D0F0203
(1778533630.111521) can0 4D5#E00CE20C39390000
(1778533630.112628) can0 18914010#0CE2080CE0010000
(1778533630.113627) can0 18904010#020F0000753001FE
(1778533630.114607) can0 18FA28F4#373CA12C10270000
(1778533630.115608) can0 18FB28F4#E20CE00C39390000
(1778533630.116629) can0 18FC28F4#383300000F020000
(1778533630.117601) can0 18F810F3#0F02E80333640100
(1778533630.118676) can0 18F811F3#E20C0801E00C0101
(1778533630.119626) can0 18F812F3#3901013901010000
(1778533630.120637) can0 18F813F3#0101000000000000
(1778533630.121617) can0 18F814F3#32000F19A9015F00
(1778533630.122636) can0 18F815F3#0000000010030000
(1778533630.123534) can0 273#000000000F023300
(1778533630.124525) can0 1E1#020F271001FE01FE
(1778533630.125559) can0 1F5#0000000000000000
(1778533630.126635) can0 0800A6A9#0000000000000000
(1778533630.127596) can0 1000A6A9#0F02881333434343
(1778533630.128616) can0 1C00A6A9#0000000000030000
(1778533630.129639) can0 02018100#1003020F00000000
(1778533630.130632) can0 02028100#0000003364000000
(1778533630.131626) can0 02038100#0CE201080CE00101
(1778533630.132626) can0 02048100#4301014301010000
(1778533630.190259) can0 0000E005#15273D0003B60591
(1778533630.190844) can0 1806E5F4#13EC010003B6023A
(1778533630.191600) can0 0000E000#13EC13EC020F0000
(1778533630.192579) can0 0000E004#111103B603B601E4
(1778533630.193580) can0 0000E006#0CE00CE00CE00CE0
(1778533630.194574) can0 0000E007#0CE00CE00CE00CE2
(1778533630.195618) can0 0000E008#0CE00CE00CE00CE0
(1778533630.196565) can0 0000E009#0CE00CE00CE00CE2
(1778533630.197617) can0 0000E010#0000000000000000
(1778533630.198611) can0 0000E011#0000000000000000
(1778533630.199591) can0 0000E012#0CE1000100000000
(1778533630.200610) can0 0000F001#0000000000000000
(1778533630.201604) can0 18FF28F4#10330000020F0000
(1778533630.202571) can0 18FE28F4#0CE20CE039390000
(1778533630.203584) can0 18FD28F4#1527FA6F00000000
(1778533630.204491) can0 4D4#000033007D0F0203
(1778533630.205481) can0 4D5#E00CE20C39390000
(1778533630.206575) can0 18914010#0CE2080CE0010000
(1778533630.207588) can0 18904010#020F0000753001FE
(1778533630.208560) can0 18FA28F4#373CA12C10270000
(1778533630.209568) can0 18FB28F4#E20CE00C39390000
(1778533630.210580) can0 18FC28F4#383300000F020000
(1778533630.211561) can0 18F810F3#0F02E80333640100
(1778533630.212585) can0 18F815F3#0000000010030000
(1778533630.213490) can0 273#000000000F023300
(1778533630.214483) can0 1E1#020F271001FE01FE
(1778533630.215515) can0 1F5#0000000000000000
(1778533630.216584) can0 0800A6A9#0000000000000000
(1778533630.217559) can0 1000A6A9#0F02881333434343
(1778533630.218589) can0 1C00A6A9#0000000000030000
(1778533630.219602) can0 02018100#1003020F00000000
(1778533630.220578) can0 02028100#0000003364000000
(1778533630.221575) can0 02038100#0CE201080CE00101
(1778533630.222575) can0 02048100#4301014301010000
(1778533630.290206) can0 0000E005#15273D0003B60591
(1778533630.290802) can0 1806E5F4#13EC010003B6023A
(1778533630.291552) can0 0000E000#13EC13EC020F0000
(1778533630.292533) can0 0000E004#111103B603B601E4
(1778533630.293533) can0 0000E006#0CE00CE00CE00CE0
(1778533630.294529) can0 0000E007#0CE00CE00CE00CE2
(1778533630.295526) can0 0000E008#0CE00CE00CE00CE0
(1778533630.296525) can0 0000E009#0CE00CE00CE00CE2
(1778533630.297557) can0 0000E010#0000000000000000
(1778533630.298552) can0 0000E011#0000000000000000
(1778533630.299537) can0 0000E012#0CE1000100000000
(1778533630.300568) can0 0000F001#0000000000000000
(1778533630.301548) can0 18FF28F4#10330000020F0000
(1778533630.302510) can0 18FE28F4#0CE20CE039390000
(1778533630.303529) can0 18FD28F4#1527FA6F00000000
(1778533630.304445) can0 4D4#000033007D0F0203
(1778533630.305426) can0 4D5#E00CE20C39390000
(1778533630.306516) can0 18914010#0CE2080CE0010000
(1778533630.307534) can0 18904010#020F0000753001FE
(1778533630.308514) can0 18FA28F4#373CA12C10270000
(1778533630.309513) can0 18FB28F4#E20CE00C39390000
(1778533630.310540) can0 18FC28F4#383300000F020000
(1778533630.311506) can0 18F810F3#0F02E80333640100
(1778533630.312549) can0 18F815F3#0000000010030000
(1778533630.313435) can0 273#000000000F023300
(1778533630.314429) can0 1E1#020F271001FE01FE
(1778533630.315460) can0 1F5#0000000000000000
(1778533630.316542) can0 0800A6A9#0000000000000000
(1778533630.317523) can0 1000A6A9#0F02881333434343
(1778533630.318527) can0 1C00A6A9#0000000000030000
(1778533630.319547) can0 02018100#1003020F00000000
(1778533630.320527) can0 02028100#0000003364000000
(1778533630.321521) can0 02038100#0CE201080CE00101
(1778533630.322512) can0 02048100#4301014301010000
(1778533630.390162) can0 0000E005#15273D0003B60591
(1778533630.390702) can0 1806E5F4#13EC010003B6023A
(1778533630.391505) can0 0000E000#13EC13EC020F0000
(1778533630.392471) can0 0000E004#111103B603B601E4
(1778533630.393484) can0 0000E006#0CE00CE00CE00CE0
(1778533630.394484) can0 0000E007#0CE00CE00CE00CE2
(1778533630.395477) can0 0000E008#0CE00CE00CE20CE0
(1778533630.396471) can0 0000E009#0CE00CE00CE00CE2
(1778533630.397508) can0 0000E010#0000000000000000
(1778533630.398501) can0 0000E011#0000000000000000
(1778533630.399482) can0 0000E012#0CE1000100000000
(1778533630.400495) can0 0000F001#0000000000000000
(1778533630.401493) can0 18FF28F4#10330000020F0000
(1778533630.402492) can0 18FE28F4#0CE20CE039390000
(1778533630.403474) can0 18FD28F4#1527FA6F00000000
(1778533630.404390) can0 4D4#000033007D0F0203
(1778533630.405371) can0 4D5#E00CE20C39390000
(1778533630.406478) can0 18914010#0CE2080CE0010000
(1778533630.407478) can0 18904010#020F0000753001FE
(1778533630.408473) can0 18FA28F4#373CA12C10270000
(1778533630.409471) can0 18FB28F4#E20CE00C39390000
(1778533630.410514) can0 18FC28F4#383300000F020000
(1778533630.411465) can0 18F810F3#0F02E80333640100
(1778533630.412491) can0 18F815F3#0000000010030000
(1778533630.413399) can0 273#000000000F023300
(1778533630.414380) can0 1E1#020F271001FE01FE
(1778533630.415405) can0 1F5#0000000000000000
(1778533630.416487) can0 0800A6A9#0000000000000000
(1778533630.417448) can0 1000A6A9#0F02881333434343
(1778533630.418512) can0 1C00A6A9#0000000000030000
(1778533630.419492) can0 02018100#1003020F00000000
(1778533630.420484) can0 02028100#0000003364000000
(1778533630.421485) can0 02038100#0CE201080CE00101
(1778533630.422465) can0 02048100#4301014301010000
(1778533630.490120) can0 0000E005#15273D0003B60591
(1778533630.490682) can0 1806E5F4#13EC010003B6023A
(1778533630.491443) can0 0000E000#13EC13EC020F0000
(1778533630.492423) can0 0000E004#111103B603B601E4
(1778533630.493417) can0 0000E006#0CE00CE00CE00CE0
(1778533630.494416) can0 0000E007#0CE00CE00CE00CE2
(1778533630.495461) can0 0000E008#0CE00CE00CE20CE0
(1778533630.496409) can0 0000E009#0CE00CE00CE00CE2
(1778533630.497459) can0 0000E010#0000000000000000
(1778533630.498450) can0 0000E011#0000000000000000
(1778533630.499433) can0 0000E012#0CE1000100000000
(1778533630.500465) can0 0000F001#0000000000000000
(1778533630.501445) can0 18FF28F4#10330000020F0000
(1778533630.502405) can0 18FE28F4#0CE20CE039390000
(1778533630.503470) can0 18FD28F4#1527FA6F00000000
(1778533630.504336) can0 4D4#000033007D0F0203
(1778533630.505316) can0 4D5#E00CE20C39390000
(1778533630.506430) can0 18914010#0CE2080CE0010000
(1778533630.507424) can0 18904010#020F0000753001FE
(1778533630.508410) can0 18FA28F4#373CA12C10270000
(1778533630.509403) can0 18FB28F4#E20CE00C39390000
(1778533630.510430) can0 18FC28F4#383300000F020000
(1778533630.511415) can0 18F810F3#0F02E80333640100
(1778533630.512446) can0 18F815F3#0000000010030000
(1778533630.513344) can0 273#000000000F023300
(1778533630.514316) can0 1E1#020F271001FE01FE
(1778533630.515356) can0 1F5#0000000000000000
(1778533630.516432) can0 0800A6A9#0000000000000000
(1778533630.517394) can0 1000A6A9#0F02881333434343
(1778533630.518425) can0 1C00A6A9#0000000000030000
(1778533630.519438) can0 02018100#1003020F00000000
(1778533630.520436) can0 02028100#0000003364000000
(1778533630.521430) can0 02038100#0CE201080CE00101
(1778533630.522410) can0 02048100#4301014301010000
(1778533630.607071) can0 0000E005#15273D0003B60591
(1778533630.607631) can0 1806E5F4#13EC010003B6023A
(1778533630.608387) can0 0000E000#13EC13EC020F0000
(1778533630.609360) can0 0000E004#111103B603B601E4
(1778533630.610361) can0 0000E006#0CE00CE00CE00CE0
(1778533630.611380) can0 0000E007#0CE00CE00CE20CE0
(1778533630.612361) can0 0000E008#0CE00CE00CE20CE0
(1778533630.613354) can0 0000E009#0CE00CE00CE00CE2
(1778533630.614404) can0 0000E010#0000000000000000
(1778533630.615403) can0 0000E011#0000000000000000
(1778533630.616384) can0 0000E012#0CE1000100000000
(1778533630.617362) can0 0000E013#4542323630354C43
(1778533630.618377) can0 0000E014#3134323300000000
(1778533630.619389) can0 0000E015#0000000000000003
(1778533630.620401) can0 0000F000#0000000000000000
(1778533630.621378) can0 0000F001#0000000000000000
(1778533630.622382) can0 18FF28F4#10330000020F0000
(1778533630.623350) can0 18FE28F4#0CE20CE039390000
(1778533630.624362) can0 18FD28F4#1527FA6F00000000
(1778533630.625291) can0 4D4#000033007D0F0203
(1778533630.626259) can0 4D5#E00CE20C39390000
(1778533630.627354) can0 18914010#0CE2070CE0010000
(1778533630.628366) can0 18904010#020F0000753001FE
(1778533630.629342) can0 18FA28F4#373CA12C10270000
(1778533630.630359) can0 18FB28F4#E20CE00C39390000
(1778533630.631371) can0 18FC28F4#383300000F020000
(1778533630.632351) can0 18F810F3#0F02E80333640100
(1778533630.633381) can0 18F811F3#E20C0701E00C0101
(1778533630.634364) can0 18F812F3#3901013901010000
(1778533630.635376) can0 18F813F3#0101000000000000
(1778533630.636357) can0 18F814F3#32000F19A9015F00
(1778533630.637368) can0 18F815F3#0000000010030000
(1778533630.638267) can0 273#000000000F023300
(1778533630.639266) can0 1E1#020F271001FE01FE
(1778533630.640292) can0 1F5#0000000000000000
(1778533630.641413) can0 0800A6A9#0000000000000000
(1778533630.642335) can0 1000A6A9#0F02881333434343
(1778533630.643360) can0 1C00A6A9#0000000000030000
(1778533630.644391) can0 02018100#1003020F00000000
(1778533630.645361) can0 02028100#0000003364000000
(1778533630.646365) can0 02038100#0CE201070CE00101
(1778533630.647358) can0 02048100#4301014301010000
(1778533630.705030) can0 0000E005#15273D0003B60591
(1778533630.705582) can0 1806E5F4#13EC010003B6023A
(1778533630.706333) can0 0000E000#13EC13EC020F0000
(1778533630.707315) can0 0000E004#111103B603B601E4
(1778533630.708313) can0 0000E006#0CE00CE00CE00CE0
(1778533630.709325) can0 0000E007#0CE00CE00CE20CE0
(1778533630.710338) can0 0000E008#0CE00CE00CE20CE0
(1778533630.711306) can0 0000E009#0CE00CE00CE00CE2
(1778533630.712347) can0 0000E010#0000000000000000
(1778533630.713342) can0 0000E011#0000000000000000
(1778533630.714324) can0 0000E012#0CE1000100000000
(1778533630.715355) can0 0000F001#0000000000000000
(1778533630.716335) can0 18FF28F4#10330000020F0000
(1778533630.717303) can0 18FE28F4#0CE20CE039390000
(1778533630.718367) can0 18FD28F4#1527FA6F00000000
(1778533630.719232) can0 4D4#000033007D0F0203
(1778533630.720205) can0 4D5#E00CE20C39390000
(1778533630.721308) can0 18914010#0CE2070CE0010000
(1778533630.722320) can0 18904010#020F0000753001FE
(1778533630.723301) can0 18FA28F4#373CA12C10270000
(1778533630.724296) can0 18FB28F4#E20CE00C39390000
(1778533630.725325) can0 18FC28F4#383300000F020000
(1778533630.726337) can0 18F810F3#0F02E80333640100
(1778533630.727338) can0 18F815F3#0000000010030000
(1778533630.728235) can0 273#000000000F023300
(1778533630.729215) can0 1E1#020F271001FE01FE
(1778533630.730246) can0 1F5#0000000000000000
(1778533630.731323) can0 0800A6A9#0000000000000000
(1778533630.732283) can0 1000A6A9#0F02881333434343
(1778533630.733315) can0 1C00A6A9#0000000000030000
(1778533630.734379) can0 02018100#1003020F00000000
(1778533630.735327) can0 02028100#0000003364000000
(1778533630.736307) can0 02038100#0CE201070CE00101
(1778533630.737302) can0 02048100#4301014301010000
(1778533630.804993) can0 0000E005#15273D0003B60591
(1778533630.805540) can0 1806E5F4#13EC010003B6023A
(1778533630.806298) can0 0000E000#13EC13EC020F0000
(1778533630.807259) can0 0000E004#111103B603B601E4
(1778533630.808271) can0 0000E006#0CE00CE00CE00CE0
(1778533630.809271) can0 0000E007#0CE00CE00CE20CE0
(1778533630.810266) can0 0000E008#0CE00CE00CE20CE0
(1778533630.811251) can0 0000E009#0CE00CE00CE00CE2
(1778533630.812295) can0 0000E010#0000000000000000
(1778533630.813294) can0 0000E011#0000000000000000
(1778533630.814266) can0 0000E012#0CE1000100000000
(1778533630.815301) can0 0000F001#0000000000000000
(1778533630.816281) can0 18FF28F4#10330000020F0000
(1778533630.817267) can0 18FE28F4#0CE20CE039390000
(1778533630.818280) can0 18FD28F4#1527FA6F00000000
(1778533630.819178) can0 4D4#000033007D0F0203
(1778533630.820158) can0 4D5#E00CE20C39390000
(1778533630.821266) can0 18914010#0CE2070CE0010000
(1778533630.822261) can0 18904010#020F0000753001FE
(1778533630.823265) can0 18FA28F4#373CA12C10270000
(1778533630.824258) can0 18FB28F4#E20CE00C39390000
(1778533630.825270) can0 18FC28F4#383300000F020000
(1778533630.826246) can0 18F810F3#0F02E80333640100
(1778533630.827282) can0 18F815F3#0000000010030000
(1778533630.828180) can0 273#000000000F023300
(1778533630.829180) can0 1E1#020F271001FE01FE
(1778533630.830192) can0 1F5#0000000000000000
(1778533630.831286) can0 0800A6A9#0000000000000000
(1778533630.832235) can0 1000A6A9#0F02881333434343
(1778533630.833267) can0 1C00A6A9#0000000000030000
(1778533630.834271) can0 02018100#1003020F00000000
(1778533630.835273) can0 02028100#0000003364000000
(1778533630.836272) can0 02038100#0CE201070CE00101
(1778533630.837265) can0 02048100#4301014301010000
(1778533630.904861) can0 0000E005#15273D0003B60591
(1778533630.905441) can0 1806E5F4#13EC010003B6023A
(1778533630.906243) can0 0000E000#13EC13EC020F0000
(1778533630.907211) can0 0000E004#111103B603B601E4
(1778533630.908211) can0 0000E006#0CE00CE00CE00CE0
(1778533630.909222) can0 0000E007#0CE00CE00CE00CE0
(1778533630.910216) can0 0000E008#0CE00CE20CE00CE0
(1778533630.911215) can0 0000E009#0CE00CE00CE00CE2
(1778533630.912239) can0 0000E010#0000000000000000
(1778533630.913240) can0 0000E011#0000000000000000
(1778533630.914220) can0 0000E012#0CE1000100000000
(1778533630.915251) can0 0000F001#0000000000000000
(1778533630.916231) can0 18FF28F4#10330000020F0000
(1778533630.917212) can0 18FE28F4#0CE20CE039390000
(1778533630.918212) can0 18FD28F4#1527FA6F00000000
(1778533630.919123) can0 4D4#000033007D0F0203
(1778533630.920104) can0 4D5#E00CE20C39390000
(1778533630.921217) can0 18914010#0CE20A0CE0010000
(1778533630.922217) can0 18904010#020F0000753001FE
(1778533630.923197) can0 18FA28F4#373CA12C10270000
(1778533630.924203) can0 18FB28F4#E20CE00C39390000
(1778533630.925234) can0 18FC28F4#383300000F020000
(1778533630.926202) can0 18F810F3#0F02E80333640100
(1778533630.927233) can0 18F815F3#0000000010030000
(1778533630.928127) can0 273#000000000F023300
(1778533630.929112) can0 1E1#020F271001FE01FE
(1778533630.930143) can0 1F5#0000000000000000
(1778533630.931219) can0 0800A6A9#0000000000000000
(1778533630.932187) can0 1000A6A9#0F02881333434343
(1778533630.933244) can0 1C00A6A9#0000000000030000
(1778533630.934224) can0 02018100#1003020F00000000
(1778533630.935224) can0 02028100#0000003364000000
(1778533630.936197) can0 02038100#0CE2010A0CE00101
(1778533630.937197) can0 02048100#4301014301010000
(1778533631.004903) can0 0000E005#15273D0003B60591
(1778533631.005437) can0 1806E5F4#13EC010003B6023A
(1778533631.006186) can0 0000E000#13EC13EC020F0000
(1778533631.007168) can0 0000E004#111103B603B601E4
(1778533631.008168) can0 0000E006#0CE00CE00CE00CE0
(1778533631.009161) can0 0000E007#0CE00CE00CE00CE0
(1778533631.010192) can0 0000E008#0CE00CE20CE00CE0
(1778533631.011160) can0 0000E009#0CE00CE00CE00CE2
(1778533631.012204) can0 0000E010#0000000000000000
(1778533631.013198) can0 0000E011#0000000000000000
(1778533631.014180) can0 0000E012#0CE1000100000000
(1778533631.015197) can0 0000F001#0000000000000000
(1778533631.016190) can0 18FF28F4#10330000020F0000
(1778533631.017158) can0 18FE28F4#0CE20CE039390000
(1778533631.018196) can0 18FD28F4#1527FA6F00000000
(1778533631.019087) can0 4D4#000033007D0F0203
(1778533631.020068) can0 4D5#E00CE20C39390000
(1778533631.021175) can0 18914010#0CE20A0CE0010000
(1778533631.022174) can0 18904010#020F0000753001FE
(1778533631.023155) can0 18FA28F4#373CA12C10270000
(1778533631.024149) can0 18FB28F4#E20CE00C39390000
(1778533631.025167) can0 18FC28F4#383300000F020000
(1778533631.026190) can0 18F810F3#0F02E80333640100
(1778533631.027173) can0 18F815F3#0000000010030000
(1778533631.028077) can0 273#000000000F023300
(1778533631.029070) can0 1E1#020F271001FE01FE
(1778533631.030084) can0 1F5#0000000000000000
(1778533631.031177) can0 0800A6A9#0000000000000000
(1778533631.032146) can0 1000A6A9#0F02881333434343
(1778533631.033170) can0 1C00A6A9#0000000000030000
(1778533631.034234) can0 02018100#1003020F00000000
(1778533631.035169) can0 02028100#0000003364000000
(1778533631.036163) can0 02038100#0CE2010A0CE00101
(1778533631.037156) can0 02048100#4301014301010000
(1778533631.121796) can0 0000E005#15273D0003B60591
(1778533631.122388) can0 1806E5F4#13EC010003B6023A
(1778533631.123140) can0 0000E000#13EC13EC020F0000
(1778533631.124102) can0 0000E004#111103B603B601E4
(1778533631.125098) can0 0000E006#0CE00CE00CE00CE0
(1778533631.126101) can0 0000E007#0CE00CE00CE00CE0
(1778533631.127113) can0 0000E008#0CE00CE00CE00CE0
(1778533631.128094) can0 0000E009#0CE00CE00CE00CE2
(1778533631.129138) can0 0000E010#0000000000000000
(1778533631.130137) can0 0000E011#0000000000000000
(1778533631.131117) can0 0000E012#0CE1000100000000
(1778533631.132079) can0 0000E013#4542323630354C43
(1778533631.133109) can0 0000E014#3134323300000000
(1778533631.134123) can0 0000E015#0000000000000003
(1778533631.135135) can0 0000F000#0000000000000000
(1778533631.136135) can0 0000F001#0000000000000000
(1778533631.137124) can0 18FF28F4#10330000020F0000
(1778533631.138096) can0 18FE28F4#0CE20CE039390000
(1778533631.139108) can0 18FD28F4#1527FA6F00000000
(1778533631.140025) can0 4D4#000033007D0F0203
(1778533631.141006) can0 4D5#E00CE20C39390000
(1778533631.142100) can0 18914010#0CE2100CE0010000
(1778533631.143113) can0 18904010#020F0000753001FE
(1778533631.144094) can0 18FA28F4#373CA12C10270000
(1778533631.145088) can0 18FB28F4#E20CE00C39390000
(1778533631.146118) can0 18FC28F4#383300000F020000
(1778533631.147086) can0 18F810F3#0F02E80333640100
(1778533631.148117) can0 18F811F3#E20C1001E00C0101
(1778533631.149089) can0 18F812F3#3901013901010000
(1778533631.150123) can0 18F813F3#0101000000000000
(1778533631.151090) can0 18F814F3#32000F19A9015F00
(1778533631.152122) can0 18F815F3#0000000010030000
(1778533631.153020) can0 273#000000000F023300
(1778533631.154013) can0 1E1#020F271001FE01FE
(1778533631.155025) can0 1F5#0000000000000000
(1778533631.156132) can0 0800A6A9#0000000000000000
(1778533631.157077) can0 1000A6A9#0F02881333434343
(1778533631.158113) can0 1C00A6A9#0000000000030000
(1778533631.159119) can0 02018100#1003020F00000000
(1778533631.160100) can0 02028100#0000003364000000
(1778533631.161092) can0 02038100#0CE201100CE00101
(1778533631.162092) can0 02048100#4301014301010000
(1778533631.219730) can0 0000E005#15273D0003B60591
(1778533631.220323) can0 1806E5F4#13EC010003B6023A
(1778533631.221093) can0 0000E000#13EC13EC020F0000
(1778533631.222055) can0 0000E004#111103B603B601E4
(1778533631.223054) can0 0000E006#0CE00CE00CE00CE0
(1778533631.224067) can0 0000E007#0CE00CE00CE00CE0
(1778533631.225056) can0 0000E008#0CE00CE00CE00CE0
(1778533631.226047) can0 0000E009#0CE00CE00CE00CE2
(1778533631.227091) can0 0000E010#0000000000000000
(1778533631.228085) can0 0000E011#0000000000000000
(1778533631.229064) can0 0000E012#0CE1000100000000
(1778533631.230096) can0 0000F001#0000000000000000
(1778533631.231077) can0 18FF28F4#10330000020F0000
(1778533631.232045) can0 18FE28F4#0CE20CE039390000
(1778533631.233076) can0 18FD28F4#1527FA6F00000000
(1778533631.233974) can0 4D4#000033007D0F0203
(1778533631.234954) can0 4D5#E00CE20C39390000
(1778533631.236063) can0 18914010#0CE2100CE0010000
(1778533631.237059) can0 18904010#020F0000753001FE
(1778533631.238044) can0 18FA28F4#373CA12C10270000
(1778533631.239044) can0 18FB28F4#E20CE00C39390000
(1778533631.240068) can0 18FC28F4#383300000F020000
(1778533631.241059) can0 18F810F3#0F02E80333640100
(1778533631.242079) can0 18F815F3#0000000010030000
(1778533631.242976) can0 273#000000000F023300
(1778533631.243957) can0 1E1#020F271001FE01FE
(1778533631.244989) can0 1F5#0000000000000000
(1778533631.246064) can0 0800A6A9#0000000000000000
(1778533631.247032) can0 1000A6A9#0F02881333434343
(1778533631.248064) can0 1C00A6A9#0000000000030000
(1778533631.249100) can0 02018100#1003020F00000000
(1778533631.250069) can0 02028100#0000003364000000
(1778533631.251049) can0 02038100#0CE201100CE00101
(1778533631.252050) can0 02048100#4301014301010000
(1778533631.319684) can0 0000E005#15273D0003B60591
(1778533631.320282) can0 1806E5F4#13EC010003B6023A
(1778533631.321034) can0 0000E000#13EC13EC020F0000
(1778533631.322014) can0 0000E004#111103B603B601E4
(1778533631.323014) can0 0000E006#0CE00CE00CE00CE0
(1778533631.324008) can0 0000E007#0CE00CE00CE00CE0
(1778533631.325007) can0 0000E008#0CE00CE00CE00CE0
(1778533631.326032) can0 0000E009#0CE00CE00CE00CE2
(1778533631.327045) can0 0000E010#0000000000000000
(1778533631.328044) can0 0000E011#0000000000000000
(1778533631.329024) can0 0000E012#0CE1000100000000
(1778533631.330036) can0 0000F001#0000000000000000
(1778533631.331030) can0 18FF28F4#10330000020F0000
(1778533631.332004) can0 18FE28F4#0CE20CE039390000
(1778533631.333017) can0 18FD28F4#1527FA6F00000000
(1778533631.333965) can0 4D4#000033007D0F0203
(1778533631.334914) can0 4D5#E00CE20C39390000
(1778533631.336003) can0 18914010#0CE2100CE0010000
(1778533631.337021) can0 18904010#020F0000753001FE
(1778533631.338001) can0 18FA28F4#373CA12C10270000
(1778533631.338994) can0 18FB28F4#E20CE00C39390000
(1778533631.340007) can0 18FC28F4#383300000F020000
(1778533631.340994) can0 18F810F3#0F02E80333640100
(1778533631.342069) can0 18F815F3#0000000010030000
(1778533631.342918) can0 273#000000000F023300
(1778533631.343917) can0 1E1#020F271001FE01FE
(1778533631.344929) can0 1F5#0000000000000000
(1778533631.346023) can0 0800A6A9#0000000000000000
(1778533631.346991) can0 1000A6A9#0F02881333434343
(1778533631.348004) can0 1C00A6A9#0000000000030000
(1778533631.349035) can0 02018100#1003020F00000000
(1778533631.350015) can0 02028100#0000003364000000
(1778533631.350989) can0 02038100#0CE201100CE00101
(1778533631.352009) can0 02048100#4301014301010000
(1778533631.419643) can0 0000E005#15273D0003B60591
(1778533631.420235) can0 1806E5F4#13EC010003B6023A
(1778533631.420985) can0 0000E000#13EC13EC020F0000
(1778533631.421954) can0 0000E004#111103B603B601E4
(1778533631.422967) can0 0000E006#0CE00CE00CE00CE0
(1778533631.423961) can0 0000E007#0CE00CE00CE00CE0
(1778533631.424959) can0 0000E008#0CE00CE00CE20CE0
(1778533631.425953) can0 0000E009#0CE00CE00CE00CE2
(1778533631.426984) can0 0000E010#0000000000000000
(1778533631.427984) can0 0000E011#0000000000000000
(1778533631.428956) can0 0000E012#0CE1000100000000
(1778533631.429995) can0 0000F001#0000000000000000
(1778533631.430970) can0 18FF28F4#10330000020F0000
(1778533631.431950) can0 18FE28F4#0CE20CE039390000
(1778533631.432968) can0 18FD28F4#1527FA6F00000000
(1778533631.433867) can0 4D4#000033007D0F0203
(1778533631.434848) can0 4D5#E00CE20C39390000
(1778533631.435962) can0 18914010#0CE20B0CE0010000
(1778533631.436955) can0 18904010#020F0000753001FE
(1778533631.437954) can0 18FA28F4#373CA12C10270000
(1778533631.438947) can0 18FB28F4#E20CE00C39390000
(1778533631.439961) can0 18FC28F4#383300000F020000
(1778533631.440947) can0 18F810F3#0F02E80333640100
(1778533631.441971) can0 18F815F3#0000000010030000
(1778533631.442876) can0 273#000000000F023300
(1778533631.443869) can0 1E1#020F271001FE01FE
(1778533631.444881) can0 1F5#0000000000000000
(1778533631.445976) can0 0800A6A9#0000000000000000
(1778533631.446944) can0 1000A6A9#0F02881333434343
(1778533631.447969) can0 1C00A6A9#0000000000030000
(1778533631.448981) can0 02018100#1003020F00000000
(1778533631.449968) can0 02028100#0000003364000000
(1778533631.450961) can0 02038100#0CE2010B0CE00101
(1778533631.451956) can0 02048100#4301014301010000
(1778533631.519588) can0 0000E005#15273D0003B60591
(1778533631.520181) can0 1806E5F4#13EC010003B6023A
(1778533631.520933) can0 0000E000#13EC13EC020F0000
(1778533631.521913) can0 0000E004#111103B603B601E4
(1778533631.522913) can0 0000E006#0CE00CE00CE00CE0
(1778533631.523913) can0 0000E007#0CE00CE00CE00CE0
(1778533631.524906) can0 0000E008#0CE00CE00CE20CE0
(1778533631.525905) can0 0000E009#0CE00CE00CE00CE2
(1778533631.526937) can0 0000E010#0000000000000000
(1778533631.527931) can0 0000E011#0000000000000000
(1778533631.528930) can0 0000E012#0CE1000100000000
(1778533631.529939) can0 0000F001#0000000000000000
(1778533631.530922) can0 18FF28F4#10330000020F0000
(1778533631.531904) can0 18FE28F4#0CE20CE039390000
(1778533631.532916) can0 18FD28F4#1527FA6F00000000
(1778533631.533817) can0 4D4#000033007D0F0203
(1778533631.534813) can0 4D5#E00CE20C39390000
(1778533631.535908) can0 18914010#0CE20B0CE0010000
(1778533631.536920) can0 18904010#020F0000753001FE
(1778533631.537901) can0 18FA28F4#373CA12C10270000
(1778533631.538900) can0 18FB28F4#E20CE00C39390000
(1778533631.539913) can0 18FC28F4#383300000F020000
(1778533631.540912) can0 18F810F3#0F02E80333640100
(1778533631.541919) can0 18F815F3#0000000010030000
(1778533631.542822) can0 273#000000000F023300
(1778533631.543823) can0 1E1#020F271001FE01FE
(1778533631.544835) can0 1F5#0000000000000000
(1778533631.545927) can0 0800A6A9#0000000000000000
(1778533631.546878) can0 1000A6A9#0F02881333434343
(1778533631.547909) can0 1C00A6A9#0000000000030000
(1778533631.548953) can0 02018100#1003020F00000000
(1778533631.549921) can0 02028100#0000003364000000
(1778533631.550914) can0 02038100#0CE2010B0CE00101
(1778533631.551908) can0 02048100#4301014301010000
(1778533631.636535) can0 0000E005#15273D0003B60591
(1778533631.637124) can0 1806E5F4#13EC010003B6023A
(1778533631.637879) can0 0000E000#13EC13EC020F0000
(1778533631.638859) can0 0000E004#111103B603B601E4
(1778533631.639859) can0 0000E006#0CE00CE00CE00CE0
(1778533631.640850) can0 0000E007#0CE00CE00CE00CE0
(1778533631.641902) can0 0000E008#0CE00CE00CE00CE0
(1778533631.642851) can0 0000E009#0CE00CE00CE00CE2
(1778533631.643883) can0 0000E010#0000000000000000
(1778533631.644876) can0 0000E011#0000000000000000
(1778533631.645876) can0 0000E012#0CE1000100000000
(1778533631.646837) can0 0000E013#4542323630354C43
(1778533631.647869) can0 0000E014#3134323300000000
(1778533631.648875) can0 0000E015#0000000000000003
(1778533631.649880) can0 0000F000#0000000000000000
(1778533631.650873) can0 0000F001#0000000000000000
(1778533631.651874) can0 18FF28F4#10330000020F0000
(1778533631.652829) can0 18FE28F4#0CE20CE039390000
(1778533631.653847) can0 18FD28F4#1527FA6F00000000
(1778533631.654764) can0 4D4#000033007D0F0203
(1778533631.655745) can0 4D5#E00CE20C39390000
(1778533631.656839) can0 18914010#0CE2100CE0010000
(1778533631.657852) can0 18904010#020F0000753001FE
(1778533631.658832) can0 18FA28F4#373CA12C10270000
(1778533631.659832) can0 18FB28F4#E20CE00C39390000
(1778533631.660855) can0 18FC28F4#383300000F020000
(1778533631.661825) can0 18F810F3#0F02E80333640100
(1778533631.662837) can0 18F811F3#E20C1001E00C0101
(1778533631.663856) can0 18F812F3#3901013901010000
(1778533631.664863) can0 18F813F3#0101000000000000
(1778533631.665849) can0 18F814F3#32000F19A9015F00
(1778533631.666861) can0 18F815F3#0000000010030000
(1778533631.667759) can0 273#000000000F023300
(1778533631.668752) can0 1E1#020F271001FE01FE
(1778533631.669783) can0 1F5#0000000000000000
(1778533631.670859) can0 0800A6A9#0000000000000000
(1778533631.671821) can0 1000A6A9#0F02881333434343
(1778533631.672850) can0 1C00A6A9#0000000000030000
(1778533631.673864) can0 02018100#1003020F00000000
(1778533631.674857) can0 02028100#0000003364000000
(1778533631.675838) can0 02038100#0CE201100CE00101
(1778533631.676827) can0 02048100#4301014301010000
(1778533631.734488) can0 0000E005#15273D0003B60591
(1778533631.735080) can0 1806E5F4#13EC010003B6023A
(1778533631.735833) can0 0000E000#13EC13EC020F0000
(1778533631.736813) can0 0000E004#111103B603B601E4
(1778533631.737813) can0 0000E006#0CE00CE00CE00CE0
(1778533631.738807) can0 0000E007#0CE00CE00CE00CE0
(1778533631.739807) can0 0000E008#0CE00CE00CE00CE0
(1778533631.740800) can0 0000E009#0CE00CE00CE00CE2
(1778533631.741849) can0 0000E010#0000000000000000
(1778533631.742829) can0 0000E011#0000000000000000
(1778533631.743823) can0 0000E012#0CE1000100000000
(1778533631.744838) can0 0000F001#0000000000000000
(1778533631.745822) can0 18FF28F4#10330000020F0000
(1778533631.746802) can0 18FE28F4#0CE20CE039390000
(1778533631.747815) can0 18FD28F4#1527FA6F00000000
(1778533631.748713) can0 4D4#000033007D0F0203
(1778533631.749712) can0 4D5#E00CE20C39390000
(1778533631.750807) can0 18914010#0CE2100CE0010000
(1778533631.751820) can0 18904010#020F0000753001FE
(1778533631.752795) can0 18FA28F4#373CA12C10270000
(1778533631.753793) can0 18FB28F4#E20CE00C39390000
(1778533631.754806) can0 18FC28F4#383300000F020000
(1778533631.755793) can0 18F810F3#0F02E80333640100
(1778533631.756818) can0 18F815F3#0000000010030000
(1778533631.757716) can0 273#000000000F023300
(1778533631.758715) can0 1E1#020F271001FE01FE
(1778533631.759728) can0 1F5#0000000000000000
(1778533631.760822) can0 0800A6A9#0000000000000000
(1778533631.761790) can0 1000A6A9#0F02881333434343
(1778533631.762802) can0 1C00A6A9#0000000000030000
(1778533631.763834) can0 02018100#1003020F00000000
(1778533631.764805) can0 02028100#0000003364000000
(1778533631.765789) can0 02038100#0CE201100CE00101
(1778533631.766801) can0 02048100#4301014301010000
(1778533631.834435) can0 0000E005#15273D0003B60591
(1778533631.835022) can0 1806E5F4#13EC010003B6023A
(1778533631.835785) can0 0000E000#13EC13EC020F0000
(1778533631.836747) can0 0000E004#111103B603B601E4
(1778533631.837747) can0 0000E006#0CE00CE00CE00CE0
(1778533631.838759) can0 0000E007#0CE00CE00CE00CE0
(1778533631.839759) can0 0000E008#0CE00CE00CE00CE0
(1778533631.840751) can0 0000E009#0CE00CE00CE00CE2
(1778533631.841783) can0 0000E010#0000000000000000
(1778533631.842773) can0 0000E011#0000000000000000
(1778533631.843763) can0 0000E012#0CE1000100000000
(1778533631.844788) can0 0000F001#0000000000000000
(1778533631.845768) can0 18FF28F4#10330000020F0000
(1778533631.846750) can0 18FE28F4#0CE20CE039390000
(1778533631.847749) can0 18FD28F4#1527FA6F00000000
(1778533631.848697) can0 4D4#000033007D0F0203
(1778533631.849646) can0 4D5#E00CE20C39390000
(1778533631.850754) can0 18914010#0CE2100CE0010000
(1778533631.851754) can0 18904010#020F0000753001FE
(1778533631.852734) can0 18FA28F4#373CA12C10270000
(1778533631.853746) can0 18FB28F4#E20CE00C39390000
(1778533631.854754) can0 18FC28F4#383300000F020000
(1778533631.855739) can0 18F810F3#0F02E80333640100
(1778533631.856802) can0 18F815F3#0000000010030000
(1778533631.857668) can0 273#000000000F023300
(1778533631.858646) can0 1E1#020F271001FE01FE
(1778533631.859681) can0 1F5#0000000000000000
(1778533631.860756) can0 0800A6A9#0000000000000000
(1778533631.861724) can0 1000A6A9#0F02881333434343
(1778533631.862755) can0 1C00A6A9#0000000000030000
(1778533631.863768) can0 02018100#1003020F00000000
(1778533631.864793) can0 02028100#0000003364000000
(1778533631.865741) can0 02038100#0CE201100CE00101
(1778533631.866733) can0 02048100#4301014301010000
(1778533631.934392) can0 0000E005#15273D0003B60591
(1778533631.934980) can0 1806E5F4#13EC010003B6023A
(1778533631.935719) can0 0000E000#13EC13EC020F0000
(1778533631.936698) can0 0000E004#111103B603B601E4
(1778533631.937699) can0 0000E006#0CE00CE00CE00CE0
(1778533631.938711) can0 0000E007#0CE00CE00CE20CE0
(1778533631.939712) can0 0000E008#0CE00CE00CE00CE0
(1778533631.940692) can0 0000E009#0CE00CE00CE00CE2
(1778533631.941786) can0 0000E010#0000000000000000
(1778533631.942735) can0 0000E011#0000000000000000
(1778533631.943716) can0 0000E012#0CE1000100000000
(1778533631.944739) can0 0000F001#0000000000000000
(1778533631.945728) can0 18FF28F4#10330000020F0000
(1778533631.946689) can0 18FE28F4#0CE20CE039390000
(1778533631.947702) can0 18FD28F4#1527FA6F00000000
(1778533631.948617) can0 4D4#000033007D0F0203
(1778533631.949650) can0 4D5#E00CE20C39390000
(1778533631.950694) can0 18914010#0CE2070CE0010000
(1778533631.951707) can0 18904010#020F0000753001FE
(1778533631.952687) can0 18FA28F4#373CA12C10270000
(1778533631.953686) can0 18FB28F4#E20CE00C39390000
(1778533631.954718) can0 18FC28F4#383300000F020000
(1778533631.955680) can0 18F810F3#0F02E80333640100
(1778533631.956719) can0 18F815F3#0000000010030000
(1778533631.957628) can0 273#000000000F023300
(1778533631.958609) can0 1E1#020F271001FE01FE
(1778533631.959640) can0 1F5#0000000000000000
(1778533631.960712) can0 0800A6A9#0000000000000000
(1778533631.961676) can0 1000A6A9#0F02881333434343
(1778533631.962708) can0 1C00A6A9#0000000000030000
(1778533631.963721) can0 02018100#1003020F00000000
(1778533631.964701) can0 02028100#0000003364000000
(1778533631.965700) can0 02038100#0CE201070CE00101
(1778533631.966694) can0 02048100#4301014301010000
(1778533632.034346) can0 0000E005#15273D0003B60591
(1778533632.034931) can0 1806E5F4#13EC010003B6023A
(1778533632.035672) can0 0000E000#13EC13EC020F0000
(1778533632.036659) can0 0000E004#111103B603B601E4
(1778533632.037652) can0 0000E006#0CE00CE00CE00CE0
(1778533632.038664) can0 0000E007#0CE00CE00CE20CE0
(1778533632.039646) can0 0000E008#0CE00CE00CE00CE0
(1778533632.040644) can0 0000E009#0CE00CE00CE00CE2
(1778533632.041689) can0 0000E010#0000000000000000
(1778533632.042688) can0 0000E011#0000000000000000
(1778533632.043669) can0 0000E012#0CE1000100000000
(1778533632.044681) can0 0000F001#0000000000000000
(1778533632.045674) can0 18FF28F4#10330000020F0000
(1778533632.046637) can0 18FE28F4#0CE20CE039390000
(1778533632.047655) can0 18FD28F4#1527FA6F00000000
(1778533632.048572) can0 4D4#000033007D0F0203
(1778533632.049552) can0 4D5#E00CE20C39390000
(1778533632.050644) can0 18914010#0CE2070CE0010000
(1778533632.051660) can0 18904010#020F0000753001FE
(1778533632.052640) can0 18FA28F4#373CA12C10270000
(1778533632.053640) can0 18FB28F4#E20CE00C39390000
(1778533632.054664) can0 18FC28F4#383300000F020000
(1778533632.055633) can0 18F810F3#0F02E80333640100
(1778533632.056676) can0 18F815F3#0000000010030000
(1778533632.057581) can0 273#000000000F023300
(1778533632.058557) can0 1E1#020F271001FE01FE
(1778533632.059587) can0 1F5#0000000000000000
(1778533632.060669) can0 0800A6A9#0000000000000000
(1778533632.061630) can0 1000A6A9#0F02881333434343
(1778533632.062655) can0 1C00A6A9#0000000000030000
(1778533632.063687) can0 02018100#1003020F00000000
(1778533632.064667) can0 02028100#0000003364000000
(1778533632.065648) can0 02038100#0CE201070CE00101
(1778533632.066647) can0 02048100#4301014301010000
(1778533632.151288) can0 0000E005#15273D0003B60591
(1778533632.151861) can0 1806E5F4#13EC010003B6023A
(1778533632.152632) can0 0000E000#13EC13EC020F0000
(1778533632.153595) can0 0000E004#111103B603B601E4
(1778533632.154612) can0 0000E006#0CE20CE00CE00CE0
(1778533632.155606) can0 0000E007#0CE00CE00CE20CE0
(1778533632.156624) can0 0000E008#0CE00CE00CE00CE0
(1778533632.157579) can0 0000E009#0CE00CE00CE00CE2
(1778533632.158630) can0 0000E010#0000000000000000
(1778533632.159629) can0 0000E011#0000000000000000
(1778533632.160610) can0 0000E012#0CE1000100000000
(1778533632.161572) can0 0000E013#4542323630354C43
(1778533632.162602) can0 0000E014#3134323300000000
(1778533632.163615) can0 0000E015#0000000000000003
(1778533632.164659) can0 0000F000#0000000000000000
(1778533632.165621) can0 0000F001#0000000000000000
(1778533632.166620) can0 18FF28F4#10330000020F0000
(1778533632.167588) can0 18FE28F4#0CE20CE039390000
(1778533632.168600) can0 18FD28F4#1527FA6F00000000
(1778533632.169512) can0 4D4#000033007D0F0203
(1778533632.170498) can0 4D5#E00CE20C39390000
(1778533632.171594) can0 18914010#0CE2010CE0020000
(1778533632.172637) can0 18904010#020F0000753001FE
(1778533632.173586) can0 18FA28F4#373CA12C10270000
(1778533632.174585) can0 18FB28F4#E20CE00C39390000
(1778533632.175611) can0 18FC28F4#383300000F020000
(1778533632.176578) can0 18F810F3#0F02E80333640100
(1778533632.177591) can0 18F811F3#E20C0101E00C0201
(1778533632.178590) can0 18F812F3#3901013901010000
(1778533632.179616) can0 18F813F3#0101000000000000
(1778533632.180623) can0 18F814F3#32000F19A9015F00
(1778533632.181608) can0 18F815F3#0000000010030000
(1778533632.182513) can0 273#000000000F023300
(1778533632.183506) can0 1E1#020F271001FE01FE
(1778533632.184531) can0 1F5#0000000000000000
(1778533632.185613) can0 0800A6A9#0000000000000000
(1778533632.186574) can0 1000A6A9#0F02881333434343
(1778533632.187599) can0 1C00A6A9#0000000000030000
(1778533632.188611) can0 02018100#1003020F00000000
(1778533632.189611) can0 02028100#0000003364000000
(1778533632.190591) can0 02038100#0CE201010CE00102
(1778533632.191585) can0 02048100#4301014301010000
(1778533632.249235) can0 0000E005#15273D0003B60591
(1778533632.249829) can0 1806E5F4#13EC010003B6023A
(1778533632.250581) can0 0000E000#13EC13EC020F0000
(1778533632.251549) can0 0000E004#111103B603B601E4
(1778533632.252561) can0 0000E006#0CE20CE00CE00CE0
(1778533632.253554) can0 0000E007#0CE00CE00CE20CE0
(1778533632.254554) can0 0000E008#0CE00CE00CE00CE0
(1778533632.255534) can0 0000E009#0CE00CE00CE00CE2
(1778533632.256577) can0 0000E010#0000000000000000
(1778533632.257623) can0 0000E011#0000000000000000
(1778533632.258558) can0 0000E012#0CE1000100000000
(1778533632.259590) can0 0000F001#0000000000000000
(1778533632.260561) can0 18FF28F4#10330000020F0000
(1778533632.261551) can0 18FE28F4#0CE20CE039390000
(1778533632.262544) can0 18FD28F4#1527FA6F00000000
(1778533632.263462) can0 4D4#000033007D0F0203
(1778533632.264442) can0 4D5#E00CE20C39390000
(1778533632.265556) can0 18914010#0CE2010CE0020000
(1778533632.266549) can0 18904010#020F0000753001FE
(1778533632.267530) can0 18FA28F4#373CA12C10270000
(1778533632.268541) can0 18FB28F4#E20CE00C39390000
(1778533632.269560) can0 18FC28F4#383300000F020000
(1778533632.270541) can0 18F810F3#0F02E80333640100
(1778533632.271566) can0 18F815F3#0000000010030000
(1778533632.272464) can0 273#000000000F023300
(1778533632.273451) can0 1E1#020F271001FE01FE
(1778533632.274476) can0 1F5#0000000000000000
(1778533632.275558) can0 0800A6A9#0000000000000000
(1778533632.276520) can0 1000A6A9#0F02881333434343
(1778533632.277551) can0 1C00A6A9#0000000000030000
(1778533632.278563) can0 02018100#1003020F00000000
(1778533632.279557) can0 02028100#0000003364000000
(1778533632.280537) can0 02038100#0CE201010CE00102
(1778533632.281550) can0 02048100#4301014301010000
(1778533632.349184) can0 0000E005#15273D0003B60591
(1778533632.349776) can0 1806E5F4#13EC010003B6023A
(1778533632.350526) can0 0000E000#13EC13EC020F0000
(1778533632.351496) can0 0000E004#111103B603B601E4
(1778533632.352508) can0 0000E006#0CE20CE00CE00CE0
(1778533632.353508) can0 0000E007#0CE00CE00CE20CE0
(1778533632.354508) can0 0000E008#0CE00CE00CE00CE0
(1778533632.355488) can0 0000E009#0CE00CE00CE00CE2
(1778533632.356532) can0 0000E010#0000000000000000
(1778533632.357525) can0 0000E011#0000000000000000
(1778533632.358506) can0 0000E012#0CE1000100000000
(1778533632.359538) can0 0000F001#0000000000000000
(1778533632.360518) can0 18FF28F4#10330000020F0000
(1778533632.361499) can0 18FE28F4#0CE20CE039390000
(1778533632.362491) can0 18FD28F4#1527FA6F00000000
(1778533632.363415) can0 4D4#000033007D0F0203
(1778533632.364396) can0 4D5#E00CE20C39390000
(1778533632.365491) can0 18914010#0CE2010CE0020000
(1778533632.366503) can0 18904010#020F0000753001FE
(1778533632.367484) can0 18FA28F4#373CA12C10270000
(1778533632.368496) can0 18FB28F4#E20CE00C39390000
(1778533632.369508) can0 18FC28F4#383300000F020000
(1778533632.370486) can0 18F810F3#0F02E80333640100
(1778533632.371539) can0 18F815F3#0000000010030000
(1778533632.372418) can0 273#000000000F023300
(1778533632.373399) can0 1E1#020F271001FE01FE
(1778533632.374424) can0 1F5#0000000000000000
(1778533632.375507) can0 0800A6A9#0000000000000000
(1778533632.376473) can0 1000A6A9#0F02881333434343
(1778533632.377505) can0 1C00A6A9#0000000000030000
(1778533632.378517) can0 02018100#1003020F00000000
(1778533632.379530) can0 02028100#0000003364000000
(1778533632.380491) can0 02038100#0CE201010CE00102
(1778533632.381503) can0 02048100#4301014301010000
(1778533632.449118) can0 0000E005#15273D0003B60591
(1778533632.449718) can0 1806E5F4#13EC010003B6023A
(1778533632.450489) can0 0000E000#13EC13EC020F0000
(1778533632.451450) can0 0000E004#111103B603B601E4
(1778533632.452439) can0 0000E006#0CE00CE00CE00CE0
(1778533632.453462) can0 0000E007#0CE00CE00CE00CE0
(1778533632.454455) can0 0000E008#0CE00CE00CE00CE0
(1778533632.455443) can0 0000E009#0CE00CE00CE00CE2
(1778533632.456518) can0 0000E010#0000000000000000
(1778533632.457479) can0 0000E011#0000000000000000
(1778533632.458460) can0 0000E012#0CE1000100000000
(1778533632.459492) can0 0000F001#0000000000000000
(1778533632.460466) can0 18FF28F4#10330000020F0000
(1778533632.461453) can0 18FE28F4#0CE20CE039390000
(1778533632.462452) can0 18FD28F4#1527FA6F00000000
(1778533632.463370) can0 4D4#000033007D0F0203
(1778533632.464373) can0 4D5#E00CE20C39390000
(1778533632.465457) can0 18914010#0CE2100CE0010000
(1778533632.466457) can0 18904010#020F0000753001FE
(1778533632.467451) can0 18FA28F4#373CA12C10270000
(1778533632.468449) can0 18FB28F4#E20CE00C39390000
(1778533632.469462) can0 18FC28F4#383300000F020000
(1778533632.470443) can0 18F810F3#0F02E80333640100
(1778533632.471475) can0 18F815F3#0000000010030000
(1778533632.472400) can0 273#000000000F023300
(1778533632.473353) can0 1E1#020F271001FE01FE
(1778533632.474384) can0 1F5#0000000000000000
(1778533632.475460) can0 0800A6A9#0000000000000000
(1778533632.476422) can0 1000A6A9#0F02881333434343
(1778533632.477453) can0 1C00A6A9#0000000000030000
(1778533632.478465) can0 02018100#1003020F00000000
(1778533632.479465) can0 02028100#0000003364000000
(1778533632.480489) can0 02038100#0CE201100CE00101
(1778533632.481457) can0 02048100#4301014301010000
(1778533632.549093) can0 0000E005#15273D0003B60591
(1778533632.549673) can0 1806E5F4#13EC010003B6023A
(1778533632.550423) can0 0000E000#13EC13EC020F0000
(1778533632.551405) can0 0000E004#111103B603B601E4
(1778533632.552404) can0 0000E006#0CE00CE00CE00CE0
(1778533632.553404) can0 0000E007#0CE00CE00CE00CE0
(1778533632.554406) can0 0000E008#0CE00CE00CE00CE0
(1778533632.555397) can0 0000E009#0CE00CE00CE00CE2
(1778533632.556440) can0 0000E010#0000000000000000
(1778533632.557484) can0 0000E011#0000000000000000
(1778533632.558421) can0 0000E012#0CE1000100000000
(1778533632.559433) can0 0000F001#0000000000000000
(1778533632.560426) can0 18FF28F4#10330000020F0000
(1778533632.561394) can0 18FE28F4#0CE20CE039390000
(1778533632.562403) can0 18FD28F4#1527FA6F00000000
(1778533632.563324) can0 4D4#000033007D0F0203
(1778533632.564304) can0 4D5#E00CE20C39390000
(1778533632.565450) can0 18914010#0CE2100CE0010000
(1778533632.566409) can0 18904010#020F0000753001FE
(1778533632.567392) can0 18FA28F4#373CA12C10270000
(1778533632.568391) can0 18FB28F4#E20CE00C39390000
(1778533632.569417) can0 18FC28F4#383300000F020000
(1778533632.570384) can0 18F810F3#0F02E80333640100
(1778533632.571429) can0 18F815F3#0000000010030000
(1778533632.572326) can0 273#000000000F023300
(1778533632.573307) can0 1E1#020F271001FE01FE
(1778533632.574337) can0 1F5#0000000000000000
(1778533632.575414) can0 0800A6A9#0000000000000000
(1778533632.576382) can0 1000A6A9#0F02881333434343
(1778533632.577413) can0 1C00A6A9#0000000000030000
(1778533632.578420) can0 02018100#1003020F00000000
(1778533632.579419) can0 02028100#0000003364000000
(1778533632.580399) can0 02038100#0CE201100CE00101
(1778533632.581393) can0 02048100#4301014301010000
(1778533632.666035) can0 0000E005#15273D0003B60591
(1778533632.666625) can0 1806E5F4#13EC010003B6023A
(1778533632.667378) can0 0000E000#13EC13EC020F0000
(1778533632.668345) can0 0000E004#111103B603B601E4
(1778533632.669338) can0 0000E006#0CE00CE00CE00CE0
(1778533632.670358) can0 0000E007#0CE00CE00CE00CE0
(1778533632.671351) can0 0000E008#0CE00CE00CE00CE0
(1778533632.672338) can0 0000E009#0CE00CE00CE00CE2
(1778533632.673375) can0 0000E010#0000000000000000
(1778533632.674375) can0 0000E011#0000000000000000
(1778533632.675356) can0 0000E012#0CE1000100000000
(1778533632.676323) can0 0000E013#4542323630354C43
(1778533632.677354) can0 0000E014#3134323300000000
(1778533632.678367) can0 0000E015#0000000000000003
(1778533632.679393) can0 0000F000#0000000000000000
(1778533632.680372) can0 0000F001#0000000000000000
(1778533632.681370) can0 18FF28F4#10330000020F0000
(1778533632.682334) can0 18FE28F4#0CE20CE039390000
(1778533632.683353) can0 18FD28F4#1527FA6F00000000
(1778533632.684263) can0 4D4#000033007D0F0203
(1778533632.685240) can0 4D5#E00CE20C39390000
(1778533632.686357) can0 18914010#0CE2100CE0010000
(1778533632.687370) can0 18904010#020F0000753001FE
(1778533632.688338) can0 18FA28F4#373CA12C10270000
(1778533632.689331) can0 18FB28F4#E20CE00C39390000
(1778533632.690362) can0 18FC28F4#383300000F020000
(1778533632.691324) can0 18F810F3#0F02E80333640100
(1778533632.692336) can0 18F811F3#E20C1001E00C0101
(1778533632.693336) can0 18F812F3#3901013901010000
(1778533632.694367) can0 18F813F3#0101000000000000
(1778533632.695361) can0 18F814F3#32000F19A9015F00
(1778533632.696360) can0 18F815F3#0000000010030000
(1778533632.697258) can0 273#000000000F023300
(1778533632.698257) can0 1E1#020F271001FE01FE
(1778533632.699263) can0 1F5#0000000000000000
(1778533632.700359) can0 0800A6A9#0000000000000000
(1778533632.701320) can0 1000A6A9#0F02881333434343
(1778533632.702351) can0 1C00A6A9#0000000000030000
(1778533632.703414) can0 02018100#1003020F00000000
(1778533632.704357) can0 02028100#0000003364000000
(1778533632.705331) can0 02038100#0CE201100CE00101
(1778533632.706337) can0 02048100#4301014301010000
(1778533632.763983) can0 0000E005#15273D0003B60591
(1778533632.764575) can0 1806E5F4#13EC010003B6023A
(1778533632.765324) can0 0000E000#13EC13EC020F0000
(1778533632.766307) can0 0000E004#111103B603B601E4
(1778533632.767307) can0 0000E006#0CE00CE00CE00CE0
(1778533632.768306) can0 0000E007#0CE00CE00CE00CE0
(1778533632.769299) can0 0000E008#0CE00CE00CE00CE0
(1778533632.770299) can0 0000E009#0CE00CE00CE00CE2
(1778533632.771343) can0 0000E010#0000000000000000
(1778533632.772374) can0 0000E011#0000000000000000
(1778533632.773319) can0 0000E012#0CE1000100000000
(1778533632.774335) can0 0000F001#0000000000000000
(1778533632.775316) can0 18FF28F4#10330000020F0000
(1778533632.776297) can0 18FE28F4#0CE20CE039390000
(1778533632.777303) can0 18FD28F4#1527FA6F00000000
(1778533632.778226) can0 4D4#000033007D0F0203
(1778533632.779207) can0 4D5#E00CE20C39390000
(1778533632.780346) can0 18914010#0CE2100CE0010000
(1778533632.781313) can0 18904010#020F0000753001FE
(1778533632.782294) can0 18FA28F4#373CA12C10270000
(1778533632.783294) can0 18FB28F4#E20CE00C39390000
(1778533632.784306) can0 18FC28F4#383300000F020000
(1778533632.785284) can0 18F810F3#0F02E80333640100
(1778533632.786312) can0 18F815F3#0000000010030000
(1778533632.787216) can0 273#000000000F023300
(1778533632.788260) can0 1E1#020F271001FE01FE
(1778533632.789222) can0 1F5#0000000000000000
(1778533632.790316) can0 0800A6A9#0000000000000000
(1778533632.791284) can0 1000A6A9#0F02881333434343
(1778533632.792309) can0 1C00A6A9#0000000000030000
(1778533632.793328) can0 02018100#1003020F00000000
(1778533632.794308) can0 02028100#0000003364000000
(1778533632.795302) can0 02038100#0CE201100CE00101
(1778533632.796301) can0 02048100#4301014301010000
(1778533632.863931) can0 0000E005#15273D0003B60591
(1778533632.864522) can0 1806E5F4#13EC010003B6023A
(1778533632.865331) can0 0000E000#13EC13EC020F0000
(1778533632.866261) can0 0000E004#111103B603B601E4
(1778533632.867253) can0 0000E006#0CE00CE00CE00CE0
(1778533632.868254) can0 0000E007#0CE00CE00CE00CE0
(1778533632.869253) can0 0000E008#0CE00CE00CE00CE0
(1778533632.870246) can0 0000E009#0CE00CE00CE00CE2
(1778533632.871297) can0 0000E010#0000000000000000
(1778533632.872290) can0 0000E011#0000000000000000
(1778533632.873271) can0 0000E012#0CE1000100000000
(1778533632.874283) can0 0000F001#0000000000000000
(1778533632.875279) can0 18FF28F4#10330000020F0000
(1778533632.876250) can0 18FE28F4#0CE20CE039390000
(1778533632.877263) can0 18FD28F4#1527FA6F00000000
(1778533632.878180) can0 4D4#000033007D0F0203
(1778533632.879156) can0 4D5#E00CE20C39390000
(1778533632.880250) can0 18914010#0CE2100CE0010000
(1778533632.881268) can0 18904010#020F0000753001FE
(1778533632.882248) can0 18FA28F4#373CA12C10270000
(1778533632.883241) can0 18FB28F4#E20CE00C39390000
(1778533632.884254) can0 18FC28F4#383300000F020000
(1778533632.885235) can0 18F810F3#0F02E80333640100
(1778533632.886285) can0 18F815F3#0000000010030000
(1778533632.887163) can0 273#000000000F023300
(1778533632.888164) can0 1E1#020F271001FE01FE
(1778533632.889195) can0 1F5#0000000000000000
(1778533632.890266) can0 0800A6A9#0000000000000000
(1778533632.891238) can0 1000A6A9#0F02881333434343
(1778533632.892264) can0 1C00A6A9#0000000000030000
(1778533632.893276) can0 02018100#1003020F00000000
(1778533632.894256) can0 02028100#0000003364000000
(1778533632.895256) can0 02038100#0CE201100CE00101
(1778533632.896249) can0 02048100#4301014301010000
(1778533632.963891) can0 0000E005#15273D0003B60591
(1778533632.964479) can0 1806E5F4#13EC010003B6023A
(1778533632.965234) can0 0000E000#13EC13EC020F0000
(1778533632.966202) can0 0000E004#111103B603B601E4
(1778533632.967214) can0 0000E006#0CE00CE00CE00CE0
(1778533632.968205) can0 0000E007#0CE00CE00CE00CE0
(1778533632.969207) can0 0000E008#0CE00CE20CE20CE0
(1778533632.970207) can0 0000E009#0CE00CE00CE00CE2
(1778533632.971251) can0 0000E010#0000000000000000
(1778533632.972232) can0 0000E011#0000000000000000
(1778533632.973225) can0 0000E012#0CE1000100000000
(1778533632.974244) can0 0000F001#0000000000000000
(1778533632.975224) can0 18FF28F4#10330000020F0000
(1778533632.976201) can0 18FE28F4#0CE20CE039390000
(1778533632.977217) can0 18FD28F4#1527FA6F00000000
(1778533632.978134) can0 4D4#000033007D0F0203
(1778533632.979108) can0 4D5#E00CE20C39390000
(1778533632.980200) can0 18914010#0CE20A0CE0010000
(1778533632.981222) can0 18904010#020F0000753001FE
(1778533632.982202) can0 18FA28F4#373CA12C10270000
(1778533632.983195) can0 18FB28F4#E20CE00C39390000
(1778533632.984208) can0 18FC28F4#383300000F020000
(1778533632.985194) can0 18F810F3#0F02E80333640100
(1778533632.986220) can0 18F815F3#0000000010030000
(1778533632.987137) can0 273#000000000F023300
(1778533632.988113) can0 1E1#020F271001FE01FE
(1778533632.989149) can0 1F5#0000000000000000
(1778533632.990224) can0 0800A6A9#0000000000000000
(1778533632.991192) can0 1000A6A9#0F02881333434343
(1778533632.992218) can0 1C00A6A9#0000000000030000
(1778533632.993230) can0 02018100#1003020F00000000
(1778533632.994210) can0 02028100#0000003364000000
(1778533632.995229) can0 02038100#0CE2010A0CE00101
(1778533632.996203) can0 02048100#4301014301010000
(1778533633.063837) can0 0000E005#15273D0003B60591
(1778533633.064431) can0 1806E5F4#13EC010003B6023A
(1778533633.065182) can0 0000E000#13EC13EC020F0000
(1778533633.066165) can0 0000E004#111103B603B601E4
(1778533633.067162) can0 0000E006#0CE00CE00CE00CE0
(1778533633.068162) can0 0000E007#0CE00CE00CE00CE0
(1778533633.069156) can0 0000E008#0CE00CE20CE20CE0
(1778533633.070149) can0 0000E009#0CE00CE00CE00CE2
(1778533633.071186) can0 0000E010#0000000000000000
(1778533633.072211) can0 0000E011#0000000000000000
(1778533633.073179) can0 0000E012#0CE1000100000000
(1778533633.074191) can0 0000F001#0000000000000000
(1778533633.075172) can0 18FF28F4#10330000020F0000
(1778533633.076153) can0 18FE28F4#0CE20CE039390000
(1778533633.077165) can0 18FD28F4#1527FA6F00000000
(1778533633.078077) can0 4D4#000033007D0F0203
(1778533633.079069) can0 4D5#E00CE20C39390000
(1778533633.080189) can0 18914010#0CE20A0CE0010000
(1778533633.081170) can0 18904010#020F0000753001FE
(1778533633.082144) can0 18FA28F4#373CA12C10270000
(1778533633.083143) can0 18FB28F4#E20CE00C39390000
(1778533633.084163) can0 18FC28F4#383300000F020000
(1778533633.085143) can0 18F810F3#0F02E80333640100
(1778533633.086168) can0 18F815F3#0000000010030000
(1778533633.087066) can0 273#000000000F023300
(1778533633.088117) can0 1E1#020F271001FE01FE
(1778533633.089097) can0 1F5#0000000000000000
(1778533633.090171) can0 0800A6A9#0000000000000000
(1778533633.091140) can0 1000A6A9#0F02881333434343
(1778533633.092166) can0 1C00A6A9#0000000000030000
(1778533633.093178) can0 02018100#1003020F00000000
(1778533633.094155) can0 02028100#0000003364000000
(1778533633.095158) can0 02038100#0CE2010A0CE00101
(1778533633.096202) can0 02048100#4301014301010000
(1778533633.180774) can0 0000E005#15273D0003B60591
(1778533633.181367) can0 1806E5F4#13EC010003B6023A
(1778533633.182124) can0 0000E000#13EC13EC020F0000
(1778533633.183105) can0 0000E004#111103B603B601E4
(1778533633.184099) can0 0000E006#0CE00CE00CE00CE0
(1778533633.185089) can0 0000E007#0CE00CE00CE00CE0
(1778533633.186110) can0 0000E008#0CE20CE00CE00CE0
(1778533633.187091) can0 0000E009#0CE00CE00CE00CE2
(1778533633.188135) can0 0000E010#0000000000000000
(1778533633.189126) can0 0000E011#0000000000000000
(1778533633.190115) can0 0000E012#0CE1000100000000
(1778533633.191076) can0 0000E013#4542323630354C43
(1778533633.192108) can0 0000E014#3134323300000000
(1778533633.193120) can0 0000E015#0000000000000003
(1778533633.194133) can0 0000F000#0000000000000000
(1778533633.195132) can0 0000F001#0000000000000000
(1778533633.196126) can0 18FF28F4#10330000020F0000
(1778533633.197092) can0 18FE28F4#0CE20CE039390000
(1778533633.198106) can0 18FD28F4#1527FA6F00000000
(1778533633.199023) can0 4D4#000033007D0F0203
(1778533633.200023) can0 4D5#E00CE20C39390000
(1778533633.201091) can0 18914010#0CE2090CE0010000
(1778533633.202111) can0 18904010#020F0000753001FE
(1778533633.203091) can0 18FA28F4#373CA12C10270000
(1778533633.204084) can0 18FB28F4#E20CE00C39390000
(1778533633.205116) can0 18FC28F4#383300000F020000
(1778533633.206077) can0 18F810F3#0F02E80333640100
(1778533633.207096) can0 18F811F3#E20C0901E00C0101
(1778533633.208090) can0 18F812F3#3901013901010000
(1778533633.209118) can0 18F813F3#0101000000000000
(1778533633.210101) can0 18F814F3#32000F19A9015F00
(1778533633.211113) can0 18F815F3#0000000010030000
(1778533633.212018) can0 273#000000000F023300
(1778533633.213018) can0 1E1#020F271001FE01FE
(1778533633.214036) can0 1F5#0000000000000000
(1778533633.215112) can0 0800A6A9#0000000000000000
(1778533633.216074) can0 1000A6A9#0F02881333434343
(1778533633.217105) can0 1C00A6A9#0000000000030000
(1778533633.218130) can0 02018100#1003020F00000000
(1778533633.219111) can0 02028100#0000003364000000
(1778533633.220092) can0 02038100#0CE201090CE00101
(1778533633.221083) can0 02048100#4301014301010000
(1778533633.278731) can0 0000E005#15273D0003B60591
(1778533633.279317) can0 1806E5F4#13EC010003B6023A
(1778533633.280074) can0 0000E000#13EC13EC020F0000
(1778533633.281053) can0 0000E004#111103B603B601E4
(1778533633.282055) can0 0000E006#0CE00CE00CE00CE0
(1778533633.283054) can0 0000E007#0CE00CE00CE00CE0
(1778533633.284067) can0 0000E008#0CE20CE00CE00CE0
(1778533633.285047) can0 0000E009#0CE00CE00CE00CE2
(1778533633.286091) can0 0000E010#0000000000000000
(1778533633.287103) can0 0000E011#0000000000000000
(1778533633.288072) can0 0000E012#0CE1000100000000
(1778533633.289079) can0 0000F001#0000000000000000
(1778533633.290077) can0 18FF28F4#10330000020F0000
(1778533633.291045) can0 18FE28F4#0CE20CE039390000
(1778533633.292058) can0 18FD28F4#1527FA6F00000000
(1778533633.292987) can0 4D4#000033007D0F0203
(1778533633.293986) can0 4D5#E00CE20C39390000
(1778533633.295075) can0 18914010#0CE2090CE0010000
(1778533633.296056) can0 18904010#020F0000753001FE
(1778533633.297036) can0 18FA28F4#373CA12C10270000
(1778533633.298055) can0 18FB28F4#E20CE00C39390000
(1778533633.299067) can0 18FC28F4#383300000F020000
(1778533633.300048) can0 18F810F3#0F02E80333640100
(1778533633.301075) can0 18F815F3#0000000010030000
(1778533633.301984) can0 273#000000000F023300
(1778533633.302983) can0 1E1#020F271001FE01FE
(1778533633.303983) can0 1F5#0000000000000000
(1778533633.305059) can0 0800A6A9#0000000000000000
(1778533633.306033) can0 1000A6A9#0F02881333434343
(1778533633.307064) can0 1C00A6A9#0000000000030000
(1778533633.308077) can0 02018100#1003020F00000000
(1778533633.309057) can0 02028100#0000003364000000
(1778533633.310056) can0 02038100#0CE201090CE00101
(1778533633.311081) can0 02048100#4301014301010000
(1778533633.378692) can0 0000E005#15273D0003B60591
(1778533633.379280) can0 1806E5F4#13EC010003B6023A
(1778533633.380074) can0 0000E000#13EC13EC020F0000
(1778533633.381023) can0 0000E004#111103B603B601E4
(1778533633.382016) can0 0000E006#0CE00CE00CE00CE0
(1778533633.383014) can0 0000E007#0CE00CE00CE00CE0
(1778533633.384016) can0 0000E008#0CE20CE00CE00CE0
(1778533633.385008) can0 0000E009#0CE00CE00CE00CE2
(1778533633.386040) can0 0000E010#0000000000000000
(1778533633.387033) can0 0000E011#0000000000000000
(1778533633.388052) can0 0000E012#0CE1000100000000
(1778533633.389045) can0 0000F001#0000000000000000
(1778533633.390026) can0 18FF28F4#10330000020F0000
(1778533633.391003) can0 18FE28F4#0CE20CE039390000
(1778533633.392019) can0 18FD28F4#1527FA6F00000000
(1778533633.392948) can0 4D4#000033007D0F0203
(1778533633.393948) can0 4D5#E00CE20C39390000
(1778533633.395001) can0 18914010#0CE2090CE0010000
(1778533633.396056) can0 18904010#020F0000753001FE
(1778533633.397004) can0 18FA28F4#373CA12C10270000
(1778533633.398004) can0 18FB28F4#E20CE00C39390000
(1778533633.399016) can0 18FC28F4#383300000F020000
(1778533633.399997) can0 18F810F3#0F02E80333640100
(1778533633.401028) can0 18F815F3#0000000010030000
(1778533633.401945) can0 273#000000000F023300
(1778533633.402945) can0 1E1#020F271001FE01FE
(1778533633.403945) can0 1F5#0000000000000000
(1778533633.405027) can0 0800A6A9#0000000000000000
(1778533633.405988) can0 1000A6A9#0F02881333434343
(1778533633.407020) can0 1C00A6A9#0000000000030000
(1778533633.408032) can0 02018100#1003020F00000000
(1778533633.409012) can0 02028100#0000003364000000
(1778533633.410012) can0 02038100#0CE201090CE00101
(1778533633.411005) can0 02048100#4301014301010000
(1778533633.478641) can0 0000E005#15273D0003B60591
(1778533633.479233) can0 1806E5F4#13EC010003B6023A
(1778533633.479985) can0 0000E000#13EC13EC020F0000
(1778533633.480961) can0 0000E004#111103B603B601E4
(1778533633.481965) can0 0000E006#0CE00CE00CE00CE0
(1778533633.482958) can0 0000E007#0CE00CE00CE00CE2
(1778533633.483971) can0 0000E008#0CE20CE00CE00CE0
(1778533633.484952) can0 0000E009#0CE00CE00CE00CE2
(1778533633.485996) can0 0000E010#0000000000000000
(1778533633.486995) can0 0000E011#0000000000000000
(1778533633.487976) can0 0000E012#0CE1000100000000
(1778533633.488988) can0 0000F001#0000000000000000
(1778533633.489988) can0 18FF28F4#10330000020F0000
(1778533633.490949) can0 18FE28F4#0CE20CE039390000
(1778533633.491961) can0 18FD28F4#1527FA6F00000000
(1778533633.492910) can0 4D4#000033007D0F0203
(1778533633.493910) can0 4D5#E00CE20C39390000
(1778533633.494960) can0 18914010#0CE2080CE0010000
(1778533633.495979) can0 18904010#020F0000753001FE
(1778533633.496955) can0 18FA28F4#373CA12C10270000
(1778533633.497953) can0 18FB28F4#E20CE00C39390000
(1778533633.498965) can0 18FC28F4#383300000F020000
(1778533633.499946) can0 18F810F3#0F02E80333640100
(1778533633.500977) can0 18F815F3#0000000010030000
(1778533633.501906) can0 273#000000000F023300
(1778533633.502906) can0 1E1#020F271001FE01FE
(1778533633.503906) can0 1F5#0000000000000000
(1778533633.504967) can0 0800A6A9#0000000000000000
(1778533633.505937) can0 1000A6A9#0F02881333434343
(1778533633.506968) can0 1C00A6A9#0000000000030000
(1778533633.507981) can0 02018100#1003020F00000000
(1778533633.508958) can0 02028100#0000003364000000
(1778533633.509975) can0 02038100#0CE201080CE00101
(1778533633.510954) can0 02048100#4301014301010000
(1778533633.578586) can0 0000E005#15273D0003B60591
(1778533633.579182) can0 1806E5F4#13EC010003B6023A
(1778533633.579935) can0 0000E000#13EC13EC020F0000
(1778533633.580915) can0 0000E004#111103B603B601E4
(1778533633.581914) can0 0000E006#0CE00CE00CE00CE0
(1778533633.582906) can0 0000E007#0CE00CE00CE00CE2
(1778533633.583920) can0 0000E008#0CE20CE00CE00CE0
(1778533633.584900) can0 0000E009#0CE00CE00CE00CE2
(1778533633.585951) can0 0000E010#0000000000000000
(1778533633.586959) can0 0000E011#0000000000000000
(1778533633.587925) can0 0000E012#0CE1000100000000
(1778533633.588956) can0 0000F001#0000000000000000
(1778533633.589936) can0 18FF28F4#10330000020F0000
(1778533633.590917) can0 18FE28F4#0CE20CE039390000
(1778533633.591917) can0 18FD28F4#1527FA6F00000000
(1778533633.592872) can0 4D4#000033007D0F0203
(1778533633.593871) can0 4D5#E00CE20C39390000
(1778533633.594925) can0 18914010#0CE2080CE0010000
(1778533633.595928) can0 18904010#020F0000753001FE
(1778533633.596908) can0 18FA28F4#373CA12C10270000
(1778533633.597902) can0 18FB28F4#E20CE00C39390000
(1778533633.598916) can0 18FC28F4#383300000F020000
(1778533633.599895) can0 18F810F3#0F02E80333640100
(1778533633.600945) can0 18F815F3#0000000010030000
(1778533633.601868) can0 273#000000000F023300
(1778533633.602868) can0 1E1#020F271001FE01FE
(1778533633.603868) can0 1F5#0000000000000000
(1778533633.604924) can0 0800A6A9#0000000000000000
(1778533633.605886) can0 1000A6A9#0F02881333434343
(1778533633.606912) can0 1C00A6A9#0000000000030000
(1778533633.607930) can0 02018100#1003020F00000000
(1778533633.608929) can0 02028100#0000003364000000
(1778533633.609919) can0 02038100#0CE201080CE00101
(1778533633.610935) can0 02048100#4301014301010000
(1778533633.695551) can0 0000E005#15273D0003B60591
(1778533633.696137) can0 1806E5F4#13EC010003B6023A
(1778533633.696895) can0 0000E000#13EC13EC020F0000
(1778533633.697876) can0 0000E004#111103B603B601E4
(1778533633.698869) can0 0000E006#0CE00CE00CE00CE2
(1778533633.699869) can0 0000E007#0CE00CE00CE00CE0
(1778533633.700862) can0 0000E008#0CE20CE00CE20CE2
(1778533633.701862) can0 0000E009#0CE00CE00CE00CE2
(1778533633.702893) can0 0000E010#0000000000000000
(1778533633.703937) can0 0000E011#0000000000000000
(1778533633.704867) can0 0000E012#0CE1000100000000
(1778533633.705848) can0 0000E013#4542323630354C43
(1778533633.706866) can0 0000E014#3134323300000000
(1778533633.707891) can0 0000E015#0000000000000003
(1778533633.708891) can0 0000F000#0000000000000000
(1778533633.709884) can0 0000F001#0000000000000000
(1778533633.710884) can0 18FF28F4#10330000020F0000
(1778533633.711846) can0 18FE28F4#0CE20CE039390000
(1778533633.712857) can0 18FD28F4#1527FA6F00000000
(1778533633.713825) can0 4D4#000033007D0F0203
(1778533633.714753) can0 4D5#E00CE20C39390000
(1778533633.715864) can0 18914010#0CE2040CE0010000
(1778533633.716856) can0 18904010#020F0000753001FE
(1778533633.717862) can0 18FA28F4#373CA12C10270000
(1778533633.718855) can0 18FB28F4#E20CE00C39390000
(1778533633.719868) can0 18FC28F4#383300000F020000
(1778533633.720848) can0 18F810F3#0F02E80333640100
(1778533633.721867) can0 18F811F3#E20C0401E00C0101
(1778533633.722860) can0 18F812F3#3901013901010000
(1778533633.723879) can0 18F813F3#0101000000000000
(1778533633.724852) can0 18F814F3#32000F19A9015F00
(1778533633.725871) can0 18F815F3#0000000010030000
(1778533633.726820) can0 273#000000000F023300
(1778533633.727755) can0 1E1#020F271001FE01FE
(1778533633.728820) can0 1F5#0000000000000000
(1778533633.729876) can0 0800A6A9#0000000000000000
(1778533633.730844) can0 1000A6A9#0F02881333434343
(1778533633.731857) can0 1C00A6A9#0000000000030000
(1778533633.732881) can0 02018100#1003020F00000000
(1778533633.733862) can0 02028100#0000003364000000
(1778533633.734855) can0 02038100#0CE201040CE00101
(1778533633.735855) can0 02048100#4301014301010000
(1778533633.793490) can0 0000E005#15273D0003B60591
(1778533633.794081) can0 1806E5F4#13EC010003B6023A
(1778533633.794833) can0 0000E000#13EC13EC020F0000
(1778533633.795813) can0 0000E004#111103B603B601E4
(1778533633.796824) can0 0000E006#0CE00CE00CE00CE2
(1778533633.797825) can0 0000E007#0CE00CE00CE00CE0
(1778533633.798824) can0 0000E008#0CE20CE00CE20CE2
(1778533633.799806) can0 0000E009#0CE00CE00CE00CE2
(1778533633.800849) can0 0000E010#0000000000000000
(1778533633.801849) can0 0000E011#0000000000000000
(1778533633.802829) can0 0000E012#0CE1000100000000
(1778533633.803855) can0 0000F001#0000000000000000
(1778533633.804836) can0 18FF28F4#10330000020F0000
(1778533633.805816) can0 18FE28F4#0CE20CE039390000
(1778533633.806834) can0 18FD28F4#1527FA6F00000000
(1778533633.807725) can0 4D4#000033007D0F0203
(1778533633.808704) can0 4D5#E00CE20C39390000
(1778533633.809820) can0 18914010#0CE2040CE0010000
(1778533633.810820) can0 18904010#020F0000753001FE
(1778533633.811814) can0 18FA28F4#373CA12C10270000
(1778533633.812814) can0 18FB28F4#E20CE00C39390000
(1778533633.813825) can0 18FC28F4#383300000F020000
(1778533633.814805) can0 18F810F3#0F02E80333640100
(1778533633.815838) can0 18F815F3#0000000010030000
(1778533633.816786) can0 273#000000000F023300
(1778533633.817726) can0 1E1#020F271001FE01FE
(1778533633.818785) can0 1F5#0000000000000000
(1778533633.819836) can0 0800A6A9#0000000000000000
(1778533633.820792) can0 1000A6A9#0F02881333434343
(1778533633.821828) can0 1C00A6A9#0000000000030000
(1778533633.822841) can0 02018100#1003020F00000000
(1778533633.823822) can0 02028100#0000003364000000
(1778533633.824815) can0 02038100#0CE201040CE00101
(1778533633.825827) can0 02048100#4301014301010000
(1778533633.893450) can0 0000E005#15273D0003B60591
(1778533633.894042) can0 1806E5F4#13EC010003B6023A
(1778533633.894810) can0 0000E000#13EC13EC020F0000
(1778533633.895775) can0 0000E004#111103B603B601E4
(1778533633.896774) can0 0000E006#0CE00CE00CE00CE2
(1778533633.897768) can0 0000E007#0CE00CE00CE00CE0
(1778533633.898762) can0 0000E008#0CE20CE00CE20CE2
(1778533633.899761) can0 0000E009#0CE00CE00CE00CE2
(1778533633.900811) can0 0000E010#0000000000000000
(1778533633.901804) can0 0000E011#0000000000000000
(1778533633.902804) can0 0000E012#0CE1000100000000
(1778533633.903798) can0 0000F001#0000000000000000
(1778533633.904797) can0 18FF28F4#10330000020F0000
(1778533633.905758) can0 18FE28F4#0CE20CE039390000
(1778533633.906775) can0 18FD28F4#1527FA6F00000000
(1778533633.907691) can0 4D4#000033007D0F0203
(1778533633.908665) can0 4D5#E00CE20C39390000
(1778533633.909763) can0 18914010#0CE2040CE0010000
(1778533633.910789) can0 18904010#020F0000753001FE
(1778533633.911763) can0 18FA28F4#373CA12C10270000
(1778533633.912755) can0 18FB28F4#E20CE00C39390000
(1778533633.913787) can0 18FC28F4#383300000F020000
(1778533633.914748) can0 18F810F3#0F02E80333640100
(1778533633.915780) can0 18F815F3#0000000010030000
(1778533633.916676) can0 273#000000000F023300
(1778533633.917675) can0 1E1#020F271001FE01FE
(1778533633.918749) can0 1F5#0000000000000000
(1778533633.919786) can0 0800A6A9#0000000000000000
(1778533633.920746) can0 1000A6A9#0F02881333434343
(1778533633.921779) can0 1C00A6A9#0000000000030000
(1778533633.922792) can0 02018100#1003020F00000000
(1778533633.923790) can0 02028100#0000003364000000
(1778533633.924770) can0 02038100#0CE201040CE00101
(1778533633.925763) can0 02048100#4301014301010000
(1778533633.993399) can0 0000E005#15273D0003B60591
(1778533633.993991) can0 1806E5F4#13EC010003B6023A
(1778533633.994743) can0 0000E000#13EC13EC020F0000
(1778533633.995756) can0 0000E004#111103B603B601E4
(1778533633.996717) can0 0000E006#0CE00CE00CE00CE0
(1778533633.997716) can0 0000E007#0CE00CE00CE00CE0
(1778533633.998716) can0 0000E008#0CE00CE00CE00CE0
(1778533633.999716) can0 0000E009#0CE00CE00CE00CE2
(1778533634.000754) can0 0000E010#0000000000000000
(1778533634.001759) can0 0000E011#0000000000000000
(1778533634.002740) can0 0000E012#0CE1000100000000
(1778533634.003804) can0 0000F001#0000000000000000
(1778533634.004752) can0 18FF28F4#10330000020F0000
(1778533634.005713) can0 18FE28F4#0CE20CE039390000
(1778533634.006726) can0 18FD28F4#1527FA6F00000000
(1778533634.007642) can0 4D4#000033007D0F0203
(1778533634.008616) can0 4D5#E00CE20C39390000
(1778533634.009731) can0 18914010#0CE2100CE0010000
(1778533634.010731) can0 18904010#020F0000753001FE
(1778533634.011763) can0 18FA28F4#373CA12C10270000
(1778533634.012711) can0 18FB28F4#E20CE00C39390000
(1778533634.013736) can0 18FC28F4#383300000F020000
(1778533634.014710) can0 18F810F3#0F02E80333640100
(1778533634.015749) can0 18F815F3#0000000010030000
(1778533634.016645) can0 273#000000000F023300
(1778533634.017624) can0 1E1#020F271001FE01FE
(1778533634.018709) can0 1F5#0000000000000000
(1778533634.019747) can0 0800A6A9#0000000000000000
(1778533634.020708) can0 1000A6A9#0F02881333434343
(1778533634.021720) can0 1C00A6A9#0000000000030000
(1778533634.022752) can0 02018100#1003020F00000000
(1778533634.023733) can0 02028100#0000003364000000
(1778533634.024706) can0 02038100#0CE201100CE00101
(1778533634.025725) can0 02048100#4301014301010000
(1778533634.093361) can0 0000E005#15273D0003B60591
(1778533634.093954) can0 1806E5F4#13EC010003B6023A
(1778533634.094706) can0 0000E000#13EC13EC020F0000
(1778533634.095681) can0 0000E004#111103B603B601E4
(1778533634.096679) can0 0000E006#0CE00CE00CE00CE0
(1778533634.097680) can0 0000E007#0CE00CE00CE00CE0
(1778533634.098679) can0 0000E008#0CE00CE00CE00CE0
(1778533634.099679) can0 0000E009#0CE00CE00CE00CE2
(1778533634.100723) can0 0000E010#0000000000000000
(1778533634.101716) can0 0000E011#0000000000000000
(1778533634.102693) can0 0000E012#0CE1000100000000
(1778533634.103709) can0 0000F001#0000000000000000
(1778533634.104696) can0 18FF28F4#10330000020F0000
(1778533634.105676) can0 18FE28F4#0CE20CE039390000
(1778533634.106683) can0 18FD28F4#1527FA6F00000000
(1778533634.107585) can0 4D4#000033007D0F0203
(1778533634.108577) can0 4D5#E00CE20C39390000
(1778533634.109675) can0 18914010#0CE2100CE0010000
(1778533634.110690) can0 18904010#020F0000753001FE
(1778533634.111675) can0 18FA28F4#373CA12C10270000
(1778533634.112674) can0 18FB28F4#E20CE00C39390000
(1778533634.113680) can0 18FC28F4#383300000F020000
(1778533634.114673) can0 18F810F3#0F02E80333640100
(1778533634.115705) can0 18F815F3#0000000010030000
(1778533634.116589) can0 273#000000000F023300
(1778533634.117581) can0 1E1#020F271001FE01FE
(1778533634.118611) can0 1F5#0000000000000000
(1778533634.119697) can0 0800A6A9#0000000000000000
(1778533634.120671) can0 1000A6A9#0F02881333434343
(1778533634.121690) can0 1C00A6A9#0000000000030000
(1778533634.122693) can0 02018100#1003020F00000000
(1778533634.123694) can0 02028100#0000003364000000
(1778533634.124677) can0 02038100#0CE201100CE00101
(1778533634.125688) can0 02048100#4301014301010000
(1778533634.210299) can0 0000E005#15273D0003B60591
(1778533634.210892) can0 1806E5F4#13EC010003B6023A
(1778533634.211644) can0 0000E000#13EC13EC020F0000
(1778533634.212637) can0 0000E004#111103B603B601E4
(1778533634.213636) can0 0000E006#0CE00CE00CE00CE0
(1778533634.214636) can0 0000E007#0CE00CE00CE20CE0
(1778533634.215636) can0 0000E008#0CE00CE00CE00CE0
(1778533634.216635) can0 0000E009#0CE00CE00CE00CE2
(1778533634.217650) can0 0000E010#0000000000000000
(1778533634.218685) can0 0000E011#0000000000000000
(1778533634.219647) can0 0000E012#0CE1000100000000
(1778533634.220634) can0 0000E013#4542323630354C43
(1778533634.221633) can0 0000E014#3134323300000000
(1778533634.222652) can0 0000E015#0000000000000003
(1778533634.223665) can0 0000F000#0000000000000000
(1778533634.224664) can0 0000F001#0000000000000000
(1778533634.225645) can0 18FF28F4#10330000020F0000
(1778533634.226657) can0 18FE28F4#0CE20CE039390000
(1778533634.227632) can0 18FD28F4#1527FA6F00000000
(1778533634.228534) can0 4D4#000033007D0F0203
(1778533634.229512) can0 4D5#E00CE20C39390000
(1778533634.230630) can0 18914010#0CE2070CE0010000
(1778533634.231630) can0 18904010#020F0000753001FE
(1778533634.232629) can0 18FA28F4#373CA12C10270000
(1778533634.233629) can0 18FB28F4#E20CE00C39390000
(1778533634.234679) can0 18FC28F4#383300000F020000
(1778533634.235629) can0 18F810F3#0F02E80333640100
(1778533634.236628) can0 18F811F3#E20C0701E00C0101
(1778533634.237627) can0 18F812F3#3901013901010000
(1778533634.238646) can0 18F813F3#0101000000000000
(1778533634.239627) can0 18F814F3#32000F19A9015F00
(1778533634.240639) can0 18F815F3#0000000010030000
(1778533634.241533) can0 273#000000000F023300
(1778533634.242536) can0 1E1#020F271001FE01FE
(1778533634.243540) can0 1F5#0000000000000000
(1778533634.244638) can0 0800A6A9#0000000000000000
(1778533634.245624) can0 1000A6A9#0F02881333434343
(1778533634.246624) can0 1C00A6A9#0000000000030000
(1778533634.247643) can0 02018100#1003020F00000000
(1778533634.248636) can0 02028100#0000003364000000
(1778533634.249623) can0 02038100#0CE201070CE00101
(1778533634.250622) can0 02048100#4301014301010000
(1778533634.308262) can0 0000E005#15273D0003B60591
(1778533634.308849) can0 1806E5F4#13EC010003B6023A
(1778533634.309601) can0 0000E000#13EC13EC020F0000
(1778533634.310601) can0 0000E004#111103B603B601E4
(1778533634.311632) can0 0000E006#0CE00CE00CE00CE0
(1778533634.312600) can0 0000E007#0CE00CE00CE20CE0
(1778533634.313599) can0 0000E008#0CE00CE00CE00CE0
(1778533634.314599) can0 0000E009#0CE00CE00CE00CE2
(1778533634.315611) can0 0000E010#0000000000000000
(1778533634.316611) can0 0000E011#0000000000000000
(1778533634.317597) can0 0000E012#0CE1000100000000
(1778533634.318616) can0 0000F001#0000000000000000
(1778533634.319597) can0 18FF28F4#10330000020F0000
(1778533634.320596) can0 18FE28F4#0CE20CE039390000
(1778533634.321596) can0 18FD28F4#1527FA6F00000000
(1778533634.322492) can0 4D4#000033007D0F0203
(1778533634.323484) can0 4D5#E00CE20C39390000
(1778533634.324595) can0 18914010#0CE2070CE0010000
(1778533634.325595) can0 18904010#020F0000753001FE
(1778533634.326595) can0 18FA28F4#373CA12C10270000
(1778533634.327594) can0 18FB28F4#E20CE00C39390000
(1778533634.328593) can0 18FC28F4#383300000F020000
(1778533634.329593) can0 18F810F3#0F02E80333640100
(1778533634.330593) can0 18F815F3#0000000010030000
(1778533634.331489) can0 273#000000000F023300
(1778533634.332482) can0 1E1#020F271001FE01FE
(1778533634.333512) can0 1F5#0000000000000000
(1778533634.334591) can0 0800A6A9#0000000000000000
(1778533634.335592) can0 1000A6A9#0F02881333434343
(1778533634.336591) can0 1C00A6A9#0000000000030000
(1778533634.337598) can0 02018100#1003020F00000000
(1778533634.338596) can0 02028100#0000003364000000
(1778533634.339590) can0 02038100#0CE201070CE00101
(1778533634.340589) can0 02048100#4301014301010000
(1778533634.408200) can0 0000E005#15273D0003B60591
(1778533634.408793) can0 1806E5F4#13EC010003B6023A
(1778533634.409564) can0 0000E000#13EC13EC020F0000
(1778533634.410563) can0 0000E004#111103B603B601E4
(1778533634.411563) can0 0000E006#0CE00CE00CE00CE0
(1778533634.412564) can0 0000E007#0CE00CE00CE20CE0
(1778533634.413562) can0 0000E008#0CE00CE00CE00CE0
(1778533634.414562) can0 0000E009#0CE00CE00CE00CE2
(1778533634.415562) can0 0000E010#0000000000000000
(1778533634.416561) can0 0000E011#0000000000000000
(1778533634.417561) can0 0000E012#0CE1000100000000
(1778533634.418567) can0 0000F001#0000000000000000
(1778533634.419560) can0 18FF28F4#10330000020F0000
(1778533634.420560) can0 18FE28F4#0CE20CE039390000
(1778533634.421559) can0 18FD28F4#1527FA6F00000000
(1778533634.422445) can0 4D4#000033007D0F0203
(1778533634.423435) can0 4D5#E00CE20C39390000
(1778533634.424558) can0 18914010#0CE2070CE0010000
(1778533634.425558) can0 18904010#020F0000753001FE
(1778533634.426557) can0 18FA28F4#373CA12C10270000
(1778533634.427557) can0 18FB28F4#E20CE00C39390000
(1778533634.428557) can0 18FC28F4#383300000F020000
(1778533634.429556) can0 18F810F3#0F02E80333640100
(1778533634.430556) can0 18F815F3#0000000010030000
(1778533634.431439) can0 273#000000000F023300
(1778533634.432437) can0 1E1#020F271001FE01FE
(1778533634.433481) can0 1F5#0000000000000000
(1778533634.434554) can0 0800A6A9#0000000000000000
(1778533634.435554) can0 1000A6A9#0F02881333434343
(1778533634.436554) can0 1C00A6A9#0000000000030000
(1778533634.437553) can0 02018100#1003020F00000000
(1778533634.438552) can0 02028100#0000003364000000
(1778533634.439553) can0 02038100#0CE201070CE00101
(1778533634.440552) can0 02048100#4301014301010000
(1778533634.508162) can0 0000E005#15273D0003B60591
(1778533634.508755) can0 1806E5F4#13EC010003B6023A
(1778533634.509526) can0 0000E000#13EC13EC020F0000
(1778533634.510526) can0 0000E004#111103B603B601E4
(1778533634.511526) can0 0000E006#0CE00CE00CE00CE0
(1778533634.512525) can0 0000E007#0CE00CE00CE00CE0
(1778533634.513525) can0 0000E008#0CE20CE00CE00CE0
(1778533634.514525) can0 0000E009#0CE00CE00CE00CE2
(1778533634.515524) can0 0000E010#0000000000000000
(1778533634.516524) can0 0000E011#0000000000000000
(1778533634.517524) can0 0000E012#0CE1000100000000
(1778533634.518542) can0 0000F001#0000000000000000
(1778533634.519523) can0 18FF28F4#10330000020F0000
(1778533634.520522) can0 18FE28F4#0CE20CE039390000
(1778533634.521522) can0 18FD28F4#1527FA6F00000000
(1778533634.522406) can0 4D4#000033007D0F0203
(1778533634.523386) can0 4D5#E00CE20C39390000
(1778533634.524521) can0 18914010#0CE2090CE0010000
(1778533634.525520) can0 18904010#020F0000753001FE
(1778533634.526520) can0 18FA28F4#373CA12C10270000
(1778533634.527520) can0 18FB28F4#E20CE00C39390000
(1778533634.528519) can0 18FC28F4#383300000F020000
(1778533634.529519) can0 18F810F3#0F02E80333640100
(1778533634.530519) can0 18F815F3#0000000010030000
(1778533634.531397) can0 273#000000000F023300
(1778533634.532393) can0 1E1#020F271001FE01FE
(1778533634.533425) can0 1F5#0000000000000000
(1778533634.534536) can0 0800A6A9#0000000000000000
(1778533634.535517) can0 1000A6A9#0F02881333434343
(1778533634.536516) can0 1C00A6A9#0000000000030000
(1778533634.537516) can0 02018100#1003020F00000000
(1778533634.538516) can0 02028100#0000003364000000
(1778533634.539516) can0 02038100#0CE201090CE00101
(1778533634.540515) can0 02048100#4301014301010000
(1778533634.608119) can0 0000E005#15273D0003B60591
(1778533634.608711) can0 1806E5F4#13EC010003B6023A
(1778533634.609489) can0 0000E000#13EC13EC020F0000
(1778533634.610489) can0 0000E004#111103B603B601E4
(1778533634.611489) can0 0000E006#0CE00CE00CE00CE0
(1778533634.612488) can0 0000E007#0CE00CE00CE00CE0
(1778533634.613488) can0 0000E008#0CE20CE00CE00CE0
(1778533634.614487) can0 0000E009#0CE00CE00CE00CE2
(1778533634.615487) can0 0000E010#0000000000000000
(1778533634.616487) can0 0000E011#0000000000000000
(1778533634.617486) can0 0000E012#0CE1000100000000
(1778533634.618486) can0 0000F001#0000000000000000
(1778533634.619518) can0 18FF28F4#10330000020F0000
(1778533634.620485) can0 18FE28F4#0CE20CE039390000
(1778533634.621485) can0 18FD28F4#1527FA6F00000000
(1778533634.622349) can0 4D4#000033007D0F0203
(1778533634.623336) can0 4D5#E00CE20C39390000
(1778533634.624484) can0 18914010#0CE2090CE0010000
(1778533634.625483) can0 18904010#020F0000753001FE
(1778533634.626483) can0 18FA28F4#373CA12C10270000
(1778533634.627423) can0 18FB28F4#E20CE00C39390000
(1778533634.628482) can0 18FC28F4#383300000F020000
(1778533634.629482) can0 18F810F3#0F02E80333640100
(1778533634.630482) can0 18F815F3#0000000010030000
(1778533634.631353) can0 273#000000000F023300
(1778533634.632351) can0 1E1#020F271001FE01FE
(1778533634.633376) can0 1F5#0000000000000000
(1778533634.634480) can0 0800A6A9#0000000000000000
(1778533634.635421) can0 1000A6A9#0F02881333434343
(1778533634.636479) can0 1C00A6A9#0000000000030000
(1778533634.637479) can0 02018100#1003020F00000000
(1778533634.638478) can0 02028100#0000003364000000
(1778533634.639478) can0 02038100#0CE201090CE00101
(1778533634.640478) can0 02048100#4301014301010000
(1778533634.725064) can0 0000E005#15273D0003B60591
(1778533634.725653) can0 1806E5F4#13EC010003B6023A
(1778533634.726446) can0 0000E000#13EC13EC020F0000
(1778533634.727387) can0 0000E004#111103B603B601E4
(1778533634.728384) can0 0000E006#0CE00CE00CE00CE0
(1778533634.729384) can0 0000E007#0CE00CE00CE00CE0
(1778533634.730444) can0 0000E008#0CE20CE00CE00CE0
(1778533634.731445) can0 0000E009#0CE00CE00CE00CE2
(1778533634.732444) can0 0000E010#0000000000000000
(1778533634.733443) can0 0000E011#0000000000000000
(1778533634.734443) can0 0000E012#0CE1000100000000
(1778533634.735365) can0 0000E013#4542323630354C43
(1778533634.736442) can0 0000E014#3134323300000000
(1778533634.737442) can0 0000E015#0000000000000003
(1778533634.738442) can0 0000F000#0000000000000000
(1778533634.739441) can0 0000F001#0000000000000000
(1778533634.740441) can0 18FF28F4#10330000020F0000
(1778533634.741442) can0 18FE28F4#0CE20CE039390000
(1778533634.742442) can0 18FD28F4#1527FA6F00000000
(1778533634.743299) can0 4D4#000033007D0F0203
(1778533634.744283) can0 4D5#E00CE20C39390000
(1778533634.745373) can0 18914010#0CE2090CE0010000
(1778533634.746439) can0 18904010#020F0000753001FE
(1778533634.747379) can0 18FA28F4#373CA12C10270000
(1778533634.748377) can0 18FB28F4#E20CE00C39390000
(1778533634.749437) can0 18FC28F4#383300000F020000
(1778533634.750372) can0 18F810F3#0F02E80333640100
(1778533634.751437) can0 18F811F3#E20C0901E00C0101
(1778533634.752377) can0 18F812F3#3901013901010000
(1778533634.753436) can0 18F813F3#0101000000000000
(1778533634.754370) can0 18F814F3#32000F19A9015F00
(1778533634.755436) can0 18F815F3#0000000010030000
(1778533634.756293) can0 273#000000000F023300
(1778533634.757316) can0 1E1#020F271001FE01FE
(1778533634.758316) can0 1F5#0000000000000000
(1778533634.759434) can0 0800A6A9#0000000000000000
(1778533634.760355) can0 1000A6A9#0F02881333434343
(1778533634.761433) can0 1C00A6A9#0000000000030000
(1778533634.762432) can0 02018100#1003020F00000000
(1778533634.763432) can0 02028100#0000003364000000
(1778533634.764431) can0 02038100#0CE201090CE00101
(1778533634.765431) can0 02048100#4301014301010000
(1778533634.823017) can0 0000E005#15273D0003B60591
(1778533634.823608) can0 1806E5F4#13EC010003B6023A
(1778533634.824409) can0 0000E000#13EC13EC020F0000
(1778533634.825332) can0 0000E004#111103B603B601E4
(1778533634.826409) can0 0000E006#0CE00CE00CE00CE0
(1778533634.827343) can0 0000E007#0CE00CE00CE00CE0
(1778533634.828341) can0 0000E008#0CE20CE00CE00CE0
(1778533634.829337) can0 0000E009#0CE00CE00CE00CE2
(1778533634.830407) can0 0000E010#0000000000000000
(1778533634.831407) can0 0000E011#0000000000000000
(1778533634.832406) can0 0000E012#0CE1000100000000
(1778533634.833406) can0 0000F001#0000000000000000
(1778533634.834406) can0 18FF28F4#10330000020F0000
(1778533634.835334) can0 18FE28F4#0CE20CE039390000
(1778533634.836405) can0 18FD28F4#1527FA6F00000000
(1778533634.837253) can0 4D4#000033007D0F0203
(1778533634.838243) can0 4D5#E00CE20C39390000
(1778533634.839338) can0 18914010#0CE2090CE0010000
(1778533634.840404) can0 18904010#020F0000753001FE
(1778533634.841318) can0 18FA28F4#373CA12C10270000
(1778533634.842403) can0 18FB28F4#E20CE00C39390000
(1778533634.843403) can0 18FC28F4#383300000F020000
(1778533634.844324) can0 18F810F3#0F02E80333640100
(1778533634.845402) can0 18F815F3#0000000010030000
(1778533634.846247) can0 273#000000000F023300
(1778533634.847246) can0 1E1#020F271001FE01FE
(1778533634.848277) can0 1F5#0000000000000000
(1778533634.849400) can0 0800A6A9#0000000000000000
(1778533634.850400) can0 1000A6A9#0F02881333434343
(1778533634.851340) can0 1C00A6A9#0000000000030000
(1778533634.852399) can0 02018100#1003020F00000000
(1778533634.853399) can0 02028100#0000003364000000
(1778533634.854340) can0 02038100#0CE201090CE00101
(1778533634.855337) can0 02048100#4301014301010000
(1778533634.867238) can0 00000E00#00354C4331343233
(1778533634.922977) can0 0000E005#15273D0003B60591
(1778533634.923570) can0 1806E5F4#13EC010003B6023A
(1778533634.924372) can0 0000E000#13EC13EC020F0000
(1778533634.925300) can0 0000E004#111103B603B601E4
(1778533634.926291) can0 0000E006#0CE00CE00CE00CE0
(1778533634.927372) can0 0000E007#0CE00CE00CE00CE0
(1778533634.928286) can0 0000E008#0CE20CE00CE00CE0
(1778533634.929285) can0 0000E009#0CE00CE00CE00CE2
(1778533634.930370) can0 0000E010#0000000000000000
(1778533634.931370) can0 0000E011#0000000000000000
(1778533634.932304) can0 0000E012#0CE1000100000000
(1778533634.933369) can0 0000F001#0000000000000000
(1778533634.934309) can0 18FF28F4#10330000020F0000
(1778533634.935289) can0 18FE28F4#0CE20CE039390000
(1778533634.936302) can0 18FD28F4#1527FA6F00000000
(1778533634.937218) can0 4D4#000033007D0F0203
(1778533634.938195) can0 4D5#E00CE20C39390000
(1778533634.939296) can0 18914010#0CE2090CE0010000
(1778533634.940307) can0 18904010#020F0000753001FE
(1778533634.941287) can0 18FA28F4#373CA12C10270000
(1778533634.942285) can0 18FB28F4#E20CE00C39390000
(1778533634.943299) can0 18FC28F4#383300000F020000
(1778533634.944279) can0 18F810F3#0F02E80333640100
(1778533634.945364) can0 18F815F3#0000000010030000
(1778533634.946203) can0 273#000000000F023300
(1778533634.947202) can0 1E1#020F271001FE01FE
(1778533634.948235) can0 1F5#0000000000000000
(1778533634.949363) can0 0800A6A9#0000000000000000
(1778533634.950264) can0 1000A6A9#0F02881333434343
(1778533634.951302) can0 1C00A6A9#0000000000030000
(1778533634.952362) can0 02018100#1003020F00000000
(1778533634.953303) can0 02028100#0000003364000000
(1778533634.954282) can0 02038100#0CE201090CE00101
(1778533634.955301) can0 02048100#4301014301010000
(1778533635.022928) can0 0000E005#15273D0003B60591
(1778533635.023520) can0 1806E5F4#13EC010003B6023A
(1778533635.024270) can0 0000E000#13EC13EC020F0000
(1778533635.025249) can0 0000E004#111103B603B601E4
(1778533635.026249) can0 0000E006#0CE00CE00CE00CE0
(1778533635.027242) can0 0000E007#0CE00CE00CE20CE2
(1778533635.028238) can0 0000E008#0CE00CE00CE00CE0
(1778533635.029242) can0 0000E009#0CE00CE00CE00CE2
(1778533635.030333) can0 0000E010#0000000000000000
(1778533635.031333) can0 0000E011#0000000000000000
(1778533635.032332) can0 0000E012#0CE1000100000000
(1778533635.033333) can0 0000F001#0000000000000000
(1778533635.034273) can0 18FF28F4#10330000020F0000
(1778533635.035239) can0 18FE28F4#0CE20CE039390000
(1778533635.036251) can0 18FD28F4#1527FA6F00000000
(1778533635.037169) can0 4D4#000033007D0F0203
(1778533635.038149) can0 4D5#E00CE20C39390000
(1778533635.039244) can0 18914010#0CE2070CE0010000
(1778533635.040250) can0 18904010#020F0000753001FE
(1778533635.041250) can0 18FA28F4#373CA12C10270000
(1778533635.042236) can0 18FB28F4#E20CE00C39390000
(1778533635.043261) can0 18FC28F4#383300000F020000
(1778533635.044226) can0 18F810F3#0F02E80333640100
(1778533635.045328) can0 18F815F3#0000000010030000
(1778533635.046166) can0 273#000000000F023300
(1778533635.047165) can0 1E1#020F271001FE01FE
(1778533635.048178) can0 1F5#0000000000000000
(1778533635.049327) can0 0800A6A9#0000000000000000
(1778533635.050235) can0 1000A6A9#0F02881333434343
(1778533635.051266) can0 1C00A6A9#0000000000030000
(1778533635.052326) can0 02018100#1003020F00000000
(1778533635.053252) can0 02028100#0000003364000000
(1778533635.054246) can0 02038100#0CE201070CE00101
(1778533635.055245) can0 02048100#4301014301010000
(1778533635.122883) can0 0000E005#15273D0003B60591
(1778533635.123484) can0 1806E5F4#13EC010003B6023A
(1778533635.124234) can0 0000E000#13EC13EC020F0000
(1778533635.125213) can0 0000E004#111103B603B601E4
(1778533635.126226) can0 0000E006#0CE00CE00CE00CE0
(1778533635.127206) can0 0000E007#0CE00CE00CE20CE2
(1778533635.128206) can0 0000E008#0CE00CE00CE00CE0
(1778533635.129199) can0 0000E009#0CE00CE00CE00CE2
(1778533635.130297) can0 0000E010#0000000000000000
(1778533635.131238) can0 0000E011#0000000000000000
(1778533635.132223) can0 0000E012#0CE1000100000000
(1778533635.133231) can0 0000F001#0000000000000000
(1778533635.134296) can0 18FF28F4#10330000020F0000
(1778533635.135191) can0 18FE28F4#0CE20CE039390000
(1778533635.136204) can0 18FD28F4#1527FA6F00000000
(1778533635.137120) can0 4D4#000033007D0F0203
(1778533635.138102) can0 4D5#E00CE20C39390000
(1778533635.139196) can0 18914010#0CE2070CE0010000
(1778533635.140214) can0 18904010#020F0000753001FE
(1778533635.141191) can0 18FA28F4#373CA12C10270000
(1778533635.142293) can0 18FB28F4#E20CE00C39390000
(1778533635.143214) can0 18FC28F4#383300000F020000
(1778533635.144193) can0 18F810F3#0F02E80333640100
(1778533635.145219) can0 18F815F3#0000000010030000
(1778533635.146123) can0 273#000000000F023300
(1778533635.147123) can0 1E1#020F271001FE01FE
(1778533635.148135) can0 1F5#0000000000000000
(1778533635.149224) can0 0800A6A9#0000000000000000
(1778533635.150223) can0 1000A6A9#0F02881333434343
(1778533635.151204) can0 1C00A6A9#0000000000030000
(1778533635.152289) can0 02018100#1003020F00000000
(1778533635.153206) can0 02028100#0000003364000000
(1778533635.154203) can0 02038100#0CE201070CE00101
(1778533635.155202) can0 02048100#4301014301010000
(1778533635.239831) can0 0000E005#15273D0003B60591
(1778533635.240419) can0 1806E5F4#13EC010003B6023A
(1778533635.241176) can0 0000E000#13EC13EC020F0000
(1778533635.242153) can0 0000E004#111103B603B601E4
(1778533635.243153) can0 0000E006#0CE00CE00CE00CE0
(1778533635.244152) can0 0000E007#0CE00CE00CE00CE2
(1778533635.245145) can0 0000E008#0CE00CE00CE00CE0
(1778533635.246144) can0 0000E009#0CE00CE00CE00CE2
(1778533635.247188) can0 0000E010#0000000000000000
(1778533635.248184) can0 0000E011#0000000000000000
(1778533635.249168) can0 0000E012#0CE1000100000000
(1778533635.250130) can0 0000E013#4542323630354C43
(1778533635.251161) can0 0000E014#3134323300000000
(1778533635.252171) can0 0000E015#0000000000000003
(1778533635.253187) can0 0000F000#0000000000000000
(1778533635.254186) can0 0000F001#0000000000000000
(1778533635.255167) can0 18FF28F4#10330000020F0000
(1778533635.256148) can0 18FE28F4#0CE20CE039390000
(1778533635.257159) can0 18FD28F4#1527FA6F00000000
(1778533635.258057) can0 4D4#000033007D0F0203
(1778533635.259044) can0 4D5#E00CE20C39390000
(1778533635.260147) can0 18914010#0CE2080CE0010000
(1778533635.261152) can0 18904010#020F0000753001FE
(1778533635.262145) can0 18FA28F4#373CA12C10270000
(1778533635.263144) can0 18FB28F4#E20CE00C39390000
(1778533635.264169) can0 18FC28F4#383300000F020000
(1778533635.265137) can0 18F810F3#0F02E80333640100
(1778533635.266149) can0 18F811F3#E20C0801E00C0101
(1778533635.267150) can0 18F812F3#3901013901010000
(1778533635.268175) can0 18F813F3#0101000000000000
(1778533635.269142) can0 18F814F3#32000F19A9015F00
(1778533635.270174) can0 18F815F3#0000000010030000
(1778533635.271072) can0 273#000000000F023300
(1778533635.272060) can0 1E1#020F271001FE01FE
(1778533635.273077) can0 1F5#0000000000000000
(1778533635.274172) can0 0800A6A9#0000000000000000
(1778533635.275134) can0 1000A6A9#0F02881333434343
(1778533635.276141) can0 1C00A6A9#0000000000030000
(1778533635.277171) can0 02018100#1003020F00000000
(1778533635.278152) can0 02028100#0000003364000000
(1778533635.279152) can0 02038100#0CE201080CE00101
(1778533635.280165) can0 02048100#4301014301010000
(1778533635.337800) can0 0000E005#15273D0003B60591
(1778533635.338394) can0 1806E5F4#13EC010003B6023A
(1778533635.339131) can0 0000E000#13EC13EC020F0000
(1778533635.340104) can0 0000E004#111103B603B601E4
(1778533635.341122) can0 0000E006#0CE00CE00CE00CE0
(1778533635.342104) can0 0000E007#0CE00CE00CE00CE2
(1778533635.343103) can0 0000E008#0CE00CE00CE00CE0
(1778533635.344094) can0 0000E009#0CE00CE00CE00CE2
(1778533635.345147) can0 0000E010#0000000000000000
(1778533635.346140) can0 0000E011#0000000000000000
(1778533635.347121) can0 0000E012#0CE1000100000000
(1778533635.348133) can0 0000F001#0000000000000000
(1778533635.349145) can0 18FF28F4#10330000020F0000
(1778533635.350095) can0 18FE28F4#0CE20CE039390000
(1778533635.351113) can0 18FD28F4#1527FA6F00000000
(1778533635.352024) can0 4D4#000033007D0F0203
(1778533635.353010) can0 4D5#E00CE20C39390000
(1778533635.354099) can0 18914010#0CE2080CE0010000
(1778533635.355112) can0 18904010#020F0000753001FE
(1778533635.356089) can0 18FA28F4#373CA12C10270000
(1778533635.357124) can0 18FB28F4#E20CE00C39390000
(1778533635.358123) can0 18FC28F4#383300000F020000
(1778533635.359084) can0 18F810F3#0F02E80333640100
(1778533635.360136) can0 18F815F3#0000000010030000
(1778533635.361015) can0 273#000000000F023300
(1778533635.362014) can0 1E1#020F271001FE01FE
(1778533635.363045) can0 1F5#0000000000000000
(1778533635.364119) can0 0800A6A9#0000000000000000
(1778533635.365121) can0 1000A6A9#0F02881333434343
(1778533635.366114) can0 1C00A6A9#0000000000030000
(1778533635.367127) can0 02018100#1003020F00000000
(1778533635.368123) can0 02028100#0000003364000000
(1778533635.369106) can0 02038100#0CE201080CE00101
(1778533635.370099) can0 02048100#4301014301010000
(1778533635.437721) can0 0000E005#15273D0003B60591
(1778533635.438313) can0 1806E5F4#13EC010003B6023A
(1778533635.439095) can0 0000E000#13EC13EC020F0000
(1778533635.440062) can0 0000E004#111103B603B601E4
(1778533635.441056) can0 0000E006#0CE00CE00CE00CE0
(1778533635.442082) can0 0000E007#0CE00CE00CE00CE2
(1778533635.443068) can0 0000E008#0CE00CE00CE00CE0
(1778533635.444049) can0 0000E009#0CE00CE00CE00CE2
(1778533635.445098) can0 0000E010#0000000000000000
(1778533635.446088) can0 0000E011#0000000000000000
(1778533635.447071) can0 0000E012#0CE1000100000000
(1778533635.448105) can0 0000F001#0000000000000000
(1778533635.449083) can0 18FF28F4#10330000020F0000
(1778533635.450097) can0 18FE28F4#0CE20CE039390000
(1778533635.451064) can0 18FD28F4#1527FA6F00000000
(1778533635.451977) can0 4D4#000033007D0F0203
(1778533635.452962) can0 4D5#E00CE20C39390000
(1778533635.454070) can0 18914010#0CE2080CE0010000
(1778533635.455070) can0 18904010#020F0000753001FE
(1778533635.456050) can0 18FA28F4#373CA12C10270000
(1778533635.457062) can0 18FB28F4#E20CE00C39390000
(1778533635.458179) can0 18FC28F4#383300000F020000
(1778533635.459049) can0 18F810F3#0F02E80333640100
(1778533635.460080) can0 18F815F3#0000000010030000
(1778533635.460978) can0 273#000000000F023300
(1778533635.461977) can0 1E1#020F271001FE01FE
(1778533635.462989) can0 1F5#0000000000000000
(1778533635.464085) can0 0800A6A9#0000000000000000
(1778533635.465046) can0 1000A6A9#0F02881333434343
(1778533635.466073) can0 1C00A6A9#0000000000030000
(1778533635.467089) can0 02018100#1003020F00000000
(1778533635.468071) can0 02028100#0000003364000000
(1778533635.469065) can0 02038100#0CE201080CE00101
(1778533635.470056) can0 02048100#4301014301010000
(1778533635.537703) can0 0000E005#15273D0003B60591
(1778533635.538296) can0 1806E5F4#13EC010003B6023A
(1778533635.539046) can0 0000E000#13EC13EC020F0000
(1778533635.540026) can0 0000E004#111103B603B601E4
(1778533635.541025) can0 0000E006#0CE00CE00CE00CE0
(1778533635.542026) can0 0000E007#0CE00CE00CE00CE0
(1778533635.543019) can0 0000E008#0CE20CE00CE00CE0
(1778533635.544016) can0 0000E009#0CE00CE00CE00CE3
(1778533635.545062) can0 0000E010#0000000000000000
(1778533635.546043) can0 0000E011#0000000000000000
(1778533635.547042) can0 0000E012#0CE1000200000000
(1778533635.548051) can0 0000F001#0000000000000000
(1778533635.549035) can0 18FF28F4#10330000020F0000
(1778533635.550016) can0 18FE28F4#0CE30CE039390000
(1778533635.551028) can0 18FD28F4#1527FA6F00000000
(1778533635.551933) can0 4D4#000033007D0F0203
(1778533635.552913) can0 4D5#E00CE30C39390000
(1778533635.554020) can0 18914010#0CE3100CE0010000
(1778533635.555033) can0 18904010#020F0000753001FE
(1778533635.556011) can0 18FA28F4#373CA12C10270000
(1778533635.556995) can0 18FB28F4#E30CE00C39390000
(1778533635.558026) can0 18FC28F4#383300000F020000
(1778533635.559007) can0 18F810F3#0F02E80333640100
(1778533635.560036) can0 18F815F3#0000000010030000
(1778533635.560936) can0 273#000000000F023300
(1778533635.561935) can0 1E1#020F271001FE01FE
(1778533635.562948) can0 1F5#0000000000000000
(1778533635.564043) can0 0800A6A9#0000000000000000
(1778533635.565004) can0 1000A6A9#0F02881333434343
(1778533635.566035) can0 1C00A6A9#0000000000030000
(1778533635.567048) can0 02018100#1003020F00000000
(1778533635.568021) can0 02028100#0000003364000000
(1778533635.569022) can0 02038100#0CE301100CE00101
(1778533635.570022) can0 02048100#4301014301010000
(1778533635.637649) can0 0000E005#15273D0003B60591
(1778533635.638237) can0 1806E5F4#13EC010003B6023A
(1778533635.639007) can0 0000E000#13EC13EC020F0000
(1778533635.639972) can0 0000E004#111103B603B601E4
(1778533635.640970) can0 0000E006#0CE00CE00CE00CE0
(1778533635.641983) can0 0000E007#0CE00CE00CE00CE0
(1778533635.642982) can0 0000E008#0CE20CE00CE00CE0
(1778533635.643976) can0 0000E009#0CE00CE00CE00CE3
(1778533635.645007) can0 0000E010#0000000000000000
(1778533635.646001) can0 0000E011#0000000000000000
(1778533635.646987) can0 0000E012#0CE1000200000000
(1778533635.648000) can0 0000F001#0000000000000000
(1778533635.649012) can0 18FF28F4#10330000020F0000
(1778533635.649976) can0 18FE28F4#0CE30CE039390000
(1778533635.650974) can0 18FD28F4#1527FA6F00000000
(1778533635.651891) can0 4D4#000033007D0F0203
(1778533635.652871) can0 4D5#E00CE30C39390000
(1778533635.653965) can0 18914010#0CE3100CE0010000
(1778533635.654978) can0 18904010#020F0000753001FE
(1778533635.655959) can0 18FA28F4#373CA12C10270000
(1778533635.656972) can0 18FB28F4#E30CE00C39390000
(1778533635.657981) can0 18FC28F4#383300000F020000
(1778533635.658971) can0 18F810F3#0F02E80333640100
(1778533635.659997) can0 18F815F3#0000000010030000
(1778533635.660900) can0 273#000000000F023300
(1778533635.661872) can0 1E1#020F271001FE01FE
(1778533635.662906) can0 1F5#0000000000000000
(1778533635.663988) can0 0800A6A9#0000000000000000
(1778533635.664981) can0 1000A6A9#0F02881333434343
(1778533635.665981) can0 1C00A6A9#0000000000030000
(1778533635.666993) can0 02018100#1003020F00000000
(1778533635.667993) can0 02028100#0000003364000000
(1778533635.668973) can0 02038100#0CE301100CE00101
(1778533635.669962) can0 02048100#4301014301010000
(1778533635.754605) can0 0000E005#15273D0003B60591
(1778533635.755193) can0 1806E5F4#13EC010003B6023A
(1778533635.755943) can0 0000E000#13EC13EC020F0000
(1778533635.756922) can0 0000E004#111103B603B601E4
(1778533635.757973) can0 0000E006#0CE00CE00CE00CE0
(1778533635.758922) can0 0000E007#0CE00CE00CE20CE0
(1778533635.759921) can0 0000E008#0CE00CE00CE00CE0
(1778533635.760914) can0 0000E009#0CE00CE00CE00CE2
(1778533635.761960) can0 0000E010#0000000000000000
(1778533635.762959) can0 0000E011#0000000000000000
(1778533635.763941) can0 0000E012#0CE1000100000000
(1778533635.764904) can0 0000E013#4542323630354C43
(1778533635.765987) can0 0000E014#3134323300000000
(1778533635.766954) can0 0000E015#0000000000000003
(1778533635.767965) can0 0000F000#0000000000000000
(1778533635.768941) can0 0000F001#0000000000000000
(1778533635.769937) can0 18FF28F4#10330000020F0000
(1778533635.770918) can0 18FE28F4#0CE20CE039390000
(1778533635.771917) can0 18FD28F4#1527FA6F00000000
(1778533635.772835) can0 4D4#000033007D0F0203
(1778533635.773816) can0 4D5#E00CE20C39390000
(1778533635.774923) can0 18914010#0CE2070CE0010000
(1778533635.775922) can0 18904010#020F0000753001FE
(1778533635.776901) can0 18FA28F4#373CA12C10270000
(1778533635.777915) can0 18FB28F4#E20CE00C39390000
(1778533635.778934) can0 18FC28F4#383300000F020000
(1778533635.779915) can0 18F810F3#0F02E80333640100
(1778533635.780906) can0 18F811F3#E20C0701E00C0101
(1778533635.781920) can0 18F812F3#3901013901010000
(1778533635.782939) can0 18F813F3#0101000000000000
(1778533635.783919) can0 18F814F3#32000F19A9015F00
(1778533635.784932) can0 18F815F3#0000000010030000
(1778533635.785830) can0 273#000000000F023300
(1778533635.786823) can0 1E1#020F271001FE01FE
(1778533635.787855) can0 1F5#0000000000000000
(1778533635.788926) can0 0800A6A9#0000000000000000
(1778533635.789891) can0 1000A6A9#0F02881333434343
(1778533635.790924) can0 1C00A6A9#0000000000030000
(1778533635.791936) can0 02018100#1003020F00000000
(1778533635.792923) can0 02028100#0000003364000000
(1778533635.793929) can0 02038100#0CE201070CE00101
(1778533635.794921) can0 02048100#4301014301010000
(1778533635.852574) can0 0000E005#15273D0003B60591
(1778533635.853164) can0 1806E5F4#13EC010003B6023A
(1778533635.853913) can0 0000E000#13EC13EC020F0000
(1778533635.854875) can0 0000E004#111103B603B601E4
(1778533635.855875) can0 0000E006#0CE00CE00CE00CE0
(1778533635.856881) can0 0000E007#0CE00CE00CE20CE0
(1778533635.857887) can0 0000E008#0CE00CE00CE00CE0
(1778533635.858867) can0 0000E009#0CE00CE00CE00CE2
(1778533635.859908) can0 0000E010#0000000000000000
(1778533635.860911) can0 0000E011#0000000000000000
(1778533635.861892) can0 0000E012#0CE1000100000000
(1778533635.862922) can0 0000F001#0000000000000000
(1778533635.863904) can0 18FF28F4#10330000020F0000
(1778533635.864864) can0 18FE28F4#0CE20CE039390000
(1778533635.865878) can0 18FD28F4#1527FA6F00000000
(1778533635.866794) can0 4D4#000033007D0F0203
(1778533635.867770) can0 4D5#E00CE20C39390000
(1778533635.868870) can0 18914010#0CE2070CE0010000
(1778533635.869882) can0 18904010#020F0000753001FE
(1778533635.870863) can0 18FA28F4#373CA12C10270000
(1778533635.871872) can0 18FB28F4#E20CE00C39390000
(1778533635.872893) can0 18FC28F4#383300000F020000
(1778533635.873855) can0 18F810F3#0F02E80333640100
(1778533635.874905) can0 18F815F3#0000000010030000
(1778533635.875808) can0 273#000000000F023300
(1778533635.876785) can0 1E1#020F271001FE01FE
(1778533635.877816) can0 1F5#0000000000000000
(1778533635.878891) can0 0800A6A9#0000000000000000
(1778533635.879871) can0 1000A6A9#0F02881333434343
(1778533635.880884) can0 1C00A6A9#0000000000030000
(1778533635.881896) can0 02018100#1003020F00000000
(1778533635.882897) can0 02028100#0000003364000000
(1778533635.883877) can0 02038100#0CE201070CE00101
(1778533635.884870) can0 02048100#4301014301010000
(1778533635.952472) can0 0000E005#15273D0003B60591
(1778533635.953058) can0 1806E5F4#13EC010003B6023A
(1778533635.953861) can0 0000E000#13EC13EC020F0000
(1778533635.954844) can0 0000E004#111103B603B601E4
(1778533635.955838) can0 0000E006#0CE00CE00CE00CE0
(1778533635.956850) can0 0000E007#0CE00CE00CE20CE0
(1778533635.957827) can0 0000E008#0CE00CE00CE00CE0
(1778533635.958831) can0 0000E009#0CE00CE00CE00CE2
(1778533635.959875) can0 0000E010#0000000000000000
(1778533635.960875) can0 0000E011#0000000000000000
(1778533635.961848) can0 0000E012#0CE1000100000000
(1778533635.962867) can0 0000F001#0000000000000000
(1778533635.963867) can0 18FF28F4#10330000020F0000
(1778533635.964847) can0 18FE28F4#0CE20CE039390000
(1778533635.965841) can0 18FD28F4#1527FA6F00000000
(1778533635.966758) can0 4D4#000033007D0F0203
(1778533635.967739) can0 4D5#E00CE20C39390000
(1778533635.968834) can0 18914010#0CE2070CE0010000
(1778533635.969851) can0 18904010#020F0000753001FE
(1778533635.970827) can0 18FA28F4#373CA12C10270000
(1778533635.971827) can0 18FB28F4#E20CE00C39390000
(1778533635.972870) can0 18FC28F4#383300000F020000
(1778533635.973812) can0 18F810F3#0F02E80333640100
(1778533635.974863) can0 18F815F3#0000000010030000
(1778533635.975749) can0 273#000000000F023300
(1778533635.976742) can0 1E1#020F271001FE01FE
(1778533635.977773) can0 1F5#0000000000000000
(1778533635.978855) can0 0800A6A9#0000000000000000
(1778533635.979817) can0 1000A6A9#0F02881333434343
(1778533635.980880) can0 1C00A6A9#0000000000030000
(1778533635.981858) can0 02018100#1003020F00000000
(1778533635.982841) can0 02028100#0000003364000000
(1778533635.983835) can0 02038100#0CE201070CE00101
(1778533635.984834) can0 02048100#4301014301010000
(1778533636.052473) can0 0000E005#15273D0003B60591
(1778533636.053067) can0 1806E5F4#13EC010003B6023A
(1778533636.053824) can0 0000E000#13EC13EC020F0000
(1778533636.054803) can0 0000E004#111103B603B601E4
(1778533636.055797) can0 0000E006#0CE00CE00CE00CE0
(1778533636.056796) can0 0000E007#0CE00CE00CE20CE0
(1778533636.057828) can0 0000E008#0CE00CE00CE00CE0
(1778533636.058790) can0 0000E009#0CE00CE00CE00CE2
(1778533636.059815) can0 0000E010#0000000000000000
(1778533636.060820) can0 0000E011#0000000000000000
(1778533636.061813) can0 0000E012#0CE1000100000000
(1778533636.062825) can0 0000F001#0000000000000000
(1778533636.063805) can0 18FF28F4#10330000020F0000
(1778533636.064787) can0 18FE28F4#0CE20CE039390000
(1778533636.065837) can0 18FD28F4#1527FA6F00000000
(1778533636.066703) can0 4D4#000033007D0F0203
(1778533636.067684) can0 4D5#E00CE20C39390000
(1778533636.068792) can0 18914010#0CE2070CE0010000
(1778533636.069792) can0 18904010#020F0000753001FE
(1778533636.070790) can0 18FA28F4#373CA12C10270000
(1778533636.071781) can0 18FB28F4#E20CE00C39390000
(1778533636.072797) can0 18FC28F4#383300000F020000
(1778533636.073784) can0 18F810F3#0F02E80333640100
(1778533636.074808) can0 18F815F3#0000000010030000
(1778533636.075708) can0 273#000000000F023300
(1778533636.076706) can0 1E1#020F271001FE01FE
(1778533636.077719) can0 1F5#0000000000000000
(1778533636.078814) can0 0800A6A9#0000000000000000
(1778533636.079763) can0 1000A6A9#0F02881333434343
(1778533636.080794) can0 1C00A6A9#0000000000030000
(1778533636.081806) can0 02018100#1003020F00000000
(1778533636.082806) can0 02028100#0000003364000000
(1778533636.083799) can0 02038100#0CE201070CE00101
(1778533636.084793) can0 02048100#4301014301010000
(1778533636.152427) can0 0000E005#15273D0003B60591
(1778533636.153019) can0 1806E5F4#13EC010003B6023A
(1778533636.153767) can0 0000E000#13EC13EC020F0000
(1778533636.154750) can0 0000E004#111103B603B601E4
(1778533636.155749) can0 0000E006#0CE00CE00CE00CE0
(1778533636.156742) can0 0000E007#0CE00CE00CE20CE0
(1778533636.157742) can0 0000E008#0CE00CE00CE00CE0
(1778533636.158741) can0 0000E009#0CE00CE00CE00CE2
(1778533636.159787) can0 0000E010#0000000000000000
(1778533636.160779) can0 0000E011#0000000000000000
(1778533636.161757) can0 0000E012#0CE1000100000000
(1778533636.162778) can0 0000F001#0000000000000000
(1778533636.163773) can0 18FF28F4#10330000020F0000
(1778533636.164739) can0 18FE28F4#0CE20CE039390000
(1778533636.165746) can0 18FD28F4#1527FA6F00000000
(1778533636.166669) can0 4D4#000033007D0F0203
(1778533636.167650) can0 4D5#E00CE20C39390000
(1778533636.168744) can0 18914010#0CE2070CE0010000
(1778533636.169757) can0 18904010#020F0000753001FE
(1778533636.170737) can0 18FA28F4#373CA12C10270000
(1778533636.171738) can0 18FB28F4#E20CE00C39390000
(1778533636.172750) can0 18FC28F4#383300000F020000
(1778533636.173730) can0 18F810F3#0F02E80333640100
(1778533636.174762) can0 18F815F3#0000000010030000
(1778533636.175660) can0 273#000000000F023300
(1778533636.176659) can0 1E1#020F271001FE01FE
(1778533636.177664) can0 1F5#0000000000000000
(1778533636.178767) can0 0800A6A9#0000000000000000
(1778533636.179729) can0 1000A6A9#0F02881333434343
(1778533636.180759) can0 1C00A6A9#0000000000030000
(1778533636.181771) can0 02018100#1003020F00000000
(1778533636.182752) can0 02028100#0000003364000000
(1778533636.183752) can0 02038100#0CE201070CE00101
(1778533636.184745) can0 02048100#4301014301010000
(1778533636.269391) can0 0000E005#15273D0003B60591
(1778533636.269980) can0 1806E5F4#13EC010003B6023A
(1778533636.270730) can0 0000E000#13EC13EC020F0000
(1778533636.271696) can0 0000E004#111103B603B601E4
(1778533636.272716) can0 0000E006#0CE00CE00CE00CE0
(1778533636.273701) can0 0000E007#0CE00CE00CE00CE0
(1778533636.274702) can0 0000E008#0CE00CE00CE00CE0
(1778533636.275684) can0 0000E009#0CE00CE00CE00CE2
(1778533636.276726) can0 0000E010#0000000000000000
(1778533636.277725) can0 0000E011#0000000000000000
(1778533636.278706) can0 0000E012#0CE1000100000000
(1778533636.279675) can0 0000E013#4542323630354C43
(1778533636.280730) can0 0000E014#3134323300000000
(1778533636.281712) can0 0000E015#0000000000000003
(1778533636.282730) can0 0000F000#0000000000000000
(1778533636.283724) can0 0000F001#0000000000000000
(1778533636.284720) can0 18FF28F4#10330000020F0000
(1778533636.285684) can0 18FE28F4#0CE20CE039390000
(1778533636.286703) can0 18FD28F4#1527FA6F00000000
(1778533636.287615) can0 4D4#000033007D0F0203
(1778533636.288632) can0 4D5#E00CE20C39390000
(1778533636.289689) can0 18914010#0CE2100CE0010000
(1778533636.290708) can0 18904010#020F0000753001FE
(1778533636.291684) can0 18FA28F4#373CA12C10270000
(1778533636.292681) can0 18FB28F4#E20CE00C39390000
(1778533636.293694) can0 18FC28F4#383300000F020000
(1778533636.294676) can0 18F810F3#0F02E80333640100
(1778533636.295694) can0 18F811F3#E20C1001E00C0101
(1778533636.296730) can0 18F812F3#3901013901010000
(1778533636.297719) can0 18F813F3#0101000000000000
(1778533636.298686) can0 18F814F3#32000F19A9015F00
(1778533636.299712) can0 18F815F3#0000000010030000
(1778533636.300610) can0 273#000000000F023300
(1778533636.301609) can0 1E1#020F271001FE01FE
(1778533636.302622) can0 1F5#0000000000000000
(1778533636.303710) can0 0800A6A9#0000000000000000
(1778533636.304676) can0 1000A6A9#0F02881333434343
(1778533636.305703) can0 1C00A6A9#0000000000030000
(1778533636.306716) can0 02018100#1003020F00000000
(1778533636.307696) can0 02028100#0000003364000000
(1778533636.308688) can0 02038100#0CE201100CE00101
(1778533636.309688) can0 02048100#4301014301010000
(1778533636.367332) can0 0000E005#15273D0003B60591
(1778533636.367925) can0 1806E5F4#13EC010003B6023A
(1778533636.368676) can0 0000E000#13EC13EC020F0000
(1778533636.369655) can0 0000E004#111103B603B601E4
(1778533636.370655) can0 0000E006#0CE00CE00CE00CE0
(1778533636.371649) can0 0000E007#0CE00CE00CE00CE0
(1778533636.372659) can0 0000E008#0CE00CE00CE00CE0
(1778533636.373692) can0 0000E009#0CE00CE00CE00CE2
(1778533636.374691) can0 0000E010#0000000000000000
(1778533636.375685) can0 0000E011#0000000000000000
(1778533636.376665) can0 0000E012#0CE1000100000000
(1778533636.377696) can0 0000F001#0000000000000000
(1778533636.378677) can0 18FF28F4#10330000020F0000
(1778533636.379640) can0 18FE28F4#0CE20CE039390000
(1778533636.380658) can0 18FD28F4#1527FA6F00000000
(1778533636.381569) can0 4D4#000033007D0F0203
(1778533636.382555) can0 4D5#E00CE20C39390000
(1778533636.383645) can0 18914010#0CE2100CE0010000
(1778533636.384655) can0 18904010#020F0000753001FE
(1778533636.385643) can0 18FA28F4#373CA12C10270000
(1778533636.386636) can0 18FB28F4#E20CE00C39390000
(1778533636.387668) can0 18FC28F4#383300000F020000
(1778533636.388630) can0 18F810F3#0F02E80333640100
(1778533636.389674) can0 18F815F3#0000000010030000
(1778533636.390577) can0 273#000000000F023300
(1778533636.391558) can0 1E1#020F271001FE01FE
(1778533636.392590) can0 1F5#0000000000000000
(1778533636.393666) can0 0800A6A9#0000000000000000
(1778533636.394627) can0 1000A6A9#0F02881333434343
(1778533636.395659) can0 1C00A6A9#0000000000030000
(1778533636.396666) can0 02018100#1003020F00000000
(1778533636.397671) can0 02028100#0000003364000000
(1778533636.398652) can0 02038100#0CE201100CE00101
(1778533636.399644) can0 02048100#4301014301010000
(1778533636.467285) can0 0000E005#15273D0003B60591
(1778533636.467879) can0 1806E5F4#13EC010003B6023A
(1778533636.468629) can0 0000E000#13EC13EC020F0000
(1778533636.469614) can0 0000E004#111103B603B601E4
(1778533636.470607) can0 0000E006#0CE00CE00CE00CE0
(1778533636.471608) can0 0000E007#0CE00CE00CE00CE0
(1778533636.472607) can0 0000E008#0CE00CE00CE00CE0
(1778533636.473600) can0 0000E009#0CE00CE00CE00CE2
(1778533636.474639) can0 0000E010#0000000000000000
(1778533636.475643) can0 0000E011#0000000000000000
(1778533636.476624) can0 0000E012#0CE1000100000000
(1778533636.477637) can0 0000F001#0000000000000000
(1778533636.478629) can0 18FF28F4#10330000020F0000
(1778533636.479598) can0 18FE28F4#0CE20CE039390000
(1778533636.480616) can0 18FD28F4#1527FA6F00000000
(1778533636.481528) can0 4D4#000033007D0F0203
(1778533636.482508) can0 4D5#E00CE20C39390000
(1778533636.483603) can0 18914010#0CE2100CE0010000
(1778533636.484615) can0 18904010#020F0000753001FE
(1778533636.485596) can0 18FA28F4#373CA12C10270000
(1778533636.486590) can0 18FB28F4#E20CE00C39390000
(1778533636.487628) can0 18FC28F4#383300000F020000
(1778533636.488589) can0 18F810F3#0F02E80333640100
(1778533636.489638) can0 18F815F3#0000000010030000
(1778533636.490518) can0 273#000000000F023300
(1778533636.491518) can0 1E1#020F271001FE01FE
(1778533636.492549) can0 1F5#0000000000000000
(1778533636.493625) can0 0800A6A9#0000000000000000
(1778533636.494587) can0 1000A6A9#0F02881333434343
(1778533636.495637) can0 1C00A6A9#0000000000030000
(1778533636.496630) can0 02018100#1003020F00000000
(1778533636.497617) can0 02028100#0000003364000000
(1778533636.498608) can0 02038100#0CE201100CE00101
(1778533636.499604) can0 02048100#4301014301010000
(1778533636.567244) can0 0000E005#15273D0003B60591
(1778533636.567831) can0 1806E5F4#13EC010003B6023A
(1778533636.568578) can0 0000E000#13EC13EC020F0000
(1778533636.569567) can0 0000E004#111103B603B601E4
(1778533636.570560) can0 0000E006#0CE00CE00CE00CE0
(1778533636.571560) can0 0000E007#0CE00CE00CE00CE0
(1778533636.572591) can0 0000E008#0CE00CE00CE00CE0
(1778533636.573553) can0 0000E009#0CE00CE00CE00CE2
(1778533636.574603) can0 0000E010#0000000000000000
(1778533636.575597) can0 0000E011#0000000000000000
(1778533636.576574) can0 0000E012#0CE1000100000000
(1778533636.577596) can0 0000F001#0000000000000000
(1778533636.578589) can0 18FF28F4#10330000020F0000
(1778533636.579557) can0 18FE28F4#0CE20CE039390000
(1778533636.580597) can0 18FD28F4#1527FA6F00000000
(1778533636.581487) can0 4D4#000033007D0F0203
(1778533636.582467) can0 4D5#E00CE20C39390000
(1778533636.583567) can0 18914010#0CE2100CE0010000
(1778533636.584575) can0 18904010#020F0000753001FE
(1778533636.585555) can0 18FA28F4#373CA12C10270000
(1778533636.586555) can0 18FB28F4#E20CE00C39390000
(1778533636.587581) can0 18FC28F4#383300000F020000
(1778533636.588579) can0 18F810F3#0F02E80333640100
(1778533636.589591) can0 18F815F3#0000000010030000
(1778533636.590475) can0 273#000000000F023300
(1778533636.591474) can0 1E1#020F271001FE01FE
(1778533636.592502) can0 1F5#0000000000000000
(1778533636.593584) can0 0800A6A9#0000000000000000
(1778533636.594545) can0 1000A6A9#0F02881333434343
(1778533636.595577) can0 1C00A6A9#0000000000030000
(1778533636.596640) can0 02018100#1003020F00000000
(1778533636.597569) can0 02028100#0000003364000000
(1778533636.598569) can0 02038100#0CE201100CE00101
(1778533636.599559) can0 02048100#4301014301010000
(1778533636.667191) can0 0000E005#15273D0003B60591
(1778533636.667783) can0 1806E5F4#13EC010003B6023A
(1778533636.668553) can0 0000E000#13EC13EC020F0000
(1778533636.669509) can0 0000E004#111103B603B601E4
(1778533636.670531) can0 0000E006#0CE00CE00CE00CE0
(1778533636.671526) can0 0000E007#0CE00CE00CE00CE0
(1778533636.672523) can0 0000E008#0CE00CE00CE00CE0
(1778533636.673555) can0 0000E009#0CE00CE00CE00CE2
(1778533636.674548) can0 0000E010#0000000000000000
(1778533636.675549) can0 0000E011#0000000000000000
(1778533636.676529) can0 0000E012#0CE1000100000000
(1778533636.677553) can0 0000F001#0000000000000000
(1778533636.678541) can0 18FF28F4#10330000020F0000
(1778533636.679522) can0 18FE28F4#0CE20CE039390000
(1778533636.680534) can0 18FD28F4#1527FA6F00000000
(1778533636.681480) can0 4D4#000033007D0F0203
(1778533636.682412) can0 4D5#E00CE20C39390000
(1778533636.683526) can0 18914010#0CE2100CE0010000
(1778533636.684520) can0 18904010#020F0000753001FE
(1778533636.685519) can0 18FA28F4#373CA12C10270000
(1778533636.686519) can0 18FB28F4#E20CE00C39390000
(1778533636.687532) can0 18FC28F4#383300000F020000
(1778533636.688512) can0 18F810F3#0F02E80333640100
(1778533636.689534) can0 18F815F3#0000000010030000
(1778533636.690441) can0 273#000000000F023300
(1778533636.691436) can0 1E1#020F271001FE01FE
(1778533636.692447) can0 1F5#0000000000000000
(1778533636.693539) can0 0800A6A9#0000000000000000
(1778533636.694510) can0 1000A6A9#0F02881333434343
(1778533636.695523) can0 1C00A6A9#0000000000030000
(1778533636.696553) can0 02018100#1003020F00000000
(1778533636.697534) can0 02028100#0000003364000000
(1778533636.698515) can0 02038100#0CE201100CE00101
(1778533636.699527) can0 02048100#4301014301010000
(1778533636.784154) can0 0000E005#15273D0003B60591
(1778533636.784734) can0 1806E5F4#13EC010003B6023A
(1778533636.785491) can0 0000E000#13EC13EC020F0000
(1778533636.786472) can0 0000E004#111103B603B601E4
(1778533636.787484) can0 0000E006#0CE00CE00CE00CE2
(1778533636.788460) can0 0000E007#0CE00CE00CE00CE0
(1778533636.789478) can0 0000E008#0CE00CE00CE00CE0
(1778533636.790458) can0 0000E009#0CE00CE00CE00CE2
(1778533636.791509) can0 0000E010#0000000000000000
(1778533636.792501) can0 0000E011#0000000000000000
(1778533636.793482) can0 0000E012#0CE1000100000000
(1778533636.794451) can0 0000E013#4542323630354C43
(1778533636.795494) can0 0000E014#3134323300000000
(1778533636.796489) can0 0000E015#0000000000000003
(1778533636.797507) can0 0000F000#0000000000000000
(1778533636.798506) can0 0000F001#0000000000000000
(1778533636.799487) can0 18FF28F4#10330000020F0000
(1778533636.800464) can0 18FE28F4#0CE20CE039390000
(1778533636.801479) can0 18FD28F4#1527FA6F00000000
(1778533636.802377) can0 4D4#000033007D0F0203
(1778533636.803397) can0 4D5#E00CE20C39390000
(1778533636.804472) can0 18914010#0CE2040CE0010000
(1778533636.805485) can0 18904010#020F0000753001FE
(1778533636.806464) can0 18FA28F4#373CA12C10270000
(1778533636.807464) can0 18FB28F4#E20CE00C39390000
(1778533636.808475) can0 18FC28F4#383300000F020000
(1778533636.809458) can0 18F810F3#0F02E80333640100
(1778533636.810470) can0 18F811F3#E20C0401E00C0101
(1778533636.811502) can0 18F812F3#3901013901010000
(1778533636.812498) can0 18F813F3#0101000000000000
(1778533636.813462) can0 18F814F3#32000F19A9015F00
(1778533636.814494) can0 18F815F3#0000000010030000
(1778533636.815393) can0 273#000000000F023300
(1778533636.816372) can0 1E1#020F271001FE01FE
(1778533636.817404) can0 1F5#0000000000000000
(1778533636.818480) can0 0800A6A9#0000000000000000
(1778533636.819493) can0 1000A6A9#0F02881333434343
(1778533636.820466) can0 1C00A6A9#0000000000030000
(1778533636.821498) can0 02018100#1003020F00000000
(1778533636.822478) can0 02028100#0000003364000000
(1778533636.823471) can0 02038100#0CE201040CE00101
(1778533636.824462) can0 02048100#4301014301010000
(1778533636.882118) can0 0000E005#15273D0003B60591
(1778533636.882708) can0 1806E5F4#13EC010003B6023A
(1778533636.883459) can0 0000E000#13EC13EC020F0000
(1778533636.884437) can0 0000E004#111103B603B601E4
(1778533636.885438) can0 0000E006#0CE00CE00CE00CE2
(1778533636.886429) can0 0000E007#0CE00CE00CE00CE0
(1778533636.887430) can0 0000E008#0CE00CE00CE00CE0
(1778533636.888442) can0 0000E009#0CE00CE00CE00CE2
(1778533636.889474) can0 0000E010#0000000000000000
(1778533636.890467) can0 0000E011#0000000000000000
(1778533636.891449) can0 0000E012#0CE1000100000000
(1778533636.892462) can0 0000F001#0000000000000000
(1778533636.893447) can0 18FF28F4#10330000020F0000
(1778533636.894427) can0 18FE28F4#0CE20CE039390000
(1778533636.895441) can0 18FD28F4#1527FA6F00000000
(1778533636.896389) can0 4D4#000033007D0F0203
(1778533636.897338) can0 4D5#E00CE20C39390000
(1778533636.898433) can0 18914010#0CE2040CE0010000
(1778533636.899446) can0 18904010#020F0000753001FE
(1778533636.900423) can0 18FA28F4#373CA12C10270000
(1778533636.901426) can0 18FB28F4#E20CE00C39390000
(1778533636.902437) can0 18FC28F4#383300000F020000
(1778533636.903419) can0 18F810F3#0F02E80333640100
(1778533636.904495) can0 18F815F3#0000000010030000
(1778533636.905348) can0 273#000000000F023300
(1778533636.906341) can0 1E1#020F271001FE01FE
(1778533636.907360) can0 1F5#0000000000000000
(1778533636.908454) can0 0800A6A9#0000000000000000
(1778533636.909416) can0 1000A6A9#0F02881333434343
(1778533636.910447) can0 1C00A6A9#0000000000030000
(1778533636.911460) can0 02018100#1003020F00000000
(1778533636.912434) can0 02028100#0000003364000000
(1778533636.913434) can0 02038100#0CE201040CE00101
(1778533636.914433) can0 02048100#4301014301010000
(1778533636.982081) can0 0000E005#15273D0003B60591
(1778533636.982664) can0 1806E5F4#13EC010003B6023A
(1778533636.983403) can0 0000E000#13EC13EC020F0000
(1778533636.984383) can0 0000E004#111103B603B601E4
(1778533636.985384) can0 0000E006#0CE00CE00CE00CE2
(1778533636.986376) can0 0000E007#0CE00CE00CE00CE0
(1778533636.987395) can0 0000E008#0CE00CE00CE00CE0
(1778533636.988376) can0 0000E009#0CE00CE00CE00CE2
(1778533636.989420) can0 0000E010#0000000000000000
(1778533636.990414) can0 0000E011#0000000000000000
(1778533636.991400) can0 0000E012#0CE1000100000000
(1778533636.992426) can0 0000F001#0000000000000000
(1778533636.993406) can0 18FF28F4#10330000020F0000
(1778533636.994372) can0 18FE28F4#0CE20CE039390000
(1778533636.995387) can0 18FD28F4#1527FA6F00000000
(1778533636.996303) can0 4D4#000033007D0F0203
(1778533636.997284) can0 4D5#E00CE20C39390000
(1778533636.998391) can0 18914010#0CE2040CE0010000
(1778533636.999391) can0 18904010#020F0000753001FE
(1778533637.000372) can0 18FA28F4#373CA12C10270000
(1778533637.001371) can0 18FB28F4#E20CE00C39390000
(1778533637.002394) can0 18FC28F4#383300000F020000
(1778533637.003365) can0 18F810F3#0F02E80333640100
(1778533637.004408) can0 18F815F3#0000000010030000
(1778533637.005306) can0 273#000000000F023300
(1778533637.006284) can0 1E1#020F271001FE01FE
(1778533637.007319) can0 1F5#0000000000000000
(1778533637.008394) can0 0800A6A9#0000000000000000
(1778533637.009362) can0 1000A6A9#0F02881333434343
(1778533637.010393) can0 1C00A6A9#0000000000030000
(1778533637.011406) can0 02018100#1003020F00000000
(1778533637.012399) can0 02028100#0000003364000000
(1778533637.013380) can0 02038100#0CE201040CE00101
(1778533637.014375) can0 02048100#4301014301010000
(1778533637.082021) can0 0000E005#15273D0003B60591
(1778533637.082607) can0 1806E5F4#13EC010003B6023A
(1778533637.083364) can0 0000E000#13EC13EC020F0000
(1778533637.084342) can0 0000E004#111103B603B601E4
(1778533637.085343) can0 0000E006#0CE00CE00CE00CE0
(1778533637.086343) can0 0000E007#0CE00CE00CE00CE0
(1778533637.087336) can0 0000E008#0CE00CE00CE00CE0
(1778533637.088336) can0 0000E009#0CE00CE00CE00CE2
(1778533637.089379) can0 0000E010#0000000000000000
(1778533637.090379) can0 0000E011#0000000000000000
(1778533637.091360) can0 0000E012#0CE1000100000000
(1778533637.092363) can0 0000F001#0000000000000000
(1778533637.093365) can0 18FF28F4#10330000020F0000
(1778533637.094334) can0 18FE28F4#0CE20CE039390000
(1778533637.095365) can0 18FD28F4#1527FA6F00000000
(1778533637.096261) can0 4D4#000033007D0F0203
(1778533637.097244) can0 4D5#E00CE20C39390000
(1778533637.098339) can0 18914010#0CE2100CE0010000
(1778533637.099352) can0 18904010#020F0000753001FE
(1778533637.100331) can0 18FA28F4#373CA12C10270000
(1778533637.101331) can0 18FB28F4#E20CE00C39390000
(1778533637.102357) can0 18FC28F4#383300000F020000
(1778533637.103337) can0 18F810F3#0F02E80333640100
(1778533637.104368) can0 18F815F3#0000000010030000
(1778533637.105254) can0 273#000000000F023300
(1778533637.106253) can0 1E1#020F271001FE01FE
(1778533637.107278) can0 1F5#0000000000000000
(1778533637.108349) can0 0800A6A9#0000000000000000
(1778533637.109322) can0 1000A6A9#0F02881333434343
(1778533637.110353) can0 1C00A6A9#0000000000030000
(1778533637.111380) can0 02018100#1003020F00000000
(1778533637.112346) can0 02028100#0000003364000000
(1778533637.113340) can0 02038100#0CE201100CE00101
(1778533637.114340) can0 02048100#4301014301010000
(1778533637.181980) can0 0000E005#15273D0003B60591
(1778533637.182574) can0 1806E5F4#13EC010003B6023A
(1778533637.183324) can0 0000E000#13EC13EC020F0000
(1778533637.184303) can0 0000E004#111103B603B601E4
(1778533637.185303) can0 0000E006#0CE00CE00CE00CE0
(1778533637.186292) can0 0000E007#0CE00CE00CE00CE0
(1778533637.187296) can0 0000E008#0CE00CE00CE00CE0
(1778533637.188327) can0 0000E009#0CE00CE00CE00CE2
(1778533637.189340) can0 0000E010#0000000000000000
(1778533637.190333) can0 0000E011#0000000000000000
(1778533637.191320) can0 0000E012#0CE1000100000000
(1778533637.192332) can0 0000F001#0000000000000000
(1778533637.193326) can0 18FF28F4#10330000020F0000
(1778533637.194292) can0 18FE28F4#0CE20CE039390000
(1778533637.195306) can0 18FD28F4#1527FA6F00000000
(1778533637.196255) can0 4D4#000033007D0F0203
(1778533637.197204) can0 4D5#E00CE20C39390000
(1778533637.198288) can0 18914010#0CE2100CE0010000
(1778533637.199311) can0 18904010#020F0000753001FE
(1778533637.200291) can0 18FA28F4#373CA12C10270000
(1778533637.201285) can0 18FB28F4#E20CE00C39390000
(1778533637.202316) can0 18FC28F4#383300000F020000
(1778533637.203285) can0 18F810F3#0F02E80333640100
(1778533637.204360) can0 18F815F3#0000000010030000
(1778533637.205214) can0 273#000000000F023300
(1778533637.206205) can0 1E1#020F271001FE01FE
(1778533637.207238) can0 1F5#0000000000000000
(1778533637.208314) can0 0800A6A9#0000000000000000
(1778533637.209282) can0 1000A6A9#0F02881333434343
(1778533637.210307) can0 1C00A6A9#0000000000030000
(1778533637.211326) can0 02018100#1003020F00000000
(1778533637.212351) can0 02028100#0000003364000000
(1778533637.213300) can0 02038100#0CE201100CE00101
(1778533637.214299) can0 02048100#4301014301010000
(1778533637.298929) can0 0000E005#15273D0003B60591
(1778533637.299532) can0 1806E5F4#13EC010003B6023A
(1778533637.300278) can0 0000E000#13EC13EC020F0000
(1778533637.301256) can0 0000E004#111103B603B601E4
(1778533637.302257) can0 0000E006#0CE00CE00CE00CE0
(1778533637.303257) can0 0000E007#0CE00CE00CE00CE0
(1778533637.304251) can0 0000E008#0CE00CE00CE00CE0
(1778533637.305245) can0 0000E009#0CE00CE00CE00CE2
(1778533637.306294) can0 0000E010#0000000000000000
(1778533637.307275) can0 0000E011#0000000000000000
(1778533637.308274) can0 0000E012#0CE1000100000000
(1778533637.309242) can0 0000E013#4542323630354C43
(1778533637.310267) can0 0000E014#3134323300000000
(1778533637.311280) can0 0000E015#0000000000000003
(1778533637.312279) can0 0000F000#0000000000000000
(1778533637.313275) can0 0000F001#0000000000000000
(1778533637.314272) can0 18FF28F4#10330000020F0000
(1778533637.315240) can0 18FE28F4#0CE20CE039390000
(1778533637.316254) can0 18FD28F4#1527FA6F00000000
(1778533637.317164) can0 4D4#000033007D0F0203
(1778533637.318150) can0 4D5#E00CE20C39390000
(1778533637.319245) can0 18914010#0CE2100CE0010000
(1778533637.320259) can0 18904010#020F0000753001FE
(1778533637.321238) can0 18FA28F4#373CA12C10270000
(1778533637.322238) can0 18FB28F4#E20CE00C39390000
(1778533637.323269) can0 18FC28F4#383300000F020000
(1778533637.324231) can0 18F810F3#0F02E80333640100
(1778533637.325243) can0 18F811F3#E20C1001E00C0101
(1778533637.326256) can0 18F812F3#3901013901010000
(1778533637.327274) can0 18F813F3#0101000000000000
(1778533637.328229) can0 18F814F3#32000F19A9015F00
(1778533637.329267) can0 18F815F3#0000000010030000
(1778533637.330165) can0 273#000000000F023300
(1778533637.331164) can0 1E1#020F271001FE01FE
(1778533637.332172) can0 1F5#0000000000000000
(1778533637.333266) can0 0800A6A9#0000000000000000
(1778533637.334247) can0 1000A6A9#0F02881333434343
(1778533637.335259) can0 1C00A6A9#0000000000030000
(1778533637.336267) can0 02018100#1003020F00000000
(1778533637.337264) can0 02028100#0000003364000000
(1778533637.338245) can0 02038100#0CE201100CE00101
(1778533637.339246) can0 02048100#4301014301010000
(1778533637.396884) can0 0000E005#15273D0003B60591
(1778533637.397501) can0 1806E5F4#13EC010003B6023A
(1778533637.398232) can0 0000E000#13EC13EC020F0000
(1778533637.399212) can0 0000E004#111103B603B601E4
(1778533637.400211) can0 0000E006#0CE00CE00CE00CE0
(1778533637.401211) can0 0000E007#0CE00CE00CE00CE0
(1778533637.402204) can0 0000E008#0CE00CE00CE00CE0
(1778533637.403204) can0 0000E009#0CE00CE00CE00CE2
(1778533637.404245) can0 0000E010#0000000000000000
(1778533637.405235) can0 0000E011#0000000000000000
(1778533637.406228) can0 0000E012#0CE1000100000000
