(1779321500.497506) can0 18FE28F4#0CD60CD540400000
(1779321500.498490) can0 18FD28F4#1702FA6F00000000
(1779321500.499395) can0 4D4#000032007D0D0203
(1779321500.500407) can0 4D5#D50CD60C40400000
(1779321500.501479) can0 18914010#0CD6100CD5020000
(1779321500.502470) can0 18904010#020D020D753001FB
(1779321500.503494) can0 18FA28F4#123EA12C10270000
(1779321500.504473) can0 18FB28F4#D60CD50C40400000
(1779321500.505504) can0 18FC28F4#383200000D020000
(1779321500.506460) can0 18F810F3#0D02E80332640100
(1779321500.507495) can0 18F815F3#0000000010030000
(1779321500.508402) can0 273#000000000D023200
(1779321500.509396) can0 1E1#020D271001FB01FB
(1779321500.510408) can0 1F5#0000000000000000
(1779321500.511488) can0 0800A6A9#0000000000000000
(1779321500.512454) can0 1000A6A9#0D028813324A4A4A
(1779321500.513502) can0 1C00A6A9#0000000000030000
(1779321500.514506) can0 02018100#1003020D00000000
(1779321500.515509) can0 02028100#0000003264000000
(1779321500.516486) can0 02038100#0CD601100CD50102
(1779321500.517515) can0 02048100#4A01014A01010000
(1779321500.518401) can0 1AD#8814000059321818
(1779321500.519391) can0 2AD#D60C800C88140016
(1779321500.520407) can0 3AD#0000000000008814
(1779321500.521421) can0 4AD#EB00000000000000
(1779321500.522413) can0 76A#7F00000000000000
(1779321500.585041) can0 0000E005#1702440003B60591
(1779321500.585599) can0 1806E5F4#13D2010003B6023A
(1779321500.586502) can0 0000E000#13D213D2020D0000
(1779321500.587482) can0 0000E004#181803B603B601E2
(1779321500.588464) can0 0000E006#0CD50CD50CD50CD5
(1779321500.589462) can0 0000E007#0CD50CD50CD60CD5
(1779321500.590457) can0 0000E008#0CD50CD60CD50CD5
(1779321500.591470) can0 0000E009#0CD60CD60CD50CD6
(1779321500.592516) can0 0000E010#0000000000000000
(1779321500.593512) can0 0000E011#0000000000000000
(1779321500.594508) can0 0000E012#0CD5000100000000
(1779321500.595505) can0 0000F001#0000000000000000
(1779321500.596480) can0 18FF28F4#10320000020D0000
(1779321500.597468) can0 18FE28F4#0CD60CD540400000
(1779321500.598483) can0 18FD28F4#1702FA6F00000000
(1779321500.599398) can0 4D4#000032007D0D0203
(1779321500.600392) can0 4D5#D50CD60C40400000
(1779321500.601469) can0 18914010#0CD6100CD5010000
(1779321500.602511) can0 18904010#020D020D753001FB
(1779321500.603487) can0 18FA28F4#123EA12C10270000
(1779321500.604460) can0 18FB28F4#D60CD50C40400000
(1779321500.605500) can0 18FC28F4#383200000D020000
(1779321500.606461) can0 18F810F3#0D02E80332640100
(1779321500.607515) can0 18F815F3#0000000010030000
(1779321500.608411) can0 273#000000000D023200
(1779321500.609395) can0 1E1#020D271001FB01FB
(1779321500.610458) can0 1F5#0000000000000000
(1779321500.611504) can0 0800A6A9#0000000000000000
(1779321500.612460) can0 1000A6A9#0D028813324A4A4A
(1779321500.613498) can0 1C00A6A9#0000000000030000
(1779321500.614510) can0 02018100#1003020D00000000
(1779321500.615510) can0 02028100#0000003264000000
(1779321500.616482) can0 02038100#0CD601100CD50101
(1779321500.617491) can0 02048100#4A01014A01010000
(1779321500.618438) can0 1AD#8814000059321818
(1779321500.619398) can0 2AD#D60C800C88140016
(1779321500.620410) can0 3AD#0000000000008814
(1779321500.621411) can0 4AD#EB00000000000000
(1779321500.622422) can0 76A#7F00000000000000
(1779321500.685090) can0 0000E005#1702440003B60591
(1779321500.685637) can0 1806E5F4#13D2010003B6023A
(1779321500.686482) can0 0000E000#13D213D2020D0000
(1779321500.687523) can0 0000E004#181803B603B601E2
(1779321500.688451) can0 0000E006#0CD50CD50CD50CD5
(1779321500.689456) can0 0000E007#0CD50CD50CD60CD5
(1779321500.690461) can0 0000E008#0CD50CD60CD50CD5
(1779321500.691460) can0 0000E009#0CD60CD60CD50CD6
(1779321500.692505) can0 0000E010#0000000000000000
(1779321500.693499) can0 0000E011#0000000000000000
(1779321500.694485) can0 0000E012#0CD5000100000000
(1779321500.695550) can0 0000F001#0000000000000000
(1779321500.696489) can0 18FF28F4#10320000020D0000
(1779321500.697468) can0 18FE28F4#0CD60CD540400000
(1779321500.698483) can0 18FD28F4#1702FA6F00000000
(1779321500.699398) can0 4D4#000032007D0D0203
(1779321500.700378) can0 4D5#D50CD60C40400000
(1779321500.701474) can0 18914010#0CD6100CD5010000
(1779321500.702478) can0 18904010#020D020D753001FB
(1779321500.703522) can0 18FA28F4#123EA12C10270000
(1779321500.704472) can0 18FB28F4#D60CD50C40400000
(1779321500.705481) can0 18FC28F4#383200000D020000
(1779321500.706471) can0 18F810F3#0D02E80332640100
(1779321500.707528) can0 18F815F3#0000000010030000
(1779321500.708409) can0 273#000000000D023200
(1779321500.709385) can0 1E1#020D271001FB01FB
(1779321500.710418) can0 1F5#0000000000000000
(1779321500.711499) can0 0800A6A9#0000000000000000
(1779321500.712457) can0 1000A6A9#0D028813324A4A4A
(1779321500.713486) can0 1C00A6A9#0000000000030000
(1779321500.714489) can0 02018100#1003020D00000000
(1779321500.715490) can0 02028100#0000003264000000
(1779321500.716474) can0 02038100#0CD601100CD50101
(1779321500.717474) can0 02048100#4A01014A01010000
(1779321500.718379) can0 1AD#8814000059321818
(1779321500.719391) can0 2AD#D60C800C88140016
(1779321500.720403) can0 3AD#0000000000008814
(1779321500.721405) can0 4AD#EB00000000000000
(1779321500.722400) can0 76A#7F00000000000000
(1779321500.802038) can0 0000E005#1702440003B60591
(1779321500.802590) can0 1806E5F4#13D2010003B6023A
(1779321500.803463) can0 0000E000#13D213D2020D0000
(1779321500.804462) can0 0000E004#181803B603B601E2
(1779321500.805456) can0 0000E006#0CD50CD60CD50CD5
(1779321500.806475) can0 0000E007#0CD50CD50CD60CD5
(1779321500.807462) can0 0000E008#0CD60CD50CD60CD5
(1779321500.808458) can0 0000E009#0CD50CD50CD60CD6
(1779321500.809501) can0 0000E010#0000000000000000
(1779321500.810500) can0 0000E011#0000000000000000
(1779321500.811481) can0 0000E012#0CD5000100000000
(1779321500.812442) can0 0000E013#4542323630354C43
(1779321500.813475) can0 0000E014#3134323300000000
(1779321500.814491) can0 0000E015#0000000000000003
(1779321500.815501) can0 0000F000#0000000000000000
(1779321500.816500) can0 0000F001#0000000000000000
(1779321500.817493) can0 18FF28F4#10320000020D0000
(1779321500.818460) can0 18FE28F4#0CD60CD540400000
(1779321500.819467) can0 18FD28F4#1702FA6F00000000
(1779321500.820382) can0 4D4#000032007D0D0203
(1779321500.821382) can0 4D5#D50CD60C40400000
(1779321500.822465) can0 18914010#0CD6100CD5010000
(1779321500.823459) can0 18904010#020D020D753001FB
(1779321500.824491) can0 18924010#4001400100000000
(1779321500.825503) can0 18934010#0000000F0000BC51
(1779321500.826483) can0 18944010#1003000000000000
(1779321500.827497) can0 18954010#0000000000000000
(1779321500.828504) can0 18954010#0100000000000000
(1779321500.829495) can0 18954010#0200000000000000
(1779321500.830495) can0 18954010#0300000000000000
(1779321500.831487) can0 18954010#0400000000000000
(1779321500.832488) can0 18954010#0500000000000000
(1779321500.833519) can0 18964010#0040404000000000
(1779321500.834494) can0 18974010#0000000000000000
(1779321500.835492) can0 18984010#0000000000000000
(1779321500.836460) can0 18FA28F4#123EA12C10270000
(1779321500.837452) can0 18FB28F4#D60CD50C40400000
(1779321500.838484) can0 18FC28F4#383200000D020000
(1779321500.839444) can0 18F810F3#0D02E80332640100
(1779321500.840458) can0 18F811F3#D60C1001D50C0101
(1779321500.841498) can0 18F812F3#4001014001010000
(1779321500.842479) can0 18F813F3#0101000000000000
(1779321500.843455) can0 18F814F3#3200EA1AA9015F00
(1779321500.844472) can0 18F815F3#0000000010030000
(1779321500.845377) can0 273#000000000D023200
(1779321500.846376) can0 1E1#020D271001FB01FB
(1779321500.847396) can0 1F5#0000000000000000
(1779321500.848472) can0 0800A6A9#0000000000000000
(1779321500.849485) can0 1000A6A9#0D028813324A4A4A
(1779321500.850467) can0 1C00A6A9#0000000000030000
(1779321500.851476) can0 02018100#1003020D00000000
(1779321500.852479) can0 02028100#0000003264000000
(1779321500.853460) can0 02038100#0CD601100CD50101
(1779321500.854460) can0 02048100#4A01014A01010000
(1779321500.855377) can0 1AD#8814000059321818
(1779321500.856377) can0 2AD#D60C800C88140016
(1779321500.857377) can0 3AD#0000000000008814
(1779321500.858377) can0 4AD#EB00000000000000
(1779321500.859390) can0 76A#7F00000000000000
(1779321500.918058) can0 0000E005#1702440003B60591
(1779321500.918616) can0 1806E5F4#13D2010003B6023A
(1779321500.919456) can0 0000E000#13D213D2020D0000
(1779321500.920448) can0 0000E004#181803B603B601E2
(1779321500.921450) can0 0000E006#0CD50CD60CD50CD5
(1779321500.922431) can0 0000E007#0CD50CD50CD60CD5
(1779321500.923444) can0 0000E008#0CD60CD50CD60CD5
(1779321500.924434) can0 0000E009#0CD50CD50CD60CD6
(1779321500.925488) can0 0000E010#0000000000000000
(1779321500.926533) can0 0000E011#0000000000000000
(1779321500.927463) can0 0000E012#0CD5000100000000
(1779321500.928476) can0 0000F001#0000000000000000
(1779321500.929476) can0 18FF28F4#10320000020D0000
(1779321500.930444) can0 18FE28F4#0CD60CD540400000
(1779321500.931457) can0 18FD28F4#1702FA6F00000000
(1779321500.932380) can0 4D4#000032007D0D0203
(1779321500.933380) can0 4D5#D50CD60C40400000
(1779321500.934457) can0 18914010#0CD6100CD5010000
(1779321500.935445) can0 18904010#020D020D753001FB
(1779321500.936450) can0 18FA28F4#123EA12C10270000
(1779321500.937451) can0 18FB28F4#D60CD50C40400000
(1779321500.938464) can0 18FC28F4#383200000D020000
(1779321500.939445) can0 18F810F3#0D02E80332640100
(1779321500.940476) can0 18F815F3#0000000010030000
(1779321500.941380) can0 273#000000000D023200
(1779321500.942381) can0 1E1#020D271001FB01FB
(1779321500.943381) can0 1F5#0000000000000000
(1779321500.944472) can0 0800A6A9#0000000000000000
(1779321500.945425) can0 1000A6A9#0D028813324A4A4A
(1779321500.946457) can0 1C00A6A9#0000000000030000
(1779321500.947470) can0 02018100#1003020D00000000
(1779321500.948466) can0 02028100#0000003264000000
(1779321500.949451) can0 02038100#0CD601100CD50101
(1779321500.950458) can0 02048100#4A01014A01010000
(1779321500.951381) can0 1AD#8814000059321818
(1779321500.952381) can0 2AD#D60C800C88140016
(1779321500.953381) can0 3AD#0000000000008814
(1779321500.954381) can0 4AD#EB00000000000000
(1779321500.955387) can0 76A#7F00000000000000
(1779321501.018001) can0 0000E005#1702440003B60591
(1779321501.018583) can0 1806E5F4#13D2010003B6023A
(1779321501.019448) can0 0000E000#13D213D2020D0000
(1779321501.020447) can0 0000E004#181803B603B601E2
(1779321501.021438) can0 0000E006#0CD50CD60CD50CD5
(1779321501.022441) can0 0000E007#0CD50CD50CD60CD5
(1779321501.023435) can0 0000E008#0CD60CD50CD60CD5
(1779321501.024435) can0 0000E009#0CD50CD50CD60CD6
(1779321501.025480) can0 0000E010#0000000000000000
(1779321501.026480) can0 0000E011#0000000000000000
(1779321501.027461) can0 0000E012#0CD5000100000000
(1779321501.028474) can0 0000F001#0000000000000000
(1779321501.029468) can0 18FF28F4#10320000020D0000
(1779321501.030455) can0 18FE28F4#0CD60CD540400000
(1779321501.031449) can0 18FD28F4#1702FA6F00000000
(1779321501.032384) can0 4D4#000032007D0D0203
(1779321501.033384) can0 4D5#D50CD60C40400000
(1779321501.034436) can0 18914010#0CD6100CD5010000
(1779321501.035456) can0 18904010#020D020D753001FB
(1779321501.036448) can0 18FA28F4#123EA12C10270000
(1779321501.037449) can0 18FB28F4#D60CD50C40400000
(1779321501.038461) can0 18FC28F4#383200000D020000
(1779321501.039442) can0 18F810F3#0D02E80332640100
(1779321501.040474) can0 18F815F3#0000000010030000
(1779321501.041385) can0 273#000000000D023200
(1779321501.042385) can0 1E1#020D271001FB01FB
(1779321501.043385) can0 1F5#0000000000000000
(1779321501.044474) can0 0800A6A9#0000000000000000
(1779321501.045423) can0 1000A6A9#0D028813324A4A4A
(1779321501.046456) can0 1C00A6A9#0000000000030000
(1779321501.047468) can0 02018100#1003020D00000000
(1779321501.048481) can0 02028100#0000003264000000
(1779321501.049442) can0 02038100#0CD601100CD50101
(1779321501.050456) can0 02048100#4A01014A01010000
(1779321501.051386) can0 1AD#8814000059321818
(1779321501.052385) can0 2AD#D60C800C88140016
(1779321501.053385) can0 3AD#0000000000008814
(1779321501.054385) can0 4AD#EB00000000000000
(1779321501.055386) can0 76A#7F00000000000000
(1779321501.118008) can0 0000E005#1702440003B60591
(1779321501.118574) can0 1806E5F4#13D2010003B6023A
(1779321501.119446) can0 0000E000#13D213D2020D0000
(1779321501.120439) can0 0000E004#181803B603B601E2
(1779321501.121420) can0 0000E006#0CD60CD50CD50CD5
(1779321501.122440) can0 0000E007#0CD50CD50CD50CD5
(1779321501.123434) can0 0000E008#0CD60CD60CD50CD5
(1779321501.124433) can0 0000E009#0CD50CD60CD60CD6
(1779321501.125488) can0 0000E010#0000000000000000
(1779321501.126478) can0 0000E011#0000000000000000
(1779321501.127459) can0 0000E012#0CD5000100000000
(1779321501.128484) can0 0000F001#0000000000000000
(1779321501.129466) can0 18FF28F4#10320000020D0000
(1779321501.130446) can0 18FE28F4#0CD60CD540400000
(1779321501.131447) can0 18FD28F4#1702FA6F00000000
(1779321501.132389) can0 4D4#000032007D0D0203
(1779321501.133389) can0 4D5#D50CD60C40400000
(1779321501.134433) can0 18914010#0CD6100CD5020000
(1779321501.135446) can0 18904010#020D020D753001FB
(1779321501.136446) can0 18FA28F4#123EA12C10270000
(1779321501.137443) can0 18FB28F4#D60CD50C40400000
(1779321501.138472) can0 18FC28F4#383200000D020000
(1779321501.139441) can0 18F810F3#0D02E80332640100
(1779321501.140466) can0 18F815F3#0000000010030000
(1779321501.141397) can0 273#000000000D023200
(1779321501.142389) can0 1E1#020D271001FB01FB
(1779321501.143389) can0 1F5#0000000000000000
(1779321501.144472) can0 0800A6A9#0000000000000000
(1779321501.145434) can0 1000A6A9#0D028813324A4A4A
(1779321501.146466) can0 1C00A6A9#0000000000030000
(1779321501.147460) can0 02018100#1003020D00000000
(1779321501.148460) can0 02028100#0000003264000000
(1779321501.149481) can0 02038100#0CD601100CD50102
(1779321501.150453) can0 02048100#4A01014A01010000
(1779321501.151390) can0 1AD#8814000059321818
(1779321501.152390) can0 2AD#D60C800C88140016
(1779321501.153389) can0 3AD#0000000000008814
(1779321501.154390) can0 4AD#EB00000000000000
(1779321501.155390) can0 76A#7F00000000000000
(1779321501.218039) can0 0000E005#1702440003B60591
(1779321501.218597) can0 1806E5F4#13D2010003B6023A
(1779321501.219451) can0 0000E000#13D213D2020D0000
(1779321501.220450) can0 0000E004#181803B603B601E2
(1779321501.221431) can0 0000E006#0CD60CD50CD50CD5
(1779321501.222423) can0 0000E007#0CD50CD50CD50CD5
(1779321501.223425) can0 0000E008#0CD60CD60CD50CD5
(1779321501.224437) can0 0000E009#0CD50CD60CD60CD6
(1779321501.225469) can0 0000E010#0000000000000000
(1779321501.226508) can0 0000E011#0000000000000000
(1779321501.227451) can0 0000E012#0CD5000100000000
(1779321501.228476) can0 0000F001#0000000000000000
(1779321501.229457) can0 18FF28F4#10320000020D0000
(1779321501.230444) can0 18FE28F4#0CD60CD540400000
(1779321501.231458) can0 18FD28F4#1702FA6F00000000
(1779321501.232393) can0 4D4#000032007D0D0203
(1779321501.233393) can0 4D5#D50CD60C40400000
(1779321501.234492) can0 18914010#0CD6100CD5020000
(1779321501.235445) can0 18904010#020D020D753001FB
(1779321501.236444) can0 18FA28F4#123EA12C10270000
(1779321501.237438) can0 18FB28F4#D60CD50C40400000
(1779321501.238455) can0 18FC28F4#383200000D020000
(1779321501.239438) can0 18F810F3#0D02E80332640100
(1779321501.240470) can0 18F815F3#0000000010030000
(1779321501.241393) can0 273#000000000D023200
(1779321501.242394) can0 1E1#020D271001FB01FB
(1779321501.243394) can0 1F5#0000000000000000
(1779321501.244458) can0 0800A6A9#0000000000000000
(1779321501.245419) can0 1000A6A9#0D028813324A4A4A
(1779321501.246448) can0 1C00A6A9#0000000000030000
(1779321501.247465) can0 02018100#1003020D00000000
(1779321501.248464) can0 02028100#0000003264000000
(1779321501.249438) can0 02038100#0CD601100CD50102
(1779321501.250448) can0 02048100#4A01014A01010000
(1779321501.251394) can0 1AD#8814000059321818
(1779321501.252394) can0 2AD#D60C800C88140016
(1779321501.253394) can0 3AD#0000000000008814
(1779321501.254394) can0 4AD#EB00000000000000
(1779321501.255394) can0 76A#7F00000000000000
(1779321501.335037) can0 0000E005#1702440003B60591
(1779321501.335596) can0 1806E5F4#13D2010003B6023A
(1779321501.336446) can0 0000E000#13D213D2020D0000
(1779321501.337443) can0 0000E004#181803B603B601E2
(1779321501.338423) can0 0000E006#0CD60CD50CD50CD5
(1779321501.339424) can0 0000E007#0CD50CD50CD50CD6
(1779321501.340429) can0 0000E008#0CD60CD60CD50CD5
(1779321501.341436) can0 0000E009#0CD60CD60CD60CD6
(1779321501.342468) can0 0000E010#0000000000000000
(1779321501.343462) can0 0000E011#0000000000000000
(1779321501.344443) can0 0000E012#0CD5000100000000
(1779321501.345424) can0 0000E013#4542323630354C43
(1779321501.346436) can0 0000E014#3134323300000000
(1779321501.347455) can0 0000E015#0000000000000003
(1779321501.348482) can0 0000F000#0000000000000000
(1779321501.349462) can0 0000F001#0000000000000000
(1779321501.350443) can0 18FF28F4#10320000020D0000
(1779321501.351444) can0 18FE28F4#0CD60CD540400000
(1779321501.352437) can0 18FD28F4#1702FA6F00000000
(1779321501.353399) can0 4D4#000032007D0D0203
(1779321501.354398) can0 4D5#D50CD60C40400000
(1779321501.355444) can0 18914010#0CD6100CD5020000
(1779321501.356456) can0 18904010#020D020D753001FB
(1779321501.357457) can0 18924010#4001400100000000
(1779321501.358437) can0 18934010#000000100000BC51
(1779321501.359450) can0 18944010#1003000000000000
(1779321501.360460) can0 18954010#0000000000000000
(1779321501.361463) can0 18954010#0100000000000000
(1779321501.362462) can0 18954010#0200000000000000
(1779321501.363463) can0 18954010#0300000000000000
(1779321501.364491) can0 18954010#0400000000000000
(1779321501.365456) can0 18954010#0500000000000000
(1779321501.366456) can0 18964010#0040404000000000
(1779321501.367450) can0 18974010#0000000000000000
(1779321501.368450) can0 18984010#0000000000000000
(1779321501.369432) can0 18FA28F4#123EA12C10270000
(1779321501.370425) can0 18FB28F4#D60CD50C40400000
(1779321501.371457) can0 18FC28F4#383200000D020000
(1779321501.372445) can0 18F810F3#0D02E80332640100
(1779321501.373431) can0 18F811F3#D60C1001D50C0201
(1779321501.374444) can0 18F812F3#4001014001010000
(1779321501.375457) can0 18F813F3#0101000000000000
(1779321501.376430) can0 18F814F3#3200EA1AA9015F00
(1779321501.377450) can0 18F815F3#0000000010030000
(1779321501.378399) can0 273#000000000D023200
(1779321501.379334) can0 1E1#020D271001FB01FB
(1779321501.380419) can0 1F5#0000000000000000
(1779321501.381463) can0 0800A6A9#0000000000000000
(1779321501.382406) can0 1000A6A9#0D028813324A4A4A
(1779321501.383438) can0 1C00A6A9#0000000000030000
(1779321501.384453) can0 02018100#1003020D00000000
(1779321501.385451) can0 02028100#0000003264000000
(1779321501.386438) can0 02038100#0CD601100CD50102
(1779321501.387435) can0 02048100#4A01014A01010000
(1779321501.388401) can0 1AD#8814000059321818
(1779321501.389400) can0 2AD#D60C800C88140016
(1779321501.390400) can0 3AD#0000000000008814
(1779321501.391400) can0 4AD#EB00000000000000
(1779321501.392400) can0 76A#7F00000000000000
(1779321501.451007) can0 0000E005#1702440003B60591
(1779321501.451551) can0 1806E5F4#13D2010003B6023A
(1779321501.452435) can0 0000E000#13D213D2020D0000
(1779321501.453426) can0 0000E004#181803B603B601E2
(1779321501.454416) can0 0000E006#0CD60CD50CD50CD5
(1779321501.455410) can0 0000E007#0CD50CD50CD50CD6
(1779321501.456429) can0 0000E008#0CD60CD60CD50CD5
(1779321501.457472) can0 0000E009#0CD60CD60CD60CD6
(1779321501.458460) can0 0000E010#0000000000000000
(1779321501.459454) can0 0000E011#0000000000000000
(1779321501.460441) can0 0000E012#0CD5000100000000
(1779321501.461467) can0 0000F001#0000000000000000
(1779321501.462454) can0 18FF28F4#10320000020D0000
(1779321501.463436) can0 18FE28F4#0CD60CD540400000
(1779321501.464448) can0 18FD28F4#1702FA6F00000000
(1779321501.465403) can0 4D4#000032007D0D0203
(1779321501.466343) can0 4D5#D50CD60C40400000
(1779321501.467423) can0 18914010#0CD6100CD5020000
(1779321501.468422) can0 18904010#020D020D753001FB
(1779321501.469434) can0 18FA28F4#123EA12C10270000
(1779321501.470423) can0 18FB28F4#D60CD50C40400000
(1779321501.471449) can0 18FC28F4#383200000D020000
(1779321501.472416) can0 18F810F3#0D02E80332640100
(1779321501.473448) can0 18F815F3#0000000010030000
(1779321501.474344) can0 273#000000000D023200
(1779321501.475344) can0 1E1#020D271001FB01FB
(1779321501.476404) can0 1F5#0000000000000000
(1779321501.477449) can0 0800A6A9#0000000000000000
(1779321501.478423) can0 1000A6A9#0D028813324A4A4A
(1779321501.479436) can0 1C00A6A9#0000000000030000
(1779321501.480448) can0 02018100#1003020D00000000
(1779321501.481443) can0 02028100#0000003264000000
(1779321501.482430) can0 02038100#0CD601100CD50102
(1779321501.483443) can0 02048100#4A01014A01010000
(1779321501.484339) can0 1AD#8814000059321818
(1779321501.485339) can0 2AD#D60C800C88140016
(1779321501.486404) can0 3AD#0000000000008814
(1779321501.487404) can0 4AD#EB00000000000000
(1779321501.488404) can0 76A#7F00000000000000
(1779321501.550988) can0 0000E005#1702440003B60591
(1779321501.551542) can0 1806E5F4#13D2010003B6023A
(1779321501.552426) can0 0000E000#13D213D2020D0000
(1779321501.553426) can0 0000E004#181803B603B601E2
(1779321501.554407) can0 0000E006#0CD60CD50CD50CD5
(1779321501.555407) can0 0000E007#0CD50CD50CD50CD6
(1779321501.556426) can0 0000E008#0CD60CD60CD50CD5
(1779321501.557420) can0 0000E009#0CD60CD60CD60CD6
(1779321501.558465) can0 0000E010#0000000000000000
(1779321501.559452) can0 0000E011#0000000000000000
(1779321501.560452) can0 0000E012#0CD5000100000000
(1779321501.561465) can0 0000F001#0000000000000000
(1779321501.562438) can0 18FF28F4#10320000020D0000
(1779321501.563429) can0 18FE28F4#0CD60CD540400000
(1779321501.564440) can0 18FD28F4#1702FA6F00000000
(1779321501.565407) can0 4D4#000032007D0D0203
(1779321501.566333) can0 4D5#D50CD60C40400000
(1779321501.567433) can0 18914010#0CD6100CD5020000
(1779321501.568427) can0 18904010#020D020D753001FB
(1779321501.569427) can0 18FA28F4#123EA12C10270000
(1779321501.570427) can0 18FB28F4#D60CD50C40400000
(1779321501.571453) can0 18FC28F4#383200000D020000
(1779321501.572420) can0 18F810F3#0D02E80332640100
(1779321501.573453) can0 18F815F3#0000000010030000
(1779321501.574408) can0 273#000000000D023200
(1779321501.575342) can0 1E1#020D271001FB01FB
(1779321501.576408) can0 1F5#0000000000000000
(1779321501.577453) can0 0800A6A9#0000000000000000
(1779321501.578408) can0 1000A6A9#0D028813324A4A4A
(1779321501.579446) can0 1C00A6A9#0000000000030000
(1779321501.580441) can0 02018100#1003020D00000000
(1779321501.581440) can0 02028100#0000003264000000
(1779321501.582434) can0 02038100#0CD601100CD50102
(1779321501.583438) can0 02048100#4A01014A01010000
(1779321501.584324) can0 1AD#8814000059321818
(1779321501.585336) can0 2AD#D60C800C88140016
(1779321501.586344) can0 3AD#0000000000008814
(1779321501.587408) can0 4AD#EB00000000000000
(1779321501.588409) can0 76A#7F00000000000000
(1779321501.651021) can0 0000E005#1702440003B60591
(1779321501.651590) can0 1806E5F4#13D2010003B6023A
(1779321501.652430) can0 0000E000#13D213D2020D0000
(1779321501.653430) can0 0000E004#181803B603B601E2
(1779321501.654411) can0 0000E006#0CD50CD50CD50CD5
(1779321501.655412) can0 0000E007#0CD50CD50CD60CD6
(1779321501.656437) can0 0000E008#0CD60CD60CD60CD5
(1779321501.657412) can0 0000E009#0CD50CD50CD60CD6
(1779321501.658462) can0 0000E010#0000000000000000
(1779321501.659457) can0 0000E011#0000000000000000
(1779321501.660444) can0 0000E012#0CD5000100000000
(1779321501.661456) can0 0000F001#0000000000000000
(1779321501.662450) can0 18FF28F4#10320000020D0000
(1779321501.663412) can0 18FE28F4#0CD60CD540400000
(1779321501.664444) can0 18FD28F4#1702FA6F00000000
(1779321501.665346) can0 4D4#000032007D0D0203
(1779321501.666325) can0 4D5#D50CD60C40400000
(1779321501.667419) can0 18914010#0CD6100CD5010000
(1779321501.668419) can0 18904010#020D020D753001FB
(1779321501.669431) can0 18FA28F4#123EA12C10270000
(1779321501.670412) can0 18FB28F4#D60CD50C40400000
(1779321501.671443) can0 18FC28F4#383200000D020000
(1779321501.672444) can0 18F810F3#0D02E80332640100
(1779321501.673438) can0 18F815F3#0000000010030000
(1779321501.674334) can0 273#000000000D023200
(1779321501.675331) can0 1E1#020D271001FB01FB
(1779321501.676412) can0 1F5#0000000000000000
(1779321501.677444) can0 0800A6A9#0000000000000000
(1779321501.678412) can0 1000A6A9#0D028813324A4A4A
(1779321501.679439) can0 1C00A6A9#0000000000030000
(1779321501.680483) can0 02018100#1003020D00000000
(1779321501.681444) can0 02028100#0000003264000000
(1779321501.682427) can0 02038100#0CD601100CD50101
(1779321501.683421) can0 02048100#4A01014A01010000
(1779321501.684336) can0 1AD#8814000059321818
(1779321501.685333) can0 2AD#D60C800C88140016
(1779321501.686345) can0 3AD#0000000000008814
(1779321501.687349) can0 4AD#EB00000000000000
(1779321501.688413) can0 76A#7F00000000000000
(1779321501.750974) can0 0000E005#1702440003B60591
(1779321501.751538) can0 1806E5F4#13D2010003B6023A
(1779321501.752416) can0 0000E000#13D213D2020D0000
(1779321501.753416) can0 0000E004#181803B603B601E2
(1779321501.754416) can0 0000E006#0CD50CD50CD50CD5
(1779321501.755416) can0 0000E007#0CD50CD50CD60CD6
(1779321501.756416) can0 0000E008#0CD60CD60CD60CD5
(1779321501.757441) can0 0000E009#0CD50CD50CD60CD6
(1779321501.758455) can0 0000E010#0000000000000000
(1779321501.759449) can0 0000E011#0000000000000000
(1779321501.760429) can0 0000E012#0CD5000100000000
(1779321501.761461) can0 0000F001#0000000000000000
(1779321501.762442) can0 18FF28F4#10320000020D0000
(1779321501.763423) can0 18FE28F4#0CD60CD540400000
(1779321501.764416) can0 18FD28F4#1702FA6F00000000
(1779321501.765416) can0 4D4#000032007D0D0203
(1779321501.766325) can0 4D5#D50CD60C40400000
(1779321501.767424) can0 18914010#0CD6100CD5010000
(1779321501.768416) can0 18904010#020D020D753001FB
(1779321501.769417) can0 18FA28F4#123EA12C10270000
(1779321501.770416) can0 18FB28F4#D60CD50C40400000
(1779321501.771432) can0 18FC28F4#383200000D020000
(1779321501.772416) can0 18F810F3#0D02E80332640100
(1779321501.773493) can0 18F815F3#0000000010030000
(1779321501.774338) can0 273#000000000D023200
(1779321501.775324) can0 1E1#020D271001FB01FB
(1779321501.776349) can0 1F5#0000000000000000
(1779321501.777436) can0 0800A6A9#0000000000000000
(1779321501.778417) can0 1000A6A9#0D028813324A4A4A
(1779321501.779425) can0 1C00A6A9#0000000000030000
(1779321501.780442) can0 02018100#1003020D00000000
(1779321501.781436) can0 02028100#0000003264000000
(1779321501.782417) can0 02038100#0CD601100CD50101
(1779321501.783417) can0 02048100#4A01014A01010000
(1779321501.784313) can0 1AD#8814000059321818
(1779321501.785325) can0 2AD#D60C800C88140016
(1779321501.786337) can0 3AD#0000000000008814
(1779321501.787350) can0 4AD#EB00000000000000
(1779321501.788344) can0 76A#7F00000000000000
(1779321501.867970) can0 0000E005#1702440003B60591
(1779321501.868523) can0 1806E5F4#13D2010003B6023A
(1779321501.869421) can0 0000E000#13D213D2020D0000
(1779321501.870421) can0 0000E004#181803B603B601E2
(1779321501.871421) can0 0000E006#0CD60CD50CD50CD5
(1779321501.872421) can0 0000E007#0CD50CD50CD50CD6
(1779321501.873421) can0 0000E008#0CD50CD60CD50CD5
(1779321501.874421) can0 0000E009#0CD50CD50CD60CD6
(1779321501.875447) can0 0000E010#0000000000000000
(1779321501.876446) can0 0000E011#0000000000000000
(1779321501.877428) can0 0000E012#0CD5000100000000
(1779321501.878421) can0 0000E013#4542323630354C43
(1779321501.879434) can0 0000E014#3134323300000000
(1779321501.880434) can0 0000E015#0000000000000003
(1779321501.881445) can0 0000F000#0000000000000000
(1779321501.882447) can0 0000F001#0000000000000000
(1779321501.883423) can0 18FF28F4#10320000020D0000
(1779321501.884422) can0 18FE28F4#0CD60CD540400000
(1779321501.885421) can0 18FD28F4#1702FA6F00000000
(1779321501.886330) can0 4D4#000032007D0D0203
(1779321501.887329) can0 4D5#D50CD60C40400000
(1779321501.888421) can0 18914010#0CD6100CD5020000
(1779321501.889422) can0 18904010#020D020D753001FB
(1779321501.890434) can0 18924010#4001400100000000
(1779321501.891422) can0 18934010#000000110000BC51
(1779321501.892428) can0 18944010#1003000000000000
(1779321501.893437) can0 18954010#0000000000000000
(1779321501.894441) can0 18954010#0100000000000000
(1779321501.895473) can0 18954010#0200000000000000
(1779321501.896434) can0 18954010#0300000000000000
(1779321501.897430) can0 18954010#0400000000000000
(1779321501.898428) can0 18954010#0500000000000000
(1779321501.899448) can0 18964010#0040404000000000
(1779321501.900442) can0 18974010#0000000000000000
(1779321501.901435) can0 18984010#0000000000000000
(1779321501.902422) can0 18FA28F4#123EA12C10270000
(1779321501.903448) can0 18FB28F4#D60CD50C40400000
(1779321501.904441) can0 18FC28F4#383200000D020000
(1779321501.905422) can0 18F810F3#0D02E80332640100
(1779321501.906422) can0 18F811F3#D60C1001D50C0201
(1779321501.907422) can0 18F812F3#4001014001010000
(1779321501.908442) can0 18F813F3#0101000000000000
(1779321501.909423) can0 18F814F3#3200EA1AA9015F00
(1779321501.910429) can0 18F815F3#0000000010030000
(1779321501.911423) can0 273#000000000D023200
(1779321501.912319) can0 1E1#020D271001FB01FB
(1779321501.913349) can0 1F5#0000000000000000
(1779321501.914429) can0 0800A6A9#0000000000000000
(1779321501.915423) can0 1000A6A9#0D028813324A4A4A
(1779321501.916423) can0 1C00A6A9#0000000000030000
(1779321501.917431) can0 02018100#1003020D00000000
(1779321501.918429) can0 02028100#0000003264000000
(1779321501.919461) can0 02038100#0CD601100CD50102
(1779321501.920423) can0 02048100#4A01014A01010000
(1779321501.921316) can0 1AD#8814000059321818
(1779321501.922317) can0 2AD#D60C800C88140016
(1779321501.923336) can0 3AD#0000000000008814
(1779321501.924350) can0 4AD#EB00000000000000
(1779321501.925344) can0 76A#7F00000000000000
(1779321501.983965) can0 0000E005#1702440003B60591
(1779321501.984528) can0 1806E5F4#13D2010003B6023A
(1779321501.985426) can0 0000E000#13D213D2020D0000
(1779321501.986426) can0 0000E004#181803B603B601E2
(1779321501.987426) can0 0000E006#0CD60CD50CD50CD5
(1779321501.988432) can0 0000E007#0CD50CD50CD50CD6
(1779321501.989426) can0 0000E008#0CD50CD60CD50CD5
(1779321501.990426) can0 0000E009#0CD50CD50CD60CD6
(1779321501.991452) can0 0000E010#0000000000000000
(1779321501.992433) can0 0000E011#0000000000000000
(1779321501.993426) can0 0000E012#0CD5000100000000
(1779321501.994445) can0 0000F001#0000000000000000
(1779321501.995426) can0 18FF28F4#10320000020D0000
(1779321501.996458) can0 18FE28F4#0CD60CD540400000
(1779321501.997426) can0 18FD28F4#1702FA6F00000000
(1779321501.998330) can0 4D4#000032007D0D0203
(1779321501.999315) can0 4D5#D50CD60C40400000
(1779321502.000427) can0 18914010#0CD6100CD5020000
(1779321502.001426) can0 18904010#020D020D753001FB
(1779321502.002427) can0 18FA28F4#123EA12C10270000
(1779321502.003427) can0 18FB28F4#D60CD50C40400000
(1779321502.004433) can0 18FC28F4#383200000D020000
(1779321502.005427) can0 18F810F3#0D02E80332640100
(1779321502.006427) can0 18F815F3#0000000010030000
(1779321502.007329) can0 273#000000000D023200
(1779321502.008309) can0 1E1#020D271001FB01FB
(1779321502.009340) can0 1F5#0000000000000000
(1779321502.010435) can0 0800A6A9#0000000000000000
(1779321502.011427) can0 1000A6A9#0D028813324A4A4A
(1779321502.012427) can0 1C00A6A9#0000000000030000
(1779321502.013440) can0 02018100#1003020D00000000
(1779321502.014436) can0 02028100#0000003264000000
(1779321502.015428) can0 02038100#0CD601100CD50102
(1779321502.016428) can0 02048100#4A01014A01010000
(1779321502.017311) can0 1AD#8814000059321818
(1779321502.018324) can0 2AD#D60C800C88140016
(1779321502.019336) can0 3AD#0000000000008814
(1779321502.020335) can0 4AD#EB00000000000000
(1779321502.021329) can0 76A#7F00000000000000
(1779321502.083991) can0 0000E005#1702440003B60591
(1779321502.084571) can0 1806E5F4#13D2010003B6023A
(1779321502.085430) can0 0000E000#13D213D2020D0000
(1779321502.086430) can0 0000E004#181803B603B601E2
(1779321502.087430) can0 0000E006#0CD60CD50CD50CD5
(1779321502.088430) can0 0000E007#0CD50CD50CD50CD6
(1779321502.089430) can0 0000E008#0CD50CD60CD50CD5
(1779321502.090430) can0 0000E009#0CD50CD50CD60CD6
(1779321502.091437) can0 0000E010#0000000000000000
(1779321502.092430) can0 0000E011#0000000000000000
(1779321502.093431) can0 0000E012#0CD5000100000000
(1779321502.094443) can0 0000F001#0000000000000000
(1779321502.095431) can0 18FF28F4#10320000020D0000
(1779321502.096431) can0 18FE28F4#0CD60CD540400000
(1779321502.097431) can0 18FD28F4#1702FA6F00000000
(1779321502.098332) can0 4D4#000032007D0D0203
(1779321502.099306) can0 4D5#D50CD60C40400000
(1779321502.100431) can0 18914010#0CD6100CD5020000
(1779321502.101431) can0 18904010#020D020D753001FB
(1779321502.102431) can0 18FA28F4#123EA12C10270000
(1779321502.103431) can0 18FB28F4#D60CD50C40400000
(1779321502.104431) can0 18FC28F4#383200000D020000
(1779321502.105431) can0 18F810F3#0D02E80332640100
(1779321502.106432) can0 18F815F3#0000000010030000
(1779321502.107326) can0 273#000000000D023200
(1779321502.108313) can0 1E1#020D271001FB01FB
(1779321502.109342) can0 1F5#0000000000000000
(1779321502.110438) can0 0800A6A9#0000000000000000
(1779321502.111432) can0 1000A6A9#0D028813324A4A4A
(1779321502.112431) can0 1C00A6A9#0000000000030000
(1779321502.113431) can0 02018100#1003020D00000000
(1779321502.114432) can0 02028100#0000003264000000
(1779321502.115431) can0 02038100#0CD601100CD50102
(1779321502.116432) can0 02048100#4A01014A01010000
(1779321502.117309) can0 1AD#8814000059321818
(1779321502.118339) can0 2AD#D60C800C88140016
(1779321502.119330) can0 3AD#0000000000008814
(1779321502.120333) can0 4AD#EB00000000000000
(1779321502.121327) can0 76A#7F00000000000000
(1779321502.183961) can0 0000E005#1702440003B60591
(1779321502.184520) can0 1806E5F4#13D2010003B6023A
(1779321502.185434) can0 0000E000#13D213D2020D0000
(1779321502.186434) can0 0000E004#181803B603B601E2
(1779321502.187435) can0 0000E006#0CD50CD50CD50CD5
(1779321502.188370) can0 0000E007#0CD50CD50CD50CD6
(1779321502.189434) can0 0000E008#0CD60CD60CD60CD5
(1779321502.190435) can0 0000E009#0CD60CD60CD60CD6
(1779321502.191435) can0 0000E010#0000000000000000
(1779321502.192435) can0 0000E011#0000000000000000
(1779321502.193435) can0 0000E012#0CD5000100000000
(1779321502.194435) can0 0000F001#0000000000000000
(1779321502.195436) can0 18FF28F4#10320000020D0000
(1779321502.196435) can0 18FE28F4#0CD60CD540400000
(1779321502.197435) can0 18FD28F4#1702FA6F00000000
(1779321502.198312) can0 4D4#000032007D0D0203
(1779321502.199311) can0 4D5#D50CD60C40400000
(1779321502.200435) can0 18914010#0CD6100CD5010000
(1779321502.201435) can0 18904010#020D020D753001FB
(1779321502.202435) can0 18FA28F4#123EA12C10270000
(1779321502.203435) can0 18FB28F4#D60CD50C40400000
(1779321502.204435) can0 18FC28F4#383200000D020000
(1779321502.205435) can0 18F810F3#0D02E80332640100
(1779321502.206436) can0 18F815F3#0000000010030000
(1779321502.207313) can0 273#000000000D023200
(1779321502.208309) can0 1E1#020D271001FB01FB
(1779321502.209331) can0 1F5#0000000000000000
(1779321502.210435) can0 0800A6A9#0000000000000000
(1779321502.211436) can0 1000A6A9#0D028813324A4A4A
(1779321502.212437) can0 1C00A6A9#0000000000030000
(1779321502.213436) can0 02018100#1003020D00000000
(1779321502.214436) can0 02028100#0000003264000000
(1779321502.215436) can0 02038100#0CD601100CD50101
(1779321502.216436) can0 02048100#4A01014A01010000
(1779321502.217300) can0 1AD#8814000059321818
(1779321502.218311) can0 2AD#D60C800C88140016
(1779321502.219369) can0 3AD#0000000000008814
(1779321502.220328) can0 4AD#EB00000000000000
(1779321502.221330) can0 76A#7F00000000000000
(1779321502.283958) can0 0000E005#1702440003B60591
(1779321502.284522) can0 1806E5F4#13D2010003B6023A
(1779321502.285438) can0 0000E000#13D213D2020D0000
(1779321502.286439) can0 0000E004#181803B603B601E2
(1779321502.287374) can0 0000E006#0CD50CD50CD50CD5
(1779321502.288439) can0 0000E007#0CD50CD50CD50CD6
(1779321502.289439) can0 0000E008#0CD60CD60CD60CD5
(1779321502.290439) can0 0000E009#0CD60CD60CD60CD6
(1779321502.291439) can0 0000E010#0000000000000000
(1779321502.292439) can0 0000E011#0000000000000000
(1779321502.293439) can0 0000E012#0CD5000100000000
(1779321502.294441) can0 0000F001#0000000000000000
(1779321502.295440) can0 18FF28F4#10320000020D0000
(1779321502.296439) can0 18FE28F4#0CD60CD540400000
(1779321502.297439) can0 18FD28F4#1702FA6F00000000
(1779321502.298317) can0 4D4#000032007D0D0203
(1779321502.299303) can0 4D5#D50CD60C40400000
(1779321502.300440) can0 18914010#0CD6100CD5010000
(1779321502.301439) can0 18904010#020D020D753001FB
(1779321502.302439) can0 18FA28F4#123EA12C10270000
(1779321502.303380) can0 18FB28F4#D60CD50C40400000
(1779321502.304459) can0 18FC28F4#383200000D020000
(1779321502.305440) can0 18F810F3#0D02E80332640100
(1779321502.306440) can0 18F815F3#0000000010030000
(1779321502.307316) can0 273#000000000D023200
(1779321502.308296) can0 1E1#020D271001FB01FB
(1779321502.309327) can0 1F5#0000000000000000
(1779321502.310439) can0 0800A6A9#0000000000000000
(1779321502.311369) can0 1000A6A9#0D028813324A4A4A
(1779321502.312440) can0 1C00A6A9#0000000000030000
(1779321502.313440) can0 02018100#1003020D00000000
(1779321502.314440) can0 02028100#0000003264000000
(1779321502.315440) can0 02038100#0CD601100CD50101
(1779321502.316440) can0 02048100#4A01014A01010000
(1779321502.317294) can0 1AD#8814000059321818
(1779321502.318315) can0 2AD#D60C800C88140016
(1779321502.319323) can0 3AD#0000000000008814
(1779321502.320321) can0 4AD#EB00000000000000
(1779321502.321316) can0 76A#7F00000000000000
(1779321502.400962) can0 0000E005#1702440003B60591
(1779321502.401514) can0 1806E5F4#13D2010003B6023A
(1779321502.402444) can0 0000E000#13D213D2020D0000
(1779321502.403384) can0 0000E004#181803B603B601E2
(1779321502.404384) can0 0000E006#0CD60CD50CD60CD5
(1779321502.405383) can0 0000E007#0CD50CD50CD50CD5
(1779321502.406375) can0 0000E008#0CD60CD60CD50CD5
(1779321502.407378) can0 0000E009#0CD50CD60CD60CD6
(1779321502.408444) can0 0000E010#0000000000000000
(1779321502.409444) can0 0000E011#0000000000000000
(1779321502.410444) can0 0000E012#0CD5000100000000
(1779321502.411372) can0 0000E013#4542323630354C43
(1779321502.412444) can0 0000E014#3134323300000000
(1779321502.413444) can0 0000E015#0000000000000003
(1779321502.414444) can0 0000F000#0000000000000000
(1779321502.415444) can0 0000F001#0000000000000000
(1779321502.416444) can0 18FF28F4#10320000020D0000
(1779321502.417379) can0 18FE28F4#0CD60CD540400000
(1779321502.418448) can0 18FD28F4#1702FA6F00000000
(1779321502.419309) can0 4D4#000032007D0D0203
(1779321502.420307) can0 4D5#D50CD60C40400000
(1779321502.421383) can0 18914010#0CD6100CD5020000
(1779321502.422377) can0 18904010#020D020D753001FB
(1779321502.423445) can0 18924010#4001400100000000
(1779321502.424445) can0 18934010#000000120000BC51
(1779321502.425445) can0 18944010#1003000000000000
(1779321502.426445) can0 18954010#0000000000000000
(1779321502.427445) can0 18954010#0100000000000000
(1779321502.428445) can0 18954010#0200000000000000
(1779321502.429445) can0 18954010#0300000000000000
(1779321502.430445) can0 18954010#0400000000000000
(1779321502.431445) can0 18954010#0500000000000000
(1779321502.432445) can0 18964010#0040404000000000
(1779321502.433445) can0 18974010#0000000000000000
(1779321502.434445) can0 18984010#0000000000000000
(1779321502.435446) can0 18FA28F4#123EA12C10270000
(1779321502.436386) can0 18FB28F4#D60CD50C40400000
(1779321502.437445) can0 18FC28F4#383200000D020000
(1779321502.438369) can0 18F810F3#0D02E80332640100
(1779321502.439445) can0 18F811F3#D60C1001D50C0201
(1779321502.440445) can0 18F812F3#4001014001010000
(1779321502.441446) can0 18F813F3#0101000000000000
(1779321502.442445) can0 18F814F3#3200EA1AA9015F00
(1779321502.443446) can0 18F815F3#0000000010030000
(1779321502.444304) can0 273#000000000D023200
(1779321502.445302) can0 1E1#020D271001FB01FB
(1779321502.446328) can0 1F5#0000000000000000
(1779321502.447446) can0 0800A6A9#0000000000000000
(1779321502.448367) can0 1000A6A9#0D028813324A4A4A
(1779321502.449446) can0 1C00A6A9#0000000000030000
(1779321502.450454) can0 02018100#1003020D00000000
(1779321502.451446) can0 02028100#0000003264000000
(1779321502.452446) can0 02038100#0CD601100CD50102
(1779321502.453446) can0 02048100#4A01014A01010000
(1779321502.454300) can0 1AD#8814000059321818
(1779321502.455296) can0 2AD#D60C800C88140016
(1779321502.456309) can0 3AD#0000000000008814
(1779321502.457330) can0 4AD#EB00000000000000
(1779321502.458321) can0 76A#7F00000000000000
(1779321502.516987) can0 0000E005#1702440003B60591
(1779321502.517551) can0 1806E5F4#13D2010003B6023A
(1779321502.518449) can0 0000E000#13D213D2020D0000
(1779321502.519449) can0 0000E004#181803B603B601E2
(1779321502.520383) can0 0000E006#0CD60CD50CD60CD5
(1779321502.521369) can0 0000E007#0CD50CD50CD50CD5
(1779321502.522382) can0 0000E008#0CD60CD60CD50CD5
(1779321502.523380) can0 0000E009#0CD50CD60CD60CD6
(1779321502.524450) can0 0000E010#0000000000000000
(1779321502.525449) can0 0000E011#0000000000000000
(1779321502.526451) can0 0000E012#0CD5000100000000
(1779321502.527469) can0 0000F001#0000000000000000
(1779321502.528449) can0 18FF28F4#10320000020D0000
(1779321502.529391) can0 18FE28F4#0CD60CD540400000
(1779321502.530389) can0 18FD28F4#1702FA6F00000000
(1779321502.531305) can0 4D4#000032007D0D0203
(1779321502.532287) can0 4D5#D50CD60C40400000
(1779321502.533384) can0 18914010#0CD6100CD5020000
(1779321502.534383) can0 18904010#020D020D753001FB
(1779321502.535450) can0 18FA28F4#123EA12C10270000
(1779321502.536377) can0 18FB28F4#D60CD50C40400000
(1779321502.537450) can0 18FC28F4#383200000D020000
(1779321502.538384) can0 18F810F3#0D02E80332640100
(1779321502.539450) can0 18F815F3#0000000010030000
(1779321502.540308) can0 273#000000000D023200
(1779321502.541287) can0 1E1#020D271001FB01FB
(1779321502.542319) can0 1F5#0000000000000000
(1779321502.543450) can0 0800A6A9#0000000000000000
(1779321502.544358) can0 1000A6A9#0D028813324A4A4A
(1779321502.545450) can0 1C00A6A9#0000000000030000
(1779321502.546450) can0 02018100#1003020D00000000
(1779321502.547450) can0 02028100#0000003264000000
(1779321502.548384) can0 02038100#0CD601100CD50102
(1779321502.549450) can0 02048100#4A01014A01010000
(1779321502.550295) can0 1AD#8814000059321818
(1779321502.551307) can0 2AD#D60C800C88140016
(1779321502.552319) can0 3AD#0000000000008814
(1779321502.553313) can0 4AD#EB00000000000000
(1779321502.554307) can0 76A#7F00000000000000
(1779321502.610247) can0 00000E00#00354C4331343233
(1779321502.617992) can0 0000E005#1702440003B60591
(1779321502.618550) can0 1806E5F4#13D2010003B6023A
(1779321502.619381) can0 0000E000#13D213D2020D0000
(1779321502.620373) can0 0000E004#181803B603B601E2
(1779321502.621373) can0 0000E006#0CD60CD50CD60CD5
(1779321502.622355) can0 0000E007#0CD50CD50CD50CD5
(1779321502.623373) can0 0000E008#0CD60CD60CD50CD5
(1779321502.624366) can0 0000E009#0CD50CD60CD60CD6
(1779321502.625454) can0 0000E010#0000000000000000
(1779321502.626453) can0 0000E011#0000000000000000
(1779321502.627389) can0 0000E012#0CD5000100000000
(1779321502.628454) can0 0000F001#0000000000000000
(1779321502.629393) can0 18FF28F4#10320000020D0000
(1779321502.630373) can0 18FE28F4#0CD60CD540400000
(1779321502.631386) can0 18FD28F4#1702FA6F00000000
(1779321502.632305) can0 4D4#000032007D0D0203
(1779321502.633285) can0 4D5#D50CD60C40400000
(1779321502.634381) can0 18914010#0CD6100CD5020000
(1779321502.635381) can0 18904010#020D020D753001FB
(1779321502.636374) can0 18FA28F4#123EA12C10270000
(1779321502.637374) can0 18FB28F4#D60CD50C40400000
(1779321502.638454) can0 18FC28F4#383200000D020000
(1779321502.639363) can0 18F810F3#0D02E80332640100
(1779321502.640454) can0 18F815F3#0000000010030000
(1779321502.641305) can0 273#000000000D023200
(1779321502.642285) can0 1E1#020D271001FB01FB
(1779321502.643318) can0 1F5#0000000000000000
(1779321502.644388) can0 0800A6A9#0000000000000000
(1779321502.645356) can0 1000A6A9#0D028813324A4A4A
(1779321502.646389) can0 1C00A6A9#0000000000030000
(1779321502.647455) can0 02018100#1003020D00000000
(1779321502.648394) can0 02028100#0000003264000000
(1779321502.649454) can0 02038100#0CD601100CD50102
(1779321502.650383) can0 02048100#4A01014A01010000
(1779321502.651279) can0 1AD#8814000059321818
(1779321502.652291) can0 2AD#D60C800C88140016
(1779321502.653304) can0 3AD#0000000000008814
(1779321502.654298) can0 4AD#EB00000000000000
(1779321502.655311) can0 76A#7F00000000000000
(1779321502.716934) can0 0000E005#1702440003B60591
(1779321502.717496) can0 1806E5F4#13D2010003B6023A
(1779321502.718391) can0 0000E000#13D213D2020D0000
(1779321502.719371) can0 0000E004#181803B603B601E2
(1779321502.720352) can0 0000E006#0CD50CD50CD50CD5
(1779321502.721365) can0 0000E007#0CD50CD50CD50CD5
(1779321502.722365) can0 0000E008#0CD50CD60CD50CD5
(1779321502.723366) can0 0000E009#0CD50CD60CD60CD6
(1779321502.724458) can0 0000E010#0000000000000000
(1779321502.725458) can0 0000E011#0000000000000000
(1779321502.726458) can0 0000E012#0CD5000100000000
(1779321502.727458) can0 0000F001#0000000000000000
(1779321502.728391) can0 18FF28F4#10320000020D0000
(1779321502.729377) can0 18FE28F4#0CD60CD540400000
(1779321502.730391) can0 18FD28F4#1702FA6F00000000
(1779321502.731289) can0 4D4#000032007D0D0203
(1779321502.732289) can0 4D5#D50CD60C40400000
(1779321502.733366) can0 18914010#0CD6100CD5010000
(1779321502.734398) can0 18904010#020D020D753001FB
(1779321502.735378) can0 18FA28F4#123EA12C10270000
(1779321502.736371) can0 18FB28F4#D60CD50C40400000
(1779321502.737459) can0 18FC28F4#383200000D020000
(1779321502.738361) can0 18F810F3#0D02E80332640100
(1779321502.739393) can0 18F815F3#0000000010030000
(1779321502.740295) can0 273#000000000D023200
(1779321502.741291) can0 1E1#020D271001FB01FB
(1779321502.742334) can0 1F5#0000000000000000
(1779321502.743399) can0 0800A6A9#0000000000000000
(1779321502.744366) can0 1000A6A9#0D028813324A4A4A
(1779321502.745392) can0 1C00A6A9#0000000000030000
(1779321502.746391) can0 02018100#1003020D00000000
(1779321502.747459) can0 02028100#0000003264000000
(1779321502.748376) can0 02038100#0CD601100CD50101
(1779321502.749373) can0 02048100#4A01014A01010000
(1779321502.750321) can0 1AD#8814000059321818
(1779321502.751284) can0 2AD#D60C800C88140016
(1779321502.752295) can0 3AD#0000000000008814
(1779321502.753310) can0 4AD#EB00000000000000
(1779321502.754309) can0 76A#7F00000000000000
(1779321502.816982) can0 0000E005#1702440003B60591
(1779321502.817539) can0 1806E5F4#13D2010003B6023A
(1779321502.818383) can0 0000E000#13D213D2020D0000
(1779321502.819402) can0 0000E004#181803B603B601E2
(1779321502.820350) can0 0000E006#0CD50CD50CD50CD5
(1779321502.821359) can0 0000E007#0CD50CD50CD50CD5
(1779321502.822357) can0 0000E008#0CD50CD60CD50CD5
(1779321502.823357) can0 0000E009#0CD50CD60CD60CD6
(1779321502.824402) can0 0000E010#0000000000000000
(1779321502.825399) can0 0000E011#0000000000000000
(1779321502.826383) can0 0000E012#0CD5000100000000
(1779321502.827463) can0 0000F001#0000000000000000
(1779321502.828397) can0 18FF28F4#10320000020D0000
(1779321502.829364) can0 18FE28F4#0CD60CD540400000
(1779321502.830378) can0 18FD28F4#1702FA6F00000000
(1779321502.831294) can0 4D4#000032007D0D0203
(1779321502.832275) can0 4D5#D50CD60C40400000
(1779321502.833367) can0 18914010#0CD6100CD5010000
(1779321502.834370) can0 18904010#020D020D753001FB
(1779321502.835463) can0 18FA28F4#123EA12C10270000
(1779321502.836358) can0 18FB28F4#D60CD50C40400000
(1779321502.837388) can0 18FC28F4#383200000D020000
(1779321502.838357) can0 18F810F3#0D02E80332640100
(1779321502.839403) can0 18F815F3#0000000010030000
(1779321502.840288) can0 273#000000000D023200
(1779321502.841282) can0 1E1#020D271001FB01FB
(1779321502.842313) can0 1F5#0000000000000000
(1779321502.843396) can0 0800A6A9#0000000000000000
(1779321502.844357) can0 1000A6A9#0D028813324A4A4A
(1779321502.845383) can0 1C00A6A9#0000000000030000
(1779321502.846401) can0 02018100#1003020D00000000
(1779321502.847397) can0 02028100#0000003264000000
(1779321502.848377) can0 02038100#0CD601100CD50101
(1779321502.849375) can0 02048100#4A01014A01010000
(1779321502.850274) can0 1AD#8814000059321818
(1779321502.851288) can0 2AD#D60C800C88140016
(1779321502.852300) can0 3AD#0000000000008814
(1779321502.853294) can0 4AD#EB00000000000000
(1779321502.854307) can0 76A#7F00000000000000
(1779321502.933928) can0 0000E005#1702440003B60591
(1779321502.934486) can0 1806E5F4#13D2010003B6023A
(1779321502.935365) can0 0000E000#13D213D2020D0000
(1779321502.936367) can0 0000E004#181803B603B601E2
(1779321502.937349) can0 0000E006#0CD50CD50CD50CD6
(1779321502.938361) can0 0000E007#0CD50CD50CD60CD6
(1779321502.939356) can0 0000E008#0CD60CD60CD60CD5
(1779321502.940356) can0 0000E009#0CD60CD60CD60CD6
(1779321502.941400) can0 0000E010#0000000000000000
(1779321502.942400) can0 0000E011#0000000000000000
(1779321502.943381) can0 0000E012#0CD5000100000000
(1779321502.944343) can0 0000E013#4542323630354C43
(1779321502.945376) can0 0000E014#3134323300000000
(1779321502.946388) can0 0000E015#0000000000000003
(1779321502.947396) can0 0000F000#0000000000000000
(1779321502.948400) can0 0000F001#0000000000000000
(1779321502.949394) can0 18FF28F4#10320000020D0000
(1779321502.950362) can0 18FE28F4#0CD60CD540400000
(1779321502.951372) can0 18FD28F4#1702FA6F00000000
(1779321502.952292) can0 4D4#000032007D0D0203
(1779321502.953273) can0 4D5#D50CD60C40400000
(1779321502.954370) can0 18914010#0CD6100CD5010000
(1779321502.955370) can0 18904010#020D020D753001FB
(1779321502.956382) can0 18924010#4001400100000000
(1779321502.957395) can0 18934010#000000130000BC51
(1779321502.958377) can0 18944010#1003000000000000
(1779321502.959392) can0 18954010#0000000000000000
(1779321502.960407) can0 18954010#0100000000000000
(1779321502.961388) can0 18954010#0200000000000000
(1779321502.962388) can0 18954010#0300000000000000
(1779321502.963397) can0 18954010#0400000000000000
(1779321502.964382) can0 18954010#0500000000000000
(1779321502.965408) can0 18964010#0040404000000000
(1779321502.966388) can0 18974010#0000000000000000
(1779321502.967388) can0 18984010#0000000000000000
(1779321502.968363) can0 18FA28F4#123EA12C10270000
(1779321502.969362) can0 18FB28F4#D60CD50C40400000
(1779321502.970389) can0 18FC28F4#383200000D020000
(1779321502.971351) can0 18F810F3#0D02E80332640100
(1779321502.972370) can0 18F811F3#D60C1001D50C0101
(1779321502.973396) can0 18F812F3#4001014001010000
(1779321502.974396) can0 18F813F3#0101000000000000
(1779321502.975364) can0 18F814F3#3200EA1AA9015F00
(1779321502.976390) can0 18F815F3#0000000010030000
(1779321502.977294) can0 273#000000000D023200
(1779321502.978268) can0 1E1#020D271001FB01FB
(1779321502.979301) can0 1F5#0000000000000000
(1779321502.980396) can0 0800A6A9#0000000000000000
(1779321502.981395) can0 1000A6A9#0D028813324A4A4A
(1779321502.982366) can0 1C00A6A9#0000000000030000
(1779321502.983389) can0 02018100#1003020D00000000
(1779321502.984383) can0 02028100#0000003264000000
(1779321502.985364) can0 02038100#0CD601100CD50101
(1779321502.986359) can0 02048100#4A01014A01010000
(1779321502.987269) can0 1AD#8914000059321818
(1779321502.988262) can0 2AD#D60C800C89140016
(1779321502.989327) can0 3AD#0000000000008914
(1779321502.990295) can0 4AD#EB00000000000000
(1779321502.991294) can0 76A#7F00000000000000
(1779321503.049964) can0 0000E005#1702440003B60591
(1779321503.050542) can0 1806E5F4#13D2010003B6023A
(1779321503.051368) can0 0000E000#13D213D2020D0000
(1779321503.052353) can0 0000E004#181803B603B601E2
(1779321503.053334) can0 0000E006#0CD50CD50CD50CD6
(1779321503.054347) can0 0000E007#0CD50CD50CD60CD6
(1779321503.055339) can0 0000E008#0CD60CD60CD60CD5
(1779321503.056361) can0 0000E009#0CD60CD60CD60CD6
(1779321503.057393) can0 0000E010#0000000000000000
(1779321503.058472) can0 0000E011#0000000000000000
(1779321503.059368) can0 0000E012#0CD5000100000000
(1779321503.060399) can0 0000F001#0000000000000000
(1779321503.061380) can0 18FF28F4#10320000020D0000
(1779321503.062362) can0 18FE28F4#0CD60CD540400000
(1779321503.063371) can0 18FD28F4#1702FA6F00000000
(1779321503.064278) can0 4D4#000032007D0D0203
(1779321503.065275) can0 4D5#D50CD60C40400000
(1779321503.066399) can0 18914010#0CD6100CD5010000
(1779321503.067349) can0 18904010#020D020D753001FB
(1779321503.068368) can0 18FA28F4#123EA12C10270000
(1779321503.069349) can0 18FB28F4#D60CD50C40400000
(1779321503.070381) can0 18FC28F4#383200000D020000
(1779321503.071350) can0 18F810F3#0D02E80332640100
(1779321503.072381) can0 18F815F3#0000000010030000
(1779321503.073280) can0 273#000000000D023200
(1779321503.074260) can0 1E1#020D271001FB01FB
(1779321503.075288) can0 1F5#0000000000000000
(1779321503.076386) can0 0800A6A9#0000000000000000
(1779321503.077335) can0 1000A6A9#0D028813324A4A4A
(1779321503.078367) can0 1C00A6A9#0000000000030000
(1779321503.079377) can0 02018100#1003020D00000000
(1779321503.080382) can0 02028100#0000003264000000
(1779321503.081361) can0 02038100#0CD601100CD50101
(1779321503.082374) can0 02048100#4A01014A01010000
(1779321503.083253) can0 1AD#8914000059321818
(1779321503.084266) can0 2AD#D60C800C89140016
(1779321503.085279) can0 3AD#0000000000008914
(1779321503.086291) can0 4AD#EB00000000000000
(1779321503.087282) can0 76A#7F00000000000000
(1779321503.149918) can0 0000E005#1702440003B60591
(1779321503.150476) can0 1806E5F4#13D2010003B6023A
(1779321503.151360) can0 0000E000#13D213D2020D0000
(1779321503.152351) can0 0000E004#181803B603B601E2
(1779321503.153340) can0 0000E006#0CD50CD50CD50CD6
(1779321503.154340) can0 0000E007#0CD50CD50CD60CD6
(1779321503.155353) can0 0000E008#0CD60CD60CD60CD5
(1779321503.156352) can0 0000E009#0CD60CD60CD60CD6
(1779321503.157397) can0 0000E010#0000000000000000
(1779321503.158391) can0 0000E011#0000000000000000
(1779321503.159378) can0 0000E012#0CD5000100000000
(1779321503.160382) can0 0000F001#0000000000000000
(1779321503.161371) can0 18FF28F4#10320000020D0000
(1779321503.162352) can0 18FE28F4#0CD60CD540400000
(1779321503.163366) can0 18FD28F4#1702FA6F00000000
(1779321503.164274) can0 4D4#000032007D0D0203
(1779321503.165263) can0 4D5#D50CD60C40400000
(1779321503.166359) can0 18914010#0CD6100CD5010000
(1779321503.167353) can0 18904010#020D020D753001FB
(1779321503.168365) can0 18FA28F4#123EA12C10270000
(1779321503.169346) can0 18FB28F4#D60CD50C40400000
(1779321503.170379) can0 18FC28F4#383200000D020000
(1779321503.171347) can0 18F810F3#0D02E80332640100
(1779321503.172383) can0 18F815F3#0000000010030000
(1779321503.173276) can0 273#000000000D023200
(1779321503.174270) can0 1E1#020D271001FB01FB
(1779321503.175302) can0 1F5#0000000000000000
(1779321503.176376) can0 0800A6A9#0000000000000000
(1779321503.177346) can0 1000A6A9#0D028813324A4A4A
(1779321503.178372) can0 1C00A6A9#0000000000030000
(1779321503.179372) can0 02018100#1003020D00000000
(1779321503.180385) can0 02028100#0000003264000000
(1779321503.181366) can0 02038100#0CD601100CD50101
(1779321503.182359) can0 02048100#4A01014A01010000
(1779321503.183258) can0 1AD#8914000059321818
(1779321503.184254) can0 2AD#D60C800C89140016
(1779321503.185282) can0 3AD#0000000000008914
(1779321503.186283) can0 4AD#EB00000000000000
(1779321503.187290) can0 76A#7F00000000000000
(1779321503.249902) can0 0000E005#1702440003B60591
(1779321503.250480) can0 1806E5F4#13D2010003B6023A
(1779321503.251365) can0 0000E000#13D213D2020D0000
(1779321503.252363) can0 0000E004#181803B603B601E2
(1779321503.253325) can0 0000E006#0CD50CD50CD50CD6
(1779321503.254344) can0 0000E007#0CD50CD50CD60CD6
(1779321503.255345) can0 0000E008#0CD60CD60CD50CD6
(1779321503.256337) can0 0000E009#0CD60CD60CD60CD6
(1779321503.257402) can0 0000E010#0000000000000000
(1779321503.258383) can0 0000E011#0000000000000000
(1779321503.259370) can0 0000E012#0CD5000100000000
(1779321503.260382) can0 0000F001#0000000000000000
(1779321503.261372) can0 18FF28F4#10320000020D0000
(1779321503.262344) can0 18FE28F4#0CD60CD540400000
(1779321503.263357) can0 18FD28F4#1702FA6F00000000
(1779321503.264273) can0 4D4#000032007D0D0203
(1779321503.265287) can0 4D5#D50CD60C40400000
(1779321503.266350) can0 18914010#0CD6100CD5010000
(1779321503.267346) can0 18904010#020D020D753001FB
(1779321503.268364) can0 18FA28F4#123EA12C10270000
(1779321503.269341) can0 18FB28F4#D60CD50C40400000
(1779321503.270376) can0 18FC28F4#383200000D020000
(1779321503.271338) can0 18F810F3#0D02E80332640100
(1779321503.272389) can0 18F815F3#0000000010030000
(1779321503.273301) can0 273#000000000D023200
(1779321503.274268) can0 1E1#020D271001FB01FB
(1779321503.275299) can0 1F5#0000000000000000
(1779321503.276377) can0 0800A6A9#0000000000000000
(1779321503.277338) can0 1000A6A9#0D028813324A4A4A
(1779321503.278370) can0 1C00A6A9#0000000000030000
(1779321503.279370) can0 02018100#1003020D00000000
(1779321503.280383) can0 02028100#0000003264000000
(1779321503.281389) can0 02038100#0CD601100CD50101
(1779321503.282358) can0 02048100#4A01014A01010000
(1779321503.283255) can0 1AD#8914000059321818
(1779321503.284256) can0 2AD#D60C800C89140016
(1779321503.285264) can0 3AD#0000000000008914
(1779321503.286281) can0 4AD#EB00000000000000
(1779321503.287275) can0 76A#7F00000000000000
(1779321503.349947) can0 0000E005#1702440003B60591
(1779321503.350524) can0 1806E5F4#13D2010003B6023A
(1779321503.351357) can0 0000E000#13D213D2020D0000
(1779321503.352355) can0 0000E004#181803B603B601E2
(1779321503.353335) can0 0000E006#0CD50CD50CD50CD6
(1779321503.354329) can0 0000E007#0CD50CD50CD60CD6
(1779321503.355348) can0 0000E008#0CD60CD60CD50CD6
(1779321503.356348) can0 0000E009#0CD60CD60CD60CD6
(1779321503.357393) can0 0000E010#0000000000000000
(1779321503.358418) can0 0000E011#0000000000000000
(1779321503.359374) can0 0000E012#0CD5000100000000
(1779321503.360386) can0 0000F001#0000000000000000
(1779321503.361368) can0 18FF28F4#10320000020D0000
(1779321503.362349) can0 18FE28F4#0CD60CD540400000
(1779321503.363363) can0 18FD28F4#1702FA6F00000000
(1779321503.364279) can0 4D4#000032007D0D0203
(1779321503.365259) can0 4D5#D50CD60C40400000
(1779321503.366384) can0 18914010#0CD6100CD5010000
(1779321503.367343) can0 18904010#020D020D753001FB
(1779321503.368356) can0 18FA28F4#123EA12C10270000
(1779321503.369337) can0 18FB28F4#D60CD50C40400000
(1779321503.370368) can0 18FC28F4#383200000D020000
(1779321503.371335) can0 18F810F3#0D02E80332640100
(1779321503.372381) can0 18F815F3#0000000010030000
(1779321503.373265) can0 273#000000000D023200
(1779321503.374259) can0 1E1#020D271001FB01FB
(1779321503.375292) can0 1F5#0000000000000000
(1779321503.376368) can0 0800A6A9#0000000000000000
(1779321503.377337) can0 1000A6A9#0D028813324A4A4A
(1779321503.378360) can0 1C00A6A9#0000000000030000
(1779321503.379381) can0 02018100#1003020D00000000
(1779321503.380374) can0 02028100#0000003264000000
(1779321503.381355) can0 02038100#0CD601100CD50101
(1779321503.382344) can0 02048100#4A01014A01010000
(1779321503.383253) can0 1AD#8914000059321818
(1779321503.384246) can0 2AD#D60C800C89140016
(1779321503.385279) can0 3AD#0000000000008914
(1779321503.386273) can0 4AD#EB00000000000000
(1779321503.387286) can0 76A#7F00000000000000
(1779321503.466956) can0 0000E005#1702440003B60591
(1779321503.467510) can0 1806E5F4#13D2010003B6023A
(1779321503.468342) can0 0000E000#13D213D2020D0000
(1779321503.469340) can0 0000E004#181803B603B601E2
(1779321503.470321) can0 0000E006#0CD60CD50CD50CD5
(1779321503.471334) can0 0000E007#0CD50CD50CD60CD6
(1779321503.472327) can0 0000E008#0CD60CD60CD50CD5
(1779321503.473334) can0 0000E009#0CD50CD50CD60CD6
(1779321503.474378) can0 0000E010#0000000000000000
(1779321503.475372) can0 0000E011#0000000000000000
(1779321503.476353) can0 0000E012#0CD5000100000000
(1779321503.477321) can0 0000E013#4542323630354C43
(1779321503.478353) can0 0000E014#3134323300000000
(1779321503.479366) can0 0000E015#0000000000000003
(1779321503.480388) can0 0000F000#0000000000000000
(1779321503.481373) can0 0000F001#0000000000000000
(1779321503.482359) can0 18FF28F4#10320000020D0000
(1779321503.483341) can0 18FE28F4#0CD60CD540400000
(1779321503.484348) can0 18FD28F4#1702FA6F00000000
(1779321503.485270) can0 4D4#000032007D0D0203
(1779321503.486251) can0 4D5#D50CD60C40400000
(1779321503.487347) can0 18914010#0CD6100CD5020000
(1779321503.488360) can0 18904010#020D020D753001FB
(1779321503.489354) can0 18924010#4001400100000000
(1779321503.490353) can0 18934010#000000140000BC51
(1779321503.491366) can0 18944010#1003000000000000
(1779321503.492373) can0 18954010#0000000000000000
(1779321503.493380) can0 18954010#0100000000000000
(1779321503.494373) can0 18954010#0200000000000000
(1779321503.495373) can0 18954010#0300000000000000
(1779321503.496383) can0 18954010#0400000000000000
(1779321503.497366) can0 18954010#0500000000000000
(1779321503.498379) can0 18964010#0040404000000000
(1779321503.499371) can0 18974010#0000000000000000
(1779321503.500360) can0 18984010#0000000000000000
(1779321503.501342) can0 18FA28F4#123EA12C10270000
(1779321503.502347) can0 18FB28F4#D60CD50C40400000
(1779321503.503364) can0 18FC28F4#383200000D020000
(1779321503.504381) can0 18F810F3#0D02E80332640100
(1779321503.505350) can0 18F811F3#D60C1001D50C0201
(1779321503.506365) can0 18F812F3#4001014001010000
(1779321503.507377) can0 18F813F3#0101000000000000
(1779321503.508349) can0 18F814F3#3200EA1AA9015F00
(1779321503.509379) can0 18F815F3#0000000010030000
(1779321503.510282) can0 273#000000000D023200
(1779321503.511261) can0 1E1#020D271001FB01FB
(1779321503.512336) can0 1F5#0000000000000000
(1779321503.513377) can0 0800A6A9#0000000000000000
(1779321503.514325) can0 1000A6A9#0D028813324A4A4A
(1779321503.515353) can0 1C00A6A9#0000000000030000
(1779321503.516361) can0 02018100#1003020D00000000
(1779321503.517364) can0 02028100#0000003264000000
(1779321503.518344) can0 02038100#0CD601100CD50102
(1779321503.519346) can0 02048100#4A01014A01010000
(1779321503.520284) can0 1AD#8814000059321818
(1779321503.521254) can0 2AD#D60C800C88140016
(1779321503.522268) can0 3AD#0000000000008814
(1779321503.523268) can0 4AD#EB00000000000000
(1779321503.524281) can0 76A#7F00000000000000
(1779321503.582920) can0 0000E005#1702440003B60591
(1779321503.583506) can0 1806E5F4#13D2010003B6023A
(1779321503.584353) can0 0000E000#13D213D2020D0000
(1779321503.585351) can0 0000E004#181803B603B601E2
(1779321503.586336) can0 0000E006#0CD60CD50CD50CD5
(1779321503.587343) can0 0000E007#0CD50CD50CD60CD6
(1779321503.588345) can0 0000E008#0CD60CD60CD50CD5
(1779321503.589370) can0 0000E009#0CD50CD50CD60CD6
(1779321503.590380) can0 0000E010#0000000000000000
(1779321503.591375) can0 0000E011#0000000000000000
(1779321503.592353) can0 0000E012#0CD5000100000000
(1779321503.593365) can0 0000F001#0000000000000000
(1779321503.594368) can0 18FF28F4#10320000020D0000
(1779321503.595333) can0 18FE28F4#0CD60CD540400000
(1779321503.596345) can0 18FD28F4#1702FA6F00000000
(1779321503.597305) can0 4D4#000032007D0D0203
(1779321503.598246) can0 4D5#D50CD60C40400000
(1779321503.599345) can0 18914010#0CD6100CD5020000
(1779321503.600338) can0 18904010#020D020D753001FB
(1779321503.601346) can0 18FA28F4#123EA12C10270000
(1779321503.602332) can0 18FB28F4#D60CD50C40400000
(1779321503.603359) can0 18FC28F4#383200000D020000
(1779321503.604321) can0 18F810F3#0D02E80332640100
(1779321503.605371) can0 18F815F3#0000000010030000
(1779321503.606250) can0 273#000000000D023200
(1779321503.607251) can0 1E1#020D271001FB01FB
(1779321503.608283) can0 1F5#0000000000000000
(1779321503.609359) can0 0800A6A9#0000000000000000
(1779321503.610321) can0 1000A6A9#0D028813324A4A4A
(1779321503.611364) can0 1C00A6A9#0000000000030000
(1779321503.612366) can0 02018100#1003020D00000000
(1779321503.613366) can0 02028100#0000003264000000
(1779321503.614346) can0 02038100#0CD601100CD50102
(1779321503.615341) can0 02048100#4A01014A01010000
(1779321503.616238) can0 1AD#8814000059321818
(1779321503.617251) can0 2AD#D60C800C88140016
(1779321503.618263) can0 3AD#0000000000008814
(1779321503.619263) can0 4AD#EB00000000000000
(1779321503.620272) can0 76A#7F00000000000000
(1779321503.682915) can0 0000E005#1702440003B60591
(1779321503.683500) can0 1806E5F4#13D2010003B6023A
(1779321503.684338) can0 0000E000#13D213D2020D0000
(1779321503.685328) can0 0000E004#181803B603B601E2
(1779321503.686311) can0 0000E006#0CD60CD50CD50CD5
(1779321503.687330) can0 0000E007#0CD50CD50CD60CD6
(1779321503.688327) can0 0000E008#0CD60CD60CD50CD5
(1779321503.689335) can0 0000E009#0CD50CD50CD60CD6
(1779321503.690375) can0 0000E010#0000000000000000
(1779321503.691370) can0 0000E011#0000000000000000
(1779321503.692350) can0 0000E012#0CD5000100000000
(1779321503.693355) can0 0000F001#0000000000000000
(1779321503.694358) can0 18FF28F4#10320000020D0000
(1779321503.695344) can0 18FE28F4#0CD60CD540400000
(1779321503.696344) can0 18FD28F4#1702FA6F00000000
(1779321503.697257) can0 4D4#000032007D0D0203
(1779321503.698262) can0 4D5#D50CD60C40400000
(1779321503.699335) can0 18914010#0CD6100CD5020000
(1779321503.700332) can0 18904010#020D020D753001FB
(1779321503.701344) can0 18FA28F4#123EA12C10270000
(1779321503.702326) can0 18FB28F4#D60CD50C40400000
(1779321503.703353) can0 18FC28F4#383200000D020000
(1779321503.704319) can0 18F810F3#0D02E80332640100
(1779321503.705363) can0 18F815F3#0000000010030000
(1779321503.706250) can0 273#000000000D023200
(1779321503.707250) can0 1E1#020D271001FB01FB
(1779321503.708279) can0 1F5#0000000000000000
(1779321503.709353) can0 0800A6A9#0000000000000000
(1779321503.710322) can0 1000A6A9#0D028813324A4A4A
(1779321503.711354) can0 1C00A6A9#0000000000030000
(1779321503.712366) can0 02018100#1003020D00000000
(1779321503.713361) can0 02028100#0000003264000000
(1779321503.714341) can0 02038100#0CD601100CD50102
(1779321503.715341) can0 02048100#4A01014A01010000
(1779321503.716240) can0 1AD#8814000059321818
(1779321503.717247) can0 2AD#D60C800C88140016
(1779321503.718270) can0 3AD#0000000000008814
(1779321503.719284) can0 4AD#EB00000000000000
(1779321503.720275) can0 76A#7F00000000000000
(1779321503.782939) can0 0000E005#1702440003B60591
(1779321503.783505) can0 1806E5F4#13D2010003B6023A
(1779321503.784336) can0 0000E000#13D213D2020D0000
(1779321503.785328) can0 0000E004#181803B603B601E2
(1779321503.786309) can0 0000E006#0CD50CD50CD50CD5
(1779321503.787326) can0 0000E007#0CD50CD50CD50CD5
(1779321503.788323) can0 0000E008#0CD50CD60CD50CD5
(1779321503.789330) can0 0000E009#0CD50CD60CD60CD6
(1779321503.790368) can0 0000E010#0000000000000000
(1779321503.791365) can0 0000E011#0000000000000000
(1779321503.792344) can0 0000E012#0CD5000000000000
(1779321503.793364) can0 0000F001#0000000000000000
(1779321503.794355) can0 18FF28F4#10320000020D0000
(1779321503.795340) can0 18FE28F4#0CD60CD540400000
(1779321503.796354) can0 18FD28F4#1702FA6F00000000
(1779321503.797254) can0 4D4#000032007D0D0203
(1779321503.798247) can0 4D5#D50CD60C40400000
(1779321503.799332) can0 18914010#0CD60A0CD5010000
(1779321503.800327) can0 18904010#020D020D753001FB
(1779321503.801341) can0 18FA28F4#123EA12C10270000
(1779321503.802323) can0 18FB28F4#D60CD50C40400000
(1779321503.803353) can0 18FC28F4#383200000D020000
(1779321503.804358) can0 18F810F3#0D02E80332640100
(1779321503.805372) can0 18F815F3#0000000010030000
(1779321503.806251) can0 273#000000000D023200
(1779321503.807246) can0 1E1#020D271001FB01FB
(1779321503.808280) can0 1F5#0000000000000000
(1779321503.809355) can0 0800A6A9#0000000000000000
(1779321503.810322) can0 1000A6A9#0D028813324A4A4A
(1779321503.811354) can0 1C00A6A9#0000000000030000
(1779321503.812397) can0 02018100#1003020D00000000
(1779321503.813360) can0 02028100#0000003264000000
(1779321503.814340) can0 02038100#0CD6010A0CD50101
(1779321503.815339) can0 02048100#4A01014A01010000
(1779321503.816237) can0 1AD#8814000059321818
(1779321503.817249) can0 2AD#D60C800C88140016
(1779321503.818255) can0 3AD#0000000000008814
(1779321503.819257) can0 4AD#EB00000000000000
(1779321503.820301) can0 76A#7F00000000000000
(1779321503.882900) can0 0000E005#1702440003B60591
(1779321503.883464) can0 1806E5F4#13D2010003B6023A
(1779321503.884350) can0 0000E000#13D213D2020D0000
(1779321503.885352) can0 0000E004#181803B603B601E2
(1779321503.886327) can0 0000E006#0CD50CD50CD50CD5
(1779321503.887351) can0 0000E007#0CD50CD50CD50CD5
(1779321503.888325) can0 0000E008#0CD50CD60CD50CD5
(1779321503.889365) can0 0000E009#0CD50CD60CD60CD6
(1779321503.890381) can0 0000E010#0000000000000000
(1779321503.891375) can0 0000E011#0000000000000000
(1779321503.892360) can0 0000E012#0CD5000000000000
(1779321503.893373) can0 0000F001#0000000000000000
(1779321503.894354) can0 18FF28F4#10320000020D0000
(1779321503.895341) can0 18FE28F4#0CD60CD540400000
(1779321503.896385) can0 18FD28F4#1702FA6F00000000
(1779321503.897346) can0 4D4#000032007D0D0203
(1779321503.898283) can0 4D5#D50CD60C40400000
(1779321503.899342) can0 18914010#0CD60A0CD5010000
(1779321503.900360) can0 18904010#020D020D753001FB
(1779321503.901380) can0 18FA28F4#123EA12C10270000
(1779321503.902361) can0 18FB28F4#D60CD50C40400000
(1779321503.903383) can0 18FC28F4#383200000D020000
(1779321503.904359) can0 18F810F3#0D02E80332640100
(1779321503.905442) can0 18F815F3#0000000010030000
(1779321503.906287) can0 273#000000000D023200
(1779321503.907292) can0 1E1#020D271001FB01FB
(1779321503.908295) can0 1F5#0000000000000000
(1779321503.909363) can0 0800A6A9#0000000000000000
(1779321503.910338) can0 1000A6A9#0D028813324A4A4A
(1779321503.911356) can0 1C00A6A9#0000000000030000
(1779321503.912353) can0 02018100#1003020D00000000
(1779321503.913369) can0 02028100#0000003264000000
(1779321503.914356) can0 02038100#0CD6010A0CD50101
(1779321503.915347) can0 02048100#4A01014A01010000
(1779321503.916258) can0 1AD#8814000059321818
(1779321503.917261) can0 2AD#D60C800C88140016
(1779321503.918275) can0 3AD#0000000000008814
(1779321503.919268) can0 4AD#EB00000000000000
(1779321503.920268) can0 76A#7F00000000000000
(1779321503.999901) can0 0000E005#1702440003B60591
(1779321504.000455) can0 1806E5F4#13D2010003B6023A
(1779321504.001315) can0 0000E000#13D213D2020D0000
(1779321504.002318) can0 0000E004#181803B603B601E2
(1779321504.003300) can0 0000E006#0CD60CD50CD50CD5
(1779321504.004312) can0 0000E007#0CD50CD50CD50CD5
(1779321504.005304) can0 0000E008#0CD60CD60CD60CD5
(1779321504.006306) can0 0000E009#0CD60CD60CD60CD6
(1779321504.007357) can0 0000E010#0000000000000000
(1779321504.008351) can0 0000E011#0000000000000000
(1779321504.009331) can0 0000E012#0CD5000100000000
(1779321504.010300) can0 0000E013#4542323630354C43
(1779321504.011326) can0 0000E014#3134323300000000
(1779321504.012345) can0 0000E015#0000000000000003
(1779321504.013351) can0 0000F000#0000000000000000
(1779321504.014351) can0 0000F001#0000000000000000
(1779321504.015333) can0 18FF28F4#10320000020D0000
(1779321504.016319) can0 18FE28F4#0CD60CD540400000
(1779321504.017327) can0 18FD28F4#1702FA6F00000000
(1779321504.018249) can0 4D4#000032007D0D0203
(1779321504.019243) can0 4D5#D50CD60C40400000
(1779321504.020337) can0 18914010#0CD6100CD5020000
(1779321504.021338) can0 18904010#020D020D753001FB
(1779321504.022349) can0 18924010#4001400100000000
(1779321504.023343) can0 18934010#000000150000BC51
(1779321504.024353) can0 18944010#1003000000000000
(1779321504.025356) can0 18954010#0000000000000000
(1779321504.026370) can0 18954010#0100000000000000
(1779321504.027383) can0 18954010#0200000000000000
(1779321504.028357) can0 18954010#0300000000000000
(1779321504.029352) can0 18954010#0400000000000000
(1779321504.030357) can0 18954010#0500000000000000
(1779321504.031355) can0 18964010#0040404000000000
(1779321504.032354) can0 18974010#0000000000000000
(1779321504.033343) can0 18984010#0000000000000000
(1779321504.034320) can0 18FA28F4#123EA12C10270000
(1779321504.035350) can0 18FB28F4#D60CD50C40400000
(1779321504.036342) can0 18FC28F4#383200000D020000
(1779321504.037304) can0 18F810F3#0D02E80332640100
(1779321504.038326) can0 18F811F3#D60C1001D50C0201
(1779321504.039337) can0 18F812F3#4001014001010000
(1779321504.040349) can0 18F813F3#0101000000000000
(1779321504.041326) can0 18F814F3#3200EA1AA9015F00
(1779321504.042352) can0 18F815F3#0000000010030000
(1779321504.043288) can0 273#000000000D023200
(1779321504.044238) can0 1E1#020D271001FB01FB
(1779321504.045263) can0 1F5#0000000000000000
(1779321504.046339) can0 0800A6A9#0000000000000000
(1779321504.047306) can0 1000A6A9#0D028813324A4A4A
(1779321504.048332) can0 1C00A6A9#0000000000030000
(1779321504.049342) can0 02018100#1003020D00000000
(1779321504.050344) can0 02028100#0000003264000000
(1779321504.051378) can0 02038100#0CD601100CD50102
(1779321504.052328) can0 02048100#4A01014A01010000
(1779321504.053223) can0 1AD#8814000059321818
(1779321504.054235) can0 2AD#D60C800C88140016
(1779321504.055250) can0 3AD#0000000000008814
(1779321504.056251) can0 4AD#EB00000000000000
(1779321504.057259) can0 76A#7F00000000000000
(1779321504.115952) can0 0000E005#1702440003B60591
(1779321504.116454) can0 1806E5F4#13D2010003B6023A
(1779321504.117350) can0 0000E000#13D213D2020D0000
(1779321504.118335) can0 0000E004#181803B603B601E2
(1779321504.119308) can0 0000E006#0CD60CD50CD50CD5
(1779321504.120345) can0 0000E007#0CD50CD50CD50CD5
(1779321504.121335) can0 0000E008#0CD60CD60CD60CD5
(1779321504.122330) can0 0000E009#0CD60CD60CD60CD6
(1779321504.123373) can0 0000E010#0000000000000000
(1779321504.124358) can0 0000E011#0000000000000000
(1779321504.125340) can0 0000E012#0CD5000100000000
(1779321504.126363) can0 0000F001#0000000000000000
(1779321504.127348) can0 18FF28F4#10320000020D0000
(1779321504.128367) can0 18FE28F4#0CD60CD540400000
(1779321504.129336) can0 18FD28F4#1702FA6F00000000
(1779321504.130245) can0 4D4#000032007D0D0203
(1779321504.131228) can0 4D5#D50CD60C40400000
(1779321504.132323) can0 18914010#0CD6100CD5020000
(1779321504.133322) can0 18904010#020D020D753001FB
(1779321504.134361) can0 18FA28F4#123EA12C10270000
(1779321504.135339) can0 18FB28F4#D60CD50C40400000
(1779321504.136361) can0 18FC28F4#383200000D020000
(1779321504.137322) can0 18F810F3#0D02E80332640100
(1779321504.138342) can0 18F815F3#0000000010030000
(1779321504.139248) can0 273#000000000D023200
(1779321504.140227) can0 1E1#020D271001FB01FB
(1779321504.141253) can0 1F5#0000000000000000
(1779321504.142358) can0 0800A6A9#0000000000000000
(1779321504.143304) can0 1000A6A9#0D028813324A4A4A
(1779321504.144333) can0 1C00A6A9#0000000000030000
(1779321504.145341) can0 02018100#1003020D00000000
(1779321504.146344) can0 02028100#0000003264000000
(1779321504.147326) can0 02038100#0CD601100CD50102
(1779321504.148349) can0 02048100#4A01014A01010000
(1779321504.149253) can0 1AD#8814000059321818
(1779321504.150250) can0 2AD#D60C800C88140016
(1779321504.151273) can0 3AD#0000000000008814
(1779321504.152283) can0 4AD#EB00000000000000
(1779321504.153272) can0 76A#7F00000000000000
(1779321504.215932) can0 0000E005#1702440003B60591
(1779321504.216533) can0 1806E5F4#13D2010003B6023A
(1779321504.217354) can0 0000E000#13D213D2020D0000
(1779321504.218338) can0 0000E004#181803B603B601E2
(1779321504.219311) can0 0000E006#0CD60CD50CD50CD5
(1779321504.220309) can0 0000E007#0CD50CD50CD50CD5
(1779321504.221320) can0 0000E008#0CD60CD60CD60CD5
(1779321504.222322) can0 0000E009#0CD60CD60CD60CD6
(1779321504.223362) can0 0000E010#0000000000000000
(1779321504.224342) can0 0000E011#0000000000000000
(1779321504.225349) can0 0000E012#0CD5000100000000
(1779321504.226365) can0 0000F001#0000000000000000
(1779321504.227347) can0 18FF28F4#10320000020D0000
(1779321504.228333) can0 18FE28F4#0CD60CD540400000
(1779321504.229360) can0 18FD28F4#1702FA6F00000000
(1779321504.230257) can0 4D4#000032007D0D0203
(1779321504.231228) can0 4D5#D50CD60C40400000
(1779321504.232328) can0 18914010#0CD6100CD5020000
(1779321504.233332) can0 18904010#020D020D753001FB
(1779321504.234323) can0 18FA28F4#123EA12C10270000
(1779321504.235322) can0 18FB28F4#D60CD50C40400000
(1779321504.236352) can0 18FC28F4#383200000D020000
(1779321504.237322) can0 18F810F3#0D02E80332640100
(1779321504.238352) can0 18F815F3#0000000010030000
(1779321504.239264) can0 273#000000000D023200
(1779321504.240256) can0 1E1#020D271001FB01FB
(1779321504.241248) can0 1F5#0000000000000000
(1779321504.242337) can0 0800A6A9#0000000000000000
(1779321504.243312) can0 1000A6A9#0D028813324A4A4A
(1779321504.244336) can0 1C00A6A9#0000000000030000
(1779321504.245332) can0 02018100#1003020D00000000
(1779321504.246334) can0 02028100#0000003264000000
(1779321504.247309) can0 02038100#0CD601100CD50102
(1779321504.248321) can0 02048100#4A01014A01010000
(1779321504.249225) can0 1AD#8814000059321818
(1779321504.250230) can0 2AD#D60C800C88140016
(1779321504.251252) can0 3AD#0000000000008814
(1779321504.252248) can0 4AD#EB00000000000000
(1779321504.253242) can0 76A#7F00000000000000
(1779321504.315874) can0 0000E005#1702440003B60591
(1779321504.316432) can0 1806E5F4#13D2010003B6023A
(1779321504.317326) can0 0000E000#13D213D2020D0000
(1779321504.318323) can0 0000E004#181803B603B601E2
(1779321504.319314) can0 0000E006#0CD60CD50CD50CD5
(1779321504.320292) can0 0000E007#0CD50CD50CD50CD5
(1779321504.321293) can0 0000E008#0CD60CD50CD50CD5
(1779321504.322286) can0 0000E009#0CD60CD60CD50CD6
(1779321504.323346) can0 0000E010#0000000000000000
(1779321504.324350) can0 0000E011#0000000000000000
(1779321504.325332) can0 0000E012#0CD5000100000000
(1779321504.326344) can0 0000F001#0000000000000000
(1779321504.327338) can0 18FF28F4#10320000020D0000
(1779321504.328305) can0 18FE28F4#0CD60CD540400000
(1779321504.329321) can0 18FD28F4#1702FA6F00000000
(1779321504.330235) can0 4D4#000032007D0D0203
(1779321504.331216) can0 4D5#D50CD60C40400000
(1779321504.332311) can0 18914010#0CD6100CD5020000
(1779321504.333306) can0 18904010#020D020D753001FB
(1779321504.334330) can0 18FA28F4#123EA12C10270000
(1779321504.335334) can0 18FB28F4#D60CD50C40400000
(1779321504.336333) can0 18FC28F4#383200000D020000
(1779321504.337299) can0 18F810F3#0D02E80332640100
(1779321504.338332) can0 18F815F3#0000000010030000
(1779321504.339221) can0 273#000000000D023200
(1779321504.340223) can0 1E1#020D271001FB01FB
(1779321504.341254) can0 1F5#0000000000000000
(1779321504.342332) can0 0800A6A9#0000000000000000
(1779321504.343312) can0 1000A6A9#0D028813324A4A4A
(1779321504.344334) can0 1C00A6A9#0000000000030000
(1779321504.345327) can0 02018100#1003020D00000000
(1779321504.346343) can0 02028100#0000003264000000
(1779321504.347319) can0 02038100#0CD601100CD50102
(1779321504.348342) can0 02048100#4A01014A01010000
(1779321504.349238) can0 1AD#8814000059321818
(1779321504.350245) can0 2AD#D60C800C88140016
(1779321504.351296) can0 3AD#0000000000008814
(1779321504.352267) can0 4AD#EB00000000000000
(1779321504.353260) can0 76A#7F00000000000000
(1779321504.415884) can0 0000E005#1702440003B60591
(1779321504.416440) can0 1806E5F4#13D2010003B6023A
(1779321504.417323) can0 0000E000#13D213D2020D0000
(1779321504.418320) can0 0000E004#181803B603B601E2
(1779321504.419300) can0 0000E006#0CD60CD50CD50CD5
(1779321504.420326) can0 0000E007#0CD50CD50CD50CD5
(1779321504.421294) can0 0000E008#0CD60CD50CD50CD5
(1779321504.422282) can0 0000E009#0CD60CD60CD50CD6
(1779321504.423350) can0 0000E010#0000000000000000
(1779321504.424331) can0 0000E011#0000000000000000
(1779321504.425331) can0 0000E012#0CD5000100000000
(1779321504.426348) can0 0000F001#0000000000000000
(1779321504.427332) can0 18FF28F4#10320000020D0000
(1779321504.428364) can0 18FE28F4#0CD60CD540400000
(1779321504.429326) can0 18FD28F4#1702FA6F00000000
(1779321504.430242) can0 4D4#000032007D0D0203
(1779321504.431225) can0 4D5#D50CD60C40400000
(1779321504.432324) can0 18914010#0CD6100CD5020000
(1779321504.433338) can0 18904010#020D020D753001FB
(1779321504.434327) can0 18FA28F4#123EA12C10270000
(1779321504.435323) can0 18FB28F4#D60CD50C40400000
(1779321504.436412) can0 18FC28F4#383200000D020000
(1779321504.437321) can0 18F810F3#0D02E80332640100
(1779321504.438360) can0 18F815F3#0000000010030000
(1779321504.439237) can0 273#000000000D023200
(1779321504.440221) can0 1E1#020D271001FB01FB
(1779321504.441237) can0 1F5#0000000000000000
(1779321504.442332) can0 0800A6A9#0000000000000000
(1779321504.443284) can0 1000A6A9#0D028813324A4A4A
(1779321504.444306) can0 1C00A6A9#0000000000030000
(1779321504.445325) can0 02018100#1003020D00000000
(1779321504.446336) can0 02028100#0000003264000000
(1779321504.447323) can0 02038100#0CD601100CD50102
(1779321504.448313) can0 02048100#4A01014A01010000
(1779321504.449212) can0 1AD#8814000059321818
(1779321504.450213) can0 2AD#D60C800C88140016
(1779321504.451226) can0 3AD#0000000000008814
(1779321504.452238) can0 4AD#EB00000000000000
(1779321504.453233) can0 76A#7F00000000000000
(1779321504.532870) can0 0000E005#1702440003B60591
(1779321504.533427) can0 1806E5F4#13D2010003B6023A
(1779321504.534305) can0 0000E000#13D213D2020D0000
(1779321504.535304) can0 0000E004#181803B603B601E2
(1779321504.536291) can0 0000E006#0CD50CD50CD50CD5
(1779321504.537284) can0 0000E007#0CD50CD50CD50CD6
(1779321504.538282) can0 0000E008#0CD60CD60CD50CD5
(1779321504.539310) can0 0000E009#0CD50CD60CD60CD6
(1779321504.540330) can0 0000E010#0000000000000000
(1779321504.541322) can0 0000E011#0000000000000000
(1779321504.542304) can0 0000E012#0CD5000100000000
(1779321504.543284) can0 0000E013#4542323630354C43
(1779321504.544317) can0 0000E014#3134323300000000
(1779321504.545330) can0 0000E015#0000000000000003
(1779321504.546321) can0 0000F000#0000000000000000
(1779321504.547324) can0 0000F001#0000000000000000
(1779321504.548323) can0 18FF28F4#10320000020D0000
(1779321504.549304) can0 18FE28F4#0CD60CD540400000
(1779321504.550310) can0 18FD28F4#1702FA6F00000000
(1779321504.551221) can0 4D4#000032007D0D0203
(1779321504.552215) can0 4D5#D50CD60C40400000
(1779321504.553291) can0 18914010#0CD6100CD5010000
(1779321504.554292) can0 18904010#020D020D753001FB
(1779321504.555334) can0 18924010#4001400100000000
(1779321504.556305) can0 18934010#000000160000BC51
(1779321504.557318) can0 18944010#1003000000000000
(1779321504.558348) can0 18954010#0000000000000000
(1779321504.559329) can0 18954010#0100000000000000
(1779321504.560324) can0 18954010#0200000000000000
(1779321504.561324) can0 18954010#0300000000000000
(1779321504.562318) can0 18954010#0400000000000000
(1779321504.563318) can0 18954010#0500000000000000
(1779321504.564311) can0 18964010#0040404000000000
(1779321504.565324) can0 18974010#0000000000000000
(1779321504.566340) can0 18984010#0000000000000000
(1779321504.567306) can0 18FA28F4#123EA12C10270000
(1779321504.568299) can0 18FB28F4#D60CD50C40400000
(1779321504.569324) can0 18FC28F4#383200000D020000
(1779321504.570284) can0 18F810F3#0D02E80332640100
(1779321504.571305) can0 18F811F3#D60C1001D50C0101
(1779321504.572307) can0 18F812F3#4001014001010000
(1779321504.573333) can0 18F813F3#0101000000000000
(1779321504.574321) can0 18F814F3#3200EA1AA9015F00
(1779321504.575329) can0 18F815F3#0000000010030000
(1779321504.576232) can0 273#000000000D023200
(1779321504.577204) can0 1E1#020D271001FB01FB
(1779321504.578228) can0 1F5#0000000000000000
(1779321504.579325) can0 0800A6A9#0000000000000000
(1779321504.580286) can0 1000A6A9#0D028813324A4A4A
(1779321504.581318) can0 1C00A6A9#0000000000030000
(1779321504.582361) can0 02018100#1003020D00000000
(1779321504.583313) can0 02028100#0000003264000000
(1779321504.584293) can0 02038100#0CD601100CD50101
(1779321504.585305) can0 02048100#4A01014A01010000
(1779321504.586206) can0 1AD#8814000059321818
(1779321504.587204) can0 2AD#D60C800C88140016
(1779321504.588222) can0 3AD#0000000000008814
(1779321504.589238) can0 4AD#EB00000000000000
(1779321504.590283) can0 76A#7F00000000000000
(1779321504.648918) can0 0000E005#1702440003B60591
(1779321504.649483) can0 1806E5F4#13D2010003B6023A
(1779321504.650325) can0 0000E000#13D213D2020D0000
(1779321504.651340) can0 0000E004#181803B603B601E2
(1779321504.652286) can0 0000E006#0CD50CD50CD50CD5
(1779321504.653281) can0 0000E007#0CD50CD50CD50CD6
(1779321504.654294) can0 0000E008#0CD60CD60CD50CD5
(1779321504.655286) can0 0000E009#0CD50CD60CD60CD6
(1779321504.656344) can0 0000E010#0000000000000000
(1779321504.657346) can0 0000E011#0000000000000000
(1779321504.658318) can0 0000E012#0CD5000100000000
(1779321504.659379) can0 0000F001#0000000000000000
(1779321504.660314) can0 18FF28F4#10320000020D0000
(1779321504.661295) can0 18FE28F4#0CD60CD540400000
(1779321504.662307) can0 18FD28F4#1702FA6F00000000
(1779321504.663214) can0 4D4#000032007D0D0203
(1779321504.664206) can0 4D5#D50CD60C40400000
(1779321504.665304) can0 18914010#0CD6100CD5010000
(1779321504.666306) can0 18904010#020D020D753001FB
(1779321504.667368) can0 18FA28F4#123EA12C10270000
(1779321504.668299) can0 18FB28F4#D60CD50C40400000
(1779321504.669328) can0 18FC28F4#383200000D020000
(1779321504.670294) can0 18F810F3#0D02E80332640100
(1779321504.671320) can0 18F815F3#0000000010030000
(1779321504.672227) can0 273#000000000D023200
(1779321504.673220) can0 1E1#020D271001FB01FB
(1779321504.674246) can0 1F5#0000000000000000
(1779321504.675318) can0 0800A6A9#0000000000000000
(1779321504.676289) can0 1000A6A9#0D028813324A4A4A
(1779321504.677315) can0 1C00A6A9#0000000000030000
(1779321504.678314) can0 02018100#1003020D00000000
(1779321504.679326) can0 02028100#0000003264000000
(1779321504.680309) can0 02038100#0CD601100CD50101
(1779321504.681302) can0 02048100#4A01014A01010000
(1779321504.682206) can0 1AD#8814000059321818
(1779321504.683212) can0 2AD#D60C800C88140016
(1779321504.684225) can0 3AD#0000000000008814
(1779321504.685228) can0 4AD#EB00000000000000
(1779321504.686237) can0 76A#7F00000000000000
(1779321504.748915) can0 0000E005#1702440003B60591
(1779321504.749459) can0 1806E5F4#13D2010003B6023A
(1779321504.750305) can0 0000E000#13D213D2020D0000
(1779321504.751285) can0 0000E004#181803B603B601E2
(1779321504.752263) can0 0000E006#0CD50CD50CD50CD5
(1779321504.753266) can0 0000E007#0CD50CD50CD50CD6
(1779321504.754280) can0 0000E008#0CD60CD60CD50CD5
(1779321504.755279) can0 0000E009#0CD50CD60CD60CD6
(1779321504.756324) can0 0000E010#0000000000000000
(1779321504.757324) can0 0000E011#0000000000000000
(1779321504.758305) can0 0000E012#0CD5000100000000
(1779321504.759337) can0 0000F001#0000000000000000
(1779321504.760312) can0 18FF28F4#10320000020D0000
(1779321504.761299) can0 18FE28F4#0CD60CD540400000
(1779321504.762313) can0 18FD28F4#1702FA6F00000000
(1779321504.763210) can0 4D4#000032007D0D0203
(1779321504.764204) can0 4D5#D50CD60C40400000
(1779321504.765286) can0 18914010#0CD6100CD5010000
(1779321504.766287) can0 18904010#020D020D753001FB
(1779321504.767300) can0 18FA28F4#123EA12C10270000
(1779321504.768280) can0 18FB28F4#D60CD50C40400000
(1779321504.769312) can0 18FC28F4#383200000D020000
(1779321504.770274) can0 18F810F3#0D02E80332640100
(1779321504.771319) can0 18F815F3#0000000010030000
(1779321504.772213) can0 273#000000000D023200
(1779321504.773204) can0 1E1#020D271001FB01FB
(1779321504.774229) can0 1F5#0000000000000000
(1779321504.775312) can0 0800A6A9#0000000000000000
(1779321504.776273) can0 1000A6A9#0D028813324A4A4A
(1779321504.777305) can0 1C00A6A9#0000000000030000
(1779321504.778318) can0 02018100#1003020D00000000
(1779321504.779319) can0 02028100#0000003264000000
(1779321504.780300) can0 02038100#0CD601100CD50101
(1779321504.781306) can0 02048100#4A01014A01010000
(1779321504.782191) can0 1AD#8814000059321818
(1779321504.783203) can0 2AD#D60C800C88140016
(1779321504.784212) can0 3AD#0000000000008814
(1779321504.785229) can0 4AD#EB00000000000000
(1779321504.786223) can0 76A#7F00000000000000
(1779321504.848858) can0 0000E005#1702440003B60591
(1779321504.849410) can0 1806E5F4#13D2010003B6023A
(1779321504.850298) can0 0000E000#13D213D2020D0000
(1779321504.851292) can0 0000E004#181803B603B601E2
(1779321504.852259) can0 0000E006#0CD50CD50CD50CD5
(1779321504.853273) can0 0000E007#0CD50CD50CD60CD5
(1779321504.854273) can0 0000E008#0CD50CD60CD50CD5
(1779321504.855272) can0 0000E009#0CD50CD60CD60CD6
(1779321504.856311) can0 0000E010#0000000000000000
(1779321504.857303) can0 0000E011#0000000000000000
(1779321504.858311) can0 0000E012#0CD5000100000000
(1779321504.859324) can0 0000F001#0000000000000000
(1779321504.860305) can0 18FF28F4#10320000020D0000
(1779321504.861280) can0 18FE28F4#0CD60CD540400000
(1779321504.862298) can0 18FD28F4#1702FA6F00000000
(1779321504.863215) can0 4D4#000032007D0D0203
(1779321504.864196) can0 4D5#D50CD60C40400000
(1779321504.865292) can0 18914010#0CD6100CD5010000
(1779321504.866305) can0 18904010#020D020D753001FB
(1779321504.867286) can0 18FA28F4#123EA12C10270000
(1779321504.868279) can0 18FB28F4#D60CD50C40400000
(1779321504.869304) can0 18FC28F4#383200000D020000
(1779321504.870279) can0 18F810F3#0D02E80332640100
(1779321504.871311) can0 18F815F3#0000000010030000
(1779321504.872209) can0 273#000000000D023200
(1779321504.873184) can0 1E1#020D271001FB01FB
(1779321504.874248) can0 1F5#0000000000000000
(1779321504.875313) can0 0800A6A9#0000000000000000
(1779321504.876261) can0 1000A6A9#0D028813324A4A4A
(1779321504.877305) can0 1C00A6A9#0000000000030000
(1779321504.878305) can0 02018100#1003020D00000000
(1779321504.879299) can0 02028100#0000003264000000
(1779321504.880274) can0 02038100#0CD601100CD50101
(1779321504.881292) can0 02048100#4A01014A01010000
(1779321504.882222) can0 1AD#8814000059321818
(1779321504.883204) can0 2AD#D60C800C88140016
(1779321504.884211) can0 3AD#0000000000008814
(1779321504.885210) can0 4AD#EB00000000000000
(1779321504.886210) can0 76A#7F00000000000000
(1779321504.948881) can0 0000E005#1702440003B60591
(1779321504.949450) can0 1806E5F4#13D2010003B6023A
(1779321504.950289) can0 0000E000#13D213D2020D0000
(1779321504.951321) can0 0000E004#181803B603B601E2
(1779321504.952270) can0 0000E006#0CD50CD50CD50CD5
(1779321504.953262) can0 0000E007#0CD50CD50CD60CD5
(1779321504.954265) can0 0000E008#0CD50CD60CD50CD5
(1779321504.955277) can0 0000E009#0CD50CD60CD60CD6
(1779321504.956321) can0 0000E010#0000000000000000
(1779321504.957297) can0 0000E011#0000000000000000
(1779321504.958302) can0 0000E012#0CD5000100000000
(1779321504.959347) can0 0000F001#0000000000000000
(1779321504.960296) can0 18FF28F4#10320000020D0000
(1779321504.961277) can0 18FE28F4#0CD60CD540400000
(1779321504.962295) can0 18FD28F4#1702FA6F00000000
(1779321504.963208) can0 4D4#000032007D0D0203
(1779321504.964188) can0 4D5#D50CD60C40400000
(1779321504.965277) can0 18914010#0CD6100CD5010000
(1779321504.966284) can0 18904010#020D020D753001FB
(1779321504.967328) can0 18FA28F4#123EA12C10270000
(1779321504.968277) can0 18FB28F4#D60CD50C40400000
(1779321504.969299) can0 18FC28F4#383200000D020000
(1779321504.970271) can0 18F810F3#0D02E80332640100
(1779321504.971304) can0 18F815F3#0000000010030000
(1779321504.972201) can0 273#000000000D023200
(1779321504.973201) can0 1E1#020D271001FB01FB
(1779321504.974214) can0 1F5#0000000000000000
(1779321504.975311) can0 0800A6A9#0000000000000000
(1779321504.976258) can0 1000A6A9#0D028813324A4A4A
(1779321504.977301) can0 1C00A6A9#0000000000030000
(1779321504.978297) can0 02018100#1003020D00000000
(1779321504.979298) can0 02028100#0000003264000000
(1779321504.980278) can0 02038100#0CD601100CD50101
(1779321504.981285) can0 02048100#4A01014A01010000
(1779321504.982189) can0 1AD#8814000059321818
(1779321504.983202) can0 2AD#D60C800C88140016
(1779321504.984214) can0 3AD#0000000000008814
(1779321504.985208) can0 4AD#EB00000000000000
(1779321504.986208) can0 76A#7F00000000000000
(1779321505.065878) can0 0000E005#1702440003B60591
(1779321505.066449) can0 1806E5F4#13D2010003B6023A
(1779321505.067286) can0 0000E000#13D213D2020D0000
(1779321505.068282) can0 0000E004#181803B603B601E2
(1779321505.069263) can0 0000E006#0CD50CD50CD50CD5
(1779321505.070263) can0 0000E007#0CD50CD50CD50CD5
(1779321505.071252) can0 0000E008#0CD50CD50CD50CD5
(1779321505.072276) can0 0000E009#0CD50CD60CD60CD6
(1779321505.073319) can0 0000E010#0000000000000000
(1779321505.074301) can0 0000E011#0000000000000000
(1779321505.075301) can0 0000E012#0CD5000100000000
(1779321505.076263) can0 0000E013#4542323630354C43
(1779321505.077295) can0 0000E014#3134323300000000
(1779321505.078307) can0 0000E015#0000000000000003
(1779321505.079299) can0 0000F000#0000000000000000
(1779321505.080301) can0 0000F001#0000000000000000
(1779321505.081302) can0 18FF28F4#10320000020D0000
(1779321505.082282) can0 18FE28F4#0CD60CD540400000
(1779321505.083289) can0 18FD28F4#1702FA6F00000000
(1779321505.084192) can0 4D4#000032007D0D0203
(1779321505.085193) can0 4D5#D50CD60C40400000
(1779321505.086270) can0 18914010#0CD6100CD5010000
(1779321505.087270) can0 18904010#020D020D753001FB
(1779321505.088296) can0 18924010#4001400100000000
(1779321505.089295) can0 18934010#000000170000BC51
(1779321505.090295) can0 18944010#1003000000000000
(1779321505.091306) can0 18954010#0000000000000000
(1779321505.092302) can0 18954010#0100000000000000
(1779321505.093302) can0 18954010#0200000000000000
(1779321505.094302) can0 18954010#0300000000000000
(1779321505.095296) can0 18954010#0400000000000000
(1779321505.096295) can0 18954010#0500000000000000
(1779321505.097321) can0 18964010#0040404000000000
(1779321505.098302) can0 18974010#0000000000000000
(1779321505.099302) can0 18984010#0000000000000000
(1779321505.100282) can0 18FA28F4#123EA12C10270000
(1779321505.101277) can0 18FB28F4#D60CD50C40400000
(1779321505.102302) can0 18FC28F4#383200000D020000
(1779321505.103263) can0 18F810F3#0D02E80332640100
(1779321505.104284) can0 18F811F3#D60C1001D50C0101
(1779321505.105308) can0 18F812F3#4001014001010000
(1779321505.106303) can0 18F813F3#0101000000000000
(1779321505.107265) can0 18F814F3#3200EA1AA9015F00
(1779321505.108296) can0 18F815F3#0000000010030000
(1779321505.109194) can0 273#000000000D023200
(1779321505.110194) can0 1E1#020D271001FB01FB
(1779321505.111220) can0 1F5#0000000000000000
(1779321505.112303) can0 0800A6A9#0000000000000000
(1779321505.113296) can0 1000A6A9#0D028813324A4A4A
(1779321505.114296) can0 1C00A6A9#0000000000030000
(1779321505.115285) can0 02018100#1003020D00000000
(1779321505.116290) can0 02028100#0000003264000000
(1779321505.117271) can0 02038100#0CD601100CD50101
(1779321505.118284) can0 02048100#4A01014A01010000
(1779321505.119184) can0 1AD#8814000059321818
(1779321505.120182) can0 2AD#D60C800C88140016
(1779321505.121246) can0 3AD#0000000000008814
(1779321505.122213) can0 4AD#EB00000000000000
(1779321505.123208) can0 76A#7F00000000000000
(1779321505.181887) can0 0000E005#1702440003B60591
(1779321505.182441) can0 1806E5F4#13D2010003B6023A
(1779321505.183274) can0 0000E000#13D213D2020D0000
(1779321505.184272) can0 0000E004#181803B603B601E2
(1779321505.185255) can0 0000E006#0CD50CD50CD50CD5
(1779321505.186255) can0 0000E007#0CD50CD50CD50CD5
(1779321505.187250) can0 0000E008#0CD50CD50CD50CD5
(1779321505.188264) can0 0000E009#0CD50CD60CD60CD6
(1779321505.189313) can0 0000E010#0000000000000000
(1779321505.190338) can0 0000E011#0000000000000000
(1779321505.191288) can0 0000E012#0CD5000100000000
(1779321505.192300) can0 0000F001#0000000000000000
(1779321505.193287) can0 18FF28F4#10320000020D0000
(1779321505.194272) can0 18FE28F4#0CD60CD540400000
(1779321505.195282) can0 18FD28F4#1702FA6F00000000
(1779321505.196188) can0 4D4#000032007D0D0203
(1779321505.197178) can0 4D5#D50CD60C40400000
(1779321505.198319) can0 18914010#0CD6100CD5010000
(1779321505.199269) can0 18904010#020D020D753001FB
(1779321505.200278) can0 18FA28F4#123EA12C10270000
(1779321505.201262) can0 18FB28F4#D60CD50C40400000
(1779321505.202294) can0 18FC28F4#383200000D020000
(1779321505.203261) can0 18F810F3#0D02E80332640100
(1779321505.204287) can0 18F815F3#0000000010030000
(1779321505.205192) can0 273#000000000D023200
(1779321505.206185) can0 1E1#020D271001FB01FB
(1779321505.207203) can0 1F5#0000000000000000
(1779321505.208292) can0 0800A6A9#0000000000000000
(1779321505.209244) can0 1000A6A9#0D028813324A4A4A
(1779321505.210288) can0 1C00A6A9#0000000000030000
(1779321505.211288) can0 02018100#1003020D00000000
(1779321505.212279) can0 02028100#0000003264000000
(1779321505.213262) can0 02038100#0CD601100CD50101
(1779321505.214275) can0 02048100#4A01014A01010000
(1779321505.215173) can0 1AD#8814000059321818
(1779321505.216186) can0 2AD#D60C800C88140016
(1779321505.217199) can0 3AD#0000000000008814
(1779321505.218198) can0 4AD#EB00000000000000
(1779321505.219193) can0 76A#7F00000000000000
(1779321505.281807) can0 0000E005#1702440003B60591
(1779321505.282388) can0 1806E5F4#13D2010003B6023A
(1779321505.283272) can0 0000E000#13D213D2020D0000
(1779321505.284266) can0 0000E004#181803B603B601E2
(1779321505.285244) can0 0000E006#0CD50CD50CD50CD5
(1779321505.286246) can0 0000E007#0CD50CD50CD50CD5
(1779321505.287247) can0 0000E008#0CD50CD50CD50CD5
(1779321505.288259) can0 0000E009#0CD50CD60CD60CD6
(1779321505.289304) can0 0000E010#0000000000000000
(1779321505.290304) can0 0000E011#0000000000000000
(1779321505.291285) can0 0000E012#0CD5000100000000
(1779321505.292298) can0 0000F001#0000000000000000
(1779321505.293277) can0 18FF28F4#10320000020D0000
(1779321505.294259) can0 18FE28F4#0CD60CD540400000
(1779321505.295273) can0 18FD28F4#1702FA6F00000000
(1779321505.296189) can0 4D4#000032007D0D0203
(1779321505.297167) can0 4D5#D50CD60C40400000
(1779321505.298266) can0 18914010#0CD6100CD5010000
(1779321505.299259) can0 18904010#020D020D753001FB
(1779321505.300279) can0 18FA28F4#123EA12C10270000
(1779321505.301260) can0 18FB28F4#D60CD50C40400000
(1779321505.302286) can0 18FC28F4#383200000D020000
(1779321505.303254) can0 18F810F3#0D02E80332640100
(1779321505.304298) can0 18F815F3#0000000010030000
(1779321505.305178) can0 273#000000000D023200
(1779321505.306184) can0 1E1#020D271001FB01FB
(1779321505.307209) can0 1F5#0000000000000000
(1779321505.308286) can0 0800A6A9#0000000000000000
(1779321505.309245) can0 1000A6A9#0D028813324A4A4A
(1779321505.310286) can0 1C00A6A9#0000000000030000
(1779321505.311279) can0 02018100#1003020D00000000
(1779321505.312292) can0 02028100#0000003264000000
(1779321505.313273) can0 02038100#0CD601100CD50101
(1779321505.314273) can0 02048100#4A01014A01010000
(1779321505.315178) can0 1AD#8814000059321818
(1779321505.316184) can0 2AD#D60C800C88140016
(1779321505.317193) can0 3AD#0000000000008814
(1779321505.318190) can0 4AD#EB00000000000000
(1779321505.319203) can0 76A#7F00000000000000
(1779321505.381835) can0 0000E005#1702440003B60591
(1779321505.382378) can0 1806E5F4#13D2010003B6023A
(1779321505.383271) can0 0000E000#13D213D2020D0000
(1779321505.384263) can0 0000E004#181803B603B601E2
(1779321505.385244) can0 0000E006#0CD60CD50CD50CD5
(1779321505.386244) can0 0000E007#0CD50CD50CD50CD6
(1779321505.387243) can0 0000E008#0CD50CD50CD50CD5
(1779321505.388258) can0 0000E009#0CD50CD60CD60CD6
(1779321505.389302) can0 0000E010#0000000000000000
(1779321505.390296) can0 0000E011#0000000000000000
(1779321505.391282) can0 0000E012#0CD5000100000000
(1779321505.392290) can0 0000F001#0000000000000000
(1779321505.393276) can0 18FF28F4#10320000020D0000
(1779321505.394253) can0 18FE28F4#0CD60CD540400000
(1779321505.395273) can0 18FD28F4#1702FA6F00000000
(1779321505.396190) can0 4D4#000032007D0D0203
(1779321505.397181) can0 4D5#D50CD60C40400000
(1779321505.398258) can0 18914010#0CD6100CD5020000
(1779321505.399258) can0 18904010#020D020D753001FB
(1779321505.400271) can0 18FA28F4#123EA12C10270000
(1779321505.401251) can0 18FB28F4#D60CD50C40400000
(1779321505.402281) can0 18FC28F4#383200000D020000
(1779321505.403245) can0 18F810F3#0D02E80332640100
(1779321505.404296) can0 18F815F3#0000000010030000
(1779321505.405213) can0 273#000000000D023200
(1779321505.406172) can0 1E1#020D271001FB01FB
(1779321505.407208) can0 1F5#0000000000000000
(1779321505.408284) can0 0800A6A9#0000000000000000
(1779321505.409252) can0 1000A6A9#0D028813324A4A4A
(1779321505.410277) can0 1C00A6A9#0000000000030000
(1779321505.411290) can0 02018100#1003020D00000000
(1779321505.412290) can0 02028100#0000003264000000
(1779321505.413303) can0 02038100#0CD601100CD50102
(1779321505.414259) can0 02048100#4A01014A01010000
(1779321505.415162) can0 1AD#8814000059321818
(1779321505.416176) can0 2AD#D60C800C88140016
(1779321505.417188) can0 3AD#0000000000008814
(1779321505.418180) can0 4AD#EB00000000000000
(1779321505.419195) can0 76A#7F00000000000000
(1779321505.481857) can0 0000E005#1702440003B60591
(1779321505.482429) can0 1806E5F4#13D2010003B6023A
(1779321505.483267) can0 0000E000#13D213D2020D0000
(1779321505.484261) can0 0000E004#181803B603B601E2
(1779321505.485242) can0 0000E006#0CD60CD50CD50CD5
(1779321505.486243) can0 0000E007#0CD50CD50CD50CD6
(1779321505.487234) can0 0000E008#0CD50CD50CD50CD5
(1779321505.488249) can0 0000E009#0CD50CD60CD60CD6
(1779321505.489300) can0 0000E010#0000000000000000
(1779321505.490314) can0 0000E011#0000000000000000
(1779321505.491274) can0 0000E012#0CD5000100000000
(1779321505.492294) can0 0000F001#0000000000000000
(1779321505.493276) can0 18FF28F4#10320000020D0000
(1779321505.494262) can0 18FE28F4#0CD60CD540400000
(1779321505.495275) can0 18FD28F4#1702FA6F00000000
(1779321505.496173) can0 4D4#000032007D0D0203
(1779321505.497173) can0 4D5#D50CD60C40400000
(1779321505.498300) can0 18914010#0CD6100CD5020000
(1779321505.499249) can0 18904010#020D020D753001FB
(1779321505.500268) can0 18FA28F4#123EA12C10270000
(1779321505.501250) can0 18FB28F4#D60CD50C40400000
(1779321505.502282) can0 18FC28F4#383200000D020000
(1779321505.503243) can0 18F810F3#0D02E80332640100
(1779321505.504295) can0 18F815F3#0000000010030000
(1779321505.505180) can0 273#000000000D023200
(1779321505.506212) can0 1E1#020D271001FB01FB
(1779321505.507193) can0 1F5#0000000000000000
(1779321505.508288) can0 0800A6A9#0000000000000000
(1779321505.509237) can0 1000A6A9#0D028813324A4A4A
(1779321505.510270) can0 1C00A6A9#0000000000030000
(1779321505.511283) can0 02018100#1003020D00000000
(1779321505.512283) can0 02028100#0000003264000000
(1779321505.513262) can0 02038100#0CD601100CD50102
(1779321505.514252) can0 02048100#4A01014A01010000
(1779321505.515154) can0 1AD#8814000059321818
(1779321505.516167) can0 2AD#D60C800C88140016
(1779321505.517180) can0 3AD#0000000000008814
(1779321505.518193) can0 4AD#EB00000000000000
(1779321505.519194) can0 76A#7F00000000000000
(1779321505.598875) can0 0000E005#1702440003B60591
(1779321505.599429) can0 1806E5F4#13D2010003B6023A
(1779321505.600262) can0 0000E000#13D213D2020D0000
(1779321505.601248) can0 0000E004#181803B603B601E2
(1779321505.602248) can0 0000E006#0CD60CD50CD50CD5
(1779321505.603242) can0 0000E007#0CD50CD50CD50CD5
(1779321505.604233) can0 0000E008#0CD60CD60CD50CD5
(1779321505.605236) can0 0000E009#0CD50CD60CD60CD6
(1779321505.606287) can0 0000E010#0000000000000000
(1779321505.607281) can0 0000E011#0000000000000000
(1779321505.608262) can0 0000E012#0CD5000100000000
(1779321505.609230) can0 0000E013#4542323630354C43
(1779321505.610255) can0 0000E014#3134323300000000
(1779321505.611274) can0 0000E015#0000000000000003
(1779321505.612279) can0 0000F000#0000000000000000
(1779321505.613281) can0 0000F001#0000000000000000
(1779321505.614261) can0 18FF28F4#10320000020D0000
(1779321505.615243) can0 18FE28F4#0CD60CD540400000
(1779321505.616253) can0 18FD28F4#1702FA6F00000000
(1779321505.617172) can0 4D4#000032007D0D0203
(1779321505.618159) can0 4D5#D50CD60C40400000
(1779321505.619249) can0 18914010#0CD6100CD5020000
(1779321505.620262) can0 18904010#020D020D753001FB
(1779321505.621262) can0 18924010#4001400100000000
(1779321505.622262) can0 18934010#000000180000BC51
(1779321505.623275) can0 18944010#1003000000000000
(1779321505.624288) can0 18954010#0000000000000000
(1779321505.625288) can0 18954010#0100000000000000
(1779321505.626282) can0 18954010#0200000000000000
(1779321505.627281) can0 18954010#0300000000000000
(1779321505.628288) can0 18954010#0400000000000000
(1779321505.629275) can0 18954010#0500000000000000
(1779321505.630269) can0 18964010#0040404000000000
(1779321505.631282) can0 18974010#0000000000000000
(1779321505.632281) can0 18984010#0000000000000000
(1779321505.633244) can0 18FA28F4#123EA12C10270000
(1779321505.634237) can0 18FB28F4#D60CD50C40400000
(1779321505.635270) can0 18FC28F4#383200000D020000
(1779321505.636257) can0 18F810F3#0D02E80332640100
(1779321505.637263) can0 18F811F3#D60C1001D50C0201
(1779321505.638256) can0 18F812F3#4001014001010000
(1779321505.639283) can0 18F813F3#0101000000000000
(1779321505.640247) can0 18F814F3#3200EA1AA9015F00
(1779321505.641276) can0 18F815F3#0000000010030000
(1779321505.642173) can0 273#000000000D023200
(1779321505.643154) can0 1E1#020D271001FB01FB
(1779321505.644218) can0 1F5#0000000000000000
(1779321505.645276) can0 0800A6A9#0000000000000000
(1779321505.646231) can0 1000A6A9#0D028813324A4A4A
(1779321505.647257) can0 1C00A6A9#0000000000030000
(1779321505.648266) can0 02018100#1003020D00000000
(1779321505.649270) can0 02028100#0000003264000000
(1779321505.650250) can0 02038100#0CD601100CD50102
(1779321505.651263) can0 02048100#4A01014A01010000
(1779321505.652189) can0 1AD#8814000059321818
(1779321505.653161) can0 2AD#D60C800C88140016
(1779321505.654173) can0 3AD#0000000000008814
(1779321505.655173) can0 4AD#EB00000000000000
(1779321505.656187) can0 76A#7F00000000000000
(1779321505.714813) can0 0000E005#1702440003B60591
(1779321505.715370) can0 1806E5F4#13D2010003B6023A
(1779321505.716253) can0 0000E000#13D213D2020D0000
(1779321505.717245) can0 0000E004#181803B603B601E2
(1779321505.718228) can0 0000E006#0CD60CD50CD50CD5
(1779321505.719229) can0 0000E007#0CD50CD50CD50CD5
(1779321505.720241) can0 0000E008#0CD60CD60CD50CD5
(1779321505.721266) can0 0000E009#0CD50CD60CD60CD6
(1779321505.722286) can0 0000E010#0000000000000000
(1779321505.723286) can0 0000E011#0000000000000000
(1779321505.724267) can0 0000E012#0CD5000100000000
(1779321505.725280) can0 0000F001#0000000000000000
(1779321505.726261) can0 18FF28F4#10320000020D0000
(1779321505.727242) can0 18FE28F4#0CD60CD540400000
(1779321505.728255) can0 18FD28F4#1702FA6F00000000
(1779321505.729216) can0 4D4#000032007D0D0203
(1779321505.730152) can0 4D5#D50CD60C40400000
(1779321505.731248) can0 18914010#0CD6100CD5020000
(1779321505.732248) can0 18904010#020D020D753001FB
(1779321505.733255) can0 18FA28F4#123EA12C10270000
(1779321505.734241) can0 18FB28F4#D60CD50C40400000
(1779321505.735268) can0 18FC28F4#383200000D020000
(1779321505.736235) can0 18F810F3#0D02E80332640100
(1779321505.737331) can0 18F815F3#0000000010030000
(1779321505.738165) can0 273#000000000D023200
(1779321505.739165) can0 1E1#020D271001FB01FB
(1779321505.740191) can0 1F5#0000000000000000
(1779321505.741270) can0 0800A6A9#0000000000000000
(1779321505.742235) can0 1000A6A9#0D028813324A4A4A
(1779321505.743268) can0 1C00A6A9#0000000000030000
(1779321505.744262) can0 02018100#1003020D00000000
(1779321505.745276) can0 02028100#0000003264000000
(1779321505.746255) can0 02038100#0CD601100CD50102
(1779321505.747255) can0 02048100#4A01014A01010000
(1779321505.748153) can0 1AD#8814000059321818
(1779321505.749165) can0 2AD#D60C800C88140016
(1779321505.750179) can0 3AD#0000000000008814
(1779321505.751172) can0 4AD#EB00000000000000
(1779321505.752186) can0 76A#7F00000000000000
(1779321505.814805) can0 0000E005#1702440003B60591
(1779321505.815365) can0 1806E5F4#13D2010003B6023A
(1779321505.816246) can0 0000E000#13D213D2020D0000
(1779321505.817245) can0 0000E004#181803B603B601E2
(1779321505.818220) can0 0000E006#0CD60CD50CD50CD5
(1779321505.819227) can0 0000E007#0CD50CD50CD50CD5
(1779321505.820239) can0 0000E008#0CD60CD60CD50CD5
(1779321505.821233) can0 0000E009#0CD50CD60CD60CD6
(1779321505.822284) can0 0000E010#0000000000000000
(1779321505.823277) can0 0000E011#0000000000000000
(1779321505.824259) can0 0000E012#0CD5000100000000
(1779321505.825271) can0 0000F001#0000000000000000
(1779321505.826267) can0 18FF28F4#10320000020D0000
(1779321505.827234) can0 18FE28F4#0CD60CD540400000
(1779321505.828252) can0 18FD28F4#1702FA6F00000000
(1779321505.829168) can0 4D4#000032007D0D0203
(1779321505.830140) can0 4D5#D50CD60C40400000
(1779321505.831240) can0 18914010#0CD6100CD5020000
(1779321505.832240) can0 18904010#020D020D753001FB
(1779321505.833253) can0 18FA28F4#123EA12C10270000
(1779321505.834234) can0 18FB28F4#D60CD50C40400000
(1779321505.835266) can0 18FC28F4#383200000D020000
(1779321505.836233) can0 18F810F3#0D02E80332640100
(1779321505.837278) can0 18F815F3#0000000010030000
(1779321505.838160) can0 273#000000000D023200
(1779321505.839157) can0 1E1#020D271001FB01FB
(1779321505.840189) can0 1F5#0000000000000000
(1779321505.841266) can0 0800A6A9#0000000000000000
(1779321505.842229) can0 1000A6A9#0D028813324A4A4A
(1779321505.843260) can0 1C00A6A9#0000000000030000
(1779321505.844260) can0 02018100#1003020D00000000
(1779321505.845272) can0 02028100#0000003264000000
(1779321505.846253) can0 02038100#0CD601100CD50102
(1779321505.847247) can0 02048100#4A01014A01010000
(1779321505.848151) can0 1AD#8814000059321818
(1779321505.849157) can0 2AD#D60C800C88140016
(1779321505.850168) can0 3AD#0000000000008814
(1779321505.851184) can0 4AD#EB00000000000000
(1779321505.852183) can0 76A#7F00000000000000
(1779321505.914845) can0 0000E005#1702440003B60591
(1779321505.915399) can0 1806E5F4#13D2010003B6023A
(1779321505.916250) can0 0000E000#13D213D2020D0000
(1779321505.917250) can0 0000E004#181803B603B601E2
(1779321505.918230) can0 0000E006#0CD60CD50CD50CD5
(1779321505.919231) can0 0000E007#0CD50CD50CD50CD6
(1779321505.920244) can0 0000E008#0CD60CD50CD60CD5
(1779321505.921225) can0 0000E009#0CD50CD60CD50CD6
(1779321505.922269) can0 0000E010#0000000000000000
(1779321505.923264) can0 0000E011#0000000000000000
(1779321505.924263) can0 0000E012#0CD5000100000000
(1779321505.925276) can0 0000F001#0000000000000000
(1779321505.926263) can0 18FF28F4#10320000020D0000
(1779321505.927233) can0 18FE28F4#0CD60CD540400000
(1779321505.928269) can0 18FD28F4#1702FA6F00000000
(1779321505.929174) can0 4D4#000032007D0D0203
(1779321505.930154) can0 4D5#D50CD60C40400000
(1779321505.931251) can0 18914010#0CD6100CD5020000
(1779321505.932244) can0 18904010#020D020D753001FB
(1779321505.933244) can0 18FA28F4#123EA12C10270000
(1779321505.934237) can0 18FB28F4#D60CD50C40400000
(1779321505.935265) can0 18FC28F4#383200000D020000
(1779321505.936249) can0 18F810F3#0D02E80332640100
(1779321505.937263) can0 18F815F3#0000000010030000
(1779321505.938161) can0 273#000000000D023200
(1779321505.939138) can0 1E1#020D271001FB01FB
(1779321505.940174) can0 1F5#0000000000000000
(1779321505.941270) can0 0800A6A9#0000000000000000
(1779321505.942219) can0 1000A6A9#0D028813324A4A4A
(1779321505.943251) can0 1C00A6A9#0000000000030000
(1779321505.944295) can0 02018100#1003020D00000000
(1779321505.945257) can0 02028100#0000003264000000
(1779321505.946238) can0 02038100#0CD601100CD50102
(1779321505.947249) can0 02048100#4A01014A01010000
(1779321505.948149) can0 1AD#8814000059321818
(1779321505.949161) can0 2AD#D60C800C88140016
(1779321505.950175) can0 3AD#0000000000008814
(1779321505.951167) can0 4AD#EB00000000000000
(1779321505.952200) can0 76A#7F00000000000000
(1779321506.014802) can0 0000E005#1702440003B60591
(1779321506.015358) can0 1806E5F4#13D2010003B6023A
(1779321506.016242) can0 0000E000#13D213D2020D0000
(1779321506.017242) can0 0000E004#181803B603B601E2
(1779321506.018222) can0 0000E006#0CD60CD50CD50CD5
(1779321506.019216) can0 0000E007#0CD50CD50CD50CD6
(1779321506.020229) can0 0000E008#0CD60CD50CD60CD5
(1779321506.021248) can0 0000E009#0CD50CD60CD50CD6
(1779321506.022280) can0 0000E010#0000000000000000
(1779321506.023273) can0 0000E011#0000000000000000
(1779321506.024249) can0 0000E012#0CD5000100000000
(1779321506.025268) can0 0000F001#0000000000000000
(1779321506.026248) can0 18FF28F4#10320000020D0000
(1779321506.027230) can0 18FE28F4#0CD60CD540400000
(1779321506.028248) can0 18FD28F4#1702FA6F00000000
(1779321506.029197) can0 4D4#000032007D0D0203
(1779321506.030146) can0 4D5#D50CD60C40400000
(1779321506.031242) can0 18914010#0CD6100CD5020000
(1779321506.032237) can0 18904010#020D020D753001FB
(1779321506.033242) can0 18FA28F4#123EA12C10270000
(1779321506.034223) can0 18FB28F4#D60CD50C40400000
(1779321506.035256) can0 18FC28F4#383200000D020000
(1779321506.036214) can0 18F810F3#0D02E80332640100
(1779321506.037313) can0 18F815F3#0000000010030000
(1779321506.038152) can0 273#000000000D023200
(1779321506.039146) can0 1E1#020D271001FB01FB
(1779321506.040179) can0 1F5#0000000000000000
(1779321506.041262) can0 0800A6A9#0000000000000000
(1779321506.042210) can0 1000A6A9#0D028813324A4A4A
(1779321506.043256) can0 1C00A6A9#0000000000030000
(1779321506.044254) can0 02018100#1003020D00000000
(1779321506.045256) can0 02028100#0000003264000000
(1779321506.046236) can0 02038100#0CD601100CD50102
(1779321506.047249) can0 02048100#4A01014A01010000
(1779321506.048143) can0 1AD#8814000059321818
(1779321506.049147) can0 2AD#D60C800C88140016
(1779321506.050160) can0 3AD#0000000000008814
(1779321506.051173) can0 4AD#EB00000000000000
(1779321506.052166) can0 76A#7F00000000000000
(1779321506.131787) can0 0000E005#1702440003B60591
(1779321506.132338) can0 1806E5F4#13D2010003B6023A
(1779321506.133234) can0 0000E000#13D213D2020D0000
(1779321506.134226) can0 0000E004#181803B603B601E2
(1779321506.135215) can0 0000E006#0CD50CD50CD50CD5
(1779321506.136208) can0 0000E007#0CD50CD50CD60CD5
(1779321506.137227) can0 0000E008#0CD50CD60CD50CD5
(1779321506.138220) can0 0000E009#0CD60CD60CD60CD6
(1779321506.139266) can0 0000E010#0000000000000000
(1779321506.140266) can0 0000E011#0000000000000000
(1779321506.141246) can0 0000E012#0CD5000100000000
(1779321506.142215) can0 0000E013#4542323630354C43
(1779321506.143241) can0 0000E014#3134323300000000
(1779321506.144253) can0 0000E015#0000000000000003
(1779321506.145266) can0 0000F000#0000000000000000
(1779321506.146265) can0 0000F001#0000000000000000
(1779321506.147248) can0 18FF28F4#10320000020D0000
(1779321506.148229) can0 18FE28F4#0CD60CD540400000
(1779321506.149241) can0 18FD28F4#1702FA6F00000000
(1779321506.150155) can0 4D4#000032007D0D0203
(1779321506.151138) can0 4D5#D50CD60C40400000
(1779321506.152235) can0 18914010#0CD6100CD5010000
(1779321506.153234) can0 18904010#020D020D753001FB
(1779321506.154247) can0 18924010#4001400100000000
(1779321506.155241) can0 18934010#000000190000BC51
(1779321506.156241) can0 18944010#1003000000000000
(1779321506.157279) can0 18954010#0000000000000000
(1779321506.158267) can0 18954010#0100000000000000
(1779321506.159268) can0 18954010#0200000000000000
(1779321506.160261) can0 18954010#0300000000000000
(1779321506.161258) can0 18954010#0400000000000000
(1779321506.162260) can0 18954010#0500000000000000
(1779321506.163254) can0 18964010#0040404000000000
(1779321506.164248) can0 18974010#0000000000000000
(1779321506.165247) can0 18984010#0000000000000000
(1779321506.166228) can0 18FA28F4#123EA12C10270000
(1779321506.167254) can0 18FB28F4#D60CD50C40400000
(1779321506.168254) can0 18FC28F4#383200000D020000
(1779321506.169212) can0 18F810F3#0D02E80332640100
(1779321506.170229) can0 18F811F3#D60C1001D50C0101
(1779321506.171242) can0 18F812F3#4001014001010000
(1779321506.172255) can0 18F813F3#0101000000000000
(1779321506.173232) can0 18F814F3#3200EA1AA9015F00
(1779321506.174248) can0 18F815F3#0000000010030000
(1779321506.175191) can0 273#000000000D023200
(1779321506.176139) can0 1E1#020D271001FB01FB
(1779321506.177172) can0 1F5#0000000000000000
(1779321506.178248) can0 0800A6A9#0000000000000000
(1779321506.179212) can0 1000A6A9#0D028813324A4A4A
(1779321506.180242) can0 1C00A6A9#0000000000030000
(1779321506.181252) can0 02018100#1003020D00000000
(1779321506.182255) can0 02028100#0000003264000000
(1779321506.183268) can0 02038100#0CD601100CD50101
(1779321506.184236) can0 02048100#4A01014A01010000
(1779321506.185129) can0 1AD#8814000059321818
(1779321506.186147) can0 2AD#D60C800C88140016
(1779321506.187159) can0 3AD#0000000000008814
(1779321506.188159) can0 4AD#EB00000000000000
(1779321506.189159) can0 76A#7F00000000000000
(1779321506.247798) can0 0000E005#1702440003B60591
(1779321506.248357) can0 1806E5F4#13D2010003B6023A
(1779321506.249239) can0 0000E000#13D213D2020D0000
(1779321506.250230) can0 0000E004#181803B603B601E2
(1779321506.251213) can0 0000E006#0CD50CD50CD50CD5
(1779321506.252245) can0 0000E007#0CD50CD50CD60CD5
(1779321506.253213) can0 0000E008#0CD50CD60CD50CD5
(1779321506.254220) can0 0000E009#0CD60CD60CD60CD6
(1779321506.255259) can0 0000E010#0000000000000000
(1779321506.256251) can0 0000E011#0000000000000000
(1779321506.257233) can0 0000E012#0CD5000100000000
(1779321506.258264) can0 0000F001#0000000000000000
(1779321506.259246) can0 18FF28F4#10320000020D0000
(1779321506.260258) can0 18FE28F4#0CD60CD540400000
(1779321506.261238) can0 18FD28F4#1702FA6F00000000
(1779321506.262139) can0 4D4#000032007D0D0203
(1779321506.263137) can0 4D5#D50CD60C40400000
(1779321506.264243) can0 18914010#0CD6100CD5010000
(1779321506.265247) can0 18904010#020D020D753001FB
(1779321506.266226) can0 18FA28F4#123EA12C10270000
(1779321506.267227) can0 18FB28F4#D60CD50C40400000
(1779321506.268303) can0 18FC28F4#383200000D020000
(1779321506.269230) can0 18F810F3#0D02E80332640100
(1779321506.270262) can0 18F815F3#0000000010030000
(1779321506.271151) can0 273#000000000D023200
(1779321506.272132) can0 1E1#020D271001FB01FB
(1779321506.273162) can0 1F5#0000000000000000
(1779321506.274262) can0 0800A6A9#0000000000000000
(1779321506.275211) can0 1000A6A9#0D028813324A4A4A
(1779321506.276249) can0 1C00A6A9#0000000000030000
(1779321506.277249) can0 02018100#1003020D00000000
(1779321506.278244) can0 02028100#0000003264000000
(1779321506.279227) can0 02038100#0CD601100CD50101
(1779321506.280240) can0 02048100#4A01014A01010000
(1779321506.281138) can0 1AD#8814000059321818
(1779321506.282131) can0 2AD#D60C800C88140016
(1779321506.283144) can0 3AD#0000000000008814
(1779321506.284157) can0 4AD#EB00000000000000
(1779321506.285157) can0 76A#7F00000000000000
(1779321506.347839) can0 0000E005#1702440003B60591
(1779321506.348401) can0 1806E5F4#13D2010003B6023A
(1779321506.349236) can0 0000E000#13D213D2020D0000
(1779321506.350230) can0 0000E004#181803B603B601E2
(1779321506.351206) can0 0000E006#0CD50CD50CD50CD5
(1779321506.352212) can0 0000E007#0CD50CD50CD60CD5
(1779321506.353211) can0 0000E008#0CD50CD60CD50CD5
(1779321506.354224) can0 0000E009#0CD60CD60CD60CD6
(1779321506.355255) can0 0000E010#0000000000000000
(1779321506.356250) can0 0000E011#0000000000000000
(1779321506.357237) can0 0000E012#0CD5000100000000
(1779321506.358262) can0 0000F001#0000000000000000
(1779321506.359244) can0 18FF28F4#10320000020D0000
(1779321506.360225) can0 18FE28F4#0CD60CD540400000
(1779321506.361237) can0 18FD28F4#1702FA6F00000000
(1779321506.362141) can0 4D4#000032007D0D0203
(1779321506.363133) can0 4D5#D50CD60C40400000
(1779321506.364217) can0 18914010#0CD6100CD5010000
(1779321506.365212) can0 18904010#020D020D753001FB
(1779321506.366231) can0 18FA28F4#123EA12C10270000
(1779321506.367212) can0 18FB28F4#D60CD50C40400000
(1779321506.368237) can0 18FC28F4#383200000D020000
(1779321506.369206) can0 18F810F3#0D02E80332640100
(1779321506.370250) can0 18F815F3#0000000010030000
(1779321506.371137) can0 273#000000000D023200
(1779321506.372135) can0 1E1#020D271001FB01FB
(1779321506.373167) can0 1F5#0000000000000000
(1779321506.374244) can0 0800A6A9#0000000000000000
(1779321506.375207) can0 1000A6A9#0D028813324A4A4A
(1779321506.376237) can0 1C00A6A9#0000000000030000
(1779321506.377250) can0 02018100#1003020D00000000
(1779321506.378251) can0 02028100#0000003264000000
(1779321506.379232) can0 02038100#0CD601100CD50101
(1779321506.380224) can0 02048100#4A01014A01010000
(1779321506.381137) can0 1AD#8814000059321818
(1779321506.382155) can0 2AD#D60C800C88140016
(1779321506.383146) can0 3AD#0000000000008814
(1779321506.384148) can0 4AD#EB00000000000000
(1779321506.385161) can0 76A#7F00000000000000
(1779321506.447793) can0 0000E005#1702440003B60591
(1779321506.448332) can0 1806E5F4#13D2010003B6023A
(1779321506.449235) can0 0000E000#13D213D2020D0000
(1779321506.450215) can0 0000E004#181803B603B601E2
(1779321506.451197) can0 0000E006#0CD50CD50CD50CD5
(1779321506.452209) can0 0000E007#0CD50CD50CD50CD5
(1779321506.453209) can0 0000E008#0CD50CD60CD50CD5
(1779321506.454222) can0 0000E009#0CD60CD60CD60CD6
(1779321506.455256) can0 0000E010#0000000000000000
(1779321506.456248) can0 0000E011#0000000000000000
(1779321506.457228) can0 0000E012#0CD5000100000000
(1779321506.458241) can0 0000F001#0000000000000000
(1779321506.459242) can0 18FF28F4#10320000020D0000
(1779321506.460218) can0 18FE28F4#0CD60CD540400000
(1779321506.461235) can0 18FD28F4#1702FA6F00000000
(1779321506.462133) can0 4D4#000032007D0D0203
(1779321506.463133) can0 4D5#D50CD60C40400000
(1779321506.464210) can0 18914010#0CD6100CD5010000
(1779321506.465223) can0 18904010#020D020D753001FB
(1779321506.466222) can0 18FA28F4#123EA12C10270000
(1779321506.467236) can0 18FB28F4#D60CD50C40400000
(1779321506.468233) can0 18FC28F4#383200000D020000
(1779321506.469216) can0 18F810F3#0D02E80332640100
(1779321506.470241) can0 18F815F3#0000000010030000
(1779321506.471146) can0 273#000000000D023200
(1779321506.472123) can0 1E1#020D271001FB01FB
(1779321506.473159) can0 1F5#0000000000000000
(1779321506.474236) can0 0800A6A9#0000000000000000
(1779321506.475236) can0 1000A6A9#0D028813324A4A4A
(1779321506.476229) can0 1C00A6A9#0000000000030000
(1779321506.477243) can0 02018100#1003020D00000000
(1779321506.478242) can0 02028100#0000003264000000
(1779321506.479224) can0 02038100#0CD601100CD50101
(1779321506.480219) can0 02048100#4A01014A01010000
(1779321506.481121) can0 1AD#8814000059321818
(1779321506.482128) can0 2AD#D60C800C88140016
(1779321506.483177) can0 3AD#0000000000008814
(1779321506.484139) can0 4AD#EB00000000000000
(1779321506.485154) can0 76A#7F00000000000000
(1779321506.547768) can0 0000E005#1702440003B60591
(1779321506.548337) can0 1806E5F4#13D2010003B6023A
(1779321506.549221) can0 0000E000#13D213D2020D0000
(1779321506.550220) can0 0000E004#181803B603B601E2
(1779321506.551201) can0 0000E006#0CD50CD50CD50CD5
(1779321506.552234) can0 0000E007#0CD50CD50CD50CD5
(1779321506.553199) can0 0000E008#0CD50CD60CD50CD5
(1779321506.554214) can0 0000E009#0CD60CD60CD60CD6
(1779321506.555246) can0 0000E010#0000000000000000
(1779321506.556239) can0 0000E011#0000000000000000
(1779321506.557219) can0 0000E012#0CD5000100000000
(1779321506.558252) can0 0000F001#0000000000000000
(1779321506.559234) can0 18FF28F4#10320000020D0000
(1779321506.560246) can0 18FE28F4#0CD60CD540400000
(1779321506.561228) can0 18FD28F4#1702FA6F00000000
(1779321506.562132) can0 4D4#000032007D0D0203
(1779321506.563125) can0 4D5#D50CD60C40400000
(1779321506.564221) can0 18914010#0CD6100CD5010000
(1779321506.565215) can0 18904010#020D020D753001FB
(1779321506.566214) can0 18FA28F4#123EA12C10270000
(1779321506.567216) can0 18FB28F4#D60CD50C40400000
(1779321506.568283) can0 18FC28F4#383200000D020000
(1779321506.569211) can0 18F810F3#0D02E80332640100
(1779321506.570244) can0 18F815F3#0000000010030000
(1779321506.571145) can0 273#000000000D023200
(1779321506.572126) can0 1E1#020D271001FB01FB
(1779321506.573158) can0 1F5#0000000000000000
(1779321506.574235) can0 0800A6A9#0000000000000000
(1779321506.575203) can0 1000A6A9#0D028813324A4A4A
(1779321506.576279) can0 1C00A6A9#0000000000030000
(1779321506.577224) can0 02018100#1003020D00000000
(1779321506.578228) can0 02028100#0000003264000000
(1779321506.579209) can0 02038100#0CD601100CD50101
(1779321506.580222) can0 02048100#4A01014A01010000
(1779321506.581120) can0 1AD#8814000059321818
(1779321506.582121) can0 2AD#D60C800C88140016
(1779321506.583132) can0 3AD#0000000000008814
(1779321506.584146) can0 4AD#EB00000000000000
(1779321506.585146) can0 76A#7F00000000000000
(1779321506.664767) can0 0000E005#1702440003B60591
(1779321506.665339) can0 1806E5F4#13D2010003B6023A
(1779321506.666219) can0 0000E000#13D213D2020D0000
(1779321506.667212) can0 0000E004#181803B603B601E2
(1779321506.668194) can0 0000E006#0CD60CD50CD50CD5
(1779321506.669194) can0 0000E007#0CD50CD50CD60CD6
(1779321506.670194) can0 0000E008#0CD60CD60CD50CD5
(1779321506.671206) can0 0000E009#0CD60CD60CD60CD6
(1779321506.672238) can0 0000E010#0000000000000000
(1779321506.673238) can0 0000E011#0000000000000000
(1779321506.674219) can0 0000E012#0CD5000100000000
(1779321506.675201) can0 0000E013#4542323630354C43
(1779321506.676213) can0 0000E014#3134323300000000
(1779321506.677226) can0 0000E015#0000000000000003
(1779321506.678246) can0 0000F000#0000000000000000
(1779321506.679236) can0 0000F001#0000000000000000
(1779321506.680226) can0 18FF28F4#10320000020D0000
(1779321506.681207) can0 18FE28F4#0CD60CD540400000
(1779321506.682221) can0 18FD28F4#1702FA6F00000000
(1779321506.683132) can0 4D4#000032007D0D0203
(1779321506.684125) can0 4D5#D50CD60C40400000
(1779321506.685202) can0 18914010#0CD6100CD5020000
(1779321506.686214) can0 18904010#020D020D753001FB
(1779321506.687234) can0 18924010#4001400100000000
(1779321506.688214) can0 18934010#0000001A0000BC51
(1779321506.689227) can0 18944010#1003000000000000
(1779321506.690259) can0 18954010#0000000000000000
(1779321506.691236) can0 18954010#0100000000000000
(1779321506.692240) can0 18954010#0200000000000000
(1779321506.693240) can0 18954010#0300000000000000
(1779321506.694233) can0 18954010#0400000000000000
(1779321506.695229) can0 18954010#0500000000000000
