(1779047606.365284) can0 18964010#003F3F3F00000000
(1779047606.366248) can0 18974010#0000000000000000
(1779047606.367240) can0 18984010#0000000000000000
(1779047606.368202) can0 18FA28F4#E23DA12C10270000
(1779047606.369223) can0 18FB28F4#E00CE00C3F3F0000
(1779047606.370234) can0 18FC28F4#383300000F020000
(1779047606.371210) can0 18F810F3#0F02E80333640100
(1779047606.372222) can0 18F811F3#E00C1001E00C0101
(1779047606.373216) can0 18F812F3#3F01013F01010000
(1779047606.374248) can0 18F813F3#0101000000000000
(1779047606.375216) can0 18F814F3#3200BA1AA9015F00
(1779047606.376242) can0 18F815F3#0000000010030000
(1779047606.377135) can0 273#000000000F023300
(1779047606.378126) can0 1E1#020F271001FE01FE
(1779047606.379153) can0 1F5#0000000000000000
(1779047606.380230) can0 0800A6A9#0000000000000000
(1779047606.381198) can0 1000A6A9#0F02881333494949
(1779047606.382229) can0 1C00A6A9#0000000000030000
(1779047606.383243) can0 02018100#1003020F00000000
(1779047606.384242) can0 02028100#0000003364000000
(1779047606.385218) can0 02038100#0CE001100CE00101
(1779047606.386230) can0 02048100#4901014901010000
(1779047606.387107) can0 1AD#9914000059331717
(1779047606.388121) can0 2AD#E00C800C99140016
(1779047606.389145) can0 3AD#0000000000009914
(1779047606.390155) can0 4AD#EB00000000000000
(1779047606.391149) can0 76A#7F00000000000000
(1779047606.449842) can0 0000E005#16D2420003B60591
(1779047606.450418) can0 1806E5F4#13EC010003B6023A
(1779047606.451236) can0 0000E000#13EC13EC020F0000
(1779047606.452218) can0 0000E004#171703B603B601E4
(1779047606.453212) can0 0000E006#0CE00CE00CE00CE0
(1779047606.454210) can0 0000E007#0CE00CE00CE00CE0
(1779047606.455225) can0 0000E008#0CE00CE00CE00CE0
(1779047606.456225) can0 0000E009#0CE00CE00CE00CE0
(1779047606.457256) can0 0000E010#0000000000000000
(1779047606.458245) can0 0000E011#0000000000000000
(1779047606.459250) can0 0000E012#0CE0000000000000
(1779047606.460244) can0 0000F001#0000000000000000
(1779047606.461244) can0 18FF28F4#10330000020F0000
(1779047606.462225) can0 18FE28F4#0CE00CE03F3F0000
(1779047606.463229) can0 18FD28F4#16D2FA6F00000000
(1779047606.464143) can0 4D4#000033007D0F0203
(1779047606.465139) can0 4D5#E00CE00C3F3F0000
(1779047606.466218) can0 18914010#0CE0100CE0010000
(1779047606.467232) can0 18904010#020F020F753001FE
(1779047606.468213) can0 18FA28F4#E23DA12C10270000
(1779047606.469213) can0 18FB28F4#E00CE00C3F3F0000
(1779047606.470237) can0 18FC28F4#383300000F020000
(1779047606.471207) can0 18F810F3#0F02E80333640100
(1779047606.472252) can0 18F815F3#0000000010030000
(1779047606.473137) can0 273#000000000F023300
(1779047606.474137) can0 1E1#020F271001FE01FE
(1779047606.475163) can0 1F5#0000000000000000
(1779047606.476246) can0 0800A6A9#0000000000000000
(1779047606.477208) can0 1000A6A9#0F02881333494949
(1779047606.478235) can0 1C00A6A9#0000000000030000
(1779047606.479272) can0 02018100#1003020F00000000
(1779047606.480234) can0 02028100#0000003364000000
(1779047606.481233) can0 02038100#0CE001100CE00101
(1779047606.482223) can0 02048100#4901014901010000
(1779047606.483113) can0 1AD#9914000059331717
(1779047606.484126) can0 2AD#E00C800C99140016
(1779047606.485138) can0 3AD#0000000000009914
(1779047606.486152) can0 4AD#EB00000000000000
(1779047606.487178) can0 76A#7F00000000000000
(1779047606.549818) can0 0000E005#16D2420003B60591
(1779047606.550363) can0 1806E5F4#13EC010003B6023A
(1779047606.551243) can0 0000E000#13EC13EC020F0000
(1779047606.552228) can0 0000E004#171703B603B601E4
(1779047606.553209) can0 0000E006#0CE00CE00CE00CE0
(1779047606.554222) can0 0000E007#0CE00CE00CE00CE0
(1779047606.555215) can0 0000E008#0CE00CE00CE00CE0
(1779047606.556235) can0 0000E009#0CE00CE00CE00CE0
(1779047606.557248) can0 0000E010#0000000000000000
(1779047606.558248) can0 0000E011#0000000000000000
(1779047606.559248) can0 0000E012#0CE0000000000000
(1779047606.560260) can0 0000F001#0000000000000000
(1779047606.561242) can0 18FF28F4#10330000020F0000
(1779047606.562223) can0 18FE28F4#0CE00CE03F3F0000
(1779047606.563213) can0 18FD28F4#16D2FA6F00000000
(1779047606.564153) can0 4D4#000033007D0F0203
(1779047606.565134) can0 4D5#E00CE00C3F3F0000
(1779047606.566230) can0 18914010#0CE0100CE0010000
(1779047606.567225) can0 18904010#020F020F753001FE
(1779047606.568224) can0 18FA28F4#E23DA12C10270000
(1779047606.569224) can0 18FB28F4#E00CE00C3F3F0000
(1779047606.570236) can0 18FC28F4#383300000F020000
(1779047606.571198) can0 18F810F3#0F02E80333640100
(1779047606.572281) can0 18F815F3#0000000010030000
(1779047606.573148) can0 273#000000000F023300
(1779047606.574129) can0 1E1#020F271001FE01FE
(1779047606.575154) can0 1F5#0000000000000000
(1779047606.576237) can0 0800A6A9#0000000000000000
(1779047606.577205) can0 1000A6A9#0F02881333494949
(1779047606.578231) can0 1C00A6A9#0000000000030000
(1779047606.579244) can0 02018100#1003020F00000000
(1779047606.580275) can0 02028100#0000003364000000
(1779047606.581225) can0 02038100#0CE001100CE00101
(1779047606.582218) can0 02048100#4901014901010000
(1779047606.583124) can0 1AD#9914000059331717
(1779047606.584117) can0 2AD#E00C800C99140016
(1779047606.585149) can0 3AD#0000000000009914
(1779047606.586142) can0 4AD#EB00000000000000
(1779047606.587148) can0 76A#7F00000000000000
(1779047606.649827) can0 0000E005#16D2420003B60591
(1779047606.650382) can0 1806E5F4#13EC010003B6023A
(1779047606.651252) can0 0000E000#13EC13EC020F0000
(1779047606.652210) can0 0000E004#171703B603B601E4
(1779047606.653214) can0 0000E006#0CE00CE00CE00CE0
(1779047606.654214) can0 0000E007#0CE00CE00CE00CE0
(1779047606.655228) can0 0000E008#0CE00CE00CE00CE0
(1779047606.656227) can0 0000E009#0CE00CE00CE00CE0
(1779047606.657290) can0 0000E010#0000000000000000
(1779047606.658252) can0 0000E011#0000000000000000
(1779047606.659253) can0 0000E012#0CE0000000000000
(1779047606.660247) can0 0000F001#0000000000000000
(1779047606.661247) can0 18FF28F4#10330000020F0000
(1779047606.662227) can0 18FE28F4#0CE00CE03F3F0000
(1779047606.663228) can0 18FD28F4#16D2FA6F00000000
(1779047606.664143) can0 4D4#000033007D0F0203
(1779047606.665170) can0 4D5#E00CE00C3F3F0000
(1779047606.666221) can0 18914010#0CE0100CE0010000
(1779047606.667234) can0 18904010#020F020F753001FE
(1779047606.668234) can0 18FA28F4#E23DA12C10270000
(1779047606.669215) can0 18FB28F4#E00CE00C3F3F0000
(1779047606.670241) can0 18FC28F4#383300000F020000
(1779047606.671209) can0 18F810F3#0F02E80333640100
(1779047606.672248) can0 18F815F3#0000000010030000
(1779047606.673140) can0 273#000000000F023300
(1779047606.674140) can0 1E1#020F271001FE01FE
(1779047606.675165) can0 1F5#0000000000000000
(1779047606.676243) can0 0800A6A9#0000000000000000
(1779047606.677210) can0 1000A6A9#0F02881333494949
(1779047606.678242) can0 1C00A6A9#0000000000030000
(1779047606.679255) can0 02018100#1003020F00000000
(1779047606.680235) can0 02028100#0000003364000000
(1779047606.681235) can0 02038100#0CE001100CE00101
(1779047606.682229) can0 02048100#4901014901010000
(1779047606.683116) can0 1AD#9914000059331717
(1779047606.684119) can0 2AD#E00C800C99140016
(1779047606.685140) can0 3AD#0000000000009914
(1779047606.686154) can0 4AD#EB00000000000000
(1779047606.687147) can0 76A#7F00000000000000
(1779047606.749856) can0 0000E005#16D2420003B60591
(1779047606.750413) can0 1806E5F4#13EC010003B6023A
(1779047606.751250) can0 0000E000#13EC13EC020F0000
(1779047606.752231) can0 0000E004#171703B603B601E4
(1779047606.753224) can0 0000E006#0CE00CE00CE00CE0
(1779047606.754225) can0 0000E007#0CE00CE00CE00CE0
(1779047606.755225) can0 0000E008#0CE00CE00CE00CE0
(1779047606.756218) can0 0000E009#0CE00CE00CE00CE0
(1779047606.757265) can0 0000E010#0000000000000000
(1779047606.758250) can0 0000E011#0000000000000000
(1779047606.759245) can0 0000E012#0CE0000000000000
(1779047606.760256) can0 0000F001#0000000000000000
(1779047606.761238) can0 18FF28F4#10330000020F0000
(1779047606.762225) can0 18FE28F4#0CE00CE03F3F0000
(1779047606.763220) can0 18FD28F4#16D2FA6F00000000
(1779047606.764137) can0 4D4#000033007D0F0203
(1779047606.765138) can0 4D5#E00CE00C3F3F0000
(1779047606.766232) can0 18914010#0CE0100CE0010000
(1779047606.767227) can0 18904010#020F020F753001FE
(1779047606.768227) can0 18FA28F4#E23DA12C10270000
(1779047606.769220) can0 18FB28F4#E00CE00C3F3F0000
(1779047606.770239) can0 18FC28F4#383300000F020000
(1779047606.771221) can0 18F810F3#0F02E80333640100
(1779047606.772246) can0 18F815F3#0000000010030000
(1779047606.773147) can0 273#000000000F023300
(1779047606.774131) can0 1E1#020F271001FE01FE
(1779047606.775163) can0 1F5#0000000000000000
(1779047606.776239) can0 0800A6A9#0000000000000000
(1779047606.777207) can0 1000A6A9#0F02881333494949
(1779047606.778240) can0 1C00A6A9#0000000000030000
(1779047606.779266) can0 02018100#1003020F00000000
(1779047606.780246) can0 02028100#0000003364000000
(1779047606.781236) can0 02038100#0CE001100CE00101
(1779047606.782240) can0 02048100#4901014901010000
(1779047606.783119) can0 1AD#9914000059331717
(1779047606.784132) can0 2AD#E00C800C99140016
(1779047606.785140) can0 3AD#0000000000009914
(1779047606.786157) can0 4AD#EB00000000000000
(1779047606.787171) can0 76A#7F00000000000000
(1779047606.866863) can0 0000E005#16D2420003B60591
(1779047606.867423) can0 1806E5F4#13EC010003B6023A
(1779047606.868256) can0 0000E000#13EC13EC020F0000
(1779047606.869225) can0 0000E004#171703B603B601E4
(1779047606.870224) can0 0000E006#0CE00CE00CE00CE0
(1779047606.871232) can0 0000E007#0CE00CE00CE00CE0
(1779047606.872250) can0 0000E008#0CE00CE00CE00CE0
(1779047606.873231) can0 0000E009#0CE00CE00CE00CE0
(1779047606.874256) can0 0000E010#0000000000000000
(1779047606.875249) can0 0000E011#0000000000000000
(1779047606.876256) can0 0000E012#0CE0000000000000
(1779047606.877205) can0 0000E013#4542323630354C43
(1779047606.878231) can0 0000E014#3134323300000000
(1779047606.879252) can0 0000E015#0000000000000003
(1779047606.880295) can0 0000F000#0000000000000000
(1779047606.881257) can0 0000F001#0000000000000000
(1779047606.882257) can0 18FF28F4#10330000020F0000
(1779047606.883218) can0 18FE28F4#0CE00CE03F3F0000
(1779047606.884238) can0 18FD28F4#16D2FA6F00000000
(1779047606.885156) can0 4D4#000033007D0F0203
(1779047606.886137) can0 4D5#E00CE00C3F3F0000
(1779047606.887229) can0 18914010#0CE0100CE0010000
(1779047606.888277) can0 18904010#020F020F753001FE
(1779047606.889239) can0 18924010#3F013F0100000000
(1779047606.890220) can0 18934010#000000260000BD42
(1779047606.891252) can0 18944010#1003000000000000
(1779047606.892265) can0 18954010#0000000000000000
(1779047606.893264) can0 18954010#0100000000000000
(1779047606.894258) can0 18954010#0200000000000000
(1779047606.895257) can0 18954010#0300000000000000
(1779047606.896310) can0 18954010#0400000000000000
(1779047606.897254) can0 18954010#0500000000000000
(1779047606.898253) can0 18964010#003F3F3F00000000
(1779047606.899246) can0 18974010#0000000000000000
(1779047606.900247) can0 18984010#0000000000000000
(1779047606.901221) can0 18FA28F4#E23DA12C10270000
(1779047606.902222) can0 18FB28F4#E00CE00C3F3F0000
(1779047606.903247) can0 18FC28F4#383300000F020000
(1779047606.904215) can0 18F810F3#0F02E80333640100
(1779047606.905228) can0 18F811F3#E00C1001E00C0101
(1779047606.906242) can0 18F812F3#3F01013F01010000
(1779047606.907261) can0 18F813F3#0101000000000000
(1779047606.908245) can0 18F814F3#3200BA1AA9015F00
(1779047606.909254) can0 18F815F3#0000000010030000
(1779047606.910154) can0 273#000000000F023300
(1779047606.911140) can0 1E1#020F271001FE01FE
(1779047606.912172) can0 1F5#0000000000000000
(1779047606.913248) can0 0800A6A9#0000000000000000
(1779047606.914216) can0 1000A6A9#0F02881333494949
(1779047606.915242) can0 1C00A6A9#0000000000030000
(1779047606.916260) can0 02018100#1003020F00000000
(1779047606.917242) can0 02028100#0000003364000000
(1779047606.918235) can0 02038100#0CE001100CE00101
(1779047606.919236) can0 02048100#4901014901010000
(1779047606.920121) can0 1AD#9914000059331717
(1779047606.921134) can0 2AD#E00C800C99140016
(1779047606.922141) can0 3AD#0000000000009914
(1779047606.923160) can0 4AD#EB00000000000000
(1779047606.924160) can0 76A#7F00000000000000
(1779047606.982796) can0 0000E005#16D2420003B60591
(1779047606.983383) can0 1806E5F4#13EC010003B6023A
(1779047606.984250) can0 0000E000#13EC13EC020F0000
(1779047606.985230) can0 0000E004#171703B603B601E4
(1779047606.986224) can0 0000E006#0CE00CE00CE00CE0
(1779047606.987221) can0 0000E007#0CE00CE00CE00CE0
(1779047606.988224) can0 0000E008#0CE00CE00CE00CE0
(1779047606.989218) can0 0000E009#0CE00CE00CE00CE0
(1779047606.990280) can0 0000E010#0000000000000000
(1779047606.991268) can0 0000E011#0000000000000000
(1779047606.992250) can0 0000E012#0CE0000000000000
(1779047606.993264) can0 0000F001#0000000000000000
(1779047606.994244) can0 18FF28F4#10330000020F0000
(1779047606.995226) can0 18FE28F4#0CE00CE03F3F0000
(1779047606.996219) can0 18FD28F4#16D2FA6F00000000
(1779047606.997136) can0 4D4#000033007D0F0203
(1779047606.998137) can0 4D5#E00CE00C3F3F0000
(1779047606.999231) can0 18914010#0CE0100CE0010000
(1779047607.000226) can0 18904010#020F020F753001FE
(1779047607.001235) can0 18FA28F4#E23DA12C10270000
(1779047607.002233) can0 18FB28F4#E00CE00C3F3F0000
(1779047607.003235) can0 18FC28F4#383300000F020000
(1779047607.004219) can0 18F810F3#0F02E80333640100
(1779047607.005252) can0 18F815F3#0000000010030000
(1779047607.006150) can0 273#000000000F023300
(1779047607.007151) can0 1E1#020F271001FE01FE
(1779047607.008163) can0 1F5#0000000000000000
(1779047607.009239) can0 0800A6A9#0000000000000000
(1779047607.010221) can0 1000A6A9#0F02881333494949
(1779047607.011231) can0 1C00A6A9#0000000000030000
(1779047607.012252) can0 02018100#1003020F00000000
(1779047607.013252) can0 02028100#0000003364000000
(1779047607.014227) can0 02038100#0CE001100CE00101
(1779047607.015219) can0 02048100#4901014901010000
(1779047607.016126) can0 1AD#9914000059331717
(1779047607.017138) can0 2AD#E00C800C99140016
(1779047607.018171) can0 3AD#0000000000009914
(1779047607.019164) can0 4AD#EB00000000000000
(1779047607.020157) can0 76A#7F00000000000000
(1779047607.082793) can0 0000E005#16D2420003B60591
(1779047607.083381) can0 1806E5F4#13EC010003B6023A
(1779047607.084246) can0 0000E000#13EC13EC020F0000
(1779047607.085228) can0 0000E004#171703B603B601E4
(1779047607.086228) can0 0000E006#0CE00CE00CE00CE0
(1779047607.087241) can0 0000E007#0CE00CE00CE00CE0
(1779047607.088219) can0 0000E008#0CE00CE00CE00CE0
(1779047607.089222) can0 0000E009#0CE00CE00CE00CE0
(1779047607.090267) can0 0000E010#0000000000000000
(1779047607.091268) can0 0000E011#0000000000000000
(1779047607.092248) can0 0000E012#0CE0000000000000
(1779047607.093261) can0 0000F001#0000000000000000
(1779047607.094261) can0 18FF28F4#10330000020F0000
(1779047607.095256) can0 18FE28F4#0CE00CE03F3F0000
(1779047607.096232) can0 18FD28F4#16D2FA6F00000000
(1779047607.097153) can0 4D4#000033007D0F0203
(1779047607.098134) can0 4D5#E00CE00C3F3F0000
(1779047607.099230) can0 18914010#0CE0100CE0010000
(1779047607.100227) can0 18904010#020F020F753001FE
(1779047607.101230) can0 18FA28F4#E23DA12C10270000
(1779047607.102223) can0 18FB28F4#E00CE00C3F3F0000
(1779047607.103275) can0 18FC28F4#383300000F020000
(1779047607.104224) can0 18F810F3#0F02E80333640100
(1779047607.105249) can0 18F815F3#0000000010030000
(1779047607.106154) can0 273#000000000F023300
(1779047607.107148) can0 1E1#020F271001FE01FE
(1779047607.108158) can0 1F5#0000000000000000
(1779047607.109262) can0 0800A6A9#0000000000000000
(1779047607.110211) can0 1000A6A9#0F02881333494949
(1779047607.111269) can0 1C00A6A9#0000000000030000
(1779047607.112256) can0 02018100#1003020F00000000
(1779047607.113258) can0 02028100#0000003364000000
(1779047607.114245) can0 02038100#0CE001100CE00101
(1779047607.115245) can0 02048100#4901014901010000
(1779047607.116124) can0 1AD#9914000059331717
(1779047607.117137) can0 2AD#E00C800C99140016
(1779047607.118149) can0 3AD#0000000000009914
(1779047607.119194) can0 4AD#EB00000000000000
(1779047607.120159) can0 76A#7F00000000000000
(1779047607.182885) can0 0000E005#16D2420003B60591
(1779047607.183431) can0 1806E5F4#13EC010003B6023A
(1779047607.184251) can0 0000E000#13EC13EC020F0000
(1779047607.185229) can0 0000E004#171703B603B601E4
(1779047607.186233) can0 0000E006#0CE00CE00CE00CDF
(1779047607.187234) can0 0000E007#0CE00CE00CE00CE0
(1779047607.188260) can0 0000E008#0CE00CE00CE00CE0
(1779047607.189227) can0 0000E009#0CE00CE00CE00CE0
(1779047607.190278) can0 0000E010#0000000000000000
(1779047607.191254) can0 0000E011#0000000000000000
(1779047607.192253) can0 0000E012#0CE0000100000000
(1779047607.193265) can0 0000F001#0000000000000000
(1779047607.194247) can0 18FF28F4#10330000020F0000
(1779047607.195228) can0 18FE28F4#0CE00CDF3F3F0000
(1779047607.196279) can0 18FD28F4#16D2FA6F00000000
(1779047607.197139) can0 4D4#000033007D0F0203
(1779047607.198145) can0 4D5#DF0CE00C3F3F0000
(1779047607.199241) can0 18914010#0CE0100CDF040000
(1779047607.200234) can0 18904010#020F020F753001FE
(1779047607.201234) can0 18FA28F4#E23DA12C10270000
(1779047607.202234) can0 18FB28F4#E00CDF0C3F3F0000
(1779047607.203247) can0 18FC28F4#383300000F020000
(1779047607.204273) can0 18F810F3#0F02E80333640100
(1779047607.205252) can0 18F815F3#0000000010030000
(1779047607.206158) can0 273#000000000F023300
(1779047607.207140) can0 1E1#020F271001FE01FE
(1779047607.208171) can0 1F5#0000000000000000
(1779047607.209248) can0 0800A6A9#0000000000000000
(1779047607.210216) can0 1000A6A9#0F02881333494949
(1779047607.211243) can0 1C00A6A9#0000000000030000
(1779047607.212261) can0 02018100#1003020F00000000
(1779047607.213255) can0 02028100#0000003364000000
(1779047607.214254) can0 02038100#0CE001100CDF0104
(1779047607.215236) can0 02048100#4901014901010000
(1779047607.216134) can0 1AD#9914000059331717
(1779047607.217139) can0 2AD#E00C800C99140016
(1779047607.218160) can0 3AD#0000000000009914
(1779047607.219173) can0 4AD#EB00000000000000
(1779047607.220167) can0 76A#7F00000000000000
(1779047607.282791) can0 0000E005#16D2420003B60591
(1779047607.283382) can0 1806E5F4#13EC010003B6023A
(1779047607.284256) can0 0000E000#13EC13EC020F0000
(1779047607.285236) can0 0000E004#171703B603B601E4
(1779047607.286230) can0 0000E006#0CE00CE00CE00CDF
(1779047607.287231) can0 0000E007#0CE00CE00CE00CE0
(1779047607.288231) can0 0000E008#0CE00CE00CE00CE0
(1779047607.289224) can0 0000E009#0CE00CE00CE00CE0
(1779047607.290269) can0 0000E010#0000000000000000
(1779047607.291270) can0 0000E011#0000000000000000
(1779047607.292250) can0 0000E012#0CE0000100000000
(1779047607.293270) can0 0000F001#0000000000000000
(1779047607.294257) can0 18FF28F4#10330000020F0000
(1779047607.295232) can0 18FE28F4#0CE00CDF3F3F0000
(1779047607.296251) can0 18FD28F4#16D2FA6F00000000
(1779047607.297162) can0 4D4#000033007D0F0203
(1779047607.298162) can0 4D5#DF0CE00C3F3F0000
(1779047607.299239) can0 18914010#0CE0100CDF040000
(1779047607.300238) can0 18904010#020F020F753001FE
(1779047607.301232) can0 18FA28F4#E23DA12C10270000
(1779047607.302225) can0 18FB28F4#E00CDF0C3F3F0000
(1779047607.303246) can0 18FC28F4#383300000F020000
(1779047607.304226) can0 18F810F3#0F02E80333640100
(1779047607.305258) can0 18F815F3#0000000010030000
(1779047607.306151) can0 273#000000000F023300
(1779047607.307156) can0 1E1#020F271001FE01FE
(1779047607.308169) can0 1F5#0000000000000000
(1779047607.309265) can0 0800A6A9#0000000000000000
(1779047607.310227) can0 1000A6A9#0F02881333494949
(1779047607.311258) can0 1C00A6A9#0000000000030000
(1779047607.312271) can0 02018100#1003020F00000000
(1779047607.313252) can0 02028100#0000003364000000
(1779047607.314248) can0 02038100#0CE001100CDF0104
(1779047607.315246) can0 02048100#4901014901010000
(1779047607.316134) can0 1AD#9914000059331717
(1779047607.317140) can0 2AD#E00C800C99140016
(1779047607.318175) can0 3AD#0000000000009914
(1779047607.319165) can0 4AD#EB00000000000000
(1779047607.320164) can0 76A#7F00000000000000
(1779047607.419800) can0 0000E005#16D2420003B60591
(1779047607.420379) can0 1806E5F4#13EC010003B6023A
(1779047607.421264) can0 0000E000#13EC13EC020F0000
(1779047607.422226) can0 0000E004#171703B603B601E4
(1779047607.423227) can0 0000E006#0CE00CE00CE00CE0
(1779047607.424237) can0 0000E007#0CE00CE00CE00CE0
(1779047607.425239) can0 0000E008#0CE00CE00CE00CE0
(1779047607.426232) can0 0000E009#0CE00CE00CE00CE0
(1779047607.427315) can0 0000E010#0000000000000000
(1779047607.428255) can0 0000E011#0000000000000000
(1779047607.429258) can0 0000E012#0CE0000000000000
(1779047607.430208) can0 0000E013#4542323630354C43
(1779047607.431240) can0 0000E014#3134323300000000
(1779047607.432253) can0 0000E015#0000000000000003
(1779047607.433266) can0 0000F000#0000000000000000
(1779047607.434265) can0 0000F001#0000000000000000
(1779047607.435266) can0 18FF28F4#10330000020F0000
(1779047607.436239) can0 18FE28F4#0CE00CE03F3F0000
(1779047607.437241) can0 18FD28F4#16D2FA6F00000000
(1779047607.438158) can0 4D4#000033007D0F0203
(1779047607.439145) can0 4D5#E00CE00C3F3F0000
(1779047607.440233) can0 18914010#0CE0100CE0010000
(1779047607.441234) can0 18904010#020F020F753001FE
(1779047607.442248) can0 18924010#3F013F0100000000
(1779047607.443229) can0 18934010#000000270000BD42
(1779047607.444260) can0 18944010#1003000000000000
(1779047607.445273) can0 18954010#0000000000000000
(1779047607.446272) can0 18954010#0100000000000000
(1779047607.447281) can0 18954010#0200000000000000
(1779047607.448263) can0 18954010#0300000000000000
(1779047607.449267) can0 18954010#0400000000000000
(1779047607.450267) can0 18954010#0500000000000000
(1779047607.451262) can0 18964010#003F3F3F00000000
(1779047607.452251) can0 18974010#0000000000000000
(1779047607.453254) can0 18984010#0000000000000000
(1779047607.454235) can0 18FA28F4#E23DA12C10270000
(1779047607.455230) can0 18FB28F4#E00CE00C3F3F0000
(1779047607.456242) can0 18FC28F4#383300000F020000
(1779047607.457223) can0 18F810F3#0F02E80333640100
(1779047607.458237) can0 18F811F3#E00C1001E00C0101
(1779047607.459249) can0 18F812F3#3F01013F01010000
(1779047607.460256) can0 18F813F3#0101000000000000
(1779047607.461224) can0 18F814F3#3200BA1AA9015F00
(1779047607.462255) can0 18F815F3#0000000010030000
(1779047607.463156) can0 273#000000000F023300
(1779047607.464144) can0 1E1#020F271001FE01FE
(1779047607.465180) can0 1F5#0000000000000000
(1779047607.466256) can0 0800A6A9#0000000000000000
(1779047607.467225) can0 1000A6A9#0F02881333494949
(1779047607.468256) can0 1C00A6A9#0000000000030000
(1779047607.469288) can0 02018100#1003020F00000000
(1779047607.470256) can0 02028100#0000003364000000
(1779047607.471251) can0 02038100#0CE001100CE00101
(1779047607.472258) can0 02048100#4901014901010000
(1779047607.473130) can0 1AD#9914000059331717
(1779047607.474143) can0 2AD#E00C800C99140016
(1779047607.475162) can0 3AD#0000000000009914
(1779047607.476168) can0 4AD#EB00000000000000
(1779047607.477168) can0 76A#7F00000000000000
(1779047607.535861) can0 0000E005#16D2420003B60591
(1779047607.536436) can0 1806E5F4#13EC010003B6023A
(1779047607.537257) can0 0000E000#13EC13EC020F0000
(1779047607.538238) can0 0000E004#171703B603B601E4
(1779047607.539238) can0 0000E006#0CE00CE00CE00CE0
(1779047607.540232) can0 0000E007#0CE00CE00CE00CE0
(1779047607.541243) can0 0000E008#0CE00CE00CE00CE0
(1779047607.542233) can0 0000E009#0CE00CE00CE00CE0
(1779047607.543277) can0 0000E010#0000000000000000
(1779047607.544271) can0 0000E011#0000000000000000
(1779047607.545252) can0 0000E012#0CE0000000000000
(1779047607.546271) can0 0000F001#0000000000000000
(1779047607.547271) can0 18FF28F4#10330000020F0000
(1779047607.548233) can0 18FE28F4#0CE00CE03F3F0000
(1779047607.549265) can0 18FD28F4#16D2FA6F00000000
(1779047607.550163) can0 4D4#000033007D0F0203
(1779047607.551146) can0 4D5#E00CE00C3F3F0000
(1779047607.552240) can0 18914010#0CE0100CE0010000
(1779047607.553236) can0 18904010#020F020F753001FE
(1779047607.554234) can0 18FA28F4#E23DA12C10270000
(1779047607.555235) can0 18FB28F4#E00CE00C3F3F0000
(1779047607.556246) can0 18FC28F4#383300000F020000
(1779047607.557245) can0 18F810F3#0F02E80333640100
(1779047607.558273) can0 18F815F3#0000000010030000
(1779047607.559164) can0 273#000000000F023300
(1779047607.560166) can0 1E1#020F271001FE01FE
(1779047607.561172) can0 1F5#0000000000000000
(1779047607.562266) can0 0800A6A9#0000000000000000
(1779047607.563235) can0 1000A6A9#0F02881333494949
(1779047607.564247) can0 1C00A6A9#0000000000030000
(1779047607.565292) can0 02018100#1003020F00000000
(1779047607.566260) can0 02028100#0000003364000000
(1779047607.567261) can0 02038100#0CE001100CE00101
(1779047607.568248) can0 02048100#4901014901010000
(1779047607.569139) can0 1AD#9914000059331717
(1779047607.570147) can0 2AD#E00C800C99140016
(1779047607.571160) can0 3AD#0000000000009914
(1779047607.572172) can0 4AD#EB00000000000000
(1779047607.573204) can0 76A#7F00000000000000
(1779047607.635788) can0 0000E005#16D2420003B60591
(1779047607.636376) can0 1806E5F4#13EC010003B6023A
(1779047607.637260) can0 0000E000#13EC13EC020F0000
(1779047607.638242) can0 0000E004#171703B603B601E4
(1779047607.639243) can0 0000E006#0CE00CE00CE00CE0
(1779047607.640236) can0 0000E007#0CE00CE00CE00CE0
(1779047607.641232) can0 0000E008#0CE00CE00CE00CE0
(1779047607.642262) can0 0000E009#0CE00CE00CE00CE0
(1779047607.643282) can0 0000E010#0000000000000000
(1779047607.644275) can0 0000E011#0000000000000000
(1779047607.645256) can0 0000E012#0CE0000000000000
(1779047607.646275) can0 0000F001#0000000000000000
(1779047607.647269) can0 18FF28F4#10330000020F0000
(1779047607.648237) can0 18FE28F4#0CE00CE03F3F0000
(1779047607.649246) can0 18FD28F4#16D2FA6F00000000
(1779047607.650199) can0 4D4#000033007D0F0203
(1779047607.651149) can0 4D5#E00CE00C3F3F0000
(1779047607.652244) can0 18914010#0CE0100CE0010000
(1779047607.653233) can0 18904010#020F020F753001FE
(1779047607.654238) can0 18FA28F4#E23DA12C10270000
(1779047607.655239) can0 18FB28F4#E00CE00C3F3F0000
(1779047607.656251) can0 18FC28F4#383300000F020000
(1779047607.657232) can0 18F810F3#0F02E80333640100
(1779047607.658309) can0 18F815F3#0000000010030000
(1779047607.659162) can0 273#000000000F023300
(1779047607.660162) can0 1E1#020F271001FE01FE
(1779047607.661171) can0 1F5#0000000000000000
(1779047607.662270) can0 0800A6A9#0000000000000000
(1779047607.663233) can0 1000A6A9#0F02881333494949
(1779047607.664252) can0 1C00A6A9#0000000000030000
(1779047607.665272) can0 02018100#1003020F00000000
(1779047607.666258) can0 02028100#0000003364000000
(1779047607.667257) can0 02038100#0CE001100CE00101
(1779047607.668251) can0 02048100#4901014901010000
(1779047607.669137) can0 1AD#9914000059331717
(1779047607.670151) can0 2AD#E00C800C99140016
(1779047607.671163) can0 3AD#0000000000009914
(1779047607.672176) can0 4AD#EB00000000000000
(1779047607.673165) can0 76A#7F00000000000000
(1779047607.735805) can0 0000E005#16D2420003B60591
(1779047607.736394) can0 1806E5F4#13EC010003B6023A
(1779047607.737260) can0 0000E000#13EC13EC020F0000
(1779047607.738235) can0 0000E004#171703B603B601E4
(1779047607.739242) can0 0000E006#0CE00CE00CE00CE0
(1779047607.740235) can0 0000E007#0CE00CE00CE00CE0
(1779047607.741235) can0 0000E008#0CE00CE00CE00CE0
(1779047607.742248) can0 0000E009#0CE00CE00CE00CE0
(1779047607.743279) can0 0000E010#0000000000000000
(1779047607.744280) can0 0000E011#0000000000000000
(1779047607.745260) can0 0000E012#0CE0000000000000
(1779047607.746272) can0 0000F001#0000000000000000
(1779047607.747274) can0 18FF28F4#10330000020F0000
(1779047607.748255) can0 18FE28F4#0CE00CE03F3F0000
(1779047607.749248) can0 18FD28F4#16D2FA6F00000000
(1779047607.750167) can0 4D4#000033007D0F0203
(1779047607.751166) can0 4D5#E00CE00C3F3F0000
(1779047607.752242) can0 18914010#0CE0100CE0010000
(1779047607.753242) can0 18904010#020F020F753001FE
(1779047607.754243) can0 18FA28F4#E23DA12C10270000
(1779047607.755237) can0 18FB28F4#E00CE00C3F3F0000
(1779047607.756250) can0 18FC28F4#383300000F020000
(1779047607.757236) can0 18F810F3#0F02E80333640100
(1779047607.758258) can0 18F815F3#0000000010030000
(1779047607.759167) can0 273#000000000F023300
(1779047607.760161) can0 1E1#020F271001FE01FE
(1779047607.761179) can0 1F5#0000000000000000
(1779047607.762268) can0 0800A6A9#0000000000000000
(1779047607.763239) can0 1000A6A9#0F02881333494949
(1779047607.764249) can0 1C00A6A9#0000000000030000
(1779047607.765281) can0 02018100#1003020F00000000
(1779047607.766264) can0 02028100#0000003364000000
(1779047607.767263) can0 02038100#0CE001100CE00101
(1779047607.768257) can0 02048100#4901014901010000
(1779047607.769143) can0 1AD#9914000059331717
(1779047607.770152) can0 2AD#E00C800C99140016
(1779047607.771168) can0 3AD#0000000000009914
(1779047607.772181) can0 4AD#EB00000000000000
(1779047607.773174) can0 76A#7F00000000000000
(1779047607.835855) can0 0000E005#16D2420003B60591
(1779047607.836442) can0 1806E5F4#13EC010003B6023A
(1779047607.837264) can0 0000E000#13EC13EC020F0000
(1779047607.838245) can0 0000E004#171703B603B601E4
(1779047607.839239) can0 0000E006#0CE00CE00CE00CE0
(1779047607.840239) can0 0000E007#0CE00CE00CE00CE0
(1779047607.841251) can0 0000E008#0CE00CE00CE00CE0
(1779047607.842233) can0 0000E009#0CE00CE00CE00CE0
(1779047607.843274) can0 0000E010#0000000000000000
(1779047607.844278) can0 0000E011#0000000000000000
(1779047607.845259) can0 0000E012#0CE0000000000000
(1779047607.846277) can0 0000F001#0000000000000000
(1779047607.847269) can0 18FF28F4#10330000020F0000
(1779047607.848239) can0 18FE28F4#0CE00CE03F3F0000
(1779047607.849253) can0 18FD28F4#16D2FA6F00000000
(1779047607.850170) can0 4D4#000033007D0F0203
(1779047607.851152) can0 4D5#E00CE00C3F3F0000
(1779047607.852247) can0 18914010#0CE0100CE0010000
(1779047607.853240) can0 18904010#020F020F753001FE
(1779047607.854240) can0 18FA28F4#E23DA12C10270000
(1779047607.855239) can0 18FB28F4#E00CE00C3F3F0000
(1779047607.856253) can0 18FC28F4#383300000F020000
(1779047607.857252) can0 18F810F3#0F02E80333640100
(1779047607.858266) can0 18F815F3#0000000010030000
(1779047607.859163) can0 273#000000000F023300
(1779047607.860165) can0 1E1#020F271001FE01FE
(1779047607.861177) can0 1F5#0000000000000000
(1779047607.862272) can0 0800A6A9#0000000000000000
(1779047607.863235) can0 1000A6A9#0F02881333494949
(1779047607.864247) can0 1C00A6A9#0000000000030000
(1779047607.865298) can0 02018100#1003020F00000000
(1779047607.866260) can0 02028100#0000003364000000
(1779047607.867254) can0 02038100#0CE001100CE00101
(1779047607.868254) can0 02048100#4901014901010000
(1779047607.869140) can0 1AD#9914000059331717
(1779047607.870153) can0 2AD#E00C800C99140016
(1779047607.871157) can0 3AD#0000000000009914
(1779047607.872172) can0 4AD#EB00000000000000
(1779047607.873204) can0 76A#7F00000000000000
(1779047607.952849) can0 0000E005#16D2420003B60591
(1779047607.953442) can0 1806E5F4#13EC010003B6023A
(1779047607.954264) can0 0000E000#13EC13EC020F0000
(1779047607.955245) can0 0000E004#171703B603B601E4
(1779047607.956245) can0 0000E006#0CE00CE00CE00CE0
(1779047607.957233) can0 0000E007#0CE00CE00CE00CE0
(1779047607.958289) can0 0000E008#0CE00CE00CE00CE0
(1779047607.959239) can0 0000E009#0CE00CE00CE00CE0
(1779047607.960290) can0 0000E010#0000000000000000
(1779047607.961274) can0 0000E011#0000000000000000
(1779047607.962283) can0 0000E012#0CE0000000000000
(1779047607.963239) can0 0000E013#4542323630354C43
(1779047607.964259) can0 0000E014#3134323300000000
(1779047607.965272) can0 0000E015#0000000000000003
(1779047607.966338) can0 0000F000#0000000000000000
(1779047607.967285) can0 0000F001#0000000000000000
(1779047607.968265) can0 18FF28F4#10330000020F0000
(1779047607.969242) can0 18FE28F4#0CE00CE03F3F0000
(1779047607.970247) can0 18FD28F4#16D2FA6F00000000
(1779047607.971164) can0 4D4#000033007D0F0203
(1779047607.972164) can0 4D5#E00CE00C3F3F0000
(1779047607.973254) can0 18914010#0CE0100CE0010000
(1779047607.974265) can0 18904010#020F020F753001FE
(1779047607.975276) can0 18924010#3F013F0100000000
(1779047607.976253) can0 18934010#000000280000BD42
(1779047607.977267) can0 18944010#1003000000000000
(1779047607.978280) can0 18954010#0000000000000000
(1779047607.979293) can0 18954010#0100000000000000
(1779047607.980273) can0 18954010#0200000000000000
(1779047607.981265) can0 18954010#0300000000000000
(1779047607.982267) can0 18954010#0400000000000000
(1779047607.983268) can0 18954010#0500000000000000
(1779047607.984280) can0 18964010#003F3F3F00000000
(1779047607.985270) can0 18974010#0000000000000000
(1779047607.986273) can0 18984010#0000000000000000
(1779047607.987237) can0 18FA28F4#E23DA12C10270000
(1779047607.988250) can0 18FB28F4#E00CE00C3F3F0000
(1779047607.989261) can0 18FC28F4#383300000F020000
(1779047607.990242) can0 18F810F3#0F02E80333640100
(1779047607.991257) can0 18F811F3#E00C1001E00C0101
(1779047607.992263) can0 18F812F3#3F01013F01010000
(1779047607.993261) can0 18F813F3#0101000000000000
(1779047607.994249) can0 18F814F3#3200BA1AA9015F00
(1779047607.995276) can0 18F815F3#0000000010030000
(1779047607.996173) can0 273#000000000F023300
(1779047607.997155) can0 1E1#020F271001FE01FE
(1779047607.998185) can0 1F5#0000000000000000
(1779047607.999262) can0 0800A6A9#0000000000000000
(1779047608.000230) can0 1000A6A9#0F02881333494949
(1779047608.001262) can0 1C00A6A9#0000000000030000
(1779047608.002274) can0 02018100#1003020F00000000
(1779047608.003276) can0 02028100#0000003364000000
(1779047608.004256) can0 02038100#0CE001100CE00101
(1779047608.005245) can0 02048100#4901014901010000
(1779047608.006136) can0 1AD#9914000059331717
(1779047608.007149) can0 2AD#E00C800C99140016
(1779047608.008162) can0 3AD#0000000000009914
(1779047608.009172) can0 4AD#EB00000000000000
(1779047608.010174) can0 76A#7F00000000000000
(1779047608.068825) can0 0000E005#16D2420003B60591
(1779047608.069398) can0 1806E5F4#13EC010003B6023A
(1779047608.070264) can0 0000E000#13EC13EC020F0000
(1779047608.071251) can0 0000E004#171703B603B601E4
(1779047608.072244) can0 0000E006#0CE00CE00CE00CE0
(1779047608.073244) can0 0000E007#0CE00CE00CE00CE0
(1779047608.074238) can0 0000E008#0CE00CE00CE00CE0
(1779047608.075239) can0 0000E009#0CE00CE00CE00CE0
(1779047608.076288) can0 0000E010#0000000000000000
(1779047608.077282) can0 0000E011#0000000000000000
(1779047608.078263) can0 0000E012#0CE0000000000000
(1779047608.079277) can0 0000F001#0000000000000000
(1779047608.080277) can0 18FF28F4#10330000020F0000
(1779047608.081259) can0 18FE28F4#0CE00CE03F3F0000
(1779047608.082259) can0 18FD28F4#16D2FA6F00000000
(1779047608.083176) can0 4D4#000033007D0F0203
(1779047608.084156) can0 4D5#E00CE00C3F3F0000
(1779047608.085251) can0 18914010#0CE0100CE0010000
(1779047608.086248) can0 18904010#020F020F753001FE
(1779047608.087246) can0 18FA28F4#E23DA12C10270000
(1779047608.088260) can0 18FB28F4#E00CE00C3F3F0000
(1779047608.089259) can0 18FC28F4#383300000F020000
(1779047608.090233) can0 18F810F3#0F02E80333640100
(1779047608.091272) can0 18F815F3#0000000010030000
(1779047608.092170) can0 273#000000000F023300
(1779047608.093170) can0 1E1#020F271001FE01FE
(1779047608.094182) can0 1F5#0000000000000000
(1779047608.095279) can0 0800A6A9#0000000000000000
(1779047608.096260) can0 1000A6A9#0F02881333494949
(1779047608.097260) can0 1C00A6A9#0000000000030000
(1779047608.098271) can0 02018100#1003020F00000000
(1779047608.099274) can0 02028100#0000003364000000
(1779047608.100266) can0 02038100#0CE001100CE00101
(1779047608.101260) can0 02048100#4901014901010000
(1779047608.102143) can0 1AD#9914000059331717
(1779047608.103158) can0 2AD#E00C800C99140016
(1779047608.104203) can0 3AD#0000000000009914
(1779047608.105184) can0 4AD#EB00000000000000
(1779047608.106179) can0 76A#7F00000000000000
(1779047608.168830) can0 0000E005#16D2420003B60591
(1779047608.169409) can0 1806E5F4#13EC010003B6023A
(1779047608.170274) can0 0000E000#13EC13EC020F0000
(1779047608.171250) can0 0000E004#171703B603B601E4
(1779047608.172255) can0 0000E006#0CE00CE00CE00CE0
(1779047608.173268) can0 0000E007#0CE00CE00CE00CE0
(1779047608.174249) can0 0000E008#0CE00CE00CE00CE0
(1779047608.175243) can0 0000E009#0CE00CE00CE00CE0
(1779047608.176293) can0 0000E010#0000000000000000
(1779047608.177275) can0 0000E011#0000000000000000
(1779047608.178274) can0 0000E012#0CE0000000000000
(1779047608.179287) can0 0000F001#0000000000000000
(1779047608.180268) can0 18FF28F4#10330000020F0000
(1779047608.181281) can0 18FE28F4#0CE00CE03F3F0000
(1779047608.182249) can0 18FD28F4#16D2FA6F00000000
(1779047608.183158) can0 4D4#000033007D0F0203
(1779047608.184161) can0 4D5#E00CE00C3F3F0000
(1779047608.185256) can0 18914010#0CE0100CE0010000
(1779047608.186257) can0 18904010#020F020F753001FE
(1779047608.187252) can0 18FA28F4#E23DA12C10270000
(1779047608.188251) can0 18FB28F4#E00CE00C3F3F0000
(1779047608.189315) can0 18FC28F4#383300000F020000
(1779047608.190250) can0 18F810F3#0F02E80333640100
(1779047608.191276) can0 18F815F3#0000000010030000
(1779047608.192181) can0 273#000000000F023300
(1779047608.193172) can0 1E1#020F271001FE01FE
(1779047608.194195) can0 1F5#0000000000000000
(1779047608.195267) can0 0800A6A9#0000000000000000
(1779047608.196232) can0 1000A6A9#0F02881333494949
(1779047608.197315) can0 1C00A6A9#0000000000030000
(1779047608.198277) can0 02018100#1003020F00000000
(1779047608.199277) can0 02028100#0000003364000000
(1779047608.200258) can0 02038100#0CE001100CE00101
(1779047608.201252) can0 02048100#4901014901010000
(1779047608.202157) can0 1AD#9914000059331717
(1779047608.203170) can0 2AD#E00C800C99140016
(1779047608.204176) can0 3AD#0000000000009914
(1779047608.205176) can0 4AD#EB00000000000000
(1779047608.206183) can0 76A#7F00000000000000
(1779047608.268851) can0 0000E005#16D2420003B60591
(1779047608.269443) can0 1806E5F4#13EC010003B6023A
(1779047608.270279) can0 0000E000#13EC13EC020F0000
(1779047608.271254) can0 0000E004#171703B603B601E4
(1779047608.272259) can0 0000E006#0CE00CE00CE00CE0
(1779047608.273253) can0 0000E007#0CE00CE00CE00CE0
(1779047608.274304) can0 0000E008#0CE00CE00CE00CE0
(1779047608.275253) can0 0000E009#0CE00CE00CE00CE0
(1779047608.276285) can0 0000E010#0000000000000000
(1779047608.277279) can0 0000E011#0000000000000000
(1779047608.278279) can0 0000E012#0CE0000000000000
(1779047608.279291) can0 0000F001#0000000000000000
(1779047608.280274) can0 18FF28F4#10330000020F0000
(1779047608.281254) can0 18FE28F4#0CE00CE03F3F0000
(1779047608.282254) can0 18FD28F4#16D2FA6F00000000
(1779047608.283171) can0 4D4#000033007D0F0203
(1779047608.284165) can0 4D5#E00CE00C3F3F0000
(1779047608.285261) can0 18914010#0CE0100CE0010000
(1779047608.286261) can0 18904010#020F020F753001FE
(1779047608.287261) can0 18FA28F4#E23DA12C10270000
(1779047608.288254) can0 18FB28F4#E00CE00C3F3F0000
(1779047608.289267) can0 18FC28F4#383300000F020000
(1779047608.290237) can0 18F810F3#0F02E80333640100
(1779047608.291276) can0 18F815F3#0000000010030000
(1779047608.292166) can0 273#000000000F023300
(1779047608.293167) can0 1E1#020F271001FE01FE
(1779047608.294198) can0 1F5#0000000000000000
(1779047608.295272) can0 0800A6A9#0000000000000000
(1779047608.296238) can0 1000A6A9#0F02881333494949
(1779047608.297275) can0 1C00A6A9#0000000000030000
(1779047608.298283) can0 02018100#1003020F00000000
(1779047608.299264) can0 02028100#0000003364000000
(1779047608.300262) can0 02038100#0CE001100CE00101
(1779047608.301257) can0 02048100#4901014901010000
(1779047608.302142) can0 1AD#9914000059331717
(1779047608.303164) can0 2AD#E00C800C99140016
(1779047608.304167) can0 3AD#0000000000009914
(1779047608.305181) can0 4AD#EB00000000000000
(1779047608.306174) can0 76A#7F00000000000000
(1779047608.386811) can0 0000E005#16D2420003B60591
(1779047608.387396) can0 1806E5F4#13EC010003B6023A
(1779047608.388292) can0 0000E000#13EC13EC020F0000
(1779047608.389260) can0 0000E004#171703B603B601E4
(1779047608.390260) can0 0000E006#0CE00CE00CE00CE0
(1779047608.391259) can0 0000E007#0CE00CE00CE00CE0
(1779047608.392253) can0 0000E008#0CE00CE00CE00CE0
(1779047608.393263) can0 0000E009#0CE00CE00CE00CE0
(1779047608.394281) can0 0000E010#0000000000000000
(1779047608.395280) can0 0000E011#0000000000000000
(1779047608.396292) can0 0000E012#0CE0000000000000
(1779047608.397292) can0 0000F001#0000000000000000
(1779047608.398274) can0 18FF28F4#10330000020F0000
(1779047608.399256) can0 18FE28F4#0CE00CE03F3F0000
(1779047608.400255) can0 18FD28F4#16D2FA6F00000000
(1779047608.401172) can0 4D4#000033007D0F0203
(1779047608.402172) can0 4D5#E00CE00C3F3F0000
(1779047608.403263) can0 18914010#0CE0100CE0010000
(1779047608.404293) can0 18904010#020F020F753001FE
(1779047608.405265) can0 18FA28F4#E23DA12C10270000
(1779047608.406252) can0 18FB28F4#E00CE00C3F3F0000
(1779047608.407274) can0 18FC28F4#383300000F020000
(1779047608.408236) can0 18F810F3#0F02E80333640100
(1779047608.409280) can0 18F815F3#0000000010030000
(1779047608.410183) can0 273#000000000F023300
(1779047608.411167) can0 1E1#020F271001FE01FE
(1779047608.412230) can0 1F5#0000000000000000
(1779047608.413275) can0 0800A6A9#0000000000000000
(1779047608.414243) can0 1000A6A9#0F02881333494949
(1779047608.415268) can0 1C00A6A9#0000000000030000
(1779047608.416288) can0 02018100#1003020F00000000
(1779047608.417269) can0 02028100#0000003364000000
(1779047608.418259) can0 02038100#0CE001100CE00101
(1779047608.419263) can0 02048100#4901014901010000
(1779047608.420193) can0 1AD#9914000059331717
(1779047608.421155) can0 2AD#E00C800C99140016
(1779047608.422177) can0 3AD#0000000000009914
(1779047608.423180) can0 4AD#EB00000000000000
(1779047608.424193) can0 76A#7F00000000000000
(1779047608.502863) can0 0000E005#16D2420003B60591
(1779047608.503450) can0 1806E5F4#13EC010003B6023A
(1779047608.504284) can0 0000E000#13EC13EC020F0000
(1779047608.505253) can0 0000E004#171703B603B601E4
(1779047608.506257) can0 0000E006#0CE00CE00CE00CE0
(1779047608.507263) can0 0000E007#0CE00CE00CE00CE0
(1779047608.508260) can0 0000E008#0CE00CE00CE00CE0
(1779047608.509259) can0 0000E009#0CE00CE00CE00CE0
(1779047608.510291) can0 0000E010#0000000000000000
(1779047608.511286) can0 0000E011#0000000000000000
(1779047608.512285) can0 0000E012#0CE0000000000000
(1779047608.513234) can0 0000E013#4542323630354C43
(1779047608.514266) can0 0000E014#3134323300000000
(1779047608.515280) can0 0000E015#0000000000000003
(1779047608.516292) can0 0000F000#0000000000000000
(1779047608.517292) can0 0000F001#0000000000000000
(1779047608.518286) can0 18FF28F4#10330000020F0000
(1779047608.519248) can0 18FE28F4#0CE00CE03F3F0000
(1779047608.520266) can0 18FD28F4#16D2FA6F00000000
(1779047608.521185) can0 4D4#000033007D0F0203
(1779047608.522166) can0 4D5#E00CE00C3F3F0000
(1779047608.523257) can0 18914010#0CE0100CE0010000
(1779047608.524260) can0 18904010#020F020F753001FE
(1779047608.525274) can0 18924010#3F013F0100000000
(1779047608.526254) can0 18934010#000000290000BD42
(1779047608.527287) can0 18944010#1003000000000000
(1779047608.528299) can0 18954010#0000000000000000
(1779047608.529293) can0 18954010#0100000000000000
(1779047608.530274) can0 18954010#0200000000000000
(1779047608.531287) can0 18954010#0300000000000000
(1779047608.532287) can0 18954010#0400000000000000
(1779047608.533287) can0 18954010#0500000000000000
(1779047608.534300) can0 18964010#003F3F3F00000000
(1779047608.535275) can0 18974010#0000000000000000
(1779047608.536275) can0 18984010#0000000000000000
(1779047608.537255) can0 18FA28F4#E23DA12C10270000
(1779047608.538249) can0 18FB28F4#E00CE00C3F3F0000
(1779047608.539264) can0 18FC28F4#383300000F020000
(1779047608.540243) can0 18F810F3#0F02E80333640100
(1779047608.541257) can0 18F811F3#E00C1001E00C0101
(1779047608.542288) can0 18F812F3#3F01013F01010000
(1779047608.543280) can0 18F813F3#0101000000000000
(1779047608.544263) can0 18F814F3#3200BA1AA9015F00
(1779047608.545284) can0 18F815F3#0000000010030000
(1779047608.546179) can0 273#000000000F023300
(1779047608.547174) can0 1E1#020F271001FE01FE
(1779047608.548201) can0 1F5#0000000000000000
(1779047608.549283) can0 0800A6A9#0000000000000000
(1779047608.550265) can0 1000A6A9#0F02881333494949
(1779047608.551278) can0 1C00A6A9#0000000000030000
(1779047608.552289) can0 02018100#1003020F00000000
(1779047608.553270) can0 02028100#0000003364000000
(1779047608.554270) can0 02038100#0CE001100CE00101
(1779047608.555259) can0 02048100#4901014901010000
(1779047608.556150) can0 1AD#9914000059331717
(1779047608.557162) can0 2AD#E00C800C99140016
(1779047608.558213) can0 3AD#0000000000009914
(1779047608.559192) can0 4AD#EB00000000000000
(1779047608.560188) can0 76A#7F00000000000000
(1779047608.618865) can0 0000E005#16D2420003B60591
(1779047608.619450) can0 1806E5F4#13EC010003B6023A
(1779047608.620284) can0 0000E000#13EC13EC020F0000
(1779047608.621252) can0 0000E004#171703B603B601E4
(1779047608.622265) can0 0000E006#0CE00CE00CE00CE0
(1779047608.623266) can0 0000E007#0CE00CE00CE00CE0
(1779047608.624259) can0 0000E008#0CE00CE00CE00CE0
(1779047608.625259) can0 0000E009#0CE00CE00CE00CE0
(1779047608.626291) can0 0000E010#0000000000000000
(1779047608.627317) can0 0000E011#0000000000000000
(1779047608.628284) can0 0000E012#0CE0000000000000
(1779047608.629298) can0 0000F001#0000000000000000
(1779047608.630279) can0 18FF28F4#10330000020F0000
(1779047608.631260) can0 18FE28F4#0CE00CE03F3F0000
(1779047608.632260) can0 18FD28F4#16D2FA6F00000000
(1779047608.633177) can0 4D4#000033007D0F0203
(1779047608.634171) can0 4D5#E00CE00C3F3F0000
(1779047608.635298) can0 18914010#0CE0100CE0010000
(1779047608.636260) can0 18904010#020F020F753001FE
(1779047608.637267) can0 18FA28F4#E23DA12C10270000
(1779047608.638260) can0 18FB28F4#E00CE00C3F3F0000
(1779047608.639274) can0 18FC28F4#383300000F020000
(1779047608.640255) can0 18F810F3#0F02E80333640100
(1779047608.641286) can0 18F815F3#0000000010030000
(1779047608.642191) can0 273#000000000F023300
(1779047608.643217) can0 1E1#020F271001FE01FE
(1779047608.644197) can0 1F5#0000000000000000
(1779047608.645280) can0 0800A6A9#0000000000000000
(1779047608.646242) can0 1000A6A9#0F02881333494949
(1779047608.647274) can0 1C00A6A9#0000000000030000
(1779047608.648284) can0 02018100#1003020F00000000
(1779047608.649286) can0 02028100#0000003364000000
(1779047608.650261) can0 02038100#0CE001100CE00101
(1779047608.651313) can0 02048100#4901014901010000
(1779047608.652156) can0 1AD#9914000059331717
(1779047608.653173) can0 2AD#E00C800C99140016
(1779047608.654186) can0 3AD#0000000000009914
(1779047608.655198) can0 4AD#EB00000000000000
(1779047608.656192) can0 76A#7F00000000000000
(1779047608.718804) can0 0000E005#16D2420003B60591
(1779047608.719396) can0 1806E5F4#13EC010003B6023A
(1779047608.720326) can0 0000E000#13EC13EC020F0000
(1779047608.721262) can0 0000E004#171703B603B601E4
(1779047608.722263) can0 0000E006#0CE00CE00CE00CE0
(1779047608.723257) can0 0000E007#0CE00CE00CE00CE0
(1779047608.724257) can0 0000E008#0CE00CE00CE00CE0
(1779047608.725248) can0 0000E009#0CE00CE00CE00CE0
(1779047608.726301) can0 0000E010#0000000000000000
(1779047608.727295) can0 0000E011#0000000000000000
(1779047608.728327) can0 0000E012#0CE0000000000000
(1779047608.729295) can0 0000F001#0000000000000000
(1779047608.730276) can0 18FF28F4#10330000020F0000
(1779047608.731258) can0 18FE28F4#0CE00CE03F3F0000
(1779047608.732258) can0 18FD28F4#16D2FA6F00000000
(1779047608.733164) can0 4D4#000033007D0F0203
(1779047608.734169) can0 4D5#E00CE00C3F3F0000
(1779047608.735264) can0 18914010#0CE0100CE0010000
(1779047608.736265) can0 18904010#020F020F753001FE
(1779047608.737256) can0 18FA28F4#E23DA12C10270000
(1779047608.738259) can0 18FB28F4#E00CE00C3F3F0000
(1779047608.739272) can0 18FC28F4#383300000F020000
(1779047608.740252) can0 18F810F3#0F02E80333640100
(1779047608.741284) can0 18F815F3#0000000010030000
(1779047608.742182) can0 273#000000000F023300
(1779047608.743183) can0 1E1#020F271001FE01FE
(1779047608.744196) can0 1F5#0000000000000000
(1779047608.745272) can0 0800A6A9#0000000000000000
(1779047608.746240) can0 1000A6A9#0F02881333494949
(1779047608.747272) can0 1C00A6A9#0000000000030000
(1779047608.748285) can0 02018100#1003020F00000000
(1779047608.749281) can0 02028100#0000003364000000
(1779047608.750278) can0 02038100#0CE001100CE00101
(1779047608.751265) can0 02048100#4901014901010000
(1779047608.752159) can0 1AD#9914000059331717
(1779047608.753171) can0 2AD#E00C800C99140016
(1779047608.754184) can0 3AD#0000000000009914
(1779047608.755197) can0 4AD#EB00000000000000
(1779047608.756191) can0 76A#7F00000000000000
(1779047608.818878) can0 0000E005#16D2420003B60591
(1779047608.819465) can0 1806E5F4#13EC010003B6023A
(1779047608.820281) can0 0000E000#13EC13EC020F0000
(1779047608.821261) can0 0000E004#171703B603B601E4
(1779047608.822259) can0 0000E006#0CE00CE00CE00CE0
(1779047608.823262) can0 0000E007#0CE00CE00CE00CE0
(1779047608.824255) can0 0000E008#0CE00CE00CE00CE0
(1779047608.825256) can0 0000E009#0CE00CE00CE00CE0
(1779047608.826300) can0 0000E010#0000000000000000
(1779047608.827301) can0 0000E011#0000000000000000
(1779047608.828280) can0 0000E012#0CE0000000000000
(1779047608.829293) can0 0000F001#0000000000000000
(1779047608.830273) can0 18FF28F4#10330000020F0000
(1779047608.831263) can0 18FE28F4#0CE00CE03F3F0000
(1779047608.832256) can0 18FD28F4#16D2FA6F00000000
(1779047608.833173) can0 4D4#000033007D0F0203
(1779047608.834168) can0 4D5#E00CE00C3F3F0000
(1779047608.835269) can0 18914010#0CE0100CE0010000
(1779047608.836262) can0 18904010#020F020F753001FE
(1779047608.837263) can0 18FA28F4#E23DA12C10270000
(1779047608.838262) can0 18FB28F4#E00CE00C3F3F0000
(1779047608.839276) can0 18FC28F4#383300000F020000
(1779047608.840257) can0 18F810F3#0F02E80333640100
(1779047608.841288) can0 18F815F3#0000000010030000
(1779047608.842198) can0 273#000000000F023300
(1779047608.843169) can0 1E1#020F271001FE01FE
(1779047608.844199) can0 1F5#0000000000000000
(1779047608.845276) can0 0800A6A9#0000000000000000
(1779047608.846236) can0 1000A6A9#0F02881333494949
(1779047608.847276) can0 1C00A6A9#0000000000030000
(1779047608.848289) can0 02018100#1003020F00000000
(1779047608.849283) can0 02028100#0000003364000000
(1779047608.850296) can0 02038100#0CE001100CE00101
(1779047608.851264) can0 02048100#4901014901010000
(1779047608.852162) can0 1AD#9914000059331717
(1779047608.853175) can0 2AD#E00C800C99140016
(1779047608.854188) can0 3AD#0000000000009914
(1779047608.855201) can0 4AD#EB00000000000000
(1779047608.856194) can0 76A#7F00000000000000
(1779047608.918871) can0 0000E005#16D2420003B60591
(1779047608.919449) can0 1806E5F4#13EC010003B6023A
(1779047608.920291) can0 0000E000#13EC13EC020F0000
(1779047608.921271) can0 0000E004#171703B603B601E4
(1779047608.922265) can0 0000E006#0CE00CE00CE00CE0
(1779047608.923265) can0 0000E007#0CE00CE00CE00CE0
(1779047608.924266) can0 0000E008#0CE00CE00CE00CE0
(1779047608.925259) can0 0000E009#0CE00CE00CE00CE0
(1779047608.926307) can0 0000E010#0000000000000000
(1779047608.927323) can0 0000E011#0000000000000000
(1779047608.928285) can0 0000E012#0CE0000000000000
(1779047608.929304) can0 0000F001#0000000000000000
(1779047608.930277) can0 18FF28F4#10330000020F0000
(1779047608.931266) can0 18FE28F4#0CE00CE03F3F0000
(1779047608.932260) can0 18FD28F4#16D2FA6F00000000
(1779047608.933177) can0 4D4#000033007D0F0203
(1779047608.934177) can0 4D5#E00CE00C3F3F0000
(1779047608.935286) can0 18914010#0CE0100CE0010000
(1779047608.936273) can0 18904010#020F020F753001FE
(1779047608.937266) can0 18FA28F4#E23DA12C10270000
(1779047608.938262) can0 18FB28F4#E00CE00C3F3F0000
(1779047608.939281) can0 18FC28F4#383300000F020000
(1779047608.940261) can0 18F810F3#0F02E80333640100
(1779047608.941292) can0 18F815F3#0000000010030000
(1779047608.942187) can0 273#000000000F023300
(1779047608.943223) can0 1E1#020F271001FE01FE
(1779047608.944204) can0 1F5#0000000000000000
(1779047608.945280) can0 0800A6A9#0000000000000000
(1779047608.946248) can0 1000A6A9#0F02881333494949
(1779047608.947281) can0 1C00A6A9#0000000000030000
(1779047608.948294) can0 02018100#1003020F00000000
(1779047608.949293) can0 02028100#0000003364000000
(1779047608.950270) can0 02038100#0CE001100CE00101
(1779047608.951320) can0 02048100#4901014901010000
(1779047608.952167) can0 1AD#9914000059331717
(1779047608.953166) can0 2AD#E00C800C99140016
(1779047608.954188) can0 3AD#0000000000009914
(1779047608.955192) can0 4AD#EB00000000000000
(1779047608.956205) can0 76A#7F00000000000000
(1779047609.035893) can0 0000E005#16D2420003B60591
(1779047609.036476) can0 1806E5F4#13EC010003B6023A
(1779047609.037297) can0 0000E000#13EC13EC020F0000
(1779047609.038258) can0 0000E004#171703B603B601E4
(1779047609.039272) can0 0000E006#0CE00CE00CE00CE0
(1779047609.040265) can0 0000E007#0CE00CE00CE00CE0
(1779047609.041271) can0 0000E008#0CE00CE00CE00CE0
(1779047609.042265) can0 0000E009#0CE00CE00CE00CE0
(1779047609.043298) can0 0000E010#0000000000000000
(1779047609.044289) can0 0000E011#0000000000000000
(1779047609.045291) can0 0000E012#0CE0000000000000
(1779047609.046259) can0 0000E013#4542323630354C43
(1779047609.047272) can0 0000E014#3134323300000000
(1779047609.048305) can0 0000E015#0000000000000003
(1779047609.049297) can0 0000F000#0000000000000000
(1779047609.050298) can0 0000F001#0000000000000000
(1779047609.051299) can0 18FF28F4#10330000020F0000
(1779047609.052275) can0 18FE28F4#0CE00CE03F3F0000
(1779047609.053295) can0 18FD28F4#16D2FA6F00000000
(1779047609.054206) can0 4D4#000033007D0F0203
(1779047609.055204) can0 4D5#E00CE00C3F3F0000
(1779047609.056285) can0 18914010#0CE0100CE0010000
(1779047609.057293) can0 18904010#020F020F753001FE
(1779047609.058287) can0 18924010#3F013F0100000000
(1779047609.059282) can0 18934010#0000002A0000BD42
(1779047609.060293) can0 18944010#1003000000000000
(1779047609.061306) can0 18954010#0000000000000000
(1779047609.062314) can0 18954010#0100000000000000
(1779047609.063306) can0 18954010#0200000000000000
(1779047609.064298) can0 18954010#0300000000000000
(1779047609.065300) can0 18954010#0400000000000000
(1779047609.066295) can0 18954010#0500000000000000
(1779047609.067294) can0 18964010#003F3F3F00000000
(1779047609.068286) can0 18974010#0000000000000000
(1779047609.069287) can0 18984010#0000000000000000
(1779047609.070268) can0 18FA28F4#E23DA12C10270000
(1779047609.071263) can0 18FB28F4#E00CE00C3F3F0000
(1779047609.072275) can0 18FC28F4#383300000F020000
(1779047609.073275) can0 18F810F3#0F02E80333640100
(1779047609.074269) can0 18F811F3#E00C1001E00C0101
(1779047609.075282) can0 18F812F3#3F01013F01010000
(1779047609.076291) can0 18F813F3#0101000000000000
(1779047609.077275) can0 18F814F3#3200BA1AA9015F00
(1779047609.078288) can0 18F815F3#0000000010030000
(1779047609.079187) can0 273#000000000F023300
(1779047609.080179) can0 1E1#020F271001FE01FE
(1779047609.081231) can0 1F5#0000000000000000
(1779047609.082289) can0 0800A6A9#0000000000000000
(1779047609.083257) can0 1000A6A9#0F02881333494949
(1779047609.084289) can0 1C00A6A9#0000000000030000
(1779047609.085301) can0 02018100#1003020F00000000
(1779047609.086282) can0 02028100#0000003364000000
(1779047609.087277) can0 02038100#0CE001100CE00101
(1779047609.088270) can0 02048100#4901014901010000
(1779047609.089193) can0 1AD#9914000059331717
(1779047609.090174) can0 2AD#E00C800C99140016
(1779047609.091188) can0 3AD#0000000000009914
(1779047609.092195) can0 4AD#EB00000000000000
(1779047609.093201) can0 76A#7F00000000000000
(1779047609.151839) can0 0000E005#16D2420003B60591
(1779047609.152423) can0 1806E5F4#13EC010003B6023A
(1779047609.153291) can0 0000E000#13EC13EC020F0000
(1779047609.154271) can0 0000E004#171703B603B601E4
(1779047609.155272) can0 0000E006#0CE00CE00CE00CE0
(1779047609.156265) can0 0000E007#0CE00CE00CE00CE0
(1779047609.157262) can0 0000E008#0CE00CE00CE00CE0
(1779047609.158296) can0 0000E009#0CE00CE00CE00CE0
(1779047609.159310) can0 0000E010#0000000000000000
(1779047609.160303) can0 0000E011#0000000000000000
(1779047609.161280) can0 0000E012#0CE0000000000000
(1779047609.162304) can0 0000F001#0000000000000000
(1779047609.163285) can0 18FF28F4#10330000020F0000
(1779047609.164265) can0 18FE28F4#0CE00CE03F3F0000
(1779047609.165266) can0 18FD28F4#16D2FA6F00000000
(1779047609.166215) can0 4D4#000033007D0F0203
(1779047609.167178) can0 4D5#E00CE00C3F3F0000
(1779047609.168273) can0 18914010#0CE0100CE0010000
(1779047609.169263) can0 18904010#020F020F753001FE
(1779047609.170267) can0 18FA28F4#E23DA12C10270000
(1779047609.171267) can0 18FB28F4#E00CE00C3F3F0000
(1779047609.172279) can0 18FC28F4#383300000F020000
(1779047609.173258) can0 18F810F3#0F02E80333640100
(1779047609.174343) can0 18F815F3#0000000010030000
(1779047609.175190) can0 273#000000000F023300
(1779047609.176171) can0 1E1#020F271001FE01FE
(1779047609.177203) can0 1F5#0000000000000000
(1779047609.178286) can0 0800A6A9#0000000000000000
(1779047609.179248) can0 1000A6A9#0F02881333494949
(1779047609.180280) can0 1C00A6A9#0000000000030000
(1779047609.181287) can0 02018100#1003020F00000000
(1779047609.182340) can0 02028100#0000003364000000
(1779047609.183288) can0 02038100#0CE001100CE00101
(1779047609.184267) can0 02048100#4901014901010000
(1779047609.185159) can0 1AD#9914000059331717
(1779047609.186179) can0 2AD#E00C800C99140016
(1779047609.187192) can0 3AD#0000000000009914
(1779047609.188210) can0 4AD#EB00000000000000
(1779047609.189199) can0 76A#7F00000000000000
(1779047609.251851) can0 0000E005#16D2420003B60591
(1779047609.252422) can0 1806E5F4#13EC010003B6023A
(1779047609.253288) can0 0000E000#13EC13EC020F0000
(1779047609.254265) can0 0000E004#171703B603B601E4
(1779047609.255270) can0 0000E006#0CE00CE00CE00CE0
(1779047609.256270) can0 0000E007#0CE00CE00CE00CE0
(1779047609.257263) can0 0000E008#0CE00CE00CE00CE0
(1779047609.258259) can0 0000E009#0CE00CE00CE00CE0
(1779047609.259359) can0 0000E010#0000000000000000
(1779047609.260308) can0 0000E011#0000000000000000
(1779047609.261288) can0 0000E012#0CE0000000000000
(1779047609.262322) can0 0000F001#0000000000000000
(1779047609.263294) can0 18FF28F4#10330000020F0000
(1779047609.264271) can0 18FE28F4#0CE00CE03F3F0000
(1779047609.265284) can0 18FD28F4#16D2FA6F00000000
(1779047609.266175) can0 4D4#000033007D0F0203
(1779047609.267183) can0 4D5#E00CE00C3F3F0000
(1779047609.268277) can0 18914010#0CE0100CE0010000
(1779047609.269272) can0 18904010#020F020F753001FE
(1779047609.270269) can0 18FA28F4#E23DA12C10270000
(1779047609.271271) can0 18FB28F4#E00CE00C3F3F0000
(1779047609.272284) can0 18FC28F4#383300000F020000
(1779047609.273266) can0 18F810F3#0F02E80333640100
(1779047609.274297) can0 18F815F3#0000000010030000
(1779047609.275195) can0 273#000000000F023300
(1779047609.276196) can0 1E1#020F271001FE01FE
(1779047609.277209) can0 1F5#0000000000000000
(1779047609.278283) can0 0800A6A9#0000000000000000
(1779047609.279253) can0 1000A6A9#0F02881333494949
(1779047609.280285) can0 1C00A6A9#0000000000030000
(1779047609.281298) can0 02018100#1003020F00000000
(1779047609.282292) can0 02028100#0000003364000000
(1779047609.283291) can0 02038100#0CE001100CE00101
(1779047609.284272) can0 02048100#4901014901010000
(1779047609.285171) can0 1AD#9914000059331717
(1779047609.286184) can0 2AD#E00C800C99140016
(1779047609.287197) can0 3AD#0000000000009914
(1779047609.288210) can0 4AD#EB00000000000000
(1779047609.289203) can0 76A#7F00000000000000
(1779047609.361837) can0 0000E005#16D2420003B60591
(1779047609.362428) can0 1806E5F4#13EC010003B6023A
(1779047609.363294) can0 0000E000#13EC13EC020F0000
(1779047609.364275) can0 0000E004#171703B603B601E4
(1779047609.365271) can0 0000E006#0CE00CE00CE00CE0
(1779047609.366275) can0 0000E007#0CE00CE00CE00CE0
(1779047609.367269) can0 0000E008#0CE00CE00CE00CE0
(1779047609.368269) can0 0000E009#0CE00CE00CE00CE0
(1779047609.369313) can0 0000E010#0000000000000000
(1779047609.370314) can0 0000E011#0000000000000000
(1779047609.371294) can0 0000E012#0CE0000000000000
(1779047609.372307) can0 0000F001#0000000000000000
(1779047609.373301) can0 18FF28F4#10330000020F0000
(1779047609.374269) can0 18FE28F4#0CE00CE03F3F0000
(1779047609.375270) can0 18FD28F4#16D2FA6F00000000
(1779047609.376187) can0 4D4#000033007D0F0203
(1779047609.377181) can0 4D5#E00CE00C3F3F0000
(1779047609.378276) can0 18914010#0CE0100CE0010000
(1779047609.379277) can0 18904010#020F020F753001FE
(1779047609.380276) can0 18FA28F4#E23DA12C10270000
(1779047609.381289) can0 18FB28F4#E00CE00C3F3F0000
(1779047609.382290) can0 18FC28F4#383300000F020000
(1779047609.383271) can0 18F810F3#0F02E80333640100
(1779047609.384302) can0 18F815F3#0000000010030000
(1779047609.385196) can0 273#000000000F023300
(1779047609.386183) can0 1E1#020F271001FE01FE
(1779047609.387215) can0 1F5#0000000000000000
(1779047609.388296) can0 0800A6A9#0000000000000000
(1779047609.389292) can0 1000A6A9#0F02881333494949
(1779047609.390284) can0 1C00A6A9#0000000000030000
(1779047609.391305) can0 02018100#1003020F00000000
(1779047609.392298) can0 02028100#0000003364000000
(1779047609.393278) can0 02038100#0CE001100CE00101
(1779047609.394285) can0 02048100#4901014901010000
(1779047609.395180) can0 1AD#9914000059331717
(1779047609.396190) can0 2AD#E00C800C99140016
(1779047609.397227) can0 3AD#0000000000009914
(1779047609.398215) can0 4AD#EB00000000000000
(1779047609.399209) can0 76A#7F00000000000000
(1779047609.460906) can0 0000E005#16D2420003B60591
(1779047609.461485) can0 1806E5F4#13EC010003B6023A
(1779047609.462304) can0 0000E000#13EC13EC020F0000
(1779047609.463274) can0 0000E004#171703B603B601E4
(1779047609.464273) can0 0000E006#0CE00CE00CE00CE0
(1779047609.465267) can0 0000E007#0CE00CE00CE00CE0
(1779047609.466299) can0 0000E008#0CE00CE00CE00CE0
(1779047609.467279) can0 0000E009#0CE00CE00CE00CE0
(1779047609.468312) can0 0000E010#0000000000000000
(1779047609.469304) can0 0000E011#0000000000000000
(1779047609.470306) can0 0000E012#0CE0000000000000
(1779047609.471305) can0 0000F001#0000000000000000
(1779047609.472299) can0 18FF28F4#10330000020F0000
(1779047609.473283) can0 18FE28F4#0CE00CE03F3F0000
(1779047609.474314) can0 18FD28F4#16D2FA6F00000000
(1779047609.475198) can0 4D4#000033007D0F0203
(1779047609.476198) can0 4D5#E00CE00C3F3F0000
(1779047609.477274) can0 18914010#0CE0100CE0010000
(1779047609.478287) can0 18904010#020F020F753001FE
(1779047609.479268) can0 18FA28F4#E23DA12C10270000
(1779047609.480268) can0 18FB28F4#E00CE00C3F3F0000
(1779047609.481297) can0 18FC28F4#383300000F020000
(1779047609.482314) can0 18F810F3#0F02E80333640100
(1779047609.483313) can0 18F815F3#0000000010030000
(1779047609.484192) can0 273#000000000F023300
(1779047609.485191) can0 1E1#020F271001FE01FE
(1779047609.486224) can0 1F5#0000000000000000
(1779047609.487301) can0 0800A6A9#0000000000000000
(1779047609.488269) can0 1000A6A9#0F02881333494949
(1779047609.489294) can0 1C00A6A9#0000000000030000
(1779047609.490358) can0 02018100#1003020F00000000
(1779047609.491295) can0 02028100#0000003364000000
(1779047609.492289) can0 02038100#0CE001100CE00101
(1779047609.493288) can0 02048100#4901014901010000
(1779047609.494168) can0 1AD#9914000059331717
(1779047609.495181) can0 2AD#E00C800C99140016
(1779047609.496193) can0 3AD#0000000000009914
(1779047609.497206) can0 4AD#EB00000000000000
(1779047609.498206) can0 76A#7F00000000000000
(1779047609.577893) can0 0000E005#16D2420003B60591
(1779047609.578470) can0 1806E5F4#13EC010003B6023A
(1779047609.579304) can0 0000E000#13EC13EC020F0000
(1779047609.580267) can0 0000E004#171703B603B601E4
(1779047609.581285) can0 0000E006#0CE00CE00CE00CE0
(1779047609.582278) can0 0000E007#0CE00CE00CE00CE0
(1779047609.583280) can0 0000E008#0CE00CE00CE00CE0
(1779047609.584273) can0 0000E009#0CE00CE00CE00CE0
(1779047609.585305) can0 0000E010#0000000000000000
(1779047609.586301) can0 0000E011#0000000000000000
(1779047609.587298) can0 0000E012#0CE0000000000000
(1779047609.588248) can0 0000E013#4542323630354C43
(1779047609.589280) can0 0000E014#3134323300000000
(1779047609.590293) can0 0000E015#0000000000000003
(1779047609.591312) can0 0000F000#0000000000000000
(1779047609.592306) can0 0000F001#0000000000000000
(1779047609.593305) can0 18FF28F4#10330000020F0000
(1779047609.594279) can0 18FE28F4#0CE00CE03F3F0000
(1779047609.595295) can0 18FD28F4#16D2FA6F00000000
(1779047609.596202) can0 4D4#000033007D0F0203
(1779047609.597199) can0 4D5#E00CE00C3F3F0000
(1779047609.598273) can0 18914010#0CE0100CE0010000
(1779047609.599295) can0 18904010#020F020F753001FE
(1779047609.600293) can0 18924010#3F013F0100000000
(1779047609.601292) can0 18934010#0000002B0000BD42
(1779047609.602304) can0 18944010#1003000000000000
(1779047609.603314) can0 18954010#0000000000000000
(1779047609.604326) can0 18954010#0100000000000000
(1779047609.605314) can0 18954010#0200000000000000
(1779047609.606303) can0 18954010#0300000000000000
(1779047609.607307) can0 18954010#0400000000000000
(1779047609.608301) can0 18954010#0500000000000000
(1779047609.609301) can0 18964010#003F3F3F00000000
(1779047609.610290) can0 18974010#0000000000000000
(1779047609.611295) can0 18984010#0000000000000000
(1779047609.612296) can0 18FA28F4#E23DA12C10270000
(1779047609.613276) can0 18FB28F4#E00CE00C3F3F0000
(1779047609.614287) can0 18FC28F4#383300000F020000
(1779047609.615268) can0 18F810F3#0F02E80333640100
(1779047609.616277) can0 18F811F3#E00C1001E00C0101
(1779047609.617290) can0 18F812F3#3F01013F01010000
(1779047609.618297) can0 18F813F3#0101000000000000
(1779047609.619283) can0 18F814F3#3200BA1AA9015F00
(1779047609.620328) can0 18F815F3#0000000010030000
(1779047609.621194) can0 273#000000000F023300
(1779047609.622192) can0 1E1#020F271001FE01FE
(1779047609.623220) can0 1F5#0000000000000000
(1779047609.624296) can0 0800A6A9#0000000000000000
(1779047609.625264) can0 1000A6A9#0F02881333494949
(1779047609.626308) can0 1C00A6A9#0000000000030000
(1779047609.627311) can0 02018100#1003020F00000000
(1779047609.628335) can0 02028100#0000003364000000
(1779047609.629284) can0 02038100#0CE001100CE00101
(1779047609.630283) can0 02048100#4901014901010000
(1779047609.631170) can0 1AD#9914000059331717
(1779047609.632182) can0 2AD#E00C800C99140016
(1779047609.633195) can0 3AD#0000000000009914
(1779047609.634208) can0 4AD#EB00000000000000
(1779047609.635209) can0 76A#7F00000000000000
(1779047609.693853) can0 0000E005#16D2420003B60591
(1779047609.694444) can0 1806E5F4#13EC010003B6023A
(1779047609.695297) can0 0000E000#13EC13EC020F0000
(1779047609.696278) can0 0000E004#171703B603B601E4
(1779047609.697304) can0 0000E006#0CE00CE00CE00CE0
(1779047609.698272) can0 0000E007#0CE00CE00CE00CE0
(1779047609.699283) can0 0000E008#0CE00CE00CE00CE0
(1779047609.700285) can0 0000E009#0CE00CE00CE00CE0
(1779047609.701311) can0 0000E010#0000000000000000
(1779047609.702311) can0 0000E011#0000000000000000
(1779047609.703307) can0 0000E012#0CE0000000000000
(1779047609.704305) can0 0000F001#0000000000000000
(1779047609.705337) can0 18FF28F4#10330000020F0000
(1779047609.706286) can0 18FE28F4#0CE00CE03F3F0000
(1779047609.707286) can0 18FD28F4#16D2FA6F00000000
(1779047609.708204) can0 4D4#000033007D0F0203
(1779047609.709197) can0 4D5#E00CE00C3F3F0000
(1779047609.710280) can0 18914010#0CE0100CE0010000
(1779047609.711285) can0 18904010#020F020F753001FE
(1779047609.712286) can0 18FA28F4#E23DA12C10270000
(1779047609.713319) can0 18FB28F4#E00CE00C3F3F0000
(1779047609.714300) can0 18FC28F4#383300000F020000
(1779047609.715263) can0 18F810F3#0F02E80333640100
(1779047609.716312) can0 18F815F3#0000000010030000
(1779047609.717198) can0 273#000000000F023300
(1779047609.718192) can0 1E1#020F271001FE01FE
(1779047609.719224) can0 1F5#0000000000000000
(1779047609.720306) can0 0800A6A9#0000000000000000
(1779047609.721320) can0 1000A6A9#0F02881333494949
(1779047609.722300) can0 1C00A6A9#0000000000030000
(1779047609.723308) can0 02018100#1003020F00000000
(1779047609.724294) can0 02028100#0000003364000000
(1779047609.725294) can0 02038100#0CE001100CE00101
(1779047609.726288) can0 02048100#4901014901010000
(1779047609.727164) can0 1AD#9914000059331717
(1779047609.728186) can0 2AD#E00C800C99140016
(1779047609.729199) can0 3AD#0000000000009914
(1779047609.730205) can0 4AD#EB00000000000000
(1779047609.731206) can0 76A#7F00000000000000
(1779047609.737162) can0 00000E00#00354C4331343233
(1779047609.793849) can0 0000E005#16D2420003B60591
(1779047609.794427) can0 1806E5F4#13EC010003B6023A
(1779047609.795307) can0 0000E000#13EC13EC020F0000
(1779047609.796292) can0 0000E004#171703B603B601E4
(1779047609.797283) can0 0000E006#0CE00CE00CE00CE0
(1779047609.798335) can0 0000E007#0CE00CE00CE00CE0
(1779047609.799279) can0 0000E008#0CE00CE00CE00CE0
(1779047609.800276) can0 0000E009#0CE00CE00CE00CE0
(1779047609.801309) can0 0000E010#0000000000000000
(1779047609.802310) can0 0000E011#0000000000000000
(1779047609.803302) can0 0000E012#0CE0000000000000
(1779047609.804322) can0 0000F001#0000000000000000
(1779047609.805303) can0 18FF28F4#10330000020F0000
(1779047609.806284) can0 18FE28F4#0CE00CE03F3F0000
(1779047609.807280) can0 18FD28F4#16D2FA6F00000000
(1779047609.808195) can0 4D4#000033007D0F0203
(1779047609.809195) can0 4D5#E00CE00C3F3F0000
(1779047609.810290) can0 18914010#0CE0100CE0010000
(1779047609.811280) can0 18904010#020F020F753001FE
(1779047609.812284) can0 18FA28F4#E23DA12C10270000
(1779047609.813285) can0 18FB28F4#E00CE00C3F3F0000
(1779047609.814303) can0 18FC28F4#383300000F020000
(1779047609.815279) can0 18F810F3#0F02E80333640100
(1779047609.816310) can0 18F815F3#0000000010030000
(1779047609.817209) can0 273#000000000F023300
(1779047609.818190) can0 1E1#020F271001FE01FE
(1779047609.819220) can0 1F5#0000000000000000
(1779047609.820299) can0 0800A6A9#0000000000000000
(1779047609.821267) can0 1000A6A9#0F02881333494949
(1779047609.822301) can0 1C00A6A9#0000000000030000
(1779047609.823305) can0 02018100#1003020F00000000
(1779047609.824311) can0 02028100#0000003364000000
(1779047609.825292) can0 02038100#0CE001100CE00101
(1779047609.826286) can0 02048100#4901014901010000
(1779047609.827185) can0 1AD#9914000059331717
(1779047609.828197) can0 2AD#E00C800C99140016
(1779047609.829210) can0 3AD#0000000000009914
(1779047609.830203) can0 4AD#EB00000000000000
(1779047609.831214) can0 76A#7F00000000000000
(1779047609.893895) can0 0000E005#16D2420003B60591
(1779047609.894488) can0 1806E5F4#13EC010003B6023A
(1779047609.895308) can0 0000E000#13EC13EC020F0000
(1779047609.896282) can0 0000E004#171703B603B601E4
(1779047609.897281) can0 0000E006#0CE00CE00CE00CE0
(1779047609.898281) can0 0000E007#0CE00CE00CE00CE0
(1779047609.899282) can0 0000E008#0CE00CE00CE00CE0
(1779047609.900275) can0 0000E009#0CE00CE00CE00CE0
(1779047609.901326) can0 0000E010#0000000000000000
(1779047609.902323) can0 0000E011#0000000000000000
(1779047609.903306) can0 0000E012#0CE0000000000000
(1779047609.904312) can0 0000F001#0000000000000000
(1779047609.905313) can0 18FF28F4#10330000020F0000
(1779047609.906282) can0 18FE28F4#0CE00CE03F3F0000
(1779047609.907295) can0 18FD28F4#16D2FA6F00000000
(1779047609.908206) can0 4D4#000033007D0F0203
(1779047609.909213) can0 4D5#E00CE00C3F3F0000
(1779047609.910289) can0 18914010#0CE0100CE0010000
(1779047609.911289) can0 18904010#020F020F753001FE
(1779047609.912301) can0 18FA28F4#E23DA12C10270000
(1779047609.913282) can0 18FB28F4#E00CE00C3F3F0000
(1779047609.914295) can0 18FC28F4#383300000F020000
(1779047609.915276) can0 18F810F3#0F02E80333640100
(1779047609.916306) can0 18F815F3#0000000010030000
(1779047609.917207) can0 273#000000000F023300
(1779047609.918206) can0 1E1#020F271001FE01FE
(1779047609.919220) can0 1F5#0000000000000000
(1779047609.920330) can0 0800A6A9#0000000000000000
(1779047609.921265) can0 1000A6A9#0F02881333494949
(1779047609.922295) can0 1C00A6A9#0000000000030000
(1779047609.923309) can0 02018100#1003020F00000000
(1779047609.924309) can0 02028100#0000003364000000
(1779047609.925303) can0 02038100#0CE001100CE00101
(1779047609.926321) can0 02048100#4901014901010000
(1779047609.927183) can0 1AD#9914000059331717
(1779047609.928208) can0 2AD#E00C800C99140016
(1779047609.929208) can0 3AD#0000000000009914
(1779047609.930220) can0 4AD#EB00000000000000
(1779047609.931222) can0 76A#7F00000000000000
(1779047609.993848) can0 0000E005#16D2420003B60591
(1779047609.994444) can0 1806E5F4#13EC010003B6023A
(1779047609.995323) can0 0000E000#13EC13EC020F0000
(1779047609.996282) can0 0000E004#171703B603B601E4
(1779047609.997311) can0 0000E006#0CE00CE00CE00CE0
(1779047609.998292) can0 0000E007#0CE00CE00CE00CE0
(1779047609.999291) can0 0000E008#0CE00CE00CE00CE0
(1779047610.000286) can0 0000E009#0CE00CE00CE00CE0
(1779047610.001315) can0 0000E010#0000000000000000
(1779047610.002312) can0 0000E011#0000000000000000
(1779047610.003312) can0 0000E012#0CE0000000000000
(1779047610.004324) can0 0000F001#0000000000000000
(1779047610.005340) can0 18FF28F4#10330000020F0000
(1779047610.006293) can0 18FE28F4#0CE00CE03F3F0000
(1779047610.007286) can0 18FD28F4#16D2FA6F00000000
(1779047610.008203) can0 4D4#000033007D0F0203
(1779047610.009204) can0 4D5#E00CE00C3F3F0000
(1779047610.010299) can0 18914010#0CE0100CE0010000
(1779047610.011293) can0 18904010#020F020F753001FE
(1779047610.012293) can0 18FA28F4#E23DA12C10270000
(1779047610.013316) can0 18FB28F4#E00CE00C3F3F0000
(1779047610.014307) can0 18FC28F4#383300000F020000
(1779047610.015268) can0 18F810F3#0F02E80333640100
(1779047610.016319) can0 18F815F3#0000000010030000
(1779047610.017210) can0 273#000000000F023300
(1779047610.018198) can0 1E1#020F271001FE01FE
(1779047610.019231) can0 1F5#0000000000000000
(1779047610.020307) can0 0800A6A9#0000000000000000
(1779047610.021319) can0 1000A6A9#0F02881333494949
(1779047610.022325) can0 1C00A6A9#0000000000030000
(1779047610.023323) can0 02018100#1003020F00000000
(1779047610.024301) can0 02028100#0000003364000000
(1779047610.025295) can0 02038100#0CE001100CE00101
(1779047610.026305) can0 02048100#4901014901010000
(1779047610.027195) can0 1AD#9914000059331717
(1779047610.028187) can0 2AD#E00C800C99140016
(1779047610.029213) can0 3AD#0000000000009914
(1779047610.030218) can0 4AD#EB00000000000000
(1779047610.031229) can0 76A#7F00000000000000
(1779047610.110898) can0 0000E005#16D2420003B60591
(1779047610.111485) can0 1806E5F4#13EC010003B6023A
(1779047610.112304) can0 0000E000#13EC13EC020F0000
(1779047610.113285) can0 0000E004#171703B603B601E4
(1779047610.114285) can0 0000E006#0CE00CE00CE00CE0
(1779047610.115274) can0 0000E007#0CE00CE00CE00CE0
(1779047610.116280) can0 0000E008#0CE00CE00CE00CE0
(1779047610.117292) can0 0000E009#0CE00CE00CE00CE0
(1779047610.118324) can0 0000E010#0000000000000000
(1779047610.119313) can0 0000E011#0000000000000000
(1779047610.120317) can0 0000E012#0CE0000000000000
(1779047610.121267) can0 0000E013#4542323630354C43
(1779047610.122304) can0 0000E014#3134323300000000
(1779047610.123311) can0 0000E015#0000000000000003
(1779047610.124324) can0 0000F000#0000000000000000
(1779047610.125324) can0 0000F001#0000000000000000
(1779047610.126306) can0 18FF28F4#10330000020F0000
(1779047610.127283) can0 18FE28F4#0CE00CE03F3F0000
(1779047610.128280) can0 18FD28F4#16D2FA6F00000000
(1779047610.129216) can0 4D4#000033007D0F0203
(1779047610.130211) can0 4D5#E00CE00C3F3F0000
(1779047610.131284) can0 18914010#0CE0100CE0010000
(1779047610.132286) can0 18904010#020F020F753001FE
(1779047610.133306) can0 18924010#3F013F0100000000
(1779047610.134300) can0 18934010#0000002C0000BD42
(1779047610.135312) can0 18944010#1003000000000000
(1779047610.136331) can0 18954010#0000000000000000
(1779047610.137326) can0 18954010#0100000000000000
(1779047610.138326) can0 18954010#0200000000000000
(1779047610.139314) can0 18954010#0300000000000000
(1779047610.140319) can0 18954010#0400000000000000
(1779047610.141319) can0 18954010#0500000000000000
(1779047610.142314) can0 18964010#003F3F3F00000000
(1779047610.143326) can0 18974010#0000000000000000
(1779047610.144307) can0 18984010#0000000000000000
(1779047610.145288) can0 18FA28F4#E23DA12C10270000
(1779047610.146281) can0 18FB28F4#E00CE00C3F3F0000
(1779047610.147294) can0 18FC28F4#383300000F020000
(1779047610.148275) can0 18F810F3#0F02E80333640100
(1779047610.149288) can0 18F811F3#E00C1001E00C0101
(1779047610.150300) can0 18F812F3#3F01013F01010000
(1779047610.151334) can0 18F813F3#0101000000000000
(1779047610.152276) can0 18F814F3#3200BA1AA9015F00
(1779047610.153308) can0 18F815F3#0000000010030000
(1779047610.154201) can0 273#000000000F023300
(1779047610.155201) can0 1E1#020F271001FE01FE
(1779047610.156232) can0 1F5#0000000000000000
(1779047610.157308) can0 0800A6A9#0000000000000000
(1779047610.158277) can0 1000A6A9#0F02881333494949
(1779047610.159341) can0 1C00A6A9#0000000000030000
(1779047610.160321) can0 02018100#1003020F00000000
(1779047610.161302) can0 02028100#0000003364000000
(1779047610.162294) can0 02038100#0CE001100CE00101
(1779047610.163296) can0 02048100#4901014901010000
(1779047610.164195) can0 1AD#9914000059331717
(1779047610.165195) can0 2AD#E00C800C99140016
(1779047610.166203) can0 3AD#0000000000009914
(1779047610.167253) can0 4AD#EB00000000000000
(1779047610.168220) can0 76A#7F00000000000000
(1779047610.226851) can0 0000E005#16D2420003B60591
(1779047610.227440) can0 1806E5F4#13EC010003B6023A
(1779047610.228342) can0 0000E000#13EC13EC020F0000
(1779047610.229291) can0 0000E004#171703B603B601E4
(1779047610.230284) can0 0000E006#0CE00CE00CE00CE0
(1779047610.231278) can0 0000E007#0CE00CE00CE00CE0
(1779047610.232284) can0 0000E008#0CE00CE00CE00CE0
(1779047610.233298) can0 0000E009#0CE00CE00CE00CE0
(1779047610.234330) can0 0000E010#0000000000000000
(1779047610.235317) can0 0000E011#0000000000000000
(1779047610.236335) can0 0000E012#0CE0000000000000
(1779047610.237316) can0 0000F001#0000000000000000
(1779047610.238317) can0 18FF28F4#10330000020F0000
(1779047610.239298) can0 18FE28F4#0CE00CE03F3F0000
(1779047610.240299) can0 18FD28F4#16D2FA6F00000000
(1779047610.241209) can0 4D4#000033007D0F0203
(1779047610.242210) can0 4D5#E00CE00C3F3F0000
(1779047610.243293) can0 18914010#0CE0100CE0010000
(1779047610.244340) can0 18904010#020F020F753001FE
(1779047610.245287) can0 18FA28F4#E23DA12C10270000
(1779047610.246286) can0 18FB28F4#E00CE00C3F3F0000
(1779047610.247297) can0 18FC28F4#383300000F020000
(1779047610.248280) can0 18F810F3#0F02E80333640100
(1779047610.249311) can0 18F815F3#0000000010030000
(1779047610.250204) can0 273#000000000F023300
(1779047610.251210) can0 1E1#020F271001FE01FE
(1779047610.252281) can0 1F5#0000000000000000
(1779047610.253324) can0 0800A6A9#0000000000000000
(1779047610.254283) can0 1000A6A9#0F02881333494949
(1779047610.255313) can0 1C00A6A9#0000000000030000
(1779047610.256325) can0 02018100#1003020F00000000
(1779047610.257306) can0 02028100#0000003364000000
(1779047610.258307) can0 02038100#0CE001100CE00101
(1779047610.259298) can0 02048100#4901014901010000
(1779047610.260205) can0 1AD#9914000059331717
(1779047610.261205) can0 2AD#E00C800C99140016
(1779047610.262224) can0 3AD#0000000000009914
(1779047610.263218) can0 4AD#EB00000000000000
(1779047610.264231) can0 76A#7F00000000000000
(1779047610.326894) can0 0000E005#16D2420003B60591
(1779047610.327486) can0 1806E5F4#13EC010003B6023A
(1779047610.328319) can0 0000E000#13EC13EC020F0000
(1779047610.329333) can0 0000E004#171703B603B601E4
(1779047610.330282) can0 0000E006#0CE00CE00CE00CE0
(1779047610.331302) can0 0000E007#0CE00CE00CE00CE0
(1779047610.332289) can0 0000E008#0CE00CE00CE00CE0
(1779047610.333296) can0 0000E009#0CE00CE00CE00CE0
(1779047610.334323) can0 0000E010#0000000000000000
(1779047610.335321) can0 0000E011#0000000000000000
(1779047610.336322) can0 0000E012#0CE0000000000000
(1779047610.337385) can0 0000F001#0000000000000000
(1779047610.338316) can0 18FF28F4#10330000020F0000
(1779047610.339296) can0 18FE28F4#0CE00CE03F3F0000
(1779047610.340290) can0 18FD28F4#16D2FA6F00000000
(1779047610.341214) can0 4D4#000033007D0F0203
(1779047610.342214) can0 4D5#E00CE00C3F3F0000
(1779047610.343290) can0 18914010#0CE0100CE0010000
(1779047610.344299) can0 18904010#020F020F753001FE
(1779047610.345284) can0 18FA28F4#E23DA12C10270000
(1779047610.346297) can0 18FB28F4#E00CE00C3F3F0000
(1779047610.347316) can0 18FC28F4#383300000F020000
(1779047610.348278) can0 18F810F3#0F02E80333640100
(1779047610.349322) can0 18F815F3#0000000010030000
(1779047610.350221) can0 273#000000000F023300
(1779047610.351215) can0 1E1#020F271001FE01FE
(1779047610.352230) can0 1F5#0000000000000000
(1779047610.353316) can0 0800A6A9#0000000000000000
(1779047610.354278) can0 1000A6A9#0F02881333494949
(1779047610.355310) can0 1C00A6A9#0000000000030000
(1779047610.356323) can0 02018100#1003020F00000000
(1779047610.357304) can0 02028100#0000003364000000
(1779047610.358304) can0 02038100#0CE001100CE00101
(1779047610.359298) can0 02048100#4901014901010000
(1779047610.360215) can0 1AD#9914000059331717
(1779047610.361215) can0 2AD#E00C800C99140016
(1779047610.362216) can0 3AD#0000000000009914
(1779047610.363235) can0 4AD#EB00000000000000
(1779047610.364224) can0 76A#7F00000000000000
(1779047610.426919) can0 0000E005#16D2420003B60591
(1779047610.427500) can0 1806E5F4#13EC010003B6023A
(1779047610.428319) can0 0000E000#13EC13EC020F0000
(1779047610.429293) can0 0000E004#171703B603B601E4
(1779047610.430293) can0 0000E006#0CE00CE00CE00CE0
(1779047610.431294) can0 0000E007#0CE00CE00CE00CE0
(1779047610.432293) can0 0000E008#0CE00CE00CE00CE0
(1779047610.433287) can0 0000E009#0CE00CE00CE00CE0
(1779047610.434319) can0 0000E010#0000000000000000
(1779047610.435332) can0 0000E011#0000000000000000
(1779047610.436313) can0 0000E012#0CE0000000000000
(1779047610.437323) can0 0000F001#0000000000000000
(1779047610.438326) can0 18FF28F4#10330000020F0000
(1779047610.439294) can0 18FE28F4#0CE00CE03F3F0000
(1779047610.440288) can0 18FD28F4#16D2FA6F00000000
(1779047610.441224) can0 4D4#000033007D0F0203
(1779047610.442225) can0 4D5#E00CE00C3F3F0000
(1779047610.443314) can0 18914010#0CE0100CE0010000
(1779047610.444294) can0 18904010#020F020F753001FE
(1779047610.445288) can0 18FA28F4#E23DA12C10270000
(1779047610.446289) can0 18FB28F4#E00CE00C3F3F0000
(1779047610.447301) can0 18FC28F4#383300000F020000
(1779047610.448282) can0 18F810F3#0F02E80333640100
(1779047610.449310) can0 18F815F3#0000000010030000
(1779047610.450225) can0 273#000000000F023300
(1779047610.451226) can0 1E1#020F271001FE01FE
(1779047610.452239) can0 1F5#0000000000000000
(1779047610.453310) can0 0800A6A9#0000000000000000
(1779047610.454283) can0 1000A6A9#0F02881333494949
(1779047610.455315) can0 1C00A6A9#0000000000030000
(1779047610.456328) can0 02018100#1003020F00000000
(1779047610.457308) can0 02028100#0000003364000000
(1779047610.458311) can0 02038100#0CE001100CE00101
(1779047610.459322) can0 02048100#4901014901010000
(1779047610.460226) can0 1AD#9914000059331717
(1779047610.461226) can0 2AD#E00C800C99140016
(1779047610.462226) can0 3AD#0000000000009914
(1779047610.463231) can0 4AD#EB00000000000000
(1779047610.464230) can0 76A#7F00000000000000
(1779047610.526849) can0 0000E005#16D2420003B60591
(1779047610.527443) can0 1806E5F4#13EC010003B6023A
(1779047610.528342) can0 0000E000#13EC13EC020F0000
(1779047610.529291) can0 0000E004#171703B603B601E4
(1779047610.530291) can0 0000E006#0CE00CE00CE00CE0
(1779047610.531285) can0 0000E007#0CE00CE00CE00CE0
(1779047610.532297) can0 0000E008#0CE00CE00CE00CE0
(1779047610.533298) can0 0000E009#0CE00CE00CE00CE0
(1779047610.534327) can0 0000E010#0000000000000000
(1779047610.535324) can0 0000E011#0000000000000000
(1779047610.536342) can0 0000E012#0CE0000000000000
(1779047610.537336) can0 0000F001#0000000000000000
(1779047610.538312) can0 18FF28F4#10330000020F0000
(1779047610.539299) can0 18FE28F4#0CE00CE03F3F0000
(1779047610.540298) can0 18FD28F4#16D2FA6F00000000
(1779047610.541234) can0 4D4#000033007D0F0203
(1779047610.542235) can0 4D5#E00CE00C3F3F0000
(1779047610.543305) can0 18914010#0CE0100CE0010000
(1779047610.544337) can0 18904010#020F020F753001FE
(1779047610.545299) can0 18FA28F4#E23DA12C10270000
(1779047610.546297) can0 18FB28F4#E00CE00C3F3F0000
(1779047610.547312) can0 18FC28F4#383300000F020000
(1779047610.548293) can0 18F810F3#0F02E80333640100
(1779047610.549325) can0 18F815F3#0000000010030000
(1779047610.550236) can0 273#000000000F023300
(1779047610.551236) can0 1E1#020F271001FE01FE
(1779047610.552280) can0 1F5#0000000000000000
(1779047610.553312) can0 0800A6A9#0000000000000000
(1779047610.554281) can0 1000A6A9#0F02881333494949
(1779047610.555307) can0 1C00A6A9#0000000000030000
(1779047610.556325) can0 02018100#1003020F00000000
(1779047610.557319) can0 02028100#0000003364000000
(1779047610.558298) can0 02038100#0CE001100CE00101
(1779047610.559300) can0 02048100#4901014901010000
(1779047610.560243) can0 1AD#9914000059331717
(1779047610.561237) can0 2AD#E00C800C99140016
(1779047610.562237) can0 3AD#0000000000009914
(1779047610.563237) can0 4AD#EB00000000000000
(1779047610.564238) can0 76A#7F00000000000000
(1779047610.643861) can0 0000E005#16D2420003B60591
(1779047610.644446) can0 1806E5F4#13EC010003B6023A
(1779047610.645323) can0 0000E000#13EC13EC020F0000
(1779047610.646291) can0 0000E004#171703B603B601E4
(1779047610.647304) can0 0000E006#0CE00CE00CE00CE0
(1779047610.648301) can0 0000E007#0CE00CE00CE00CE0
(1779047610.649298) can0 0000E008#0CE00CE00CE00CE0
(1779047610.650310) can0 0000E009#0CE00CE00CE00CE0
(1779047610.651330) can0 0000E010#0000000000000000
(1779047610.652324) can0 0000E011#0000000000000000
(1779047610.653323) can0 0000E012#0CE0000000000000
(1779047610.654291) can0 0000E013#4542323630354C43
(1779047610.655304) can0 0000E014#3134323300000000
(1779047610.656330) can0 0000E015#0000000000000003
(1779047610.657329) can0 0000F000#0000000000000000
(1779047610.658330) can0 0000F001#0000000000000000
(1779047610.659324) can0 18FF28F4#10330000020F0000
(1779047610.660302) can0 18FE28F4#0CE00CE03F3F0000
(1779047610.661304) can0 18FD28F4#16D2FA6F00000000
(1779047610.662247) can0 4D4#000033007D0F0203
(1779047610.663248) can0 4D5#E00CE00C3F3F0000
(1779047610.664302) can0 18914010#0CE0100CE0010000
(1779047610.665305) can0 18904010#020F020F753001FE
(1779047610.666319) can0 18924010#3F013F0100000000
(1779047610.667299) can0 18934010#0000002D0000BD42
(1779047610.668318) can0 18944010#1003000000000000
(1779047610.669331) can0 18954010#0000000000000000
(1779047610.670326) can0 18954010#0100000000000000
(1779047610.671325) can0 18954010#0200000000000000
(1779047610.672318) can0 18954010#0300000000000000
(1779047610.673319) can0 18954010#0400000000000000
(1779047610.674332) can0 18954010#0500000000000000
(1779047610.675312) can0 18964010#003F3F3F00000000
(1779047610.676326) can0 18974010#0000000000000000
(1779047610.677325) can0 18984010#0000000000000000
(1779047610.678287) can0 18FA28F4#E23DA12C10270000
(1779047610.679301) can0 18FB28F4#E00CE00C3F3F0000
(1779047610.680315) can0 18FC28F4#383300000F020000
(1779047610.681294) can0 18F810F3#0F02E80333640100
(1779047610.682327) can0 18F811F3#E00C1001E00C0101
(1779047610.683307) can0 18F812F3#3F01013F01010000
(1779047610.684326) can0 18F813F3#0101000000000000
(1779047610.685294) can0 18F814F3#3200BA1AA9015F00
(1779047610.686329) can0 18F815F3#0000000010030000
(1779047610.687251) can0 273#000000000F023300
(1779047610.688251) can0 1E1#020F271001FE01FE
(1779047610.689250) can0 1F5#0000000000000000
(1779047610.690340) can0 0800A6A9#0000000000000000
(1779047610.691289) can0 1000A6A9#0F02881333494949
(1779047610.692321) can0 1C00A6A9#0000000000030000
(1779047610.693333) can0 02018100#1003020F00000000
(1779047610.694315) can0 02028100#0000003364000000
(1779047610.695314) can0 02038100#0CE001100CE00101
(1779047610.696305) can0 02048100#4901014901010000
(1779047610.697189) can0 1AD#9914000059331717
(1779047610.698251) can0 2AD#E00C800C99140016
(1779047610.699252) can0 3AD#0000000000009914
(1779047610.700252) can0 4AD#EB00000000000000
(1779047610.701252) can0 76A#7F00000000000000
(1779047610.759864) can0 0000E005#16D2420003B60591
(1779047610.760455) can0 1806E5F4#13EC010003B6023A
(1779047610.761322) can0 0000E000#13EC13EC020F0000
(1779047610.762302) can0 0000E004#171703B603B601E4
(1779047610.763303) can0 0000E006#0CE00CE00CE00CE0
(1779047610.764303) can0 0000E007#0CE00CE00CE00CE0
(1779047610.765297) can0 0000E008#0CE00CE00CE00CE0
(1779047610.766297) can0 0000E009#0CE00CE00CE00CE0
(1779047610.767361) can0 0000E010#0000000000000000
(1779047610.768341) can0 0000E011#0000000000000000
(1779047610.769320) can0 0000E012#0CE0000000000000
(1779047610.770336) can0 0000F001#0000000000000000
(1779047610.771329) can0 18FF28F4#10330000020F0000
(1779047610.772298) can0 18FE28F4#0CE00CE03F3F0000
(1779047610.773310) can0 18FD28F4#16D2FA6F00000000
(1779047610.774260) can0 4D4#000033007D0F0203
(1779047610.775260) can0 4D5#E00CE00C3F3F0000
(1779047610.776298) can0 18914010#0CE0100CE0010000
(1779047610.777327) can0 18904010#020F020F753001FE
(1779047610.778303) can0 18FA28F4#E23DA12C10270000
(1779047610.779296) can0 18FB28F4#E00CE00C3F3F0000
(1779047610.780322) can0 18FC28F4#383300000F020000
(1779047610.781292) can0 18F810F3#0F02E80333640100
(1779047610.782338) can0 18F815F3#0000000010030000
(1779047610.783267) can0 273#000000000F023300
(1779047610.784261) can0 1E1#020F271001FE01FE
(1779047610.785261) can0 1F5#0000000000000000
(1779047610.786319) can0 0800A6A9#0000000000000000
(1779047610.787286) can0 1000A6A9#0F02881333494949
(1779047610.788315) can0 1C00A6A9#0000000000030000
(1779047610.789331) can0 02018100#1003020F00000000
(1779047610.790325) can0 02028100#0000003364000000
(1779047610.791357) can0 02038100#0CE001100CE00101
(1779047610.792300) can0 02048100#4901014901010000
(1779047610.793198) can0 1AD#9914000059331717
(1779047610.794262) can0 2AD#E00C800C99140016
(1779047610.795262) can0 3AD#0000000000009914
(1779047610.796262) can0 4AD#EB00000000000000
(1779047610.797269) can0 76A#7F00000000000000
(1779047610.859910) can0 0000E005#16D2420003B60591
(1779047610.860496) can0 1806E5F4#13EC010003B6023A
(1779047610.861323) can0 0000E000#13EC13EC020F0000
(1779047610.862323) can0 0000E004#171703B603B601E4
(1779047610.863307) can0 0000E006#0CE00CE00CE00CE0
(1779047610.864308) can0 0000E007#0CE00CE00CE00CE0
(1779047610.865300) can0 0000E008#0CE00CE00CE00CE0
(1779047610.866302) can0 0000E009#0CE00CE00CE00CE0
(1779047610.867334) can0 0000E010#0000000000000000
(1779047610.868378) can0 0000E011#0000000000000000
(1779047610.869328) can0 0000E012#0CE0000000000000
(1779047610.870341) can0 0000F001#0000000000000000
(1779047610.871321) can0 18FF28F4#10330000020F0000
(1779047610.872302) can0 18FE28F4#0CE00CE03F3F0000
(1779047610.873302) can0 18FD28F4#16D2FA6F00000000
(1779047610.874270) can0 4D4#000033007D0F0203
(1779047610.875271) can0 4D5#E00CE00C3F3F0000
(1779047610.876302) can0 18914010#0CE0100CE0010000
(1779047610.877309) can0 18904010#020F020F753001FE
(1779047610.878316) can0 18FA28F4#E23DA12C10270000
(1779047610.879309) can0 18FB28F4#E00CE00C3F3F0000
(1779047610.880309) can0 18FC28F4#383300000F020000
(1779047610.881291) can0 18F810F3#0F02E80333640100
(1779047610.882322) can0 18F815F3#0000000010030000
(1779047610.883272) can0 273#000000000F023300
(1779047610.884207) can0 1E1#020F271001FE01FE
(1779047610.885271) can0 1F5#0000000000000000
(1779047610.886316) can0 0800A6A9#0000000000000000
(1779047610.887285) can0 1000A6A9#0F02881333494949
(1779047610.888316) can0 1C00A6A9#0000000000030000
(1779047610.889326) can0 02018100#1003020F00000000
(1779047610.890324) can0 02028100#0000003364000000
(1779047610.891304) can0 02038100#0CE001100CE00101
(1779047610.892316) can0 02048100#4901014901010000
(1779047610.893194) can0 1AD#9914000059331717
(1779047610.894213) can0 2AD#E00C800C99140016
(1779047610.895273) can0 3AD#0000000000009914
(1779047610.896273) can0 4AD#EB00000000000000
(1779047610.897273) can0 76A#7F00000000000000
(1779047610.959859) can0 0000E005#16D2420003B60591
(1779047610.960451) can0 1806E5F4#13EC010003B6023A
(1779047610.961330) can0 0000E000#13EC13EC020F0000
(1779047610.962295) can0 0000E004#171703B603B601E4
(1779047610.963312) can0 0000E006#0CE00CE00CE00CE0
(1779047610.964312) can0 0000E007#0CE00CE00CE00CE0
(1779047610.965306) can0 0000E008#0CE00CE00CE00CE0
(1779047610.966306) can0 0000E009#0CE00CE00CE00CE0
(1779047610.967337) can0 0000E010#0000000000000000
(1779047610.968331) can0 0000E011#0000000000000000
(1779047610.969331) can0 0000E012#0CE0000000000000
(1779047610.970342) can0 0000F001#0000000000000000
(1779047610.971325) can0 18FF28F4#10330000020F0000
(1779047610.972306) can0 18FE28F4#0CE00CE03F3F0000
(1779047610.973306) can0 18FD28F4#16D2FA6F00000000
(1779047610.974217) can0 4D4#000033007D0F0203
(1779047610.975215) can0 4D5#E00CE00C3F3F0000
(1779047610.976313) can0 18914010#0CE0100CE0010000
(1779047610.977313) can0 18904010#020F020F753001FE
(1779047610.978313) can0 18FA28F4#E23DA12C10270000
(1779047610.979307) can0 18FB28F4#E00CE00C3F3F0000
(1779047610.980320) can0 18FC28F4#383300000F020000
(1779047610.981301) can0 18F810F3#0F02E80333640100
(1779047610.982343) can0 18F815F3#0000000010030000
(1779047610.983283) can0 273#000000000F023300
(1779047610.984224) can0 1E1#020F271001FE01FE
(1779047610.985282) can0 1F5#0000000000000000
(1779047610.986330) can0 0800A6A9#0000000000000000
(1779047610.987295) can0 1000A6A9#0F02881333494949
(1779047610.988327) can0 1C00A6A9#0000000000030000
(1779047610.989339) can0 02018100#1003020F00000000
(1779047610.990340) can0 02028100#0000003364000000
(1779047610.991321) can0 02038100#0CE001100CE00101
(1779047610.992314) can0 02048100#4901014901010000
(1779047610.993193) can0 1AD#9914000059331717
(1779047610.994204) can0 2AD#E00C800C99140016
(1779047610.995217) can0 3AD#0000000000009914
(1779047610.996283) can0 4AD#EB00000000000000
(1779047610.997290) can0 76A#7F00000000000000
(1779047611.059858) can0 0000E005#16D2420003B60591
(1779047611.060453) can0 1806E5F4#13EC010003B6023A
(1779047611.061335) can0 0000E000#13EC13EC020F0000
(1779047611.062320) can0 0000E004#171703B603B601E4
(1779047611.063309) can0 0000E006#0CE00CE00CE00CE0
(1779047611.064310) can0 0000E007#0CE00CE00CE00CE0
(1779047611.065304) can0 0000E008#0CE00CE00CE00CE0
(1779047611.066304) can0 0000E009#0CE00CE00CE00CE0
(1779047611.067360) can0 0000E010#0000000000000000
(1779047611.068335) can0 0000E011#0000000000000000
(1779047611.069332) can0 0000E012#0CE0000000000000
(1779047611.070343) can0 0000F001#0000000000000000
(1779047611.071322) can0 18FF28F4#10330000020F0000
(1779047611.072305) can0 18FE28F4#0CE00CE03F3F0000
(1779047611.073317) can0 18FD28F4#16D2FA6F00000000
(1779047611.074233) can0 4D4#000033007D0F0203
(1779047611.075292) can0 4D5#E00CE00C3F3F0000
(1779047611.076311) can0 18914010#0CE0100CE0010000
(1779047611.077324) can0 18904010#020F020F753001FE
(1779047611.078330) can0 18FA28F4#E23DA12C10270000
(1779047611.079301) can0 18FB28F4#E00CE00C3F3F0000
(1779047611.080331) can0 18FC28F4#383300000F020000
(1779047611.081292) can0 18F810F3#0F02E80333640100
(1779047611.082325) can0 18F815F3#0000000010030000
(1779047611.083293) can0 273#000000000F023300
(1779047611.084221) can0 1E1#020F271001FE01FE
(1779047611.085294) can0 1F5#0000000000000000
(1779047611.086325) can0 0800A6A9#0000000000000000
(1779047611.087293) can0 1000A6A9#0F02881333494949
(1779047611.088325) can0 1C00A6A9#0000000000030000
(1779047611.089338) can0 02018100#1003020F00000000
(1779047611.090338) can0 02028100#0000003364000000
(1779047611.091363) can0 02038100#0CE001100CE00101
(1779047611.092313) can0 02048100#4901014901010000
(1779047611.093210) can0 1AD#9914000059331717
(1779047611.094221) can0 2AD#E00C800C99140016
(1779047611.095229) can0 3AD#0000000000009914
(1779047611.096227) can0 4AD#EB00000000000000
(1779047611.097294) can0 76A#7F00000000000000
(1779047611.176866) can0 0000E005#16D2420003B60591
(1779047611.177458) can0 1806E5F4#13EC010003B6023A
(1779047611.178336) can0 0000E000#13EC13EC020F0000
(1779047611.179316) can0 0000E004#171703B603B601E4
(1779047611.180316) can0 0000E006#0CE00CE00CE00CDF
(1779047611.181311) can0 0000E007#0CE00CE00CE00CE0
(1779047611.182310) can0 0000E008#0CE00CE00CE00CE0
(1779047611.183303) can0 0000E009#0CE00CE00CE00CE0
(1779047611.184342) can0 0000E010#0000000000000000
(1779047611.185335) can0 0000E011#0000000000000000
(1779047611.186336) can0 0000E012#0CE0000100000000
(1779047611.187304) can0 0000E013#4542323630354C43
(1779047611.188329) can0 0000E014#3134323300000000
(1779047611.189342) can0 0000E015#0000000000000003
(1779047611.190343) can0 0000F000#0000000000000000
(1779047611.191342) can0 0000F001#0000000000000000
(1779047611.192336) can0 18FF28F4#10330000020F0000
(1779047611.193312) can0 18FE28F4#0CE00CDF3F3F0000
(1779047611.194317) can0 18FD28F4#16D2FA6F00000000
(1779047611.195227) can0 4D4#000033007D0F0203
(1779047611.196226) can0 4D5#DF0CE00C3F3F0000
(1779047611.197327) can0 18914010#0CE0100CDF040000
(1779047611.198329) can0 18904010#020F020F753001FE
(1779047611.199319) can0 18924010#3F013F0100000000
(1779047611.200318) can0 18934010#0000002E0000BD42
(1779047611.201330) can0 18944010#1003000000000000
(1779047611.202344) can0 18954010#0000000000000000
(1779047611.203343) can0 18954010#0100000000000000
(1779047611.204344) can0 18954010#0200000000000000
(1779047611.205336) can0 18954010#0300000000000000
(1779047611.206338) can0 18954010#0400000000000000
(1779047611.207331) can0 18954010#0500000000000000
(1779047611.208331) can0 18964010#003F3F3F00000000
(1779047611.209337) can0 18974010#0000000000000000
(1779047611.210339) can0 18984010#0000000000000000
(1779047611.211311) can0 18FA28F4#E23DA12C10270000
(1779047611.212316) can0 18FB28F4#E00CDF0C3F3F0000
(1779047611.213345) can0 18FC28F4#383300000F020000
(1779047611.214315) can0 18F810F3#0F02E80333640100
(1779047611.215320) can0 18F811F3#E00C1001DF0C0401
(1779047611.216320) can0 18F812F3#3F01013F01010000
(1779047611.217345) can0 18F813F3#0101000000000000
(1779047611.218307) can0 18F814F3#3200BA1AA9015F00
(1779047611.219339) can0 18F815F3#0000000010030000
(1779047611.220237) can0 273#000000000F023300
(1779047611.221307) can0 1E1#020F271001FE01FE
(1779047611.222312) can0 1F5#0000000000000000
(1779047611.223333) can0 0800A6A9#0000000000000000
(1779047611.224307) can0 1000A6A9#0F02881333494949
(1779047611.225326) can0 1C00A6A9#0000000000030000
(1779047611.226340) can0 02018100#1003020F00000000
(1779047611.227347) can0 02028100#0000003364000000
(1779047611.228348) can0 02038100#0CE001100CDF0104
(1779047611.229350) can0 02048100#4901014901010000
(1779047611.230202) can0 1AD#9914000059331717
(1779047611.231213) can0 2AD#E00C800C99140016
(1779047611.232242) can0 3AD#0000000000009914
(1779047611.233230) can0 4AD#EB00000000000000
(1779047611.234237) can0 76A#7F00000000000000
(1779047611.292908) can0 0000E005#16D2420003B60591
(1779047611.293500) can0 1806E5F4#13EC010003B6023A
(1779047611.294335) can0 0000E000#13EC13EC020F0000
(1779047611.295315) can0 0000E004#171703B603B601E4
(1779047611.296315) can0 0000E006#0CE00CE00CE00CDF
(1779047611.297316) can0 0000E007#0CE00CE00CE00CE0
(1779047611.298339) can0 0000E008#0CE00CE00CE00CE0
(1779047611.299316) can0 0000E009#0CE00CE00CE00CE0
(1779047611.300354) can0 0000E010#0000000000000000
(1779047611.301335) can0 0000E011#0000000000000000
(1779047611.302333) can0 0000E012#0CE0000100000000
(1779047611.303348) can0 0000F001#0000000000000000
(1779047611.304348) can0 18FF28F4#10330000020F0000
(1779047611.305317) can0 18FE28F4#0CE00CDF3F3F0000
(1779047611.306356) can0 18FD28F4#16D2FA6F00000000
(1779047611.307220) can0 4D4#000033007D0F0203
(1779047611.308219) can0 4D5#DF0CE00C3F3F0000
(1779047611.309317) can0 18914010#0CE0100CDF040000
(1779047611.310323) can0 18904010#020F020F753001FE
(1779047611.311317) can0 18FA28F4#E23DA12C10270000
(1779047611.312317) can0 18FB28F4#E00CDF0C3F3F0000
(1779047611.313323) can0 18FC28F4#383300000F020000
(1779047611.314335) can0 18F810F3#0F02E80333640100
(1779047611.315336) can0 18F815F3#0000000010030000
(1779047611.316235) can0 273#000000000F023300
(1779047611.317215) can0 1E1#020F271001FE01FE
(1779047611.318246) can0 1F5#0000000000000000
(1779047611.319331) can0 0800A6A9#0000000000000000
(1779047611.320318) can0 1000A6A9#0F02881333494949
(1779047611.321318) can0 1C00A6A9#0000000000030000
(1779047611.322379) can0 02018100#1003020F00000000
(1779047611.323331) can0 02028100#0000003364000000
(1779047611.324331) can0 02038100#0CE001100CDF0104
(1779047611.325325) can0 02048100#4901014901010000
(1779047611.326204) can0 1AD#9914000059331717
(1779047611.327222) can0 2AD#E00C800C99140016
(1779047611.328234) can0 3AD#0000000000009914
(1779047611.329247) can0 4AD#EB00000000000000
(1779047611.330241) can0 76A#7F00000000000000
(1779047611.401936) can0 0000E005#16D2420003B60591
(1779047611.402522) can0 1806E5F4#13EC010003B6023A
(1779047611.403333) can0 0000E000#13EC13EC020F0000
(1779047611.404327) can0 0000E004#171703B603B601E4
(1779047611.405329) can0 0000E006#0CE00CE00CE00CDF
(1779047611.406328) can0 0000E007#0CE00CE00CE00CE0
(1779047611.407327) can0 0000E008#0CE00CE00CE00CE0
(1779047611.408327) can0 0000E009#0CE00CE00CE00CE0
(1779047611.409346) can0 0000E010#0000000000000000
(1779047611.410346) can0 0000E011#0000000000000000
(1779047611.411328) can0 0000E012#0CE0000100000000
(1779047611.412340) can0 0000F001#0000000000000000
(1779047611.413340) can0 18FF28F4#10330000020F0000
(1779047611.414328) can0 18FE28F4#0CE00CDF3F3F0000
(1779047611.415328) can0 18FD28F4#16D2FA6F00000000
(1779047611.416231) can0 4D4#000033007D0F0203
(1779047611.417224) can0 4D5#DF0CE00C3F3F0000
(1779047611.418328) can0 18914010#0CE0100CDF040000
(1779047611.419329) can0 18904010#020F020F753001FE
(1779047611.420328) can0 18FA28F4#E23DA12C10270000
(1779047611.421329) can0 18FB28F4#E00CDF0C3F3F0000
(1779047611.422334) can0 18FC28F4#383300000F020000
(1779047611.423332) can0 18F810F3#0F02E80333640100
(1779047611.424342) can0 18F815F3#0000000010030000
(1779047611.425239) can0 273#000000000F023300
(1779047611.426219) can0 1E1#020F271001FE01FE
(1779047611.427243) can0 1F5#0000000000000000
(1779047611.428330) can0 0800A6A9#0000000000000000
(1779047611.429335) can0 1000A6A9#0F02881333494949
(1779047611.430333) can0 1C00A6A9#0000000000030000
(1779047611.431353) can0 02018100#1003020F00000000
(1779047611.432330) can0 02028100#0000003364000000
(1779047611.433330) can0 02038100#0CE001100CDF0104
(1779047611.434330) can0 02048100#4901014901010000
(1779047611.435208) can0 1AD#9914000059331717
(1779047611.436239) can0 2AD#E00C800C99140016
(1779047611.437232) can0 3AD#0000000000009914
(1779047611.438245) can0 4AD#EB00000000000000
(1779047611.439236) can0 76A#7F00000000000000
(1779047611.500871) can0 0000E005#16D2420003B60591
(1779047611.501461) can0 1806E5F4#13EC010003B6023A
(1779047611.502337) can0 0000E000#13EC13EC020F0000
(1779047611.503338) can0 0000E004#171703B603B601E4
(1779047611.504338) can0 0000E006#0CE00CE00CE00CE0
(1779047611.505337) can0 0000E007#0CE00CE00CE00CE0
(1779047611.506338) can0 0000E008#0CE00CE00CE00CE0
(1779047611.507338) can0 0000E009#0CE00CE00CE00CE0
(1779047611.508351) can0 0000E010#0000000000000000
(1779047611.509345) can0 0000E011#0000000000000000
(1779047611.510338) can0 0000E012#0CE0000000000000
(1779047611.511353) can0 0000F001#0000000000000000
(1779047611.512338) can0 18FF28F4#10330000020F0000
(1779047611.513338) can0 18FE28F4#0CE00CE03F3F0000
(1779047611.514341) can0 18FD28F4#16D2FA6F00000000
(1779047611.515223) can0 4D4#000033007D0F0203
(1779047611.516229) can0 4D5#E00CE00C3F3F0000
(1779047611.517339) can0 18914010#0CE0100CE0010000
(1779047611.518340) can0 18904010#020F020F753001FE
(1779047611.519339) can0 18FA28F4#E23DA12C10270000
(1779047611.520339) can0 18FB28F4#E00CE00C3F3F0000
(1779047611.521339) can0 18FC28F4#383300000F020000
(1779047611.522340) can0 18F810F3#0F02E80333640100
(1779047611.523348) can0 18F815F3#0000000010030000
(1779047611.524232) can0 273#000000000F023300
(1779047611.525229) can0 1E1#020F271001FE01FE
(1779047611.526261) can0 1F5#0000000000000000
(1779047611.527340) can0 0800A6A9#0000000000000000
(1779047611.528340) can0 1000A6A9#0F02881333494949
(1779047611.529353) can0 1C00A6A9#0000000000030000
(1779047611.530347) can0 02018100#1003020F00000000
(1779047611.531340) can0 02028100#0000003364000000
(1779047611.532340) can0 02038100#0CE001100CE00101
(1779047611.533340) can0 02048100#4901014901010000
(1779047611.534212) can0 1AD#9914000059331717
(1779047611.535224) can0 2AD#E00C800C99140016
(1779047611.536237) can0 3AD#0000000000009914
(1779047611.537282) can0 4AD#EB00000000000000
(1779047611.538251) can0 76A#7F00000000000000
(1779047611.600933) can0 0000E005#16D2420003B60591
(1779047611.601523) can0 1806E5F4#13EC010003B6023A
(1779047611.602349) can0 0000E000#13EC13EC020F0000
(1779047611.603348) can0 0000E004#171703B603B601E4
(1779047611.604348) can0 0000E006#0CE00CE00CE00CE0
(1779047611.605348) can0 0000E007#0CE00CE00CE00CE0
(1779047611.606349) can0 0000E008#0CE00CE00CE00CE0
(1779047611.607349) can0 0000E009#0CE00CE00CE00CE0
(1779047611.608356) can0 0000E010#0000000000000000
(1779047611.609348) can0 0000E011#0000000000000000
(1779047611.610349) can0 0000E012#0CE0000000000000
(1779047611.611349) can0 0000F001#0000000000000000
(1779047611.612349) can0 18FF28F4#10330000020F0000
(1779047611.613349) can0 18FE28F4#0CE00CE03F3F0000
(1779047611.614362) can0 18FD28F4#16D2FA6F00000000
(1779047611.615240) can0 4D4#000033007D0F0203
(1779047611.616239) can0 4D5#E00CE00C3F3F0000
(1779047611.617350) can0 18914010#0CE0100CE0010000
(1779047611.618350) can0 18904010#020F020F753001FE
(1779047611.619350) can0 18FA28F4#E23DA12C10270000
(1779047611.620350) can0 18FB28F4#E00CE00C3F3F0000
(1779047611.621350) can0 18FC28F4#383300000F020000
(1779047611.622363) can0 18F810F3#0F02E80333640100
(1779047611.623350) can0 18F815F3#0000000010030000
(1779047611.624233) can0 273#000000000F023300
(1779047611.625240) can0 1E1#020F271001FE01FE
(1779047611.626254) can0 1F5#0000000000000000
(1779047611.627351) can0 0800A6A9#0000000000000000
(1779047611.628351) can0 1000A6A9#0F02881333494949
(1779047611.629350) can0 1C00A6A9#0000000000030000
(1779047611.630390) can0 02018100#1003020F00000000
(1779047611.631351) can0 02028100#0000003364000000
(1779047611.632351) can0 02038100#0CE001100CE00101
(1779047611.633351) can0 02048100#4901014901010000
(1779047611.634204) can0 1AD#9914000059331717
(1779047611.635217) can0 2AD#E00C800C99140016
(1779047611.636240) can0 3AD#0000000000009914
(1779047611.637241) can0 4AD#EB00000000000000
(1779047611.638254) can0 76A#7F00000000000000
(1779047611.717919) can0 0000E005#16D2420003B60591
(1779047611.718509) can0 1806E5F4#13EC010003B6023A
(1779047611.719361) can0 0000E000#13EC13EC020F0000
(1779047611.720360) can0 0000E004#171703B603B601E4
(1779047611.721361) can0 0000E006#0CE00CE00CE00CE0
(1779047611.722361) can0 0000E007#0CE00CE00CE00CE0
(1779047611.723360) can0 0000E008#0CE00CE00CE00CE0
(1779047611.724360) can0 0000E009#0CE00CE00CE00CE0
(1779047611.725361) can0 0000E010#0000000000000000
(1779047611.726361) can0 0000E011#0000000000000000
(1779047611.727361) can0 0000E012#0CE0000000000000
(1779047611.728296) can0 0000E013#4542323630354C43
(1779047611.729361) can0 0000E014#3134323300000000
(1779047611.730362) can0 0000E015#0000000000000003
(1779047611.731361) can0 0000F000#0000000000000000
(1779047611.732361) can0 0000F001#0000000000000000
(1779047611.733362) can0 18FF28F4#10330000020F0000
(1779047611.734362) can0 18FE28F4#0CE00CE03F3F0000
(1779047611.735364) can0 18FD28F4#16D2FA6F00000000
(1779047611.736253) can0 4D4#000033007D0F0203
(1779047611.737233) can0 4D5#E00CE00C3F3F0000
(1779047611.738363) can0 18914010#0CE0100CE0010000
(1779047611.739362) can0 18904010#020F020F753001FE
(1779047611.740362) can0 18924010#3F013F0100000000
(1779047611.741363) can0 18934010#0000002F0000BD42
(1779047611.742363) can0 18944010#1003000000000000
(1779047611.743363) can0 18954010#0000000000000000
(1779047611.744363) can0 18954010#0100000000000000
(1779047611.745363) can0 18954010#0200000000000000
(1779047611.746363) can0 18954010#0300000000000000
(1779047611.747363) can0 18954010#0400000000000000
(1779047611.748363) can0 18954010#0500000000000000
(1779047611.749363) can0 18964010#003F3F3F00000000
(1779047611.750363) can0 18974010#0000000000000000
(1779047611.751364) can0 18984010#0000000000000000
(1779047611.752364) can0 18FA28F4#E23DA12C10270000
(1779047611.753364) can0 18FB28F4#E00CE00C3F3F0000
(1779047611.754364) can0 18FC28F4#383300000F020000
(1779047611.755305) can0 18F810F3#0F02E80333640100
(1779047611.756364) can0 18F811F3#E00C1001E00C0101
(1779047611.757364) can0 18F812F3#3F01013F01010000
(1779047611.758364) can0 18F813F3#0101000000000000
(1779047611.759364) can0 18F814F3#3200BA1AA9015F00
(1779047611.760377) can0 18F815F3#0000000010030000
(1779047611.761243) can0 273#000000000F023300
(1779047611.762230) can0 1E1#020F271001FE01FE
(1779047611.763248) can0 1F5#0000000000000000
(1779047611.764365) can0 0800A6A9#0000000000000000
(1779047611.765306) can0 1000A6A9#0F02881333494949
(1779047611.766365) can0 1C00A6A9#0000000000030000
(1779047611.767365) can0 02018100#1003020F00000000
(1779047611.768378) can0 02028100#0000003364000000
(1779047611.769365) can0 02038100#0CE001100CE00101
(1779047611.770366) can0 02048100#4901014901010000
(1779047611.771218) can0 1AD#9914000059331717
(1779047611.772230) can0 2AD#E00C800C99140016
(1779047611.773243) can0 3AD#0000000000009914
(1779047611.774239) can0 4AD#EB00000000000000
(1779047611.775244) can0 76A#7F00000000000000
(1779047611.833907) can0 0000E005#16D2420003B60591
(1779047611.834498) can0 1806E5F4#13EC010003B6023A
(1779047611.835373) can0 0000E000#13EC13EC020F0000
(1779047611.836372) can0 0000E004#171703B603B601E4
(1779047611.837373) can0 0000E006#0CE00CE00CE00CE0
(1779047611.838373) can0 0000E007#0CE00CE00CE00CE0
(1779047611.839373) can0 0000E008#0CE00CE00CE00CE0
(1779047611.840373) can0 0000E009#0CE00CE00CE00CE0
(1779047611.841373) can0 0000E010#0000000000000000
(1779047611.842374) can0 0000E011#0000000000000000
(1779047611.843373) can0 0000E012#0CE0000000000000
(1779047611.844373) can0 0000F001#0000000000000000
(1779047611.845380) can0 18FF28F4#10330000020F0000
(1779047611.846374) can0 18FE28F4#0CE00CE03F3F0000
(1779047611.847374) can0 18FD28F4#16D2FA6F00000000
(1779047611.848232) can0 4D4#000033007D0F0203
(1779047611.849231) can0 4D5#E00CE00C3F3F0000
(1779047611.850374) can0 18914010#0CE0100CE0010000
(1779047611.851374) can0 18904010#020F020F753001FE
(1779047611.852374) can0 18FA28F4#E23DA12C10270000
(1779047611.853375) can0 18FB28F4#E00CE00C3F3F0000
(1779047611.854375) can0 18FC28F4#383300000F020000
(1779047611.855312) can0 18F810F3#0F02E80333640100
(1779047611.856375) can0 18F815F3#0000000010030000
(1779047611.857240) can0 273#000000000F023300
(1779047611.858239) can0 1E1#020F271001FE01FE
(1779047611.859251) can0 1F5#0000000000000000
(1779047611.860376) can0 0800A6A9#0000000000000000
(1779047611.861315) can0 1000A6A9#0F02881333494949
(1779047611.862381) can0 1C00A6A9#0000000000030000
(1779047611.863378) can0 02018100#1003020F00000000
(1779047611.864376) can0 02028100#0000003364000000
(1779047611.865377) can0 02038100#0CE001100CE00101
(1779047611.866376) can0 02048100#4901014901010000
(1779047611.867209) can0 1AD#9914000059331717
(1779047611.868221) can0 2AD#E00C800C99140016
(1779047611.869234) can0 3AD#0000000000009914
(1779047611.870246) can0 4AD#EB00000000000000
(1779047611.871247) can0 76A#7F00000000000000
(1779047611.933885) can0 0000E005#16D2420003B60591
(1779047611.934475) can0 1806E5F4#13EC010003B6023A
(1779047611.935383) can0 0000E000#13EC13EC020F0000
(1779047611.936309) can0 0000E004#171703B603B601E4
(1779047611.937384) can0 0000E006#0CE00CE00CE00CE0
(1779047611.938319) can0 0000E007#0CE00CE00CE00CE0
(1779047611.939317) can0 0000E008#0CE00CE00CE00CE0
(1779047611.940315) can0 0000E009#0CE00CE00CE00CE0
(1779047611.941384) can0 0000E010#0000000000000000
(1779047611.942384) can0 0000E011#0000000000000000
(1779047611.943384) can0 0000E012#0CE0000000000000
(1779047611.944384) can0 0000F001#0000000000000000
(1779047611.945384) can0 18FF28F4#10330000020F0000
(1779047611.946320) can0 18FE28F4#0CE00CE03F3F0000
(1779047611.947317) can0 18FD28F4#16D2FA6F00000000
(1779047611.948232) can0 4D4#000033007D0F0203
(1779047611.949230) can0 4D5#E00CE00C3F3F0000
(1779047611.950326) can0 18914010#0CE0100CE0010000
(1779047611.951325) can0 18904010#020F020F753001FE
(1779047611.952316) can0 18FA28F4#E23DA12C10270000
(1779047611.953318) can0 18FB28F4#E00CE00C3F3F0000
(1779047611.954385) can0 18FC28F4#383300000F020000
(1779047611.955308) can0 18F810F3#0F02E80333640100
(1779047611.956385) can0 18F815F3#0000000010030000
(1779047611.957238) can0 273#000000000F023300
(1779047611.958238) can0 1E1#020F271001FE01FE
(1779047611.959269) can0 1F5#0000000000000000
(1779047611.960386) can0 0800A6A9#0000000000000000
(1779047611.961308) can0 1000A6A9#0F02881333494949
(1779047611.962386) can0 1C00A6A9#0000000000030000
(1779047611.963386) can0 02018100#1003020F00000000
(1779047611.964386) can0 02028100#0000003364000000
(1779047611.965386) can0 02038100#0CE001100CE00101
(1779047611.966322) can0 02048100#4901014901010000
(1779047611.967218) can0 1AD#9914000059331717
(1779047611.968230) can0 2AD#E00C800C99140016
(1779047611.969244) can0 3AD#0000000000009914
(1779047611.970256) can0 4AD#EB00000000000000
(1779047611.971257) can0 76A#7F00000000000000
(1779047612.033926) can0 0000E005#16D2420003B60591
(1779047612.034518) can0 1806E5F4#13EC010003B6023A
(1779047612.035394) can0 0000E000#13EC13EC020F0000
(1779047612.036323) can0 0000E004#171703B603B601E4
(1779047612.037321) can0 0000E006#0CE00CE00CE00CE0
(1779047612.038322) can0 0000E007#0CE00CE00CE00CE0
(1779047612.039315) can0 0000E008#0CE00CE00CE00CE0
(1779047612.040334) can0 0000E009#0CE00CE00CE00CE0
(1779047612.041394) can0 0000E010#0000000000000000
(1779047612.042394) can0 0000E011#0000000000000000
(1779047612.043394) can0 0000E012#0CE0000000000000
(1779047612.044395) can0 0000F001#0000000000000000
(1779047612.045395) can0 18FF28F4#10330000020F0000
(1779047612.046331) can0 18FE28F4#0CE00CE03F3F0000
(1779047612.047329) can0 18FD28F4#16D2FA6F00000000
(1779047612.048247) can0 4D4#000033007D0F0203
(1779047612.049247) can0 4D5#E00CE00C3F3F0000
(1779047612.050323) can0 18914010#0CE0100CE0010000
(1779047612.051336) can0 18904010#020F020F753001FE
(1779047612.052336) can0 18FA28F4#E23DA12C10270000
(1779047612.053318) can0 18FB28F4#E00CE00C3F3F0000
(1779047612.054396) can0 18FC28F4#383300000F020000
(1779047612.055325) can0 18F810F3#0F02E80333640100
(1779047612.056396) can0 18F815F3#0000000010030000
(1779047612.057249) can0 273#000000000F023300
(1779047612.058235) can0 1E1#020F271001FE01FE
(1779047612.059261) can0 1F5#0000000000000000
(1779047612.060396) can0 0800A6A9#0000000000000000
(1779047612.061305) can0 1000A6A9#0F02881333494949
(1779047612.062341) can0 1C00A6A9#0000000000030000
(1779047612.063401) can0 02018100#1003020F00000000
(1779047612.064400) can0 02028100#0000003364000000
(1779047612.065333) can0 02038100#0CE001100CE00101
(1779047612.066333) can0 02048100#4901014901010000
(1779047612.067217) can0 1AD#9914000059331717
(1779047612.068257) can0 2AD#E00C800C99140016
(1779047612.069255) can0 3AD#0000000000009914
(1779047612.070254) can0 4AD#EB00000000000000
(1779047612.071249) can0 76A#7F00000000000000
(1779047612.133908) can0 0000E005#16D2420003B60591
(1779047612.134503) can0 1806E5F4#13EC010003B6023A
(1779047612.135346) can0 0000E000#13EC13EC020F0000
(1779047612.136326) can0 0000E004#171703B603B601E4
(1779047612.137405) can0 0000E006#0CE00CE00CE00CE0
(1779047612.138334) can0 0000E007#0CE00CE00CE00CE0
(1779047612.139332) can0 0000E008#0CE00CE00CE00CE0
(1779047612.140328) can0 0000E009#0CE00CE00CE00CE0
(1779047612.141405) can0 0000E010#0000000000000000
(1779047612.142405) can0 0000E011#0000000000000000
(1779047612.143347) can0 0000E012#0CE0000000000000
(1779047612.144405) can0 0000F001#0000000000000000
(1779047612.145406) can0 18FF28F4#10330000020F0000
(1779047612.146336) can0 18FE28F4#0CE00CE03F3F0000
(1779047612.147334) can0 18FD28F4#16D2FA6F00000000
(1779047612.148251) can0 4D4#000033007D0F0203
(1779047612.149245) can0 4D5#E00CE00C3F3F0000
(1779047612.150328) can0 18914010#0CE0100CE0010000
(1779047612.151341) can0 18904010#020F020F753001FE
(1779047612.152321) can0 18FA28F4#E23DA12C10270000
(1779047612.153406) can0 18FB28F4#E00CE00C3F3F0000
(1779047612.154348) can0 18FC28F4#383300000F020000
(1779047612.155309) can0 18F810F3#0F02E80333640100
(1779047612.156406) can0 18F815F3#0000000010030000
(1779047612.157252) can0 273#000000000F023300
(1779047612.158232) can0 1E1#020F271001FE01FE
(1779047612.159265) can0 1F5#0000000000000000
(1779047612.160346) can0 0800A6A9#0000000000000000
(1779047612.161407) can0 1000A6A9#0F02881333494949
(1779047612.162349) can0 1C00A6A9#0000000000030000
(1779047612.163407) can0 02018100#1003020F00000000
(1779047612.164343) can0 02028100#0000003364000000
(1779047612.165331) can0 02038100#0CE001100CE00101
(1779047612.166336) can0 02048100#4901014901010000
(1779047612.167216) can0 1AD#9914000059331717
(1779047612.168228) can0 2AD#E00C800C99140016
(1779047612.169236) can0 3AD#0000000000009914
(1779047612.170254) can0 4AD#EB00000000000000
(1779047612.171253) can0 76A#7F00000000000000
(1779047612.250946) can0 0000E005#16D2420003B60591
(1779047612.251535) can0 1806E5F4#13EC010003B6023A
(1779047612.252347) can0 0000E000#13EC13EC020F0000
(1779047612.253326) can0 0000E004#171703B603B601E4
(1779047612.254326) can0 0000E006#0CE00CE00CDF0CE0
(1779047612.255322) can0 0000E007#0CE00CE00CE00CE0
(1779047612.256319) can0 0000E008#0CE00CE00CE00CE0
(1779047612.257320) can0 0000E009#0CE00CE00CE00CE0
(1779047612.258418) can0 0000E010#0000000000000000
(1779047612.259355) can0 0000E011#0000000000000000
(1779047612.260339) can0 0000E012#0CE0000100000000
(1779047612.261307) can0 0000E013#4542323630354C43
(1779047612.262332) can0 0000E014#3134323300000000
(1779047612.263352) can0 0000E015#0000000000000003
(1779047612.264418) can0 0000F000#0000000000000000
(1779047612.265354) can0 0000F001#0000000000000000
(1779047612.266357) can0 18FF28F4#10330000020F0000
(1779047612.267338) can0 18FE28F4#0CE00CDF3F3F0000
(1779047612.268334) can0 18FD28F4#16D2FA6F00000000
(1779047612.269251) can0 4D4#000033007D0F0203
(1779047612.270252) can0 4D5#DF0CE00C3F3F0000
(1779047612.271323) can0 18914010#0CE0100CDF030000
(1779047612.272340) can0 18904010#020F020F753001FE
(1779047612.273340) can0 18924010#3F013F0100000000
(1779047612.274335) can0 18934010#000000300000BD42
(1779047612.275353) can0 18944010#1003000000000000
(1779047612.276419) can0 18954010#0000000000000000
(1779047612.277362) can0 18954010#0100000000000000
(1779047612.278354) can0 18954010#0200000000000000
(1779047612.279355) can0 18954010#0300000000000000
(1779047612.280360) can0 18954010#0400000000000000
(1779047612.281352) can0 18954010#0500000000000000
(1779047612.282366) can0 18964010#003F3F3F00000000
(1779047612.283424) can0 18974010#0000000000000000
(1779047612.284349) can0 18984010#0000000000000000
(1779047612.285316) can0 18FA28F4#E23DA12C10270000
(1779047612.286330) can0 18FB28F4#E00CDF0C3F3F0000
(1779047612.287342) can0 18FC28F4#383300000F020000
(1779047612.288323) can0 18F810F3#0F02E80333640100
(1779047612.289336) can0 18F811F3#E00C1001DF0C0301
(1779047612.290349) can0 18F812F3#3F01013F01010000
(1779047612.291421) can0 18F813F3#0101000000000000
(1779047612.292318) can0 18F814F3#3200BA1AA9015F00
(1779047612.293349) can0 18F815F3#0000000010030000
(1779047612.294247) can0 273#000000000F023300
(1779047612.295241) can0 1E1#020F271001FE01FE
(1779047612.296273) can0 1F5#0000000000000000
(1779047612.297349) can0 0800A6A9#0000000000000000
(1779047612.298319) can0 1000A6A9#0F02881333494949
(1779047612.299422) can0 1C00A6A9#0000000000030000
(1779047612.300359) can0 02018100#1003020F00000000
(1779047612.301351) can0 02028100#0000003364000000
(1779047612.302338) can0 02038100#0CE001100CDF0103
(1779047612.303328) can0 02048100#4901014901010000
(1779047612.304217) can0 1AD#9914000059331717
(1779047612.305230) can0 2AD#E00C800C99140016
(1779047612.306249) can0 3AD#0000000000009914
(1779047612.307290) can0 4AD#EB00000000000000
(1779047612.308254) can0 76A#7F00000000000000
(1779047612.366889) can0 0000E005#16D2420003B60591
(1779047612.367480) can0 1806E5F4#13EC010003B6023A
(1779047612.368429) can0 0000E000#13EC13EC020F0000
(1779047612.369327) can0 0000E004#171703B603B601E4
(1779047612.370339) can0 0000E006#0CE00CE00CDF0CE0
(1779047612.371338) can0 0000E007#0CE00CE00CE00CE0
(1779047612.372327) can0 0000E008#0CE00CE00CE00CE0
(1779047612.373331) can0 0000E009#0CE00CE00CE00CE0
(1779047612.374364) can0 0000E010#0000000000000000
(1779047612.375357) can0 0000E011#0000000000000000
(1779047612.376430) can0 0000E012#0CE0000100000000
(1779047612.377372) can0 0000F001#0000000000000000
(1779047612.378352) can0 18FF28F4#10330000020F0000
(1779047612.379333) can0 18FE28F4#0CE00CDF3F3F0000
(1779047612.380326) can0 18FD28F4#16D2FA6F00000000
(1779047612.381244) can0 4D4#000033007D0F0203
(1779047612.382244) can0 4D5#DF0CE00C3F3F0000
(1779047612.383340) can0 18914010#0CE0100CDF030000
(1779047612.384431) can0 18904010#020F020F753001FE
(1779047612.385327) can0 18FA28F4#E23DA12C10270000
(1779047612.386329) can0 18FB28F4#E00CDF0C3F3F0000
(1779047612.387340) can0 18FC28F4#383300000F020000
(1779047612.388324) can0 18F810F3#0F02E80333640100
(1779047612.389353) can0 18F815F3#0000000010030000
(1779047612.390258) can0 273#000000000F023300
(1779047612.391253) can0 1E1#020F271001FE01FE
(1779047612.392315) can0 1F5#0000000000000000
(1779047612.393359) can0 0800A6A9#0000000000000000
(1779047612.394310) can0 1000A6A9#0F02881333494949
(1779047612.395340) can0 1C00A6A9#0000000000030000
(1779047612.396353) can0 02018100#1003020F00000000
(1779047612.397354) can0 02028100#0000003364000000
(1779047612.398348) can0 02038100#0CE001100CDF0103
(1779047612.399337) can0 02048100#4901014901010000
(1779047612.400228) can0 1AD#9914000059331717
(1779047612.401240) can0 2AD#E00C800C99140016
(1779047612.402253) can0 3AD#0000000000009914
(1779047612.403267) can0 4AD#EB00000000000000
(1779047612.404265) can0 76A#7F00000000000000
(1779047612.486917) can0 0000E005#16D2420003B60591
(1779047612.487495) can0 1806E5F4#13EC010003B6023A
(1779047612.488358) can0 0000E000#13EC13EC020F0000
(1779047612.489339) can0 0000E004#171703B603B601E4
(1779047612.490338) can0 0000E006#0CE00CE00CDF0CE0
(1779047612.491338) can0 0000E007#0CE00CE00CE00CE0
(1779047612.492332) can0 0000E008#0CE00CE00CE00CE0
(1779047612.493328) can0 0000E009#0CE00CE00CE00CE0
(1779047612.494364) can0 0000E010#0000000000000000
(1779047612.495357) can0 0000E011#0000000000000000
(1779047612.496357) can0 0000E012#0CE0000100000000
(1779047612.497370) can0 0000F001#0000000000000000
(1779047612.498352) can0 18FF28F4#10330000020F0000
(1779047612.499333) can0 18FE28F4#0CE00CDF3F3F0000
(1779047612.500332) can0 18FD28F4#16D2FA6F00000000
(1779047612.501242) can0 4D4#000033007D0F0203
(1779047612.502244) can0 4D5#DF0CE00C3F3F0000
(1779047612.503341) can0 18914010#0CE0100CDF030000
(1779047612.504339) can0 18904010#020F020F753001FE
(1779047612.505336) can0 18FA28F4#E23DA12C10270000
(1779047612.506353) can0 18FB28F4#E00CDF0C3F3F0000
(1779047612.507346) can0 18FC28F4#383300000F020000
(1779047612.508327) can0 18F810F3#0F02E80333640100
(1779047612.509359) can0 18F815F3#0000000010030000
(1779047612.510257) can0 273#000000000F023300
(1779047612.511238) can0 1E1#020F271001FE01FE
(1779047612.512269) can0 1F5#0000000000000000
(1779047612.513349) can0 0800A6A9#0000000000000000
(1779047612.514347) can0 1000A6A9#0F02881333494949
(1779047612.515347) can0 1C00A6A9#0000000000030000
(1779047612.516359) can0 02018100#1003020F00000000
(1779047612.517356) can0 02028100#0000003364000000
(1779047612.518354) can0 02038100#0CE001100CDF0103
(1779047612.519335) can0 02048100#4901014901010000
(1779047612.520235) can0 1AD#9914000059331717
(1779047612.521245) can0 2AD#E00C800C99140016
(1779047612.522291) can0 3AD#0000000000009914
(1779047612.523271) can0 4AD#EB00000000000000
(1779047612.524265) can0 76A#7F00000000000000
(1779047612.586889) can0 0000E005#16D2420003B60591
(1779047612.587497) can0 1806E5F4#13EC010003B6023A
(1779047612.588364) can0 0000E000#13EC13EC020F0000
(1779047612.589342) can0 0000E004#171703B603B601E4
(1779047612.590334) can0 0000E006#0CE00CE00CE00CE0
(1779047612.591355) can0 0000E007#0CE00CE00CE00CE0
(1779047612.592337) can0 0000E008#0CE00CE00CE00CE0
(1779047612.593336) can0 0000E009#0CE00CE00CE00CE0
(1779047612.594363) can0 0000E010#0000000000000000
(1779047612.595361) can0 0000E011#0000000000000000
(1779047612.596362) can0 0000E012#0CE0000000000000
(1779047612.597375) can0 0000F001#0000000000000000
(1779047612.598352) can0 18FF28F4#10330000020F0000
(1779047612.599370) can0 18FE28F4#0CE00CE03F3F0000
(1779047612.600346) can0 18FD28F4#16D2FA6F00000000
(1779047612.601252) can0 4D4#000033007D0F0203
(1779047612.602246) can0 4D5#E00CE00C3F3F0000
(1779047612.603345) can0 18914010#0CE0100CE0010000
(1779047612.604344) can0 18904010#020F020F753001FE
(1779047612.605338) can0 18FA28F4#E23DA12C10270000
(1779047612.606339) can0 18FB28F4#E00CE00C3F3F0000
(1779047612.607383) can0 18FC28F4#383300000F020000
(1779047612.608319) can0 18F810F3#0F02E80333640100
(1779047612.609363) can0 18F815F3#0000000010030000
(1779047612.610245) can0 273#000000000F023300
(1779047612.611243) can0 1E1#020F271001FE01FE
(1779047612.612276) can0 1F5#0000000000000000
(1779047612.613358) can0 0800A6A9#0000000000000000
(1779047612.614314) can0 1000A6A9#0F02881333494949
(1779047612.615395) can0 1C00A6A9#0000000000030000
(1779047612.616364) can0 02018100#1003020F00000000
(1779047612.617345) can0 02028100#0000003364000000
(1779047612.618339) can0 02038100#0CE001100CE00101
(1779047612.619339) can0 02048100#4901014901010000
(1779047612.620219) can0 1AD#9914000059331717
(1779047612.621231) can0 2AD#E00C800C99140016
(1779047612.622254) can0 3AD#0000000000009914
(1779047612.623257) can0 4AD#EB00000000000000
(1779047612.624269) can0 76A#7F00000000000000
(1779047612.686958) can0 0000E005#16D2420003B60591
(1779047612.687528) can0 1806E5F4#13EC010003B6023A
(1779047612.688360) can0 0000E000#13EC13EC020F0000
(1779047612.689340) can0 0000E004#171703B603B601E4
(1779047612.690336) can0 0000E006#0CE00CE00CE00CE0
(1779047612.691334) can0 0000E007#0CE00CE00CE00CE0
(1779047612.692380) can0 0000E008#0CE00CE00CE00CE0
(1779047612.693328) can0 0000E009#0CE00CE00CE00CE0
(1779047612.694379) can0 0000E010#0000000000000000
(1779047612.695353) can0 0000E011#0000000000000000
(1779047612.696353) can0 0000E012#0CE0000000000000
(1779047612.697373) can0 0000F001#0000000000000000
(1779047612.698354) can0 18FF28F4#10330000020F0000
(1779047612.699332) can0 18FE28F4#0CE00CE03F3F0000
(1779047612.700335) can0 18FD28F4#16D2FA6F00000000
(1779047612.701245) can0 4D4#000033007D0F0203
(1779047612.702247) can0 4D5#E00CE00C3F3F0000
(1779047612.703342) can0 18914010#0CE0100CE0010000
(1779047612.704342) can0 18904010#020F020F753001FE
(1779047612.705335) can0 18FA28F4#E23DA12C10270000
(1779047612.706336) can0 18FB28F4#E00CE00C3F3F0000
(1779047612.707349) can0 18FC28F4#383300000F020000
(1779047612.708329) can0 18F810F3#0F02E80333640100
(1779047612.709362) can0 18F815F3#0000000010030000
(1779047612.710256) can0 273#000000000F023300
(1779047612.711241) can0 1E1#020F271001FE01FE
(1779047612.712272) can0 1F5#0000000000000000
(1779047612.713349) can0 0800A6A9#0000000000000000
(1779047612.714318) can0 1000A6A9#0F02881333494949
(1779047612.715349) can0 1C00A6A9#0000000000030000
(1779047612.716363) can0 02018100#1003020F00000000
(1779047612.717363) can0 02028100#0000003364000000
(1779047612.718336) can0 02038100#0CE001100CE00101
(1779047612.719337) can0 02048100#4901014901010000
(1779047612.720235) can0 1AD#9914000059331717
(1779047612.721249) can0 2AD#E00C800C99140016
(1779047612.722257) can0 3AD#0000000000009914
(1779047612.723274) can0 4AD#EB00000000000000
(1779047612.724267) can0 76A#7F00000000000000
(1779047612.803943) can0 0000E005#16D2420003B60591
(1779047612.804530) can0 1806E5F4#13EC010003B6023A
(1779047612.805360) can0 0000E000#13EC13EC020F0000
(1779047612.806341) can0 0000E004#171703B603B601E4
(1779047612.807340) can0 0000E006#0CE00CE00CE00CE0
(1779047612.808336) can0 0000E007#0CE00CE00CE00CE0
(1779047612.809333) can0 0000E008#0CE00CE00CE00CE0
(1779047612.810334) can0 0000E009#0CE00CE00CE00CE0
(1779047612.811378) can0 0000E010#0000000000000000
(1779047612.812356) can0 0000E011#0000000000000000
(1779047612.813360) can0 0000E012#0CE0000000000000
(1779047612.814341) can0 0000E013#4542323630354C43
(1779047612.815354) can0 0000E014#3134323300000000
(1779047612.816367) can0 0000E015#0000000000000003
(1779047612.817366) can0 0000F000#0000000000000000
(1779047612.818367) can0 0000F001#0000000000000000
(1779047612.819360) can0 18FF28F4#10330000020F0000
(1779047612.820336) can0 18FE28F4#0CE00CE03F3F0000
(1779047612.821341) can0 18FD28F4#16D2FA6F00000000
(1779047612.822272) can0 4D4#000033007D0F0203
(1779047612.823253) can0 4D5#E00CE00C3F3F0000
(1779047612.824330) can0 18914010#0CE0100CE0010000
(1779047612.825348) can0 18904010#020F020F753001FE
(1779047612.826350) can0 18924010#3F013F0100000000
(1779047612.827342) can0 18934010#000000310000BD42
(1779047612.828356) can0 18944010#1003000000000000
(1779047612.829374) can0 18954010#0000000000000000
(1779047612.830400) can0 18954010#0100000000000000
(1779047612.831368) can0 18954010#0200000000000000
(1779047612.832361) can0 18954010#0300000000000000
(1779047612.833361) can0 18954010#0400000000000000
(1779047612.834363) can0 18954010#0500000000000000
(1779047612.835356) can0 18964010#003F3F3F00000000
(1779047612.836367) can0 18974010#0000000000000000
(1779047612.837369) can0 18984010#0000000000000000
(1779047612.838383) can0 18FA28F4#E23DA12C10270000
(1779047612.839343) can0 18FB28F4#E00CE00C3F3F0000
(1779047612.840356) can0 18FC28F4#383300000F020000
(1779047612.841319) can0 18F810F3#0F02E80333640100
(1779047612.842351) can0 18F811F3#E00C1001E00C0101
(1779047612.843350) can0 18F812F3#3F01013F01010000
(1779047612.844354) can0 18F813F3#0101000000000000
(1779047612.845337) can0 18F814F3#3200BA1AA9015F00
(1779047612.846420) can0 18F815F3#0000000010030000
(1779047612.847267) can0 273#000000000F023300
(1779047612.848246) can0 1E1#020F271001FE01FE
(1779047612.849275) can0 1F5#0000000000000000
(1779047612.850372) can0 0800A6A9#0000000000000000
(1779047612.851332) can0 1000A6A9#0F02881333494949
(1779047612.852362) can0 1C00A6A9#0000000000030000
(1779047612.853371) can0 02018100#1003020F00000000
(1779047612.854370) can0 02028100#0000003364000000
(1779047612.855354) can0 02038100#0CE001100CE00101
(1779047612.856352) can0 02048100#4901014901010000
(1779047612.857252) can0 1AD#9914000059331717
(1779047612.858244) can0 2AD#E00C800C99140016
(1779047612.859276) can0 3AD#0000000000009914
(1779047612.860269) can0 4AD#EB00000000000000
(1779047612.861270) can0 76A#7F00000000000000
(1779047612.919946) can0 0000E005#16D2420003B60591
(1779047612.920535) can0 1806E5F4#13EC010003B6023A
(1779047612.921366) can0 0000E000#13EC13EC020F0000
(1779047612.922346) can0 0000E004#171703B603B601E4
(1779047612.923390) can0 0000E006#0CE00CE00CE00CE0
(1779047612.924339) can0 0000E007#0CE00CE00CE00CE0
(1779047612.925333) can0 0000E008#0CE00CE00CE00CE0
(1779047612.926340) can0 0000E009#0CE00CE00CE00CE0
(1779047612.927384) can0 0000E010#0000000000000000
(1779047612.928365) can0 0000E011#0000000000000000
(1779047612.929355) can0 0000E012#0CE0000000000000
(1779047612.930379) can0 0000F001#0000000000000000
(1779047612.931359) can0 18FF28F4#10330000020F0000
(1779047612.932341) can0 18FE28F4#0CE00CE03F3F0000
(1779047612.933334) can0 18FD28F4#16D2FA6F00000000
(1779047612.934251) can0 4D4#000033007D0F0203
(1779047612.935252) can0 4D5#E00CE00C3F3F0000
(1779047612.936347) can0 18914010#0CE0100CE0010000
(1779047612.937341) can0 18904010#020F020F753001FE
(1779047612.938340) can0 18FA28F4#E23DA12C10270000
(1779047612.939341) can0 18FB28F4#E00CE00C3F3F0000
(1779047612.940353) can0 18FC28F4#383300000F020000
(1779047612.941331) can0 18F810F3#0F02E80333640100
(1779047612.942368) can0 18F815F3#0000000010030000
(1779047612.943265) can0 273#000000000F023300
(1779047612.944265) can0 1E1#020F271001FE01FE
(1779047612.945278) can0 1F5#0000000000000000
(1779047612.946374) can0 0800A6A9#0000000000000000
(1779047612.947335) can0 1000A6A9#0F02881333494949
(1779047612.948348) can0 1C00A6A9#0000000000030000
(1779047612.949357) can0 02018100#1003020F00000000
(1779047612.950361) can0 02028100#0000003364000000
(1779047612.951360) can0 02038100#0CE001100CE00101
(1779047612.952355) can0 02048100#4901014901010000
(1779047612.953236) can0 1AD#9914000059331717
(1779047612.954247) can0 2AD#E00C800C99140016
(1779047612.955266) can0 3AD#0000000000009914
(1779047612.956273) can0 4AD#EB00000000000000
(1779047612.957273) can0 76A#7F00000000000000
(1779047613.019906) can0 0000E005#16D2420003B60591
(1779047613.020502) can0 1806E5F4#13EC010003B6023A
(1779047613.021378) can0 0000E000#13EC13EC020F0000
(1779047613.022337) can0 0000E004#171703B603B601E4
(1779047613.023338) can0 0000E006#0CE00CE00CE00CE0
(1779047613.024338) can0 0000E007#0CE00CE00CE00CE0
(1779047613.025351) can0 0000E008#0CE00CE00CE00CE0
(1779047613.026341) can0 0000E009#0CE00CE00CE00CE0
(1779047613.027376) can0 0000E010#0000000000000000
(1779047613.028376) can0 0000E011#0000000000000000
(1779047613.029370) can0 0000E012#0CE0000000000000
(1779047613.030372) can0 0000F001#0000000000000000
(1779047613.031372) can0 18FF28F4#10330000020F0000
(1779047613.032351) can0 18FE28F4#0CE00CE03F3F0000
(1779047613.033345) can0 18FD28F4#16D2FA6F00000000
(1779047613.034261) can0 4D4#000033007D0F0203
(1779047613.035263) can0 4D5#E00CE00C3F3F0000
(1779047613.036339) can0 18914010#0CE0100CE0010000
(1779047613.037351) can0 18904010#020F020F753001FE
(1779047613.038331) can0 18FA28F4#E23DA12C10270000
(1779047613.039333) can0 18FB28F4#E00CE00C3F3F0000
(1779047613.040346) can0 18FC28F4#383300000F020000
(1779047613.041326) can0 18F810F3#0F02E80333640100
(1779047613.042378) can0 18F815F3#0000000010030000
(1779047613.043257) can0 273#000000000F023300
(1779047613.044257) can0 1E1#020F271001FE01FE
(1779047613.045302) can0 1F5#0000000000000000
(1779047613.046362) can0 0800A6A9#0000000000000000
(1779047613.047333) can0 1000A6A9#0F02881333494949
(1779047613.048360) can0 1C00A6A9#0000000000030000
(1779047613.049372) can0 02018100#1003020F00000000
(1779047613.050354) can0 02028100#0000003364000000
(1779047613.051353) can0 02038100#0CE001100CE00101
(1779047613.052348) can0 02048100#4901014901010000
(1779047613.053265) can0 1AD#9914000059331717
(1779047613.054245) can0 2AD#E00C800C99140016
(1779047613.055259) can0 3AD#0000000000009914
(1779047613.056271) can0 4AD#EB00000000000000
(1779047613.057264) can0 76A#7F00000000000000
(1779047613.119949) can0 0000E005#16D2420003B60591
(1779047613.120544) can0 1806E5F4#13EC010003B6023A
(1779047613.121369) can0 0000E000#13EC13EC020F0000
(1779047613.122350) can0 0000E004#171703B603B601E4
(1779047613.123345) can0 0000E006#0CE00CE00CE00CE0
(1779047613.124349) can0 0000E007#0CE00CE00CE00CE0
(1779047613.125343) can0 0000E008#0CE00CE00CE00CE0
(1779047613.126344) can0 0000E009#0CE00CE00CE00CE0
(1779047613.127376) can0 0000E010#0000000000000000
(1779047613.128368) can0 0000E011#0000000000000000
(1779047613.129369) can0 0000E012#0CE0000000000000
(1779047613.130402) can0 0000F001#0000000000000000
(1779047613.131362) can0 18FF28F4#10330000020F0000
(1779047613.132350) can0 18FE28F4#0CE00CE03F3F0000
(1779047613.133343) can0 18FD28F4#16D2FA6F00000000
(1779047613.134259) can0 4D4#000033007D0F0203
(1779047613.135254) can0 4D5#E00CE00C3F3F0000
(1779047613.136356) can0 18914010#0CE0100CE0010000
(1779047613.137355) can0 18904010#020F020F753001FE
(1779047613.138382) can0 18FA28F4#E23DA12C10270000
(1779047613.139350) can0 18FB28F4#E00CE00C3F3F0000
(1779047613.140363) can0 18FC28F4#383300000F020000
(1779047613.141324) can0 18F810F3#0F02E80333640100
(1779047613.142377) can0 18F815F3#0000000010030000
(1779047613.143257) can0 273#000000000F023300
(1779047613.144256) can0 1E1#020F271001FE01FE
(1779047613.145288) can0 1F5#0000000000000000
(1779047613.146416) can0 0800A6A9#0000000000000000
(1779047613.147324) can0 1000A6A9#0F02881333494949
(1779047613.148363) can0 1C00A6A9#0000000000030000
(1779047613.149376) can0 02018100#1003020F00000000
(1779047613.150357) can0 02028100#0000003364000000
(1779047613.151351) can0 02038100#0CE001100CE00101
(1779047613.152351) can0 02048100#4901014901010000
(1779047613.153230) can0 1AD#9914000059331717
(1779047613.154317) can0 2AD#E00C800C99140016
(1779047613.155273) can0 3AD#0000000000009914
(1779047613.156269) can0 4AD#EB00000000000000
(1779047613.157269) can0 76A#7F00000000000000
(1779047613.219947) can0 0000E005#16D2420003B60591
(1779047613.220531) can0 1806E5F4#13EC010003B6023A
(1779047613.221363) can0 0000E000#13EC13EC020F0000
(1779047613.222346) can0 0000E004#171703B603B601E4
(1779047613.223390) can0 0000E006#0CE00CE00CE00CE0
(1779047613.224340) can0 0000E007#0CE00CE00CE00CE0
(1779047613.225341) can0 0000E008#0CE00CE00CE00CE0
(1779047613.226341) can0 0000E009#0CE00CE00CE00CE0
(1779047613.227384) can0 0000E010#0000000000000000
(1779047613.228380) can0 0000E011#0000000000000000
(1779047613.229366) can0 0000E012#0CE0000000000000
(1779047613.230379) can0 0000F001#0000000000000000
(1779047613.231422) can0 18FF28F4#10330000020F0000
(1779047613.232351) can0 18FE28F4#0CE00CE03F3F0000
(1779047613.233353) can0 18FD28F4#16D2FA6F00000000
(1779047613.234271) can0 4D4#000033007D0F0203
(1779047613.235271) can0 4D5#E00CE00C3F3F0000
(1779047613.236347) can0 18914010#0CE0100CE0010000
(1779047613.237360) can0 18904010#020F020F753001FE
(1779047613.238341) can0 18FA28F4#E23DA12C10270000
(1779047613.239341) can0 18FB28F4#E00CE00C3F3F0000
(1779047613.240351) can0 18FC28F4#383300000F020000
(1779047613.241335) can0 18F810F3#0F02E80333640100
(1779047613.242368) can0 18F815F3#0000000010030000
(1779047613.243265) can0 273#000000000F023300
(1779047613.244260) can0 1E1#020F271001FE01FE
(1779047613.245279) can0 1F5#0000000000000000
(1779047613.246375) can0 0800A6A9#0000000000000000
(1779047613.247336) can0 1000A6A9#0F02881333494949
(1779047613.248367) can0 1C00A6A9#0000000000030000
(1779047613.249381) can0 02018100#1003020F00000000
(1779047613.250362) can0 02028100#0000003364000000
(1779047613.251361) can0 02038100#0CE001100CE00101
(1779047613.252352) can0 02048100#4901014901010000
(1779047613.253240) can0 1AD#9914000059331717
(1779047613.254254) can0 2AD#E00C800C99140016
(1779047613.255267) can0 3AD#0000000000009914
(1779047613.256275) can0 4AD#EB00000000000000
(1779047613.257273) can0 76A#7F00000000000000
(1779047613.336961) can0 0000E005#16D2420003B60591
(1779047613.337549) can0 1806E5F4#13EC010003B6023A
(1779047613.338378) can0 0000E000#13EC13EC020F0000
(1779047613.339339) can0 0000E004#171703B603B601E4
(1779047613.340340) can0 0000E006#0CE00CE00CE00CE0
(1779047613.341353) can0 0000E007#0CE00CE00CE00CE0
(1779047613.342347) can0 0000E008#0CE00CE00CE00CE0
(1779047613.343352) can0 0000E009#0CE00CE00CE00CE0
(1779047613.344378) can0 0000E010#0000000000000000
(1779047613.345397) can0 0000E011#0000000000000000
(1779047613.346375) can0 0000E012#0CE0000000000000
(1779047613.347327) can0 0000E013#4542323630354C43
(1779047613.348352) can0 0000E014#3134323300000000
(1779047613.349372) can0 0000E015#0000000000000003
(1779047613.350385) can0 0000F000#0000000000000000
(1779047613.351378) can0 0000F001#0000000000000000
(1779047613.352379) can0 18FF28F4#10330000020F0000
(1779047613.353378) can0 18FE28F4#0CE00CE03F3F0000
(1779047613.354360) can0 18FD28F4#16D2FA6F00000000
(1779047613.355271) can0 4D4#000033007D0F0203
(1779047613.356271) can0 4D5#E00CE00C3F3F0000
(1779047613.357349) can0 18914010#0CE0100CE0010000
(1779047613.358367) can0 18904010#020F020F753001FE
(1779047613.359361) can0 18924010#3F013F0100000000
(1779047613.360361) can0 18934010#000000320000BD42
(1779047613.361392) can0 18944010#1003000000000000
(1779047613.362386) can0 18954010#0000000000000000
(1779047613.363386) can0 18954010#0100000000000000
(1779047613.364386) can0 18954010#0200000000000000
(1779047613.365379) can0 18954010#0300000000000000
(1779047613.366380) can0 18954010#0400000000000000
(1779047613.367374) can0 18954010#0500000000000000
(1779047613.368375) can0 18964010#003F3F3F00000000
(1779047613.369410) can0 18974010#0000000000000000
(1779047613.370368) can0 18984010#0000000000000000
(1779047613.371348) can0 18FA28F4#E23DA12C10270000
(1779047613.372342) can0 18FB28F4#E00CE00C3F3F0000
(1779047613.373368) can0 18FC28F4#383300000F020000
(1779047613.374337) can0 18F810F3#0F02E80333640100
(1779047613.375362) can0 18F811F3#E00C1001E00C0101
(1779047613.376362) can0 18F812F3#3F01013F01010000
(1779047613.377417) can0 18F813F3#0101000000000000
(1779047613.378356) can0 18F814F3#3200BA1AA9015F00
(1779047613.379369) can0 18F815F3#0000000010030000
(1779047613.380267) can0 273#000000000F023300
(1779047613.381260) can0 1E1#020F271001FE01FE
(1779047613.382292) can0 1F5#0000000000000000
(1779047613.383369) can0 0800A6A9#0000000000000000
(1779047613.384337) can0 1000A6A9#0F02881333494949
(1779047613.385414) can0 1C00A6A9#0000000000030000
(1779047613.386376) can0 02018100#1003020F00000000
(1779047613.387375) can0 02028100#0000003364000000
(1779047613.388356) can0 02038100#0CE001100CE00101
(1779047613.389351) can0 02048100#4901014901010000
(1779047613.390242) can0 1AD#9914000059331717
(1779047613.391256) can0 2AD#E00C800C99140016
(1779047613.392268) can0 3AD#0000000000009914
(1779047613.393274) can0 4AD#EB00000000000000
(1779047613.394281) can0 76A#7F00000000000000
(1779047613.452916) can0 0000E005#16D2420003B60591
(1779047613.453547) can0 1806E5F4#13EC010003B6023A
(1779047613.454424) can0 0000E000#13EC13EC020F0000
(1779047613.455358) can0 0000E004#171703B603B601E4
(1779047613.456364) can0 0000E006#0CE00CE00CE00CE0
(1779047613.457355) can0 0000E007#0CE00CE00CE00CE0
(1779047613.458345) can0 0000E008#0CE00CE00CE00CE0
(1779047613.459352) can0 0000E009#0CE00CE00CE00CE0
(1779047613.460377) can0 0000E010#0000000000000000
(1779047613.461377) can0 0000E011#0000000000000000
(1779047613.462419) can0 0000E012#0CE0000000000000
(1779047613.463390) can0 0000F001#0000000000000000
(1779047613.464372) can0 18FF28F4#10330000020F0000
(1779047613.465353) can0 18FE28F4#0CE00CE03F3F0000
(1779047613.466353) can0 18FD28F4#16D2FA6F00000000
(1779047613.467263) can0 4D4#000033007D0F0203
(1779047613.468264) can0 4D5#E00CE00C3F3F0000
(1779047613.469359) can0 18914010#0CE0100CE0010000
(1779047613.470353) can0 18904010#020F020F753001FE
(1779047613.471353) can0 18FA28F4#E23DA12C10270000
(1779047613.472353) can0 18FB28F4#E00CE00C3F3F0000
(1779047613.473366) can0 18FC28F4#383300000F020000
(1779047613.474344) can0 18F810F3#0F02E80333640100
(1779047613.475379) can0 18F815F3#0000000010030000
(1779047613.476277) can0 273#000000000F023300
(1779047613.477258) can0 1E1#020F271001FE01FE
(1779047613.478290) can0 1F5#0000000000000000
(1779047613.479367) can0 0800A6A9#0000000000000000
(1779047613.480335) can0 1000A6A9#0F02881333494949
(1779047613.481359) can0 1C00A6A9#0000000000030000
(1779047613.482376) can0 02018100#1003020F00000000
(1779047613.483372) can0 02028100#0000003364000000
(1779047613.484354) can0 02038100#0CE001100CE00101
(1779047613.485348) can0 02048100#4901014901010000
(1779047613.486244) can0 1AD#9914000059331717
(1779047613.487260) can0 2AD#E00C800C99140016
(1779047613.488272) can0 3AD#0000000000009914
(1779047613.489285) can0 4AD#EB00000000000000
(1779047613.490285) can0 76A#7F00000000000000
(1779047613.552923) can0 0000E005#16D2420003B60591
(1779047613.553500) can0 1806E5F4#13EC010003B6023A
(1779047613.554371) can0 0000E000#13EC13EC020F0000
(1779047613.555347) can0 0000E004#171703B603B601E4
(1779047613.556350) can0 0000E006#0CE00CE00CE00CE0
(1779047613.557343) can0 0000E007#0CE00CE00CE00CE0
(1779047613.558344) can0 0000E008#0CE00CE00CE00CE0
(1779047613.559355) can0 0000E009#0CE00CE00CE00CE0
(1779047613.560389) can0 0000E010#0000000000000000
(1779047613.561382) can0 0000E011#0000000000000000
(1779047613.562364) can0 0000E012#0CE0000000000000
(1779047613.563383) can0 0000F001#0000000000000000
(1779047613.564376) can0 18FF28F4#10330000020F0000
(1779047613.565357) can0 18FE28F4#0CE00CE03F3F0000
(1779047613.566357) can0 18FD28F4#16D2FA6F00000000
(1779047613.567273) can0 4D4#000033007D0F0203
(1779047613.568275) can0 4D5#E00CE00C3F3F0000
(1779047613.569351) can0 18914010#0CE0100CE0010000
(1779047613.570364) can0 18904010#020F020F753001FE
(1779047613.571355) can0 18FA28F4#E23DA12C10270000
(1779047613.572345) can0 18FB28F4#E00CE00C3F3F0000
(1779047613.573376) can0 18FC28F4#383300000F020000
(1779047613.574338) can0 18F810F3#0F02E80333640100
(1779047613.575383) can0 18F815F3#0000000010030000
(1779047613.576288) can0 273#000000000F023300
(1779047613.577269) can0 1E1#020F271001FE01FE
(1779047613.578294) can0 1F5#0000000000000000
(1779047613.579372) can0 0800A6A9#0000000000000000
(1779047613.580339) can0 1000A6A9#0F02881333494949
(1779047613.581371) can0 1C00A6A9#0000000000030000
(1779047613.582384) can0 02018100#1003020F00000000
(1779047613.583362) can0 02028100#0000003364000000
(1779047613.584377) can0 02038100#0CE001100CE00101
(1779047613.585358) can0 02048100#4901014901010000
(1779047613.586244) can0 1AD#9914000059331717
(1779047613.587257) can0 2AD#E00C800C99140016
(1779047613.588264) can0 3AD#0000000000009914
(1779047613.589276) can0 4AD#EB00000000000000
(1779047613.590277) can0 76A#7F00000000000000
(1779047613.652961) can0 0000E005#16D2420003B60591
(1779047613.653569) can0 1806E5F4#13EC010003B6023A
(1779047613.654369) can0 0000E000#13EC13EC020F0000
(1779047613.655348) can0 0000E004#171703B603B601E4
(1779047613.656348) can0 0000E006#0CE00CE00CE00CE0
(1779047613.657348) can0 0000E007#0CE00CE00CE00CE0
(1779047613.658361) can0 0000E008#0CE00CE00CE00CE0
(1779047613.659361) can0 0000E009#0CE00CE00CE00CE0
(1779047613.660387) can0 0000E010#0000000000000000
(1779047613.661399) can0 0000E011#0000000000000000
(1779047613.662387) can0 0000E012#0CE0000000000000
(1779047613.663381) can0 0000F001#0000000000000000
(1779047613.664373) can0 18FF28F4#10330000020F0000
(1779047613.665361) can0 18FE28F4#0CE00CE03F3F0000
(1779047613.666362) can0 18FD28F4#16D2FA6F00000000
(1779047613.667279) can0 4D4#000033007D0F0203
(1779047613.668271) can0 4D5#E00CE00C3F3F0000
(1779047613.669387) can0 18914010#0CE0100CE0010000
(1779047613.670368) can0 18904010#020F020F753001FE
(1779047613.671350) can0 18FA28F4#E23DA12C10270000
(1779047613.672349) can0 18FB28F4#E00CE00C3F3F0000
(1779047613.673375) can0 18FC28F4#383300000F020000
(1779047613.674344) can0 18F810F3#0F02E80333640100
(1779047613.675387) can0 18F815F3#0000000010030000
(1779047613.676268) can0 273#000000000F023300
(1779047613.677306) can0 1E1#020F271001FE01FE
(1779047613.678299) can0 1F5#0000000000000000
(1779047613.679382) can0 0800A6A9#0000000000000000
(1779047613.680343) can0 1000A6A9#0F02881333494949
(1779047613.681375) can0 1C00A6A9#0000000000030000
(1779047613.682389) can0 02018100#1003020F00000000
(1779047613.683370) can0 02028100#0000003364000000
(1779047613.684369) can0 02038100#0CE001100CE00101
(1779047613.685415) can0 02048100#4901014901010000
(1779047613.686250) can0 1AD#9914000059331717
(1779047613.687262) can0 2AD#E00C800C99140016
(1779047613.688269) can0 3AD#0000000000009914
(1779047613.689288) can0 4AD#EB00000000000000
(1779047613.690281) can0 76A#7F00000000000000
(1779047613.752927) can0 0000E005#16D2420003B60591
(1779047613.753509) can0 1806E5F4#13EC010003B6023A
(1779047613.754428) can0 0000E000#13EC13EC020F0000
(1779047613.755358) can0 0000E004#171703B603B601E4
(1779047613.756358) can0 0000E006#0CE00CE00CE00CE0
(1779047613.757352) can0 0000E007#0CE00CE00CE00CE0
(1779047613.758356) can0 0000E008#0CE00CE00CE00CE0
(1779047613.759354) can0 0000E009#0CE00CE00CE00CE0
(1779047613.760397) can0 0000E010#0000000000000000
(1779047613.761391) can0 0000E011#0000000000000000
(1779047613.762423) can0 0000E012#0CE0000000000000
(1779047613.763392) can0 0000F001#0000000000000000
(1779047613.764384) can0 18FF28F4#10330000020F0000
(1779047613.765352) can0 18FE28F4#0CE00CE03F3F0000
(1779047613.766367) can0 18FD28F4#16D2FA6F00000000
(1779047613.767283) can0 4D4#000033007D0F0203
(1779047613.768264) can0 4D5#E00CE00C3F3F0000
(1779047613.769359) can0 18914010#0CE0100CE0010000
(1779047613.770360) can0 18904010#020F020F753001FE
(1779047613.771354) can0 18FA28F4#E23DA12C10270000
(1779047613.772354) can0 18FB28F4#E00CE00C3F3F0000
(1779047613.773362) can0 18FC28F4#383300000F020000
(1779047613.774348) can0 18F810F3#0F02E80333640100
(1779047613.775379) can0 18F815F3#0000000010030000
(1779047613.776278) can0 273#000000000F023300
(1779047613.777275) can0 1E1#020F271001FE01FE
(1779047613.778290) can0 1F5#0000000000000000
(1779047613.779386) can0 0800A6A9#0000000000000000
(1779047613.780347) can0 1000A6A9#0F02881333494949
(1779047613.781379) can0 1C00A6A9#0000000000030000
(1779047613.782393) can0 02018100#1003020F00000000
(1779047613.783373) can0 02028100#0000003364000000
(1779047613.784373) can0 02038100#0CE001100CE00101
(1779047613.785362) can0 02048100#4901014901010000
(1779047613.786253) can0 1AD#9914000059331717
(1779047613.787266) can0 2AD#E00C800C99140016
(1779047613.788278) can0 3AD#0000000000009914
(1779047613.789285) can0 4AD#EB00000000000000
(1779047613.790286) can0 76A#7F00000000000000
(1779047613.869921) can0 0000E005#16D2420003B60591
(1779047613.870499) can0 1806E5F4#13EC010003B6023A
(1779047613.871383) can0 0000E000#13EC13EC020F0000
(1779047613.872364) can0 0000E004#171703B603B601E4
(1779047613.873363) can0 0000E006#0CE00CE00CE00CE0
(1779047613.874364) can0 0000E007#0CE00CE00CE00CE0
(1779047613.875357) can0 0000E008#0CE00CE00CE00CE0
(1779047613.876370) can0 0000E009#0CE00CE00CE00CE0
(1779047613.877384) can0 0000E010#0000000000000000
(1779047613.878384) can0 0000E011#0000000000000000
(1779047613.879378) can0 0000E012#0CE0000000000000
(1779047613.880351) can0 0000E013#4542323630354C43
(1779047613.881364) can0 0000E014#3134323300000000
(1779047613.882396) can0 0000E015#0000000000000003
(1779047613.883391) can0 0000F000#0000000000000000
(1779047613.884403) can0 0000F001#0000000000000000
(1779047613.885385) can0 18FF28F4#10330000020F0000
(1779047613.886371) can0 18FE28F4#0CE00CE03F3F0000
(1779047613.887359) can0 18FD28F4#16D2FA6F00000000
(1779047613.888284) can0 4D4#000033007D0F0203
(1779047613.889264) can0 4D5#E00CE00C3F3F0000
(1779047613.890359) can0 18914010#0CE0100CE0010000
(1779047613.891372) can0 18904010#020F020F753001FE
(1779047613.892385) can0 18924010#3F013F0100000000
(1779047613.893352) can0 18934010#000000330000BD42
(1779047613.894366) can0 18944010#1003000000000000
(1779047613.895400) can0 18954010#0000000000000000
(1779047613.896405) can0 18954010#0100000000000000
(1779047613.897398) can0 18954010#0200000000000000
(1779047613.898393) can0 18954010#0300000000000000
(1779047613.899383) can0 18954010#0400000000000000
(1779047613.900419) can0 18954010#0500000000000000
(1779047613.901380) can0 18964010#003F3F3F00000000
(1779047613.902380) can0 18974010#0000000000000000
(1779047613.903372) can0 18984010#0000000000000000
(1779047613.904353) can0 18FA28F4#E23DA12C10270000
(1779047613.905355) can0 18FB28F4#E00CE00C3F3F0000
(1779047613.906367) can0 18FC28F4#383300000F020000
(1779047613.907348) can0 18F810F3#0F02E80333640100
(1779047613.908405) can0 18F811F3#E00C1001E00C0101
(1779047613.909374) can0 18F812F3#3F01013F01010000
(1779047613.910387) can0 18F813F3#0101000000000000
(1779047613.911345) can0 18F814F3#3200BA1AA9015F00
(1779047613.912386) can0 18F815F3#0000000010030000
(1779047613.913279) can0 273#000000000F023300
(1779047613.914274) can0 1E1#020F271001FE01FE
(1779047613.915298) can0 1F5#0000000000000000
(1779047613.916432) can0 0800A6A9#0000000000000000
(1779047613.917348) can0 1000A6A9#0F02881333494949
(1779047613.918375) can0 1C00A6A9#0000000000030000
(1779047613.919393) can0 02018100#1003020F00000000
(1779047613.920375) can0 02028100#0000003364000000
(1779047613.921368) can0 02038100#0CE001100CE00101
(1779047613.922368) can0 02048100#4901014901010000
(1779047613.923247) can0 1AD#9914000059331717
(1779047613.924267) can0 2AD#E00C800C99140016
(1779047613.925279) can0 3AD#0000000000009914
(1779047613.926300) can0 4AD#EB00000000000000
(1779047613.927294) can0 76A#7F00000000000000
(1779047613.985913) can0 0000E005#16D2420003B60591
(1779047613.986504) can0 1806E5F4#13EC010003B6023A
(1779047613.987388) can0 0000E000#13EC13EC020F0000
(1779047613.988350) can0 0000E004#171703B603B601E4
(1779047613.989350) can0 0000E006#0CE00CE00CE00CE0
(1779047613.990363) can0 0000E007#0CE00CE00CE00CE0
(1779047613.991362) can0 0000E008#0CE00CE00CE00CE0
(1779047613.992357) can0 0000E009#0CE00CE00CE00CE0
(1779047613.993439) can0 0000E010#0000000000000000
(1779047613.994389) can0 0000E011#0000000000000000
(1779047613.995383) can0 0000E012#0CE0000000000000
(1779047613.996402) can0 0000F001#0000000000000000
(1779047613.997382) can0 18FF28F4#10330000020F0000
(1779047613.998365) can0 18FE28F4#0CE00CE03F3F0000
(1779047613.999358) can0 18FD28F4#16D2FA6F00000000
(1779047614.000275) can0 4D4#000033007D0F0203
(1779047614.001282) can0 4D5#E00CE00C3F3F0000
(1779047614.002372) can0 18914010#0CE0100CE0010000
(1779047614.003363) can0 18904010#020F020F753001FE
(1779047614.004364) can0 18FA28F4#E23DA12C10270000
(1779047614.005364) can0 18FB28F4#E00CE00C3F3F0000
(1779047614.006377) can0 18FC28F4#383300000F020000
(1779047614.007353) can0 18F810F3#0F02E80333640100
(1779047614.008390) can0 18F815F3#0000000010030000
(1779047614.009289) can0 273#000000000F023300
(1779047614.010270) can0 1E1#020F271001FE01FE
(1779047614.011302) can0 1F5#0000000000000000
(1779047614.012378) can0 0800A6A9#0000000000000000
(1779047614.013345) can0 1000A6A9#0F02881333494949
(1779047614.014372) can0 1C00A6A9#0000000000030000
(1779047614.015387) can0 02018100#1003020F00000000
(1779047614.016385) can0 02028100#0000003364000000
(1779047614.017367) can0 02038100#0CE001100CE00101
(1779047614.018360) can0 02048100#4901014901010000
(1779047614.019240) can0 1AD#9914000059331717
(1779047614.020258) can0 2AD#E00C800C99140016
(1779047614.021290) can0 3AD#0000000000009914
(1779047614.022308) can0 4AD#EB00000000000000
(1779047614.023297) can0 76A#7F00000000000000
(1779047614.085967) can0 0000E005#16D2420003B60591
(1779047614.086553) can0 1806E5F4#13EC010003B6023A
(1779047614.087392) can0 0000E000#13EC13EC020F0000
(1779047614.088356) can0 0000E004#171703B603B601E4
(1779047614.089354) can0 0000E006#0CE00CE00CE00CE0
(1779047614.090355) can0 0000E007#0CE00CE00CE00CE0
(1779047614.091367) can0 0000E008#0CE00CE00CE00CE0
(1779047614.092356) can0 0000E009#0CE00CE00CE00CE0
(1779047614.093393) can0 0000E010#0000000000000000
(1779047614.094394) can0 0000E011#0000000000000000
(1779047614.095393) can0 0000E012#0CE0000000000000
(1779047614.096409) can0 0000F001#0000000000000000
(1779047614.097392) can0 18FF28F4#10330000020F0000
(1779047614.098376) can0 18FE28F4#0CE00CE03F3F0000
(1779047614.099362) can0 18FD28F4#16D2FA6F00000000
(1779047614.100275) can0 4D4#000033007D0F0203
(1779047614.101281) can0 4D5#E00CE00C3F3F0000
(1779047614.102357) can0 18914010#0CE0100CE0010000
(1779047614.103375) can0 18904010#020F020F753001FE
(1779047614.104357) can0 18FA28F4#E23DA12C10270000
(1779047614.105375) can0 18FB28F4#E00CE00C3F3F0000
(1779047614.106383) can0 18FC28F4#383300000F020000
(1779047614.107363) can0 18F810F3#0F02E80333640100
(1779047614.108395) can0 18F815F3#0000000010030000
(1779047614.109281) can0 273#000000000F023300
(1779047614.110273) can0 1E1#020F271001FE01FE
(1779047614.111307) can0 1F5#0000000000000000
(1779047614.112383) can0 0800A6A9#0000000000000000
(1779047614.113351) can0 1000A6A9#0F02881333494949
(1779047614.114389) can0 1C00A6A9#0000000000030000
(1779047614.115414) can0 02018100#1003020F00000000
(1779047614.116375) can0 02028100#0000003364000000
(1779047614.117371) can0 02038100#0CE001100CE00101
(1779047614.118371) can0 02048100#4901014901010000
(1779047614.119251) can0 1AD#9914000059331717
(1779047614.120269) can0 2AD#E00C800C99140016
(1779047614.121281) can0 3AD#0000000000009914
(1779047614.122288) can0 4AD#EB00000000000000
(1779047614.123320) can0 76A#7F00000000000000
(1779047614.185933) can0 0000E005#16D2420003B60591
(1779047614.186519) can0 1806E5F4#13EC010003B6023A
(1779047614.187384) can0 0000E000#13EC13EC020F0000
(1779047614.188365) can0 0000E004#171703B603B601E4
(1779047614.189365) can0 0000E006#0CE00CE00CE00CE0
(1779047614.190366) can0 0000E007#0CE00CE00CE00CE0
(1779047614.191359) can0 0000E008#0CE00CE00CE00CE0
(1779047614.192378) can0 0000E009#0CE00CE00CE00CE0
(1779047614.193404) can0 0000E010#0000000000000000
(1779047614.194385) can0 0000E011#0000000000000000
(1779047614.195384) can0 0000E012#0CE0000000000000
(1779047614.196397) can0 0000F001#0000000000000000
(1779047614.197375) can0 18FF28F4#10330000020F0000
(1779047614.198361) can0 18FE28F4#0CE00CE03F3F0000
(1779047614.199360) can0 18FD28F4#16D2FA6F00000000
(1779047614.200309) can0 4D4#000033007D0F0203
(1779047614.201280) can0 4D5#E00CE00C3F3F0000
(1779047614.202368) can0 18914010#0CE0100CE0010000
(1779047614.203367) can0 18904010#020F020F753001FE
(1779047614.204366) can0 18FA28F4#E23DA12C10270000
(1779047614.205360) can0 18FB28F4#E00CE00C3F3F0000
(1779047614.206373) can0 18FC28F4#383300000F020000
(1779047614.207354) can0 18F810F3#0F02E80333640100
(1779047614.208418) can0 18F815F3#0000000010030000
(1779047614.209285) can0 273#000000000F023300
(1779047614.210285) can0 1E1#020F271001FE01FE
(1779047614.211297) can0 1F5#0000000000000000
(1779047614.212393) can0 0800A6A9#0000000000000000
(1779047614.213338) can0 1000A6A9#0F02881333494949
(1779047614.214374) can0 1C00A6A9#0000000000030000
(1779047614.215406) can0 02018100#1003020F00000000
(1779047614.216419) can0 02028100#0000003364000000
(1779047614.217380) can0 02038100#0CE001100CE00101
(1779047614.218374) can0 02048100#4901014901010000
(1779047614.219260) can0 1AD#9914000059331717
(1779047614.220272) can0 2AD#E00C800C99140016
(1779047614.221279) can0 3AD#0000000000009914
(1779047614.222298) can0 4AD#EB00000000000000
(1779047614.223292) can0 76A#7F00000000000000
(1779047614.285927) can0 0000E005#16D2420003B60591
(1779047614.286505) can0 1806E5F4#13EC010003B6023A
(1779047614.287388) can0 0000E000#13EC13EC020F0000
(1779047614.288370) can0 0000E004#171703B603B601E4
(1779047614.289370) can0 0000E006#0CE00CE00CE00CE0
(1779047614.290370) can0 0000E007#0CE00CE00CE00CE0
(1779047614.291364) can0 0000E008#0CE00CE00CE00CE0
(1779047614.292362) can0 0000E009#0CE00CE00CE00CE0
(1779047614.293439) can0 0000E010#0000000000000000
(1779047614.294387) can0 0000E011#0000000000000000
(1779047614.295389) can0 0000E012#0CE0000000000000
(1779047614.296402) can0 0000F001#0000000000000000
(1779047614.297383) can0 18FF28F4#10330000020F0000
(1779047614.298366) can0 18FE28F4#0CE00CE03F3F0000
(1779047614.299370) can0 18FD28F4#16D2FA6F00000000
(1779047614.300283) can0 4D4#000033007D0F0203
(1779047614.301326) can0 4D5#E00CE00C3F3F0000
(1779047614.302371) can0 18914010#0CE0100CE0010000
(1779047614.303371) can0 18904010#020F020F753001FE
(1779047614.304371) can0 18FA28F4#E23DA12C10270000
(1779047614.305365) can0 18FB28F4#E00CE00C3F3F0000
(1779047614.306382) can0 18FC28F4#383300000F020000
(1779047614.307365) can0 18F810F3#0F02E80333640100
(1779047614.308391) can0 18F815F3#0000000010030000
(1779047614.309296) can0 273#000000000F023300
(1779047614.310273) can0 1E1#020F271001FE01FE
(1779047614.311303) can0 1F5#0000000000000000
(1779047614.312385) can0 0800A6A9#0000000000000000
(1779047614.313347) can0 1000A6A9#0F02881333494949
(1779047614.314380) can0 1C00A6A9#0000000000030000
(1779047614.315392) can0 02018100#1003020F00000000
(1779047614.316392) can0 02028100#0000003364000000
(1779047614.317372) can0 02038100#0CE001100CE00101
(1779047614.318368) can0 02048100#4901014901010000
(1779047614.319269) can0 1AD#9914000059331717
(1779047614.320269) can0 2AD#E00C800C99140016
(1779047614.321291) can0 3AD#0000000000009914
(1779047614.322314) can0 4AD#EB00000000000000
(1779047614.323304) can0 76A#7F00000000000000
(1779047614.402943) can0 0000E005#16D2420003B60591
(1779047614.403521) can0 1806E5F4#13EC010003B6023A
(1779047614.404389) can0 0000E000#13EC13EC020F0000
(1779047614.405369) can0 0000E004#171703B603B601E4
(1779047614.406364) can0 0000E006#0CE00CE00CE00CE0
(1779047614.407382) can0 0000E007#0CE00CE00CE00CE0
(1779047614.408361) can0 0000E008#0CE00CE00CDF0CE0
(1779047614.409357) can0 0000E009#0CE00CE00CE00CE0
(1779047614.410409) can0 0000E010#0000000000000000
(1779047614.411401) can0 0000E011#0000000000000000
(1779047614.412384) can0 0000E012#0CE0000100000000
(1779047614.413351) can0 0000E013#4542323630354C43
(1779047614.414379) can0 0000E014#3134323300000000
(1779047614.415409) can0 0000E015#0000000000000003
(1779047614.416409) can0 0000F000#0000000000000000
(1779047614.417403) can0 0000F001#0000000000000000
(1779047614.418385) can0 18FF28F4#10330000020F0000
(1779047614.419372) can0 18FE28F4#0CE00CDF3F3F0000
(1779047614.420362) can0 18FD28F4#16D2FA6F00000000
(1779047614.421282) can0 4D4#000033007D0F0203
(1779047614.422282) can0 4D5#DF0CE00C3F3F0000
(1779047614.423390) can0 18914010#0CE0100CDF0B0000
(1779047614.424369) can0 18904010#020F020F753001FE
(1779047614.425384) can0 18924010#3F013F0100000000
(1779047614.426372) can0 18934010#000000340000BD42
(1779047614.427384) can0 18944010#1003000000000000
(1779047614.428410) can0 18954010#0000000000000000
(1779047614.429410) can0 18954010#0100000000000000
(1779047614.430391) can0 18954010#0200000000000000
(1779047614.431423) can0 18954010#0300000000000000
(1779047614.432401) can0 18954010#0400000000000000
(1779047614.433385) can0 18954010#0500000000000000
(1779047614.434398) can0 18964010#003F3F3F00000000
(1779047614.435392) can0 18974010#0000000000000000
(1779047614.436391) can0 18984010#0000000000000000
(1779047614.437353) can0 18FA28F4#E23DA12C10270000
(1779047614.438368) can0 18FB28F4#E00CDF0C3F3F0000
(1779047614.439411) can0 18FC28F4#383300000F020000
(1779047614.440360) can0 18F810F3#0F02E80333640100
(1779047614.441373) can0 18F811F3#E00C1001DF0C0B01
(1779047614.442374) can0 18F812F3#3F01013F01010000
(1779047614.443398) can0 18F813F3#0101000000000000
(1779047614.444356) can0 18F814F3#3200BA1AA9015F00
(1779047614.445393) can0 18F815F3#0000000010030000
(1779047614.446292) can0 273#000000000F023300
(1779047614.447323) can0 1E1#020F271001FE01FE
(1779047614.448294) can0 1F5#0000000000000000
(1779047614.449399) can0 0800A6A9#0000000000000000
(1779047614.450362) can0 1000A6A9#0F02881333494949
(1779047614.451374) can0 1C00A6A9#0000000000030000
(1779047614.452406) can0 02018100#1003020F00000000
(1779047614.453387) can0 02028100#0000003364000000
(1779047614.454387) can0 02038100#0CE001100CDF010B
(1779047614.455381) can0 02048100#4901014901010000
(1779047614.456260) can0 1AD#9914000059331717
(1779047614.457279) can0 2AD#E00C800C99140016
(1779047614.458292) can0 3AD#0000000000009914
(1779047614.459292) can0 4AD#EB00000000000000
(1779047614.460301) can0 76A#7F00000000000000
(1779047614.542992) can0 0000E005#16D2420003B60591
(1779047614.543579) can0 1806E5F4#13EC010003B6023A
(1779047614.544391) can0 0000E000#13EC13EC020F0000
(1779047614.545371) can0 0000E004#171703B603B601E4
(1779047614.546372) can0 0000E006#0CE00CE00CE00CE0
(1779047614.547371) can0 0000E007#0CE00CE00CE00CE0
(1779047614.548365) can0 0000E008#0CE00CE00CDF0CE0
(1779047614.549361) can0 0000E009#0CE00CE00CE00CE0
(1779047614.550410) can0 0000E010#0000000000000000
(1779047614.551393) can0 0000E011#0000000000000000
(1779047614.552391) can0 0000E012#0CE0000100000000
(1779047614.553406) can0 0000F001#0000000000000000
(1779047614.554393) can0 18FF28F4#10330000020F0000
(1779047614.555370) can0 18FE28F4#0CE00CDF3F3F0000
(1779047614.556370) can0 18FD28F4#16D2FA6F00000000
(1779047614.557285) can0 4D4#000033007D0F0203
(1779047614.558302) can0 4D5#DF0CE00C3F3F0000
(1779047614.559374) can0 18914010#0CE0100CDF0B0000
(1779047614.560373) can0 18904010#020F020F753001FE
(1779047614.561369) can0 18FA28F4#E23DA12C10270000
(1779047614.562368) can0 18FB28F4#E00CDF0C3F3F0000
(1779047614.563381) can0 18FC28F4#383300000F020000
(1779047614.564367) can0 18F810F3#0F02E80333640100
(1779047614.565389) can0 18F815F3#0000000010030000
(1779047614.566314) can0 273#000000000F023300
(1779047614.567279) can0 1E1#020F271001FE01FE
(1779047614.568304) can0 1F5#0000000000000000
(1779047614.569400) can0 0800A6A9#0000000000000000
(1779047614.570349) can0 1000A6A9#0F02881333494949
(1779047614.571381) can0 1C00A6A9#0000000000030000
(1779047614.572394) can0 02018100#1003020F00000000
(1779047614.573385) can0 02028100#0000003364000000
(1779047614.574388) can0 02038100#0CE001100CDF010B
(1779047614.575369) can0 02048100#4901014901010000
(1779047614.576267) can0 1AD#9914000059331717
(1779047614.577296) can0 2AD#E00C800C99140016
(1779047614.578293) can0 3AD#0000000000009914
(1779047614.579306) can0 4AD#EB00000000000000
(1779047614.580305) can0 76A#7F00000000000000
(1779047614.642944) can0 0000E005#16D2420003B60591
(1779047614.643533) can0 1806E5F4#13EC010003B6023A
(1779047614.644396) can0 0000E000#13EC13EC020F0000
(1779047614.645363) can0 0000E004#171703B603B601E4
(1779047614.646395) can0 0000E006#0CE00CE00CE00CE0
(1779047614.647377) can0 0000E007#0CE00CE00CE00CE0
(1779047614.648376) can0 0000E008#0CE00CE00CDF0CE0
(1779047614.649368) can0 0000E009#0CE00CE00CE00CE0
(1779047614.650402) can0 0000E010#0000000000000000
(1779047614.651402) can0 0000E011#0000000000000000
(1779047614.652395) can0 0000E012#0CE0000100000000
(1779047614.653409) can0 0000F001#0000000000000000
(1779047614.654422) can0 18FF28F4#10330000020F0000
(1779047614.655377) can0 18FE28F4#0CE00CDF3F3F0000
(1779047614.656371) can0 18FD28F4#16D2FA6F00000000
(1779047614.657288) can0 4D4#000033007D0F0203
(1779047614.658288) can0 4D5#DF0CE00C3F3F0000
(1779047614.659384) can0 18914010#0CE0100CDF0B0000
(1779047614.660378) can0 18904010#020F020F753001FE
(1779047614.661370) can0 18FA28F4#E23DA12C10270000
(1779047614.662404) can0 18FB28F4#E00CDF0C3F3F0000
(1779047614.663390) can0 18FC28F4#383300000F020000
(1779047614.664372) can0 18F810F3#0F02E80333640100
(1779047614.665397) can0 18F815F3#0000000010030000
(1779047614.666302) can0 273#000000000F023300
(1779047614.667283) can0 1E1#020F271001FE01FE
(1779047614.668309) can0 1F5#0000000000000000
(1779047614.669389) can0 0800A6A9#0000000000000000
(1779047614.670404) can0 1000A6A9#0F02881333494949
(1779047614.671385) can0 1C00A6A9#0000000000030000
(1779047614.672398) can0 02018100#1003020F00000000
(1779047614.673396) can0 02028100#0000003364000000
(1779047614.674379) can0 02038100#0CE001100CDF010B
(1779047614.675373) can0 02048100#4901014901010000
(1779047614.676271) can0 1AD#9914000059331717
(1779047614.677284) can0 2AD#E00C800C99140016
(1779047614.678348) can0 3AD#0000000000009914
(1779047614.679309) can0 4AD#EB00000000000000
(1779047614.680309) can0 76A#7F00000000000000
(1779047614.742924) can0 0000E005#16D2420003B60591
(1779047614.743513) can0 1806E5F4#13EC010003B6023A
(1779047614.744393) can0 0000E000#13EC13EC020F0000
(1779047614.745374) can0 0000E004#171703B603B601E4
(1779047614.746365) can0 0000E006#0CE00CE00CE00CE0
(1779047614.747418) can0 0000E007#0CE00CE00CE00CE0
(1779047614.748368) can0 0000E008#0CE00CE00CE00CE0
(1779047614.749381) can0 0000E009#0CE00CE00CE00CE0
(1779047614.750413) can0 0000E010#0000000000000000
(1779047614.751406) can0 0000E011#0000000000000000
(1779047614.752406) can0 0000E012#0CE0000000000000
(1779047614.753406) can0 0000F001#0000000000000000
(1779047614.754398) can0 18FF28F4#10330000020F0000
(1779047614.755433) can0 18FE28F4#0CE00CE03F3F0000
(1779047614.756381) can0 18FD28F4#16D2FA6F00000000
(1779047614.757299) can0 4D4#000033007D0F0203
(1779047614.758272) can0 4D5#E00CE00C3F3F0000
(1779047614.759376) can0 18914010#0CE0100CE0010000
(1779047614.760388) can0 18904010#020F020F753001FE
(1779047614.761369) can0 18FA28F4#E23DA12C10270000
(1779047614.762370) can0 18FB28F4#E00CE00C3F3F0000
(1779047614.763382) can0 18FC28F4#383300000F020000
(1779047614.764364) can0 18F810F3#0F02E80333640100
(1779047614.765395) can0 18F815F3#0000000010030000
(1779047614.766293) can0 273#000000000F023300
(1779047614.767293) can0 1E1#020F271001FE01FE
(1779047614.768306) can0 1F5#0000000000000000
(1779047614.769401) can0 0800A6A9#0000000000000000
(1779047614.770360) can0 1000A6A9#0F02881333494949
(1779047614.771384) can0 1C00A6A9#0000000000030000
(1779047614.772408) can0 02018100#1003020F00000000
(1779047614.773390) can0 02028100#0000003364000000
(1779047614.774391) can0 02038100#0CE001100CE00101
(1779047614.775383) can0 02048100#4901014901010000
(1779047614.776269) can0 1AD#9914000059331717
(1779047614.777282) can0 2AD#E00C800C99140016
(1779047614.778285) can0 3AD#0000000000009914
(1779047614.779307) can0 4AD#EB00000000000000
(1779047614.780301) can0 76A#7F00000000000000
(1779047614.786296) can0 00000E00#00354C4331343233
(1779047614.842982) can0 0000E005#16D2420003B60591
(1779047614.843571) can0 1806E5F4#13EC010003B6023A
(1779047614.844391) can0 0000E000#13EC13EC020F0000
(1779047614.845371) can0 0000E004#171703B603B601E4
(1779047614.846373) can0 0000E006#0CE00CE00CE00CE0
(1779047614.847365) can0 0000E007#0CE00CE00CE00CE0
(1779047614.848379) can0 0000E008#0CE00CE00CE00CE0
(1779047614.849379) can0 0000E009#0CE00CE00CE00CE0
(1779047614.850408) can0 0000E010#0000000000000000
(1779047614.851404) can0 0000E011#0000000000000000
(1779047614.852404) can0 0000E012#0CE0000000000000
(1779047614.853404) can0 0000F001#0000000000000000
(1779047614.854399) can0 18FF28F4#10330000020F0000
(1779047614.855379) can0 18FE28F4#0CE00CE03F3F0000
(1779047614.856379) can0 18FD28F4#16D2FA6F00000000
(1779047614.857297) can0 4D4#000033007D0F0203
(1779047614.858291) can0 4D5#E00CE00C3F3F0000
(1779047614.859386) can0 18914010#0CE0100CE0010000
(1779047614.860385) can0 18904010#020F020F753001FE
(1779047614.861379) can0 18FA28F4#E23DA12C10270000
(1779047614.862379) can0 18FB28F4#E00CE00C3F3F0000
(1779047614.863393) can0 18FC28F4#383300000F020000
(1779047614.864361) can0 18F810F3#0F02E80333640100
(1779047614.865406) can0 18F815F3#0000000010030000
(1779047614.866286) can0 273#000000000F023300
(1779047614.867285) can0 1E1#020F271001FE01FE
(1779047614.868317) can0 1F5#0000000000000000
(1779047614.869412) can0 0800A6A9#0000000000000000
(1779047614.870364) can0 1000A6A9#0F02881333494949
(1779047614.871393) can0 1C00A6A9#0000000000030000
(1779047614.872406) can0 02018100#1003020F00000000
(1779047614.873401) can0 02028100#0000003364000000
(1779047614.874379) can0 02038100#0CE001100CE00101
(1779047614.875381) can0 02048100#4901014901010000
(1779047614.876260) can0 1AD#9914000059331717
(1779047614.877305) can0 2AD#E00C800C99140016
(1779047614.878302) can0 3AD#0000000000009914
(1779047614.879299) can0 4AD#EB00000000000000
(1779047614.880312) can0 76A#7F00000000000000
(1779047614.959991) can0 0000E005#16D2420003B60591
(1779047614.960572) can0 1806E5F4#13EC010003B6023A
(1779047614.961410) can0 0000E000#13EC13EC020F0000
(1779047614.962403) can0 0000E004#171703B603B601E4
(1779047614.963384) can0 0000E006#0CE00CDF0CE00CE0
(1779047614.964366) can0 0000E007#0CE00CE00CE00CE0
(1779047614.965384) can0 0000E008#0CE00CE00CE00CE0
(1779047614.966378) can0 0000E009#0CE00CE00CE00CE0
(1779047614.967410) can0 0000E010#0000000000000000
(1779047614.968403) can0 0000E011#0000000000000000
(1779047614.969391) can0 0000E012#0CE0000100000000
(1779047614.970386) can0 0000E013#4542323630354C43
(1779047614.971385) can0 0000E014#3134323300000000
(1779047614.972398) can0 0000E015#0000000000000003
(1779047614.973411) can0 0000F000#0000000000000000
(1779047614.974411) can0 0000F001#0000000000000000
(1779047614.975392) can0 18FF28F4#10330000020F0000
(1779047614.976368) can0 18FE28F4#0CE00CDF3F3F0000
(1779047614.977386) can0 18FD28F4#16D2FA6F00000000
(1779047614.978336) can0 4D4#000033007D0F0203
(1779047614.979302) can0 4D5#DF0CE00C3F3F0000
(1779047614.980376) can0 18914010#0CE0100CDF020000
(1779047614.981380) can0 18904010#020F020F753001FE
(1779047614.982393) can0 18924010#3F013F0100000000
(1779047614.983374) can0 18934010#000000350000BD42
(1779047614.984387) can0 18944010#1003000000000000
(1779047614.985419) can0 18954010#0000000000000000
(1779047614.986463) can0 18954010#0100000000000000
(1779047614.987399) can0 18954010#0200000000000000
(1779047614.988408) can0 18954010#0300000000000000
(1779047614.989413) can0 18954010#0400000000000000
(1779047614.990406) can0 18954010#0500000000000000
(1779047614.991407) can0 18964010#003F3F3F00000000
(1779047614.992396) can0 18974010#0000000000000000
(1779047614.993400) can0 18984010#0000000000000000
(1779047614.994382) can0 18FA28F4#E23DA12C10270000
(1779047614.995375) can0 18FB28F4#E00CDF0C3F3F0000
(1779047614.996388) can0 18FC28F4#383300000F020000
(1779047614.997368) can0 18F810F3#0F02E80333640100
(1779047614.998382) can0 18F811F3#E00C1001DF0C0201
(1779047614.999395) can0 18F812F3#3F01013F01010000
(1779047615.000401) can0 18F813F3#0101000000000000
(1779047615.001370) can0 18F814F3#3200BA1AA9015F00
(1779047615.002409) can0 18F815F3#0000000010030000
(1779047615.003304) can0 273#000000000F023300
(1779047615.004293) can0 1E1#020F271001FE01FE
(1779047615.005325) can0 1F5#0000000000000000
(1779047615.006401) can0 0800A6A9#0000000000000000
(1779047615.007369) can0 1000A6A9#0F02881333494949
(1779047615.008394) can0 1C00A6A9#0000000000030000
(1779047615.009408) can0 02018100#1003020F00000000
(1779047615.010396) can0 02028100#0000003364000000
(1779047615.011390) can0 02038100#0CE001100CDF0102
(1779047615.012387) can0 02048100#4901014901010000
(1779047615.013275) can0 1AD#9914000059331717
(1779047615.014288) can0 2AD#E00C800C99140016
(1779047615.015301) can0 3AD#0000000000009914
(1779047615.016309) can0 4AD#EB00000000000000
(1779047615.017314) can0 76A#7F00000000000000
(1779047615.075991) can0 0000E005#16D2420003B60591
(1779047615.076583) can0 1806E5F4#13EC010003B6023A
(1779047615.077403) can0 0000E000#13EC13EC020F0000
(1779047615.078384) can0 0000E004#171703B603B601E4
(1779047615.079397) can0 0000E006#0CE00CDF0CE00CE0
(1779047615.080378) can0 0000E007#0CE00CE00CE00CE0
(1779047615.081371) can0 0000E008#0CE00CE00CE00CE0
(1779047615.082372) can0 0000E009#0CE00CE00CE00CE0
(1779047615.083422) can0 0000E010#0000000000000000
(1779047615.084415) can0 0000E011#0000000000000000
(1779047615.085392) can0 0000E012#0CE0000100000000
(1779047615.086410) can0 0000F001#0000000000000000
(1779047615.087410) can0 18FF28F4#10330000020F0000
(1779047615.088378) can0 18FE28F4#0CE00CDF3F3F0000
(1779047615.089391) can0 18FD28F4#16D2FA6F00000000
(1779047615.090309) can0 4D4#000033007D0F0203
(1779047615.091303) can0 4D5#DF0CE00C3F3F0000
(1779047615.092398) can0 18914010#0CE0100CDF020000
(1779047615.093380) can0 18904010#020F020F753001FE
(1779047615.094379) can0 18FA28F4#E23DA12C10270000
(1779047615.095379) can0 18FB28F4#E00CDF0C3F3F0000
(1779047615.096392) can0 18FC28F4#383300000F020000
(1779047615.097370) can0 18F810F3#0F02E80333640100
(1779047615.098405) can0 18F815F3#0000000010030000
(1779047615.099303) can0 273#000000000F023300
(1779047615.100304) can0 1E1#020F271001FE01FE
(1779047615.101316) can0 1F5#0000000000000000
(1779047615.102412) can0 0800A6A9#0000000000000000
(1779047615.103375) can0 1000A6A9#0F02881333494949
(1779047615.104387) can0 1C00A6A9#0000000000030000
(1779047615.105412) can0 02018100#1003020F00000000
(1779047615.106399) can0 02028100#0000003364000000
(1779047615.107399) can0 02038100#0CE001100CDF0102
(1779047615.108412) can0 02048100#4901014901010000
(1779047615.109271) can0 1AD#9914000059331717
(1779047615.110291) can0 2AD#E00C800C99140016
(1779047615.111305) can0 3AD#0000000000009914
(1779047615.112317) can0 4AD#EB00000000000000
(1779047615.113311) can0 76A#7F00000000000000
(1779047615.175945) can0 0000E005#16D2420003B60591
(1779047615.176532) can0 1806E5F4#13EC010003B6023A
(1779047615.177414) can0 0000E000#13EC13EC020F0000
(1779047615.178375) can0 0000E004#171703B603B601E4
(1779047615.179388) can0 0000E006#0CE00CDF0CE00CE0
(1779047615.180388) can0 0000E007#0CE00CE00CE00CE0
(1779047615.181388) can0 0000E008#0CE00CE00CE00CE0
(1779047615.182381) can0 0000E009#0CE00CE00CE00CE0
(1779047615.183414) can0 0000E010#0000000000000000
(1779047615.184414) can0 0000E011#0000000000000000
(1779047615.185426) can0 0000E012#0CE0000100000000
(1779047615.186408) can0 0000F001#0000000000000000
(1779047615.187408) can0 18FF28F4#10330000020F0000
(1779047615.188389) can0 18FE28F4#0CE00CDF3F3F0000
(1779047615.189383) can0 18FD28F4#16D2FA6F00000000
(1779047615.190299) can0 4D4#000033007D0F0203
(1779047615.191300) can0 4D5#DF0CE00C3F3F0000
(1779047615.192395) can0 18914010#0CE0100CDF020000
(1779047615.193409) can0 18904010#020F020F753001FE
(1779047615.194389) can0 18FA28F4#E23DA12C10270000
(1779047615.195390) can0 18FB28F4#E00CDF0C3F3F0000
(1779047615.196403) can0 18FC28F4#383300000F020000
(1779047615.197364) can0 18F810F3#0F02E80333640100
(1779047615.198410) can0 18F815F3#0000000010030000
(1779047615.199295) can0 273#000000000F023300
(1779047615.200295) can0 1E1#020F271001FE01FE
(1779047615.201358) can0 1F5#0000000000000000
(1779047615.202405) can0 0800A6A9#0000000000000000
(1779047615.203370) can0 1000A6A9#0F02881333494949
(1779047615.204397) can0 1C00A6A9#0000000000030000
(1779047615.205410) can0 02018100#1003020F00000000
(1779047615.206389) can0 02028100#0000003364000000
(1779047615.207390) can0 02038100#0CE001100CDF0102
(1779047615.208385) can0 02048100#4901014901010000
(1779047615.209321) can0 1AD#9914000059331717
(1779047615.210283) can0 2AD#E00C800C99140016
(1779047615.211308) can0 3AD#0000000000009914
(1779047615.212309) can0 4AD#EB00000000000000
(1779047615.213303) can0 76A#7F00000000000000
(1779047615.275992) can0 0000E005#16D2420003B60591
(1779047615.276577) can0 1806E5F4#13EC010003B6023A
(1779047615.277398) can0 0000E000#13EC13EC020F0000
(1779047615.278422) can0 0000E004#171703B603B601E4
(1779047615.279379) can0 0000E006#0CE00CE00CE00CE0
(1779047615.280374) can0 0000E007#0CE00CE00CE00CE0
(1779047615.281373) can0 0000E008#0CE00CE00CE00CE0
(1779047615.282387) can0 0000E009#0CE00CDF0CE00CE0
(1779047615.283417) can0 0000E010#0000000000000000
(1779047615.284412) can0 0000E011#0000000000000000
(1779047615.285399) can0 0000E012#0CE0000100000000
(1779047615.286454) can0 0000F001#0000000000000000
(1779047615.287412) can0 18FF28F4#10330000020F0000
(1779047615.288393) can0 18FE28F4#0CE00CDF3F3F0000
(1779047615.289387) can0 18FD28F4#16D2FA6F00000000
(1779047615.290298) can0 4D4#000033007D0F0203
(1779047615.291305) can0 4D5#DF0CE00C3F3F0000
(1779047615.292400) can0 18914010#0CE0100CDF0E0000
(1779047615.293394) can0 18904010#020F020F753001FE
(1779047615.294426) can0 18FA28F4#E23DA12C10270000
(1779047615.295394) can0 18FB28F4#E00CDF0C3F3F0000
(1779047615.296407) can0 18FC28F4#383300000F020000
(1779047615.297369) can0 18F810F3#0F02E80333640100
(1779047615.298409) can0 18F815F3#0000000010030000
(1779047615.299298) can0 273#000000000F023300
(1779047615.300299) can0 1E1#020F271001FE01FE
(1779047615.301330) can0 1F5#0000000000000000
(1779047615.302400) can0 0800A6A9#0000000000000000
(1779047615.303369) can0 1000A6A9#0F02881333494949
(1779047615.304401) can0 1C00A6A9#0000000000030000
(1779047615.305414) can0 02018100#1003020F00000000
(1779047615.306395) can0 02028100#0000003364000000
(1779047615.307395) can0 02038100#0CE001100CDF010E
(1779047615.308389) can0 02048100#4901014901010000
(1779047615.309274) can0 1AD#9914000059331717
(1779047615.310281) can0 2AD#E00C800C99140016
(1779047615.311300) can0 3AD#0000000000009914
(1779047615.312313) can0 4AD#EB00000000000000
(1779047615.313307) can0 76A#7F00000000000000
(1779047615.376002) can0 0000E005#16D2420003B60591
(1779047615.376590) can0 1806E5F4#13EC010003B6023A
(1779047615.377403) can0 0000E000#13EC13EC020F0000
(1779047615.378384) can0 0000E004#171703B603B601E4
(1779047615.379384) can0 0000E006#0CE00CE00CE00CE0
(1779047615.380385) can0 0000E007#0CE00CE00CE00CE0
(1779047615.381377) can0 0000E008#0CE00CE00CE00CE0
(1779047615.382379) can0 0000E009#0CE00CDF0CE00CE0
(1779047615.383418) can0 0000E010#0000000000000000
(1779047615.384422) can0 0000E011#0000000000000000
(1779047615.385403) can0 0000E012#0CE0000100000000
(1779047615.386416) can0 0000F001#0000000000000000
(1779047615.387409) can0 18FF28F4#10330000020F0000
(1779047615.388378) can0 18FE28F4#0CE00CDF3F3F0000
(1779047615.389392) can0 18FD28F4#16D2FA6F00000000
(1779047615.390310) can0 4D4#000033007D0F0203
(1779047615.391309) can0 4D5#DF0CE00C3F3F0000
(1779047615.392385) can0 18914010#0CE0100CDF0E0000
(1779047615.393384) can0 18904010#020F020F753001FE
(1779047615.394386) can0 18FA28F4#E23DA12C10270000
(1779047615.395374) can0 18FB28F4#E00CDF0C3F3F0000
(1779047615.396398) can0 18FC28F4#383300000F020000
(1779047615.397379) can0 18F810F3#0F02E80333640100
(1779047615.398405) can0 18F815F3#0000000010030000
(1779047615.399305) can0 273#000000000F023300
(1779047615.400305) can0 1E1#020F271001FE01FE
(1779047615.401317) can0 1F5#0000000000000000
(1779047615.402412) can0 0800A6A9#0000000000000000
(1779047615.403386) can0 1000A6A9#0F02881333494949
(1779047615.404395) can0 1C00A6A9#0000000000030000
(1779047615.405427) can0 02018100#1003020F00000000
(1779047615.406408) can0 02028100#0000003364000000
(1779047615.407383) can0 02038100#0CE001100CDF010E
(1779047615.408400) can0 02048100#4901014901010000
(1779047615.409285) can0 1AD#9914000059331717
(1779047615.410292) can0 2AD#E00C800C99140016
(1779047615.411304) can0 3AD#0000000000009914
(1779047615.412317) can0 4AD#EB00000000000000
(1779047615.413318) can0 76A#7F00000000000000
(1779047615.492991) can0 0000E005#16D2420003B60591
(1779047615.493581) can0 1806E5F4#13EC010003B6023A
(1779047615.494426) can0 0000E000#13EC13EC020F0000
(1779047615.495383) can0 0000E004#171703B603B601E4
(1779047615.496396) can0 0000E006#0CE00CE00CE00CE0
(1779047615.497386) can0 0000E007#0CE00CE00CE00CE0
(1779047615.498391) can0 0000E008#0CE00CE00CE00CE0
(1779047615.499390) can0 0000E009#0CE00CE00CE00CE0
(1779047615.500416) can0 0000E010#0000000000000000
(1779047615.501445) can0 0000E011#0000000000000000
(1779047615.502416) can0 0000E012#0CE0000000000000
(1779047615.503378) can0 0000E013#4542323630354C43
(1779047615.504390) can0 0000E014#3134323300000000
(1779047615.505422) can0 0000E015#0000000000000003
(1779047615.506423) can0 0000F000#0000000000000000
(1779047615.507421) can0 0000F001#0000000000000000
(1779047615.508417) can0 18FF28F4#10330000020F0000
(1779047615.509424) can0 18FE28F4#0CE00CE03F3F0000
(1779047615.510398) can0 18FD28F4#16D2FA6F00000000
(1779047615.511308) can0 4D4#000033007D0F0203
(1779047615.512308) can0 4D5#E00CE00C3F3F0000
(1779047615.513385) can0 18914010#0CE0100CE0010000
(1779047615.514404) can0 18904010#020F020F753001FE
(1779047615.515399) can0 18924010#3F013F0100000000
(1779047615.516397) can0 18934010#000000360000BD42
(1779047615.517462) can0 18944010#1003000000000000
(1779047615.518424) can0 18954010#0000000000000000
(1779047615.519424) can0 18954010#0100000000000000
(1779047615.520418) can0 18954010#0200000000000000
(1779047615.521410) can0 18954010#0300000000000000
(1779047615.522418) can0 18954010#0400000000000000
(1779047615.523412) can0 18954010#0500000000000000
(1779047615.524412) can0 18964010#003F3F3F00000000
(1779047615.525422) can0 18974010#0000000000000000
(1779047615.526418) can0 18984010#0000000000000000
(1779047615.527390) can0 18FA28F4#E23DA12C10270000
(1779047615.528384) can0 18FB28F4#E00CE00C3F3F0000
(1779047615.529407) can0 18FC28F4#383300000F020000
(1779047615.530375) can0 18F810F3#0F02E80333640100
(1779047615.531401) can0 18F811F3#E00C1001E00C0101
(1779047615.532404) can0 18F812F3#3F01013F01010000
(1779047615.533408) can0 18F813F3#0101000000000000
(1779047615.534395) can0 18F814F3#3200BA1AA9015F00
(1779047615.535407) can0 18F815F3#0000000010030000
(1779047615.536318) can0 273#000000000F023300
(1779047615.537294) can0 1E1#020F271001FE01FE
(1779047615.538331) can0 1F5#0000000000000000
(1779047615.539409) can0 0800A6A9#0000000000000000
(1779047615.540370) can0 1000A6A9#0F02881333494949
(1779047615.541401) can0 1C00A6A9#0000000000030000
(1779047615.542415) can0 02018100#1003020F00000000
(1779047615.543414) can0 02028100#0000003364000000
(1779047615.544395) can0 02038100#0CE001100CE00101
(1779047615.545399) can0 02048100#4901014901010000
(1779047615.546285) can0 1AD#9914000059331717
(1779047615.547295) can0 2AD#E00C800C99140016
(1779047615.548307) can0 3AD#0000000000009914
(1779047615.549317) can0 4AD#EB00000000000000
(1779047615.550321) can0 76A#7F00000000000000
(1779047615.608951) can0 0000E005#16D2420003B60591
(1779047615.609534) can0 1806E5F4#13EC010003B6023A
(1779047615.610415) can0 0000E000#13EC13EC020F0000
(1779047615.611396) can0 0000E004#171703B603B601E4
(1779047615.612396) can0 0000E006#0CE00CE00CE00CE0
(1779047615.613396) can0 0000E007#0CE00CE00CE00CE0
(1779047615.614389) can0 0000E008#0CE00CE00CE00CE0
(1779047615.615389) can0 0000E009#0CE00CE00CE00CE0
(1779047615.616415) can0 0000E010#0000000000000000
(1779047615.617415) can0 0000E011#0000000000000000
(1779047615.618410) can0 0000E012#0CE0000000000000
(1779047615.619428) can0 0000F001#0000000000000000
(1779047615.620409) can0 18FF28F4#10330000020F0000
(1779047615.621391) can0 18FE28F4#0CE00CE03F3F0000
(1779047615.622390) can0 18FD28F4#16D2FA6F00000000
(1779047615.623309) can0 4D4#000033007D0F0203
(1779047615.624302) can0 4D5#E00CE00C3F3F0000
(1779047615.625397) can0 18914010#0CE0100CE0010000
(1779047615.626391) can0 18904010#020F020F753001FE
(1779047615.627391) can0 18FA28F4#E23DA12C10270000
(1779047615.628391) can0 18FB28F4#E00CE00C3F3F0000
(1779047615.629403) can0 18FC28F4#383300000F020000
(1779047615.630380) can0 18F810F3#0F02E80333640100
(1779047615.631429) can0 18F815F3#0000000010030000
(1779047615.632315) can0 273#000000000F023300
(1779047615.633296) can0 1E1#020F271001FE01FE
(1779047615.634330) can0 1F5#0000000000000000
(1779047615.635404) can0 0800A6A9#0000000000000000
(1779047615.636373) can0 1000A6A9#0F02881333494949
(1779047615.637404) can0 1C00A6A9#0000000000030000
(1779047615.638416) can0 02018100#1003020F00000000
(1779047615.639430) can0 02028100#0000003364000000
(1779047615.640392) can0 02038100#0CE001100CE00101
(1779047615.641392) can0 02048100#4901014901010000
(1779047615.642289) can0 1AD#9914000059331717
(1779047615.643285) can0 2AD#E00C800C99140016
(1779047615.644316) can0 3AD#0000000000009914
(1779047615.645310) can0 4AD#EB00000000000000
(1779047615.646323) can0 76A#7F00000000000000
(1779047615.708949) can0 0000E005#16D2420003B60591
(1779047615.709541) can0 1806E5F4#13EC010003B6023A
(1779047615.710407) can0 0000E000#13EC13EC020F0000
(1779047615.711385) can0 0000E004#171703B603B601E4
(1779047615.712387) can0 0000E006#0CE00CE00CE00CE0
(1779047615.713387) can0 0000E007#0CE00CE00CE00CE0
(1779047615.714381) can0 0000E008#0CE00CE00CE00CE0
(1779047615.715374) can0 0000E009#0CE00CE00CE00CE0
(1779047615.716445) can0 0000E010#0000000000000000
(1779047615.717426) can0 0000E011#0000000000000000
(1779047615.718408) can0 0000E012#0CE0000000000000
(1779047615.719420) can0 0000F001#0000000000000000
(1779047615.720420) can0 18FF28F4#10330000020F0000
(1779047615.721401) can0 18FE28F4#0CE00CE03F3F0000
(1779047615.722396) can0 18FD28F4#16D2FA6F00000000
(1779047615.723309) can0 4D4#000033007D0F0203
(1779047615.724332) can0 4D5#E00CE00C3F3F0000
(1779047615.725389) can0 18914010#0CE0100CE0010000
(1779047615.726389) can0 18904010#020F020F753001FE
(1779047615.727383) can0 18FA28F4#E23DA12C10270000
(1779047615.728383) can0 18FB28F4#E00CE00C3F3F0000
(1779047615.729401) can0 18FC28F4#383300000F020000
(1779047615.730383) can0 18F810F3#0F02E80333640100
(1779047615.731408) can0 18F815F3#0000000010030000
(1779047615.732345) can0 273#000000000F023300
(1779047615.733307) can0 1E1#020F271001FE01FE
(1779047615.734326) can0 1F5#0000000000000000
(1779047615.735410) can0 0800A6A9#0000000000000000
(1779047615.736383) can0 1000A6A9#0F02881333494949
(1779047615.737396) can0 1C00A6A9#0000000000030000
(1779047615.738428) can0 02018100#1003020F00000000
(1779047615.739406) can0 02028100#0000003364000000
(1779047615.740435) can0 02038100#0CE001100CE00101
(1779047615.741403) can0 02048100#4901014901010000
(1779047615.742288) can0 1AD#9914000059331717
(1779047615.743296) can0 2AD#E00C800C99140016
(1779047615.744315) can0 3AD#0000000000009914
(1779047615.745327) can0 4AD#EB00000000000000
(1779047615.746321) can0 76A#7F00000000000000
(1779047615.809007) can0 0000E005#16D2420003B60591
(1779047615.809596) can0 1806E5F4#13EC010003B6023A
(1779047615.810412) can0 0000E000#13EC13EC020F0000
(1779047615.811391) can0 0000E004#171703B603B601E4
(1779047615.812401) can0 0000E006#0CE00CDF0CDF0CE0
(1779047615.813385) can0 0000E007#0CE00CE00CE00CE0
(1779047615.814386) can0 0000E008#0CE00CE00CE00CE0
(1779047615.815400) can0 0000E009#0CE00CE00CE00CE0
(1779047615.816430) can0 0000E010#0000000000000000
(1779047615.817462) can0 0000E011#0000000000000000
(1779047615.818412) can0 0000E012#0CDF000100000000
(1779047615.819424) can0 0000F001#0000000000000000
(1779047615.820419) can0 18FF28F4#10330000020F0000
(1779047615.821406) can0 18FE28F4#0CE00CDF3F3F0000
(1779047615.822399) can0 18FD28F4#16D2FA6F00000000
(1779047615.823316) can0 4D4#000033007D0F0203
(1779047615.824308) can0 4D5#DF0CE00C3F3F0000
(1779047615.825444) can0 18914010#0CE0100CDF020000
(1779047615.826394) can0 18904010#020F020F753001FE
(1779047615.827394) can0 18FA28F4#E23DA12C10270000
(1779047615.828387) can0 18FB28F4#E00CDF0C3F3F0000
(1779047615.829400) can0 18FC28F4#383300000F020000
(1779047615.830382) can0 18F810F3#0F02E80333640100
(1779047615.831413) can0 18F815F3#0000000010030000
(1779047615.832313) can0 273#000000000F023300
(1779047615.833311) can0 1E1#020F271001FE01FE
(1779047615.834324) can0 1F5#0000000000000000
(1779047615.835420) can0 0800A6A9#0000000000000000
(1779047615.836379) can0 1000A6A9#0F02881333494949
(1779047615.837419) can0 1C00A6A9#0000000000030000
(1779047615.838433) can0 02018100#1003020F00000000
(1779047615.839414) can0 02028100#0000003364000000
(1779047615.840407) can0 02038100#0CE001100CDF0102
(1779047615.841407) can0 02048100#4901014901010000
(1779047615.842287) can0 1AD#9914000059331717
(1779047615.843300) can0 2AD#E00C800C99140016
(1779047615.844307) can0 3AD#0000000000009914
(1779047615.845325) can0 4AD#EB00000000000000
(1779047615.846326) can0 76A#7F00000000000000
(1779047615.908946) can0 0000E005#16D2420003B60591
(1779047615.909550) can0 1806E5F4#13EC010003B6023A
(1779047615.910422) can0 0000E000#13EC13EC020F0000
(1779047615.911409) can0 0000E004#171703B603B601E4
(1779047615.912415) can0 0000E006#0CE00CDF0CDF0CE0
(1779047615.913395) can0 0000E007#0CE00CE00CE00CE0
(1779047615.914389) can0 0000E008#0CE00CE00CE00CE0
(1779047615.915390) can0 0000E009#0CE00CE00CE00CE0
(1779047615.916430) can0 0000E010#0000000000000000
(1779047615.917434) can0 0000E011#0000000000000000
(1779047615.918416) can0 0000E012#0CDF000100000000
(1779047615.919429) can0 0000F001#0000000000000000
(1779047615.920419) can0 18FF28F4#10330000020F0000
(1779047615.921390) can0 18FE28F4#0CE00CDF3F3F0000
(1779047615.922403) can0 18FD28F4#16D2FA6F00000000
(1779047615.923320) can0 4D4#000033007D0F0203
(1779047615.924321) can0 4D5#DF0CE00C3F3F0000
(1779047615.925398) can0 18914010#0CE0100CDF020000
(1779047615.926397) can0 18904010#020F020F753001FE
(1779047615.927391) can0 18FA28F4#E23DA12C10270000
(1779047615.928384) can0 18FB28F4#E00CDF0C3F3F0000
(1779047615.929404) can0 18FC28F4#383300000F020000
(1779047615.930385) can0 18F810F3#0F02E80333640100
(1779047615.931436) can0 18F815F3#0000000010030000
(1779047615.932313) can0 273#000000000F023300
(1779047615.933316) can0 1E1#020F271001FE01FE
(1779047615.934328) can0 1F5#0000000000000000
(1779047615.935423) can0 0800A6A9#0000000000000000
(1779047615.936392) can0 1000A6A9#0F02881333494949
(1779047615.937405) can0 1C00A6A9#0000000000030000
(1779047615.938436) can0 02018100#1003020F00000000
(1779047615.939430) can0 02028100#0000003364000000
(1779047615.940408) can0 02038100#0CE001100CDF0102
(1779047615.941411) can0 02048100#4901014901010000
(1779047615.942290) can0 1AD#9914000059331717
(1779047615.943304) can0 2AD#E00C800C99140016
(1779047615.944315) can0 3AD#0000000000009914
(1779047615.945329) can0 4AD#EB00000000000000
(1779047615.946324) can0 76A#7F00000000000000
(1779047616.025964) can0 0000E005#16D2420003B60591
(1779047616.026548) can0 1806E5F4#13EC010003B6023A
(1779047616.027415) can0 0000E000#13EC13EC020F0000
(1779047616.028395) can0 0000E004#171703B603B601E4
(1779047616.029395) can0 0000E006#0CE00CE00CE00CE0
(1779047616.030389) can0 0000E007#0CE00CE00CE00CE0
(1779047616.031389) can0 0000E008#0CE00CE00CE00CE0
(1779047616.032422) can0 0000E009#0CE00CE00CE00CE0
(1779047616.033434) can0 0000E010#0000000000000000
(1779047616.034430) can0 0000E011#0000000000000000
(1779047616.035415) can0 0000E012#0CE0000000000000
(1779047616.036377) can0 0000E013#4542323630354C43
(1779047616.037410) can0 0000E014#3134323300000000
(1779047616.038423) can0 0000E015#0000000000000003
(1779047616.039441) can0 0000F000#0000000000000000
(1779047616.040467) can0 0000F001#0000000000000000
(1779047616.041415) can0 18FF28F4#10330000020F0000
(1779047616.042397) can0 18FE28F4#0CE00CE03F3F0000
(1779047616.043397) can0 18FD28F4#16D2FA6F00000000
(1779047616.044315) can0 4D4#000033007D0F0203
(1779047616.045315) can0 4D5#E00CE00C3F3F0000
(1779047616.046403) can0 18914010#0CE0100CE0010000
(1779047616.047404) can0 18904010#020F020F753001FE
(1779047616.048450) can0 18924010#3F013F0100000000
(1779047616.049398) can0 18934010#000000370000BD42
(1779047616.050419) can0 18944010#1003000000000000
(1779047616.051430) can0 18954010#0000000000000000
(1779047616.052425) can0 18954010#0100000000000000
(1779047616.053424) can0 18954010#0200000000000000
(1779047616.054421) can0 18954010#0300000000000000
(1779047616.055423) can0 18954010#0400000000000000
(1779047616.056469) can0 18954010#0500000000000000
(1779047616.057418) can0 18964010#003F3F3F00000000
(1779047616.058426) can0 18974010#0000000000000000
(1779047616.059424) can0 18984010#0000000000000000
(1779047616.060392) can0 18FA28F4#E23DA12C10270000
(1779047616.061386) can0 18FB28F4#E00CE00C3F3F0000
(1779047616.062418) can0 18FC28F4#383300000F020000
(1779047616.063379) can0 18F810F3#0F02E80333640100
(1779047616.064406) can0 18F811F3#E00C1001E00C0101
(1779047616.065405) can0 18F812F3#3F01013F01010000
(1779047616.066415) can0 18F813F3#0101000000000000
(1779047616.067400) can0 18F814F3#3200BA1AA9015F00
(1779047616.068413) can0 18F815F3#0000000010030000
(1779047616.069311) can0 273#000000000F023300
(1779047616.070308) can0 1E1#020F271001FE01FE
(1779047616.071336) can0 1F5#0000000000000000
(1779047616.072413) can0 0800A6A9#0000000000000000
(1779047616.073381) can0 1000A6A9#0F02881333494949
(1779047616.074413) can0 1C00A6A9#0000000000030000
(1779047616.075426) can0 02018100#1003020F00000000
(1779047616.076420) can0 02028100#0000003364000000
(1779047616.077402) can0 02038100#0CE001100CE00101
(1779047616.078401) can0 02048100#4901014901010000
(1779047616.079287) can0 1AD#9914000059331717
(1779047616.080300) can0 2AD#E00C800C99140016
(1779047616.081312) can0 3AD#0000000000009914
(1779047616.082322) can0 4AD#EB00000000000000
(1779047616.083325) can0 76A#7F00000000000000
(1779047616.141968) can0 0000E005#16D2420003B60591
(1779047616.142552) can0 1806E5F4#13EC010003B6023A
(1779047616.143420) can0 0000E000#13EC13EC020F0000
(1779047616.144401) can0 0000E004#171703B603B601E4
(1779047616.145402) can0 0000E006#0CE00CE00CE00CE0
(1779047616.146396) can0 0000E007#0CE00CE00CE00CE0
(1779047616.147391) can0 0000E008#0CE00CE00CE00CE0
(1779047616.148396) can0 0000E009#0CE00CE00CE00CE0
(1779047616.149440) can0 0000E010#0000000000000000
(1779047616.150421) can0 0000E011#0000000000000000
(1779047616.151413) can0 0000E012#0CE0000000000000
(1779047616.152434) can0 0000F001#0000000000000000
(1779047616.153415) can0 18FF28F4#10330000020F0000
(1779047616.154397) can0 18FE28F4#0CE00CE03F3F0000
(1779047616.155397) can0 18FD28F4#16D2FA6F00000000
(1779047616.156314) can0 4D4#000033007D0F0203
(1779047616.157307) can0 4D5#E00CE00C3F3F0000
(1779047616.158403) can0 18914010#0CE0100CE0010000
(1779047616.159402) can0 18904010#020F020F753001FE
(1779047616.160404) can0 18FA28F4#E23DA12C10270000
(1779047616.161397) can0 18FB28F4#E00CE00C3F3F0000
(1779047616.162410) can0 18FC28F4#383300000F020000
(1779047616.163391) can0 18F810F3#0F02E80333640100
(1779047616.164423) can0 18F815F3#0000000010030000
(1779047616.165328) can0 273#000000000F023300
(1779047616.166328) can0 1E1#020F271001FE01FE
(1779047616.167334) can0 1F5#0000000000000000
(1779047616.168417) can0 0800A6A9#0000000000000000
(1779047616.169379) can0 1000A6A9#0F02881333494949
(1779047616.170430) can0 1C00A6A9#0000000000030000
(1779047616.171418) can0 02018100#1003020F00000000
(1779047616.172424) can0 02028100#0000003364000000
(1779047616.173406) can0 02038100#0CE001100CE00101
(1779047616.174406) can0 02048100#4901014901010000
(1779047616.175301) can0 1AD#9914000059331717
(1779047616.176298) can0 2AD#E00C800C99140016
(1779047616.177328) can0 3AD#0000000000009914
(1779047616.178355) can0 4AD#EB00000000000000
(1779047616.179336) can0 76A#7F00000000000000
(1779047616.242000) can0 0000E005#16D2420003B60591
(1779047616.242603) can0 1806E5F4#13EC010003B6023A
(1779047616.243419) can0 0000E000#13EC13EC020F0000
(1779047616.244396) can0 0000E004#171703B603B601E4
(1779047616.245399) can0 0000E006#0CE00CE00CE00CE0
(1779047616.246394) can0 0000E007#0CE00CE00CE00CE0
(1779047616.247412) can0 0000E008#0CE00CE00CE00CE0
(1779047616.248385) can0 0000E009#0CE00CE00CE00CE0
(1779047616.249438) can0 0000E010#0000000000000000
(1779047616.250439) can0 0000E011#0000000000000000
(1779047616.251419) can0 0000E012#0CE0000000000000
(1779047616.252432) can0 0000F001#0000000000000000
(1779047616.253432) can0 18FF28F4#10330000020F0000
(1779047616.254414) can0 18FE28F4#0CE00CE03F3F0000
(1779047616.255427) can0 18FD28F4#16D2FA6F00000000
(1779047616.256321) can0 4D4#000033007D0F0203
(1779047616.257324) can0 4D5#E00CE00C3F3F0000
(1779047616.258402) can0 18914010#0CE0100CE0010000
(1779047616.259413) can0 18904010#020F020F753001FE
(1779047616.260395) can0 18FA28F4#E23DA12C10270000
(1779047616.261394) can0 18FB28F4#E00CE00C3F3F0000
(1779047616.262408) can0 18FC28F4#383300000F020000
(1779047616.263420) can0 18F810F3#0F02E80333640100
(1779047616.264420) can0 18F815F3#0000000010030000
(1779047616.265319) can0 273#000000000F023300
(1779047616.266323) can0 1E1#020F271001FE01FE
(1779047616.267331) can0 1F5#0000000000000000
(1779047616.268422) can0 0800A6A9#0000000000000000
(1779047616.269396) can0 1000A6A9#0F02881333494949
(1779047616.270409) can0 1C00A6A9#0000000000030000
(1779047616.271472) can0 02018100#1003020F00000000
(1779047616.272419) can0 02028100#0000003364000000
(1779047616.273415) can0 02038100#0CE001100CE00101
(1779047616.274415) can0 02048100#4901014901010000
(1779047616.275295) can0 1AD#9914000059331717
(1779047616.276307) can0 2AD#E00C800C99140016
(1779047616.277320) can0 3AD#0000000000009914
(1779047616.278333) can0 4AD#EB00000000000000
(1779047616.279377) can0 76A#7F00000000000000
(1779047616.341950) can0 0000E005#16D2420003B60591
(1779047616.342562) can0 1806E5F4#13EC010003B6023A
(1779047616.343429) can0 0000E000#13EC13EC020F0000
(1779047616.344397) can0 0000E004#171703B603B601E4
(1779047616.345402) can0 0000E006#0CE00CE00CE00CE0
(1779047616.346411) can0 0000E007#0CE00CE00CE00CE0
(1779047616.347404) can0 0000E008#0CE00CE00CE00CE0
(1779047616.348436) can0 0000E009#0CE00CE00CE00CE0
(1779047616.349436) can0 0000E010#0000000000000000
(1779047616.350430) can0 0000E011#0000000000000000
(1779047616.351430) can0 0000E012#0CE0000000000000
(1779047616.352442) can0 0000F001#0000000000000000
(1779047616.353422) can0 18FF28F4#10330000020F0000
(1779047616.354405) can0 18FE28F4#0CE00CE03F3F0000
(1779047616.355405) can0 18FD28F4#16D2FA6F00000000
(1779047616.356366) can0 4D4#000033007D0F0203
(1779047616.357311) can0 4D5#E00CE00C3F3F0000
(1779047616.358411) can0 18914010#0CE0100CE0010000
(1779047616.359411) can0 18904010#020F020F753001FE
(1779047616.360411) can0 18FA28F4#E23DA12C10270000
(1779047616.361405) can0 18FB28F4#E00CE00C3F3F0000
(1779047616.362419) can0 18FC28F4#383300000F020000
(1779047616.363405) can0 18F810F3#0F02E80333640100
(1779047616.364481) can0 18F815F3#0000000010030000
(1779047616.365325) can0 273#000000000F023300
(1779047616.366317) can0 1E1#020F271001FE01FE
(1779047616.367341) can0 1F5#0000000000000000
(1779047616.368424) can0 0800A6A9#0000000000000000
(1779047616.369381) can0 1000A6A9#0F02881333494949
(1779047616.370419) can0 1C00A6A9#0000000000030000
(1779047616.371431) can0 02018100#1003020F00000000
(1779047616.372431) can0 02028100#0000003364000000
(1779047616.373412) can0 02038100#0CE001100CE00101
(1779047616.374407) can0 02048100#4901014901010000
(1779047616.375305) can0 1AD#9914000059331717
(1779047616.376318) can0 2AD#E00C800C99140016
(1779047616.377326) can0 3AD#0000000000009914
(1779047616.378325) can0 4AD#EB00000000000000
(1779047616.379338) can0 76A#7F00000000000000
(1779047616.441971) can0 0000E005#16D2420003B60591
(1779047616.442552) can0 1806E5F4#13EC010003B6023A
(1779047616.443433) can0 0000E000#13EC13EC020F0000
(1779047616.444401) can0 0000E004#171703B603B601E4
(1779047616.445401) can0 0000E006#0CE00CE00CE00CE0
(1779047616.446414) can0 0000E007#0CE00CE00CE00CE0
(1779047616.447413) can0 0000E008#0CE00CE00CE00CE0
(1779047616.448408) can0 0000E009#0CE00CE00CE00CE0
(1779047616.449440) can0 0000E010#0000000000000000
(1779047616.450433) can0 0000E011#0000000000000000
(1779047616.451433) can0 0000E012#0CE0000000000000
(1779047616.452434) can0 0000F001#0000000000000000
(1779047616.453428) can0 18FF28F4#10330000020F0000
(1779047616.454407) can0 18FE28F4#0CE00CE03F3F0000
(1779047616.455409) can0 18FD28F4#16D2FA6F00000000
(1779047616.456325) can0 4D4#000033007D0F0203
(1779047616.457326) can0 4D5#E00CE00C3F3F0000
(1779047616.458403) can0 18914010#0CE0100CE0010000
(1779047616.459416) can0 18904010#020F020F753001FE
(1779047616.460396) can0 18FA28F4#E23DA12C10270000
(1779047616.461410) can0 18FB28F4#E00CE00C3F3F0000
(1779047616.462418) can0 18FC28F4#383300000F020000
(1779047616.463390) can0 18F810F3#0F02E80333640100
(1779047616.464435) can0 18F815F3#0000000010030000
(1779047616.465321) can0 273#000000000F023300
(1779047616.466315) can0 1E1#020F271001FE01FE
(1779047616.467346) can0 1F5#0000000000000000
(1779047616.468429) can0 0800A6A9#0000000000000000
(1779047616.469391) can0 1000A6A9#0F02881333494949
(1779047616.470423) can0 1C00A6A9#0000000000030000
(1779047616.471436) can0 02018100#1003020F00000000
(1779047616.472417) can0 02028100#0000003364000000
(1779047616.473417) can0 02038100#0CE001100CE00101
(1779047616.474405) can0 02048100#4901014901010000
(1779047616.475296) can0 1AD#9914000059331717
(1779047616.476310) can0 2AD#E00C800C99140016
(1779047616.477334) can0 3AD#0000000000009914
(1779047616.478344) can0 4AD#EB00000000000000
(1779047616.479348) can0 76A#7F00000000000000
(1779047616.558977) can0 0000E005#16D2420003B60591
(1779047616.559561) can0 1806E5F4#13EC010003B6023A
(1779047616.560427) can0 0000E000#13EC13EC020F0000
(1779047616.561408) can0 0000E004#171703B603B601E4
(1779047616.562408) can0 0000E006#0CE00CE00CE00CE0
(1779047616.563421) can0 0000E007#0CE00CE00CE00CE0
(1779047616.564407) can0 0000E008#0CE00CE00CE00CE0
(1779047616.565401) can0 0000E009#0CE00CE00CE00CE0
(1779047616.566433) can0 0000E010#0000000000000000
(1779047616.567426) can0 0000E011#0000000000000000
(1779047616.568427) can0 0000E012#0CE0000000000000
(1779047616.569395) can0 0000E013#4542323630354C43
(1779047616.570421) can0 0000E014#3134323300000000
(1779047616.571472) can0 0000E015#0000000000000003
(1779047616.572433) can0 0000F000#0000000000000000
(1779047616.573434) can0 0000F001#0000000000000000
(1779047616.574435) can0 18FF28F4#10330000020F0000
(1779047616.575407) can0 18FE28F4#0CE00CE03F3F0000
(1779047616.576409) can0 18FD28F4#16D2FA6F00000000
(1779047616.577328) can0 4D4#000033007D0F0203
(1779047616.578328) can0 4D5#E00CE00C3F3F0000
(1779047616.579472) can0 18914010#0CE0100CE0010000
(1779047616.580426) can0 18904010#020F020F753001FE
(1779047616.581417) can0 18924010#3F013F0100000000
(1779047616.582417) can0 18934010#000000380000BD42
(1779047616.583429) can0 18944010#1003000000000000
(1779047616.584441) can0 18954010#0000000000000000
(1779047616.585441) can0 18954010#0100000000000000
(1779047616.586442) can0 18954010#0200000000000000
(1779047616.587484) can0 18954010#0300000000000000
(1779047616.588435) can0 18954010#0400000000000000
(1779047616.589435) can0 18954010#0500000000000000
(1779047616.590429) can0 18964010#003F3F3F00000000
(1779047616.591428) can0 18974010#0000000000000000
(1779047616.592428) can0 18984010#0000000000000000
(1779047616.593405) can0 18FA28F4#E23DA12C10270000
(1779047616.594399) can0 18FB28F4#E00CE00C3F3F0000
(1779047616.595430) can0 18FC28F4#383300000F020000
(1779047616.596393) can0 18F810F3#0F02E80333640100
(1779047616.597404) can0 18F811F3#E00C1001E00C0101
(1779047616.598419) can0 18F812F3#3F01013F01010000
(1779047616.599425) can0 18F813F3#0101000000000000
(1779047616.600411) can0 18F814F3#3200BA1AA9015F00
(1779047616.601424) can0 18F815F3#0000000010030000
(1779047616.602324) can0 273#000000000F023300
(1779047616.603315) can0 1E1#020F271001FE01FE
(1779047616.604348) can0 1F5#0000000000000000
(1779047616.605430) can0 0800A6A9#0000000000000000
(1779047616.606396) can0 1000A6A9#0F02881333494949
(1779047616.607426) can0 1C00A6A9#0000000000030000
(1779047616.608438) can0 02018100#1003020F00000000
(1779047616.609418) can0 02028100#0000003364000000
(1779047616.610419) can0 02038100#0CE001100CE00101
(1779047616.611410) can0 02048100#4901014901010000
(1779047616.612298) can0 1AD#9914000059331717
(1779047616.613312) can0 2AD#E00C800C99140016
(1779047616.614323) can0 3AD#0000000000009914
(1779047616.615332) can0 4AD#EB00000000000000
(1779047616.616337) can0 76A#7F00000000000000
(1779047616.675014) can0 0000E005#16D2420003B60591
(1779047616.675598) can0 1806E5F4#13EC010003B6023A
(1779047616.676432) can0 0000E000#13EC13EC020F0000
(1779047616.677401) can0 0000E004#171703B603B601E4
(1779047616.678413) can0 0000E006#0CE00CE00CE00CE0
(1779047616.679413) can0 0000E007#0CE00CE00CE00CE0
(1779047616.680404) can0 0000E008#0CE00CE00CE00CE0
(1779047616.681407) can0 0000E009#0CE00CE00CE00CE0
(1779047616.682440) can0 0000E010#0000000000000000
(1779047616.683432) can0 0000E011#0000000000000000
(1779047616.684431) can0 0000E012#0CE0000000000000
(1779047616.685446) can0 0000F001#0000000000000000
(1779047616.686427) can0 18FF28F4#10330000020F0000
(1779047616.687407) can0 18FE28F4#0CE00CE03F3F0000
(1779047616.688408) can0 18FD28F4#16D2FA6F00000000
(1779047616.689325) can0 4D4#000033007D0F0203
(1779047616.690319) can0 4D5#E00CE00C3F3F0000
(1779047616.691414) can0 18914010#0CE0100CE0010000
(1779047616.692413) can0 18904010#020F020F753001FE
(1779047616.693414) can0 18FA28F4#E23DA12C10270000
(1779047616.694409) can0 18FB28F4#E00CE00C3F3F0000
(1779047616.695422) can0 18FC28F4#383300000F020000
(1779047616.696401) can0 18F810F3#0F02E80333640100
(1779047616.697434) can0 18F815F3#0000000010030000
(1779047616.698339) can0 273#000000000F023300
(1779047616.699320) can0 1E1#020F271001FE01FE
(1779047616.700345) can0 1F5#0000000000000000
(1779047616.701441) can0 0800A6A9#0000000000000000
(1779047616.702390) can0 1000A6A9#0F02881333494949
(1779047616.703422) can0 1C00A6A9#0000000000030000
(1779047616.704429) can0 02018100#1003020F00000000
(1779047616.705434) can0 02028100#0000003364000000
(1779047616.706416) can0 02038100#0CE001100CE00101
(1779047616.707410) can0 02048100#4901014901010000
(1779047616.708302) can0 1AD#9914000059331717
(1779047616.709340) can0 2AD#E00C800C99140016
(1779047616.710334) can0 3AD#0000000000009914
(1779047616.711347) can0 4AD#EB00000000000000
(1779047616.712340) can0 76A#7F00000000000000
(1779047616.774977) can0 0000E005#16D2420003B60591
(1779047616.775561) can0 1806E5F4#13EC010003B6023A
(1779047616.776442) can0 0000E000#13EC13EC020F0000
(1779047616.777399) can0 0000E004#171703B603B601E4
(1779047616.778418) can0 0000E006#0CE00CE00CE00CE0
(1779047616.779417) can0 0000E007#0CE00CE00CE00CE0
(1779047616.780411) can0 0000E008#0CE00CE00CE00CE0
(1779047616.781411) can0 0000E009#0CE00CE00CE00CE0
(1779047616.782443) can0 0000E010#0000000000000000
(1779047616.783436) can0 0000E011#0000000000000000
(1779047616.784437) can0 0000E012#0CE0000000000000
(1779047616.785449) can0 0000F001#0000000000000000
(1779047616.786450) can0 18FF28F4#10330000020F0000
(1779047616.787412) can0 18FE28F4#0CE00CE03F3F0000
(1779047616.788412) can0 18FD28F4#16D2FA6F00000000
(1779047616.789325) can0 4D4#000033007D0F0203
(1779047616.790330) can0 4D5#E00CE00C3F3F0000
(1779047616.791418) can0 18914010#0CE0100CE0010000
(1779047616.792419) can0 18904010#020F020F753001FE
(1779047616.793411) can0 18FA28F4#E23DA12C10270000
(1779047616.794432) can0 18FB28F4#E00CE00C3F3F0000
(1779047616.795431) can0 18FC28F4#383300000F020000
(1779047616.796412) can0 18F810F3#0F02E80333640100
(1779047616.797439) can0 18F815F3#0000000010030000
(1779047616.798344) can0 273#000000000F023300
(1779047616.799324) can0 1E1#020F271001FE01FE
(1779047616.800349) can0 1F5#0000000000000000
(1779047616.801424) can0 0800A6A9#0000000000000000
(1779047616.802426) can0 1000A6A9#0F02881333494949
(1779047616.803426) can0 1C00A6A9#0000000000030000
(1779047616.804439) can0 02018100#1003020F00000000
(1779047616.805443) can0 02028100#0000003364000000
(1779047616.806424) can0 02038100#0CE001100CE00101
(1779047616.807415) can0 02048100#4901014901010000
(1779047616.808312) can0 1AD#9914000059331717
(1779047616.809312) can0 2AD#E00C800C99140016
(1779047616.810370) can0 3AD#0000000000009914
(1779047616.811338) can0 4AD#EB00000000000000
(1779047616.812351) can0 76A#7F00000000000000
(1779047616.874971) can0 0000E005#16D2420003B60591
(1779047616.875561) can0 1806E5F4#13EC010003B6023A
(1779047616.876448) can0 0000E000#13EC13EC020F0000
(1779047616.877410) can0 0000E004#171703B603B601E4
(1779047616.878407) can0 0000E006#0CE00CE00CE00CE0
(1779047616.879455) can0 0000E007#0CE00CE00CE00CE0
(1779047616.880422) can0 0000E008#0CE00CE00CE00CE0
(1779047616.881416) can0 0000E009#0CE00CE00CE00CE0
(1779047616.882448) can0 0000E010#0000000000000000
(1779047616.883447) can0 0000E011#0000000000000000
(1779047616.884441) can0 0000E012#0CE0000000000000
(1779047616.885442) can0 0000F001#0000000000000000
(1779047616.886433) can0 18FF28F4#10330000020F0000
(1779047616.887454) can0 18FE28F4#0CE00CE03F3F0000
(1779047616.888417) can0 18FD28F4#16D2FA6F00000000
(1779047616.889334) can0 4D4#000033007D0F0203
(1779047616.890329) can0 4D5#E00CE00C3F3F0000
(1779047616.891410) can0 18914010#0CE0100CE0010000
(1779047616.892429) can0 18904010#020F020F753001FE
(1779047616.893411) can0 18FA28F4#E23DA12C10270000
(1779047616.894404) can0 18FB28F4#E00CE00C3F3F0000
(1779047616.895486) can0 18FC28F4#383300000F020000
(1779047616.896398) can0 18F810F3#0F02E80333640100
(1779047616.897430) can0 18F815F3#0000000010030000
(1779047616.898328) can0 273#000000000F023300
(1779047616.899328) can0 1E1#020F271001FE01FE
(1779047616.900359) can0 1F5#0000000000000000
(1779047616.901437) can0 0800A6A9#0000000000000000
(1779047616.902402) can0 1000A6A9#0F02881333494949
(1779047616.903431) can0 1C00A6A9#0000000000030000
(1779047616.904449) can0 02018100#1003020F00000000
(1779047616.905431) can0 02028100#0000003364000000
(1779047616.906425) can0 02038100#0CE001100CE00101
(1779047616.907425) can0 02048100#4901014901010000
(1779047616.908304) can0 1AD#9914000059331717
(1779047616.909316) can0 2AD#E00C800C99140016
(1779047616.910330) can0 3AD#0000000000009914
(1779047616.911342) can0 4AD#EB00000000000000
(1779047616.912342) can0 76A#7F00000000000000
(1779047616.975027) can0 0000E005#16D2420003B60591
(1779047616.975609) can0 1806E5F4#13EC010003B6023A
(1779047616.976445) can0 0000E000#13EC13EC020F0000
(1779047616.977406) can0 0000E004#171703B603B601E4
(1779047616.978407) can0 0000E006#0CE00CE00CE00CE0
(1779047616.979420) can0 0000E007#0CE00CE00CE00CE0
(1779047616.980419) can0 0000E008#0CE00CE00CE00CE0
(1779047616.981413) can0 0000E009#0CE00CE00CE00CE0
(1779047616.982445) can0 0000E010#0000000000000000
(1779047616.983435) can0 0000E011#0000000000000000
(1779047616.984439) can0 0000E012#0CE0000000000000
(1779047616.985452) can0 0000F001#0000000000000000
(1779047616.986439) can0 18FF28F4#10330000020F0000
(1779047616.987418) can0 18FE28F4#0CE00CE03F3F0000
(1779047616.988414) can0 18FD28F4#16D2FA6F00000000
(1779047616.989331) can0 4D4#000033007D0F0203
(1779047616.990332) can0 4D5#E00CE00C3F3F0000
(1779047616.991427) can0 18914010#0CE0100CE0010000
(1779047616.992421) can0 18904010#020F020F753001FE
(1779047616.993422) can0 18FA28F4#E23DA12C10270000
(1779047616.994421) can0 18FB28F4#E00CE00C3F3F0000
(1779047616.995430) can0 18FC28F4#383300000F020000
(1779047616.996397) can0 18F810F3#0F02E80333640100
(1779047616.997447) can0 18F815F3#0000000010030000
(1779047616.998327) can0 273#000000000F023300
(1779047616.999319) can0 1E1#020F271001FE01FE
(1779047617.000359) can0 1F5#0000000000000000
(1779047617.001435) can0 0800A6A9#0000000000000000
(1779047617.002403) can0 1000A6A9#0F02881333494949
(1779047617.003429) can0 1C00A6A9#0000000000030000
(1779047617.004448) can0 02018100#1003020F00000000
(1779047617.005435) can0 02028100#0000003364000000
(1779047617.006429) can0 02038100#0CE001100CE00101
(1779047617.007416) can0 02048100#4901014901010000
(1779047617.008302) can0 1AD#9914000059331717
(1779047617.009334) can0 2AD#E00C800C99140016
(1779047617.010328) can0 3AD#0000000000009914
(1779047617.011336) can0 4AD#EB00000000000000
(1779047617.012341) can0 76A#7F00000000000000
(1779047617.092013) can0 0000E005#16D2420003B60591
(1779047617.092617) can0 1806E5F4#13EC010003B6023A
(1779047617.093438) can0 0000E000#13EC13EC020F0000
(1779047617.094438) can0 0000E004#171703B603B601E4
(1779047617.095419) can0 0000E006#0CE00CE00CE00CE0
(1779047617.096413) can0 0000E007#0CE00CE00CE00CE0
(1779047617.097410) can0 0000E008#0CE00CE00CE00CE0
(1779047617.098414) can0 0000E009#0CE00CE00CE00CE0
(1779047617.099458) can0 0000E010#0000000000000000
(1779047617.100457) can0 0000E011#0000000000000000
(1779047617.101429) can0 0000E012#0CE0000000000000
(1779047617.102433) can0 0000E013#4542323630354C43
(1779047617.103433) can0 0000E014#3134323300000000
(1779047617.104444) can0 0000E015#0000000000000003
(1779047617.105445) can0 0000F000#0000000000000000
(1779047617.106440) can0 0000F001#0000000000000000
(1779047617.107439) can0 18FF28F4#10330000020F0000
(1779047617.108421) can0 18FE28F4#0CE00CE03F3F0000
(1779047617.109418) can0 18FD28F4#16D2FA6F00000000
(1779047617.110371) can0 4D4#000033007D0F0203
(1779047617.111332) can0 4D5#E00CE00C3F3F0000
(1779047617.112415) can0 18914010#0CE0100CE0010000
(1779047617.113424) can0 18904010#020F020F753001FE
(1779047617.114427) can0 18924010#3F013F0100000000
(1779047617.115421) can0 18934010#000000390000BD42
(1779047617.116434) can0 18944010#1003000000000000
(1779047617.117453) can0 18954010#0000000000000000
(1779047617.118498) can0 18954010#0100000000000000
(1779047617.119447) can0 18954010#0200000000000000
(1779047617.120447) can0 18954010#0300000000000000
(1779047617.121435) can0 18954010#0400000000000000
(1779047617.122441) can0 18954010#0500000000000000
(1779047617.123435) can0 18964010#003F3F3F00000000
(1779047617.124447) can0 18974010#0000000000000000
(1779047617.125439) can0 18984010#0000000000000000
(1779047617.126410) can0 18FA28F4#E23DA12C10270000
(1779047617.127422) can0 18FB28F4#E00CE00C3F3F0000
(1779047617.128435) can0 18FC28F4#383300000F020000
(1779047617.129416) can0 18F810F3#0F02E80333640100
(1779047617.130429) can0 18F811F3#E00C1001E00C0101
(1779047617.131423) can0 18F812F3#3F01013F01010000
(1779047617.132436) can0 18F813F3#0101000000000000
(1779047617.133417) can0 18F814F3#3200BA1AA9015F00
(1779047617.134449) can0 18F815F3#0000000010030000
(1779047617.135348) can0 273#000000000F023300
(1779047617.136326) can0 1E1#020F271001FE01FE
(1779047617.137354) can0 1F5#0000000000000000
(1779047617.138431) can0 0800A6A9#0000000000000000
(1779047617.139398) can0 1000A6A9#0F02881333494949
(1779047617.140430) can0 1C00A6A9#0000000000030000
(1779047617.141443) can0 02018100#1003020F00000000
(1779047617.142444) can0 02028100#0000003364000000
(1779047617.143424) can0 02038100#0CE001100CE00101
(1779047617.144414) can0 02048100#4901014901010000
(1779047617.145303) can0 1AD#9914000059331717
(1779047617.146316) can0 2AD#E00C800C99140016
(1779047617.147330) can0 3AD#0000000000009914
(1779047617.148342) can0 4AD#EB00000000000000
(1779047617.149343) can0 76A#7F00000000000000
(1779047617.208047) can0 0000E005#16D2420003B60591
(1779047617.208617) can0 1806E5F4#13EC010003B6023A
(1779047617.209445) can0 0000E000#13EC13EC020F0000
(1779047617.210414) can0 0000E004#171703B603B601E4
(1779047617.211414) can0 0000E006#0CE00CE00CE00CE0
(1779047617.212425) can0 0000E007#0CE00CE00CE00CE0
(1779047617.213416) can0 0000E008#0CE00CE00CE00CE0
(1779047617.214436) can0 0000E009#0CE00CE00CE00CE0
(1779047617.215466) can0 0000E010#0000000000000000
(1779047617.216466) can0 0000E011#0000000000000000
(1779047617.217453) can0 0000E012#0CE0000000000000
(1779047617.218459) can0 0000F001#0000000000000000
(1779047617.219439) can0 18FF28F4#10330000020F0000
(1779047617.220426) can0 18FE28F4#0CE00CE03F3F0000
(1779047617.221420) can0 18FD28F4#16D2FA6F00000000
(1779047617.222339) can0 4D4#000033007D0F0203
(1779047617.223338) can0 4D5#E00CE00C3F3F0000
(1779047617.224432) can0 18914010#0CE0100CE0010000
(1779047617.225423) can0 18904010#020F020F753001FE
(1779047617.226427) can0 18FA28F4#E23DA12C10270000
(1779047617.227420) can0 18FB28F4#E00CE00C3F3F0000
(1779047617.228433) can0 18FC28F4#383300000F020000
(1779047617.229412) can0 18F810F3#0F02E80333640100
(1779047617.230447) can0 18F815F3#0000000010030000
(1779047617.231350) can0 273#000000000F023300
(1779047617.232345) can0 1E1#020F271001FE01FE
(1779047617.233367) can0 1F5#0000000000000000
(1779047617.234448) can0 0800A6A9#0000000000000000
(1779047617.235410) can0 1000A6A9#0F02881333494949
(1779047617.236440) can0 1C00A6A9#0000000000030000
(1779047617.237448) can0 02018100#1003020F00000000
(1779047617.238447) can0 02028100#0000003364000000
(1779047617.239428) can0 02038100#0CE001100CE00101
(1779047617.240440) can0 02048100#4901014901010000
(1779047617.241321) can0 1AD#9914000059331717
(1779047617.242334) can0 2AD#E00C800C99140016
(1779047617.243346) can0 3AD#0000000000009914
(1779047617.244345) can0 4AD#EB00000000000000
(1779047617.245358) can0 76A#7F00000000000000
(1779047617.307980) can0 0000E005#16D2420003B60591
(1779047617.308570) can0 1806E5F4#13EC010003B6023A
(1779047617.309448) can0 0000E000#13EC13EC020F0000
(1779047617.310416) can0 0000E004#171703B603B601E4
(1779047617.311416) can0 0000E006#0CE00CE00CE00CE0
(1779047617.312410) can0 0000E007#0CE00CE00CE00CE0
(1779047617.313429) can0 0000E008#0CE00CE00CE00CE0
(1779047617.314419) can0 0000E009#0CE00CE00CE00CE0
(1779047617.315454) can0 0000E010#0000000000000000
(1779047617.316448) can0 0000E011#0000000000000000
(1779047617.317467) can0 0000E012#0CE0000000000000
(1779047617.318448) can0 0000F001#0000000000000000
(1779047617.319442) can0 18FF28F4#10330000020F0000
(1779047617.320424) can0 18FE28F4#0CE00CE03F3F0000
(1779047617.321423) can0 18FD28F4#16D2FA6F00000000
(1779047617.322334) can0 4D4#000033007D0F0203
(1779047617.323341) can0 4D5#E00CE00C3F3F0000
(1779047617.324417) can0 18914010#0CE0100CE0010000
(1779047617.325449) can0 18904010#020F020F753001FE
(1779047617.326423) can0 18FA28F4#E23DA12C10270000
(1779047617.327424) can0 18FB28F4#E00CE00C3F3F0000
(1779047617.328436) can0 18FC28F4#383300000F020000
(1779047617.329404) can0 18F810F3#0F02E80333640100
(1779047617.330450) can0 18F815F3#0000000010030000
(1779047617.331354) can0 273#000000000F023300
(1779047617.332336) can0 1E1#020F271001FE01FE
(1779047617.333393) can0 1F5#0000000000000000
(1779047617.334435) can0 0800A6A9#0000000000000000
(1779047617.335406) can0 1000A6A9#0F02881333494949
(1779047617.336437) can0 1C00A6A9#0000000000030000
(1779047617.337450) can0 02018100#1003020F00000000
(1779047617.338444) can0 02028100#0000003364000000
(1779047617.339431) can0 02038100#0CE001100CE00101
(1779047617.340425) can0 02048100#4901014901010000
(1779047617.341355) can0 1AD#9914000059331717
(1779047617.342324) can0 2AD#E00C800C99140016
(1779047617.343330) can0 3AD#0000000000009914
(1779047617.344343) can0 4AD#EB00000000000000
(1779047617.345343) can0 76A#7F00000000000000
(1779047617.408034) can0 0000E005#16D2420003B60591
(1779047617.408619) can0 1806E5F4#13EC010003B6023A
(1779047617.409440) can0 0000E000#13EC13EC020F0000
(1779047617.410453) can0 0000E004#171703B603B601E4
(1779047617.411409) can0 0000E006#0CE00CE00CE00CE0
(1779047617.412414) can0 0000E007#0CE00CE00CE00CE0
(1779047617.413426) can0 0000E008#0CE00CE00CE00CE0
(1779047617.414426) can0 0000E009#0CE00CE00CE00CE0
(1779047617.415452) can0 0000E010#0000000000000000
(1779047617.416452) can0 0000E011#0000000000000000
(1779047617.417452) can0 0000E012#0CE0000000000000
(1779047617.418497) can0 0000F001#0000000000000000
(1779047617.419443) can0 18FF28F4#10330000020F0000
(1779047617.420428) can0 18FE28F4#0CE00CE03F3F0000
(1779047617.421427) can0 18FD28F4#16D2FA6F00000000
(1779047617.422339) can0 4D4#000033007D0F0203
(1779047617.423338) can0 4D5#E00CE00C3F3F0000
(1779047617.424434) can0 18914010#0CE0100CE0010000
(1779047617.425434) can0 18904010#020F020F753001FE
(1779047617.426460) can0 18FA28F4#E23DA12C10270000
(1779047617.427428) can0 18FB28F4#E00CE00C3F3F0000
(1779047617.428441) can0 18FC28F4#383300000F020000
(1779047617.429409) can0 18F810F3#0F02E80333640100
(1779047617.430454) can0 18F815F3#0000000010030000
(1779047617.431330) can0 273#000000000F023300
(1779047617.432333) can0 1E1#020F271001FE01FE
(1779047617.433366) can0 1F5#0000000000000000
(1779047617.434443) can0 0800A6A9#0000000000000000
(1779047617.435402) can0 1000A6A9#0F02881333494949
(1779047617.436435) can0 1C00A6A9#0000000000030000
(1779047617.437455) can0 02018100#1003020F00000000
(1779047617.438435) can0 02028100#0000003364000000
(1779047617.439430) can0 02038100#0CE001100CE00101
(1779047617.440430) can0 02048100#4901014901010000
(1779047617.441309) can0 1AD#9914000059331717
(1779047617.442322) can0 2AD#E00C800C99140016
(1779047617.443331) can0 3AD#0000000000009914
(1779047617.444347) can0 4AD#EB00000000000000
(1779047617.445342) can0 76A#7F00000000000000
(1779047617.508019) can0 0000E005#16D2420003B60591
(1779047617.508627) can0 1806E5F4#13EC010003B6023A
(1779047617.509447) can0 0000E000#13EC13EC020F0000
(1779047617.510429) can0 0000E004#171703B603B601E4
(1779047617.511427) can0 0000E006#0CE00CE00CE00CE0
(1779047617.512425) can0 0000E007#0CE00CE00CE00CE0
(1779047617.513418) can0 0000E008#0CE00CE00CE00CE0
(1779047617.514419) can0 0000E009#0CE00CE00CE00CE0
(1779047617.515463) can0 0000E010#0000000000000000
(1779047617.516462) can0 0000E011#0000000000000000
(1779047617.517445) can0 0000E012#0CE0000000000000
(1779047617.518457) can0 0000F001#0000000000000000
(1779047617.519439) can0 18FF28F4#10330000020F0000
(1779047617.520420) can0 18FE28F4#0CE00CE03F3F0000
(1779047617.521432) can0 18FD28F4#16D2FA6F00000000
(1779047617.522337) can0 4D4#000033007D0F0203
(1779047617.523331) can0 4D5#E00CE00C3F3F0000
(1779047617.524426) can0 18914010#0CE0100CE0010000
(1779047617.525426) can0 18904010#020F020F753001FE
(1779047617.526421) can0 18FA28F4#E23DA12C10270000
(1779047617.527421) can0 18FB28F4#E00CE00C3F3F0000
(1779047617.528432) can0 18FC28F4#383300000F020000
(1779047617.529414) can0 18F810F3#0F02E80333640100
(1779047617.530446) can0 18F815F3#0000000010030000
(1779047617.531344) can0 273#000000000F023300
(1779047617.532337) can0 1E1#020F271001FE01FE
(1779047617.533357) can0 1F5#0000000000000000
(1779047617.534452) can0 0800A6A9#0000000000000000
(1779047617.535415) can0 1000A6A9#0F02881333494949
(1779047617.536433) can0 1C00A6A9#0000000000030000
(1779047617.537459) can0 02018100#1003020F00000000
(1779047617.538440) can0 02028100#0000003364000000
(1779047617.539440) can0 02038100#0CE001100CE00101
(1779047617.540433) can0 02048100#4901014901010000
(1779047617.541320) can0 1AD#9914000059331717
(1779047617.542328) can0 2AD#E00C800C99140016
(1779047617.543345) can0 3AD#0000000000009914
(1779047617.544353) can0 4AD#EB00000000000000
(1779047617.545352) can0 76A#7F00000000000000
(1779047617.625036) can0 0000E005#16D2420003B60591
(1779047617.625632) can0 1806E5F4#13EC010003B6023A
(1779047617.626454) can0 0000E000#13EC13EC020F0000
(1779047617.627435) can0 0000E004#171703B603B601E4
(1779047617.628425) can0 0000E006#0CE00CE00CE00CE0
(1779047617.629425) can0 0000E007#0CE00CE00CE00CE0
(1779047617.630420) can0 0000E008#0CE00CE00CE00CE0
(1779047617.631419) can0 0000E009#0CE00CE00CE00CE0
(1779047617.632463) can0 0000E010#0000000000000000
(1779047617.633483) can0 0000E011#0000000000000000
(1779047617.634438) can0 0000E012#0CE0000000000000
(1779047617.635412) can0 0000E013#4542323630354C43
(1779047617.636438) can0 0000E014#3134323300000000
(1779047617.637458) can0 0000E015#0000000000000003
(1779047617.638471) can0 0000F000#0000000000000000
(1779047617.639451) can0 0000F001#0000000000000000
(1779047617.640452) can0 18FF28F4#10330000020F0000
(1779047617.641464) can0 18FE28F4#0CE00CE03F3F0000
(1779047617.642422) can0 18FD28F4#16D2FA6F00000000
(1779047617.643343) can0 4D4#000033007D0F0203
(1779047617.644344) can0 4D5#E00CE00C3F3F0000
(1779047617.645439) can0 18914010#0CE0100CE0010000
(1779047617.646435) can0 18904010#020F020F753001FE
(1779047617.647445) can0 18924010#3F013F0100000000
(1779047617.648433) can0 18934010#0000003A0000BD42
(1779047617.649490) can0 18944010#1003000000000000
(1779047617.650458) can0 18954010#0000000000000000
(1779047617.651452) can0 18954010#0100000000000000
(1779047617.652453) can0 18954010#0200000000000000
(1779047617.653453) can0 18954010#0300000000000000
(1779047617.654445) can0 18954010#0400000000000000
(1779047617.655447) can0 18954010#0500000000000000
(1779047617.656440) can0 18964010#003F3F3F00000000
(1779047617.657503) can0 18974010#0000000000000000
(1779047617.658449) can0 18984010#0000000000000000
(1779047617.659415) can0 18FA28F4#E23DA12C10270000
(1779047617.660429) can0 18FB28F4#E00CE00C3F3F0000
(1779047617.661441) can0 18FC28F4#383300000F020000
(1779047617.662422) can0 18F810F3#0F02E80333640100
(1779047617.663435) can0 18F811F3#E00C1001E00C0101
(1779047617.664428) can0 18F812F3#3F01013F01010000
(1779047617.665460) can0 18F813F3#0101000000000000
(1779047617.666417) can0 18F814F3#3200BA1AA9015F00
(1779047617.667454) can0 18F815F3#0000000010030000
(1779047617.668352) can0 273#000000000F023300
(1779047617.669346) can0 1E1#020F271001FE01FE
(1779047617.670359) can0 1F5#0000000000000000
(1779047617.671455) can0 0800A6A9#0000000000000000
(1779047617.672423) can0 1000A6A9#0F02881333494949
(1779047617.673448) can0 1C00A6A9#0000000000030000
(1779047617.674462) can0 02018100#1003020F00000000
(1779047617.675442) can0 02028100#0000003364000000
(1779047617.676444) can0 02038100#0CE001100CE00101
(1779047617.677443) can0 02048100#4901014901010000
(1779047617.678319) can0 1AD#9914000059331717
(1779047617.679341) can0 2AD#E00C800C99140016
(1779047617.680354) can0 3AD#0000000000009914
(1779047617.681354) can0 4AD#EB00000000000000
(1779047617.682360) can0 76A#7F00000000000000
(1779047617.740999) can0 0000E005#16D2420003B60591
(1779047617.741565) can0 1806E5F4#13EC010003B6023A
(1779047617.742450) can0 0000E000#13EC13EC020F0000
(1779047617.743430) can0 0000E004#171703B603B601E4
(1779047617.744431) can0 0000E006#0CE00CE00CE00CE0
(1779047617.745430) can0 0000E007#0CE00CE00CE00CE0
(1779047617.746424) can0 0000E008#0CE00CE00CE00CE0
(1779047617.747417) can0 0000E009#0CE00CE00CE00CE0
(1779047617.748469) can0 0000E010#0000000000000000
(1779047617.749469) can0 0000E011#0000000000000000
(1779047617.750450) can0 0000E012#0CE0000000000000
(1779047617.751458) can0 0000F001#0000000000000000
(1779047617.752463) can0 18FF28F4#10330000020F0000
(1779047617.753425) can0 18FE28F4#0CE00CE03F3F0000
(1779047617.754438) can0 18FD28F4#16D2FA6F00000000
(1779047617.755355) can0 4D4#000033007D0F0203
(1779047617.756336) can0 4D5#E00CE00C3F3F0000
(1779047617.757431) can0 18914010#0CE0100CE0010000
(1779047617.758432) can0 18904010#020F020F753001FE
(1779047617.759426) can0 18FA28F4#E23DA12C10270000
(1779047617.760426) can0 18FB28F4#E00CE00C3F3F0000
(1779047617.761438) can0 18FC28F4#383300000F020000
(1779047617.762420) can0 18F810F3#0F02E80333640100
(1779047617.763471) can0 18F815F3#0000000010030000
(1779047617.764349) can0 273#000000000F023300
(1779047617.765350) can0 1E1#020F271001FE01FE
(1779047617.766363) can0 1F5#0000000000000000
(1779047617.767457) can0 0800A6A9#0000000000000000
(1779047617.768426) can0 1000A6A9#0F02881333494949
(1779047617.769439) can0 1C00A6A9#0000000000030000
(1779047617.770465) can0 02018100#1003020F00000000
(1779047617.771452) can0 02028100#0000003364000000
(1779047617.772446) can0 02038100#0CE001100CE00101
(1779047617.773446) can0 02048100#4901014901010000
(1779047617.774324) can0 1AD#9914000059331717
(1779047617.775339) can0 2AD#E00C800C99140016
(1779047617.776351) can0 3AD#0000000000009914
(1779047617.777364) can0 4AD#EB00000000000000
(1779047617.778358) can0 76A#7F00000000000000
(1779047617.841020) can0 0000E005#16D2420003B60591
(1779047617.841592) can0 1806E5F4#13EC010003B6023A
(1779047617.842454) can0 0000E000#13EC13EC020F0000
(1779047617.843420) can0 0000E004#171703B603B601E4
(1779047617.844434) can0 0000E006#0CE00CE00CE00CE0
(1779047617.845435) can0 0000E007#0CE00CE00CE00CE0
(1779047617.846430) can0 0000E008#0CE00CE00CE00CE0
(1779047617.847422) can0 0000E009#0CE00CE00CE00CE0
(1779047617.848473) can0 0000E010#0000000000000000
(1779047617.849454) can0 0000E011#0000000000000000
(1779047617.850454) can0 0000E012#0CE0000000000000
(1779047617.851467) can0 0000F001#0000000000000000
(1779047617.852448) can0 18FF28F4#10330000020F0000
(1779047617.853429) can0 18FE28F4#0CE00CE03F3F0000
(1779047617.854430) can0 18FD28F4#16D2FA6F00000000
(1779047617.855345) can0 4D4#000033007D0F0203
(1779047617.856360) can0 4D5#E00CE00C3F3F0000
(1779047617.857437) can0 18914010#0CE0100CE0010000
(1779047617.858436) can0 18904010#020F020F753001FE
(1779047617.859433) can0 18FA28F4#E23DA12C10270000
(1779047617.860431) can0 18FB28F4#E00CE00C3F3F0000
(1779047617.861443) can0 18FC28F4#383300000F020000
(1779047617.862431) can0 18F810F3#0F02E80333640100
(1779047617.863455) can0 18F815F3#0000000010030000
(1779047617.864373) can0 273#000000000F023300
(1779047617.865341) can0 1E1#020F271001FE01FE
(1779047617.866367) can0 1F5#0000000000000000
(1779047617.867445) can0 0800A6A9#0000000000000000
(1779047617.868412) can0 1000A6A9#0F02881333494949
(1779047617.869443) can0 1C00A6A9#0000000000030000
(1779047617.870456) can0 02018100#1003020F00000000
(1779047617.871450) can0 02028100#0000003364000000
(1779047617.872482) can0 02038100#0CE001100CE00101
(1779047617.873431) can0 02048100#4901014901010000
(1779047617.874330) can0 1AD#9914000059331717
(1779047617.875342) can0 2AD#E00C800C99140016
(1779047617.876355) can0 3AD#0000000000009914
(1779047617.877355) can0 4AD#EB00000000000000
(1779047617.878363) can0 76A#7F00000000000000
(1779047617.941029) can0 0000E005#16D2420003B60591
(1779047617.941626) can0 1806E5F4#13EC010003B6023A
(1779047617.942458) can0 0000E000#13EC13EC020F0000
(1779047617.943426) can0 0000E004#171703B603B601E4
(1779047617.944434) can0 0000E006#0CE00CE00CE00CE0
(1779047617.945432) can0 0000E007#0CE00CE00CE00CE0
(1779047617.946433) can0 0000E008#0CE00CE00CE00CE0
(1779047617.947433) can0 0000E009#0CE00CE00CE00CE0
(1779047617.948458) can0 0000E010#0000000000000000
(1779047617.949490) can0 0000E011#0000000000000000
(1779047617.950459) can0 0000E012#0CE0000000000000
(1779047617.951471) can0 0000F001#0000000000000000
(1779047617.952446) can0 18FF28F4#10330000020F0000
(1779047617.953433) can0 18FE28F4#0CE00CE03F3F0000
(1779047617.954433) can0 18FD28F4#16D2FA6F00000000
(1779047617.955351) can0 4D4#000033007D0F0203
(1779047617.956343) can0 4D5#E00CE00C3F3F0000
(1779047617.957491) can0 18914010#0CE0100CE0010000
(1779047617.958440) can0 18904010#020F020F753001FE
(1779047617.959434) can0 18FA28F4#E23DA12C10270000
(1779047617.960434) can0 18FB28F4#E00CE00C3F3F0000
(1779047617.961447) can0 18FC28F4#383300000F020000
(1779047617.962429) can0 18F810F3#0F02E80333640100
(1779047617.963460) can0 18F815F3#0000000010030000
(1779047617.964356) can0 273#000000000F023300
(1779047617.965340) can0 1E1#020F271001FE01FE
(1779047617.966371) can0 1F5#0000000000000000
(1779047617.967447) can0 0800A6A9#0000000000000000
(1779047617.968414) can0 1000A6A9#0F02881333494949
(1779047617.969447) can0 1C00A6A9#0000000000030000
(1779047617.970460) can0 02018100#1003020F00000000
(1779047617.971455) can0 02028100#0000003364000000
(1779047617.972435) can0 02038100#0CE001100CE00101
(1779047617.973435) can0 02048100#4901014901010000
(1779047617.974335) can0 1AD#9914000059331717
(1779047617.975346) can0 2AD#E00C800C99140016
(1779047617.976350) can0 3AD#0000000000009914
(1779047617.977372) can0 4AD#EB00000000000000
(1779047617.978366) can0 76A#7F00000000000000
(1779047618.041039) can0 0000E005#16D2420003B60591
(1779047618.041588) can0 1806E5F4#13EC010003B6023A
(1779047618.042456) can0 0000E000#13EC13EC020F0000
(1779047618.043437) can0 0000E004#171703B603B601E4
(1779047618.044436) can0 0000E006#0CE00CE00CE00CE0
(1779047618.045437) can0 0000E007#0CE00CE00CE00CE0
(1779047618.046431) can0 0000E008#0CE00CE00CE00CE0
(1779047618.047430) can0 0000E009#0CE00CE00CE00CE0
(1779047618.048475) can0 0000E010#0000000000000000
(1779047618.049450) can0 0000E011#0000000000000000
(1779047618.050456) can0 0000E012#0CE0000000000000
(1779047618.051469) can0 0000F001#0000000000000000
(1779047618.052450) can0 18FF28F4#10330000020F0000
(1779047618.053429) can0 18FE28F4#0CE00CE03F3F0000
(1779047618.054432) can0 18FD28F4#16D2FA6F00000000
(1779047618.055349) can0 4D4#000033007D0F0203
(1779047618.056343) can0 4D5#E00CE00C3F3F0000
(1779047618.057438) can0 18914010#0CE0100CE0010000
(1779047618.058439) can0 18904010#020F020F753001FE
(1779047618.059432) can0 18FA28F4#E23DA12C10270000
(1779047618.060432) can0 18FB28F4#E00CE00C3F3F0000
(1779047618.061443) can0 18FC28F4#383300000F020000
(1779047618.062427) can0 18F810F3#0F02E80333640100
(1779047618.063458) can0 18F815F3#0000000010030000
(1779047618.064357) can0 273#000000000F023300
(1779047618.065355) can0 1E1#020F271001FE01FE
(1779047618.066370) can0 1F5#0000000000000000
(1779047618.067465) can0 0800A6A9#0000000000000000
(1779047618.068414) can0 1000A6A9#0F02881333494949
(1779047618.069445) can0 1C00A6A9#0000000000030000
(1779047618.070459) can0 02018100#1003020F00000000
(1779047618.071458) can0 02028100#0000003364000000
(1779047618.072452) can0 02038100#0CE001100CE00101
(1779047618.073443) can0 02048100#4901014901010000
(1779047618.074332) can0 1AD#9914000059331717
(1779047618.075344) can0 2AD#E00C800C99140016
(1779047618.076357) can0 3AD#0000000000009914
(1779047618.077363) can0 4AD#EB00000000000000
(1779047618.078365) can0 76A#7F00000000000000
(1779047618.158045) can0 0000E005#16D2420003B60591
(1779047618.158591) can0 1806E5F4#13EC010003B6023A
(1779047618.159455) can0 0000E000#13EC13EC020F0000
(1779047618.160437) can0 0000E004#171703B603B601E4
(1779047618.161436) can0 0000E006#0CE00CE00CE00CE0
(1779047618.162437) can0 0000E007#0CE00CE00CE00CE0
(1779047618.163430) can0 0000E008#0CE00CE00CE00CE0
(1779047618.164462) can0 0000E009#0CE00CE00CE00CE0
(1779047618.165474) can0 0000E010#0000000000000000
(1779047618.166475) can0 0000E011#0000000000000000
(1779047618.167449) can0 0000E012#0CE0000000000000
(1779047618.168424) can0 0000E013#4542323630354C43
(1779047618.169449) can0 0000E014#3134323300000000
(1779047618.170463) can0 0000E015#0000000000000003
(1779047618.171482) can0 0000F000#0000000000000000
(1779047618.172494) can0 0000F001#0000000000000000
(1779047618.173457) can0 18FF28F4#10330000020F0000
(1779047618.174438) can0 18FE28F4#0CE00CE03F3F0000
(1779047618.175432) can0 18FD28F4#16D2FA6F00000000
(1779047618.176354) can0 4D4#000033007D0F0203
(1779047618.177349) can0 4D5#E00CE00C3F3F0000
(1779047618.178444) can0 18914010#0CE0100CE0010000
(1779047618.179443) can0 18904010#020F020F753001FE
(1779047618.180489) can0 18924010#3F013F0100000000
(1779047618.181438) can0 18934010#0000003B0000BD42
(1779047618.182451) can0 18944010#1003000000000000
(1779047618.183470) can0 18954010#0000000000000000
(1779047618.184464) can0 18954010#0100000000000000
(1779047618.185464) can0 18954010#0200000000000000
(1779047618.186458) can0 18954010#0300000000000000
(1779047618.187456) can0 18954010#0400000000000000
(1779047618.188503) can0 18954010#0500000000000000
(1779047618.189453) can0 18964010#003F3F3F00000000
(1779047618.190470) can0 18974010#0000000000000000
(1779047618.191462) can0 18984010#0000000000000000
(1779047618.192428) can0 18FA28F4#E23DA12C10270000
(1779047618.193453) can0 18FB28F4#E00CE00C3F3F0000
(1779047618.194454) can0 18FC28F4#383300000F020000
(1779047618.195433) can0 18F810F3#0F02E80333640100
(1779047618.196446) can0 18F811F3#E00C1001E00C0101
(1779047618.197440) can0 18F812F3#3F01013F01010000
(1779047618.198473) can0 18F813F3#0101000000000000
(1779047618.199427) can0 18F814F3#3200BA1AA9015F00
(1779047618.200465) can0 18F815F3#0000000010030000
(1779047618.201364) can0 273#000000000F023300
(1779047618.202367) can0 1E1#020F271001FE01FE
(1779047618.203373) can0 1F5#0000000000000000
(1779047618.204467) can0 0800A6A9#0000000000000000
(1779047618.205428) can0 1000A6A9#0F02881333494949
(1779047618.206461) can0 1C00A6A9#0000000000030000
(1779047618.207479) can0 02018100#1003020F00000000
(1779047618.208458) can0 02028100#0000003364000000
(1779047618.209454) can0 02038100#0CE001100CE00101
(1779047618.210455) can0 02048100#4901014901010000
(1779047618.211329) can0 1AD#9914000059331717
(1779047618.212346) can0 2AD#E00C800C99140016
(1779047618.213365) can0 3AD#0000000000009914
(1779047618.214360) can0 4AD#EB00000000000000
(1779047618.215355) can0 76A#7F00000000000000
(1779047618.273997) can0 0000E005#16D2420003B60591
(1779047618.274589) can0 1806E5F4#13EC010003B6023A
(1779047618.275455) can0 0000E000#13EC13EC020F0000
(1779047618.276435) can0 0000E004#171703B603B601E4
(1779047618.277435) can0 0000E006#0CE00CE00CE00CE0
(1779047618.278437) can0 0000E007#0CE00CE00CE00CE0
(1779047618.279430) can0 0000E008#0CE00CE00CE00CE0
(1779047618.280428) can0 0000E009#0CE00CE00CE00CE0
(1779047618.281476) can0 0000E010#0000000000000000
(1779047618.282475) can0 0000E011#0000000000000000
(1779047618.283456) can0 0000E012#0CE0000000000000
(1779047618.284470) can0 0000F001#0000000000000000
(1779047618.285449) can0 18FF28F4#10330000020F0000
(1779047618.286432) can0 18FE28F4#0CE00CE03F3F0000
(1779047618.287430) can0 18FD28F4#16D2FA6F00000000
(1779047618.288347) can0 4D4#000033007D0F0203
(1779047618.289348) can0 4D5#E00CE00C3F3F0000
(1779047618.290444) can0 18914010#0CE0100CE0010000
(1779047618.291437) can0 18904010#020F020F753001FE
(1779047618.292429) can0 18FA28F4#E23DA12C10270000
(1779047618.293431) can0 18FB28F4#E00CE00C3F3F0000
(1779047618.294451) can0 18FC28F4#383300000F020000
(1779047618.295431) can0 18F810F3#0F02E80333640100
(1779047618.296455) can0 18F815F3#0000000010030000
(1779047618.297362) can0 273#000000000F023300
(1779047618.298357) can0 1E1#020F271001FE01FE
(1779047618.299374) can0 1F5#0000000000000000
(1779047618.300470) can0 0800A6A9#0000000000000000
(1779047618.301419) can0 1000A6A9#0F02881333494949
(1779047618.302464) can0 1C00A6A9#0000000000030000
(1779047618.303464) can0 02018100#1003020F00000000
(1779047618.304453) can0 02028100#0000003364000000
(1779047618.305457) can0 02038100#0CE001100CE00101
(1779047618.306453) can0 02048100#4901014901010000
(1779047618.307337) can0 1AD#9914000059331717
(1779047618.308342) can0 2AD#E00C800C99140016
(1779047618.309362) can0 3AD#0000000000009914
(1779047618.310388) can0 4AD#EB00000000000000
(1779047618.311369) can0 76A#7F00000000000000
(1779047618.374065) can0 0000E005#16D2420003B60591
(1779047618.374638) can0 1806E5F4#13EC010003B6023A
(1779047618.375453) can0 0000E000#13EC13EC020F0000
(1779047618.376434) can0 0000E004#171703B603B601E4
(1779047618.377431) can0 0000E006#0CE00CE00CE00CE0
(1779047618.378434) can0 0000E007#0CE00CE00CE00CE0
(1779047618.379447) can0 0000E008#0CE00CE00CE00CE0
(1779047618.380440) can0 0000E009#0CE00CE00CE00CE0
(1779047618.381473) can0 0000E010#0000000000000000
(1779047618.382472) can0 0000E011#0000000000000000
(1779047618.383472) can0 0000E012#0CE0000000000000
(1779047618.384466) can0 0000F001#0000000000000000
(1779047618.385466) can0 18FF28F4#10330000020F0000
(1779047618.386448) can0 18FE28F4#0CE00CE03F3F0000
(1779047618.387460) can0 18FD28F4#16D2FA6F00000000
(1779047618.388359) can0 4D4#000033007D0F0203
(1779047618.389356) can0 4D5#E00CE00C3F3F0000
(1779047618.390435) can0 18914010#0CE0100CE0010000
(1779047618.391454) can0 18904010#020F020F753001FE
(1779047618.392448) can0 18FA28F4#E23DA12C10270000
(1779047618.393426) can0 18FB28F4#E00CE00C3F3F0000
(1779047618.394461) can0 18FC28F4#383300000F020000
(1779047618.395461) can0 18F810F3#0F02E80333640100
(1779047618.396474) can0 18F815F3#0000000010030000
(1779047618.397360) can0 273#000000000F023300
(1779047618.398353) can0 1E1#020F271001FE01FE
(1779047618.399386) can0 1F5#0000000000000000
(1779047618.400469) can0 0800A6A9#0000000000000000
(1779047618.401430) can0 1000A6A9#0F02881333494949
(1779047618.402462) can0 1C00A6A9#0000000000030000
(1779047618.403506) can0 02018100#1003020F00000000
(1779047618.404451) can0 02028100#0000003364000000
(1779047618.405457) can0 02038100#0CE001100CE00101
(1779047618.406452) can0 02048100#4901014901010000
(1779047618.407343) can0 1AD#9914000059331717
(1779047618.408352) can0 2AD#E00C800C99140016
(1779047618.409361) can0 3AD#0000000000009914
(1779047618.410373) can0 4AD#EB00000000000000
(1779047618.411418) can0 76A#7F00000000000000
(1779047618.474013) can0 0000E005#16D2420003B60591
(1779047618.474600) can0 1806E5F4#13EC010003B6023A
(1779047618.475470) can0 0000E000#13EC13EC020F0000
(1779047618.476450) can0 0000E004#171703B603B601E4
(1779047618.477443) can0 0000E006#0CE00CE00CE00CE0
(1779047618.478445) can0 0000E007#0CDF0CE00CE00CE0
(1779047618.479444) can0 0000E008#0CE00CE00CE00CE0
(1779047618.480470) can0 0000E009#0CE00CE00CE00CE0
(1779047618.481470) can0 0000E010#0000000000000000
(1779047618.482470) can0 0000E011#0000000000000000
(1779047618.483463) can0 0000E012#0CE0000100000000
(1779047618.484477) can0 0000F001#0000000000000000
(1779047618.485458) can0 18FF28F4#10330000020F0000
(1779047618.486448) can0 18FE28F4#0CE00CDF3F3F0000
(1779047618.487440) can0 18FD28F4#16D2FA6F00000000
(1779047618.488407) can0 4D4#000033007D0F0203
(1779047618.489352) can0 4D5#DF0CE00C3F3F0000
(1779047618.490452) can0 18914010#0CE0100CDF050000
(1779047618.491445) can0 18904010#020F020F753001FE
(1779047618.492446) can0 18FA28F4#E23DA12C10270000
(1779047618.493439) can0 18FB28F4#E00CDF0C3F3F0000
(1779047618.494459) can0 18FC28F4#383300000F020000
(1779047618.495440) can0 18F810F3#0F02E80333640100
(1779047618.496516) can0 18F815F3#0000000010030000
(1779047618.497368) can0 273#000000000F023300
(1779047618.498351) can0 1E1#020F271001FE01FE
(1779047618.499383) can0 1F5#0000000000000000
(1779047618.500459) can0 0800A6A9#0000000000000000
(1779047618.501423) can0 1000A6A9#0F02881333494949
(1779047618.502453) can0 1C00A6A9#0000000000030000
(1779047618.503466) can0 02018100#1003020F00000000
(1779047618.504467) can0 02028100#0000003364000000
(1779047618.505466) can0 02038100#0CE001100CDF0105
(1779047618.506442) can0 02048100#4901014901010000
(1779047618.507339) can0 1AD#9914000059331717
(1779047618.508352) can0 2AD#E00C800C99140016
(1779047618.509360) can0 3AD#0000000000009914
(1779047618.510379) can0 4AD#EB00000000000000
(1779047618.511378) can0 76A#7F00000000000000
(1779047618.587011) can0 0000E005#16D2420003B60591
(1779047618.587579) can0 1806E5F4#13EC010003B6023A
(1779047618.588468) can0 0000E000#13EC13EC020F0000
(1779047618.589449) can0 0000E004#171703B603B601E4
(1779047618.590450) can0 0000E006#0CE00CE00CE00CE0
(1779047618.591443) can0 0000E007#0CDF0CE00CE00CE0
(1779047618.592444) can0 0000E008#0CE00CE00CE00CE0
(1779047618.593444) can0 0000E009#0CE00CE00CE00CE0
(1779047618.594470) can0 0000E010#0000000000000000
(1779047618.595468) can0 0000E011#0000000000000000
(1779047618.596469) can0 0000E012#0CE0000100000000
(1779047618.597482) can0 0000F001#0000000000000000
(1779047618.598463) can0 18FF28F4#10330000020F0000
(1779047618.599442) can0 18FE28F4#0CE00CDF3F3F0000
(1779047618.600445) can0 18FD28F4#16D2FA6F00000000
(1779047618.601362) can0 4D4#000033007D0F0203
(1779047618.602375) can0 4D5#DF0CE00C3F3F0000
(1779047618.603451) can0 18914010#0CE0100CDF050000
(1779047618.604452) can0 18904010#020F020F753001FE
(1779047618.605451) can0 18FA28F4#E23DA12C10270000
(1779047618.606445) can0 18FB28F4#E00CDF0C3F3F0000
(1779047618.607462) can0 18FC28F4#383300000F020000
(1779047618.608443) can0 18F810F3#0F02E80333640100
(1779047618.609470) can0 18F815F3#0000000010030000
(1779047618.610370) can0 273#000000000F023300
(1779047618.611352) can0 1E1#020F271001FE01FE
(1779047618.612385) can0 1F5#0000000000000000
(1779047618.613469) can0 0800A6A9#0000000000000000
(1779047618.614428) can0 1000A6A9#0F02881333494949
(1779047618.615460) can0 1C00A6A9#0000000000030000
(1779047618.616472) can0 02018100#1003020F00000000
(1779047618.617472) can0 02028100#0000003364000000
(1779047618.618485) can0 02038100#0CE001100CDF0105
(1779047618.619442) can0 02048100#4901014901010000
(1779047618.620345) can0 1AD#9914000059331717
(1779047618.621358) can0 2AD#E00C800C99140016
(1779047618.622371) can0 3AD#0000000000009914
(1779047618.623382) can0 4AD#EB00000000000000
(1779047618.624377) can0 76A#7F00000000000000
(1779047618.704002) can0 0000E005#16D2420003B60591
(1779047618.704592) can0 1806E5F4#13EC010003B6023A
(1779047618.705462) can0 0000E000#13EC13EC020F0000
(1779047618.706443) can0 0000E004#171703B603B601E4
(1779047618.707437) can0 0000E006#0CE00CE00CE00CE0
(1779047618.708436) can0 0000E007#0CE00CE00CE00CE0
(1779047618.709443) can0 0000E008#0CE00CE00CE00CE0
(1779047618.710450) can0 0000E009#0CE00CE00CE00CE0
(1779047618.711526) can0 0000E010#0000000000000000
(1779047618.712475) can0 0000E011#0000000000000000
(1779047618.713469) can0 0000E012#0CE0000000000000
(1779047618.714425) can0 0000E013#4542323630354C43
(1779047618.715450) can0 0000E014#3134323300000000
(1779047618.716469) can0 0000E015#0000000000000003
(1779047618.717482) can0 0000F000#0000000000000000
(1779047618.718477) can0 0000F001#0000000000000000
(1779047618.719508) can0 18FF28F4#10330000020F0000
(1779047618.720439) can0 18FE28F4#0CE00CE03F3F0000
(1779047618.721453) can0 18FD28F4#16D2FA6F00000000
(1779047618.722369) can0 4D4#000033007D0F0203
(1779047618.723350) can0 4D5#E00CE00C3F3F0000
(1779047618.724451) can0 18914010#0CE0100CE0010000
(1779047618.725439) can0 18904010#020F020F753001FE
(1779047618.726458) can0 18924010#3F013F0100000000
(1779047618.727439) can0 18934010#0000003C0000BD42
(1779047618.728458) can0 18944010#1003000000000000
(1779047618.729484) can0 18954010#0000000000000000
(1779047618.730484) can0 18954010#0100000000000000
(1779047618.731483) can0 18954010#0200000000000000
(1779047618.732478) can0 18954010#0300000000000000
(1779047618.733475) can0 18954010#0400000000000000
(1779047618.734472) can0 18954010#0500000000000000
(1779047618.735471) can0 18964010#003F3F3F00000000
(1779047618.736465) can0 18974010#0000000000000000
(1779047618.737462) can0 18984010#0000000000000000
(1779047618.738447) can0 18FA28F4#E23DA12C10270000
(1779047618.739440) can0 18FB28F4#E00CE00C3F3F0000
(1779047618.740453) can0 18FC28F4#383300000F020000
(1779047618.741434) can0 18F810F3#0F02E80333640100
(1779047618.742447) can0 18F811F3#E00C1001E00C0101
(1779047618.743460) can0 18F812F3#3F01013F01010000
(1779047618.744472) can0 18F813F3#0101000000000000
(1779047618.745447) can0 18F814F3#3200BA1AA9015F00
(1779047618.746467) can0 18F815F3#0000000010030000
(1779047618.747365) can0 273#000000000F023300
(1779047618.748358) can0 1E1#020F271001FE01FE
(1779047618.749382) can0 1F5#0000000000000000
(1779047618.750467) can0 0800A6A9#0000000000000000
(1779047618.751428) can0 1000A6A9#0F02881333494949
(1779047618.752461) can0 1C00A6A9#0000000000030000
(1779047618.753473) can0 02018100#1003020F00000000
(1779047618.754455) can0 02028100#0000003364000000
(1779047618.755454) can0 02038100#0CE001100CE00101
(1779047618.756454) can0 02048100#4901014901010000
(1779047618.757333) can0 1AD#9914000059331717
(1779047618.758353) can0 2AD#E00C800C99140016
(1779047618.759366) can0 3AD#0000000000009914
(1779047618.760379) can0 4AD#EB00000000000000
(1779047618.761373) can0 76A#7F00000000000000
(1779047618.820061) can0 0000E005#16D2420003B60591
(1779047618.820649) can0 1806E5F4#13EC010003B6023A
(1779047618.821468) can0 0000E000#13EC13EC020F0000
(1779047618.822449) can0 0000E004#171703B603B601E4
(1779047618.823449) can0 0000E006#0CE00CE00CE00CE0
(1779047618.824443) can0 0000E007#0CE00CE00CE00CE0
(1779047618.825443) can0 0000E008#0CE00CE00CE00CE0
(1779047618.826440) can0 0000E009#0CE00CE00CE00CE0
(1779047618.827488) can0 0000E010#0000000000000000
(1779047618.828488) can0 0000E011#0000000000000000
(1779047618.829469) can0 0000E012#0CE0000000000000
(1779047618.830481) can0 0000F001#0000000000000000
(1779047618.831462) can0 18FF28F4#10330000020F0000
(1779047618.832444) can0 18FE28F4#0CE00CE03F3F0000
(1779047618.833457) can0 18FD28F4#16D2FA6F00000000
(1779047618.834362) can0 4D4#000033007D0F0203
(1779047618.835356) can0 4D5#E00CE00C3F3F0000
(1779047618.836451) can0 18914010#0CE0100CE0010000
(1779047618.837452) can0 18904010#020F020F753001FE
(1779047618.838448) can0 18FA28F4#E23DA12C10270000
(1779047618.839445) can0 18FB28F4#E00CE00C3F3F0000
(1779047618.840464) can0 18FC28F4#383300000F020000
(1779047618.841457) can0 18F810F3#0F02E80333640100
(1779047618.842467) can0 18F815F3#0000000010030000
(1779047618.843375) can0 273#000000000F023300
(1779047618.844356) can0 1E1#020F271001FE01FE
(1779047618.845389) can0 1F5#0000000000000000
(1779047618.846464) can0 0800A6A9#0000000000000000
(1779047618.847433) can0 1000A6A9#0F02881333494949
(1779047618.848459) can0 1C00A6A9#0000000000030000
(1779047618.849509) can0 02018100#1003020F00000000
(1779047618.850466) can0 02028100#0000003364000000
(1779047618.851452) can0 02038100#0CE001100CE00101
(1779047618.852446) can0 02048100#4901014901010000
(1779047618.853350) can0 1AD#9914000059331717
(1779047618.854355) can0 2AD#E00C800C99140016
(1779047618.855369) can0 3AD#0000000000009914
(1779047618.856389) can0 4AD#EB00000000000000
(1779047618.857415) can0 76A#7F00000000000000
(1779047618.920015) can0 0000E005#16D2420003B60591
(1779047618.920604) can0 1806E5F4#13EC010003B6023A
(1779047618.921466) can0 0000E000#13EC13EC020F0000
(1779047618.922447) can0 0000E004#171703B603B601E4
(1779047618.923442) can0 0000E006#0CE00CE00CE00CE0
(1779047618.924445) can0 0000E007#0CE00CE00CE00CE0
(1779047618.925447) can0 0000E008#0CE00CE00CE00CE0
(1779047618.926474) can0 0000E009#0CE00CE00CE00CE0
(1779047618.927483) can0 0000E010#0000000000000000
(1779047618.928486) can0 0000E011#0000000000000000
(1779047618.929466) can0 0000E012#0CE0000000000000
(1779047618.930479) can0 0000F001#0000000000000000
(1779047618.931473) can0 18FF28F4#10330000020F0000
(1779047618.932460) can0 18FE28F4#0CE00CE03F3F0000
(1779047618.933454) can0 18FD28F4#16D2FA6F00000000
(1779047618.934404) can0 4D4#000033007D0F0203
(1779047618.935368) can0 4D5#E00CE00C3F3F0000
(1779047618.936448) can0 18914010#0CE0100CE0010000
(1779047618.937461) can0 18904010#020F020F753001FE
(1779047618.938442) can0 18FA28F4#E23DA12C10270000
(1779047618.939439) can0 18FB28F4#E00CE00C3F3F0000
(1779047618.940474) can0 18FC28F4#383300000F020000
(1779047618.941436) can0 18F810F3#0F02E80333640100
(1779047618.942521) can0 18F815F3#0000000010030000
(1779047618.943367) can0 273#000000000F023300
(1779047618.944367) can0 1E1#020F271001FE01FE
(1779047618.945398) can0 1F5#0000000000000000
(1779047618.946475) can0 0800A6A9#0000000000000000
(1779047618.947438) can0 1000A6A9#0F02881333494949
(1779047618.948468) can0 1C00A6A9#0000000000030000
(1779047618.949481) can0 02018100#1003020F00000000
(1779047618.950514) can0 02028100#0000003364000000
(1779047618.951457) can0 02038100#0CE001100CE00101
(1779047618.952455) can0 02048100#4901014901010000
(1779047618.953343) can0 1AD#9914000059331717
(1779047618.954355) can0 2AD#E00C800C99140016
(1779047618.955367) can0 3AD#0000000000009914
(1779047618.956380) can0 4AD#EB00000000000000
(1779047618.957374) can0 76A#7F00000000000000
(1779047619.020026) can0 0000E005#16D2420003B60591
(1779047619.020608) can0 1806E5F4#13EC010003B6023A
(1779047619.021477) can0 0000E000#13EC13EC020F0000
(1779047619.022445) can0 0000E004#171703B603B601E4
(1779047619.023457) can0 0000E006#0CE00CE00CE00CE0
(1779047619.024455) can0 0000E007#0CE00CE00CE00CE0
(1779047619.025452) can0 0000E008#0CE00CE00CE00CE0
(1779047619.026452) can0 0000E009#0CE00CE00CE00CE0
(1779047619.027534) can0 0000E010#0000000000000000
(1779047619.028483) can0 0000E011#0000000000000000
(1779047619.029477) can0 0000E012#0CE0000000000000
(1779047619.030478) can0 0000F001#0000000000000000
(1779047619.031471) can0 18FF28F4#10330000020F0000
(1779047619.032454) can0 18FE28F4#0CE00CE03F3F0000
(1779047619.033452) can0 18FD28F4#16D2FA6F00000000
(1779047619.034370) can0 4D4#000033007D0F0203
(1779047619.035370) can0 4D5#E00CE00C3F3F0000
(1779047619.036457) can0 18914010#0CE0100CE0010000
(1779047619.037459) can0 18904010#020F020F753001FE
(1779047619.038458) can0 18FA28F4#E23DA12C10270000
(1779047619.039459) can0 18FB28F4#E00CE00C3F3F0000
(1779047619.040472) can0 18FC28F4#383300000F020000
(1779047619.041434) can0 18F810F3#0F02E80333640100
(1779047619.042485) can0 18F815F3#0000000010030000
(1779047619.043384) can0 273#000000000F023300
(1779047619.044365) can0 1E1#020F271001FE01FE
(1779047619.045396) can0 1F5#0000000000000000
(1779047619.046473) can0 0800A6A9#0000000000000000
(1779047619.047436) can0 1000A6A9#0F02881333494949
(1779047619.048474) can0 1C00A6A9#0000000000030000
(1779047619.049487) can0 02018100#1003020F00000000
(1779047619.050468) can0 02028100#0000003364000000
(1779047619.051467) can0 02038100#0CE001100CE00101
(1779047619.052461) can0 02048100#4901014901010000
(1779047619.053339) can0 1AD#9914000059331717
(1779047619.054353) can0 2AD#E00C800C99140016
(1779047619.055365) can0 3AD#0000000000009914
(1779047619.056384) can0 4AD#EB00000000000000
(1779047619.057379) can0 76A#7F00000000000000
(1779047619.120060) can0 0000E005#16D2420003B60591
(1779047619.120644) can0 1806E5F4#13EC010003B6023A
(1779047619.121468) can0 0000E000#13EC13EC020F0000
(1779047619.122450) can0 0000E004#171703B603B601E4
(1779047619.123449) can0 0000E006#0CE00CE00CE00CE0
(1779047619.124444) can0 0000E007#0CE00CE00CE00CE0
(1779047619.125443) can0 0000E008#0CE00CE00CE00CE0
(1779047619.126456) can0 0000E009#0CE00CE00CE00CE0
(1779047619.127488) can0 0000E010#0000000000000000
(1779047619.128479) can0 0000E011#0000000000000000
(1779047619.129468) can0 0000E012#0CE0000000000000
(1779047619.130483) can0 0000F001#0000000000000000
(1779047619.131482) can0 18FF28F4#10330000020F0000
(1779047619.132459) can0 18FE28F4#0CE00CE03F3F0000
(1779047619.133462) can0 18FD28F4#16D2FA6F00000000
(1779047619.134375) can0 4D4#000033007D0F0203
(1779047619.135373) can0 4D5#E00CE00C3F3F0000
(1779047619.136451) can0 18914010#0CE0100CE0010000
(1779047619.137450) can0 18904010#020F020F753001FE
(1779047619.138450) can0 18FA28F4#E23DA12C10270000
(1779047619.139450) can0 18FB28F4#E00CE00C3F3F0000
(1779047619.140457) can0 18FC28F4#383300000F020000
(1779047619.141457) can0 18F810F3#0F02E80333640100
(1779047619.142470) can0 18F815F3#0000000010030000
(1779047619.143374) can0 273#000000000F023300
(1779047619.144368) can0 1E1#020F271001FE01FE
(1779047619.145387) can0 1F5#0000000000000000
(1779047619.146483) can0 0800A6A9#0000000000000000
(1779047619.147445) can0 1000A6A9#0F02881333494949
(1779047619.148461) can0 1C00A6A9#0000000000030000
(1779047619.149514) can0 02018100#1003020F00000000
(1779047619.150472) can0 02028100#0000003364000000
(1779047619.151471) can0 02038100#0CE001100CE00101
(1779047619.152460) can0 02048100#4901014901010000
(1779047619.153351) can0 1AD#9914000059331717
(1779047619.154363) can0 2AD#E00C800C99140016
(1779047619.155376) can0 3AD#0000000000009914
(1779047619.156385) can0 4AD#EB00000000000000
(1779047619.157414) can0 76A#7F00000000000000
(1779047619.237065) can0 0000E005#16D2420003B60591
(1779047619.237655) can0 1806E5F4#13EC010003B6023A
(1779047619.238474) can0 0000E000#13EC13EC020F0000
(1779047619.239454) can0 0000E004#171703B603B601E4
(1779047619.240449) can0 0000E006#0CE00CE00CE00CE0
(1779047619.241448) can0 0000E007#0CE00CE00CE00CE0
(1779047619.242481) can0 0000E008#0CE00CE00CE00CE0
(1779047619.243464) can0 0000E009#0CE00CE00CE00CE0
(1779047619.244488) can0 0000E010#0000000000000000
(1779047619.245487) can0 0000E011#0000000000000000
(1779047619.246479) can0 0000E012#0CE0000000000000
(1779047619.247436) can0 0000E013#4542323630354C43
(1779047619.248466) can0 0000E014#3134323300000000
(1779047619.249478) can0 0000E015#0000000000000003
(1779047619.250542) can0 0000F000#0000000000000000
(1779047619.251493) can0 0000F001#0000000000000000
(1779047619.252472) can0 18FF28F4#10330000020F0000
(1779047619.253450) can0 18FE28F4#0CE00CE03F3F0000
(1779047619.254448) can0 18FD28F4#16D2FA6F00000000
(1779047619.255367) can0 4D4#000033007D0F0203
(1779047619.256373) can0 4D5#E00CE00C3F3F0000
(1779047619.257467) can0 18914010#0CE0100CE0010000
(1779047619.258505) can0 18904010#020F020F753001FE
(1779047619.259469) can0 18924010#3F013F0100000000
(1779047619.260451) can0 18934010#0000003D0000BD42
(1779047619.261464) can0 18944010#1003000000000000
(1779047619.262497) can0 18954010#0000000000000000
(1779047619.263496) can0 18954010#0100000000000000
(1779047619.264477) can0 18954010#0200000000000000
(1779047619.265477) can0 18954010#0300000000000000
(1779047619.266516) can0 18954010#0400000000000000
(1779047619.267471) can0 18954010#0500000000000000
(1779047619.268484) can0 18964010#003F3F3F00000000
(1779047619.269483) can0 18974010#0000000000000000
(1779047619.270473) can0 18984010#0000000000000000
(1779047619.271440) can0 18FA28F4#E23DA12C10270000
(1779047619.272452) can0 18FB28F4#E00CE00C3F3F0000
(1779047619.273465) can0 18FC28F4#383300000F020000
(1779047619.274447) can0 18F810F3#0F02E80333640100
(1779047619.275458) can0 18F811F3#E00C1001E00C0101
(1779047619.276459) can0 18F812F3#3F01013F01010000
(1779047619.277485) can0 18F813F3#0101000000000000
(1779047619.278450) can0 18F814F3#3200BA1AA9015F00
(1779047619.279478) can0 18F815F3#0000000010030000
(1779047619.280383) can0 273#000000000F023300
(1779047619.281377) can0 1E1#020F271001FE01FE
(1779047619.282383) can0 1F5#0000000000000000
(1779047619.283484) can0 0800A6A9#0000000000000000
(1779047619.284435) can0 1000A6A9#0F02881333494949
(1779047619.285466) can0 1C00A6A9#0000000000030000
(1779047619.286480) can0 02018100#1003020F00000000
(1779047619.287479) can0 02028100#0000003364000000
(1779047619.288460) can0 02038100#0CE001100CE00101
(1779047619.289453) can0 02048100#4901014901010000
(1779047619.290353) can0 1AD#9914000059331717
(1779047619.291371) can0 2AD#E00C800C99140016
(1779047619.292384) can0 3AD#0000000000009914
(1779047619.293384) can0 4AD#EB00000000000000
(1779047619.294378) can0 76A#7F00000000000000
(1779047619.353016) can0 0000E005#16D2420003B60591
(1779047619.353606) can0 1806E5F4#13EC010003B6023A
(1779047619.354473) can0 0000E000#13EC13EC020F0000
(1779047619.355454) can0 0000E004#171703B603B601E4
(1779047619.356454) can0 0000E006#0CE00CE00CE00CE0
(1779047619.357448) can0 0000E007#0CE00CE00CE00CE0
(1779047619.358462) can0 0000E008#0CE00CE00CE00CE0
(1779047619.359458) can0 0000E009#0CE00CE00CE00CE0
(1779047619.360493) can0 0000E010#0000000000000000
(1779047619.361493) can0 0000E011#0000000000000000
(1779047619.362487) can0 0000E012#0CE0000000000000
(1779047619.363483) can0 0000F001#0000000000000000
(1779047619.364487) can0 18FF28F4#10330000020F0000
(1779047619.365468) can0 18FE28F4#0CE00CE03F3F0000
(1779047619.366462) can0 18FD28F4#16D2FA6F00000000
(1779047619.367379) can0 4D4#000033007D0F0203
(1779047619.368380) can0 4D5#E00CE00C3F3F0000
(1779047619.369455) can0 18914010#0CE0100CE0010000
(1779047619.370470) can0 18904010#020F020F753001FE
(1779047619.371451) can0 18FA28F4#E23DA12C10270000
(1779047619.372468) can0 18FB28F4#E00CE00C3F3F0000
(1779047619.373481) can0 18FC28F4#383300000F020000
(1779047619.374445) can0 18F810F3#0F02E80333640100
(1779047619.375492) can0 18F815F3#0000000010030000
(1779047619.376380) can0 273#000000000F023300
(1779047619.377374) can0 1E1#020F271001FE01FE
(1779047619.378387) can0 1F5#0000000000000000
(1779047619.379481) can0 0800A6A9#0000000000000000
(1779047619.380464) can0 1000A6A9#0F02881333494949
(1779047619.381481) can0 1C00A6A9#0000000000030000
(1779047619.382496) can0 02018100#1003020F00000000
(1779047619.383468) can0 02028100#0000003364000000
(1779047619.384470) can0 02038100#0CE001100CE00101
(1779047619.385471) can0 02048100#4901014901010000
(1779047619.386350) can0 1AD#9914000059331717
(1779047619.387363) can0 2AD#E00C800C99140016
(1779047619.388413) can0 3AD#0000000000009914
(1779047619.389388) can0 4AD#EB00000000000000
(1779047619.390389) can0 76A#7F00000000000000
(1779047619.453035) can0 0000E005#16D2420003B60591
(1779047619.453608) can0 1806E5F4#13EC010003B6023A
(1779047619.454491) can0 0000E000#13EC13EC020F0000
(1779047619.455452) can0 0000E004#171703B603B601E4
(1779047619.456445) can0 0000E006#0CE00CE00CE00CE0
(1779047619.457484) can0 0000E007#0CE00CE00CE00CE0
(1779047619.458466) can0 0000E008#0CE00CE00CE00CE0
(1779047619.459459) can0 0000E009#0CE00CE00CE00CE0
(1779047619.460487) can0 0000E010#0000000000000000
(1779047619.461490) can0 0000E011#0000000000000000
(1779047619.462485) can0 0000E012#0CE0000000000000
(1779047619.463484) can0 0000F001#0000000000000000
(1779047619.464485) can0 18FF28F4#10330000020F0000
(1779047619.465498) can0 18FE28F4#0CE00CE03F3F0000
(1779047619.466460) can0 18FD28F4#16D2FA6F00000000
(1779047619.467377) can0 4D4#000033007D0F0203
(1779047619.468370) can0 4D5#E00CE00C3F3F0000
(1779047619.469453) can0 18914010#0CE0100CE0010000
(1779047619.470466) can0 18904010#020F020F753001FE
(1779047619.471454) can0 18FA28F4#E23DA12C10270000
(1779047619.472464) can0 18FB28F4#E00CE00C3F3F0000
(1779047619.473511) can0 18FC28F4#383300000F020000
(1779047619.474443) can0 18F810F3#0F02E80333640100
(1779047619.475474) can0 18F815F3#0000000010030000
(1779047619.476378) can0 273#000000000F023300
(1779047619.477373) can0 1E1#020F271001FE01FE
(1779047619.478404) can0 1F5#0000000000000000
(1779047619.479480) can0 0800A6A9#0000000000000000
(1779047619.480441) can0 1000A6A9#0F02881333494949
(1779047619.481525) can0 1C00A6A9#0000000000030000
(1779047619.482493) can0 02018100#1003020F00000000
(1779047619.483474) can0 02028100#0000003364000000
(1779047619.484466) can0 02038100#0CE001100CE00101
(1779047619.485469) can0 02048100#4901014901010000
(1779047619.486354) can0 1AD#9914000059331717
(1779047619.487367) can0 2AD#E00C800C99140016
(1779047619.488380) can0 3AD#0000000000009914
(1779047619.489436) can0 4AD#EB00000000000000
(1779047619.490386) can0 76A#7F00000000000000
(1779047619.553064) can0 0000E005#16D2420003B60591
(1779047619.553654) can0 1806E5F4#13EC010003B6023A
(1779047619.554476) can0 0000E000#13EC13EC020F0000
(1779047619.555456) can0 0000E004#171703B603B601E4
(1779047619.556456) can0 0000E006#0CE00CE00CE00CE0
(1779047619.557450) can0 0000E007#0CE00CE00CE00CE0
(1779047619.558502) can0 0000E008#0CE00CE00CE00CE0
(1779047619.559450) can0 0000E009#0CE00CE00CE00CE0
(1779047619.560496) can0 0000E010#0000000000000000
(1779047619.561493) can0 0000E011#0000000000000000
(1779047619.562477) can0 0000E012#0CE0000000000000
(1779047619.563489) can0 0000F001#0000000000000000
(1779047619.564489) can0 18FF28F4#10330000020F0000
(1779047619.565450) can0 18FE28F4#0CE00CE03F3F0000
(1779047619.566472) can0 18FD28F4#16D2FA6F00000000
(1779047619.567388) can0 4D4#000033007D0F0203
(1779047619.568375) can0 4D5#E00CE00C3F3F0000
(1779047619.569464) can0 18914010#0CE0100CE0010000
(1779047619.570459) can0 18904010#020F020F753001FE
(1779047619.571459) can0 18FA28F4#E23DA12C10270000
(1779047619.572459) can0 18FB28F4#E00CE00C3F3F0000
(1779047619.573472) can0 18FC28F4#383300000F020000
(1779047619.574454) can0 18F810F3#0F02E80333640100
(1779047619.575483) can0 18F815F3#0000000010030000
(1779047619.576383) can0 273#000000000F023300
(1779047619.577374) can0 1E1#020F271001FE01FE
(1779047619.578395) can0 1F5#0000000000000000
(1779047619.579490) can0 0800A6A9#0000000000000000
(1779047619.580440) can0 1000A6A9#0F02881333494949
(1779047619.581468) can0 1C00A6A9#0000000000030000
(1779047619.582485) can0 02018100#1003020F00000000
(1779047619.583478) can0 02028100#0000003364000000
(1779047619.584479) can0 02038100#0CE001100CE00101
(1779047619.585460) can0 02048100#4901014901010000
(1779047619.586358) can0 1AD#9914000059331717
(1779047619.587371) can0 2AD#E00C800C99140016
(1779047619.588384) can0 3AD#0000000000009914
(1779047619.589391) can0 4AD#EB00000000000000
(1779047619.590390) can0 76A#7F00000000000000
(1779047619.653031) can0 0000E005#16D2420003B60591
(1779047619.653616) can0 1806E5F4#13EC010003B6023A
(1779047619.654484) can0 0000E000#13EC13EC020F0000
(1779047619.655467) can0 0000E004#171703B603B601E4
(1779047619.656460) can0 0000E006#0CE00CE00CE00CE0
(1779047619.657461) can0 0000E007#0CE00CE00CE00CE0
(1779047619.658461) can0 0000E008#0CE00CE00CE00CE0
(1779047619.659455) can0 0000E009#0CE00CE00CE00CE0
(1779047619.660506) can0 0000E010#0000000000000000
(1779047619.661486) can0 0000E011#0000000000000000
(1779047619.662484) can0 0000E012#0CE0000000000000
(1779047619.663499) can0 0000F001#0000000000000000
(1779047619.664480) can0 18FF28F4#10330000020F0000
(1779047619.665461) can0 18FE28F4#0CE00CE03F3F0000
(1779047619.666455) can0 18FD28F4#16D2FA6F00000000
(1779047619.667372) can0 4D4#000033007D0F0203
(1779047619.668376) can0 4D5#E00CE00C3F3F0000
(1779047619.669472) can0 18914010#0CE0100CE0010000
(1779047619.670469) can0 18904010#020F020F753001FE
(1779047619.671463) can0 18FA28F4#E23DA12C10270000
(1779047619.672463) can0 18FB28F4#E00CE00C3F3F0000
(1779047619.673475) can0 18FC28F4#383300000F020000
(1779047619.674459) can0 18F810F3#0F02E80333640100
(1779047619.675492) can0 18F815F3#0000000010030000
(1779047619.676387) can0 273#000000000F023300
(1779047619.677374) can0 1E1#020F271001FE01FE
(1779047619.678400) can0 1F5#0000000000000000
(1779047619.679482) can0 0800A6A9#0000000000000000
(1779047619.680463) can0 1000A6A9#0F02881333494949
(1779047619.681476) can0 1C00A6A9#0000000000030000
(1779047619.682489) can0 02018100#1003020F00000000
(1779047619.683488) can0 02028100#0000003364000000
(1779047619.684470) can0 02038100#0CE001100CE00101
(1779047619.685462) can0 02048100#4901014901010000
(1779047619.686362) can0 1AD#9914000059331717
(1779047619.687375) can0 2AD#E00C800C99140016
(1779047619.688407) can0 3AD#0000000000009914
(1779047619.689381) can0 4AD#EB00000000000000
(1779047619.690401) can0 76A#7F00000000000000
(1779047619.770046) can0 0000E005#16D2420003B60591
(1779047619.770639) can0 1806E5F4#13EC010003B6023A
(1779047619.771486) can0 0000E000#13EC13EC020F0000
(1779047619.772467) can0 0000E004#171703B603B601E4
(1779047619.773499) can0 0000E006#0CE00CE00CE00CE0
(1779047619.774467) can0 0000E007#0CDF0CE00CE00CE0
(1779047619.775457) can0 0000E008#0CE00CE00CE00CE0
(1779047619.776461) can0 0000E009#0CE00CE00CE00CE0
(1779047619.777505) can0 0000E010#0000000000000000
(1779047619.778486) can0 0000E011#0000000000000000
(1779047619.779481) can0 0000E012#0CE0000100000000
(1779047619.780454) can0 0000E013#4542323630354C43
(1779047619.781512) can0 0000E014#3134323300000000
(1779047619.782494) can0 0000E015#0000000000000003
(1779047619.783493) can0 0000F000#0000000000000000
(1779047619.784494) can0 0000F001#0000000000000000
(1779047619.785493) can0 18FF28F4#10330000020F0000
(1779047619.786475) can0 18FE28F4#0CE00CDF3F3F0000
(1779047619.787465) can0 18FD28F4#16D2FA6F00000000
(1779047619.788385) can0 4D4#000033007D0F0203
(1779047619.789430) can0 4D5#DF0CE00C3F3F0000
(1779047619.790482) can0 18914010#0CE0100CDF050000
(1779047619.791475) can0 18904010#020F020F753001FE
(1779047619.792476) can0 18924010#3F013F0100000000
(1779047619.793475) can0 18934010#0000003E0000BD42
(1779047619.794488) can0 18944010#1003000000000000
(1779047619.795500) can0 18954010#0000000000000000
(1779047619.796501) can0 18954010#0100000000000000
(1779047619.797545) can0 18954010#0200000000000000
(1779047619.798495) can0 18954010#0300000000000000
(1779047619.799489) can0 18954010#0400000000000000
(1779047619.800488) can0 18954010#0500000000000000
(1779047619.801489) can0 18964010#003F3F3F00000000
(1779047619.802502) can0 18974010#0000000000000000
(1779047619.803492) can0 18984010#0000000000000000
(1779047619.804463) can0 18FA28F4#E23DA12C10270000
(1779047619.805470) can0 18FB28F4#E00CDF0C3F3F0000
(1779047619.806483) can0 18FC28F4#383300000F020000
(1779047619.807451) can0 18F810F3#0F02E80333640100
(1779047619.808483) can0 18F811F3#E00C1001DF0C0501
(1779047619.809480) can0 18F812F3#3F01013F01010000
(1779047619.810490) can0 18F813F3#0101000000000000
(1779047619.811468) can0 18F814F3#3200BA1AA9015F00
(1779047619.812484) can0 18F815F3#0000000010030000
(1779047619.813381) can0 273#000000000F023300
(1779047619.814376) can0 1E1#020F271001FE01FE
(1779047619.815402) can0 1F5#0000000000000000
(1779047619.816484) can0 0800A6A9#0000000000000000
(1779047619.817453) can0 1000A6A9#0F02881333494949
(1779047619.818478) can0 1C00A6A9#0000000000030000
(1779047619.819497) can0 02018100#1003020F00000000
(1779047619.820490) can0 02028100#0000003364000000
(1779047619.821471) can0 02038100#0CE001100CDF0105
(1779047619.822472) can0 02048100#4901014901010000
(1779047619.823354) can0 1AD#9914000059331717
(1779047619.824370) can0 2AD#E00C800C99140016
(1779047619.825383) can0 3AD#0000000000009914
(1779047619.826396) can0 4AD#EB00000000000000
(1779047619.827401) can0 76A#7F00000000000000
(1779047619.829344) can0 00000E00#00354C4331343233
