(1779322168.929105) can0 02038100#0CD601100CD50101
(1779322168.930095) can0 02048100#4A01014A01010000
(1779322168.930984) can0 1AD#8814000059321818
(1779322168.931999) can0 2AD#D60C800C88140016
(1779322168.933006) can0 3AD#0000000000008814
(1779322168.934029) can0 4AD#EB00000000000000
(1779322168.935032) can0 76A#7F00000000000000
(1779322168.997713) can0 0000E005#1702440003B60591
(1779322168.998257) can0 1806E5F4#13CC010003B6023A
(1779322168.999097) can0 0000E000#13CC13CC020D0000
(1779322169.000092) can0 0000E004#181803B603B601E1
(1779322169.001128) can0 0000E006#0CD50CD50CD50CD3
(1779322169.002066) can0 0000E007#0CD50CD50CD50CD5
(1779322169.003061) can0 0000E008#0CD50CD50CD50CD5
(1779322169.004059) can0 0000E009#0CD50CD50CD50CD6
(1779322169.005117) can0 0000E010#0000000000000000
(1779322169.006101) can0 0000E011#0000000000000000
(1779322169.007095) can0 0000E012#0CD4000200000000
(1779322169.008114) can0 0000F001#0000000000000000
(1779322169.009094) can0 18FF28F4#10320000020D0000
(1779322169.010079) can0 18FE28F4#0CD60CD340400000
(1779322169.011093) can0 18FD28F4#1702FA6F00000000
(1779322169.011995) can0 4D4#000032007D0D0203
(1779322169.012996) can0 4D5#D30CD60C40400000
(1779322169.014094) can0 18914010#0CD6100CD3040000
(1779322169.015085) can0 18904010#020D020D753001FA
(1779322169.016089) can0 18FA28F4#123EA12C10270000
(1779322169.017086) can0 18FB28F4#D60CD30C40400000
(1779322169.018114) can0 18FC28F4#383200000D020000
(1779322169.019092) can0 18F810F3#0D02E80332640100
(1779322169.020132) can0 18F815F3#0000000010030000
(1779322169.021028) can0 273#000000000D023200
(1779322169.022023) can0 1E1#020D271001FA01FA
(1779322169.023029) can0 1F5#0000000000000000
(1779322169.024119) can0 0800A6A9#0000000000000000
(1779322169.025085) can0 1000A6A9#0D028813324A4A4A
(1779322169.026099) can0 1C00A6A9#0000000000030000
(1779322169.027100) can0 02018100#1003020D00000000
(1779322169.028096) can0 02028100#0000003264000000
(1779322169.029080) can0 02038100#0CD601100CD30104
(1779322169.030103) can0 02048100#4A01014A01010000
(1779322169.030987) can0 1AD#8714000059321818
(1779322169.031985) can0 2AD#D60C800C87140016
(1779322169.033006) can0 3AD#0000000000008714
(1779322169.034017) can0 4AD#EB00000000000000
(1779322169.035010) can0 76A#7F00000000000000
(1779322169.097664) can0 0000E005#1702440003B60591
(1779322169.098220) can0 1806E5F4#13CC010003B6023A
(1779322169.099081) can0 0000E000#13CC13CC020D0000
(1779322169.100080) can0 0000E004#181803B603B601E1
(1779322169.101052) can0 0000E006#0CD50CD50CD50CD3
(1779322169.102063) can0 0000E007#0CD50CD50CD50CD5
(1779322169.103078) can0 0000E008#0CD50CD50CD50CD5
(1779322169.104067) can0 0000E009#0CD50CD50CD50CD6
(1779322169.105112) can0 0000E010#0000000000000000
(1779322169.106101) can0 0000E011#0000000000000000
(1779322169.107099) can0 0000E012#0CD4000200000000
(1779322169.108124) can0 0000F001#0000000000000000
(1779322169.109106) can0 18FF28F4#10320000020D0000
(1779322169.110077) can0 18FE28F4#0CD60CD340400000
(1779322169.111095) can0 18FD28F4#1702FA6F00000000
(1779322169.112016) can0 4D4#000032007D0D0203
(1779322169.112976) can0 4D5#D30CD60C40400000
(1779322169.114075) can0 18914010#0CD6100CD3040000
(1779322169.115085) can0 18904010#020D020D753001FA
(1779322169.116086) can0 18FA28F4#123EA12C10270000
(1779322169.117066) can0 18FB28F4#D60CD30C40400000
(1779322169.118097) can0 18FC28F4#383200000D020000
(1779322169.119073) can0 18F810F3#0D02E80332640100
(1779322169.120109) can0 18F815F3#0000000010030000
(1779322169.120995) can0 273#000000000D023200
(1779322169.121990) can0 1E1#020D271001FA01FA
(1779322169.123054) can0 1F5#0000000000000000
(1779322169.124119) can0 0800A6A9#0000000000000000
(1779322169.125069) can0 1000A6A9#0D028813324A4A4A
(1779322169.126098) can0 1C00A6A9#0000000000030000
(1779322169.127116) can0 02018100#1003020D00000000
(1779322169.128108) can0 02028100#0000003264000000
(1779322169.129091) can0 02038100#0CD601100CD30104
(1779322169.130084) can0 02048100#4A01014A01010000
(1779322169.131045) can0 1AD#8714000059321818
(1779322169.131989) can0 2AD#D60C800C87140016
(1779322169.133008) can0 3AD#0000000000008714
(1779322169.134005) can0 4AD#EB00000000000000
(1779322169.135025) can0 76A#7F00000000000000
(1779322169.214634) can0 0000E005#1702440003B60591
(1779322169.215221) can0 1806E5F4#13CC010003B6023A
(1779322169.216130) can0 0000E000#13CC13CC020D0000
(1779322169.217094) can0 0000E004#181803B603B601E1
(1779322169.218076) can0 0000E006#0CD50CD50CD50CD5
(1779322169.219061) can0 0000E007#0CD30CD30CD50CD5
(1779322169.220052) can0 0000E008#0CD50CD50CD50CD5
(1779322169.221055) can0 0000E009#0CD50CD50CD50CD6
(1779322169.222100) can0 0000E010#0000000000000000
(1779322169.223097) can0 0000E011#0000000000000000
(1779322169.224125) can0 0000E012#0CD4000200000000
(1779322169.225059) can0 0000E013#4542323630354C43
(1779322169.226069) can0 0000E014#3134323300000000
(1779322169.227094) can0 0000E015#0000000000000003
(1779322169.228112) can0 0000F000#0000000000000000
(1779322169.229102) can0 0000F001#0000000000000000
(1779322169.230086) can0 18FF28F4#10320000020D0000
(1779322169.231066) can0 18FE28F4#0CD60CD340400000
(1779322169.232123) can0 18FD28F4#1702FA6F00000000
(1779322169.232992) can0 4D4#000032007D0D0203
(1779322169.233974) can0 4D5#D30CD60C40400000
(1779322169.235066) can0 18914010#0CD6100CD3050000
(1779322169.236071) can0 18904010#020D020D753001FA
(1779322169.237081) can0 18924010#4001400100000000
(1779322169.238081) can0 18934010#000000F50000BC19
(1779322169.239089) can0 18944010#1003000000000000
(1779322169.240217) can0 18954010#0000000000000000
(1779322169.241104) can0 18954010#0100000000000000
(1779322169.242101) can0 18954010#0200000000000000
(1779322169.243100) can0 18954010#0300000000000000
(1779322169.244094) can0 18954010#0400000000000000
(1779322169.245093) can0 18954010#0500000000000000
(1779322169.246087) can0 18964010#0040404000000000
(1779322169.247080) can0 18974010#0000000000000000
(1779322169.248081) can0 18984010#0000000000000000
(1779322169.249062) can0 18FA28F4#123EA12C10270000
(1779322169.250073) can0 18FB28F4#D60CD30C40400000
(1779322169.251107) can0 18FC28F4#383200000D020000
(1779322169.252072) can0 18F810F3#0D02E80332640100
(1779322169.253074) can0 18F811F3#D60C1001D30C0501
(1779322169.254065) can0 18F812F3#4001014001010000
(1779322169.255096) can0 18F813F3#0101000000000000
(1779322169.256057) can0 18F814F3#3200EA1AA9015F00
(1779322169.257089) can0 18F815F3#0000000010030000
(1779322169.257991) can0 273#000000000D023200
(1779322169.258970) can0 1E1#020D271001FA01FA
(1779322169.259999) can0 1F5#0000000000000000
(1779322169.261095) can0 0800A6A9#0000000000000000
(1779322169.262045) can0 1000A6A9#0D028813324A4A4A
(1779322169.263079) can0 1C00A6A9#0000000000030000
(1779322169.264095) can0 02018100#1003020D00000000
(1779322169.265087) can0 02028100#0000003264000000
(1779322169.266066) can0 02038100#0CD601100CD30105
(1779322169.267063) can0 02048100#4A01014A01010000
(1779322169.267968) can0 1AD#8714000059321818
(1779322169.268993) can0 2AD#D60C800C87140016
(1779322169.270002) can0 3AD#0000000000008714
(1779322169.271004) can0 4AD#EB00000000000000
(1779322169.272003) can0 76A#7F00000000000000
(1779322169.330640) can0 0000E005#1702440003B60591
(1779322169.331219) can0 1806E5F4#13CC010003B6023A
(1779322169.332074) can0 0000E000#13CC13CC020D0000
(1779322169.333058) can0 0000E004#181803B603B601E1
(1779322169.334040) can0 0000E006#0CD50CD50CD50CD5
(1779322169.335040) can0 0000E007#0CD30CD30CD50CD5
(1779322169.336053) can0 0000E008#0CD50CD50CD50CD5
(1779322169.337040) can0 0000E009#0CD50CD50CD50CD6
(1779322169.338097) can0 0000E010#0000000000000000
(1779322169.339101) can0 0000E011#0000000000000000
(1779322169.340077) can0 0000E012#0CD4000200000000
(1779322169.341098) can0 0000F001#0000000000000000
(1779322169.342078) can0 18FF28F4#10320000020D0000
(1779322169.343060) can0 18FE28F4#0CD60CD340400000
(1779322169.344073) can0 18FD28F4#1702FA6F00000000
(1779322169.344988) can0 4D4#000032007D0D0203
(1779322169.345977) can0 4D5#D30CD60C40400000
(1779322169.347053) can0 18914010#0CD6100CD3050000
(1779322169.348066) can0 18904010#020D020D753001FA
(1779322169.349066) can0 18FA28F4#123EA12C10270000
(1779322169.350066) can0 18FB28F4#D60CD30C40400000
(1779322169.351080) can0 18FC28F4#383200000D020000
(1779322169.352038) can0 18F810F3#0D02E80332640100
(1779322169.353092) can0 18F815F3#0000000010030000
(1779322169.354008) can0 273#000000000D023200
(1779322169.354977) can0 1E1#020D271001FA01FA
(1779322169.355998) can0 1F5#0000000000000000
(1779322169.357085) can0 0800A6A9#0000000000000000
(1779322169.358053) can0 1000A6A9#0D028813324A4A4A
(1779322169.359079) can0 1C00A6A9#0000000000030000
(1779322169.360079) can0 02018100#1003020D00000000
(1779322169.361079) can0 02028100#0000003264000000
(1779322169.362092) can0 02038100#0CD601100CD30105
(1779322169.363073) can0 02048100#4A01014A01010000
(1779322169.363948) can0 1AD#8714000059321818
(1779322169.364963) can0 2AD#D60C800C87140016
(1779322169.365983) can0 3AD#0000000000008714
(1779322169.366985) can0 4AD#EB00000000000000
(1779322169.367983) can0 76A#7F00000000000000
(1779322169.430666) can0 0000E005#1702440003B60591
(1779322169.431222) can0 1806E5F4#13CC010003B6023A
(1779322169.432071) can0 0000E000#13CC13CC020D0000
(1779322169.433069) can0 0000E004#181803B603B601E1
(1779322169.434031) can0 0000E006#0CD50CD50CD50CD5
(1779322169.435051) can0 0000E007#0CD30CD30CD50CD5
(1779322169.436044) can0 0000E008#0CD50CD50CD50CD5
(1779322169.437044) can0 0000E009#0CD50CD50CD50CD6
(1779322169.438091) can0 0000E010#0000000000000000
(1779322169.439119) can0 0000E011#0000000000000000
(1779322169.440071) can0 0000E012#0CD4000200000000
(1779322169.441089) can0 0000F001#0000000000000000
(1779322169.442082) can0 18FF28F4#10320000020D0000
(1779322169.443051) can0 18FE28F4#0CD60CD340400000
(1779322169.444063) can0 18FD28F4#1702FA6F00000000
(1779322169.444980) can0 4D4#000032007D0D0203
(1779322169.445961) can0 4D5#D30CD60C40400000
(1779322169.447089) can0 18914010#0CD6100CD3050000
(1779322169.448049) can0 18904010#020D020D753001FA
(1779322169.449057) can0 18FA28F4#123EA12C10270000
(1779322169.450057) can0 18FB28F4#D60CD30C40400000
(1779322169.451083) can0 18FC28F4#383200000D020000
(1779322169.452048) can0 18F810F3#0D02E80332640100
(1779322169.453083) can0 18F815F3#0000000010030000
(1779322169.453980) can0 273#000000000D023200
(1779322169.455013) can0 1E1#020D271001FA01FA
(1779322169.455993) can0 1F5#0000000000000000
(1779322169.457076) can0 0800A6A9#0000000000000000
(1779322169.458038) can0 1000A6A9#0D028813324A4A4A
(1779322169.459071) can0 1C00A6A9#0000000000030000
(1779322169.460081) can0 02018100#1003020D00000000
(1779322169.461083) can0 02028100#0000003264000000
(1779322169.462064) can0 02038100#0CD601100CD30105
(1779322169.463058) can0 02048100#4A01014A01010000
(1779322169.463958) can0 1AD#8714000059321818
(1779322169.464955) can0 2AD#D60C800C87140016
(1779322169.465987) can0 3AD#0000000000008714
(1779322169.466981) can0 4AD#EB00000000000000
(1779322169.467981) can0 76A#7F00000000000000
(1779322169.530625) can0 0000E005#1702440003B60591
(1779322169.531226) can0 1806E5F4#13CC010003B6023A
(1779322169.532106) can0 0000E000#13CC13CC020D0000
(1779322169.533053) can0 0000E004#181803B603B601E1
(1779322169.534041) can0 0000E006#0CD50CD50CD50CD3
(1779322169.535035) can0 0000E007#0CD50CD50CD50CD5
(1779322169.536035) can0 0000E008#0CD50CD50CD50CD5
(1779322169.537027) can0 0000E009#0CD50CD50CD50CD6
(1779322169.538099) can0 0000E010#0000000000000000
(1779322169.539080) can0 0000E011#0000000000000000
(1779322169.540061) can0 0000E012#0CD4000200000000
(1779322169.541093) can0 0000F001#0000000000000000
(1779322169.542073) can0 18FF28F4#10320000020D0000
(1779322169.543055) can0 18FE28F4#0CD60CD340400000
(1779322169.544074) can0 18FD28F4#1702FA6F00000000
(1779322169.544970) can0 4D4#000032007D0D0203
(1779322169.545952) can0 4D5#D30CD60C40400000
(1779322169.547049) can0 18914010#0CD6100CD3040000
(1779322169.548049) can0 18904010#020D020D753001FA
(1779322169.549061) can0 18FA28F4#123EA12C10270000
(1779322169.550042) can0 18FB28F4#D60CD30C40400000
(1779322169.551074) can0 18FC28F4#383200000D020000
(1779322169.552042) can0 18F810F3#0D02E80332640100
(1779322169.553074) can0 18F815F3#0000000010030000
(1779322169.553971) can0 273#000000000D023200
(1779322169.554953) can0 1E1#020D271001FA01FA
(1779322169.555985) can0 1F5#0000000000000000
(1779322169.557077) can0 0800A6A9#0000000000000000
(1779322169.558030) can0 1000A6A9#0D028813324A4A4A
(1779322169.559062) can0 1C00A6A9#0000000000030000
(1779322169.560077) can0 02018100#1003020D00000000
(1779322169.561069) can0 02028100#0000003264000000
(1779322169.562056) can0 02038100#0CD601100CD30104
(1779322169.563050) can0 02048100#4A01014A01010000
(1779322169.563953) can0 1AD#8714000059321818
(1779322169.564947) can0 2AD#D60C800C87140016
(1779322169.565978) can0 3AD#0000000000008714
(1779322169.566973) can0 4AD#EB00000000000000
(1779322169.567985) can0 76A#7F00000000000000
(1779322169.630610) can0 0000E005#1702440003B60591
(1779322169.631229) can0 1806E5F4#13CC010003B6023A
(1779322169.632067) can0 0000E000#13CC13CC020D0000
(1779322169.633045) can0 0000E004#181803B603B601E1
(1779322169.634029) can0 0000E006#0CD50CD50CD50CD3
(1779322169.635029) can0 0000E007#0CD50CD50CD50CD5
(1779322169.636027) can0 0000E008#0CD50CD50CD50CD5
(1779322169.637027) can0 0000E009#0CD50CD50CD50CD6
(1779322169.638090) can0 0000E010#0000000000000000
(1779322169.639072) can0 0000E011#0000000000000000
(1779322169.640072) can0 0000E012#0CD4000200000000
(1779322169.641084) can0 0000F001#0000000000000000
(1779322169.642058) can0 18FF28F4#10320000020D0000
(1779322169.643047) can0 18FE28F4#0CD60CD340400000
(1779322169.644065) can0 18FD28F4#1702FA6F00000000
(1779322169.644962) can0 4D4#000032007D0D0203
(1779322169.645957) can0 4D5#D30CD60C40400000
(1779322169.647059) can0 18914010#0CD6100CD3040000
(1779322169.648040) can0 18904010#020D020D753001FA
(1779322169.649053) can0 18FA28F4#123EA12C10270000
(1779322169.650033) can0 18FB28F4#D60CD30C40400000
(1779322169.651066) can0 18FC28F4#383200000D020000
(1779322169.652034) can0 18F810F3#0D02E80332640100
(1779322169.653078) can0 18F815F3#0000000010030000
(1779322169.653974) can0 273#000000000D023200
(1779322169.654964) can0 1E1#020D271001FA01FA
(1779322169.655977) can0 1F5#0000000000000000
(1779322169.657072) can0 0800A6A9#0000000000000000
(1779322169.658020) can0 1000A6A9#0D028813324A4A4A
(1779322169.659053) can0 1C00A6A9#0000000000030000
(1779322169.660066) can0 02018100#1003020D00000000
(1779322169.661066) can0 02028100#0000003264000000
(1779322169.662079) can0 02038100#0CD601100CD30104
(1779322169.663060) can0 02048100#4A01014A01010000
(1779322169.663945) can0 1AD#8714000059321818
(1779322169.664945) can0 2AD#D60C800C87140016
(1779322169.665968) can0 3AD#0000000000008714
(1779322169.666984) can0 4AD#EB00000000000000
(1779322169.667984) can0 76A#7F00000000000000
(1779322169.747601) can0 0000E005#1702440003B60591
(1779322169.748155) can0 1806E5F4#13CC010003B6023A
(1779322169.749057) can0 0000E000#13CC13CC020D0000
(1779322169.750050) can0 0000E004#181803B603B601E1
(1779322169.751019) can0 0000E006#0CD50CD50CD50CD5
(1779322169.752032) can0 0000E007#0CD50CD50CD50CD5
(1779322169.753031) can0 0000E008#0CD50CD50CD50CD3
(1779322169.754031) can0 0000E009#0CD50CD50CD50CD6
(1779322169.755123) can0 0000E010#0000000000000000
(1779322169.756069) can0 0000E011#0000000000000000
(1779322169.757057) can0 0000E012#0CD5000200000000
(1779322169.758025) can0 0000E013#4542323630354C43
(1779322169.759058) can0 0000E014#3134323300000000
(1779322169.760062) can0 0000E015#0000000000000003
(1779322169.761083) can0 0000F000#0000000000000000
(1779322169.762087) can0 0000F001#0000000000000000
(1779322169.763112) can0 18FF28F4#10320000020D0000
(1779322169.764047) can0 18FE28F4#0CD60CD340400000
(1779322169.765058) can0 18FD28F4#1702FA6F00000000
(1779322169.765962) can0 4D4#000032007D0D0203
(1779322169.766943) can0 4D5#D30CD60C40400000
(1779322169.768032) can0 18914010#0CD6100CD30C0000
(1779322169.769039) can0 18904010#020D020D753001FA
(1779322169.770064) can0 18924010#4001400100000000
(1779322169.771052) can0 18934010#000000F60000BC19
(1779322169.772059) can0 18944010#1003000000000000
(1779322169.773077) can0 18954010#0000000000000000
(1779322169.774077) can0 18954010#0100000000000000
(1779322169.775071) can0 18954010#0200000000000000
(1779322169.776071) can0 18954010#0300000000000000
(1779322169.777071) can0 18954010#0400000000000000
(1779322169.778071) can0 18954010#0500000000000000
(1779322169.779065) can0 18964010#0040404000000000
(1779322169.780056) can0 18974010#0000000000000000
(1779322169.781058) can0 18984010#0000000000000000
(1779322169.782039) can0 18FA28F4#123EA12C10270000
(1779322169.783039) can0 18FB28F4#D60CD30C40400000
(1779322169.784064) can0 18FC28F4#383200000D020000
(1779322169.785033) can0 18F810F3#0D02E80332640100
(1779322169.786045) can0 18F811F3#D60C1001D30C0C01
(1779322169.787059) can0 18F812F3#4001014001010000
(1779322169.788071) can0 18F813F3#0101000000000000
(1779322169.789033) can0 18F814F3#3200EA1AA9015F00
(1779322169.790064) can0 18F815F3#0000000010030000
(1779322169.790965) can0 273#000000000D023200
(1779322169.791961) can0 1E1#020D271001FA01FA
(1779322169.792989) can0 1F5#0000000000000000
(1779322169.794065) can0 0800A6A9#0000000000000000
(1779322169.795021) can0 1000A6A9#0D028813324A4A4A
(1779322169.796061) can0 1C00A6A9#0000000000030000
(1779322169.797065) can0 02018100#1003020D00000000
(1779322169.798059) can0 02028100#0000003264000000
(1779322169.799046) can0 02038100#0CD601100CD3010C
(1779322169.800059) can0 02048100#4A01014A01010000
(1779322169.800944) can0 1AD#8814000059321818
(1779322169.801957) can0 2AD#D60C800C88140016
(1779322169.802970) can0 3AD#0000000000008814
(1779322169.803964) can0 4AD#EB00000000000000
(1779322169.804970) can0 76A#7F00000000000000
(1779322169.863649) can0 0000E005#1702440003B60591
(1779322169.864240) can0 1806E5F4#13CC010003B6023A
(1779322169.865048) can0 0000E000#13CC13CC020D0000
(1779322169.866036) can0 0000E004#181803B603B601E1
(1779322169.867017) can0 0000E006#0CD50CD50CD50CD5
(1779322169.868036) can0 0000E007#0CD50CD50CD50CD5
(1779322169.869030) can0 0000E008#0CD50CD50CD50CD3
(1779322169.870030) can0 0000E009#0CD50CD50CD50CD6
(1779322169.871075) can0 0000E010#0000000000000000
(1779322169.872075) can0 0000E011#0000000000000000
(1779322169.873050) can0 0000E012#0CD5000200000000
(1779322169.874069) can0 0000F001#0000000000000000
(1779322169.875056) can0 18FF28F4#10320000020D0000
(1779322169.876036) can0 18FE28F4#0CD60CD340400000
(1779322169.877059) can0 18FD28F4#1702FA6F00000000
(1779322169.877966) can0 4D4#000032007D0D0203
(1779322169.878947) can0 4D5#D30CD60C40400000
(1779322169.880030) can0 18914010#0CD6100CD30C0000
(1779322169.881043) can0 18904010#020D020D753001FA
(1779322169.882043) can0 18FA28F4#123EA12C10270000
(1779322169.883037) can0 18FB28F4#D60CD30C40400000
(1779322169.884069) can0 18FC28F4#383200000D020000
(1779322169.885044) can0 18F810F3#0D02E80332640100
(1779322169.886062) can0 18F815F3#0000000010030000
(1779322169.886967) can0 273#000000000D023200
(1779322169.887947) can0 1E1#020D271001FA01FA
(1779322169.888974) can0 1F5#0000000000000000
(1779322169.890057) can0 0800A6A9#0000000000000000
(1779322169.891024) can0 1000A6A9#0D028813324A4A4A
(1779322169.892056) can0 1C00A6A9#0000000000030000
(1779322169.893082) can0 02018100#1003020D00000000
(1779322169.894069) can0 02028100#0000003264000000
(1779322169.895031) can0 02038100#0CD601100CD3010C
(1779322169.896046) can0 02048100#4A01014A01010000
(1779322169.896942) can0 1AD#8814000059321818
(1779322169.897956) can0 2AD#D60C800C88140016
(1779322169.898968) can0 3AD#0000000000008814
(1779322169.899967) can0 4AD#EB00000000000000
(1779322169.901009) can0 76A#7F00000000000000
(1779322169.963598) can0 0000E005#1702440003B60591
(1779322169.964144) can0 1806E5F4#13CC010003B6023A
(1779322169.965048) can0 0000E000#13CC13CC020D0000
(1779322169.966041) can0 0000E004#181803B603B601E1
(1779322169.967033) can0 0000E006#0CD50CD50CD50CD5
(1779322169.968032) can0 0000E007#0CD50CD50CD50CD5
(1779322169.969022) can0 0000E008#0CD50CD50CD50CD3
(1779322169.970033) can0 0000E009#0CD50CD50CD50CD6
(1779322169.971067) can0 0000E010#0000000000000000
(1779322169.972073) can0 0000E011#0000000000000000
(1779322169.973049) can0 0000E012#0CD5000200000000
(1779322169.974057) can0 0000F001#0000000000000000
(1779322169.975060) can0 18FF28F4#10320000020D0000
(1779322169.976042) can0 18FE28F4#0CD60CD340400000
(1779322169.977041) can0 18FD28F4#1702FA6F00000000
(1779322169.977990) can0 4D4#000032007D0D0203
(1779322169.978939) can0 4D5#D30CD60C40400000
(1779322169.980035) can0 18914010#0CD6100CD30C0000
(1779322169.981035) can0 18904010#020D020D753001FA
(1779322169.982026) can0 18FA28F4#123EA12C10270000
(1779322169.983029) can0 18FB28F4#D60CD30C40400000
(1779322169.984061) can0 18FC28F4#383200000D020000
(1779322169.985029) can0 18F810F3#0D02E80332640100
(1779322169.986100) can0 18F815F3#0000000010030000
(1779322169.986959) can0 273#000000000D023200
(1779322169.987940) can0 1E1#020D271001FA01FA
(1779322169.988976) can0 1F5#0000000000000000
(1779322169.990049) can0 0800A6A9#0000000000000000
(1779322169.991016) can0 1000A6A9#0D028813324A4A4A
(1779322169.992049) can0 1C00A6A9#0000000000030000
(1779322169.993064) can0 02018100#1003020D00000000
(1779322169.994102) can0 02028100#0000003264000000
(1779322169.995024) can0 02038100#0CD601100CD3010C
(1779322169.996036) can0 02048100#4A01014A01010000
(1779322169.996934) can0 1AD#8814000059321818
(1779322169.997943) can0 2AD#D60C800C88140016
(1779322169.998959) can0 3AD#0000000000008814
(1779322169.999959) can0 4AD#EB00000000000000
(1779322170.000953) can0 76A#7F00000000000000
(1779322170.063594) can0 0000E005#1702440003B60591
(1779322170.064145) can0 1806E5F4#13CC010003B6023A
(1779322170.065033) can0 0000E000#13CC13CC020D0000
(1779322170.066032) can0 0000E004#181803B603B601E1
(1779322170.067007) can0 0000E006#0CD50CD50CD50CD5
(1779322170.068013) can0 0000E007#0CD50CD30CD50CD5
(1779322170.069013) can0 0000E008#0CD50CD50CD50CD5
(1779322170.070007) can0 0000E009#0CD50CD50CD50CD6
(1779322170.071122) can0 0000E010#0000000000000000
(1779322170.072051) can0 0000E011#0000000000000000
(1779322170.073032) can0 0000E012#0CD5000200000000
(1779322170.074065) can0 0000F001#0000000000000000
(1779322170.075045) can0 18FF28F4#10320000020D0000
(1779322170.076026) can0 18FE28F4#0CD60CD340400000
(1779322170.077045) can0 18FD28F4#1702FA6F00000000
(1779322170.077939) can0 4D4#000032007D0D0203
(1779322170.078943) can0 4D5#D30CD60C40400000
(1779322170.080022) can0 18914010#0CD6100CD3060000
(1779322170.081022) can0 18904010#020D020D753001FA
(1779322170.082030) can0 18FA28F4#123EA12C10270000
(1779322170.083015) can0 18FB28F4#D60CD30C40400000
(1779322170.084045) can0 18FC28F4#383200000D020000
(1779322170.085013) can0 18F810F3#0D02E80332640100
(1779322170.086059) can0 18F815F3#0000000010030000
(1779322170.086944) can0 273#000000000D023200
(1779322170.087943) can0 1E1#020D271001FA01FA
(1779322170.088975) can0 1F5#0000000000000000
(1779322170.090046) can0 0800A6A9#0000000000000000
(1779322170.091020) can0 1000A6A9#0D028813324A4A4A
(1779322170.092046) can0 1C00A6A9#0000000000030000
(1779322170.093046) can0 02018100#1003020D00000000
(1779322170.094044) can0 02028100#0000003264000000
(1779322170.095027) can0 02038100#0CD601100CD30106
(1779322170.096039) can0 02048100#4A01014A01010000
(1779322170.096937) can0 1AD#8814000059321818
(1779322170.097937) can0 2AD#D60C800C88140016
(1779322170.098951) can0 3AD#0000000000008814
(1779322170.099963) can0 4AD#EB00000000000000
(1779322170.100957) can0 76A#7F00000000000000
(1779322170.163634) can0 0000E005#1702440003B60591
(1779322170.164190) can0 1806E5F4#13CC010003B6023A
(1779322170.165043) can0 0000E000#13CC13CC020D0000
(1779322170.166023) can0 0000E004#181803B603B601E1
(1779322170.167003) can0 0000E006#0CD50CD50CD50CD5
(1779322170.168005) can0 0000E007#0CD50CD30CD50CD5
(1779322170.169017) can0 0000E008#0CD50CD50CD50CD5
(1779322170.170006) can0 0000E009#0CD50CD50CD50CD6
(1779322170.171071) can0 0000E010#0000000000000000
(1779322170.172063) can0 0000E011#0000000000000000
(1779322170.173043) can0 0000E012#0CD5000200000000
(1779322170.174062) can0 0000F001#0000000000000000
(1779322170.175035) can0 18FF28F4#10320000020D0000
(1779322170.176024) can0 18FE28F4#0CD60CD340400000
(1779322170.177037) can0 18FD28F4#1702FA6F00000000
(1779322170.177954) can0 4D4#000032007D0D0203
(1779322170.178932) can0 4D5#D30CD60C40400000
(1779322170.180018) can0 18914010#0CD6100CD3060000
(1779322170.181031) can0 18904010#020D020D753001FA
(1779322170.182030) can0 18FA28F4#123EA12C10270000
(1779322170.183031) can0 18FB28F4#D60CD30C40400000
(1779322170.184043) can0 18FC28F4#383200000D020000
(1779322170.185024) can0 18F810F3#0D02E80332640100
(1779322170.186056) can0 18F815F3#0000000010030000
(1779322170.186951) can0 273#000000000D023200
(1779322170.187935) can0 1E1#020D271001FA01FA
(1779322170.188967) can0 1F5#0000000000000000
(1779322170.190050) can0 0800A6A9#0000000000000000
(1779322170.191012) can0 1000A6A9#0D028813324A4A4A
(1779322170.192044) can0 1C00A6A9#0000000000030000
(1779322170.193076) can0 02018100#1003020D00000000
(1779322170.194044) can0 02028100#0000003264000000
(1779322170.195025) can0 02038100#0CD601100CD30106
(1779322170.196037) can0 02048100#4A01014A01010000
(1779322170.196935) can0 1AD#8814000059321818
(1779322170.197929) can0 2AD#D60C800C88140016
(1779322170.198937) can0 3AD#0000000000008814
(1779322170.199954) can0 4AD#EB00000000000000
(1779322170.200987) can0 76A#7F00000000000000
(1779322170.280623) can0 0000E005#1702440003B60591
(1779322170.281178) can0 1806E5F4#13CC010003B6023A
(1779322170.282029) can0 0000E000#13CC13CC020D0000
(1779322170.283029) can0 0000E004#181803B603B601E1
(1779322170.284010) can0 0000E006#0CD50CD50CD50CD5
(1779322170.285009) can0 0000E007#0CD50CD50CD50CD5
(1779322170.286054) can0 0000E008#0CD50CD50CD50CD5
(1779322170.287003) can0 0000E009#0CD50CD50CD50CD6
(1779322170.288055) can0 0000E010#0000000000000000
(1779322170.289047) can0 0000E011#0000000000000000
(1779322170.290035) can0 0000E012#0CD5000000000000
(1779322170.290997) can0 0000E013#4542323630354C43
(1779322170.292028) can0 0000E014#3134323300000000
(1779322170.293039) can0 0000E015#0000000000000003
(1779322170.294106) can0 0000F000#0000000000000000
(1779322170.295056) can0 0000F001#0000000000000000
(1779322170.296042) can0 18FF28F4#10320000020D0000
(1779322170.297022) can0 18FE28F4#0CD60CD540400000
(1779322170.298035) can0 18FD28F4#1702FA6F00000000
(1779322170.298940) can0 4D4#000032007D0D0203
(1779322170.299933) can0 4D5#D50CD60C40400000
(1779322170.301010) can0 18914010#0CD6100CD5010000
(1779322170.302010) can0 18904010#020D020D753001FA
(1779322170.303042) can0 18924010#4001400100000000
(1779322170.304029) can0 18934010#000000F70000BC19
(1779322170.305037) can0 18944010#1003000000000000
(1779322170.306055) can0 18954010#0000000000000000
(1779322170.307055) can0 18954010#0100000000000000
(1779322170.308055) can0 18954010#0200000000000000
(1779322170.309049) can0 18954010#0300000000000000
(1779322170.310101) can0 18954010#0400000000000000
(1779322170.311049) can0 18954010#0500000000000000
(1779322170.312046) can0 18964010#0040404000000000
(1779322170.313043) can0 18974010#0000000000000000
(1779322170.314037) can0 18984010#0000000000000000
(1779322170.315018) can0 18FA28F4#123EA12C10270000
(1779322170.316017) can0 18FB28F4#D60CD50C40400000
(1779322170.317040) can0 18FC28F4#383200000D020000
(1779322170.318010) can0 18F810F3#0D02E80332640100
(1779322170.319024) can0 18F811F3#D60C1001D50C0101
(1779322170.320017) can0 18F812F3#4001014001010000
(1779322170.321049) can0 18F813F3#0101000000000000
(1779322170.322011) can0 18F814F3#3200EA1AA9015F00
(1779322170.323043) can0 18F815F3#0000000010030000
(1779322170.323941) can0 273#000000000D023200
(1779322170.324919) can0 1E1#020D271001FA01FA
(1779322170.325954) can0 1F5#0000000000000000
(1779322170.327049) can0 0800A6A9#0000000000000000
(1779322170.327999) can0 1000A6A9#0D028813324A4A4A
(1779322170.329023) can0 1C00A6A9#0000000000030000
(1779322170.330043) can0 02018100#1003020D00000000
(1779322170.331043) can0 02028100#0000003264000000
(1779322170.332024) can0 02038100#0CD601100CD50101
(1779322170.333018) can0 02048100#4A01014A01010000
(1779322170.333922) can0 1AD#8814000059321818
(1779322170.334935) can0 2AD#D60C800C88140016
(1779322170.335948) can0 3AD#0000000000008814
(1779322170.336942) can0 4AD#EB00000000000000
(1779322170.337947) can0 76A#7F00000000000000
(1779322170.396570) can0 0000E005#1702440003B60591
(1779322170.397133) can0 1806E5F4#13CC010003B6023A
(1779322170.398022) can0 0000E000#13CC13CC020D0000
(1779322170.399028) can0 0000E004#181803B603B601E1
(1779322170.400008) can0 0000E006#0CD50CD50CD50CD5
(1779322170.401008) can0 0000E007#0CD50CD50CD50CD5
(1779322170.402004) can0 0000E008#0CD50CD50CD50CD5
(1779322170.403003) can0 0000E009#0CD50CD50CD50CD6
(1779322170.404053) can0 0000E010#0000000000000000
(1779322170.405047) can0 0000E011#0000000000000000
(1779322170.406029) can0 0000E012#0CD5000000000000
(1779322170.407046) can0 0000F001#0000000000000000
(1779322170.408040) can0 18FF28F4#10320000020D0000
(1779322170.409027) can0 18FE28F4#0CD60CD540400000
(1779322170.410018) can0 18FD28F4#1702FA6F00000000
(1779322170.410938) can0 4D4#000032007D0D0203
(1779322170.411919) can0 4D5#D50CD60C40400000
(1779322170.413015) can0 18914010#0CD6100CD5010000
(1779322170.414015) can0 18904010#020D020D753001FA
(1779322170.415014) can0 18FA28F4#123EA12C10270000
(1779322170.416028) can0 18FB28F4#D60CD50C40400000
(1779322170.417041) can0 18FC28F4#383200000D020000
(1779322170.418006) can0 18F810F3#0D02E80332640100
(1779322170.419043) can0 18F815F3#0000000010030000
(1779322170.419941) can0 273#000000000D023200
(1779322170.420919) can0 1E1#020D271001FA01FA
(1779322170.421943) can0 1F5#0000000000000000
(1779322170.423047) can0 0800A6A9#0000000000000000
(1779322170.424027) can0 1000A6A9#0D028813324A4A4A
(1779322170.425028) can0 1C00A6A9#0000000000030000
(1779322170.426041) can0 02018100#1003020D00000000
(1779322170.427041) can0 02028100#0000003264000000
(1779322170.428021) can0 02038100#0CD601100CD50101
(1779322170.429015) can0 02048100#4A01014A01010000
(1779322170.429916) can0 1AD#8814000059321818
(1779322170.430932) can0 2AD#D60C800C88140016
(1779322170.431977) can0 3AD#0000000000008814
(1779322170.432939) can0 4AD#EB00000000000000
(1779322170.433935) can0 76A#7F00000000000000
(1779322170.496561) can0 0000E005#1702440003B60591
(1779322170.497117) can0 1806E5F4#13CC010003B6023A
(1779322170.498018) can0 0000E000#13CC13CC020D0000
(1779322170.499019) can0 0000E004#181803B603B601E1
(1779322170.499999) can0 0000E006#0CD50CD50CD50CD5
(1779322170.501031) can0 0000E007#0CD50CD50CD50CD5
(1779322170.501995) can0 0000E008#0CD50CD50CD50CD5
(1779322170.502989) can0 0000E009#0CD50CD50CD50CD6
(1779322170.504038) can0 0000E010#0000000000000000
(1779322170.505038) can0 0000E011#0000000000000000
(1779322170.506019) can0 0000E012#0CD5000000000000
(1779322170.507048) can0 0000F001#0000000000000000
(1779322170.508032) can0 18FF28F4#10320000020D0000
(1779322170.509045) can0 18FE28F4#0CD60CD540400000
(1779322170.510031) can0 18FD28F4#1702FA6F00000000
(1779322170.510930) can0 4D4#000032007D0D0203
(1779322170.511930) can0 4D5#D50CD60C40400000
(1779322170.513006) can0 18914010#0CD6100CD5010000
(1779322170.514006) can0 18904010#020D020D753001FA
(1779322170.515019) can0 18FA28F4#123EA12C10270000
(1779322170.516000) can0 18FB28F4#D60CD50C40400000
(1779322170.517083) can0 18FC28F4#383200000D020000
(1779322170.517999) can0 18F810F3#0D02E80332640100
(1779322170.519037) can0 18F815F3#0000000010030000
(1779322170.519930) can0 273#000000000D023200
(1779322170.520930) can0 1E1#020D271001FA01FA
(1779322170.521942) can0 1F5#0000000000000000
(1779322170.523039) can0 0800A6A9#0000000000000000
(1779322170.523987) can0 1000A6A9#0D028813324A4A4A
(1779322170.525064) can0 1C00A6A9#0000000000030000
(1779322170.526032) can0 02018100#1003020D00000000
(1779322170.527027) can0 02028100#0000003264000000
(1779322170.528013) can0 02038100#0CD601100CD50101
(1779322170.529026) can0 02048100#4A01014A01010000
(1779322170.529924) can0 1AD#8814000059321818
(1779322170.530918) can0 2AD#D60C800C88140016
(1779322170.531937) can0 3AD#0000000000008814
(1779322170.532943) can0 4AD#EB00000000000000
(1779322170.533943) can0 76A#7F00000000000000
(1779322170.596602) can0 0000E005#1702440003B60591
(1779322170.597158) can0 1806E5F4#13CC010003B6023A
(1779322170.598010) can0 0000E000#13CC13CC020D0000
(1779322170.599010) can0 0000E004#181803B603B601E1
(1779322170.599992) can0 0000E006#0CD50CD50CD50CD5
(1779322170.600991) can0 0000E007#0CD50CD50CD50CD5
(1779322170.602036) can0 0000E008#0CD50CD50CD50CD5
(1779322170.602985) can0 0000E009#0CD50CD50CD50CD6
(1779322170.604050) can0 0000E010#0000000000000000
(1779322170.605029) can0 0000E011#0000000000000000
(1779322170.606016) can0 0000E012#0CD5000000000000
(1779322170.607042) can0 0000F001#0000000000000000
(1779322170.608029) can0 18FF28F4#10320000020D0000
(1779322170.609010) can0 18FE28F4#0CD60CD540400000
(1779322170.610023) can0 18FD28F4#1702FA6F00000000
(1779322170.610927) can0 4D4#000032007D0D0203
(1779322170.611916) can0 4D5#D50CD60C40400000
(1779322170.613004) can0 18914010#0CD6100CD5010000
(1779322170.613998) can0 18904010#020D020D753001FA
(1779322170.615017) can0 18FA28F4#123EA12C10270000
(1779322170.615990) can0 18FB28F4#D60CD50C40400000
(1779322170.617030) can0 18FC28F4#383200000D020000
(1779322170.617991) can0 18F810F3#0D02E80332640100
(1779322170.619043) can0 18F815F3#0000000010030000
(1779322170.619927) can0 273#000000000D023200
(1779322170.620921) can0 1E1#020D271001FA01FA
(1779322170.621940) can0 1F5#0000000000000000
(1779322170.623036) can0 0800A6A9#0000000000000000
(1779322170.623977) can0 1000A6A9#0D028813324A4A4A
(1779322170.625017) can0 1C00A6A9#0000000000030000
(1779322170.626030) can0 02018100#1003020D00000000
(1779322170.627024) can0 02028100#0000003264000000
(1779322170.628006) can0 02038100#0CD601100CD50101
(1779322170.629023) can0 02048100#4A01014A01010000
(1779322170.629921) can0 1AD#8814000059321818
(1779322170.630915) can0 2AD#D60C800C88140016
(1779322170.631928) can0 3AD#0000000000008814
(1779322170.632941) can0 4AD#EB00000000000000
(1779322170.633941) can0 76A#7F00000000000000
(1779322170.696554) can0 0000E005#1702440003B60591
(1779322170.697105) can0 1806E5F4#13CC010003B6023A
(1779322170.698008) can0 0000E000#13CC13CC020D0000
(1779322170.699007) can0 0000E004#181803B603B601E1
(1779322170.699988) can0 0000E006#0CD50CD50CD50CD5
(1779322170.700984) can0 0000E007#0CD50CD50CD50CD5
(1779322170.701989) can0 0000E008#0CD50CD50CD50CD5
(1779322170.702989) can0 0000E009#0CD50CD50CD50CD6
(1779322170.704034) can0 0000E010#0000000000000000
(1779322170.705033) can0 0000E011#0000000000000000
(1779322170.706014) can0 0000E012#0CD5000000000000
(1779322170.707050) can0 0000F001#0000000000000000
(1779322170.708029) can0 18FF28F4#10320000020D0000
(1779322170.709009) can0 18FE28F4#0CD60CD540400000
(1779322170.710021) can0 18FD28F4#1702FA6F00000000
(1779322170.710926) can0 4D4#000032007D0D0203
(1779322170.711916) can0 4D5#D50CD60C40400000
(1779322170.713002) can0 18914010#0CD6100CD5010000
(1779322170.714002) can0 18904010#020D020D753001FA
(1779322170.715015) can0 18FA28F4#123EA12C10270000
(1779322170.716015) can0 18FB28F4#D60CD50C40400000
(1779322170.717027) can0 18FC28F4#383200000D020000
(1779322170.717995) can0 18F810F3#0D02E80332640100
(1779322170.719021) can0 18F815F3#0000000010030000
(1779322170.719920) can0 273#000000000D023200
(1779322170.720907) can0 1E1#020D271001FA01FA
(1779322170.721938) can0 1F5#0000000000000000
(1779322170.723034) can0 0800A6A9#0000000000000000
(1779322170.723997) can0 1000A6A9#0D028813324A4A4A
(1779322170.725015) can0 1C00A6A9#0000000000030000
(1779322170.726028) can0 02018100#1003020D00000000
(1779322170.727028) can0 02028100#0000003264000000
(1779322170.728008) can0 02038100#0CD601100CD50101
(1779322170.729002) can0 02048100#4A01014A01010000
(1779322170.729900) can0 1AD#8814000059321818
(1779322170.730914) can0 2AD#D60C800C88140016
(1779322170.731958) can0 3AD#0000000000008814
(1779322170.732926) can0 4AD#EB00000000000000
(1779322170.733939) can0 76A#7F00000000000000
(1779322170.813587) can0 0000E005#1702440003B60591
(1779322170.814142) can0 1806E5F4#13CC010003B6023A
(1779322170.815013) can0 0000E000#13CC13CC020D0000
(1779322170.816006) can0 0000E004#181803B603B601E1
(1779322170.817020) can0 0000E006#0CD50CD50CD50CD5
(1779322170.817987) can0 0000E007#0CD30CD50CD50CD5
(1779322170.818987) can0 0000E008#0CD50CD50CD50CD5
(1779322170.819987) can0 0000E009#0CD50CD50CD50CD6
(1779322170.821032) can0 0000E010#0000000000000000
(1779322170.822023) can0 0000E011#0000000000000000
(1779322170.823014) can0 0000E012#0CD5000300000000
(1779322170.823974) can0 0000E013#4542323630354C43
(1779322170.825058) can0 0000E014#3134323300000000
(1779322170.826015) can0 0000E015#0000000000000003
(1779322170.827039) can0 0000F000#0000000000000000
(1779322170.828039) can0 0000F001#0000000000000000
(1779322170.829020) can0 18FF28F4#10320000020D0000
(1779322170.830000) can0 18FE28F4#0CD60CD340400000
(1779322170.831014) can0 18FD28F4#1702FA6F00000000
(1779322170.831918) can0 4D4#000032007D0D0203
(1779322170.832943) can0 4D5#D30CD60C40400000
(1779322170.833986) can0 18914010#0CD6100CD3050000
(1779322170.834994) can0 18904010#020D020D753001FA
(1779322170.836020) can0 18924010#4001400100000000
(1779322170.837020) can0 18934010#000000F80000BC19
(1779322170.838013) can0 18944010#1003000000000000
(1779322170.839033) can0 18954010#0000000000000000
(1779322170.840032) can0 18954010#0100000000000000
(1779322170.841077) can0 18954010#0200000000000000
(1779322170.842026) can0 18954010#0300000000000000
(1779322170.843027) can0 18954010#0400000000000000
(1779322170.844026) can0 18954010#0500000000000000
(1779322170.845020) can0 18964010#0040404000000000
(1779322170.846017) can0 18974010#0000000000000000
(1779322170.847015) can0 18984010#0000000000000000
(1779322170.847994) can0 18FA28F4#123EA12C10270000
(1779322170.848995) can0 18FB28F4#D60CD30C40400000
(1779322170.850017) can0 18FC28F4#383200000D020000
(1779322170.850989) can0 18F810F3#0D02E80332640100
(1779322170.852001) can0 18F811F3#D60C1001D30C0501
(1779322170.852995) can0 18F812F3#4001014001010000
(1779322170.854028) can0 18F813F3#0101000000000000
(1779322170.854995) can0 18F814F3#3200EA1AA9015F00
(1779322170.856020) can0 18F815F3#0000000010030000
(1779322170.856918) can0 273#000000000D023200
(1779322170.857896) can0 1E1#020D271001FA01FA
(1779322170.858931) can0 1F5#0000000000000000
(1779322170.860028) can0 0800A6A9#0000000000000000
(1779322170.860976) can0 1000A6A9#0D028813324A4A4A
(1779322170.862015) can0 1C00A6A9#0000000000030000
(1779322170.863021) can0 02018100#1003020D00000000
(1779322170.864021) can0 02028100#0000003264000000
(1779322170.865002) can0 02038100#0CD601100CD30105
(1779322170.866002) can0 02048100#4A01014A01010000
(1779322170.866900) can0 1AD#8814000059321818
(1779322170.867912) can0 2AD#D60C800C88140016
(1779322170.868931) can0 3AD#0000000000008814
(1779322170.869942) can0 4AD#EB00000000000000
(1779322170.870925) can0 76A#7F00000000000000
(1779322170.929553) can0 0000E005#1702440003B60591
(1779322170.930109) can0 1806E5F4#13CC010003B6023A
(1779322170.931005) can0 0000E000#13CC13CC020D0000
(1779322170.931985) can0 0000E004#181803B603B601E1
(1779322170.932972) can0 0000E006#0CD50CD50CD50CD5
(1779322170.933986) can0 0000E007#0CD30CD50CD50CD5
(1779322170.934986) can0 0000E008#0CD50CD50CD50CD5
(1779322170.935980) can0 0000E009#0CD50CD50CD50CD6
(1779322170.937030) can0 0000E010#0000000000000000
(1779322170.938024) can0 0000E011#0000000000000000
(1779322170.939005) can0 0000E012#0CD5000300000000
(1779322170.940024) can0 0000F001#0000000000000000
(1779322170.941005) can0 18FF28F4#10320000020D0000
(1779322170.941986) can0 18FE28F4#0CD60CD340400000
(1779322170.942996) can0 18FD28F4#1702FA6F00000000
(1779322170.943916) can0 4D4#000032007D0D0203
(1779322170.944903) can0 4D5#D30CD60C40400000
(1779322170.945999) can0 18914010#0CD6100CD3050000
(1779322170.947012) can0 18904010#020D020D753001FA
(1779322170.947992) can0 18FA28F4#123EA12C10270000
(1779322170.948993) can0 18FB28F4#D60CD30C40400000
(1779322170.950025) can0 18FC28F4#383200000D020000
(1779322170.950984) can0 18F810F3#0D02E80332640100
(1779322170.952018) can0 18F815F3#0000000010030000
(1779322170.952922) can0 273#000000000D023200
(1779322170.953903) can0 1E1#020D271001FA01FA
(1779322170.954943) can0 1F5#0000000000000000
(1779322170.956011) can0 0800A6A9#0000000000000000
(1779322170.956980) can0 1000A6A9#0D028813324A4A4A
(1779322170.958005) can0 1C00A6A9#0000000000030000
(1779322170.959025) can0 02018100#1003020D00000000
(1779322170.960019) can0 02028100#0000003264000000
(1779322170.960999) can0 02038100#0CD601100CD30105
(1779322170.962000) can0 02048100#4A01014A01010000
(1779322170.962924) can0 1AD#8814000059321818
(1779322170.963910) can0 2AD#D60C800C88140016
(1779322170.964923) can0 3AD#0000000000008814
(1779322170.965923) can0 4AD#EB00000000000000
(1779322170.966912) can0 76A#7F00000000000000
(1779322171.029615) can0 0000E005#1702440003B60591
(1779322171.030166) can0 1806E5F4#13CC010003B6023A
(1779322171.030999) can0 0000E000#13CC13CC020D0000
(1779322171.032011) can0 0000E004#181803B603B601E1
(1779322171.032977) can0 0000E006#0CD50CD50CD50CD5
(1779322171.033978) can0 0000E007#0CD30CD50CD50CD5
(1779322171.034972) can0 0000E008#0CD50CD50CD50CD5
(1779322171.035972) can0 0000E009#0CD50CD50CD50CD6
(1779322171.037016) can0 0000E010#0000000000000000
(1779322171.038015) can0 0000E011#0000000000000000
(1779322171.038997) can0 0000E012#0CD5000300000000
(1779322171.040039) can0 0000F001#0000000000000000
(1779322171.041009) can0 18FF28F4#10320000020D0000
(1779322171.041990) can0 18FE28F4#0CD60CD340400000
(1779322171.042990) can0 18FD28F4#1702FA6F00000000
(1779322171.043906) can0 4D4#000032007D0D0203
(1779322171.044894) can0 4D5#D30CD60C40400000
(1779322171.045984) can0 18914010#0CD6100CD3050000
(1779322171.046984) can0 18904010#020D020D753001FA
(1779322171.048026) can0 18FA28F4#123EA12C10270000
(1779322171.048984) can0 18FB28F4#D60CD30C40400000
(1779322171.050010) can0 18FC28F4#383200000D020000
(1779322171.050978) can0 18F810F3#0D02E80332640100
(1779322171.052000) can0 18F815F3#0000000010030000
(1779322171.052907) can0 273#000000000D023200
(1779322171.053907) can0 1E1#020D271001FA01FA
(1779322171.054921) can0 1F5#0000000000000000
(1779322171.056048) can0 0800A6A9#0000000000000000
(1779322171.056965) can0 1000A6A9#0D028813324A4A4A
(1779322171.057997) can0 1C00A6A9#0000000000030000
(1779322171.059010) can0 02018100#1003020D00000000
(1779322171.060002) can0 02028100#0000003264000000
(1779322171.060991) can0 02038100#0CD601100CD30105
(1779322171.061984) can0 02048100#4A01014A01010000
(1779322171.062889) can0 1AD#8814000059321818
(1779322171.063894) can0 2AD#D60C800C88140016
(1779322171.064914) can0 3AD#0000000000008814
(1779322171.065927) can0 4AD#EB00000000000000
(1779322171.066921) can0 76A#7F00000000000000
(1779322171.129579) can0 0000E005#1702440003B60591
(1779322171.130136) can0 1806E5F4#13CC010003B6023A
(1779322171.131001) can0 0000E000#13CC13CC020D0000
(1779322171.131987) can0 0000E004#181803B603B601E1
(1779322171.133014) can0 0000E006#0CD50CD50CD50CD5
(1779322171.133968) can0 0000E007#0CD50CD50CD50CD5
(1779322171.134981) can0 0000E008#0CD50CD50CD50CD5
(1779322171.135962) can0 0000E009#0CD50CD50CD50CD6
(1779322171.137025) can0 0000E010#0000000000000000
(1779322171.138026) can0 0000E011#0000000000000000
(1779322171.139007) can0 0000E012#0CD5000000000000
(1779322171.140019) can0 0000F001#0000000000000000
(1779322171.141001) can0 18FF28F4#10320000020D0000
(1779322171.141982) can0 18FE28F4#0CD60CD540400000
(1779322171.143001) can0 18FD28F4#1702FA6F00000000
(1779322171.143918) can0 4D4#000032007D0D0203
(1779322171.144892) can0 4D5#D50CD60C40400000
(1779322171.145995) can0 18914010#0CD6100CD5010000
(1779322171.146988) can0 18904010#020D020D753001FA
(1779322171.147989) can0 18FA28F4#123EA12C10270000
(1779322171.148984) can0 18FB28F4#D60CD50C40400000
(1779322171.150001) can0 18FC28F4#383200000D020000
(1779322171.150982) can0 18F810F3#0D02E80332640100
(1779322171.152014) can0 18F815F3#0000000010030000
(1779322171.152918) can0 273#000000000D023200
(1779322171.153899) can0 1E1#020D271001FA01FA
(1779322171.154924) can0 1F5#0000000000000000
(1779322171.156007) can0 0800A6A9#0000000000000000
(1779322171.156969) can0 1000A6A9#0D028813324A4A4A
(1779322171.158001) can0 1C00A6A9#0000000000030000
(1779322171.159002) can0 02018100#1003020D00000000
(1779322171.160014) can0 02028100#0000003264000000
(1779322171.160974) can0 02038100#0CD601100CD50101
(1779322171.161995) can0 02048100#4A01014A01010000
(1779322171.162893) can0 1AD#8814000059321818
(1779322171.163906) can0 2AD#D60C800C88140016
(1779322171.164918) can0 3AD#0000000000008814
(1779322171.165919) can0 4AD#EB00000000000000
(1779322171.166913) can0 76A#7F00000000000000
(1779322171.229541) can0 0000E005#1702440003B60591
(1779322171.230091) can0 1806E5F4#13CC010003B6023A
(1779322171.230998) can0 0000E000#13CC13CC020D0000
(1779322171.231979) can0 0000E004#181803B603B601E1
(1779322171.232960) can0 0000E006#0CD50CD50CD50CD5
(1779322171.233970) can0 0000E007#0CD50CD50CD50CD5
(1779322171.234973) can0 0000E008#0CD50CD50CD50CD5
(1779322171.235973) can0 0000E009#0CD50CD50CD50CD6
(1779322171.237017) can0 0000E010#0000000000000000
(1779322171.238017) can0 0000E011#0000000000000000
(1779322171.238999) can0 0000E012#0CD5000000000000
(1779322171.240011) can0 0000F001#0000000000000000
(1779322171.240998) can0 18FF28F4#10320000020D0000
(1779322171.241974) can0 18FE28F4#0CD60CD540400000
(1779322171.242992) can0 18FD28F4#1702FA6F00000000
(1779322171.243909) can0 4D4#000032007D0D0203
(1779322171.244890) can0 4D5#D50CD60C40400000
(1779322171.245984) can0 18914010#0CD6100CD5010000
(1779322171.246986) can0 18904010#020D020D753001FA
(1779322171.247986) can0 18FA28F4#123EA12C10270000
(1779322171.248979) can0 18FB28F4#D60CD50C40400000
(1779322171.250012) can0 18FC28F4#383200000D020000
(1779322171.250980) can0 18F810F3#0D02E80332640100
(1779322171.252011) can0 18F815F3#0000000010030000
(1779322171.252910) can0 273#000000000D023200
(1779322171.253889) can0 1E1#020D271001FA01FA
(1779322171.254936) can0 1F5#0000000000000000
(1779322171.256000) can0 0800A6A9#0000000000000000
(1779322171.256967) can0 1000A6A9#0D028813324A4A4A
(1779322171.257996) can0 1C00A6A9#0000000000030000
(1779322171.259012) can0 02018100#1003020D00000000
(1779322171.260012) can0 02028100#0000003264000000
(1779322171.260993) can0 02038100#0CD601100CD50101
(1779322171.261987) can0 02048100#4A01014A01010000
(1779322171.262904) can0 1AD#8814000059321818
(1779322171.263904) can0 2AD#D60C800C88140016
(1779322171.264916) can0 3AD#0000000000008814
(1779322171.265905) can0 4AD#EB00000000000000
(1779322171.266910) can0 76A#7F00000000000000
(1779322171.346537) can0 0000E005#1702440003B60591
(1779322171.347093) can0 1806E5F4#13CC010003B6023A
(1779322171.348005) can0 0000E000#13CC13CC020D0000
(1779322171.348977) can0 0000E004#181803B603B601E1
(1779322171.349958) can0 0000E006#0CD50CD50CD30CD5
(1779322171.350959) can0 0000E007#0CD50CD50CD50CD5
(1779322171.351952) can0 0000E008#0CD50CD50CD50CD5
(1779322171.352952) can0 0000E009#0CD50CD50CD50CD6
(1779322171.354016) can0 0000E010#0000000000000000
(1779322171.354997) can0 0000E011#0000000000000000
(1779322171.356029) can0 0000E012#0CD4000200000000
(1779322171.356959) can0 0000E013#4542323630354C43
(1779322171.357990) can0 0000E014#3134323300000000
(1779322171.359001) can0 0000E015#0000000000000003
(1779322171.360004) can0 0000F000#0000000000000000
(1779322171.361004) can0 0000F001#0000000000000000
(1779322171.361985) can0 18FF28F4#10320000020D0000
(1779322171.362966) can0 18FE28F4#0CD60CD340400000
(1779322171.364029) can0 18FD28F4#1702FA6F00000000
(1779322171.364901) can0 4D4#000032007D0D0203
(1779322171.365882) can0 4D5#D30CD60C40400000
(1779322171.366971) can0 18914010#0CD6100CD3030000
(1779322171.367972) can0 18904010#020D020D753001FA
(1779322171.368991) can0 18924010#4001400100000000
(1779322171.369985) can0 18934010#000000F90000BC19
(1779322171.370982) can0 18944010#1003000000000000
(1779322171.372061) can0 18954010#0000000000000000
(1779322171.373018) can0 18954010#0100000000000000
(1779322171.374010) can0 18954010#0200000000000000
(1779322171.375011) can0 18954010#0300000000000000
(1779322171.376010) can0 18954010#0400000000000000
(1779322171.376991) can0 18954010#0500000000000000
(1779322171.378004) can0 18964010#0040404000000000
(1779322171.378993) can0 18974010#0000000000000000
(1779322171.379998) can0 18984010#0000000000000000
(1779322171.380979) can0 18FA28F4#123EA12C10270000
(1779322171.381973) can0 18FB28F4#D60CD30C40400000
(1779322171.382986) can0 18FC28F4#383200000D020000
(1779322171.383966) can0 18F810F3#0D02E80332640100
(1779322171.384967) can0 18F811F3#D60C1001D30C0301
(1779322171.385979) can0 18F812F3#4001014001010000
(1779322171.387011) can0 18F813F3#0101000000000000
(1779322171.387973) can0 18F814F3#3200EA1AA9015F00
(1779322171.389005) can0 18F815F3#0000000010030000
(1779322171.389903) can0 273#000000000D023200
(1779322171.390880) can0 1E1#020D271001FA01FA
(1779322171.391909) can0 1F5#0000000000000000
(1779322171.392993) can0 0800A6A9#0000000000000000
(1779322171.393953) can0 1000A6A9#0D028813324A4A4A
(1779322171.394984) can0 1C00A6A9#0000000000030000
(1779322171.395999) can0 02018100#1003020D00000000
(1779322171.396999) can0 02028100#0000003264000000
(1779322171.397979) can0 02038100#0CD601100CD30103
(1779322171.398980) can0 02048100#4A01014A01010000
(1779322171.399878) can0 1AD#8714000059321818
(1779322171.400877) can0 2AD#D60C800C87140016
(1779322171.401890) can0 3AD#0000000000008714
(1779322171.402905) can0 4AD#EB00000000000000
(1779322171.403905) can0 76A#7F00000000000000
(1779322171.462587) can0 0000E005#1702440003B60591
(1779322171.463143) can0 1806E5F4#13CC010003B6023A
(1779322171.463973) can0 0000E000#13CC13CC020D0000
(1779322171.464976) can0 0000E004#181803B603B601E1
(1779322171.465963) can0 0000E006#0CD50CD50CD30CD5
(1779322171.466958) can0 0000E007#0CD50CD50CD50CD5
(1779322171.467957) can0 0000E008#0CD50CD50CD50CD5
(1779322171.468957) can0 0000E009#0CD50CD50CD50CD6
(1779322171.470002) can0 0000E010#0000000000000000
(1779322171.471002) can0 0000E011#0000000000000000
(1779322171.471975) can0 0000E012#0CD4000200000000
(1779322171.473015) can0 0000F001#0000000000000000
(1779322171.473996) can0 18FF28F4#10320000020D0000
(1779322171.474977) can0 18FE28F4#0CD60CD340400000
(1779322171.475972) can0 18FD28F4#1702FA6F00000000
(1779322171.476894) can0 4D4#000032007D0D0203
(1779322171.477893) can0 4D5#D30CD60C40400000
(1779322171.478970) can0 18914010#0CD6100CD3030000
(1779322171.479970) can0 18904010#020D020D753001FA
(1779322171.480964) can0 18FA28F4#123EA12C10270000
(1779322171.481964) can0 18FB28F4#D60CD30C40400000
(1779322171.482997) can0 18FC28F4#383200000D020000
(1779322171.483953) can0 18F810F3#0D02E80332640100
(1779322171.484990) can0 18F815F3#0000000010030000
(1779322171.485906) can0 273#000000000D023200
(1779322171.486875) can0 1E1#020D271001FA01FA
(1779322171.487904) can0 1F5#0000000000000000
(1779322171.489003) can0 0800A6A9#0000000000000000
(1779322171.489951) can0 1000A6A9#0D028813324A4A4A
(1779322171.490984) can0 1C00A6A9#0000000000030000
(1779322171.491996) can0 02018100#1003020D00000000
(1779322171.492990) can0 02028100#0000003264000000
(1779322171.493990) can0 02038100#0CD601100CD30103
(1779322171.494971) can0 02048100#4A01014A01010000
(1779322171.495869) can0 1AD#8714000059321818
(1779322171.496869) can0 2AD#D60C800C87140016
(1779322171.497901) can0 3AD#0000000000008714
(1779322171.498894) can0 4AD#EB00000000000000
(1779322171.499903) can0 76A#7F00000000000000
(1779322171.562584) can0 0000E005#1702440003B60591
(1779322171.563141) can0 1806E5F4#13CC010003B6023A
(1779322171.563974) can0 0000E000#13CC13CC020D0000
(1779322171.564974) can0 0000E004#181803B603B601E1
(1779322171.565955) can0 0000E006#0CD50CD50CD30CD5
(1779322171.566955) can0 0000E007#0CD50CD50CD50CD5
(1779322171.567955) can0 0000E008#0CD50CD50CD50CD5
(1779322171.568948) can0 0000E009#0CD50CD50CD50CD6
(1779322171.569999) can0 0000E010#0000000000000000
(1779322171.571026) can0 0000E011#0000000000000000
(1779322171.571980) can0 0000E012#0CD4000200000000
(1779322171.573002) can0 0000F001#0000000000000000
(1779322171.573994) can0 18FF28F4#10320000020D0000
(1779322171.574975) can0 18FE28F4#0CD60CD340400000
(1779322171.575968) can0 18FD28F4#1702FA6F00000000
(1779322171.576891) can0 4D4#000032007D0D0203
(1779322171.577872) can0 4D5#D30CD60C40400000
(1779322171.579000) can0 18914010#0CD6100CD3030000
(1779322171.579962) can0 18904010#020D020D753001FA
(1779322171.580957) can0 18FA28F4#123EA12C10270000
(1779322171.581962) can0 18FB28F4#D60CD30C40400000
(1779322171.582994) can0 18FC28F4#383200000D020000
(1779322171.583956) can0 18F810F3#0D02E80332640100
(1779322171.584984) can0 18F815F3#0000000010030000
(1779322171.585891) can0 273#000000000D023200
(1779322171.586918) can0 1E1#020D271001FA01FA
(1779322171.587905) can0 1F5#0000000000000000
(1779322171.588994) can0 0800A6A9#0000000000000000
(1779322171.589950) can0 1000A6A9#0D028813324A4A4A
(1779322171.590975) can0 1C00A6A9#0000000000030000
(1779322171.591994) can0 02018100#1003020D00000000
(1779322171.592987) can0 02028100#0000003264000000
(1779322171.593969) can0 02038100#0CD601100CD30103
(1779322171.595020) can0 02048100#4A01014A01010000
(1779322171.595867) can0 1AD#8714000059321818
(1779322171.596864) can0 2AD#D60C800C87140016
(1779322171.597892) can0 3AD#0000000000008714
(1779322171.598892) can0 4AD#EB00000000000000
(1779322171.599906) can0 76A#7F00000000000000
(1779322171.662518) can0 0000E005#1702440003B60591
(1779322171.663075) can0 1806E5F4#13CC010003B6023A
(1779322171.664010) can0 0000E000#13CC13CC020D0000
(1779322171.664972) can0 0000E004#181803B603B601E1
(1779322171.665939) can0 0000E006#0CD50CD50CD50CD5
(1779322171.666953) can0 0000E007#0CD50CD50CD50CD5
(1779322171.667953) can0 0000E008#0CD50CD50CD50CD5
(1779322171.668952) can0 0000E009#0CD50CD50CD50CD6
(1779322171.669994) can0 0000E010#0000000000000000
(1779322171.670998) can0 0000E011#0000000000000000
(1779322171.672023) can0 0000E012#0CD5000000000000
(1779322171.672991) can0 0000F001#0000000000000000
(1779322171.673991) can0 18FF28F4#10320000020D0000
(1779322171.674960) can0 18FE28F4#0CD60CD540400000
(1779322171.675973) can0 18FD28F4#1702FA6F00000000
(1779322171.676889) can0 4D4#000032007D0D0203
(1779322171.677870) can0 4D5#D50CD60C40400000
(1779322171.678966) can0 18914010#0CD6100CD5010000
(1779322171.679966) can0 18904010#020D020D753001FA
(1779322171.680960) can0 18FA28F4#123EA12C10270000
(1779322171.681959) can0 18FB28F4#D60CD50C40400000
(1779322171.682992) can0 18FC28F4#383200000D020000
(1779322171.683961) can0 18F810F3#0D02E80332640100
(1779322171.684991) can0 18F815F3#0000000010030000
(1779322171.685890) can0 273#000000000D023200
(1779322171.686871) can0 1E1#020D271001FA01FA
(1779322171.687903) can0 1F5#0000000000000000
(1779322171.688979) can0 0800A6A9#0000000000000000
(1779322171.689946) can0 1000A6A9#0D028813324A4A4A
(1779322171.690979) can0 1C00A6A9#0000000000030000
(1779322171.691992) can0 02018100#1003020D00000000
(1779322171.692992) can0 02028100#0000003264000000
(1779322171.693965) can0 02038100#0CD601100CD50101
(1779322171.694967) can0 02048100#4A01014A01010000
(1779322171.695871) can0 1AD#8814000059321818
(1779322171.696883) can0 2AD#D60C800C88140016
(1779322171.697897) can0 3AD#0000000000008814
(1779322171.698891) can0 4AD#EB00000000000000
(1779322171.699890) can0 76A#7F00000000000000
(1779322171.762519) can0 0000E005#1702440003B60591
(1779322171.763078) can0 1806E5F4#13CC010003B6023A
(1779322171.763965) can0 0000E000#13CC13CC020D0000
(1779322171.764957) can0 0000E004#181803B603B601E1
(1779322171.765944) can0 0000E006#0CD50CD50CD50CD5
(1779322171.766933) can0 0000E007#0CD50CD50CD50CD5
(1779322171.767937) can0 0000E008#0CD50CD50CD50CD5
(1779322171.768938) can0 0000E009#0CD50CD50CD50CD6
(1779322171.770001) can0 0000E010#0000000000000000
(1779322171.770983) can0 0000E011#0000000000000000
(1779322171.771983) can0 0000E012#0CD5000000000000
(1779322171.772995) can0 0000F001#0000000000000000
(1779322171.773976) can0 18FF28F4#10320000020D0000
(1779322171.774958) can0 18FE28F4#0CD60CD540400000
(1779322171.775970) can0 18FD28F4#1702FA6F00000000
(1779322171.776874) can0 4D4#000032007D0D0203
(1779322171.777874) can0 4D5#D50CD60C40400000
(1779322171.778961) can0 18914010#0CD6100CD5010000
(1779322171.779951) can0 18904010#020D020D753001FA
(1779322171.780964) can0 18FA28F4#123EA12C10270000
(1779322171.781945) can0 18FB28F4#D60CD50C40400000
(1779322171.782978) can0 18FC28F4#383200000D020000
(1779322171.783945) can0 18F810F3#0D02E80332640100
(1779322171.784990) can0 18F815F3#0000000010030000
(1779322171.785894) can0 273#000000000D023200
(1779322171.786867) can0 1E1#020D271001FA01FA
(1779322171.787888) can0 1F5#0000000000000000
(1779322171.788983) can0 0800A6A9#0000000000000000
(1779322171.789932) can0 1000A6A9#0D028813324A4A4A
(1779322171.790972) can0 1C00A6A9#0000000000030000
(1779322171.791978) can0 02018100#1003020D00000000
(1779322171.792977) can0 02028100#0000003264000000
(1779322171.793971) can0 02038100#0CD601100CD50101
(1779322171.794971) can0 02048100#4A01014A01010000
(1779322171.795868) can0 1AD#8814000059321818
(1779322171.796869) can0 2AD#D60C800C88140016
(1779322171.797881) can0 3AD#0000000000008814
(1779322171.798890) can0 4AD#EB00000000000000
(1779322171.799888) can0 76A#7F00000000000000
(1779322171.879521) can0 0000E005#1702440003B60591
(1779322171.880078) can0 1806E5F4#13CC010003B6023A
(1779322171.880959) can0 0000E000#13CC13CC020D0000
(1779322171.881962) can0 0000E004#181803B603B601E1
(1779322171.882943) can0 0000E006#0CD50CD50CD50CD5
(1779322171.883936) can0 0000E007#0CD50CD50CD50CD5
(1779322171.884936) can0 0000E008#0CD50CD50CD50CD3
(1779322171.885936) can0 0000E009#0CD50CD50CD50CD6
(1779322171.887033) can0 0000E010#0000000000000000
(1779322171.887982) can0 0000E011#0000000000000000
(1779322171.888962) can0 0000E012#0CD5000200000000
(1779322171.889930) can0 0000E013#4542323630354C43
(1779322171.890963) can0 0000E014#3134323300000000
(1779322171.891975) can0 0000E015#0000000000000003
(1779322171.892983) can0 0000F000#0000000000000000
(1779322171.893988) can0 0000F001#0000000000000000
(1779322171.895021) can0 18FF28F4#10320000020D0000
(1779322171.895950) can0 18FE28F4#0CD60CD340400000
(1779322171.896963) can0 18FD28F4#1702FA6F00000000
(1779322171.897880) can0 4D4#000032007D0D0203
(1779322171.898868) can0 4D5#D30CD60C40400000
(1779322171.899944) can0 18914010#0CD6100CD30C0000
(1779322171.900955) can0 18904010#020D020D753001FA
(1779322171.901975) can0 18924010#4001400100000000
(1779322171.903020) can0 18934010#000000FA0000BC19
(1779322171.903972) can0 18944010#1003000000000000
(1779322171.904984) can0 18954010#0000000000000000
(1779322171.905982) can0 18954010#0100000000000000
(1779322171.906982) can0 18954010#0200000000000000
(1779322171.907976) can0 18954010#0300000000000000
(1779322171.908976) can0 18954010#0400000000000000
(1779322171.909976) can0 18954010#0500000000000000
(1779322171.910969) can0 18964010#0040404000000000
(1779322171.911989) can0 18974010#0000000000000000
(1779322171.912979) can0 18984010#0000000000000000
(1779322171.913950) can0 18FA28F4#123EA12C10270000
(1779322171.914944) can0 18FB28F4#D60CD30C40400000
(1779322171.915976) can0 18FC28F4#383200000D020000
(1779322171.916939) can0 18F810F3#0D02E80332640100
(1779322171.917950) can0 18F811F3#D60C1001D30C0C01
(1779322171.918963) can0 18F812F3#4001014001010000
(1779322171.919976) can0 18F813F3#0101000000000000
(1779322171.920945) can0 18F814F3#3200EA1AA9015F00
(1779322171.921977) can0 18F815F3#0000000010030000
(1779322171.922874) can0 273#000000000D023200
(1779322171.923868) can0 1E1#020D271001FA01FA
(1779322171.924880) can0 1F5#0000000000000000
(1779322171.925976) can0 0800A6A9#0000000000000000
(1779322171.926931) can0 1000A6A9#0D028813324A4A4A
(1779322171.927958) can0 1C00A6A9#0000000000030000
(1779322171.928980) can0 02018100#1003020D00000000
(1779322171.929982) can0 02028100#0000003264000000
(1779322171.930970) can0 02038100#0CD601100CD3010C
(1779322171.931985) can0 02048100#4A01014A01010000
(1779322171.932866) can0 1AD#8814000059321818
(1779322171.933882) can0 2AD#D60C800C88140016
(1779322171.934892) can0 3AD#0000000000008814
(1779322171.935887) can0 4AD#EB00000000000000
(1779322171.936900) can0 76A#7F00000000000000
(1779322171.995577) can0 0000E005#1702440003B60591
(1779322171.996146) can0 1806E5F4#13CC010003B6023A
(1779322171.996992) can0 0000E000#13CC13CC020D0000
(1779322171.997994) can0 0000E004#181803B603B601E1
(1779322171.998958) can0 0000E006#0CD50CD50CD50CD5
(1779322171.999985) can0 0000E007#0CD50CD50CD50CD5
(1779322172.001035) can0 0000E008#0CD50CD50CD50CD3
(1779322172.001993) can0 0000E009#0CD50CD50CD50CD6
(1779322172.003009) can0 0000E010#0000000000000000
(1779322172.004039) can0 0000E011#0000000000000000
(1779322172.005018) can0 0000E012#0CD5000200000000
(1779322172.006051) can0 0000F001#0000000000000000
(1779322172.007020) can0 18FF28F4#10320000020D0000
(1779322172.007964) can0 18FE28F4#0CD60CD340400000
(1779322172.008970) can0 18FD28F4#1702FA6F00000000
(1779322172.009900) can0 4D4#000032007D0D0203
(1779322172.010876) can0 4D5#D30CD60C40400000
(1779322172.011946) can0 18914010#0CD6100CD30C0000
(1779322172.012972) can0 18904010#020D020D753001FA
(1779322172.013975) can0 18FA28F4#123EA12C10270000
(1779322172.014959) can0 18FB28F4#D60CD30C40400000
(1779322172.015967) can0 18FC28F4#383200000D020000
(1779322172.016947) can0 18F810F3#0D02E80332640100
(1779322172.017975) can0 18F815F3#0000000010030000
(1779322172.018892) can0 273#000000000D023200
(1779322172.019879) can0 1E1#020D271001FA01FA
(1779322172.020909) can0 1F5#0000000000000000
(1779322172.021982) can0 0800A6A9#0000000000000000
(1779322172.022944) can0 1000A6A9#0D028813324A4A4A
(1779322172.023990) can0 1C00A6A9#0000000000030000
(1779322172.025013) can0 02018100#1003020D00000000
(1779322172.025996) can0 02028100#0000003264000000
(1779322172.026945) can0 02038100#0CD601100CD3010C
(1779322172.027959) can0 02048100#4A01014A01010000
(1779322172.028857) can0 1AD#8814000059321818
(1779322172.029875) can0 2AD#D60C800C88140016
(1779322172.030867) can0 3AD#0000000000008814
(1779322172.031879) can0 4AD#EB00000000000000
(1779322172.032906) can0 76A#7F00000000000000
(1779322172.038834) can0 00000E00#00354C4331343233
(1779322172.095512) can0 0000E005#1702440003B60591
(1779322172.096065) can0 1806E5F4#13CC010003B6023A
(1779322172.096952) can0 0000E000#13CC13CC020D0000
(1779322172.097946) can0 0000E004#181803B603B601E1
(1779322172.098933) can0 0000E006#0CD50CD50CD50CD5
(1779322172.099926) can0 0000E007#0CD50CD50CD50CD5
(1779322172.100926) can0 0000E008#0CD50CD50CD50CD3
(1779322172.101939) can0 0000E009#0CD50CD50CD50CD6
(1779322172.102990) can0 0000E010#0000000000000000
(1779322172.103971) can0 0000E011#0000000000000000
(1779322172.104947) can0 0000E012#0CD5000200000000
(1779322172.105984) can0 0000F001#0000000000000000
(1779322172.106965) can0 18FF28F4#10320000020D0000
(1779322172.107945) can0 18FE28F4#0CD60CD340400000
(1779322172.108965) can0 18FD28F4#1702FA6F00000000
(1779322172.109895) can0 4D4#000032007D0D0203
(1779322172.110844) can0 4D5#D30CD60C40400000
(1779322172.111939) can0 18914010#0CD6100CD30C0000
(1779322172.112934) can0 18904010#020D020D753001FA
(1779322172.113952) can0 18FA28F4#123EA12C10270000
(1779322172.114934) can0 18FB28F4#D60CD30C40400000
(1779322172.115965) can0 18FC28F4#383200000D020000
(1779322172.116929) can0 18F810F3#0D02E80332640100
(1779322172.118010) can0 18F815F3#0000000010030000
(1779322172.118863) can0 273#000000000D023200
(1779322172.119863) can0 1E1#020D271001FA01FA
(1779322172.120876) can0 1F5#0000000000000000
(1779322172.121972) can0 0800A6A9#0000000000000000
(1779322172.122920) can0 1000A6A9#0D028813324A4A4A
(1779322172.123952) can0 1C00A6A9#0000000000030000
(1779322172.124964) can0 02018100#1003020D00000000
(1779322172.126010) can0 02028100#0000003264000000
(1779322172.126947) can0 02038100#0CD601100CD3010C
(1779322172.127960) can0 02048100#4A01014A01010000
(1779322172.128856) can0 1AD#8814000059321818
(1779322172.129857) can0 2AD#D60C800C88140016
(1779322172.130870) can0 3AD#0000000000008814
(1779322172.131882) can0 4AD#EB00000000000000
(1779322172.132876) can0 76A#7F00000000000000
(1779322172.195508) can0 0000E005#1702440003B60591
(1779322172.196055) can0 1806E5F4#13CC010003B6023A
(1779322172.196962) can0 0000E000#13CC13CC020D0000
(1779322172.197949) can0 0000E004#181803B603B601E1
(1779322172.198933) can0 0000E006#0CD50CD30CD50CD5
(1779322172.199933) can0 0000E007#0CD30CD50CD50CD5
(1779322172.200925) can0 0000E008#0CD50CD50CD50CD5
(1779322172.201919) can0 0000E009#0CD50CD50CD50CD6
(1779322172.203020) can0 0000E010#0000000000000000
(1779322172.203969) can0 0000E011#0000000000000000
(1779322172.204950) can0 0000E012#0CD4000200000000
(1779322172.205969) can0 0000F001#0000000000000000
(1779322172.206963) can0 18FF28F4#10320000020D0000
(1779322172.207934) can0 18FE28F4#0CD60CD340400000
(1779322172.208946) can0 18FD28F4#1702FA6F00000000
(1779322172.209862) can0 4D4#000032007D0D0203
(1779322172.210841) can0 4D5#D30CD60C40400000
(1779322172.211938) can0 18914010#0CD6100CD3020000
(1779322172.212938) can0 18904010#020D020D753001FA
(1779322172.213952) can0 18FA28F4#123EA12C10270000
(1779322172.214939) can0 18FB28F4#D60CD30C40400000
(1779322172.215964) can0 18FC28F4#383200000D020000
(1779322172.216932) can0 18F810F3#0D02E80332640100
(1779322172.217963) can0 18F815F3#0000000010030000
(1779322172.218862) can0 273#000000000D023200
(1779322172.219849) can0 1E1#020D271001FA01FA
(1779322172.220876) can0 1F5#0000000000000000
(1779322172.221956) can0 0800A6A9#0000000000000000
(1779322172.222920) can0 1000A6A9#0D028813324A4A4A
(1779322172.223952) can0 1C00A6A9#0000000000030000
(1779322172.224964) can0 02018100#1003020D00000000
(1779322172.225960) can0 02028100#0000003264000000
(1779322172.226945) can0 02038100#0CD601100CD30102
(1779322172.227954) can0 02048100#4A01014A01010000
(1779322172.228845) can0 1AD#8714000059321818
(1779322172.229836) can0 2AD#D60C800C87140016
(1779322172.230869) can0 3AD#0000000000008714
(1779322172.231863) can0 4AD#EB00000000000000
(1779322172.232864) can0 76A#7F00000000000000
(1779322172.295557) can0 0000E005#1702440003B60591
(1779322172.296119) can0 1806E5F4#13CC010003B6023A
(1779322172.296970) can0 0000E000#13CC13CC020D0000
(1779322172.297962) can0 0000E004#181803B603B601E1
(1779322172.298946) can0 0000E006#0CD50CD30CD50CD5
(1779322172.299952) can0 0000E007#0CD30CD50CD50CD5
(1779322172.301002) can0 0000E008#0CD50CD50CD50CD5
(1779322172.301955) can0 0000E009#0CD50CD50CD50CD6
(1779322172.302994) can0 0000E010#0000000000000000
(1779322172.303996) can0 0000E011#0000000000000000
(1779322172.304973) can0 0000E012#0CD4000200000000
(1779322172.305983) can0 0000F001#0000000000000000
(1779322172.306966) can0 18FF28F4#10320000020D0000
(1779322172.307950) can0 18FE28F4#0CD60CD340400000
(1779322172.308957) can0 18FD28F4#1702FA6F00000000
(1779322172.309881) can0 4D4#000032007D0D0203
(1779322172.310872) can0 4D5#D30CD60C40400000
(1779322172.311958) can0 18914010#0CD6100CD3020000
(1779322172.312955) can0 18904010#020D020D753001FA
(1779322172.313952) can0 18FA28F4#123EA12C10270000
(1779322172.314953) can0 18FB28F4#D60CD30C40400000
(1779322172.315981) can0 18FC28F4#383200000D020000
(1779322172.316943) can0 18F810F3#0D02E80332640100
(1779322172.317977) can0 18F815F3#0000000010030000
(1779322172.318881) can0 273#000000000D023200
(1779322172.319863) can0 1E1#020D271001FA01FA
(1779322172.320894) can0 1F5#0000000000000000
(1779322172.321979) can0 0800A6A9#0000000000000000
(1779322172.322943) can0 1000A6A9#0D028813324A4A4A
(1779322172.323967) can0 1C00A6A9#0000000000030000
(1779322172.324998) can0 02018100#1003020D00000000
(1779322172.325977) can0 02028100#0000003264000000
(1779322172.326962) can0 02038100#0CD601100CD30102
(1779322172.327959) can0 02048100#4A01014A01010000
(1779322172.328840) can0 1AD#8714000059321818
(1779322172.329900) can0 2AD#D60C800C87140016
(1779322172.330897) can0 3AD#0000000000008714
(1779322172.331914) can0 4AD#EB00000000000000
(1779322172.332947) can0 76A#7F00000000000000
(1779322172.412560) can0 0000E005#1702440003B60591
(1779322172.413101) can0 1806E5F4#13CC010003B6023A
(1779322172.413953) can0 0000E000#13CC13CC020D0000
(1779322172.414938) can0 0000E004#181803B603B601E1
(1779322172.415916) can0 0000E006#0CD50CD50CD30CD3
(1779322172.416935) can0 0000E007#0CD50CD50CD50CD5
(1779322172.417960) can0 0000E008#0CD50CD50CD50CD5
(1779322172.418935) can0 0000E009#0CD50CD50CD50CD6
(1779322172.419974) can0 0000E010#0000000000000000
(1779322172.420976) can0 0000E011#0000000000000000
(1779322172.421953) can0 0000E012#0CD4000200000000
(1779322172.422920) can0 0000E013#4542323630354C43
(1779322172.423955) can0 0000E014#3134323300000000
(1779322172.424971) can0 0000E015#0000000000000003
(1779322172.426016) can0 0000F000#0000000000000000
(1779322172.426975) can0 0000F001#0000000000000000
(1779322172.427964) can0 18FF28F4#10320000020D0000
(1779322172.428942) can0 18FE28F4#0CD60CD340400000
(1779322172.429936) can0 18FD28F4#1702FA6F00000000
(1779322172.430852) can0 4D4#000032007D0D0203
(1779322172.431833) can0 4D5#D30CD60C40400000
(1779322172.432927) can0 18914010#0CD6100CD3030000
(1779322172.433979) can0 18904010#020D020D753001FA
(1779322172.434941) can0 18924010#4001400100000000
(1779322172.435940) can0 18934010#000000FB0000BC19
(1779322172.436951) can0 18944010#1003000000000000
(1779322172.437973) can0 18954010#0000000000000000
(1779322172.438967) can0 18954010#0100000000000000
(1779322172.439953) can0 18954010#0200000000000000
(1779322172.440947) can0 18954010#0300000000000000
(1779322172.442011) can0 18954010#0400000000000000
(1779322172.442948) can0 18954010#0500000000000000
(1779322172.443947) can0 18964010#0040404000000000
(1779322172.444955) can0 18974010#0000000000000000
(1779322172.445954) can0 18984010#0000000000000000
(1779322172.446936) can0 18FA28F4#123EA12C10270000
(1779322172.447950) can0 18FB28F4#D60CD30C40400000
(1779322172.448960) can0 18FC28F4#383200000D020000
(1779322172.449943) can0 18F810F3#0D02E80332640100
(1779322172.450934) can0 18F811F3#D60C1001D30C0301
(1779322172.451954) can0 18F812F3#4001014001010000
(1779322172.452963) can0 18F813F3#0101000000000000
(1779322172.453944) can0 18F814F3#3200EA1AA9015F00
(1779322172.454957) can0 18F815F3#0000000010030000
(1779322172.455856) can0 273#000000000D023200
(1779322172.456843) can0 1E1#020D271001FA01FA
(1779322172.457879) can0 1F5#0000000000000000
(1779322172.458960) can0 0800A6A9#0000000000000000
(1779322172.459933) can0 1000A6A9#0D028813324A4A4A
(1779322172.460959) can0 1C00A6A9#0000000000030000
(1779322172.461961) can0 02018100#1003020D00000000
(1779322172.462966) can0 02028100#0000003264000000
(1779322172.463934) can0 02038100#0CD601100CD30103
(1779322172.464943) can0 02048100#4A01014A01010000
(1779322172.465829) can0 1AD#8714000059321818
(1779322172.466842) can0 2AD#D60C800C87140016
(1779322172.467859) can0 3AD#0000000000008714
(1779322172.468854) can0 4AD#EB00000000000000
(1779322172.469866) can0 76A#7F00000000000000
(1779322172.528495) can0 0000E005#1702440003B60591
(1779322172.529044) can0 1806E5F4#13CC010003B6023A
(1779322172.529939) can0 0000E000#13CC13CC020D0000
(1779322172.530946) can0 0000E004#181803B603B601E1
(1779322172.531939) can0 0000E006#0CD50CD50CD30CD3
(1779322172.532936) can0 0000E007#0CD50CD50CD50CD5
(1779322172.533921) can0 0000E008#0CD50CD50CD50CD5
(1779322172.534916) can0 0000E009#0CD50CD50CD50CD6
(1779322172.535968) can0 0000E010#0000000000000000
(1779322172.536969) can0 0000E011#0000000000000000
(1779322172.537941) can0 0000E012#0CD4000200000000
(1779322172.538962) can0 0000F001#0000000000000000
(1779322172.539942) can0 18FF28F4#10320000020D0000
(1779322172.540989) can0 18FE28F4#0CD60CD340400000
(1779322172.541943) can0 18FD28F4#1702FA6F00000000
(1779322172.542891) can0 4D4#000032007D0D0203
(1779322172.543870) can0 4D5#D30CD60C40400000
(1779322172.544950) can0 18914010#0CD6100CD3030000
(1779322172.545949) can0 18904010#020D020D753001FA
(1779322172.546939) can0 18FA28F4#123EA12C10270000
(1779322172.547931) can0 18FB28F4#D60CD30C40400000
(1779322172.548963) can0 18FC28F4#383200000D020000
(1779322172.549947) can0 18F810F3#0D02E80332640100
(1779322172.550974) can0 18F815F3#0000000010030000
(1779322172.551931) can0 273#000000000D023200
(1779322172.552875) can0 1E1#020D271001FA01FA
(1779322172.553894) can0 1F5#0000000000000000
(1779322172.554966) can0 0800A6A9#0000000000000000
(1779322172.555941) can0 1000A6A9#0D028813324A4A4A
(1779322172.556958) can0 1C00A6A9#0000000000030000
(1779322172.557943) can0 02018100#1003020D00000000
(1779322172.558968) can0 02028100#0000003264000000
(1779322172.559947) can0 02038100#0CD601100CD30103
(1779322172.560939) can0 02048100#4A01014A01010000
(1779322172.561834) can0 1AD#8714000059321818
(1779322172.562834) can0 2AD#D60C800C87140016
(1779322172.563878) can0 3AD#0000000000008714
(1779322172.564853) can0 4AD#EB00000000000000
(1779322172.565853) can0 76A#7F00000000000000
(1779322172.628509) can0 0000E005#1702440003B60591
(1779322172.629047) can0 1806E5F4#13CC010003B6023A
(1779322172.629954) can0 0000E000#13CC13CC020D0000
(1779322172.630946) can0 0000E004#181803B603B601E1
(1779322172.631929) can0 0000E006#0CD50CD50CD30CD3
(1779322172.632969) can0 0000E007#0CD50CD50CD50CD5
(1779322172.633917) can0 0000E008#0CD50CD50CD50CD5
(1779322172.634986) can0 0000E009#0CD50CD50CD50CD6
(1779322172.635980) can0 0000E010#0000000000000000
(1779322172.636985) can0 0000E011#0000000000000000
(1779322172.637952) can0 0000E012#0CD4000200000000
(1779322172.638993) can0 0000F001#0000000000000000
(1779322172.639971) can0 18FF28F4#10320000020D0000
(1779322172.640980) can0 18FE28F4#0CD60CD340400000
(1779322172.641955) can0 18FD28F4#1702FA6F00000000
(1779322172.642855) can0 4D4#000032007D0D0203
(1779322172.643834) can0 4D5#D30CD60C40400000
(1779322172.644932) can0 18914010#0CD6100CD3030000
(1779322172.645927) can0 18904010#020D020D753001FA
(1779322172.646942) can0 18FA28F4#123EA12C10270000
(1779322172.647926) can0 18FB28F4#D60CD30C40400000
(1779322172.648988) can0 18FC28F4#383200000D020000
(1779322172.649915) can0 18F810F3#0D02E80332640100
(1779322172.650959) can0 18F815F3#0000000010030000
(1779322172.651867) can0 273#000000000D023200
(1779322172.652866) can0 1E1#020D271001FA01FA
(1779322172.653876) can0 1F5#0000000000000000
(1779322172.654977) can0 0800A6A9#0000000000000000
(1779322172.655921) can0 1000A6A9#0D028813324A4A4A
(1779322172.656993) can0 1C00A6A9#0000000000030000
(1779322172.657959) can0 02018100#1003020D00000000
(1779322172.658954) can0 02028100#0000003264000000
(1779322172.659934) can0 02038100#0CD601100CD30103
(1779322172.660928) can0 02048100#4A01014A01010000
(1779322172.661826) can0 1AD#8714000059321818
(1779322172.662821) can0 2AD#D60C800C87140016
(1779322172.663852) can0 3AD#0000000000008714
(1779322172.664898) can0 4AD#EB00000000000000
(1779322172.665861) can0 76A#7F00000000000000
(1779322172.728530) can0 0000E005#1702440003B60591
(1779322172.729084) can0 1806E5F4#13CC010003B6023A
(1779322172.729931) can0 0000E000#13CC13CC020D0000
(1779322172.730922) can0 0000E004#181803B603B601E1
(1779322172.731907) can0 0000E006#0CD50CD50CD50CD5
(1779322172.732909) can0 0000E007#0CD50CD50CD50CD5
(1779322172.733961) can0 0000E008#0CD50CD50CD50CD5
(1779322172.734916) can0 0000E009#0CD50CD50CD50CD6
(1779322172.735968) can0 0000E010#0000000000000000
(1779322172.736962) can0 0000E011#0000000000000000
(1779322172.737938) can0 0000E012#0CD5000000000000
(1779322172.738964) can0 0000F001#0000000000000000
(1779322172.739943) can0 18FF28F4#10320000020D0000
(1779322172.740929) can0 18FE28F4#0CD60CD540400000
(1779322172.741991) can0 18FD28F4#1702FA6F00000000
(1779322172.742837) can0 4D4#000032007D0D0203
(1779322172.743837) can0 4D5#D50CD60C40400000
(1779322172.744919) can0 18914010#0CD6100CD5010000
(1779322172.745912) can0 18904010#020D020D753001FA
(1779322172.746924) can0 18FA28F4#123EA12C10270000
(1779322172.747912) can0 18FB28F4#D60CD50C40400000
(1779322172.748939) can0 18FC28F4#383200000D020000
(1779322172.749908) can0 18F810F3#0D02E80332640100
(1779322172.750959) can0 18F815F3#0000000010030000
(1779322172.751847) can0 273#000000000D023200
(1779322172.752843) can0 1E1#020D271001FA01FA
(1779322172.753857) can0 1F5#0000000000000000
(1779322172.754947) can0 0800A6A9#0000000000000000
(1779322172.755896) can0 1000A6A9#0D028813324A4A4A
(1779322172.756929) can0 1C00A6A9#0000000000030000
(1779322172.757940) can0 02018100#1003020D00000000
(1779322172.758939) can0 02028100#0000003264000000
(1779322172.759920) can0 02038100#0CD601100CD50101
(1779322172.760933) can0 02048100#4A01014A01010000
(1779322172.761836) can0 1AD#8814000059321818
(1779322172.762830) can0 2AD#D60C800C88140016
(1779322172.763844) can0 3AD#0000000000008814
(1779322172.764858) can0 4AD#EB00000000000000
(1779322172.765859) can0 76A#7F00000000000000
(1779322172.828475) can0 0000E005#1702440003B60591
(1779322172.829035) can0 1806E5F4#13CC010003B6023A
(1779322172.829940) can0 0000E000#13CC13CC020D0000
(1779322172.830935) can0 0000E004#181803B603B601E1
(1779322172.831903) can0 0000E006#0CD50CD50CD50CD5
(1779322172.832920) can0 0000E007#0CD50CD50CD50CD5
(1779322172.833921) can0 0000E008#0CD50CD50CD50CD5
(1779322172.834919) can0 0000E009#0CD50CD50CD50CD6
(1779322172.835963) can0 0000E010#0000000000000000
(1779322172.836970) can0 0000E011#0000000000000000
(1779322172.837951) can0 0000E012#0CD5000000000000
(1779322172.838958) can0 0000F001#0000000000000000
(1779322172.839932) can0 18FF28F4#10320000020D0000
(1779322172.840918) can0 18FE28F4#0CD60CD540400000
(1779322172.841938) can0 18FD28F4#1702FA6F00000000
(1779322172.842853) can0 4D4#000032007D0D0203
(1779322172.843827) can0 4D5#D50CD60C40400000
(1779322172.844932) can0 18914010#0CD6100CD5010000
(1779322172.845940) can0 18904010#020D020D753001FA
(1779322172.846931) can0 18FA28F4#123EA12C10270000
(1779322172.847929) can0 18FB28F4#D60CD50C40400000
(1779322172.848959) can0 18FC28F4#383200000D020000
(1779322172.849921) can0 18F810F3#0D02E80332640100
(1779322172.850951) can0 18F815F3#0000000010030000
(1779322172.851850) can0 273#000000000D023200
(1779322172.852843) can0 1E1#020D271001FA01FA
(1779322172.853869) can0 1F5#0000000000000000
(1779322172.854953) can0 0800A6A9#0000000000000000
(1779322172.855922) can0 1000A6A9#0D028813324A4A4A
(1779322172.856945) can0 1C00A6A9#0000000000030000
(1779322172.857962) can0 02018100#1003020D00000000
(1779322172.858955) can0 02028100#0000003264000000
(1779322172.859939) can0 02038100#0CD601100CD50101
(1779322172.860940) can0 02048100#4A01014A01010000
(1779322172.861834) can0 1AD#8814000059321818
(1779322172.862851) can0 2AD#D60C800C88140016
(1779322172.863873) can0 3AD#0000000000008814
(1779322172.864859) can0 4AD#EB00000000000000
(1779322172.865849) can0 76A#7F00000000000000
(1779322172.945487) can0 0000E005#1702440003B60591
(1779322172.946042) can0 1806E5F4#13CC010003B6023A
(1779322172.946933) can0 0000E000#13CC13CC020D0000
(1779322172.947915) can0 0000E004#181803B603B601E1
(1779322172.948929) can0 0000E006#0CD50CD50CD50CD5
(1779322172.949894) can0 0000E007#0CD50CD50CD50CD5
(1779322172.950907) can0 0000E008#0CD50CD50CD50CD5
(1779322172.951888) can0 0000E009#0CD50CD50CD50CD6
(1779322172.952952) can0 0000E010#0000000000000000
(1779322172.953949) can0 0000E011#0000000000000000
(1779322172.954932) can0 0000E012#0CD5000000000000
(1779322172.955900) can0 0000E013#4542323630354C43
(1779322172.956957) can0 0000E014#3134323300000000
(1779322172.957938) can0 0000E015#0000000000000003
(1779322172.958939) can0 0000F000#0000000000000000
(1779322172.959938) can0 0000F001#0000000000000000
(1779322172.960939) can0 18FF28F4#10320000020D0000
(1779322172.961900) can0 18FE28F4#0CD60CD540400000
(1779322172.962920) can0 18FD28F4#1702FA6F00000000
(1779322172.963837) can0 4D4#000032007D0D0203
(1779322172.964871) can0 4D5#D50CD60C40400000
(1779322172.965911) can0 18914010#0CD6100CD5010000
(1779322172.966920) can0 18904010#020D020D753001FA
(1779322172.967941) can0 18924010#4001400100000000
(1779322172.968933) can0 18934010#000000FC0000BC19
(1779322172.969925) can0 18944010#1003000000000000
(1779322172.970953) can0 18954010#0000000000000000
(1779322172.971952) can0 18954010#0100000000000000
(1779322172.972984) can0 18954010#0200000000000000
(1779322172.973933) can0 18954010#0300000000000000
(1779322172.974927) can0 18954010#0400000000000000
(1779322172.975935) can0 18954010#0500000000000000
(1779322172.976932) can0 18964010#0040404000000000
(1779322172.977935) can0 18974010#0000000000000000
(1779322172.978933) can0 18984010#0000000000000000
(1779322172.979915) can0 18FA28F4#123EA12C10270000
(1779322172.980899) can0 18FB28F4#D60CD50C40400000
(1779322172.981925) can0 18FC28F4#383200000D020000
(1779322172.982908) can0 18F810F3#0D02E80332640100
(1779322172.983921) can0 18F811F3#D60C1001D50C0101
(1779322172.984922) can0 18F812F3#4001014001010000
(1779322172.985934) can0 18F813F3#0101000000000000
(1779322172.986915) can0 18F814F3#3200EA1AA9015F00
(1779322172.987927) can0 18F815F3#0000000010030000
(1779322172.988825) can0 273#000000000D023200
(1779322172.989821) can0 1E1#020D271001FA01FA
(1779322172.990851) can0 1F5#0000000000000000
(1779322172.991927) can0 0800A6A9#0000000000000000
(1779322172.992895) can0 1000A6A9#0D028813324A4A4A
(1779322172.993922) can0 1C00A6A9#0000000000030000
(1779322172.994928) can0 02018100#1003020D00000000
(1779322172.995942) can0 02028100#0000003264000000
(1779322172.996912) can0 02038100#0CD601100CD50101
(1779322172.997929) can0 02048100#4A01014A01010000
(1779322172.998826) can0 1AD#8814000059321818
(1779322172.999822) can0 2AD#D60C800C88140016
(1779322173.000833) can0 3AD#0000000000008814
(1779322173.001847) can0 4AD#EB00000000000000
(1779322173.002848) can0 76A#7F00000000000000
(1779322173.061476) can0 0000E005#1702440003B60591
(1779322173.062026) can0 1806E5F4#13CC010003B6023A
(1779322173.062917) can0 0000E000#13CC13CC020D0000
(1779322173.063901) can0 0000E004#181803B603B601E1
(1779322173.064884) can0 0000E006#0CD50CD50CD50CD5
(1779322173.065904) can0 0000E007#0CD50CD50CD50CD5
(1779322173.066894) can0 0000E008#0CD50CD50CD50CD5
(1779322173.067894) can0 0000E009#0CD50CD50CD50CD6
(1779322173.068946) can0 0000E010#0000000000000000
(1779322173.069939) can0 0000E011#0000000000000000
(1779322173.070915) can0 0000E012#0CD5000000000000
(1779322173.071938) can0 0000F001#0000000000000000
(1779322173.072918) can0 18FF28F4#10320000020D0000
(1779322173.073900) can0 18FE28F4#0CD60CD540400000
(1779322173.074913) can0 18FD28F4#1702FA6F00000000
(1779322173.075830) can0 4D4#000032007D0D0203
(1779322173.076829) can0 4D5#D50CD60C40400000
(1779322173.077918) can0 18914010#0CD6100CD5010000
(1779322173.078908) can0 18904010#020D020D753001FA
(1779322173.079908) can0 18FA28F4#123EA12C10270000
(1779322173.080909) can0 18FB28F4#D60CD50C40400000
(1779322173.081923) can0 18FC28F4#383200000D020000
(1779322173.082896) can0 18F810F3#0D02E80332640100
(1779322173.083932) can0 18F815F3#0000000010030000
(1779322173.084837) can0 273#000000000D023200
(1779322173.085823) can0 1E1#020D271001FA01FA
(1779322173.086872) can0 1F5#0000000000000000
(1779322173.087939) can0 0800A6A9#0000000000000000
(1779322173.088892) can0 1000A6A9#0D028813324A4A4A
(1779322173.089916) can0 1C00A6A9#0000000000030000
(1779322173.090928) can0 02018100#1003020D00000000
(1779322173.091923) can0 02028100#0000003264000000
(1779322173.092911) can0 02038100#0CD601100CD50101
(1779322173.093919) can0 02048100#4A01014A01010000
(1779322173.094829) can0 1AD#8814000059321818
(1779322173.095827) can0 2AD#D60C800C88140016
(1779322173.096830) can0 3AD#0000000000008814
(1779322173.097854) can0 4AD#EB00000000000000
(1779322173.098845) can0 76A#7F00000000000000
(1779322173.161528) can0 0000E005#1702440003B60591
(1779322173.162070) can0 1806E5F4#13CC010003B6023A
(1779322173.162923) can0 0000E000#13CC13CC020D0000
(1779322173.163922) can0 0000E004#181803B603B601E1
(1779322173.164884) can0 0000E006#0CD50CD50CD50CD5
(1779322173.165904) can0 0000E007#0CD50CD50CD50CD5
(1779322173.166896) can0 0000E008#0CD50CD50CD50CD5
(1779322173.167893) can0 0000E009#0CD50CD50CD50CD6
(1779322173.168939) can0 0000E010#0000000000000000
(1779322173.169938) can0 0000E011#0000000000000000
(1779322173.170919) can0 0000E012#0CD5000000000000
(1779322173.171958) can0 0000F001#0000000000000000
(1779322173.172919) can0 18FF28F4#10320000020D0000
(1779322173.173899) can0 18FE28F4#0CD60CD540400000
(1779322173.174912) can0 18FD28F4#1702FA6F00000000
(1779322173.175829) can0 4D4#000032007D0D0203
(1779322173.176810) can0 4D5#D50CD60C40400000
(1779322173.177913) can0 18914010#0CD6100CD5010000
(1779322173.178913) can0 18904010#020D020D753001FA
(1779322173.179935) can0 18FA28F4#123EA12C10270000
(1779322173.180901) can0 18FB28F4#D60CD50C40400000
(1779322173.181933) can0 18FC28F4#383200000D020000
(1779322173.182901) can0 18F810F3#0D02E80332640100
(1779322173.183928) can0 18F815F3#0000000010030000
(1779322173.184830) can0 273#000000000D023200
(1779322173.185816) can0 1E1#020D271001FA01FA
(1779322173.186843) can0 1F5#0000000000000000
(1779322173.187971) can0 0800A6A9#0000000000000000
(1779322173.188890) can0 1000A6A9#0D028813324A4A4A
(1779322173.189923) can0 1C00A6A9#0000000000030000
(1779322173.190935) can0 02018100#1003020D00000000
(1779322173.191936) can0 02028100#0000003264000000
(1779322173.192914) can0 02038100#0CD601100CD50101
(1779322173.193907) can0 02048100#4A01014A01010000
(1779322173.194805) can0 1AD#8814000059321818
(1779322173.195868) can0 2AD#D60C800C88140016
(1779322173.196836) can0 3AD#0000000000008814
(1779322173.197830) can0 4AD#EB00000000000000
(1779322173.198832) can0 76A#7F00000000000000
(1779322173.261495) can0 0000E005#1702440003B60591
(1779322173.262035) can0 1806E5F4#13CC010003B6023A
(1779322173.262904) can0 0000E000#13CC13CC020D0000
(1779322173.263898) can0 0000E004#181803B603B601E1
(1779322173.264917) can0 0000E006#0CD50CD50CD50CD5
(1779322173.265879) can0 0000E007#0CD50CD50CD50CD5
(1779322173.266890) can0 0000E008#0CD50CD50CD50CD5
(1779322173.267872) can0 0000E009#0CD50CD50CD50CD6
(1779322173.268924) can0 0000E010#0000000000000000
(1779322173.269924) can0 0000E011#0000000000000000
(1779322173.270905) can0 0000E012#0CD5000000000000
(1779322173.271938) can0 0000F001#0000000000000000
(1779322173.272963) can0 18FF28F4#10320000020D0000
(1779322173.273899) can0 18FE28F4#0CD60CD540400000
(1779322173.274912) can0 18FD28F4#1702FA6F00000000
(1779322173.275808) can0 4D4#000032007D0D0203
(1779322173.276809) can0 4D5#D50CD60C40400000
(1779322173.277892) can0 18914010#0CD6100CD5010000
(1779322173.278888) can0 18904010#020D020D753001FA
(1779322173.279899) can0 18FA28F4#123EA12C10270000
(1779322173.280886) can0 18FB28F4#D60CD50C40400000
(1779322173.281918) can0 18FC28F4#383200000D020000
(1779322173.282880) can0 18F810F3#0D02E80332640100
(1779322173.283934) can0 18F815F3#0000000010030000
(1779322173.284845) can0 273#000000000D023200
(1779322173.285819) can0 1E1#020D271001FA01FA
(1779322173.286845) can0 1F5#0000000000000000
(1779322173.287916) can0 0800A6A9#0000000000000000
(1779322173.288867) can0 1000A6A9#0D028813324A4A4A
(1779322173.289918) can0 1C00A6A9#0000000000030000
(1779322173.290913) can0 02018100#1003020D00000000
(1779322173.291911) can0 02028100#0000003264000000
(1779322173.292893) can0 02038100#0CD601100CD50101
(1779322173.293906) can0 02048100#4A01014A01010000
(1779322173.294811) can0 1AD#8814000059321818
(1779322173.295803) can0 2AD#D60C800C88140016
(1779322173.296816) can0 3AD#0000000000008814
(1779322173.297829) can0 4AD#EB00000000000000
(1779322173.298830) can0 76A#7F00000000000000
(1779322173.361453) can0 0000E005#1702440003B60591
(1779322173.362004) can0 1806E5F4#13CC010003B6023A
(1779322173.362909) can0 0000E000#13CC13CC020D0000
(1779322173.363889) can0 0000E004#181803B603B601E1
(1779322173.364869) can0 0000E006#0CD50CD50CD50CD5
(1779322173.365884) can0 0000E007#0CD50CD50CD50CD5
(1779322173.366883) can0 0000E008#0CD50CD50CD50CD5
(1779322173.367883) can0 0000E009#0CD50CD50CD50CD6
(1779322173.368928) can0 0000E010#0000000000000000
(1779322173.369929) can0 0000E011#0000000000000000
(1779322173.370910) can0 0000E012#0CD5000000000000
(1779322173.371923) can0 0000F001#0000000000000000
(1779322173.372903) can0 18FF28F4#10320000020D0000
(1779322173.373890) can0 18FE28F4#0CD60CD540400000
(1779322173.374904) can0 18FD28F4#1702FA6F00000000
(1779322173.375820) can0 4D4#000032007D0D0203
(1779322173.376799) can0 4D5#D50CD60C40400000
(1779322173.377884) can0 18914010#0CD6100CD5010000
(1779322173.378897) can0 18904010#020D020D753001FA
(1779322173.379911) can0 18FA28F4#123EA12C10270000
(1779322173.380908) can0 18FB28F4#D60CD50C40400000
(1779322173.381911) can0 18FC28F4#383200000D020000
(1779322173.382893) can0 18F810F3#0D02E80332640100
(1779322173.383923) can0 18F815F3#0000000010030000
(1779322173.384805) can0 273#000000000D023200
(1779322173.385801) can0 1E1#020D271001FA01FA
(1779322173.386834) can0 1F5#0000000000000000
(1779322173.387916) can0 0800A6A9#0000000000000000
(1779322173.388877) can0 1000A6A9#0D028813324A4A4A
(1779322173.389910) can0 1C00A6A9#0000000000030000
(1779322173.390910) can0 02018100#1003020D00000000
(1779322173.391910) can0 02028100#0000003264000000
(1779322173.392891) can0 02038100#0CD601100CD50101
(1779322173.393904) can0 02048100#4A01014A01010000
(1779322173.394821) can0 1AD#8814000059321818
(1779322173.395802) can0 2AD#D60C800C88140016
(1779322173.396805) can0 3AD#0000000000008814
(1779322173.397828) can0 4AD#EB00000000000000
(1779322173.398831) can0 76A#7F00000000000000
(1779322173.478443) can0 0000E005#1702440003B60591
(1779322173.478999) can0 1806E5F4#13CC010003B6023A
(1779322173.479933) can0 0000E000#13CC13CC020D0000
(1779322173.480884) can0 0000E004#181803B603B601E1
(1779322173.481880) can0 0000E006#0CD50CD30CD50CD5
(1779322173.482867) can0 0000E007#0CD50CD50CD50CD5
(1779322173.483863) can0 0000E008#0CD50CD50CD50CD5
(1779322173.484863) can0 0000E009#0CD50CD50CD50CD6
(1779322173.485927) can0 0000E010#0000000000000000
(1779322173.486916) can0 0000E011#0000000000000000
(1779322173.487939) can0 0000E012#0CD4000200000000
(1779322173.488869) can0 0000E013#4542323630354C43
(1779322173.489902) can0 0000E014#3134323300000000
(1779322173.490912) can0 0000E015#0000000000000003
(1779322173.491914) can0 0000F000#0000000000000000
(1779322173.492914) can0 0000F001#0000000000000000
(1779322173.493896) can0 18FF28F4#10320000020D0000
(1779322173.494876) can0 18FE28F4#0CD60CD340400000
(1779322173.495940) can0 18FD28F4#1702FA6F00000000
(1779322173.496806) can0 4D4#000032007D0D0203
(1779322173.497793) can0 4D5#D30CD60C40400000
(1779322173.498886) can0 18914010#0CD6100CD3020000
(1779322173.499884) can0 18904010#020D020D753001FA
(1779322173.500902) can0 18924010#4001400100000000
(1779322173.501896) can0 18934010#000000FD0000BC19
(1779322173.502890) can0 18944010#1003000000000000
(1779322173.503960) can0 18954010#0000000000000000
(1779322173.504922) can0 18954010#0100000000000000
(1779322173.505908) can0 18954010#0200000000000000
(1779322173.506922) can0 18954010#0300000000000000
(1779322173.507921) can0 18954010#0400000000000000
(1779322173.508902) can0 18954010#0500000000000000
(1779322173.509902) can0 18964010#0040404000000000
(1779322173.510909) can0 18974010#0000000000000000
(1779322173.511909) can0 18984010#0000000000000000
(1779322173.512877) can0 18FA28F4#123EA12C10270000
(1779322173.513870) can0 18FB28F4#D60CD30C40400000
(1779322173.514897) can0 18FC28F4#383200000D020000
(1779322173.515884) can0 18F810F3#0D02E80332640100
(1779322173.516877) can0 18F811F3#D60C1001D30C0201
(1779322173.517889) can0 18F812F3#4001014001010000
(1779322173.518903) can0 18F813F3#0101000000000000
(1779322173.519883) can0 18F814F3#3200EA1AA9015F00
(1779322173.520896) can0 18F815F3#0000000010030000
(1779322173.521800) can0 273#000000000D023200
(1779322173.522788) can0 1E1#020D271001FA01FA
(1779322173.523826) can0 1F5#0000000000000000
(1779322173.524903) can0 0800A6A9#0000000000000000
(1779322173.525871) can0 1000A6A9#0D028813324A4A4A
(1779322173.526898) can0 1C00A6A9#0000000000030000
(1779322173.527896) can0 02018100#1003020D00000000
(1779322173.528909) can0 02028100#0000003264000000
(1779322173.529896) can0 02038100#0CD601100CD30102
(1779322173.530891) can0 02048100#4A01014A01010000
(1779322173.531775) can0 1AD#8714000059321818
(1779322173.532788) can0 2AD#D60C800C87140016
(1779322173.533807) can0 3AD#0000000000008714
(1779322173.534819) can0 4AD#EB00000000000000
(1779322173.535820) can0 76A#7F00000000000000
(1779322173.594513) can0 0000E005#1702440003B60591
(1779322173.595049) can0 1806E5F4#13CC010003B6023A
(1779322173.595887) can0 0000E000#13CC13CC020D0000
(1779322173.596887) can0 0000E004#181803B603B601E1
(1779322173.597867) can0 0000E006#0CD50CD30CD50CD5
(1779322173.598868) can0 0000E007#0CD50CD50CD50CD5
(1779322173.599868) can0 0000E008#0CD50CD50CD50CD5
(1779322173.600866) can0 0000E009#0CD50CD50CD50CD6
(1779322173.601919) can0 0000E010#0000000000000000
(1779322173.602908) can0 0000E011#0000000000000000
(1779322173.603883) can0 0000E012#0CD4000200000000
(1779322173.604919) can0 0000F001#0000000000000000
(1779322173.605906) can0 18FF28F4#10320000020D0000
(1779322173.606888) can0 18FE28F4#0CD60CD340400000
(1779322173.607879) can0 18FD28F4#1702FA6F00000000
(1779322173.608804) can0 4D4#000032007D0D0203
(1779322173.609785) can0 4D5#D30CD60C40400000
(1779322173.610881) can0 18914010#0CD6100CD3020000
(1779322173.611874) can0 18904010#020D020D753001FA
(1779322173.612894) can0 18FA28F4#123EA12C10270000
(1779322173.613875) can0 18FB28F4#D60CD30C40400000
(1779322173.614907) can0 18FC28F4#383200000D020000
(1779322173.615868) can0 18F810F3#0D02E80332640100
(1779322173.616900) can0 18F815F3#0000000010030000
(1779322173.617817) can0 273#000000000D023200
(1779322173.618786) can0 1E1#020D271001FA01FA
(1779322173.619810) can0 1F5#0000000000000000
(1779322173.620894) can0 0800A6A9#0000000000000000
(1779322173.621862) can0 1000A6A9#0D028813324A4A4A
(1779322173.622888) can0 1C00A6A9#0000000000030000
(1779322173.623907) can0 02018100#1003020D00000000
(1779322173.624901) can0 02028100#0000003264000000
(1779322173.625901) can0 02038100#0CD601100CD30102
(1779322173.626882) can0 02048100#4A01014A01010000
(1779322173.627777) can0 1AD#8714000059321818
(1779322173.628779) can0 2AD#D60C800C87140016
(1779322173.629805) can0 3AD#0000000000008714
(1779322173.630805) can0 4AD#EB00000000000000
(1779322173.631800) can0 76A#7F00000000000000
(1779322173.694499) can0 0000E005#1702440003B60591
(1779322173.695046) can0 1806E5F4#13CC010003B6023A
(1779322173.695878) can0 0000E000#13CC13CC020D0000
(1779322173.696878) can0 0000E004#181803B603B601E1
(1779322173.697859) can0 0000E006#0CD50CD30CD50CD5
(1779322173.698859) can0 0000E007#0CD50CD50CD50CD5
(1779322173.699859) can0 0000E008#0CD50CD50CD50CD5
(1779322173.700847) can0 0000E009#0CD50CD50CD50CD6
(1779322173.701917) can0 0000E010#0000000000000000
(1779322173.702930) can0 0000E011#0000000000000000
(1779322173.703897) can0 0000E012#0CD4000200000000
(1779322173.704906) can0 0000F001#0000000000000000
(1779322173.705897) can0 18FF28F4#10320000020D0000
(1779322173.706879) can0 18FE28F4#0CD60CD340400000
(1779322173.707892) can0 18FD28F4#1702FA6F00000000
(1779322173.708801) can0 4D4#000032007D0D0203
(1779322173.709790) can0 4D5#D30CD60C40400000
(1779322173.710905) can0 18914010#0CD6100CD3020000
(1779322173.711866) can0 18904010#020D020D753001FA
(1779322173.712879) can0 18FA28F4#123EA12C10270000
(1779322173.713866) can0 18FB28F4#D60CD30C40400000
(1779322173.714898) can0 18FC28F4#383200000D020000
(1779322173.715860) can0 18F810F3#0D02E80332640100
(1779322173.716905) can0 18F815F3#0000000010030000
(1779322173.717789) can0 273#000000000D023200
(1779322173.718822) can0 1E1#020D271001FA01FA
(1779322173.719822) can0 1F5#0000000000000000
(1779322173.720899) can0 0800A6A9#0000000000000000
(1779322173.721866) can0 1000A6A9#0D028813324A4A4A
(1779322173.722895) can0 1C00A6A9#0000000000030000
(1779322173.723892) can0 02018100#1003020D00000000
(1779322173.724888) can0 02028100#0000003264000000
(1779322173.725873) can0 02038100#0CD601100CD30102
(1779322173.726919) can0 02048100#4A01014A01010000
(1779322173.727771) can0 1AD#8714000059321818
(1779322173.728777) can0 2AD#D60C800C87140016
(1779322173.729796) can0 3AD#0000000000008714
(1779322173.730809) can0 4AD#EB00000000000000
(1779322173.731810) can0 76A#7F00000000000000
(1779322173.794439) can0 0000E005#1702440003B60591
(1779322173.794987) can0 1806E5F4#13CC010003B6023A
(1779322173.795922) can0 0000E000#13CC13CC020D0000
(1779322173.796869) can0 0000E004#181803B603B601E1
(1779322173.797846) can0 0000E006#0CD50CD50CD50CD5
(1779322173.798864) can0 0000E007#0CD50CD50CD50CD5
(1779322173.799864) can0 0000E008#0CD50CD50CD50CD5
(1779322173.800863) can0 0000E009#0CD50CD50CD50CD6
(1779322173.801908) can0 0000E010#0000000000000000
(1779322173.802909) can0 0000E011#0000000000000000
(1779322173.803940) can0 0000E012#0CD5000000000000
(1779322173.804902) can0 0000F001#0000000000000000
(1779322173.805883) can0 18FF28F4#10320000020D0000
(1779322173.806871) can0 18FE28F4#0CD60CD540400000
(1779322173.807883) can0 18FD28F4#1702FA6F00000000
(1779322173.808800) can0 4D4#000032007D0D0203
(1779322173.809776) can0 4D5#D50CD60C40400000
(1779322173.810877) can0 18914010#0CD6100CD5010000
(1779322173.811877) can0 18904010#020D020D753001FA
(1779322173.812876) can0 18FA28F4#123EA12C10270000
(1779322173.813864) can0 18FB28F4#D60CD50C40400000
(1779322173.814903) can0 18FC28F4#383200000D020000
(1779322173.815870) can0 18F810F3#0D02E80332640100
(1779322173.816896) can0 18F815F3#0000000010030000
(1779322173.817800) can0 273#000000000D023200
(1779322173.818781) can0 1E1#020D271001FA01FA
(1779322173.819813) can0 1F5#0000000000000000
(1779322173.820890) can0 0800A6A9#0000000000000000
(1779322173.821853) can0 1000A6A9#0D028813324A4A4A
(1779322173.822890) can0 1C00A6A9#0000000000030000
(1779322173.823902) can0 02018100#1003020D00000000
(1779322173.824903) can0 02028100#0000003264000000
(1779322173.825883) can0 02038100#0CD601100CD50101
(1779322173.826877) can0 02048100#4A01014A01010000
(1779322173.827781) can0 1AD#8814000059321818
(1779322173.828794) can0 2AD#D60C800C88140016
(1779322173.829807) can0 3AD#0000000000008814
(1779322173.830801) can0 4AD#EB00000000000000
(1779322173.831800) can0 76A#7F00000000000000
(1779322173.894445) can0 0000E005#1702440003B60591
(1779322173.894981) can0 1806E5F4#13CC010003B6023A
(1779322173.895880) can0 0000E000#13CC13CC020D0000
(1779322173.896861) can0 0000E004#181803B603B601E1
(1779322173.897845) can0 0000E006#0CD50CD50CD50CD5
(1779322173.898862) can0 0000E007#0CD50CD50CD50CD5
(1779322173.899861) can0 0000E008#0CD50CD50CD50CD5
(1779322173.900855) can0 0000E009#0CD50CD50CD50CD6
(1779322173.901900) can0 0000E010#0000000000000000
(1779322173.902900) can0 0000E011#0000000000000000
(1779322173.903880) can0 0000E012#0CD5000000000000
(1779322173.904899) can0 0000F001#0000000000000000
(1779322173.905875) can0 18FF28F4#10320000020D0000
(1779322173.906862) can0 18FE28F4#0CD60CD540400000
(1779322173.907875) can0 18FD28F4#1702FA6F00000000
(1779322173.908791) can0 4D4#000032007D0D0203
(1779322173.909768) can0 4D5#D50CD60C40400000
(1779322173.910868) can0 18914010#0CD6100CD5010000
(1779322173.911868) can0 18904010#020D020D753001FA
(1779322173.912868) can0 18FA28F4#123EA12C10270000
(1779322173.913866) can0 18FB28F4#D60CD50C40400000
(1779322173.914895) can0 18FC28F4#383200000D020000
(1779322173.915862) can0 18F810F3#0D02E80332640100
(1779322173.916894) can0 18F815F3#0000000010030000
(1779322173.917790) can0 273#000000000D023200
(1779322173.918773) can0 1E1#020D271001FA01FA
(1779322173.919804) can0 1F5#0000000000000000
(1779322173.920881) can0 0800A6A9#0000000000000000
(1779322173.921846) can0 1000A6A9#0D028813324A4A4A
(1779322173.922882) can0 1C00A6A9#0000000000030000
(1779322173.923894) can0 02018100#1003020D00000000
(1779322173.924894) can0 02028100#0000003264000000
(1779322173.925888) can0 02038100#0CD601100CD50101
(1779322173.926869) can0 02048100#4A01014A01010000
(1779322173.927773) can0 1AD#8814000059321818
(1779322173.928786) can0 2AD#D60C800C88140016
(1779322173.929796) can0 3AD#0000000000008814
(1779322173.930792) can0 4AD#EB00000000000000
(1779322173.931792) can0 76A#7F00000000000000
(1779322174.011425) can0 0000E005#1702440003B60591
(1779322174.011967) can0 1806E5F4#13CC010003B6023A
(1779322174.012873) can0 0000E000#13CC13CC020D0000
(1779322174.013873) can0 0000E004#181803B603B601E1
(1779322174.014842) can0 0000E006#0CD50CD50CD50CD5
(1779322174.015855) can0 0000E007#0CD50CD50CD50CD5
(1779322174.016854) can0 0000E008#0CD50CD50CD50CD5
(1779322174.017848) can0 0000E009#0CD50CD50CD50CD6
(1779322174.018932) can0 0000E010#0000000000000000
(1779322174.019895) can0 0000E011#0000000000000000
(1779322174.020880) can0 0000E012#0CD5000000000000
(1779322174.021842) can0 0000E013#4542323630354C43
(1779322174.022874) can0 0000E014#3134323300000000
(1779322174.023880) can0 0000E015#0000000000000003
(1779322174.024899) can0 0000F000#0000000000000000
(1779322174.025899) can0 0000F001#0000000000000000
(1779322174.026913) can0 18FF28F4#10320000020D0000
(1779322174.027867) can0 18FE28F4#0CD60CD540400000
(1779322174.028881) can0 18FD28F4#1702FA6F00000000
(1779322174.029778) can0 4D4#000032007D0D0203
(1779322174.030778) can0 4D5#D50CD60C40400000
(1779322174.031857) can0 18914010#0CD6100CD5010000
(1779322174.032855) can0 18904010#020D020D753001FA
(1779322174.033887) can0 18924010#4001400100000000
(1779322174.034932) can0 18934010#000000FE0000BC19
(1779322174.035885) can0 18944010#1003000000000000
(1779322174.036900) can0 18954010#0000000000000000
(1779322174.037900) can0 18954010#0100000000000000
(1779322174.038895) can0 18954010#0200000000000000
(1779322174.039896) can0 18954010#0300000000000000
(1779322174.040894) can0 18954010#0400000000000000
(1779322174.041887) can0 18954010#0500000000000000
(1779322174.042934) can0 18964010#0040404000000000
(1779322174.043880) can0 18974010#0000000000000000
(1779322174.044881) can0 18984010#0000000000000000
(1779322174.045862) can0 18FA28F4#123EA12C10270000
(1779322174.046862) can0 18FB28F4#D60CD50C40400000
(1779322174.047881) can0 18FC28F4#383200000D020000
(1779322174.048856) can0 18F810F3#0D02E80332640100
(1779322174.049869) can0 18F811F3#D60C1001D50C0101
(1779322174.050864) can0 18F812F3#4001014001010000
(1779322174.051894) can0 18F813F3#0101000000000000
(1779322174.052856) can0 18F814F3#3200EA1AA9015F00
(1779322174.053888) can0 18F815F3#0000000010030000
(1779322174.054785) can0 273#000000000D023200
(1779322174.055766) can0 1E1#020D271001FA01FA
(1779322174.056799) can0 1F5#0000000000000000
(1779322174.057875) can0 0800A6A9#0000000000000000
(1779322174.058843) can0 1000A6A9#0D028813324A4A4A
(1779322174.059870) can0 1C00A6A9#0000000000030000
(1779322174.060888) can0 02018100#1003020D00000000
(1779322174.061888) can0 02028100#0000003264000000
(1779322174.062869) can0 02038100#0CD601100CD50101
(1779322174.063869) can0 02048100#4A01014A01010000
(1779322174.064773) can0 1AD#8814000059321818
(1779322174.065767) can0 2AD#D60C800C88140016
(1779322174.066781) can0 3AD#0000000000008814
(1779322174.067797) can0 4AD#EB00000000000000
(1779322174.068793) can0 76A#7F00000000000000
(1779322174.127466) can0 0000E005#1702440003B60591
(1779322174.128020) can0 1806E5F4#13CC010003B6023A
(1779322174.128869) can0 0000E000#13CC13CC020D0000
(1779322174.129872) can0 0000E004#181803B603B601E1
(1779322174.130834) can0 0000E006#0CD50CD50CD50CD5
(1779322174.131853) can0 0000E007#0CD50CD50CD50CD5
(1779322174.132847) can0 0000E008#0CD50CD50CD50CD5
(1779322174.133846) can0 0000E009#0CD50CD50CD50CD6
(1779322174.134892) can0 0000E010#0000000000000000
(1779322174.135891) can0 0000E011#0000000000000000
(1779322174.136869) can0 0000E012#0CD5000000000000
(1779322174.137892) can0 0000F001#0000000000000000
(1779322174.138873) can0 18FF28F4#10320000020D0000
(1779322174.139853) can0 18FE28F4#0CD60CD540400000
(1779322174.140865) can0 18FD28F4#1702FA6F00000000
(1779322174.141783) can0 4D4#000032007D0D0203
(1779322174.142770) can0 4D5#D50CD60C40400000
(1779322174.143866) can0 18914010#0CD6100CD5010000
(1779322174.144860) can0 18904010#020D020D753001FA
(1779322174.145860) can0 18FA28F4#123EA12C10270000
(1779322174.146860) can0 18FB28F4#D60CD50C40400000
(1779322174.147873) can0 18FC28F4#383200000D020000
(1779322174.148855) can0 18F810F3#0D02E80332640100
(1779322174.149886) can0 18F815F3#0000000010030000
(1779322174.150790) can0 273#000000000D023200
(1779322174.151771) can0 1E1#020D271001FA01FA
(1779322174.152794) can0 1F5#0000000000000000
(1779322174.153879) can0 0800A6A9#0000000000000000
(1779322174.154848) can0 1000A6A9#0D028813324A4A4A
(1779322174.155880) can0 1C00A6A9#0000000000030000
(1779322174.156892) can0 02018100#1003020D00000000
(1779322174.157886) can0 02028100#0000003264000000
(1779322174.158854) can0 02038100#0CD601100CD50101
(1779322174.159867) can0 02048100#4A01014A01010000
(1779322174.160763) can0 1AD#8814000059321818
(1779322174.161777) can0 2AD#D60C800C88140016
(1779322174.162778) can0 3AD#0000000000008814
(1779322174.163790) can0 4AD#EB00000000000000
(1779322174.164813) can0 76A#7F00000000000000
(1779322174.227426) can0 0000E005#1702440003B60591
(1779322174.227973) can0 1806E5F4#13CC010003B6023A
(1779322174.228857) can0 0000E000#13CC13CC020D0000
(1779322174.229858) can0 0000E004#181803B603B601E1
(1779322174.230838) can0 0000E006#0CD50CD50CD50CD5
(1779322174.231838) can0 0000E007#0CD50CD50CD50CD5
(1779322174.232838) can0 0000E008#0CD50CD50CD50CD5
(1779322174.233850) can0 0000E009#0CD50CD50CD50CD6
(1779322174.234896) can0 0000E010#0000000000000000
(1779322174.235883) can0 0000E011#0000000000000000
(1779322174.236876) can0 0000E012#0CD5000000000000
(1779322174.237889) can0 0000F001#0000000000000000
(1779322174.238877) can0 18FF28F4#10320000020D0000
(1779322174.239857) can0 18FE28F4#0CD60CD540400000
(1779322174.240870) can0 18FD28F4#1702FA6F00000000
(1779322174.241807) can0 4D4#000032007D0D0203
(1779322174.242769) can0 4D5#D50CD60C40400000
(1779322174.243852) can0 18914010#0CD6100CD5010000
(1779322174.244845) can0 18904010#020D020D753001FA
(1779322174.245859) can0 18FA28F4#123EA12C10270000
(1779322174.246845) can0 18FB28F4#D60CD50C40400000
(1779322174.247877) can0 18FC28F4#383200000D020000
(1779322174.248839) can0 18F810F3#0D02E80332640100
(1779322174.249916) can0 18F815F3#0000000010030000
(1779322174.250775) can0 273#000000000D023200
(1779322174.251768) can0 1E1#020D271001FA01FA
(1779322174.252787) can0 1F5#0000000000000000
(1779322174.253892) can0 0800A6A9#0000000000000000
(1779322174.254836) can0 1000A6A9#0D028813324A4A4A
(1779322174.255865) can0 1C00A6A9#0000000000030000
(1779322174.256878) can0 02018100#1003020D00000000
(1779322174.257921) can0 02028100#0000003264000000
(1779322174.258859) can0 02038100#0CD601100CD50101
(1779322174.259871) can0 02048100#4A01014A01010000
(1779322174.260769) can0 1AD#8814000059321818
(1779322174.261760) can0 2AD#D60C800C88140016
(1779322174.262783) can0 3AD#0000000000008814
(1779322174.263795) can0 4AD#EB00000000000000
(1779322174.264788) can0 76A#7F00000000000000
(1779322174.327434) can0 0000E005#1702440003B60591
(1779322174.327960) can0 1806E5F4#13CC010003B6023A
(1779322174.328862) can0 0000E000#13CC13CC020D0000
(1779322174.329855) can0 0000E004#181803B603B601E1
(1779322174.330833) can0 0000E006#0CD50CD50CD50CD5
(1779322174.331836) can0 0000E007#0CD50CD50CD50CD5
(1779322174.332836) can0 0000E008#0CD50CD50CD50CD5
(1779322174.333836) can0 0000E009#0CD50CD50CD50CD6
(1779322174.334927) can0 0000E010#0000000000000000
(1779322174.335881) can0 0000E011#0000000000000000
(1779322174.336862) can0 0000E012#0CD5000000000000
(1779322174.337875) can0 0000F001#0000000000000000
(1779322174.338875) can0 18FF28F4#10320000020D0000
(1779322174.339843) can0 18FE28F4#0CD60CD540400000
(1779322174.340856) can0 18FD28F4#1702FA6F00000000
(1779322174.341773) can0 4D4#000032007D0D0203
(1779322174.342818) can0 4D5#D50CD60C40400000
(1779322174.343849) can0 18914010#0CD6100CD5010000
(1779322174.344850) can0 18904010#020D020D753001FA
(1779322174.345862) can0 18FA28F4#123EA12C10270000
(1779322174.346840) can0 18FB28F4#D60CD50C40400000
(1779322174.347875) can0 18FC28F4#383200000D020000
(1779322174.348843) can0 18F810F3#0D02E80332640100
(1779322174.349875) can0 18F815F3#0000000010030000
(1779322174.350773) can0 273#000000000D023200
(1779322174.351754) can0 1E1#020D271001FA01FA
(1779322174.352786) can0 1F5#0000000000000000
(1779322174.353863) can0 0800A6A9#0000000000000000
(1779322174.354826) can0 1000A6A9#0D028813324A4A4A
(1779322174.355862) can0 1C00A6A9#0000000000030000
(1779322174.356875) can0 02018100#1003020D00000000
(1779322174.357875) can0 02028100#0000003264000000
(1779322174.358852) can0 02038100#0CD601100CD50101
(1779322174.359850) can0 02048100#4A01014A01010000
(1779322174.360754) can0 1AD#8814000059321818
(1779322174.361767) can0 2AD#D60C800C88140016
(1779322174.362780) can0 3AD#0000000000008814
(1779322174.363773) can0 4AD#EB00000000000000
(1779322174.364774) can0 76A#7F00000000000000
(1779322174.427461) can0 0000E005#1702440003B60591
(1779322174.428005) can0 1806E5F4#13CC010003B6023A
(1779322174.428859) can0 0000E000#13CC13CC020D0000
(1779322174.429841) can0 0000E004#181803B603B601E1
(1779322174.430828) can0 0000E006#0CD50CD50CD50CD5
(1779322174.431836) can0 0000E007#0CD50CD50CD50CD5
(1779322174.432840) can0 0000E008#0CD50CD50CD50CD5
(1779322174.433833) can0 0000E009#0CD50CD50CD50CD6
(1779322174.434885) can0 0000E010#0000000000000000
(1779322174.435878) can0 0000E011#0000000000000000
(1779322174.436866) can0 0000E012#0CD5000000000000
(1779322174.437879) can0 0000F001#0000000000000000
(1779322174.438860) can0 18FF28F4#10320000020D0000
(1779322174.439837) can0 18FE28F4#0CD60CD540400000
(1779322174.440860) can0 18FD28F4#1702FA6F00000000
(1779322174.441777) can0 4D4#000032007D0D0203
(1779322174.442758) can0 4D5#D50CD60C40400000
(1779322174.443847) can0 18914010#0CD6100CD5010000
(1779322174.444847) can0 18904010#020D020D753001FA
(1779322174.445847) can0 18FA28F4#123EA12C10270000
(1779322174.446847) can0 18FB28F4#D60CD50C40400000
(1779322174.447860) can0 18FC28F4#383200000D020000
(1779322174.448840) can0 18F810F3#0D02E80332640100
(1779322174.449872) can0 18F815F3#0000000010030000
(1779322174.450777) can0 273#000000000D023200
(1779322174.451752) can0 1E1#020D271001FA01FA
(1779322174.452789) can0 1F5#0000000000000000
(1779322174.453867) can0 0800A6A9#0000000000000000
(1779322174.454834) can0 1000A6A9#0D028813324A4A4A
(1779322174.455860) can0 1C00A6A9#0000000000030000
(1779322174.456879) can0 02018100#1003020D00000000
(1779322174.457873) can0 02028100#0000003264000000
(1779322174.458841) can0 02038100#0CD601100CD50101
(1779322174.459854) can0 02048100#4A01014A01010000
(1779322174.460751) can0 1AD#8814000059321818
(1779322174.461765) can0 2AD#D60C800C88140016
(1779322174.462778) can0 3AD#0000000000008814
(1779322174.463777) can0 4AD#EB00000000000000
(1779322174.464790) can0 76A#7F00000000000000
(1779322174.544472) can0 0000E005#1702440003B60591
(1779322174.545006) can0 1806E5F4#13CC010003B6023A
(1779322174.545852) can0 0000E000#13CC13CC020D0000
(1779322174.546845) can0 0000E004#181803B603B601E1
(1779322174.547832) can0 0000E006#0CD50CD50CD50CD5
(1779322174.548825) can0 0000E007#0CD50CD50CD50CD5
(1779322174.549858) can0 0000E008#0CD50CD50CD50CD3
(1779322174.550827) can0 0000E009#0CD50CD50CD50CD6
(1779322174.551871) can0 0000E010#0000000000000000
(1779322174.552863) can0 0000E011#0000000000000000
(1779322174.553851) can0 0000E012#0CD5000200000000
(1779322174.554820) can0 0000E013#4542323630354C43
(1779322174.555851) can0 0000E014#3134323300000000
(1779322174.556857) can0 0000E015#0000000000000003
(1779322174.557910) can0 0000F000#0000000000000000
(1779322174.558877) can0 0000F001#0000000000000000
(1779322174.559859) can0 18FF28F4#10320000020D0000
(1779322174.560839) can0 18FE28F4#0CD60CD340400000
(1779322174.561858) can0 18FD28F4#1702FA6F00000000
(1779322174.562756) can0 4D4#000032007D0D0203
(1779322174.563756) can0 4D5#D30CD60C40400000
(1779322174.564834) can0 18914010#0CD6100CD30C0000
(1779322174.565895) can0 18904010#020D020D753001FA
(1779322174.566876) can0 18924010#4001400100000000
(1779322174.567860) can0 18934010#000000FF0000BC19
(1779322174.568870) can0 18944010#1003000000000000
(1779322174.569881) can0 18954010#0000000000000000
(1779322174.570881) can0 18954010#0100000000000000
(1779322174.571888) can0 18954010#0200000000000000
(1779322174.572885) can0 18954010#0300000000000000
(1779322174.573927) can0 18954010#0400000000000000
(1779322174.574874) can0 18954010#0500000000000000
(1779322174.575886) can0 18964010#0040404000000000
(1779322174.576892) can0 18974010#0000000000000000
(1779322174.577884) can0 18984010#0000000000000000
(1779322174.578861) can0 18FA28F4#123EA12C10270000
(1779322174.579845) can0 18FB28F4#D60CD30C40400000
(1779322174.580864) can0 18FC28F4#383200000D020000
(1779322174.581832) can0 18F810F3#0D02E80332640100
(1779322174.582842) can0 18F811F3#D60C1001D30C0C01
(1779322174.583857) can0 18F812F3#4001014001010000
(1779322174.584871) can0 18F813F3#0101000000000000
(1779322174.585839) can0 18F814F3#3200EA1AA9015F00
(1779322174.586862) can0 18F815F3#0000000010030000
(1779322174.587761) can0 273#000000000D023200
(1779322174.588753) can0 1E1#020D271001FA01FA
(1779322174.589793) can0 1F5#0000000000000000
(1779322174.590868) can0 0800A6A9#0000000000000000
(1779322174.591819) can0 1000A6A9#0D028813324A4A4A
(1779322174.592864) can0 1C00A6A9#0000000000030000
(1779322174.593865) can0 02018100#1003020D00000000
(1779322174.594867) can0 02028100#0000003264000000
(1779322174.595848) can0 02038100#0CD601100CD3010C
(1779322174.596847) can0 02048100#4A01014A01010000
(1779322174.597747) can0 1AD#8814000059321818
(1779322174.598762) can0 2AD#D60C800C88140016
(1779322174.599778) can0 3AD#0000000000008814
(1779322174.600776) can0 4AD#EB00000000000000
(1779322174.601775) can0 76A#7F00000000000000
(1779322174.660458) can0 0000E005#1702440003B60591
(1779322174.660975) can0 1806E5F4#13CC010003B6023A
(1779322174.661847) can0 0000E000#13CC13CC020D0000
(1779322174.662850) can0 0000E004#181803B603B601E1
(1779322174.663828) can0 0000E006#0CD50CD50CD50CD5
(1779322174.664829) can0 0000E007#0CD50CD50CD50CD5
(1779322174.665828) can0 0000E008#0CD50CD50CD50CD3
(1779322174.666829) can0 0000E009#0CD50CD50CD50CD6
(1779322174.667872) can0 0000E010#0000000000000000
(1779322174.668873) can0 0000E011#0000000000000000
(1779322174.669852) can0 0000E012#0CD5000200000000
(1779322174.670870) can0 0000F001#0000000000000000
(1779322174.671866) can0 18FF28F4#10320000020D0000
(1779322174.672848) can0 18FE28F4#0CD60CD340400000
(1779322174.673845) can0 18FD28F4#1702FA6F00000000
(1779322174.674765) can0 4D4#000032007D0D0203
(1779322174.675745) can0 4D5#D30CD60C40400000
(1779322174.676841) can0 18914010#0CD6100CD30C0000
(1779322174.677842) can0 18904010#020D020D753001FA
(1779322174.678836) can0 18FA28F4#123EA12C10270000
(1779322174.679835) can0 18FB28F4#D60CD30C40400000
(1779322174.680867) can0 18FC28F4#383200000D020000
(1779322174.681826) can0 18F810F3#0D02E80332640100
(1779322174.682860) can0 18F815F3#0000000010030000
(1779322174.683765) can0 273#000000000D023200
(1779322174.684746) can0 1E1#020D271001FA01FA
(1779322174.685774) can0 1F5#0000000000000000
(1779322174.686855) can0 0800A6A9#0000000000000000
(1779322174.687841) can0 1000A6A9#0D028813324A4A4A
(1779322174.688854) can0 1C00A6A9#0000000000030000
(1779322174.689867) can0 02018100#1003020D00000000
(1779322174.690869) can0 02028100#0000003264000000
(1779322174.691848) can0 02038100#0CD601100CD3010C
(1779322174.692842) can0 02048100#4A01014A01010000
(1779322174.693743) can0 1AD#8814000059321818
(1779322174.694759) can0 2AD#D60C800C88140016
(1779322174.695794) can0 3AD#0000000000008814
(1779322174.696768) can0 4AD#EB00000000000000
(1779322174.697764) can0 76A#7F00000000000000
(1779322174.760452) can0 0000E005#1702440003B60591
(1779322174.760963) can0 1806E5F4#13CC010003B6023A
(1779322174.761846) can0 0000E000#13CC13CC020D0000
(1779322174.762841) can0 0000E004#181803B603B601E1
(1779322174.763827) can0 0000E006#0CD50CD50CD50CD5
(1779322174.764841) can0 0000E007#0CD50CD50CD50CD5
(1779322174.765822) can0 0000E008#0CD50CD50CD50CD3
(1779322174.766818) can0 0000E009#0CD50CD50CD50CD6
(1779322174.767865) can0 0000E010#0000000000000000
(1779322174.768866) can0 0000E011#0000000000000000
(1779322174.769847) can0 0000E012#0CD5000200000000
(1779322174.770872) can0 0000F001#0000000000000000
(1779322174.771859) can0 18FF28F4#10320000020D0000
(1779322174.772860) can0 18FE28F4#0CD60CD340400000
(1779322174.773841) can0 18FD28F4#1702FA6F00000000
(1779322174.774758) can0 4D4#000032007D0D0203
(1779322174.775738) can0 4D5#D30CD60C40400000
(1779322174.776834) can0 18914010#0CD6100CD30C0000
(1779322174.777834) can0 18904010#020D020D753001FA
(1779322174.778841) can0 18FA28F4#123EA12C10270000
(1779322174.779828) can0 18FB28F4#D60CD30C40400000
(1779322174.780892) can0 18FC28F4#383200000D020000
(1779322174.781828) can0 18F810F3#0D02E80332640100
(1779322174.782851) can0 18F815F3#0000000010030000
(1779322174.783758) can0 273#000000000D023200
(1779322174.784739) can0 1E1#020D271001FA01FA
(1779322174.785770) can0 1F5#0000000000000000
(1779322174.786867) can0 0800A6A9#0000000000000000
(1779322174.787816) can0 1000A6A9#0D028813324A4A4A
(1779322174.788891) can0 1C00A6A9#0000000000030000
(1779322174.789860) can0 02018100#1003020D00000000
(1779322174.790857) can0 02028100#0000003264000000
(1779322174.791841) can0 02038100#0CD601100CD3010C
(1779322174.792835) can0 02048100#4A01014A01010000
(1779322174.793732) can0 1AD#8814000059321818
(1779322174.794741) can0 2AD#D60C800C88140016
(1779322174.795758) can0 3AD#0000000000008814
(1779322174.796818) can0 4AD#EB00000000000000
(1779322174.797775) can0 76A#7F00000000000000
(1779322174.860456) can0 0000E005#1702440003B60591
(1779322174.860999) can0 1806E5F4#13CC010003B6023A
(1779322174.861850) can0 0000E000#13CC13CC020D0000
(1779322174.862831) can0 0000E004#181803B603B601E1
(1779322174.863806) can0 0000E006#0CD50CD50CD50CD5
(1779322174.864812) can0 0000E007#0CD50CD30CD50CD5
(1779322174.865857) can0 0000E008#0CD50CD50CD50CD5
(1779322174.866807) can0 0000E009#0CD50CD50CD50CD6
(1779322174.867870) can0 0000E010#0000000000000000
(1779322174.868870) can0 0000E011#0000000000000000
(1779322174.869838) can0 0000E012#0CD5000200000000
(1779322174.870863) can0 0000F001#0000000000000000
(1779322174.871852) can0 18FF28F4#10320000020D0000
(1779322174.872832) can0 18FE28F4#0CD60CD340400000
(1779322174.873895) can0 18FD28F4#1702FA6F00000000
(1779322174.874762) can0 4D4#000032007D0D0203
(1779322174.875737) can0 4D5#D30CD60C40400000
(1779322174.876825) can0 18914010#0CD6100CD3060000
(1779322174.877838) can0 18904010#020D020D753001FA
(1779322174.878839) can0 18FA28F4#123EA12C10270000
(1779322174.879829) can0 18FB28F4#D60CD30C40400000
(1779322174.880851) can0 18FC28F4#383200000D020000
(1779322174.881813) can0 18F810F3#0D02E80332640100
(1779322174.882865) can0 18F815F3#0000000010030000
(1779322174.883762) can0 273#000000000D023200
(1779322174.884743) can0 1E1#020D271001FA01FA
(1779322174.885774) can0 1F5#0000000000000000
(1779322174.886858) can0 0800A6A9#0000000000000000
(1779322174.887814) can0 1000A6A9#0D028813324A4A4A
(1779322174.888851) can0 1C00A6A9#0000000000030000
(1779322174.889852) can0 02018100#1003020D00000000
(1779322174.890846) can0 02028100#0000003264000000
(1779322174.891825) can0 02038100#0CD601100CD30106
(1779322174.892845) can0 02048100#4A01014A01010000
(1779322174.893743) can0 1AD#8814000059321818
(1779322174.894737) can0 2AD#D60C800C88140016
(1779322174.895749) can0 3AD#0000000000008814
(1779322174.896762) can0 4AD#EB00000000000000
(1779322174.897772) can0 76A#7F00000000000000
(1779322174.960381) can0 0000E005#1702440003B60591
(1779322174.960944) can0 1806E5F4#13CC010003B6023A
(1779322174.961843) can0 0000E000#13CC13CC020D0000
(1779322174.962824) can0 0000E004#181803B603B601E1
(1779322174.963805) can0 0000E006#0CD50CD50CD50CD5
(1779322174.964803) can0 0000E007#0CD50CD30CD50CD5
(1779322174.965823) can0 0000E008#0CD50CD50CD50CD5
(1779322174.966816) can0 0000E009#0CD50CD50CD50CD6
(1779322174.967871) can0 0000E010#0000000000000000
(1779322174.968864) can0 0000E011#0000000000000000
(1779322174.969849) can0 0000E012#0CD5000200000000
(1779322174.970863) can0 0000F001#0000000000000000
(1779322174.971843) can0 18FF28F4#10320000020D0000
(1779322174.972817) can0 18FE28F4#0CD60CD340400000
(1779322174.973843) can0 18FD28F4#1702FA6F00000000
(1779322174.974757) can0 4D4#000032007D0D0203
(1779322174.975741) can0 4D5#D30CD60C40400000
(1779322174.976812) can0 18914010#0CD6100CD3060000
(1779322174.977829) can0 18904010#020D020D753001FA
(1779322174.978830) can0 18FA28F4#123EA12C10270000
(1779322174.979830) can0 18FB28F4#D60CD30C40400000
(1779322174.980843) can0 18FC28F4#383200000D020000
(1779322174.981834) can0 18F810F3#0D02E80332640100
(1779322174.982856) can0 18F815F3#0000000010030000
(1779322174.983754) can0 273#000000000D023200
(1779322174.984735) can0 1E1#020D271001FA01FA
(1779322174.985767) can0 1F5#0000000000000000
(1779322174.986850) can0 0800A6A9#0000000000000000
(1779322174.987811) can0 1000A6A9#0D028813324A4A4A
(1779322174.988842) can0 1C00A6A9#0000000000030000
(1779322174.989843) can0 02018100#1003020D00000000
(1779322174.990855) can0 02028100#0000003264000000
(1779322174.991837) can0 02038100#0CD601100CD30106
(1779322174.992836) can0 02048100#4A01014A01010000
(1779322174.993734) can0 1AD#8814000059321818
(1779322174.994747) can0 2AD#D60C800C88140016
(1779322174.995779) can0 3AD#0000000000008814
(1779322174.996758) can0 4AD#EB00000000000000
(1779322174.997754) can0 76A#7F00000000000000
(1779322175.077397) can0 0000E005#1702440003B60591
(1779322175.077955) can0 1806E5F4#13CC010003B6023A
(1779322175.078828) can0 0000E000#13CC13CC020D0000
(1779322175.079836) can0 0000E004#181803B603B601E1
(1779322175.080829) can0 0000E006#0CD50CD50CD50CD5
(1779322175.081809) can0 0000E007#0CD50CD30CD50CD5
(1779322175.082809) can0 0000E008#0CD50CD50CD50CD5
(1779322175.083808) can0 0000E009#0CD50CD50CD50CD6
(1779322175.084853) can0 0000E010#0000000000000000
(1779322175.085853) can0 0000E011#0000000000000000
(1779322175.086831) can0 0000E012#0CD5000200000000
(1779322175.087804) can0 0000E013#4542323630354C43
(1779322175.088867) can0 0000E014#3134323300000000
(1779322175.089847) can0 0000E015#0000000000000003
(1779322175.090855) can0 0000F000#0000000000000000
(1779322175.091861) can0 0000F001#0000000000000000
(1779322175.092842) can0 18FF28F4#10320000020D0000
(1779322175.093822) can0 18FE28F4#0CD60CD340400000
(1779322175.094843) can0 18FD28F4#1702FA6F00000000
(1779322175.095739) can0 4D4#000032007D0D0203
(1779322175.096771) can0 4D5#D30CD60C40400000
(1779322175.097815) can0 18914010#0CD6100CD3060000
(1779322175.098816) can0 18904010#020D020D753001FA
(1779322175.099856) can0 18924010#4001400100000000
(1779322175.100855) can0 18934010#000000000000BC19
(1779322175.101845) can0 18944010#1003000000000000
(1779322175.102858) can0 18954010#0000000000000000
(1779322175.103855) can0 18954010#0100000000000000
(1779322175.104906) can0 18954010#0200000000000000
(1779322175.105855) can0 18954010#0300000000000000
(1779322175.106854) can0 18954010#0400000000000000
(1779322175.107848) can0 18954010#0500000000000000
(1779322175.108848) can0 18964010#0040404000000000
(1779322175.109848) can0 18974010#0000000000000000
(1779322175.110842) can0 18984010#0000000000000000
(1779322175.111823) can0 18FA28F4#123EA12C10270000
(1779322175.112822) can0 18FB28F4#D60CD30C40400000
(1779322175.113847) can0 18FC28F4#383200000D020000
(1779322175.114816) can0 18F810F3#0D02E80332640100
(1779322175.115829) can0 18F811F3#D60C1001D30C0601
(1779322175.116823) can0 18F812F3#4001014001010000
(1779322175.117855) can0 18F813F3#0101000000000000
(1779322175.118824) can0 18F814F3#3200EA1AA9015F00
(1779322175.119849) can0 18F815F3#0000000010030000
(1779322175.120752) can0 273#000000000D023200
(1779322175.121725) can0 1E1#020D271001FA01FA
(1779322175.122759) can0 1F5#0000000000000000
(1779322175.123855) can0 0800A6A9#0000000000000000
(1779322175.124804) can0 1000A6A9#0D028813324A4A4A
(1779322175.125827) can0 1C00A6A9#0000000000030000
(1779322175.126850) can0 02018100#1003020D00000000
(1779322175.127850) can0 02028100#0000003264000000
(1779322175.128829) can0 02038100#0CD601100CD30106
(1779322175.129830) can0 02048100#4A01014A01010000
(1779322175.130728) can0 1AD#8814000059321818
(1779322175.131747) can0 2AD#D60C800C88140016
(1779322175.132740) can0 3AD#0000000000008814
(1779322175.133756) can0 4AD#EB00000000000000
(1779322175.134754) can0 76A#7F00000000000000
(1779322175.193373) can0 0000E005#1702440003B60591
(1779322175.193941) can0 1806E5F4#13CC010003B6023A
(1779322175.194820) can0 0000E000#13CC13CC020D0000
(1779322175.195820) can0 0000E004#181803B603B601E1
(1779322175.196807) can0 0000E006#0CD50CD50CD50CD5
(1779322175.197801) can0 0000E007#0CD50CD30CD50CD5
(1779322175.198802) can0 0000E008#0CD50CD50CD50CD5
(1779322175.199801) can0 0000E009#0CD50CD50CD50CD6
(1779322175.200852) can0 0000E010#0000000000000000
(1779322175.201850) can0 0000E011#0000000000000000
(1779322175.202824) can0 0000E012#0CD5000200000000
(1779322175.203859) can0 0000F001#0000000000000000
(1779322175.204840) can0 18FF28F4#10320000020D0000
(1779322175.205820) can0 18FE28F4#0CD60CD340400000
(1779322175.206817) can0 18FD28F4#1702FA6F00000000
(1779322175.207737) can0 4D4#000032007D0D0203
(1779322175.208718) can0 4D5#D30CD60C40400000
(1779322175.209814) can0 18914010#0CD6100CD3060000
(1779322175.210815) can0 18904010#020D020D753001FA
(1779322175.211826) can0 18FA28F4#123EA12C10270000
(1779322175.212808) can0 18FB28F4#D60CD30C40400000
(1779322175.213840) can0 18FC28F4#383200000D020000
(1779322175.214806) can0 18F810F3#0D02E80332640100
(1779322175.215839) can0 18F815F3#0000000010030000
(1779322175.216738) can0 273#000000000D023200
(1779322175.217718) can0 1E1#020D271001FA01FA
(1779322175.218761) can0 1F5#0000000000000000
(1779322175.219846) can0 0800A6A9#0000000000000000
(1779322175.220795) can0 1000A6A9#0D028813324A4A4A
(1779322175.221827) can0 1C00A6A9#0000000000030000
(1779322175.222841) can0 02018100#1003020D00000000
(1779322175.223840) can0 02028100#0000003264000000
(1779322175.224821) can0 02038100#0CD601100CD30106
(1779322175.225814) can0 02048100#4A01014A01010000
(1779322175.226746) can0 1AD#8814000059321818
(1779322175.227731) can0 2AD#D60C800C88140016
(1779322175.228745) can0 3AD#0000000000008814
(1779322175.229738) can0 4AD#EB00000000000000
(1779322175.230748) can0 76A#7F00000000000000
(1779322175.293407) can0 0000E005#1702440003B60591
(1779322175.293971) can0 1806E5F4#13CC010003B6023A
(1779322175.294818) can0 0000E000#13CC13CC020D0000
(1779322175.295837) can0 0000E004#181803B603B601E1
(1779322175.296798) can0 0000E006#0CD50CD50CD50CD5
(1779322175.297799) can0 0000E007#0CD50CD30CD50CD5
(1779322175.298799) can0 0000E008#0CD50CD50CD50CD5
(1779322175.299793) can0 0000E009#0CD50CD50CD50CD6
(1779322175.300843) can0 0000E010#0000000000000000
(1779322175.301850) can0 0000E011#0000000000000000
(1779322175.302828) can0 0000E012#0CD5000200000000
(1779322175.303871) can0 0000F001#0000000000000000
(1779322175.304837) can0 18FF28F4#10320000020D0000
(1779322175.305818) can0 18FE28F4#0CD60CD340400000
(1779322175.306819) can0 18FD28F4#1702FA6F00000000
(1779322175.307735) can0 4D4#000032007D0D0203
(1779322175.308716) can0 4D5#D30CD60C40400000
(1779322175.309812) can0 18914010#0CD6100CD3060000
(1779322175.310813) can0 18904010#020D020D753001FA
(1779322175.311840) can0 18FA28F4#123EA12C10270000
(1779322175.312806) can0 18FB28F4#D60CD30C40400000
(1779322175.313837) can0 18FC28F4#383200000D020000
(1779322175.314807) can0 18F810F3#0D02E80332640100
(1779322175.315835) can0 18F815F3#0000000010030000
(1779322175.316736) can0 273#000000000D023200
(1779322175.317717) can0 1E1#020D271001FA01FA
(1779322175.318749) can0 1F5#0000000000000000
(1779322175.319876) can0 0800A6A9#0000000000000000
(1779322175.320793) can0 1000A6A9#0D028813324A4A4A
(1779322175.321826) can0 1C00A6A9#0000000000030000
(1779322175.322838) can0 02018100#1003020D00000000
(1779322175.323833) can0 02028100#0000003264000000
(1779322175.324819) can0 02038100#0CD601100CD30106
(1779322175.325819) can0 02048100#4A01014A01010000
(1779322175.326718) can0 1AD#8814000059321818
(1779322175.327773) can0 2AD#D60C800C88140016
(1779322175.328742) can0 3AD#0000000000008814
(1779322175.329742) can0 4AD#EB00000000000000
(1779322175.330736) can0 76A#7F00000000000000
(1779322175.393400) can0 0000E005#1702440003B60591
(1779322175.393963) can0 1806E5F4#13CC010003B6023A
(1779322175.394816) can0 0000E000#13CC13CC020D0000
(1779322175.395816) can0 0000E004#181803B603B601E1
(1779322175.396821) can0 0000E006#0CD50CD50CD50CD5
(1779322175.397796) can0 0000E007#0CD30CD50CD50CD5
(1779322175.398791) can0 0000E008#0CD50CD50CD50CD3
(1779322175.399790) can0 0000E009#0CD50CD50CD50CD6
(1779322175.400831) can0 0000E010#0000000000000000
(1779322175.401834) can0 0000E011#0000000000000000
(1779322175.402827) can0 0000E012#0CD4000200000000
(1779322175.403858) can0 0000F001#0000000000000000
(1779322175.404883) can0 18FF28F4#10320000020D0000
(1779322175.405811) can0 18FE28F4#0CD60CD340400000
(1779322175.406832) can0 18FD28F4#1702FA6F00000000
(1779322175.407729) can0 4D4#000032007D0D0203
(1779322175.408708) can0 4D5#D30CD60C40400000
(1779322175.409804) can0 18914010#0CD6100CD3050000
(1779322175.410804) can0 18904010#020D020D753001FA
(1779322175.411817) can0 18FA28F4#123EA12C10270000
(1779322175.412791) can0 18FB28F4#D60CD30C40400000
(1779322175.413830) can0 18FC28F4#383200000D020000
(1779322175.414796) can0 18F810F3#0D02E80332640100
(1779322175.415842) can0 18F815F3#0000000010030000
(1779322175.416727) can0 273#000000000D023200
(1779322175.417727) can0 1E1#020D271001FA01FA
(1779322175.418752) can0 1F5#0000000000000000
(1779322175.419836) can0 0800A6A9#0000000000000000
(1779322175.420798) can0 1000A6A9#0D028813324A4A4A
(1779322175.421829) can0 1C00A6A9#0000000000030000
(1779322175.422829) can0 02018100#1003020D00000000
(1779322175.423830) can0 02028100#0000003264000000
(1779322175.424801) can0 02038100#0CD601100CD30105
(1779322175.425823) can0 02048100#4A01014A01010000
(1779322175.426702) can0 1AD#8714000059321818
(1779322175.427715) can0 2AD#D60C800C87140016
(1779322175.428727) can0 3AD#0000000000008714
(1779322175.429740) can0 4AD#EB00000000000000
(1779322175.430741) can0 76A#7F00000000000000
(1779322175.493362) can0 0000E005#1702440003B60591
(1779322175.493917) can0 1806E5F4#13CC010003B6023A
(1779322175.494820) can0 0000E000#13CC13CC020D0000
(1779322175.495806) can0 0000E004#181803B603B601E1
(1779322175.496788) can0 0000E006#0CD50CD50CD50CD5
(1779322175.497794) can0 0000E007#0CD30CD50CD50CD5
(1779322175.498801) can0 0000E008#0CD50CD50CD50CD3
(1779322175.499794) can0 0000E009#0CD50CD50CD50CD6
(1779322175.500845) can0 0000E010#0000000000000000
(1779322175.501845) can0 0000E011#0000000000000000
(1779322175.502826) can0 0000E012#0CD4000200000000
(1779322175.503852) can0 0000F001#0000000000000000
(1779322175.504832) can0 18FF28F4#10320000020D0000
(1779322175.505810) can0 18FE28F4#0CD60CD340400000
(1779322175.506823) can0 18FD28F4#1702FA6F00000000
(1779322175.507738) can0 4D4#000032007D0D0203
(1779322175.508719) can0 4D5#D30CD60C40400000
(1779322175.509790) can0 18914010#0CD6100CD3050000
(1779322175.510803) can0 18904010#020D020D753001FA
(1779322175.511807) can0 18FA28F4#123EA12C10270000
(1779322175.512808) can0 18FB28F4#D60CD30C40400000
(1779322175.513821) can0 18FC28F4#383200000D020000
(1779322175.514801) can0 18F810F3#0D02E80332640100
(1779322175.515833) can0 18F815F3#0000000010030000
(1779322175.516737) can0 273#000000000D023200
(1779322175.517711) can0 1E1#020D271001FA01FA
(1779322175.518750) can0 1F5#0000000000000000
(1779322175.519827) can0 0800A6A9#0000000000000000
(1779322175.520795) can0 1000A6A9#0D028813324A4A4A
(1779322175.521818) can0 1C00A6A9#0000000000030000
(1779322175.522822) can0 02018100#1003020D00000000
(1779322175.523833) can0 02028100#0000003264000000
(1779322175.524802) can0 02038100#0CD601100CD30105
(1779322175.525815) can0 02048100#4A01014A01010000
(1779322175.526713) can0 1AD#8714000059321818
(1779322175.527712) can0 2AD#D60C800C87140016
(1779322175.528726) can0 3AD#0000000000008714
(1779322175.529734) can0 4AD#EB00000000000000
(1779322175.530732) can0 76A#7F00000000000000
(1779322175.610366) can0 0000E005#1702440003B60591
(1779322175.610912) can0 1806E5F4#13CC010003B6023A
(1779322175.611830) can0 0000E000#13CC13CC020D0000
(1779322175.612812) can0 0000E004#181803B603B601E1
(1779322175.613775) can0 0000E006#0CD50CD50CD50CD5
(1779322175.614793) can0 0000E007#0CD50CD50CD50CD5
(1779322175.615787) can0 0000E008#0CD50CD50CD50CD5
(1779322175.616784) can0 0000E009#0CD50CD50CD50CD6
(1779322175.617832) can0 0000E010#0000000000000000
(1779322175.618831) can0 0000E011#0000000000000000
(1779322175.619845) can0 0000E012#0CD5000100000000
(1779322175.620778) can0 0000E013#4542323630354C43
(1779322175.621812) can0 0000E014#3134323300000000
(1779322175.622824) can0 0000E015#0000000000000003
(1779322175.623838) can0 0000F000#0000000000000000
(1779322175.624823) can0 0000F001#0000000000000000
(1779322175.625818) can0 18FF28F4#10320000020D0000
(1779322175.626799) can0 18FE28F4#0CD60CD540400000
(1779322175.627851) can0 18FD28F4#1702FA6F00000000
(1779322175.628715) can0 4D4#000032007D0D0203
(1779322175.629716) can0 4D5#D50CD60C40400000
(1779322175.630793) can0 18914010#0CD6100CD5010000
(1779322175.631792) can0 18904010#020D020D753001FA
(1779322175.632824) can0 18924010#4001400100000000
(1779322175.633806) can0 18934010#000000010000BC19
(1779322175.634818) can0 18944010#1003000000000000
(1779322175.635879) can0 18954010#0000000000000000
(1779322175.636830) can0 18954010#0100000000000000
(1779322175.637832) can0 18954010#0200000000000000
(1779322175.638831) can0 18954010#0300000000000000
(1779322175.639832) can0 18954010#0400000000000000
(1779322175.640824) can0 18954010#0500000000000000
(1779322175.641826) can0 18964010#0040404000000000
(1779322175.642818) can0 18974010#0000000000000000
(1779322175.643815) can0 18984010#0000000000000000
(1779322175.644799) can0 18FA28F4#123EA12C10270000
(1779322175.645800) can0 18FB28F4#D60CD50C40400000
(1779322175.646825) can0 18FC28F4#383200000D020000
(1779322175.647785) can0 18F810F3#0D02E80332640100
(1779322175.648806) can0 18F811F3#D60C1001D50C0101
(1779322175.649801) can0 18F812F3#4001014001010000
(1779322175.650832) can0 18F813F3#0101000000000000
(1779322175.651795) can0 18F814F3#3200EA1AA9015F00
(1779322175.652825) can0 18F815F3#0000000010030000
(1779322175.653725) can0 273#000000000D023200
(1779322175.654704) can0 1E1#020D271001FA01FA
(1779322175.655733) can0 1F5#0000000000000000
(1779322175.656813) can0 0800A6A9#0000000000000000
(1779322175.657782) can0 1000A6A9#0D028813324A4A4A
(1779322175.658807) can0 1C00A6A9#0000000000030000
(1779322175.659820) can0 02018100#1003020D00000000
(1779322175.660819) can0 02028100#0000003264000000
(1779322175.661809) can0 02038100#0CD601100CD50101
(1779322175.662800) can0 02048100#4A01014A01010000
(1779322175.663705) can0 1AD#8814000059321818
(1779322175.664717) can0 2AD#D60C800C88140016
(1779322175.665719) can0 3AD#0000000000008814
(1779322175.666730) can0 4AD#EB00000000000000
(1779322175.667725) can0 76A#7F00000000000000
(1779322175.726400) can0 0000E005#1702440003B60591
(1779322175.726967) can0 1806E5F4#13CC010003B6023A
(1779322175.727815) can0 0000E000#13CC13CC020D0000
(1779322175.728788) can0 0000E004#181803B603B601E1
(1779322175.729777) can0 0000E006#0CD50CD50CD50CD5
(1779322175.730780) can0 0000E007#0CD50CD50CD50CD5
(1779322175.731771) can0 0000E008#0CD50CD50CD50CD5
(1779322175.732773) can0 0000E009#0CD50CD50CD50CD6
(1779322175.733835) can0 0000E010#0000000000000000
(1779322175.734818) can0 0000E011#0000000000000000
(1779322175.735816) can0 0000E012#0CD5000100000000
(1779322175.736828) can0 0000F001#0000000000000000
(1779322175.737810) can0 18FF28F4#10320000020D0000
(1779322175.738799) can0 18FE28F4#0CD60CD540400000
(1779322175.739810) can0 18FD28F4#1702FA6F00000000
(1779322175.740709) can0 4D4#000032007D0D0203
(1779322175.741708) can0 4D5#D50CD60C40400000
(1779322175.742793) can0 18914010#0CD6100CD5010000
(1779322175.743784) can0 18904010#020D020D753001FA
(1779322175.744805) can0 18FA28F4#123EA12C10270000
(1779322175.745784) can0 18FB28F4#D60CD50C40400000
(1779322175.746819) can0 18FC28F4#383200000D020000
(1779322175.747773) can0 18F810F3#0D02E80332640100
(1779322175.748824) can0 18F815F3#0000000010030000
(1779322175.749727) can0 273#000000000D023200
(1779322175.750710) can0 1E1#020D271001FA01FA
(1779322175.751735) can0 1F5#0000000000000000
(1779322175.752819) can0 0800A6A9#0000000000000000
(1779322175.753772) can0 1000A6A9#0D028813324A4A4A
(1779322175.754818) can0 1C00A6A9#0000000000030000
(1779322175.755817) can0 02018100#1003020D00000000
(1779322175.756811) can0 02028100#0000003264000000
(1779322175.757810) can0 02038100#0CD601100CD50101
(1779322175.758806) can0 02048100#4A01014A01010000
(1779322175.759705) can0 1AD#8814000059321818
(1779322175.760703) can0 2AD#D60C800C88140016
(1779322175.761715) can0 3AD#0000000000008814
(1779322175.762730) can0 4AD#EB00000000000000
(1779322175.763723) can0 76A#7F00000000000000
(1779322175.826397) can0 0000E005#1702440003B60591
(1779322175.826955) can0 1806E5F4#13CC010003B6023A
(1779322175.827809) can0 0000E000#13CC13CC020D0000
(1779322175.828788) can0 0000E004#181803B603B601E1
(1779322175.829770) can0 0000E006#0CD50CD50CD50CD5
(1779322175.830769) can0 0000E007#0CD50CD50CD50CD5
(1779322175.831783) can0 0000E008#0CD50CD50CD50CD5
(1779322175.832761) can0 0000E009#0CD50CD50CD50CD6
(1779322175.833834) can0 0000E010#0000000000000000
(1779322175.834846) can0 0000E011#0000000000000000
(1779322175.835815) can0 0000E012#0CD5000100000000
(1779322175.836823) can0 0000F001#0000000000000000
(1779322175.837809) can0 18FF28F4#10320000020D0000
(1779322175.838789) can0 18FE28F4#0CD60CD540400000
(1779322175.839803) can0 18FD28F4#1702FA6F00000000
(1779322175.840724) can0 4D4#000032007D0D0203
(1779322175.841707) can0 4D5#D50CD60C40400000
(1779322175.842814) can0 18914010#0CD6100CD5010000
(1779322175.843796) can0 18904010#020D020D753001FA
(1779322175.844792) can0 18FA28F4#123EA12C10270000
(1779322175.845778) can0 18FB28F4#D60CD50C40400000
(1779322175.846808) can0 18FC28F4#383200000D020000
(1779322175.847779) can0 18F810F3#0D02E80332640100
(1779322175.848818) can0 18F815F3#0000000010030000
(1779322175.849707) can0 273#000000000D023200
(1779322175.850738) can0 1E1#020D271001FA01FA
(1779322175.851739) can0 1F5#0000000000000000
(1779322175.852814) can0 0800A6A9#0000000000000000
(1779322175.853784) can0 1000A6A9#0D028813324A4A4A
(1779322175.854809) can0 1C00A6A9#0000000000030000
(1779322175.855809) can0 02018100#1003020D00000000
(1779322175.856801) can0 02028100#0000003264000000
(1779322175.857790) can0 02038100#0CD601100CD50101
(1779322175.858834) can0 02048100#4A01014A01010000
(1779322175.859701) can0 1AD#8814000059321818
(1779322175.860694) can0 2AD#D60C800C88140016
(1779322175.861714) can0 3AD#0000000000008814
(1779322175.862724) can0 4AD#EB00000000000000
(1779322175.863721) can0 76A#7F00000000000000
(1779322175.926346) can0 0000E005#1702440003B60591
(1779322175.926904) can0 1806E5F4#13CC010003B6023A
(1779322175.927835) can0 0000E000#13CC13CC020D0000
(1779322175.928785) can0 0000E004#181803B603B601E1
(1779322175.929763) can0 0000E006#0CD50CD50CD50CD5
(1779322175.930779) can0 0000E007#0CD50CD50CD50CD5
(1779322175.931777) can0 0000E008#0CD50CD50CD50CD5
(1779322175.932779) can0 0000E009#0CD50CD50CD50CD6
(1779322175.933819) can0 0000E010#0000000000000000
(1779322175.934824) can0 0000E011#0000000000000000
(1779322175.935835) can0 0000E012#0CD5000000000000
(1779322175.936818) can0 0000F001#0000000000000000
(1779322175.937796) can0 18FF28F4#10320000020D0000
(1779322175.938786) can0 18FE28F4#0CD60CD540400000
(1779322175.939796) can0 18FD28F4#1702FA6F00000000
(1779322175.940714) can0 4D4#000032007D0D0203
(1779322175.941687) can0 4D5#D50CD60C40400000
(1779322175.942792) can0 18914010#0CD6100CD5010000
(1779322175.943823) can0 18904010#020D020D753001FA
(1779322175.944784) can0 18FA28F4#123EA12C10270000
(1779322175.945779) can0 18FB28F4#D60CD50C40400000
(1779322175.946818) can0 18FC28F4#383200000D020000
(1779322175.947778) can0 18F810F3#0D02E80332640100
(1779322175.948811) can0 18F815F3#0000000010030000
(1779322175.949713) can0 273#000000000D023200
(1779322175.950696) can0 1E1#020D271001FA01FA
(1779322175.951726) can0 1F5#0000000000000000
(1779322175.952805) can0 0800A6A9#0000000000000000
(1779322175.953764) can0 1000A6A9#0D028813324A4A4A
(1779322175.954805) can0 1C00A6A9#0000000000030000
(1779322175.955816) can0 02018100#1003020D00000000
(1779322175.956818) can0 02028100#0000003264000000
(1779322175.957789) can0 02038100#0CD601100CD50101
(1779322175.958792) can0 02048100#4A01014A01010000
(1779322175.959688) can0 1AD#8814000059321818
(1779322175.960708) can0 2AD#D60C800C88140016
(1779322175.961721) can0 3AD#0000000000008814
(1779322175.962716) can0 4AD#EB00000000000000
(1779322175.963714) can0 76A#7F00000000000000
(1779322176.026389) can0 0000E005#1702440003B60591
(1779322176.026936) can0 1806E5F4#13CC010003B6023A
(1779322176.027797) can0 0000E000#13CC13CC020D0000
(1779322176.028793) can0 0000E004#181803B603B601E1
(1779322176.029756) can0 0000E006#0CD50CD50CD50CD5
(1779322176.030768) can0 0000E007#0CD50CD50CD50CD5
(1779322176.031769) can0 0000E008#0CD50CD50CD50CD5
(1779322176.032768) can0 0000E009#0CD50CD50CD50CD6
(1779322176.033814) can0 0000E010#0000000000000000
(1779322176.034813) can0 0000E011#0000000000000000
(1779322176.035796) can0 0000E012#0CD5000000000000
(1779322176.036813) can0 0000F001#0000000000000000
(1779322176.037795) can0 18FF28F4#10320000020D0000
(1779322176.038768) can0 18FE28F4#0CD60CD540400000
(1779322176.039789) can0 18FD28F4#1702FA6F00000000
(1779322176.040706) can0 4D4#000032007D0D0203
(1779322176.041686) can0 4D5#D50CD60C40400000
(1779322176.042777) can0 18914010#0CD6100CD5010000
(1779322176.043782) can0 18904010#020D020D753001FA
(1779322176.044781) can0 18FA28F4#123EA12C10270000
(1779322176.045776) can0 18FB28F4#D60CD50C40400000
(1779322176.046795) can0 18FC28F4#383200000D020000
(1779322176.047776) can0 18F810F3#0D02E80332640100
(1779322176.048807) can0 18F815F3#0000000010030000
(1779322176.049706) can0 273#000000000D023200
(1779322176.050684) can0 1E1#020D271001FA01FA
(1779322176.051719) can0 1F5#0000000000000000
(1779322176.052803) can0 0800A6A9#0000000000000000
(1779322176.053764) can0 1000A6A9#0D028813324A4A4A
(1779322176.054792) can0 1C00A6A9#0000000000030000
(1779322176.055796) can0 02018100#1003020D00000000
(1779322176.056795) can0 02028100#0000003264000000
(1779322176.057789) can0 02038100#0CD601100CD50101
(1779322176.058789) can0 02048100#4A01014A01010000
(1779322176.059687) can0 1AD#8814000059321818
(1779322176.060686) can0 2AD#D60C800C88140016
(1779322176.061700) can0 3AD#0000000000008814
(1779322176.062707) can0 4AD#EB00000000000000
(1779322176.063707) can0 76A#7F00000000000000
(1779322176.143347) can0 0000E005#1702440003B60591
(1779322176.143907) can0 1806E5F4#13CC010003B6023A
(1779322176.144782) can0 0000E000#13CC13CC020D0000
(1779322176.145781) can0 0000E004#181803B603B601E1
(1779322176.146761) can0 0000E006#0CD50CD50CD50CD5
(1779322176.147762) can0 0000E007#0CD50CD50CD50CD5
(1779322176.148760) can0 0000E008#0CD50CD50CD50CD3
(1779322176.149762) can0 0000E009#0CD50CD50CD50CD6
(1779322176.150837) can0 0000E010#0000000000000000
(1779322176.151806) can0 0000E011#0000000000000000
(1779322176.152780) can0 0000E012#0CD5000200000000
(1779322176.153750) can0 0000E013#4542323630354C43
(1779322176.154780) can0 0000E014#3134323300000000
(1779322176.155794) can0 0000E015#0000000000000003
(1779322176.156804) can0 0000F000#0000000000000000
(1779322176.157806) can0 0000F001#0000000000000000
(1779322176.158839) can0 18FF28F4#10320000020D0000
(1779322176.159775) can0 18FE28F4#0CD60CD340400000
(1779322176.160786) can0 18FD28F4#1702FA6F00000000
(1779322176.161704) can0 4D4#000032007D0D0203
(1779322176.162685) can0 4D5#D30CD60C40400000
(1779322176.163768) can0 18914010#0CD6100CD30C0000
(1779322176.164773) can0 18904010#020D020D753001FA
(1779322176.165794) can0 18924010#4001400100000000
(1779322176.166826) can0 18934010#000000020000BC19
(1779322176.167788) can0 18944010#1003000000000000
(1779322176.168814) can0 18954010#0000000000000000
(1779322176.169820) can0 18954010#0100000000000000
(1779322176.170801) can0 18954010#0200000000000000
(1779322176.171801) can0 18954010#0300000000000000
(1779322176.172800) can0 18954010#0400000000000000
(1779322176.173794) can0 18954010#0500000000000000
(1779322176.174838) can0 18964010#0040404000000000
(1779322176.175807) can0 18974010#0000000000000000
(1779322176.176797) can0 18984010#0000000000000000
(1779322176.177770) can0 18FA28F4#123EA12C10270000
(1779322176.178763) can0 18FB28F4#D60CD30C40400000
(1779322176.179795) can0 18FC28F4#383200000D020000
(1779322176.180751) can0 18F810F3#0D02E80332640100
(1779322176.181769) can0 18F811F3#D60C1001D30C0C01
(1779322176.182788) can0 18F812F3#4001014001010000
(1779322176.183802) can0 18F813F3#0101000000000000
(1779322176.184782) can0 18F814F3#3200EA1AA9015F00
(1779322176.185795) can0 18F815F3#0000000010030000
(1779322176.186692) can0 273#000000000D023200
(1779322176.187687) can0 1E1#020D271001FA01FA
(1779322176.188713) can0 1F5#0000000000000000
(1779322176.189795) can0 0800A6A9#0000000000000000
(1779322176.190764) can0 1000A6A9#0D028813324A4A4A
(1779322176.191796) can0 1C00A6A9#0000000000030000
(1779322176.192784) can0 02018100#1003020D00000000
(1779322176.193789) can0 02028100#0000003264000000
(1779322176.194769) can0 02038100#0CD601100CD3010C
(1779322176.195783) can0 02048100#4A01014A01010000
(1779322176.196686) can0 1AD#8814000059321818
(1779322176.197687) can0 2AD#D60C800C88140016
(1779322176.198701) can0 3AD#0000000000008814
(1779322176.199700) can0 4AD#EB00000000000000
(1779322176.200706) can0 76A#7F00000000000000
(1779322176.259387) can0 0000E005#1702440003B60591
(1779322176.259940) can0 1806E5F4#13CC010003B6023A
(1779322176.260773) can0 0000E000#13CC13CC020D0000
(1779322176.261769) can0 0000E004#181803B603B601E1
(1779322176.262754) can0 0000E006#0CD50CD50CD50CD5
(1779322176.263752) can0 0000E007#0CD50CD50CD50CD5
(1779322176.264754) can0 0000E008#0CD50CD50CD50CD3
(1779322176.265752) can0 0000E009#0CD50CD50CD50CD6
(1779322176.266812) can0 0000E010#0000000000000000
(1779322176.267797) can0 0000E011#0000000000000000
(1779322176.268779) can0 0000E012#0CD5000200000000
(1779322176.269799) can0 0000F001#0000000000000000
(1779322176.270793) can0 18FF28F4#10320000020D0000
(1779322176.271772) can0 18FE28F4#0CD60CD340400000
(1779322176.272786) can0 18FD28F4#1702FA6F00000000
(1779322176.273680) can0 4D4#000032007D0D0203
(1779322176.274671) can0 4D5#D30CD60C40400000
(1779322176.275765) can0 18914010#0CD6100CD30C0000
(1779322176.276760) can0 18904010#020D020D753001FA
(1779322176.277778) can0 18FA28F4#123EA12C10270000
(1779322176.278760) can0 18FB28F4#D60CD30C40400000
(1779322176.279792) can0 18FC28F4#383200000D020000
(1779322176.280773) can0 18F810F3#0D02E80332640100
(1779322176.281800) can0 18F815F3#0000000010030000
(1779322176.282691) can0 273#000000000D023200
(1779322176.283683) can0 1E1#020D271001FA01FA
(1779322176.284716) can0 1F5#0000000000000000
(1779322176.285793) can0 0800A6A9#0000000000000000
(1779322176.286749) can0 1000A6A9#0D028813324A4A4A
(1779322176.287791) can0 1C00A6A9#0000000000030000
(1779322176.288806) can0 02018100#1003020D00000000
(1779322176.289785) can0 02028100#0000003264000000
(1779322176.290768) can0 02038100#0CD601100CD3010C
(1779322176.291779) can0 02048100#4A01014A01010000
(1779322176.292684) can0 1AD#8814000059321818
(1779322176.293672) can0 2AD#D60C800C88140016
(1779322176.294691) can0 3AD#0000000000008814
(1779322176.295702) can0 4AD#EB00000000000000
(1779322176.296716) can0 76A#7F00000000000000
(1779322176.359322) can0 0000E005#1702440003B60591
(1779322176.359882) can0 1806E5F4#13CC010003B6023A
(1779322176.360782) can0 0000E000#13CC13CC020D0000
(1779322176.361765) can0 0000E004#181803B603B601E1
(1779322176.362744) can0 0000E006#0CD50CD50CD50CD5
(1779322176.363758) can0 0000E007#0CD50CD50CD50CD5
(1779322176.364757) can0 0000E008#0CD50CD50CD50CD3
(1779322176.365771) can0 0000E009#0CD50CD50CD50CD6
(1779322176.366797) can0 0000E010#0000000000000000
(1779322176.367803) can0 0000E011#0000000000000000
(1779322176.368782) can0 0000E012#0CD5000200000000
(1779322176.369796) can0 0000F001#0000000000000000
(1779322176.370774) can0 18FF28F4#10320000020D0000
(1779322176.371759) can0 18FE28F4#0CD60CD340400000
(1779322176.372777) can0 18FD28F4#1702FA6F00000000
(1779322176.373707) can0 4D4#000032007D0D0203
(1779322176.374674) can0 4D5#D30CD60C40400000
(1779322176.375771) can0 18914010#0CD6100CD30C0000
(1779322176.376771) can0 18904010#020D020D753001FA
(1779322176.377765) can0 18FA28F4#123EA12C10270000
(1779322176.378764) can0 18FB28F4#D60CD30C40400000
(1779322176.379797) can0 18FC28F4#383200000D020000
(1779322176.380765) can0 18F810F3#0D02E80332640100
(1779322176.381823) can0 18F815F3#0000000010030000
(1779322176.382695) can0 273#000000000D023200
(1779322176.383675) can0 1E1#020D271001FA01FA
(1779322176.384706) can0 1F5#0000000000000000
(1779322176.385784) can0 0800A6A9#0000000000000000
(1779322176.386754) can0 1000A6A9#0D028813324A4A4A
(1779322176.387786) can0 1C00A6A9#0000000000030000
(1779322176.388797) can0 02018100#1003020D00000000
(1779322176.389822) can0 02028100#0000003264000000
(1779322176.390758) can0 02038100#0CD601100CD3010C
(1779322176.391771) can0 02048100#4A01014A01010000
(1779322176.392675) can0 1AD#8814000059321818
(1779322176.393685) can0 2AD#D60C800C88140016
(1779322176.394701) can0 3AD#0000000000008814
(1779322176.395695) can0 4AD#EB00000000000000
(1779322176.396696) can0 76A#7F00000000000000
(1779322176.459321) can0 0000E005#1702440003B60591
(1779322176.459878) can0 1806E5F4#13CC010003B6023A
(1779322176.460776) can0 0000E000#13CC13CC020D0000
(1779322176.461773) can0 0000E004#181803B603B601E1
(1779322176.462734) can0 0000E006#0CD50CD50CD50CD5
(1779322176.463754) can0 0000E007#0CD50CD50CD50CD5
(1779322176.464755) can0 0000E008#0CD50CD50CD50CD5
(1779322176.465748) can0 0000E009#0CD50CD50CD50CD6
(1779322176.466827) can0 0000E010#0000000000000000
(1779322176.467793) can0 0000E011#0000000000000000
(1779322176.468781) can0 0000E012#0CD5000000000000
(1779322176.469793) can0 0000F001#0000000000000000
(1779322176.470795) can0 18FF28F4#10320000020D0000
(1779322176.471755) can0 18FE28F4#0CD60CD540400000
(1779322176.472769) can0 18FD28F4#1702FA6F00000000
(1779322176.473684) can0 4D4#000032007D0D0203
(1779322176.474719) can0 4D5#D50CD60C40400000
(1779322176.475767) can0 18914010#0CD6100CD5010000
(1779322176.476763) can0 18904010#020D020D753001FA
(1779322176.477761) can0 18FA28F4#123EA12C10270000
(1779322176.478758) can0 18FB28F4#D60CD50C40400000
(1779322176.479774) can0 18FC28F4#383200000D020000
(1779322176.480756) can0 18F810F3#0D02E80332640100
(1779322176.481787) can0 18F815F3#0000000010030000
(1779322176.482686) can0 273#000000000D023200
(1779322176.483672) can0 1E1#020D271001FA01FA
(1779322176.484699) can0 1F5#0000000000000000
(1779322176.485781) can0 0800A6A9#0000000000000000
(1779322176.486746) can0 1000A6A9#0D028813324A4A4A
(1779322176.487776) can0 1C00A6A9#0000000000030000
(1779322176.488776) can0 02018100#1003020D00000000
(1779322176.489788) can0 02028100#0000003264000000
(1779322176.490767) can0 02038100#0CD601100CD50101
(1779322176.491769) can0 02048100#4A01014A01010000
(1779322176.492667) can0 1AD#8814000059321818
(1779322176.493679) can0 2AD#D60C800C88140016
(1779322176.494693) can0 3AD#0000000000008814
(1779322176.495685) can0 4AD#EB00000000000000
(1779322176.496686) can0 76A#7F00000000000000
(1779322176.559360) can0 0000E005#1702440003B60591
(1779322176.559909) can0 1806E5F4#13CC010003B6023A
(1779322176.560764) can0 0000E000#13CC13CC020D0000
(1779322176.561766) can0 0000E004#181803B603B601E1
(1779322176.562746) can0 0000E006#0CD50CD50CD50CD5
(1779322176.563738) can0 0000E007#0CD50CD50CD50CD5
(1779322176.564739) can0 0000E008#0CD50CD50CD50CD5
(1779322176.565741) can0 0000E009#0CD50CD50CD50CD6
(1779322176.566784) can0 0000E010#0000000000000000
(1779322176.567786) can0 0000E011#0000000000000000
(1779322176.568767) can0 0000E012#0CD5000000000000
(1779322176.569798) can0 0000F001#0000000000000000
(1779322176.570778) can0 18FF28F4#10320000020D0000
(1779322176.571761) can0 18FE28F4#0CD60CD540400000
(1779322176.572759) can0 18FD28F4#1702FA6F00000000
(1779322176.573676) can0 4D4#000032007D0D0203
(1779322176.574657) can0 4D5#D50CD60C40400000
(1779322176.575755) can0 18914010#0CD6100CD5010000
(1779322176.576752) can0 18904010#020D020D753001FA
(1779322176.577766) can0 18FA28F4#123EA12C10270000
(1779322176.578754) can0 18FB28F4#D60CD50C40400000
(1779322176.579780) can0 18FC28F4#383200000D020000
(1779322176.580746) can0 18F810F3#0D02E80332640100
(1779322176.581779) can0 18F815F3#0000000010030000
(1779322176.582676) can0 273#000000000D023200
(1779322176.583654) can0 1E1#020D271001FA01FA
(1779322176.584689) can0 1F5#0000000000000000
(1779322176.585774) can0 0800A6A9#0000000000000000
(1779322176.586734) can0 1000A6A9#0D028813324A4A4A
(1779322176.587761) can0 1C00A6A9#0000000000030000
(1779322176.588779) can0 02018100#1003020D00000000
(1779322176.589780) can0 02028100#0000003264000000
(1779322176.590760) can0 02038100#0CD601100CD50101
(1779322176.591755) can0 02048100#4A01014A01010000
(1779322176.592658) can0 1AD#8814000059321818
(1779322176.593671) can0 2AD#D60C800C88140016
(1779322176.594684) can0 3AD#0000000000008814
(1779322176.595677) can0 4AD#EB00000000000000
(1779322176.596708) can0 76A#7F00000000000000
(1779322176.676361) can0 0000E005#1702440003B60591
(1779322176.676919) can0 1806E5F4#13CC010003B6023A
(1779322176.677768) can0 0000E000#13CC13CC020D0000
(1779322176.678752) can0 0000E004#181803B603B601E1
(1779322176.679732) can0 0000E006#0CD50CD50CD50CD5
(1779322176.680732) can0 0000E007#0CD50CD50CD50CD5
(1779322176.681765) can0 0000E008#0CD50CD50CD50CD5
(1779322176.682726) can0 0000E009#0CD50CD50CD50CD6
(1779322176.683791) can0 0000E010#0000000000000000
(1779322176.684789) can0 0000E011#0000000000000000
(1779322176.685766) can0 0000E012#0CD5000000000000
(1779322176.686739) can0 0000E013#4542323630354C43
(1779322176.687772) can0 0000E014#3134323300000000
(1779322176.688783) can0 0000E015#0000000000000003
(1779322176.689827) can0 0000F000#0000000000000000
(1779322176.690777) can0 0000F001#0000000000000000
(1779322176.691778) can0 18FF28F4#10320000020D0000
(1779322176.692745) can0 18FE28F4#0CD60CD540400000
(1779322176.693759) can0 18FD28F4#1702FA6F00000000
(1779322176.694675) can0 4D4#000032007D0D0203
(1779322176.695656) can0 4D5#D50CD60C40400000
(1779322176.696751) can0 18914010#0CD6100CD5010000
(1779322176.697781) can0 18904010#020D020D753001FA
(1779322176.698765) can0 18924010#4001400100000000
(1779322176.699766) can0 18934010#000000030000BC19
(1779322176.700777) can0 18944010#1003000000000000
(1779322176.701792) can0 18954010#0000000000000000
(1779322176.702791) can0 18954010#0100000000000000
(1779322176.703775) can0 18954010#0200000000000000
(1779322176.704773) can0 18954010#0300000000000000
(1779322176.705840) can0 18954010#0400000000000000
(1779322176.706767) can0 18954010#0500000000000000
(1779322176.707768) can0 18964010#0040404000000000
(1779322176.708780) can0 18974010#0000000000000000
(1779322176.709776) can0 18984010#0000000000000000
(1779322176.710761) can0 18FA28F4#123EA12C10270000
(1779322176.711755) can0 18FB28F4#D60CD50C40400000
(1779322176.712767) can0 18FC28F4#383200000D020000
(1779322176.713746) can0 18F810F3#0D02E80332640100
(1779322176.714761) can0 18F811F3#D60C1001D50C0101
(1779322176.715761) can0 18F812F3#4001014001010000
(1779322176.716774) can0 18F813F3#0101000000000000
(1779322176.717761) can0 18F814F3#3200EA1AA9015F00
(1779322176.718784) can0 18F815F3#0000000010030000
(1779322176.719686) can0 273#000000000D023200
(1779322176.720666) can0 1E1#020D271001FA01FA
(1779322176.721693) can0 1F5#0000000000000000
(1779322176.722776) can0 0800A6A9#0000000000000000
(1779322176.723737) can0 1000A6A9#0D028813324A4A4A
(1779322176.724768) can0 1C00A6A9#0000000000030000
(1779322176.725778) can0 02018100#1003020D00000000
(1779322176.726782) can0 02028100#0000003264000000
(1779322176.727762) can0 02038100#0CD601100CD50101
(1779322176.728763) can0 02048100#4A01014A01010000
(1779322176.729661) can0 1AD#8814000059321818
(1779322176.730660) can0 2AD#D60C800C88140016
(1779322176.731673) can0 3AD#0000000000008814
(1779322176.732692) can0 4AD#EB00000000000000
(1779322176.733686) can0 76A#7F00000000000000
(1779322176.792336) can0 0000E005#1702440003B60591
(1779322176.792877) can0 1806E5F4#13CC010003B6023A
(1779322176.793782) can0 0000E000#13CC13CC020D0000
(1779322176.794754) can0 0000E004#181803B603B601E1
(1779322176.795736) can0 0000E006#0CD50CD50CD50CD5
(1779322176.796735) can0 0000E007#0CD50CD50CD50CD5
(1779322176.797745) can0 0000E008#0CD50CD50CD50CD5
(1779322176.798727) can0 0000E009#0CD50CD50CD50CD6
(1779322176.799790) can0 0000E010#0000000000000000
(1779322176.800790) can0 0000E011#0000000000000000
(1779322176.801772) can0 0000E012#0CD5000000000000
(1779322176.802780) can0 0000F001#0000000000000000
(1779322176.803766) can0 18FF28F4#10320000020D0000
(1779322176.804752) can0 18FE28F4#0CD60CD540400000
(1779322176.805765) can0 18FD28F4#1702FA6F00000000
(1779322176.806658) can0 4D4#000032007D0D0203
(1779322176.807663) can0 4D5#D50CD60C40400000
(1779322176.808746) can0 18914010#0CD6100CD5010000
(1779322176.809740) can0 18904010#020D020D753001FA
(1779322176.810759) can0 18FA28F4#123EA12C10270000
(1779322176.811740) can0 18FB28F4#D60CD50C40400000
(1779322176.812766) can0 18FC28F4#383200000D020000
(1779322176.813733) can0 18F810F3#0D02E80332640100
(1779322176.814781) can0 18F815F3#0000000010030000
(1779322176.815670) can0 273#000000000D023200
(1779322176.816663) can0 1E1#020D271001FA01FA
(1779322176.817696) can0 1F5#0000000000000000
(1779322176.818774) can0 0800A6A9#0000000000000000
(1779322176.819743) can0 1000A6A9#0D028813324A4A4A
(1779322176.820773) can0 1C00A6A9#0000000000030000
(1779322176.821772) can0 02018100#1003020D00000000
(1779322176.822768) can0 02028100#0000003264000000
(1779322176.823747) can0 02038100#0CD601100CD50101
(1779322176.824759) can0 02048100#4A01014A01010000
(1779322176.825664) can0 1AD#8814000059321818
(1779322176.826659) can0 2AD#D60C800C88140016
(1779322176.827690) can0 3AD#0000000000008814
(1779322176.828683) can0 4AD#EB00000000000000
(1779322176.829683) can0 76A#7F00000000000000
(1779322176.892301) can0 0000E005#1702440003B60591
(1779322176.892846) can0 1806E5F4#13CC010003B6023A
(1779322176.893750) can0 0000E000#13CC13CC020D0000
(1779322176.894749) can0 0000E004#181803B603B601E1
(1779322176.895731) can0 0000E006#0CD50CD50CD50CD5
(1779322176.896744) can0 0000E007#0CD50CD50CD50CD5
(1779322176.897743) can0 0000E008#0CD50CD50CD50CD5
(1779322176.898723) can0 0000E009#0CD50CD50CD50CD6
(1779322176.899783) can0 0000E010#0000000000000000
(1779322176.900769) can0 0000E011#0000000000000000
(1779322176.901750) can0 0000E012#0CD5000000000000
(1779322176.902781) can0 0000F001#0000000000000000
(1779322176.903762) can0 18FF28F4#10320000020D0000
(1779322176.904763) can0 18FE28F4#0CD60CD540400000
(1779322176.905764) can0 18FD28F4#1702FA6F00000000
(1779322176.906661) can0 4D4#000032007D0D0203
(1779322176.907661) can0 4D5#D50CD60C40400000
(1779322176.908739) can0 18914010#0CD6100CD5010000
(1779322176.909738) can0 18904010#020D020D753001FA
(1779322176.910751) can0 18FA28F4#123EA12C10270000
(1779322176.911731) can0 18FB28F4#D60CD50C40400000
(1779322176.912796) can0 18FC28F4#383200000D020000
(1779322176.913732) can0 18F810F3#0D02E80332640100
(1779322176.914776) can0 18F815F3#0000000010030000
(1779322176.915655) can0 273#000000000D023200
(1779322176.916661) can0 1E1#020D271001FA01FA
(1779322176.917674) can0 1F5#0000000000000000
(1779322176.918769) can0 0800A6A9#0000000000000000
(1779322176.919725) can0 1000A6A9#0D028813324A4A4A
(1779322176.920805) can0 1C00A6A9#0000000000030000
(1779322176.921765) can0 02018100#1003020D00000000
(1779322176.922764) can0 02028100#0000003264000000
(1779322176.923739) can0 02038100#0CD601100CD50101
(1779322176.924758) can0 02048100#4A01014A01010000
(1779322176.925657) can0 1AD#8814000059321818
(1779322176.926656) can0 2AD#D60C800C88140016
(1779322176.927663) can0 3AD#0000000000008814
(1779322176.928713) can0 4AD#EB00000000000000
(1779322176.929675) can0 76A#7F00000000000000
(1779322176.992352) can0 0000E005#1702440003B60591
(1779322176.992897) can0 1806E5F4#13CC010003B6023A
(1779322176.993749) can0 0000E000#13CC13CC020D0000
(1779322176.994742) can0 0000E004#181803B603B601E1
(1779322176.995722) can0 0000E006#0CD50CD50CD50CD5
(1779322176.996718) can0 0000E007#0CD50CD50CD50CD5
(1779322176.997766) can0 0000E008#0CD50CD50CD50CD5
(1779322176.998716) can0 0000E009#0CD50CD50CD50CD6
(1779322176.999779) can0 0000E010#0000000000000000
(1779322177.000758) can0 0000E011#0000000000000000
(1779322177.001760) can0 0000E012#0CD5000000000000
(1779322177.002774) can0 0000F001#0000000000000000
(1779322177.003760) can0 18FF28F4#10320000020D0000
(1779322177.004741) can0 18FE28F4#0CD60CD540400000
(1779322177.005787) can0 18FD28F4#1702FA6F00000000
(1779322177.006659) can0 4D4#000032007D0D0203
(1779322177.007652) can0 4D5#D50CD60C40400000
(1779322177.008748) can0 18914010#0CD6100CD5010000
(1779322177.009729) can0 18904010#020D020D753001FA
(1779322177.010748) can0 18FA28F4#123EA12C10270000
(1779322177.011726) can0 18FB28F4#D60CD50C40400000
(1779322177.012761) can0 18FC28F4#383200000D020000
(1779322177.013773) can0 18F810F3#0D02E80332640100
(1779322177.014775) can0 18F815F3#0000000010030000
(1779322177.015659) can0 273#000000000D023200
(1779322177.016652) can0 1E1#020D271001FA01FA
(1779322177.017684) can0 1F5#0000000000000000
(1779322177.018762) can0 0800A6A9#0000000000000000
(1779322177.019727) can0 1000A6A9#0D028813324A4A4A
(1779322177.020767) can0 1C00A6A9#0000000000030000
(1779322177.021764) can0 02018100#1003020D00000000
(1779322177.022757) can0 02028100#0000003264000000
(1779322177.023737) can0 02038100#0CD601100CD50101
(1779322177.024748) can0 02048100#4A01014A01010000
(1779322177.025653) can0 1AD#8814000059321818
(1779322177.026647) can0 2AD#D60C800C88140016
(1779322177.027659) can0 3AD#0000000000008814
(1779322177.028671) can0 4AD#EB00000000000000
(1779322177.029672) can0 76A#7F00000000000000
(1779322177.085610) can0 00000E00#00354C4331343233
(1779322177.093327) can0 0000E005#1702440003B60591
(1779322177.093893) can0 1806E5F4#13CC010003B6023A
(1779322177.094745) can0 0000E000#13CC13CC020D0000
(1779322177.095745) can0 0000E004#181803B603B601E1
(1779322177.096707) can0 0000E006#0CD50CD50CD50CD5
(1779322177.097726) can0 0000E007#0CD50CD50CD50CD5
(1779322177.098725) can0 0000E008#0CD50CD50CD50CD5
(1779322177.099726) can0 0000E009#0CD50CD50CD50CD6
(1779322177.100770) can0 0000E010#0000000000000000
(1779322177.101770) can0 0000E011#0000000000000000
(1779322177.102752) can0 0000E012#0CD5000000000000
(1779322177.103765) can0 0000F001#0000000000000000
(1779322177.104746) can0 18FF28F4#10320000020D0000
(1779322177.105733) can0 18FE28F4#0CD60CD540400000
(1779322177.106745) can0 18FD28F4#1702FA6F00000000
(1779322177.107662) can0 4D4#000032007D0D0203
(1779322177.108640) can0 4D5#D50CD60C40400000
(1779322177.109739) can0 18914010#0CD6100CD5010000
(1779322177.110739) can0 18904010#020D020D753001FA
(1779322177.111734) can0 18FA28F4#123EA12C10270000
(1779322177.112733) can0 18FB28F4#D60CD50C40400000
(1779322177.113765) can0 18FC28F4#383200000D020000
(1779322177.114734) can0 18F810F3#0D02E80332640100
(1779322177.115759) can0 18F815F3#0000000010030000
(1779322177.116656) can0 273#000000000D023200
(1779322177.117644) can0 1E1#020D271001FA01FA
(1779322177.118670) can0 1F5#0000000000000000
(1779322177.119766) can0 0800A6A9#0000000000000000
(1779322177.120708) can0 1000A6A9#0D028813324A4A4A
(1779322177.121751) can0 1C00A6A9#0000000000030000
(1779322177.122763) can0 02018100#1003020D00000000
(1779322177.123754) can0 02028100#0000003264000000
(1779322177.124733) can0 02038100#0CD601100CD50101
(1779322177.125746) can0 02048100#4A01014A01010000
(1779322177.126650) can0 1AD#8814000059321818
(1779322177.127664) can0 2AD#D60C800C88140016
(1779322177.128655) can0 3AD#0000000000008814
(1779322177.129671) can0 4AD#EB00000000000000
(1779322177.130670) can0 76A#7F00000000000000
(1779322177.209307) can0 0000E005#1702440003B60591
(1779322177.209861) can0 1806E5F4#13CC010003B6023A
(1779322177.210750) can0 0000E000#13CC13CC020D0000
(1779322177.211733) can0 0000E004#181803B603B601E1
(1779322177.212751) can0 0000E006#0CD50CD30CD50CD5
(1779322177.213712) can0 0000E007#0CD50CD50CD50CD5
(1779322177.214724) can0 0000E008#0CD50CD50CD50CD5
(1779322177.215712) can0 0000E009#0CD50CD50CD50CD6
(1779322177.216770) can0 0000E010#0000000000000000
(1779322177.217766) can0 0000E011#0000000000000000
(1779322177.218750) can0 0000E012#0CD4000200000000
(1779322177.219718) can0 0000E013#4542323630354C43
(1779322177.220763) can0 0000E014#3134323300000000
(1779322177.221759) can0 0000E015#0000000000000003
(1779322177.222768) can0 0000F000#0000000000000000
(1779322177.223767) can0 0000F001#0000000000000000
(1779322177.224757) can0 18FF28F4#10320000020D0000
(1779322177.225727) can0 18FE28F4#0CD60CD340400000
(1779322177.226741) can0 18FD28F4#1702FA6F00000000
(1779322177.227655) can0 4D4#000032007D0D0203
(1779322177.228688) can0 4D5#D30CD60C40400000
(1779322177.229729) can0 18914010#0CD6100CD3020000
(1779322177.230733) can0 18904010#020D020D753001FA
(1779322177.231745) can0 18924010#4001400100000000
(1779322177.232745) can0 18934010#000000040000BC19
(1779322177.233753) can0 18944010#1003000000000000
(1779322177.234770) can0 18954010#0000000000000000
(1779322177.235770) can0 18954010#0100000000000000
(1779322177.236802) can0 18954010#0200000000000000
(1779322177.237752) can0 18954010#0300000000000000
(1779322177.238765) can0 18954010#0400000000000000
(1779322177.239745) can0 18954010#0500000000000000
(1779322177.240745) can0 18964010#0040404000000000
(1779322177.241752) can0 18974010#0000000000000000
(1779322177.242752) can0 18984010#0000000000000000
(1779322177.243733) can0 18FA28F4#123EA12C10270000
(1779322177.244732) can0 18FB28F4#D60CD30C40400000
(1779322177.245760) can0 18FC28F4#383200000D020000
(1779322177.246727) can0 18F810F3#0D02E80332640100
(1779322177.247739) can0 18F811F3#D60C1001D30C0201
(1779322177.248739) can0 18F812F3#4001014001010000
(1779322177.249765) can0 18F813F3#0101000000000000
(1779322177.250733) can0 18F814F3#3200EA1AA9015F00
(1779322177.251758) can0 18F815F3#0000000010030000
(1779322177.252656) can0 273#000000000D023200
(1779322177.253638) can0 1E1#020D271001FA01FA
(1779322177.254670) can0 1F5#0000000000000000
(1779322177.255746) can0 0800A6A9#0000000000000000
(1779322177.256713) can0 1000A6A9#0D028813324A4A4A
(1779322177.257739) can0 1C00A6A9#0000000000030000
(1779322177.258760) can0 02018100#1003020D00000000
(1779322177.259759) can0 02028100#0000003264000000
(1779322177.260740) can0 02038100#0CD601100CD30102
(1779322177.261739) can0 02048100#4A01014A01010000
(1779322177.262624) can0 1AD#8714000059321818
(1779322177.263637) can0 2AD#D60C800C87140016
(1779322177.264650) can0 3AD#0000000000008714
(1779322177.265661) can0 4AD#EB00000000000000
(1779322177.266664) can0 76A#7F00000000000000
(1779322177.325290) can0 0000E005#1702440003B60591
(1779322177.325845) can0 1806E5F4#13CC010003B6023A
(1779322177.326727) can0 0000E000#13CC13CC020D0000
(1779322177.327729) can0 0000E004#181803B603B601E1
(1779322177.328711) can0 0000E006#0CD50CD30CD50CD5
(1779322177.329710) can0 0000E007#0CD50CD50CD50CD5
(1779322177.330711) can0 0000E008#0CD50CD50CD50CD5
(1779322177.331704) can0 0000E009#0CD50CD50CD50CD6
(1779322177.332755) can0 0000E010#0000000000000000
(1779322177.333755) can0 0000E011#0000000000000000
(1779322177.334733) can0 0000E012#0CD4000200000000
(1779322177.335767) can0 0000F001#0000000000000000
(1779322177.336749) can0 18FF28F4#10320000020D0000
(1779322177.337729) can0 18FE28F4#0CD60CD340400000
(1779322177.338727) can0 18FD28F4#1702FA6F00000000
(1779322177.339646) can0 4D4#000032007D0D0203
(1779322177.340627) can0 4D5#D30CD60C40400000
(1779322177.341723) can0 18914010#0CD6100CD3020000
(1779322177.342723) can0 18904010#020D020D753001FA
(1779322177.343736) can0 18FA28F4#123EA12C10270000
(1779322177.344717) can0 18FB28F4#D60CD30C40400000
(1779322177.345748) can0 18FC28F4#383200000D020000
(1779322177.346711) can0 18F810F3#0D02E80332640100
(1779322177.347742) can0 18F815F3#0000000010030000
(1779322177.348646) can0 273#000000000D023200
(1779322177.349627) can0 1E1#020D271001FA01FA
(1779322177.350673) can0 1F5#0000000000000000
(1779322177.351755) can0 0800A6A9#0000000000000000
(1779322177.352704) can0 1000A6A9#0D028813324A4A4A
(1779322177.353736) can0 1C00A6A9#0000000000030000
(1779322177.354750) can0 02018100#1003020D00000000
(1779322177.355749) can0 02028100#0000003264000000
(1779322177.356730) can0 02038100#0CD601100CD30102
(1779322177.357724) can0 02048100#4A01014A01010000
(1779322177.358635) can0 1AD#8714000059321818
(1779322177.359622) can0 2AD#D60C800C87140016
(1779322177.360648) can0 3AD#0000000000008714
(1779322177.361648) can0 4AD#EB00000000000000
(1779322177.362659) can0 76A#7F00000000000000
(1779322177.425354) can0 0000E005#1702440003B60591
(1779322177.425904) can0 1806E5F4#13CC010003B6023A
(1779322177.426739) can0 0000E000#13CC13CC020D0000
(1779322177.427730) can0 0000E004#181803B603B601E1
(1779322177.428716) can0 0000E006#0CD50CD30CD50CD5
(1779322177.429709) can0 0000E007#0CD50CD50CD50CD5
(1779322177.430709) can0 0000E008#0CD50CD50CD50CD5
(1779322177.431700) can0 0000E009#0CD50CD50CD50CD6
(1779322177.432753) can0 0000E010#0000000000000000
(1779322177.433753) can0 0000E011#0000000000000000
(1779322177.434734) can0 0000E012#0CD4000200000000
(1779322177.435776) can0 0000F001#0000000000000000
(1779322177.436747) can0 18FF28F4#10320000020D0000
(1779322177.437728) can0 18FE28F4#0CD60CD340400000
(1779322177.438729) can0 18FD28F4#1702FA6F00000000
(1779322177.439645) can0 4D4#000032007D0D0203
(1779322177.440625) can0 4D5#D30CD60C40400000
(1779322177.441721) can0 18914010#0CD6100CD3020000
(1779322177.442722) can0 18904010#020D020D753001FA
(1779322177.443745) can0 18FA28F4#123EA12C10270000
(1779322177.444715) can0 18FB28F4#D60CD30C40400000
(1779322177.445747) can0 18FC28F4#383200000D020000
(1779322177.446710) can0 18F810F3#0D02E80332640100
(1779322177.447740) can0 18F815F3#0000000010030000
(1779322177.448645) can0 273#000000000D023200
(1779322177.449626) can0 1E1#020D271001FA01FA
(1779322177.450659) can0 1F5#0000000000000000
(1779322177.451767) can0 0800A6A9#0000000000000000
(1779322177.452702) can0 1000A6A9#0D028813324A4A4A
(1779322177.453735) can0 1C00A6A9#0000000000030000
(1779322177.454748) can0 02018100#1003020D00000000
(1779322177.455738) can0 02028100#0000003264000000
(1779322177.456728) can0 02038100#0CD601100CD30102
(1779322177.457722) can0 02048100#4A01014A01010000
(1779322177.458620) can0 1AD#8714000059321818
(1779322177.459662) can0 2AD#D60C800C87140016
(1779322177.460645) can0 3AD#0000000000008714
(1779322177.461645) can0 4AD#EB00000000000000
(1779322177.462658) can0 76A#7F00000000000000
(1779322177.525305) can0 0000E005#1702440003B60591
(1779322177.525864) can0 1806E5F4#13CC010003B6023A
(1779322177.526727) can0 0000E000#13CC13CC020D0000
(1779322177.527725) can0 0000E004#181803B603B601E1
(1779322177.528734) can0 0000E006#0CD50CD50CD50CD5
(1779322177.529707) can0 0000E007#0CD50CD50CD50CD5
(1779322177.530707) can0 0000E008#0CD50CD50CD50CD5
(1779322177.531699) can0 0000E009#0CD50CD50CD50CD6
(1779322177.532742) can0 0000E010#0000000000000000
(1779322177.533744) can0 0000E011#0000000000000000
(1779322177.534732) can0 0000E012#0CD5000000000000
(1779322177.535764) can0 0000F001#0000000000000000
(1779322177.536777) can0 18FF28F4#10320000020D0000
(1779322177.537726) can0 18FE28F4#0CD60CD540400000
(1779322177.538726) can0 18FD28F4#1702FA6F00000000
(1779322177.539642) can0 4D4#000032007D0D0203
(1779322177.540620) can0 4D5#D50CD60C40400000
(1779322177.541719) can0 18914010#0CD6100CD5010000
(1779322177.542714) can0 18904010#020D020D753001FA
(1779322177.543713) can0 18FA28F4#123EA12C10270000
(1779322177.544758) can0 18FB28F4#D60CD50C40400000
(1779322177.545745) can0 18FC28F4#383200000D020000
(1779322177.546707) can0 18F810F3#0D02E80332640100
(1779322177.547739) can0 18F815F3#0000000010030000
(1779322177.548643) can0 273#000000000D023200
(1779322177.549623) can0 1E1#020D271001FA01FA
(1779322177.550656) can0 1F5#0000000000000000
(1779322177.551745) can0 0800A6A9#0000000000000000
(1779322177.552696) can0 1000A6A9#0D028813324A4A4A
(1779322177.553726) can0 1C00A6A9#0000000000030000
(1779322177.554746) can0 02018100#1003020D00000000
(1779322177.555739) can0 02028100#0000003264000000
(1779322177.556721) can0 02038100#0CD601100CD50101
(1779322177.557720) can0 02048100#4A01014A01010000
(1779322177.558618) can0 1AD#8814000059321818
(1779322177.559630) can0 2AD#D60C800C88140016
(1779322177.560643) can0 3AD#0000000000008814
(1779322177.561643) can0 4AD#EB00000000000000
(1779322177.562657) can0 76A#7F00000000000000
(1779322177.625263) can0 0000E005#1702440003B60591
(1779322177.625827) can0 1806E5F4#13CC010003B6023A
(1779322177.626728) can0 0000E000#13CC13CC020D0000
(1779322177.627726) can0 0000E004#181803B603B601E1
(1779322177.628704) can0 0000E006#0CD50CD50CD50CD5
(1779322177.629700) can0 0000E007#0CD50CD50CD50CD5
(1779322177.630705) can0 0000E008#0CD50CD50CD50CD5
(1779322177.631698) can0 0000E009#0CD50CD50CD50CD6
(1779322177.632748) can0 0000E010#0000000000000000
(1779322177.633742) can0 0000E011#0000000000000000
(1779322177.634724) can0 0000E012#0CD5000000000000
(1779322177.635755) can0 0000F001#0000000000000000
(1779322177.636736) can0 18FF28F4#10320000020D0000
(1779322177.637715) can0 18FE28F4#0CD60CD540400000
(1779322177.638717) can0 18FD28F4#1702FA6F00000000
(1779322177.639634) can0 4D4#000032007D0D0203
(1779322177.640621) can0 4D5#D50CD60C40400000
(1779322177.641710) can0 18914010#0CD6100CD5010000
(1779322177.642711) can0 18904010#020D020D753001FA
(1779322177.643711) can0 18FA28F4#123EA12C10270000
(1779322177.644710) can0 18FB28F4#D60CD50C40400000
(1779322177.645736) can0 18FC28F4#383200000D020000
(1779322177.646705) can0 18F810F3#0D02E80332640100
(1779322177.647736) can0 18F815F3#0000000010030000
(1779322177.648633) can0 273#000000000D023200
(1779322177.649622) can0 1E1#020D271001FA01FA
(1779322177.650649) can0 1F5#0000000000000000
(1779322177.651743) can0 0800A6A9#0000000000000000
(1779322177.652693) can0 1000A6A9#0D028813324A4A4A
(1779322177.653723) can0 1C00A6A9#0000000000030000
(1779322177.654743) can0 02018100#1003020D00000000
(1779322177.655737) can0 02028100#0000003264000000
(1779322177.656718) can0 02038100#0CD601100CD50101
(1779322177.657718) can0 02048100#4A01014A01010000
(1779322177.658636) can0 1AD#8814000059321818
(1779322177.659628) can0 2AD#D60C800C88140016
(1779322177.660640) can0 3AD#0000000000008814
(1779322177.661642) can0 4AD#EB00000000000000
(1779322177.662636) can0 76A#7F00000000000000
(1779322177.742266) can0 0000E005#1702440003B60591
(1779322177.742817) can0 1806E5F4#13CC010003B6023A
(1779322177.743736) can0 0000E000#13CC13CC020D0000
(1779322177.744716) can0 0000E004#181803B603B601E1
(1779322177.745704) can0 0000E006#0CD50CD50CD50CD5
(1779322177.746697) can0 0000E007#0CD50CD50CD50CD5
(1779322177.747696) can0 0000E008#0CD50CD50CD50CD5
(1779322177.748697) can0 0000E009#0CD50CD50CD50CD6
(1779322177.749742) can0 0000E010#0000000000000000
(1779322177.750737) can0 0000E011#0000000000000000
(1779322177.751753) can0 0000E012#0CD5000000000000
(1779322177.752690) can0 0000E013#4542323630354C43
(1779322177.753722) can0 0000E014#3134323300000000
(1779322177.754729) can0 0000E015#0000000000000003
(1779322177.755748) can0 0000F000#0000000000000000
(1779322177.756748) can0 0000F001#0000000000000000
(1779322177.757728) can0 18FF28F4#10320000020D0000
(1779322177.758710) can0 18FE28F4#0CD60CD540400000
(1779322177.759761) can0 18FD28F4#1702FA6F00000000
(1779322177.760627) can0 4D4#000032007D0D0203
(1779322177.761627) can0 4D5#D50CD60C40400000
(1779322177.762700) can0 18914010#0CD6100CD5010000
(1779322177.763704) can0 18904010#020D020D753001FA
(1779322177.764735) can0 18924010#4001400100000000
(1779322177.765718) can0 18934010#000000050000BC19
(1779322177.766727) can0 18944010#1003000000000000
(1779322177.767795) can0 18954010#0000000000000000
(1779322177.768742) can0 18954010#0100000000000000
(1779322177.769742) can0 18954010#0200000000000000
(1779322177.770743) can0 18954010#0300000000000000
(1779322177.771736) can0 18954010#0400000000000000
(1779322177.772736) can0 18954010#0500000000000000
(1779322177.773736) can0 18964010#0040404000000000
(1779322177.774730) can0 18974010#0000000000000000
(1779322177.775774) can0 18984010#0000000000000000
(1779322177.776711) can0 18FA28F4#123EA12C10270000
(1779322177.777705) can0 18FB28F4#D60CD50C40400000
(1779322177.778731) can0 18FC28F4#383200000D020000
(1779322177.779699) can0 18F810F3#0D02E80332640100
(1779322177.780710) can0 18F811F3#D60C1001D50C0101
(1779322177.781710) can0 18F812F3#4001014001010000
(1779322177.782743) can0 18F813F3#0101000000000000
(1779322177.783704) can0 18F814F3#3200EA1AA9015F00
(1779322177.784736) can0 18F815F3#0000000010030000
(1779322177.785634) can0 273#000000000D023200
(1779322177.786608) can0 1E1#020D271001FA01FA
(1779322177.787646) can0 1F5#0000000000000000
(1779322177.788723) can0 0800A6A9#0000000000000000
(1779322177.789685) can0 1000A6A9#0D028813324A4A4A
(1779322177.790715) can0 1C00A6A9#0000000000030000
(1779322177.791730) can0 02018100#1003020D00000000
(1779322177.792730) can0 02028100#0000003264000000
(1779322177.793713) can0 02038100#0CD601100CD50101
(1779322177.794711) can0 02048100#4A01014A01010000
(1779322177.795615) can0 1AD#8814000059321818
(1779322177.796630) can0 2AD#D60C800C88140016
(1779322177.797629) can0 3AD#0000000000008814
(1779322177.798639) can0 4AD#EB00000000000000
(1779322177.799635) can0 76A#7F00000000000000
(1779322177.858315) can0 0000E005#1702440003B60591
(1779322177.858871) can0 1806E5F4#13CC010003B6023A
(1779322177.859716) can0 0000E000#13CC13CC020D0000
(1779322177.860702) can0 0000E004#181803B603B601E1
(1779322177.861682) can0 0000E006#0CD50CD50CD50CD5
(1779322177.862682) can0 0000E007#0CD50CD50CD50CD5
(1779322177.863695) can0 0000E008#0CD50CD50CD50CD5
(1779322177.864681) can0 0000E009#0CD50CD50CD50CD6
(1779322177.865745) can0 0000E010#0000000000000000
(1779322177.866740) can0 0000E011#0000000000000000
(1779322177.867718) can0 0000E012#0CD5000000000000
(1779322177.868740) can0 0000F001#0000000000000000
(1779322177.869720) can0 18FF28F4#10320000020D0000
(1779322177.870700) can0 18FE28F4#0CD60CD540400000
(1779322177.871712) can0 18FD28F4#1702FA6F00000000
(1779322177.872618) can0 4D4#000032007D0D0203
(1779322177.873618) can0 4D5#D50CD60C40400000
(1779322177.874714) can0 18914010#0CD6100CD5010000
(1779322177.875694) can0 18904010#020D020D753001FA
(1779322177.876707) can0 18FA28F4#123EA12C10270000
(1779322177.877689) can0 18FB28F4#D60CD50C40400000
(1779322177.878721) can0 18FC28F4#383200000D020000
(1779322177.879679) can0 18F810F3#0D02E80332640100
(1779322177.880733) can0 18F815F3#0000000010030000
(1779322177.881637) can0 273#000000000D023200
(1779322177.882619) can0 1E1#020D271001FA01FA
(1779322177.883642) can0 1F5#0000000000000000
(1779322177.884727) can0 0800A6A9#0000000000000000
(1779322177.885697) can0 1000A6A9#0D028813324A4A4A
(1779322177.886721) can0 1C00A6A9#0000000000030000
(1779322177.887720) can0 02018100#1003020D00000000
(1779322177.888721) can0 02028100#0000003264000000
(1779322177.889714) can0 02038100#0CD601100CD50101
(1779322177.890715) can0 02048100#4A01014A01010000
(1779322177.891611) can0 1AD#8814000059321818
(1779322177.892612) can0 2AD#D60C800C88140016
(1779322177.893625) can0 3AD#0000000000008814
(1779322177.894638) can0 4AD#EB00000000000000
(1779322177.895627) can0 76A#7F00000000000000
(1779322177.958314) can0 0000E005#1702440003B60591
(1779322177.958876) can0 1806E5F4#13CC010003B6023A
(1779322177.959706) can0 0000E000#13CC13CC020D0000
(1779322177.960706) can0 0000E004#181803B603B601E1
(1779322177.961687) can0 0000E006#0CD50CD50CD50CD5
(1779322177.962688) can0 0000E007#0CD50CD50CD50CD5
(1779322177.963679) can0 0000E008#0CD50CD50CD50CD5
(1779322177.964676) can0 0000E009#0CD50CD50CD50CD6
(1779322177.965744) can0 0000E010#0000000000000000
(1779322177.966744) can0 0000E011#0000000000000000
(1779322177.967707) can0 0000E012#0CD5000000000000
(1779322177.968740) can0 0000F001#0000000000000000
(1779322177.969718) can0 18FF28F4#10320000020D0000
(1779322177.970698) can0 18FE28F4#0CD60CD540400000
(1779322177.971718) can0 18FD28F4#1702FA6F00000000
(1779322177.972616) can0 4D4#000032007D0D0203
(1779322177.973617) can0 4D5#D50CD60C40400000
(1779322177.974713) can0 18914010#0CD6100CD5010000
(1779322177.975694) can0 18904010#020D020D753001FA
(1779322177.976708) can0 18FA28F4#123EA12C10270000
(1779322177.977693) can0 18FB28F4#D60CD50C40400000
(1779322177.978719) can0 18FC28F4#383200000D020000
(1779322177.979686) can0 18F810F3#0D02E80332640100
(1779322177.980732) can0 18F815F3#0000000010030000
(1779322177.981617) can0 273#000000000D023200
(1779322177.982637) can0 1E1#020D271001FA01FA
(1779322177.983630) can0 1F5#0000000000000000
(1779322177.984726) can0 0800A6A9#0000000000000000
(1779322177.985675) can0 1000A6A9#0D028813324A4A4A
(1779322177.986707) can0 1C00A6A9#0000000000030000
(1779322177.987719) can0 02018100#1003020D00000000
(1779322177.988715) can0 02028100#0000003264000000
(1779322177.989700) can0 02038100#0CD601100CD50101
(1779322177.990745) can0 02048100#4A01014A01010000
(1779322177.991611) can0 1AD#8814000059321818
(1779322177.992609) can0 2AD#D60C800C88140016
(1779322177.993624) can0 3AD#0000000000008814
(1779322177.994637) can0 4AD#EB00000000000000
(1779322177.995636) can0 76A#7F00000000000000
(1779322178.058271) can0 0000E005#1702440003B60591
(1779322178.058824) can0 1806E5F4#13CC010003B6023A
(1779322178.059735) can0 0000E000#13CC13CC020D0000
(1779322178.060699) can0 0000E004#181803B603B601E1
(1779322178.061673) can0 0000E006#0CD50CD50CD50CD5
(1779322178.062679) can0 0000E007#0CD50CD50CD50CD5
(1779322178.063690) can0 0000E008#0CD50CD50CD50CD5
(1779322178.064670) can0 0000E009#0CD50CD50CD50CD6
(1779322178.065735) can0 0000E010#0000000000000000
(1779322178.066736) can0 0000E011#0000000000000000
(1779322178.067749) can0 0000E012#0CD5000000000000
(1779322178.068729) can0 0000F001#0000000000000000
(1779322178.069710) can0 18FF28F4#10320000020D0000
(1779322178.070697) can0 18FE28F4#0CD60CD540400000
(1779322178.071710) can0 18FD28F4#1702FA6F00000000
(1779322178.072627) can0 4D4#000032007D0D0203
(1779322178.073603) can0 4D5#D50CD60C40400000
(1779322178.074691) can0 18914010#0CD6100CD5010000
(1779322178.075735) can0 18904010#020D020D753001FA
(1779322178.076704) can0 18FA28F4#123EA12C10270000
(1779322178.077680) can0 18FB28F4#D60CD50C40400000
(1779322178.078717) can0 18FC28F4#383200000D020000
(1779322178.079678) can0 18F810F3#0D02E80332640100
(1779322178.080729) can0 18F815F3#0000000010030000
(1779322178.081627) can0 273#000000000D023200
(1779322178.082609) can0 1E1#020D271001FA01FA
(1779322178.083640) can0 1F5#0000000000000000
(1779322178.084723) can0 0800A6A9#0000000000000000
(1779322178.085680) can0 1000A6A9#0D028813324A4A4A
(1779322178.086716) can0 1C00A6A9#0000000000030000
(1779322178.087717) can0 02018100#1003020D00000000
(1779322178.088716) can0 02028100#0000003264000000
(1779322178.089689) can0 02038100#0CD601100CD50101
(1779322178.090711) can0 02048100#4A01014A01010000
(1779322178.091608) can0 1AD#8814000059321818
(1779322178.092621) can0 2AD#D60C800C88140016
(1779322178.093634) can0 3AD#0000000000008814
(1779322178.094634) can0 4AD#EB00000000000000
(1779322178.095627) can0 76A#7F00000000000000
(1779322178.158308) can0 0000E005#1702440003B60591
(1779322178.158857) can0 1806E5F4#13CC010003B6023A
(1779322178.159708) can0 0000E000#13CC13CC020D0000
(1779322178.160689) can0 0000E004#181803B603B601E1
(1779322178.161675) can0 0000E006#0CD50CD50CD50CD5
(1779322178.162685) can0 0000E007#0CD50CD50CD50CD5
(1779322178.163688) can0 0000E008#0CD50CD50CD50CD5
(1779322178.164681) can0 0000E009#0CD50CD50CD50CD6
(1779322178.165732) can0 0000E010#0000000000000000
(1779322178.166727) can0 0000E011#0000000000000000
(1779322178.167715) can0 0000E012#0CD5000000000000
(1779322178.168727) can0 0000F001#0000000000000000
(1779322178.169708) can0 18FF28F4#10320000020D0000
(1779322178.170684) can0 18FE28F4#0CD60CD540400000
(1779322178.171707) can0 18FD28F4#1702FA6F00000000
(1779322178.172625) can0 4D4#000032007D0D0203
(1779322178.173605) can0 4D5#D50CD60C40400000
(1779322178.174679) can0 18914010#0CD6100CD5010000
(1779322178.175701) can0 18904010#020D020D753001FA
(1779322178.176695) can0 18FA28F4#123EA12C10270000
(1779322178.177695) can0 18FB28F4#D60CD50C40400000
(1779322178.178708) can0 18FC28F4#383200000D020000
(1779322178.179676) can0 18F810F3#0D02E80332640100
(1779322178.180720) can0 18F815F3#0000000010030000
(1779322178.181624) can0 273#000000000D023200
(1779322178.182601) can0 1E1#020D271001FA01FA
(1779322178.183637) can0 1F5#0000000000000000
(1779322178.184716) can0 0800A6A9#0000000000000000
(1779322178.185683) can0 1000A6A9#0D028813324A4A4A
(1779322178.186708) can0 1C00A6A9#0000000000030000
(1779322178.187715) can0 02018100#1003020D00000000
(1779322178.188708) can0 02028100#0000003264000000
(1779322178.189709) can0 02038100#0CD601100CD50101
(1779322178.190703) can0 02048100#4A01014A01010000
(1779322178.191607) can0 1AD#8814000059321818
(1779322178.192599) can0 2AD#D60C800C88140016
(1779322178.193612) can0 3AD#0000000000008814
(1779322178.194625) can0 4AD#EB00000000000000
(1779322178.195625) can0 76A#7F00000000000000
(1779322178.275228) can0 0000E005#1702440003B60591
(1779322178.275792) can0 1806E5F4#13CC010003B6023A
(1779322178.276699) can0 0000E000#13CC13CC020D0000
(1779322178.277688) can0 0000E004#181803B603B601E1
(1779322178.278669) can0 0000E006#0CD50CD50CD50CD5
(1779322178.279667) can0 0000E007#0CD50CD50CD50CD5
(1779322178.280680) can0 0000E008#0CD50CD50CD50CD5
(1779322178.281661) can0 0000E009#0CD50CD50CD50CD6
(1779322178.282745) can0 0000E010#0000000000000000
(1779322178.283725) can0 0000E011#0000000000000000
(1779322178.284704) can0 0000E012#0CD5000000000000
(1779322178.285675) can0 0000E013#4542323630354C43
(1779322178.286702) can0 0000E014#3134323300000000
(1779322178.287718) can0 0000E015#0000000000000003
(1779322178.288713) can0 0000F000#0000000000000000
(1779322178.289713) can0 0000F001#0000000000000000
(1779322178.290745) can0 18FF28F4#10320000020D0000
(1779322178.291674) can0 18FE28F4#0CD60CD540400000
(1779322178.292695) can0 18FD28F4#1702FA6F00000000
(1779322178.293610) can0 4D4#000032007D0D0203
(1779322178.294604) can0 4D5#D50CD60C40400000
(1779322178.295688) can0 18914010#0CD6100CD5010000
(1779322178.296687) can0 18904010#020D020D753001FA
(1779322178.297700) can0 18924010#4001400100000000
(1779322178.298734) can0 18934010#000000060000BC19
(1779322178.299691) can0 18944010#1003000000000000
(1779322178.300726) can0 18954010#0000000000000000
(1779322178.301726) can0 18954010#0100000000000000
(1779322178.302727) can0 18954010#0200000000000000
(1779322178.303720) can0 18954010#0300000000000000
(1779322178.304720) can0 18954010#0400000000000000
(1779322178.305700) can0 18954010#0500000000000000
(1779322178.306746) can0 18964010#0040404000000000
(1779322178.307705) can0 18974010#0000000000000000
(1779322178.308707) can0 18984010#0000000000000000
(1779322178.309688) can0 18FA28F4#123EA12C10270000
(1779322178.310689) can0 18FB28F4#D60CD50C40400000
(1779322178.311699) can0 18FC28F4#383200000D020000
(1779322178.312681) can0 18F810F3#0D02E80332640100
(1779322178.313694) can0 18F811F3#D60C1001D50C0101
(1779322178.314689) can0 18F812F3#4001014001010000
(1779322178.315701) can0 18F813F3#0101000000000000
(1779322178.316683) can0 18F814F3#3200EA1AA9015F00
(1779322178.317714) can0 18F815F3#0000000010030000
(1779322178.318612) can0 273#000000000D023200
(1779322178.319599) can0 1E1#020D271001FA01FA
(1779322178.320624) can0 1F5#0000000000000000
(1779322178.321701) can0 0800A6A9#0000000000000000
(1779322178.322670) can0 1000A6A9#0D028813324A4A4A
(1779322178.323692) can0 1C00A6A9#0000000000030000
(1779322178.324716) can0 02018100#1003020D00000000
(1779322178.325708) can0 02028100#0000003264000000
(1779322178.326689) can0 02038100#0CD601100CD50101
(1779322178.327688) can0 02048100#4A01014A01010000
(1779322178.328599) can0 1AD#8814000059321818
(1779322178.329599) can0 2AD#D60C800C88140016
(1779322178.330619) can0 3AD#0000000000008814
(1779322178.331614) can0 4AD#EB00000000000000
(1779322178.332619) can0 76A#7F00000000000000
(1779322178.391282) can0 0000E005#1702440003B60591
(1779322178.391839) can0 1806E5F4#13CC010003B6023A
(1779322178.392687) can0 0000E000#13CC13CC020D0000
(1779322178.393692) can0 0000E004#181803B603B601E1
(1779322178.394674) can0 0000E006#0CD50CD50CD50CD5
(1779322178.395672) can0 0000E007#0CD50CD50CD50CD5
(1779322178.396665) can0 0000E008#0CD50CD50CD50CD5
(1779322178.397665) can0 0000E009#0CD50CD50CD50CD6
(1779322178.398711) can0 0000E010#0000000000000000
(1779322178.399710) can0 0000E011#0000000000000000
(1779322178.400686) can0 0000E012#0CD5000000000000
(1779322178.401723) can0 0000F001#0000000000000000
(1779322178.402705) can0 18FF28F4#10320000020D0000
(1779322178.403685) can0 18FE28F4#0CD60CD540400000
(1779322178.404679) can0 18FD28F4#1702FA6F00000000
(1779322178.405601) can0 4D4#000032007D0D0203
(1779322178.406603) can0 4D5#D50CD60C40400000
(1779322178.407679) can0 18914010#0CD6100CD5010000
(1779322178.408678) can0 18904010#020D020D753001FA
(1779322178.409680) can0 18FA28F4#123EA12C10270000
(1779322178.410674) can0 18FB28F4#D60CD50C40400000
(1779322178.411706) can0 18FC28F4#383200000D020000
(1779322178.412663) can0 18F810F3#0D02E80332640100
(1779322178.413698) can0 18F815F3#0000000010030000
(1779322178.414602) can0 273#000000000D023200
(1779322178.415602) can0 1E1#020D271001FA01FA
(1779322178.416626) can0 1F5#0000000000000000
(1779322178.417711) can0 0800A6A9#0000000000000000
(1779322178.418660) can0 1000A6A9#0D028813324A4A4A
(1779322178.419692) can0 1C00A6A9#0000000000030000
(1779322178.420723) can0 02018100#1003020D00000000
(1779322178.421705) can0 02028100#0000003264000000
(1779322178.422685) can0 02038100#0CD601100CD50101
(1779322178.423680) can0 02048100#4A01014A01010000
(1779322178.424603) can0 1AD#8814000059321818
(1779322178.425603) can0 2AD#D60C800C88140016
(1779322178.426602) can0 3AD#0000000000008814
(1779322178.427616) can0 4AD#EB00000000000000
(1779322178.428626) can0 76A#7F00000000000000
(1779322178.491225) can0 0000E005#1702440003B60591
(1779322178.491780) can0 1806E5F4#13CC010003B6023A
(1779322178.492696) can0 0000E000#13CC13CC020D0000
(1779322178.493676) can0 0000E004#181803B603B601E1
(1779322178.494665) can0 0000E006#0CD50CD50CD50CD5
(1779322178.495657) can0 0000E007#0CD50CD50CD50CD5
(1779322178.496657) can0 0000E008#0CD50CD50CD50CD5
(1779322178.497667) can0 0000E009#0CD50CD50CD50CD6
(1779322178.498722) can0 0000E010#0000000000000000
(1779322178.499702) can0 0000E011#0000000000000000
(1779322178.500702) can0 0000E012#0CD5000000000000
(1779322178.501713) can0 0000F001#0000000000000000
(1779322178.502696) can0 18FF28F4#10320000020D0000
(1779322178.503677) can0 18FE28F4#0CD60CD540400000
(1779322178.504696) can0 18FD28F4#1702FA6F00000000
(1779322178.505625) can0 4D4#000032007D0D0203
(1779322178.506606) can0 4D5#D50CD60C40400000
(1779322178.507670) can0 18914010#0CD6100CD5010000
(1779322178.508670) can0 18904010#020D020D753001FA
(1779322178.509683) can0 18FA28F4#123EA12C10270000
(1779322178.510665) can0 18FB28F4#D60CD50C40400000
(1779322178.511696) can0 18FC28F4#383200000D020000
(1779322178.512664) can0 18F810F3#0D02E80332640100
(1779322178.513722) can0 18F815F3#0000000010030000
(1779322178.514607) can0 273#000000000D023200
(1779322178.515606) can0 1E1#020D271001FA01FA
(1779322178.516626) can0 1F5#0000000000000000
(1779322178.517702) can0 0800A6A9#0000000000000000
(1779322178.518671) can0 1000A6A9#0D028813324A4A4A
(1779322178.519696) can0 1C00A6A9#0000000000030000
(1779322178.520696) can0 02018100#1003020D00000000
(1779322178.521721) can0 02028100#0000003264000000
(1779322178.522678) can0 02038100#0CD601100CD50101
(1779322178.523690) can0 02048100#4A01014A01010000
(1779322178.524607) can0 1AD#8814000059321818
(1779322178.525607) can0 2AD#D60C800C88140016
(1779322178.526607) can0 3AD#0000000000008814
(1779322178.527607) can0 4AD#EB00000000000000
(1779322178.528607) can0 76A#7F00000000000000
(1779322178.591229) can0 0000E005#1702440003B60591
(1779322178.591785) can0 1806E5F4#13CC010003B6023A
(1779322178.592687) can0 0000E000#13CC13CC020D0000
(1779322178.593681) can0 0000E004#181803B603B601E1
(1779322178.594665) can0 0000E006#0CD50CD50CD50CD5
(1779322178.595663) can0 0000E007#0CD50CD50CD50CD5
(1779322178.596661) can0 0000E008#0CD50CD50CD50CD5
(1779322178.597662) can0 0000E009#0CD50CD50CD50CD6
(1779322178.598735) can0 0000E010#0000000000000000
(1779322178.599706) can0 0000E011#0000000000000000
(1779322178.600688) can0 0000E012#0CD5000000000000
(1779322178.601700) can0 0000F001#0000000000000000
(1779322178.602702) can0 18FF28F4#10320000020D0000
(1779322178.603668) can0 18FE28F4#0CD60CD540400000
(1779322178.604681) can0 18FD28F4#1702FA6F00000000
(1779322178.605611) can0 4D4#000032007D0D0203
(1779322178.606627) can0 4D5#D50CD60C40400000
(1779322178.607675) can0 18914010#0CD6100CD5010000
(1779322178.608675) can0 18904010#020D020D753001FA
(1779322178.609668) can0 18FA28F4#123EA12C10270000
(1779322178.610666) can0 18FB28F4#D60CD50C40400000
(1779322178.611701) can0 18FC28F4#383200000D020000
(1779322178.612662) can0 18F810F3#0D02E80332640100
(1779322178.613694) can0 18F815F3#0000000010030000
(1779322178.614644) can0 273#000000000D023200
(1779322178.615611) can0 1E1#020D271001FA01FA
(1779322178.616611) can0 1F5#0000000000000000
(1779322178.617701) can0 0800A6A9#0000000000000000
(1779322178.618652) can0 1000A6A9#0D028813324A4A4A
(1779322178.619682) can0 1C00A6A9#0000000000030000
(1779322178.620695) can0 02018100#1003020D00000000
(1779322178.621694) can0 02028100#0000003264000000
(1779322178.622674) can0 02038100#0CD601100CD50101
(1779322178.623676) can0 02048100#4A01014A01010000
(1779322178.624611) can0 1AD#8814000059321818
(1779322178.625613) can0 2AD#D60C800C88140016
(1779322178.626612) can0 3AD#0000000000008814
(1779322178.627612) can0 4AD#EB00000000000000
(1779322178.628612) can0 76A#7F00000000000000
(1779322178.691278) can0 0000E005#1702440003B60591
(1779322178.691834) can0 1806E5F4#13CC010003B6023A
(1779322178.692686) can0 0000E000#13CC13CC020D0000
(1779322178.693666) can0 0000E004#181803B603B601E1
(1779322178.694647) can0 0000E006#0CD50CD50CD50CD5
(1779322178.695660) can0 0000E007#0CD50CD50CD50CD5
(1779322178.696659) can0 0000E008#0CD50CD50CD50CD5
(1779322178.697659) can0 0000E009#0CD50CD50CD50CD6
(1779322178.698704) can0 0000E010#0000000000000000
(1779322178.699704) can0 0000E011#0000000000000000
(1779322178.700684) can0 0000E012#0CD5000000000000
(1779322178.701698) can0 0000F001#0000000000000000
(1779322178.702687) can0 18FF28F4#10320000020D0000
(1779322178.703661) can0 18FE28F4#0CD60CD540400000
(1779322178.704678) can0 18FD28F4#1702FA6F00000000
(1779322178.705614) can0 4D4#000032007D0D0203
(1779322178.706615) can0 4D5#D50CD60C40400000
(1779322178.707661) can0 18914010#0CD6100CD5010000
(1779322178.708666) can0 18904010#020D020D753001FA
(1779322178.709679) can0 18FA28F4#123EA12C10270000
(1779322178.710660) can0 18FB28F4#D60CD50C40400000
(1779322178.711691) can0 18FC28F4#383200000D020000
(1779322178.712660) can0 18F810F3#0D02E80332640100
(1779322178.713691) can0 18F815F3#0000000010030000
(1779322178.714616) can0 273#000000000D023200
(1779322178.715615) can0 1E1#020D271001FA01FA
(1779322178.716615) can0 1F5#0000000000000000
(1779322178.717691) can0 0800A6A9#0000000000000000
(1779322178.718660) can0 1000A6A9#0D028813324A4A4A
(1779322178.719668) can0 1C00A6A9#0000000000030000
(1779322178.720685) can0 02018100#1003020D00000000
(1779322178.721686) can0 02028100#0000003264000000
(1779322178.722667) can0 02038100#0CD601100CD50101
(1779322178.723666) can0 02048100#4A01014A01010000
(1779322178.724615) can0 1AD#8814000059321818
(1779322178.725615) can0 2AD#D60C800C88140016
(1779322178.726616) can0 3AD#0000000000008814
(1779322178.727615) can0 4AD#EB00000000000000
(1779322178.728615) can0 76A#7F00000000000000
(1779322178.808273) can0 0000E005#1702440003B60591
(1779322178.808828) can0 1806E5F4#13CC010003B6023A
(1779322178.809670) can0 0000E000#13CC13CC020D0000
(1779322178.810674) can0 0000E004#181803B603B601E1
(1779322178.811652) can0 0000E006#0CD50CD50CD50CD3
(1779322178.812652) can0 0000E007#0CD50CD50CD50CD5
(1779322178.813665) can0 0000E008#0CD50CD50CD50CD5
(1779322178.814647) can0 0000E009#0CD50CD50CD50CD6
(1779322178.815696) can0 0000E010#0000000000000000
(1779322178.816690) can0 0000E011#0000000000000000
(1779322178.817674) can0 0000E012#0CD4000200000000
(1779322178.818660) can0 0000E013#4542323630354C43
(1779322178.819670) can0 0000E014#3134323300000000
(1779322178.820683) can0 0000E015#0000000000000003
(1779322178.821727) can0 0000F000#0000000000000000
(1779322178.822697) can0 0000F001#0000000000000000
(1779322178.823684) can0 18FF28F4#10320000020D0000
(1779322178.824664) can0 18FE28F4#0CD60CD340400000
(1779322178.825678) can0 18FD28F4#1702FA6F00000000
(1779322178.826620) can0 4D4#000032007D0D0203
(1779322178.827620) can0 4D5#D30CD60C40400000
(1779322178.828664) can0 18914010#0CD6100CD3040000
(1779322178.829689) can0 18904010#020D020D753001FA
(1779322178.830678) can0 18924010#4001400100000000
(1779322178.831677) can0 18934010#000000070000BC19
(1779322178.832677) can0 18944010#1003000000000000
(1779322178.833705) can0 18954010#0000000000000000
(1779322178.834705) can0 18954010#0100000000000000
(1779322178.835685) can0 18954010#0200000000000000
(1779322178.836684) can0 18954010#0300000000000000
(1779322178.837745) can0 18954010#0400000000000000
(1779322178.838687) can0 18954010#0500000000000000
(1779322178.839680) can0 18964010#0040404000000000
(1779322178.840692) can0 18974010#0000000000000000
(1779322178.841691) can0 18984010#0000000000000000
(1779322178.842656) can0 18FA28F4#123EA12C10270000
(1779322178.843655) can0 18FB28F4#D60CD30C40400000
(1779322178.844687) can0 18FC28F4#383200000D020000
(1779322178.845660) can0 18F810F3#0D02E80332640100
(1779322178.846661) can0 18F811F3#D60C1001D30C0401
(1779322178.847672) can0 18F812F3#4001014001010000
(1779322178.848685) can0 18F813F3#0101000000000000
(1779322178.849665) can0 18F814F3#3200EA1AA9015F00
(1779322178.850686) can0 18F815F3#0000000010030000
(1779322178.851621) can0 273#000000000D023200
(1779322178.852621) can0 1E1#020D271001FA01FA
(1779322178.853621) can0 1F5#0000000000000000
(1779322178.854692) can0 0800A6A9#0000000000000000
(1779322178.855641) can0 1000A6A9#0D028813324A4A4A
(1779322178.856673) can0 1C00A6A9#0000000000030000
(1779322178.857683) can0 02018100#1003020D00000000
(1779322178.858686) can0 02028100#0000003264000000
(1779322178.859667) can0 02038100#0CD601100CD30104
(1779322178.860667) can0 02048100#4A01014A01010000
(1779322178.861563) can0 1AD#8714000059321818
(1779322178.862562) can0 2AD#D60C800C87140016
(1779322178.863621) can0 3AD#0000000000008714
(1779322178.864622) can0 4AD#EB00000000000000
(1779322178.865621) can0 76A#7F00000000000000
(1779322178.924214) can0 0000E005#1702440003B60591
(1779322178.924773) can0 1806E5F4#13CC010003B6023A
(1779322178.925672) can0 0000E000#13CC13CC020D0000
(1779322178.926656) can0 0000E004#181803B603B601E1
(1779322178.927656) can0 0000E006#0CD50CD50CD50CD3
(1779322178.928650) can0 0000E007#0CD50CD50CD50CD5
(1779322178.929652) can0 0000E008#0CD50CD50CD50CD5
(1779322178.930651) can0 0000E009#0CD50CD50CD50CD6
(1779322178.931694) can0 0000E010#0000000000000000
(1779322178.932695) can0 0000E011#0000000000000000
(1779322178.933672) can0 0000E012#0CD4000200000000
(1779322178.934689) can0 0000F001#0000000000000000
(1779322178.935676) can0 18FF28F4#10320000020D0000
(1779322178.936656) can0 18FE28F4#0CD60CD340400000
(1779322178.937665) can0 18FD28F4#1702FA6F00000000
(1779322178.938631) can0 4D4#000032007D0D0203
(1779322178.939561) can0 4D5#D30CD60C40400000
(1779322178.940663) can0 18914010#0CD6100CD3040000
(1779322178.941657) can0 18904010#020D020D753001FA
(1779322178.942659) can0 18FA28F4#123EA12C10270000
(1779322178.943657) can0 18FB28F4#D60CD30C40400000
(1779322178.944688) can0 18FC28F4#383200000D020000
(1779322178.945648) can0 18F810F3#0D02E80332640100
(1779322178.946683) can0 18F815F3#0000000010030000
(1779322178.947625) can0 273#000000000D023200
(1779322178.948625) can0 1E1#020D271001FA01FA
(1779322178.949626) can0 1F5#0000000000000000
(1779322178.950684) can0 0800A6A9#0000000000000000
(1779322178.951644) can0 1000A6A9#0D028813324A4A4A
(1779322178.952676) can0 1C00A6A9#0000000000030000
(1779322178.953676) can0 02018100#1003020D00000000
(1779322178.954690) can0 02028100#0000003264000000
(1779322178.955670) can0 02038100#0CD601100CD30104
(1779322178.956670) can0 02048100#4A01014A01010000
(1779322178.957559) can0 1AD#8714000059321818
(1779322178.958559) can0 2AD#D60C800C87140016
(1779322178.959625) can0 3AD#0000000000008714
(1779322178.960625) can0 4AD#EB00000000000000
(1779322178.961625) can0 76A#7F00000000000000
(1779322179.024215) can0 0000E005#1702440003B60591
(1779322179.024771) can0 1806E5F4#13CC010003B6023A
(1779322179.025674) can0 0000E000#13CC13CC020D0000
(1779322179.026654) can0 0000E004#181803B603B601E1
(1779322179.027655) can0 0000E006#0CD50CD50CD50CD3
(1779322179.028653) can0 0000E007#0CD50CD50CD50CD5
(1779322179.029648) can0 0000E008#0CD50CD50CD50CD5
(1779322179.030646) can0 0000E009#0CD50CD50CD50CD6
(1779322179.031694) can0 0000E010#0000000000000000
(1779322179.032692) can0 0000E011#0000000000000000
(1779322179.033673) can0 0000E012#0CD4000200000000
(1779322179.034689) can0 0000F001#0000000000000000
(1779322179.035674) can0 18FF28F4#10320000020D0000
(1779322179.036674) can0 18FE28F4#0CD60CD340400000
(1779322179.037667) can0 18FD28F4#1702FA6F00000000
(1779322179.038628) can0 4D4#000032007D0D0203
(1779322179.039570) can0 4D5#D30CD60C40400000
(1779322179.040665) can0 18914010#0CD6100CD3040000
(1779322179.041662) can0 18904010#020D020D753001FA
(1779322179.042653) can0 18FA28F4#123EA12C10270000
(1779322179.043655) can0 18FB28F4#D60CD30C40400000
(1779322179.044699) can0 18FC28F4#383200000D020000
(1779322179.045654) can0 18F810F3#0D02E80332640100
(1779322179.046675) can0 18F815F3#0000000010030000
(1779322179.047629) can0 273#000000000D023200
(1779322179.048629) can0 1E1#020D271001FA01FA
(1779322179.049629) can0 1F5#0000000000000000
(1779322179.050681) can0 0800A6A9#0000000000000000
(1779322179.051641) can0 1000A6A9#0D028813324A4A4A
(1779322179.052693) can0 1C00A6A9#0000000000030000
(1779322179.053674) can0 02018100#1003020D00000000
(1779322179.054668) can0 02028100#0000003264000000
(1779322179.055668) can0 02038100#0CD601100CD30104
(1779322179.056668) can0 02048100#4A01014A01010000
(1779322179.057540) can0 1AD#8714000059321818
(1779322179.058555) can0 2AD#D60C800C87140016
(1779322179.059630) can0 3AD#0000000000008714
(1779322179.060629) can0 4AD#EB00000000000000
(1779322179.061630) can0 76A#7F00000000000000
(1779322179.124248) can0 0000E005#1702440003B60591
(1779322179.124812) can0 1806E5F4#13CC010003B6023A
(1779322179.125665) can0 0000E000#13CC13CC020D0000
(1779322179.126665) can0 0000E004#181803B603B601E1
(1779322179.127642) can0 0000E006#0CD50CD50CD50CD5
(1779322179.128639) can0 0000E007#0CD50CD50CD50CD5
(1779322179.129671) can0 0000E008#0CD50CD50CD50CD5
(1779322179.130633) can0 0000E009#0CD50CD50CD50CD6
(1779322179.131679) can0 0000E010#0000000000000000
(1779322179.132683) can0 0000E011#0000000000000000
(1779322179.133664) can0 0000E012#0CD5000000000000
(1779322179.134679) can0 0000F001#0000000000000000
(1779322179.135677) can0 18FF28F4#10320000020D0000
(1779322179.136645) can0 18FE28F4#0CD60CD540400000
(1779322179.137709) can0 18FD28F4#1702FA6F00000000
(1779322179.138575) can0 4D4#000032007D0D0203
(1779322179.139553) can0 4D5#D50CD60C40400000
(1779322179.140659) can0 18914010#0CD6100CD5010000
(1779322179.141656) can0 18904010#020D020D753001FA
(1779322179.142667) can0 18FA28F4#123EA12C10270000
(1779322179.143641) can0 18FB28F4#D60CD50C40400000
(1779322179.144677) can0 18FC28F4#383200000D020000
(1779322179.145691) can0 18F810F3#0D02E80332640100
(1779322179.146679) can0 18F815F3#0000000010030000
(1779322179.147574) can0 273#000000000D023200
(1779322179.148549) can0 1E1#020D271001FA01FA
(1779322179.149633) can0 1F5#0000000000000000
(1779322179.150666) can0 0800A6A9#0000000000000000
(1779322179.151633) can0 1000A6A9#0D028813324A4A4A
(1779322179.152659) can0 1C00A6A9#0000000000030000
(1779322179.153678) can0 02018100#1003020D00000000
(1779322179.154672) can0 02028100#0000003264000000
(1779322179.155650) can0 02038100#0CD601100CD50101
(1779322179.156652) can0 02048100#4A01014A01010000
(1779322179.157544) can0 1AD#8814000059321818
(1779322179.158556) can0 2AD#D60C800C88140016
(1779322179.159573) can0 3AD#0000000000008814
(1779322179.160634) can0 4AD#EB00000000000000
(1779322179.161634) can0 76A#7F00000000000000
(1779322179.224207) can0 0000E005#1702440003B60591
(1779322179.224744) can0 1806E5F4#13CC010003B6023A
(1779322179.225668) can0 0000E000#13CC13CC020D0000
(1779322179.226650) can0 0000E004#181803B603B601E1
(1779322179.227636) can0 0000E006#0CD50CD50CD50CD5
(1779322179.228636) can0 0000E007#0CD50CD50CD50CD5
(1779322179.229637) can0 0000E008#0CD50CD50CD50CD5
(1779322179.230637) can0 0000E009#0CD50CD50CD50CD6
(1779322179.231688) can0 0000E010#0000000000000000
(1779322179.232681) can0 0000E011#0000000000000000
(1779322179.233668) can0 0000E012#0CD5000000000000
(1779322179.234682) can0 0000F001#0000000000000000
(1779322179.235663) can0 18FF28F4#10320000020D0000
(1779322179.236645) can0 18FE28F4#0CD60CD540400000
(1779322179.237662) can0 18FD28F4#1702FA6F00000000
(1779322179.238572) can0 4D4#000032007D0D0203
(1779322179.239553) can0 4D5#D50CD60C40400000
(1779322179.240655) can0 18914010#0CD6100CD5010000
(1779322179.241657) can0 18904010#020D020D753001FA
(1779322179.242656) can0 18FA28F4#123EA12C10270000
(1779322179.243653) can0 18FB28F4#D60CD50C40400000
(1779322179.244664) can0 18FC28F4#383200000D020000
(1779322179.245644) can0 18F810F3#0D02E80332640100
(1779322179.246677) can0 18F815F3#0000000010030000
(1779322179.247572) can0 273#000000000D023200
(1779322179.248550) can0 1E1#020D271001FA01FA
(1779322179.249640) can0 1F5#0000000000000000
(1779322179.250664) can0 0800A6A9#0000000000000000
(1779322179.251638) can0 1000A6A9#0D028813324A4A4A
(1779322179.252662) can0 1C00A6A9#0000000000030000
(1779322179.253677) can0 02018100#1003020D00000000
(1779322179.254677) can0 02028100#0000003264000000
(1779322179.255657) can0 02038100#0CD601100CD50101
(1779322179.256651) can0 02048100#4A01014A01010000
(1779322179.257542) can0 1AD#8814000059321818
(1779322179.258560) can0 2AD#D60C800C88140016
(1779322179.259578) can0 3AD#0000000000008814
(1779322179.260566) can0 4AD#EB00000000000000
(1779322179.261573) can0 76A#7F00000000000000
(1779322179.341192) can0 0000E005#1702440003B60591
(1779322179.341760) can0 1806E5F4#13CC010003B6023A
(1779322179.342654) can0 0000E000#13CC13CC020D0000
(1779322179.343655) can0 0000E004#181803B603B601E1
(1779322179.344644) can0 0000E006#0CD50CD50CD50CD5
(1779322179.345642) can0 0000E007#0CD50CD50CD50CD5
(1779322179.346643) can0 0000E008#0CD50CD50CD50CD5
(1779322179.347642) can0 0000E009#0CD50CD50CD50CD6
(1779322179.348674) can0 0000E010#0000000000000000
(1779322179.349674) can0 0000E011#0000000000000000
(1779322179.350652) can0 0000E012#0CD5000100000000
(1779322179.351643) can0 0000E013#4542323630354C43
(1779322179.352680) can0 0000E014#3134323300000000
(1779322179.353668) can0 0000E015#0000000000000003
(1779322179.354674) can0 0000F000#0000000000000000
(1779322179.355681) can0 0000F001#0000000000000000
(1779322179.356662) can0 18FF28F4#10320000020D0000
(1779322179.357643) can0 18FE28F4#0CD60CD540400000
(1779322179.358656) can0 18FD28F4#1702FA6F00000000
(1779322179.359566) can0 4D4#000032007D0D0203
(1779322179.360582) can0 4D5#D50CD60C40400000
(1779322179.361649) can0 18914010#0CD6100CD5010000
(1779322179.362653) can0 18904010#020D020D753001FA
(1779322179.363662) can0 18924010#4001400100000000
(1779322179.364661) can0 18934010#000000080000BC19
(1779322179.365662) can0 18944010#1003000000000000
(1779322179.366676) can0 18954010#0000000000000000
(1779322179.367675) can0 18954010#0100000000000000
(1779322179.368707) can0 18954010#0200000000000000
(1779322179.369669) can0 18954010#0300000000000000
(1779322179.370669) can0 18954010#0400000000000000
(1779322179.371669) can0 18954010#0500000000000000
(1779322179.372663) can0 18964010#0040404000000000
(1779322179.373675) can0 18974010#0000000000000000
(1779322179.374674) can0 18984010#0000000000000000
(1779322179.375643) can0 18FA28F4#123EA12C10270000
(1779322179.376688) can0 18FB28F4#D60CD50C40400000
(1779322179.377669) can0 18FC28F4#383200000D020000
(1779322179.378644) can0 18F810F3#0D02E80332640100
(1779322179.379643) can0 18F811F3#D60C1001D50C0101
(1779322179.380656) can0 18F812F3#4001014001010000
(1779322179.381669) can0 18F813F3#0101000000000000
(1779322179.382643) can0 18F814F3#3200EA1AA9015F00
(1779322179.383663) can0 18F815F3#0000000010030000
(1779322179.384554) can0 273#000000000D023200
(1779322179.385553) can0 1E1#020D271001FA01FA
(1779322179.386644) can0 1F5#0000000000000000
(1779322179.387662) can0 0800A6A9#0000000000000000
(1779322179.388644) can0 1000A6A9#0D028813324A4A4A
(1779322179.389657) can0 1C00A6A9#0000000000030000
(1779322179.390667) can0 02018100#1003020D00000000
(1779322179.391669) can0 02028100#0000003264000000
(1779322179.392650) can0 02038100#0CD601100CD50101
(1779322179.393651) can0 02048100#4A01014A01010000
(1779322179.394549) can0 1AD#8814000059321818
(1779322179.395541) can0 2AD#D60C800C88140016
(1779322179.396560) can0 3AD#0000000000008814
(1779322179.397578) can0 4AD#EB00000000000000
(1779322179.398573) can0 76A#7F00000000000000
(1779322179.457212) can0 0000E005#1702440003B60591
(1779322179.457765) can0 1806E5F4#13CC010003B6023A
(1779322179.458648) can0 0000E000#13CC13CC020D0000
(1779322179.459647) can0 0000E004#181803B603B601E1
(1779322179.460646) can0 0000E006#0CD50CD50CD50CD5
(1779322179.461647) can0 0000E007#0CD50CD50CD50CD5
(1779322179.462647) can0 0000E008#0CD50CD50CD50CD5
(1779322179.463647) can0 0000E009#0CD50CD50CD50CD6
(1779322179.464679) can0 0000E010#0000000000000000
(1779322179.465673) can0 0000E011#0000000000000000
(1779322179.466654) can0 0000E012#0CD5000100000000
(1779322179.467670) can0 0000F001#0000000000000000
(1779322179.468646) can0 18FF28F4#10320000020D0000
(1779322179.469647) can0 18FE28F4#0CD60CD540400000
(1779322179.470648) can0 18FD28F4#1702FA6F00000000
(1779322179.471559) can0 4D4#000032007D0D0203
(1779322179.472537) can0 4D5#D50CD60C40400000
(1779322179.473647) can0 18914010#0CD6100CD5010000
(1779322179.474648) can0 18904010#020D020D753001FA
(1779322179.475647) can0 18FA28F4#123EA12C10270000
(1779322179.476647) can0 18FB28F4#D60CD50C40400000
(1779322179.477660) can0 18FC28F4#383200000D020000
(1779322179.478648) can0 18F810F3#0D02E80332640100
(1779322179.479655) can0 18F815F3#0000000010030000
(1779322179.480555) can0 273#000000000D023200
(1779322179.481551) can0 1E1#020D271001FA01FA
(1779322179.482586) can0 1F5#0000000000000000
(1779322179.483663) can0 0800A6A9#0000000000000000
(1779322179.484647) can0 1000A6A9#0D028813324A4A4A
(1779322179.485660) can0 1C00A6A9#0000000000030000
(1779322179.486661) can0 02018100#1003020D00000000
(1779322179.487654) can0 02028100#0000003264000000
(1779322179.488648) can0 02038100#0CD601100CD50101
(1779322179.489648) can0 02048100#4A01014A01010000
(1779322179.490541) can0 1AD#8814000059321818
(1779322179.491543) can0 2AD#D60C800C88140016
(1779322179.492551) can0 3AD#0000000000008814
(1779322179.493564) can0 4AD#EB00000000000000
(1779322179.494564) can0 76A#7F00000000000000
(1779322179.557246) can0 0000E005#1702440003B60591
(1779322179.557787) can0 1806E5F4#13CC010003B6023A
(1779322179.558651) can0 0000E000#13CC13CC020D0000
(1779322179.559651) can0 0000E004#181803B603B601E1
(1779322179.560652) can0 0000E006#0CD50CD50CD50CD5
(1779322179.561650) can0 0000E007#0CD50CD50CD50CD5
(1779322179.562653) can0 0000E008#0CD50CD50CD50CD5
(1779322179.563651) can0 0000E009#0CD50CD50CD50CD6
(1779322179.564664) can0 0000E010#0000000000000000
(1779322179.565664) can0 0000E011#0000000000000000
(1779322179.566652) can0 0000E012#0CD5000100000000
(1779322179.567668) can0 0000F001#0000000000000000
(1779322179.568651) can0 18FF28F4#10320000020D0000
(1779322179.569651) can0 18FE28F4#0CD60CD540400000
(1779322179.570652) can0 18FD28F4#1702FA6F00000000
(1779322179.571543) can0 4D4#000032007D0D0203
(1779322179.572542) can0 4D5#D50CD60C40400000
(1779322179.573652) can0 18914010#0CD6100CD5010000
(1779322179.574652) can0 18904010#020D020D753001FA
(1779322179.575652) can0 18FA28F4#123EA12C10270000
(1779322179.576651) can0 18FB28F4#D60CD50C40400000
(1779322179.577651) can0 18FC28F4#383200000D020000
(1779322179.578652) can0 18F810F3#0D02E80332640100
(1779322179.579660) can0 18F815F3#0000000010030000
(1779322179.580552) can0 273#000000000D023200
(1779322179.581540) can0 1E1#020D271001FA01FA
(1779322179.582568) can0 1F5#0000000000000000
(1779322179.583684) can0 0800A6A9#0000000000000000
(1779322179.584652) can0 1000A6A9#0D028813324A4A4A
(1779322179.585653) can0 1C00A6A9#0000000000030000
(1779322179.586659) can0 02018100#1003020D00000000
(1779322179.587660) can0 02028100#0000003264000000
(1779322179.588652) can0 02038100#0CD601100CD50101
(1779322179.589652) can0 02048100#4A01014A01010000
(1779322179.590529) can0 1AD#8814000059321818
(1779322179.591570) can0 2AD#D60C800C88140016
(1779322179.592555) can0 3AD#0000000000008814
(1779322179.593549) can0 4AD#EB00000000000000
(1779322179.594562) can0 76A#7F00000000000000
(1779322179.657218) can0 0000E005#1702440003B60591
(1779322179.657759) can0 1806E5F4#13CC010003B6023A
(1779322179.658656) can0 0000E000#13CC13CC020D0000
(1779322179.659656) can0 0000E004#181803B603B601E1
(1779322179.660654) can0 0000E006#0CD50CD50CD50CD5
(1779322179.661654) can0 0000E007#0CD50CD50CD50CD5
(1779322179.662655) can0 0000E008#0CD50CD50CD50CD5
(1779322179.663655) can0 0000E009#0CD50CD50CD50CD6
(1779322179.664663) can0 0000E010#0000000000000000
(1779322179.665661) can0 0000E011#0000000000000000
(1779322179.666656) can0 0000E012#0CD5000000000000
(1779322179.667655) can0 0000F001#0000000000000000
(1779322179.668687) can0 18FF28F4#10320000020D0000
(1779322179.669654) can0 18FE28F4#0CD60CD540400000
(1779322179.670655) can0 18FD28F4#1702FA6F00000000
(1779322179.671545) can0 4D4#000032007D0D0203
(1779322179.672541) can0 4D5#D50CD60C40400000
(1779322179.673654) can0 18914010#0CD6100CD5010000
(1779322179.674655) can0 18904010#020D020D753001FA
(1779322179.675655) can0 18FA28F4#123EA12C10270000
(1779322179.676655) can0 18FB28F4#D60CD50C40400000
(1779322179.677655) can0 18FC28F4#383200000D020000
(1779322179.678655) can0 18F810F3#0D02E80332640100
(1779322179.679655) can0 18F815F3#0000000010030000
(1779322179.680546) can0 273#000000000D023200
(1779322179.681531) can0 1E1#020D271001FA01FA
(1779322179.682558) can0 1F5#0000000000000000
(1779322179.683655) can0 0800A6A9#0000000000000000
(1779322179.684655) can0 1000A6A9#0D028813324A4A4A
(1779322179.685655) can0 1C00A6A9#0000000000030000
(1779322179.686655) can0 02018100#1003020D00000000
(1779322179.687655) can0 02028100#0000003264000000
(1779322179.688655) can0 02038100#0CD601100CD50101
(1779322179.689656) can0 02048100#4A01014A01010000
(1779322179.690538) can0 1AD#8814000059321818
(1779322179.691531) can0 2AD#D60C800C88140016
(1779322179.692545) can0 3AD#0000000000008814
(1779322179.693559) can0 4AD#EB00000000000000
(1779322179.694553) can0 76A#7F00000000000000
(1779322179.757189) can0 0000E005#1702440003B60591
(1779322179.757745) can0 1806E5F4#13CC010003B6023A
(1779322179.758659) can0 0000E000#13CC13CC020D0000
(1779322179.759661) can0 0000E004#181803B603B601E1
(1779322179.760602) can0 0000E006#0CD50CD50CD50CD5
(1779322179.761661) can0 0000E007#0CD50CD50CD50CD5
(1779322179.762660) can0 0000E008#0CD50CD50CD50CD5
(1779322179.763659) can0 0000E009#0CD50CD50CD50CD6
(1779322179.764666) can0 0000E010#0000000000000000
(1779322179.765666) can0 0000E011#0000000000000000
(1779322179.766662) can0 0000E012#0CD5000000000000
(1779322179.767664) can0 0000F001#0000000000000000
(1779322179.768661) can0 18FF28F4#10320000020D0000
(1779322179.769660) can0 18FE28F4#0CD60CD540400000
(1779322179.770662) can0 18FD28F4#1702FA6F00000000
(1779322179.771550) can0 4D4#000032007D0D0203
(1779322179.772529) can0 4D5#D50CD60C40400000
(1779322179.773661) can0 18914010#0CD6100CD5010000
(1779322179.774660) can0 18904010#020D020D753001FA
(1779322179.775659) can0 18FA28F4#123EA12C10270000
(1779322179.776659) can0 18FB28F4#D60CD50C40400000
(1779322179.777659) can0 18FC28F4#383200000D020000
(1779322179.778661) can0 18F810F3#0D02E80332640100
(1779322179.779660) can0 18F815F3#0000000010030000
(1779322179.780542) can0 273#000000000D023200
(1779322179.781523) can0 1E1#020D271001FA01FA
(1779322179.782551) can0 1F5#0000000000000000
(1779322179.783660) can0 0800A6A9#0000000000000000
(1779322179.784601) can0 1000A6A9#0D028813324A4A4A
(1779322179.785660) can0 1C00A6A9#0000000000030000
(1779322179.786660) can0 02018100#1003020D00000000
(1779322179.787661) can0 02028100#0000003264000000
(1779322179.788660) can0 02038100#0CD601100CD50101
(1779322179.789661) can0 02048100#4A01014A01010000
(1779322179.790533) can0 1AD#8814000059321818
(1779322179.791543) can0 2AD#D60C800C88140016
(1779322179.792551) can0 3AD#0000000000008814
(1779322179.793547) can0 4AD#EB00000000000000
(1779322179.794550) can0 76A#7F00000000000000
(1779322179.874162) can0 0000E005#1702440003B60591
(1779322179.874724) can0 1806E5F4#13CC010003B6023A
(1779322179.875665) can0 0000E000#13CC13CC020D0000
(1779322179.876665) can0 0000E004#181803B603B601E1
(1779322179.877664) can0 0000E006#0CD50CD50CD50CD5
(1779322179.878606) can0 0000E007#0CD50CD50CD50CD5
(1779322179.879604) can0 0000E008#0CD50CD50CD50CD5
(1779322179.880605) can0 0000E009#0CD50CD50CD50CD6
(1779322179.881664) can0 0000E010#0000000000000000
(1779322179.882665) can0 0000E011#0000000000000000
(1779322179.883665) can0 0000E012#0CD5000000000000
(1779322179.884664) can0 0000E013#4542323630354C43
(1779322179.885664) can0 0000E014#3134323300000000
(1779322179.886664) can0 0000E015#0000000000000003
(1779322179.887664) can0 0000F000#0000000000000000
(1779322179.888665) can0 0000F001#0000000000000000
(1779322179.889665) can0 18FF28F4#10320000020D0000
(1779322179.890666) can0 18FE28F4#0CD60CD540400000
(1779322179.891665) can0 18FD28F4#1702FA6F00000000
(1779322179.892549) can0 4D4#000032007D0D0203
(1779322179.893527) can0 4D5#D50CD60C40400000
(1779322179.894665) can0 18914010#0CD6100CD5010000
(1779322179.895665) can0 18904010#020D020D753001FA
(1779322179.896665) can0 18924010#4001400100000000
(1779322179.897665) can0 18934010#000000090000BC19
(1779322179.898665) can0 18944010#1003000000000000
(1779322179.899704) can0 18954010#0000000000000000
(1779322179.900665) can0 18954010#0100000000000000
(1779322179.901665) can0 18954010#0200000000000000
(1779322179.902666) can0 18954010#0300000000000000
(1779322179.903665) can0 18954010#0400000000000000
(1779322179.904665) can0 18954010#0500000000000000
(1779322179.905665) can0 18964010#0040404000000000
(1779322179.906666) can0 18974010#0000000000000000
(1779322179.907688) can0 18984010#0000000000000000
(1779322179.908666) can0 18FA28F4#123EA12C10270000
(1779322179.909665) can0 18FB28F4#D60CD50C40400000
(1779322179.910666) can0 18FC28F4#383200000D020000
(1779322179.911665) can0 18F810F3#0D02E80332640100
(1779322179.912667) can0 18F811F3#D60C1001D50C0101
(1779322179.913667) can0 18F812F3#4001014001010000
(1779322179.914666) can0 18F813F3#0101000000000000
(1779322179.915666) can0 18F814F3#3200EA1AA9015F00
(1779322179.916666) can0 18F815F3#0000000010030000
(1779322179.917531) can0 273#000000000D023200
(1779322179.918530) can0 1E1#020D271001FA01FA
(1779322179.919552) can0 1F5#0000000000000000
(1779322179.920666) can0 0800A6A9#0000000000000000
(1779322179.921600) can0 1000A6A9#0D028813324A4A4A
(1779322179.922666) can0 1C00A6A9#0000000000030000
(1779322179.923666) can0 02018100#1003020D00000000
(1779322179.924666) can0 02028100#0000003264000000
(1779322179.925667) can0 02038100#0CD601100CD50101
(1779322179.926666) can0 02048100#4A01014A01010000
(1779322179.927524) can0 1AD#8814000059321818
(1779322179.928523) can0 2AD#D60C800C88140016
(1779322179.929542) can0 3AD#0000000000008814
(1779322179.930537) can0 4AD#EB00000000000000
(1779322179.931553) can0 76A#7F00000000000000
(1779322179.990246) can0 0000E005#1702440003B60591
(1779322179.990781) can0 1806E5F4#13CC010003B6023A
(1779322179.991668) can0 0000E000#13CC13CC020D0000
(1779322179.992671) can0 0000E004#181803B603B601E1
(1779322179.993593) can0 0000E006#0CD50CD50CD50CD5
(1779322179.994590) can0 0000E007#0CD50CD50CD50CD5
(1779322179.995591) can0 0000E008#0CD50CD50CD50CD5
(1779322179.996584) can0 0000E009#0CD50CD50CD50CD6
(1779322179.997668) can0 0000E010#0000000000000000
(1779322179.998669) can0 0000E011#0000000000000000
(1779322179.999669) can0 0000E012#0CD5000000000000
(1779322180.000668) can0 0000F001#0000000000000000
(1779322180.001669) can0 18FF28F4#10320000020D0000
(1779322180.002670) can0 18FE28F4#0CD60CD540400000
(1779322180.003669) can0 18FD28F4#1702FA6F00000000
(1779322180.004535) can0 4D4#000032007D0D0203
(1779322180.005525) can0 4D5#D50CD60C40400000
(1779322180.006668) can0 18914010#0CD6100CD5010000
(1779322180.007610) can0 18904010#020D020D753001FA
(1779322180.008609) can0 18FA28F4#123EA12C10270000
(1779322180.009608) can0 18FB28F4#D60CD50C40400000
(1779322180.010668) can0 18FC28F4#383200000D020000
(1779322180.011605) can0 18F810F3#0D02E80332640100
(1779322180.012669) can0 18F815F3#0000000010030000
(1779322180.013533) can0 273#000000000D023200
(1779322180.014514) can0 1E1#020D271001FA01FA
(1779322180.015545) can0 1F5#0000000000000000
(1779322180.016669) can0 0800A6A9#0000000000000000
(1779322180.017586) can0 1000A6A9#0D028813324A4A4A
(1779322180.018670) can0 1C00A6A9#0000000000030000
(1779322180.019669) can0 02018100#1003020D00000000
(1779322180.020669) can0 02028100#0000003264000000
(1779322180.021670) can0 02038100#0CD601100CD50101
(1779322180.022610) can0 02048100#4A01014A01010000
(1779322180.023507) can0 1AD#8814000059321818
(1779322180.024518) can0 2AD#D60C800C88140016
(1779322180.025539) can0 3AD#0000000000008814
(1779322180.026533) can0 4AD#EB00000000000000
(1779322180.027545) can0 76A#7F00000000000000
(1779322180.090216) can0 0000E005#1702440003B60591
(1779322180.090775) can0 1806E5F4#13CC010003B6023A
(1779322180.091675) can0 0000E000#13CC13CC020D0000
(1779322180.092614) can0 0000E004#181803B603B601E1
(1779322180.093588) can0 0000E006#0CD50CD50CD50CD5
(1779322180.094589) can0 0000E007#0CD50CD50CD50CD5
(1779322180.095588) can0 0000E008#0CD50CD50CD50CD5
(1779322180.096589) can0 0000E009#0CD50CD50CD50CD6
(1779322180.097673) can0 0000E010#0000000000000000
(1779322180.098674) can0 0000E011#0000000000000000
(1779322180.099673) can0 0000E012#0CD5000000000000
(1779322180.100673) can0 0000F001#0000000000000000
(1779322180.101673) can0 18FF28F4#10320000020D0000
(1779322180.102618) can0 18FE28F4#0CD60CD540400000
(1779322180.103613) can0 18FD28F4#1702FA6F00000000
(1779322180.104531) can0 4D4#000032007D0D0203
(1779322180.105511) can0 4D5#D50CD60C40400000
(1779322180.106675) can0 18914010#0CD6100CD5010000
(1779322180.107597) can0 18904010#020D020D753001FA
(1779322180.108614) can0 18FA28F4#123EA12C10270000
(1779322180.109594) can0 18FB28F4#D60CD50C40400000
(1779322180.110675) can0 18FC28F4#383200000D020000
(1779322180.111608) can0 18F810F3#0D02E80332640100
(1779322180.112675) can0 18F815F3#0000000010030000
(1779322180.113532) can0 273#000000000D023200
(1779322180.114550) can0 1E1#020D271001FA01FA
(1779322180.115543) can0 1F5#0000000000000000
(1779322180.116674) can0 0800A6A9#0000000000000000
(1779322180.117584) can0 1000A6A9#0D028813324A4A4A
(1779322180.118675) can0 1C00A6A9#0000000000030000
(1779322180.119674) can0 02018100#1003020D00000000
(1779322180.120674) can0 02028100#0000003264000000
(1779322180.121611) can0 02038100#0CD601100CD50101
(1779322180.122675) can0 02048100#4A01014A01010000
(1779322180.123506) can0 1AD#8814000059321818
(1779322180.124524) can0 2AD#D60C800C88140016
(1779322180.125529) can0 3AD#0000000000008814
(1779322180.126531) can0 4AD#EB00000000000000
(1779322180.127545) can0 76A#7F00000000000000
(1779322180.190163) can0 0000E005#1702440003B60591
(1779322180.190719) can0 1806E5F4#13CC010003B6023A
(1779322180.191680) can0 0000E000#13CC13CC020D0000
(1779322180.192613) can0 0000E004#181803B603B601E1
(1779322180.193586) can0 0000E006#0CD50CD50CD50CD5
(1779322180.194586) can0 0000E007#0CD50CD50CD50CD5
(1779322180.195586) can0 0000E008#0CD50CD50CD50CD5
(1779322180.196580) can0 0000E009#0CD50CD50CD50CD6
(1779322180.197677) can0 0000E010#0000000000000000
(1779322180.198677) can0 0000E011#0000000000000000
(1779322180.199678) can0 0000E012#0CD5000000000000
(1779322180.200677) can0 0000F001#0000000000000000
(1779322180.201678) can0 18FF28F4#10320000020D0000
(1779322180.202601) can0 18FE28F4#0CD60CD540400000
(1779322180.203677) can0 18FD28F4#1702FA6F00000000
(1779322180.204535) can0 4D4#000032007D0D0203
(1779322180.205511) can0 4D5#D50CD60C40400000
(1779322180.206593) can0 18914010#0CD6100CD5010000
(1779322180.207679) can0 18904010#020D020D753001FA
(1779322180.208600) can0 18FA28F4#123EA12C10270000
(1779322180.209603) can0 18FB28F4#D60CD50C40400000
(1779322180.210678) can0 18FC28F4#383200000D020000
(1779322180.211596) can0 18F810F3#0D02E80332640100
(1779322180.212677) can0 18F815F3#0000000010030000
(1779322180.213522) can0 273#000000000D023200
(1779322180.214521) can0 1E1#020D271001FA01FA
(1779322180.215580) can0 1F5#0000000000000000
(1779322180.216678) can0 0800A6A9#0000000000000000
(1779322180.217590) can0 1000A6A9#0D028813324A4A4A
(1779322180.218678) can0 1C00A6A9#0000000000030000
(1779322180.219619) can0 02018100#1003020D00000000
(1779322180.220678) can0 02028100#0000003264000000
(1779322180.221605) can0 02038100#0CD601100CD50101
(1779322180.222612) can0 02048100#4A01014A01010000
(1779322180.223509) can0 1AD#8814000059321818
(1779322180.224523) can0 2AD#D60C800C88140016
(1779322180.225534) can0 3AD#0000000000008814
(1779322180.226535) can0 4AD#EB00000000000000
(1779322180.227528) can0 76A#7F00000000000000
(1779322180.290211) can0 0000E005#1702440003B60591
(1779322180.290768) can0 1806E5F4#13CC010003B6023A
(1779322180.291618) can0 0000E000#13CC13CC020D0000
(1779322180.292682) can0 0000E004#181803B603B601E1
(1779322180.293574) can0 0000E006#0CD50CD50CD50CD5
(1779322180.294591) can0 0000E007#0CD50CD50CD50CD5
(1779322180.295584) can0 0000E008#0CD50CD50CD50CD5
(1779322180.296585) can0 0000E009#0CD50CD50CD50CD6
(1779322180.297682) can0 0000E010#0000000000000000
(1779322180.298682) can0 0000E011#0000000000000000
(1779322180.299623) can0 0000E012#0CD5000000000000
(1779322180.300682) can0 0000F001#0000000000000000
(1779322180.301617) can0 18FF28F4#10320000020D0000
(1779322180.302595) can0 18FE28F4#0CD60CD540400000
(1779322180.303617) can0 18FD28F4#1702FA6F00000000
(1779322180.304531) can0 4D4#000032007D0D0203
(1779322180.305513) can0 4D5#D50CD60C40400000
(1779322180.306607) can0 18914010#0CD6100CD5010000
(1779322180.307604) can0 18904010#020D020D753001FA
(1779322180.308598) can0 18FA28F4#123EA12C10270000
(1779322180.309598) can0 18FB28F4#D60CD50C40400000
(1779322180.310617) can0 18FC28F4#383200000D020000
(1779322180.311598) can0 18F810F3#0D02E80332640100
(1779322180.312682) can0 18F815F3#0000000010030000
(1779322180.313528) can0 273#000000000D023200
(1779322180.314510) can0 1E1#020D271001FA01FA
(1779322180.315539) can0 1F5#0000000000000000
(1779322180.316622) can0 0800A6A9#0000000000000000
(1779322180.317579) can0 1000A6A9#0D028813324A4A4A
(1779322180.318616) can0 1C00A6A9#0000000000030000
(1779322180.319683) can0 02018100#1003020D00000000
(1779322180.320624) can0 02028100#0000003264000000
(1779322180.321599) can0 02038100#0CD601100CD50101
(1779322180.322599) can0 02048100#4A01014A01010000
(1779322180.323501) can0 1AD#8814000059321818
(1779322180.324513) can0 2AD#D60C800C88140016
(1779322180.325527) can0 3AD#0000000000008814
(1779322180.326524) can0 4AD#EB00000000000000
(1779322180.327539) can0 76A#7F00000000000000
(1779322180.407164) can0 0000E005#1702440003B60591
(1779322180.407727) can0 1806E5F4#13CC010003B6023A
(1779322180.408600) can0 0000E000#13CC13CC020D0000
(1779322180.409597) can0 0000E004#181803B603B601E1
(1779322180.410578) can0 0000E006#0CD50CD50CD50CD5
(1779322180.411579) can0 0000E007#0CD50CD30CD50CD5
(1779322180.412578) can0 0000E008#0CD50CD50CD50CD5
(1779322180.413579) can0 0000E009#0CD50CD50CD50CD6
(1779322180.414687) can0 0000E010#0000000000000000
(1779322180.415621) can0 0000E011#0000000000000000
(1779322180.416599) can0 0000E012#0CD5000200000000
(1779322180.417576) can0 0000E013#4542323630354C43
(1779322180.418596) can0 0000E014#3134323300000000
(1779322180.419609) can0 0000E015#0000000000000003
(1779322180.420688) can0 0000F000#0000000000000000
(1779322180.421621) can0 0000F001#0000000000000000
(1779322180.422688) can0 18FF28F4#10320000020D0000
(1779322180.423592) can0 18FE28F4#0CD60CD340400000
(1779322180.424609) can0 18FD28F4#1702FA6F00000000
(1779322180.425512) can0 4D4#000032007D0D0203
(1779322180.426492) can0 4D5#D30CD60C40400000
(1779322180.427584) can0 18914010#0CD6100CD3060000
(1779322180.428589) can0 18904010#020D020D753001FA
(1779322180.429622) can0 18924010#4001400100000000
(1779322180.430688) can0 18934010#0000000A0000BC19
(1779322180.431610) can0 18944010#1003000000000000
(1779322180.432687) can0 18954010#0000000000000000
(1779322180.433687) can0 18954010#0100000000000000
(1779322180.434628) can0 18954010#0200000000000000
(1779322180.435626) can0 18954010#0300000000000000
(1779322180.436627) can0 18954010#0400000000000000
(1779322180.437604) can0 18954010#0500000000000000
(1779322180.438689) can0 18964010#0040404000000000
(1779322180.439611) can0 18974010#0000000000000000
(1779322180.440612) can0 18984010#0000000000000000
(1779322180.441591) can0 18FA28F4#123EA12C10270000
(1779322180.442585) can0 18FB28F4#D60CD30C40400000
(1779322180.443620) can0 18FC28F4#383200000D020000
(1779322180.444583) can0 18F810F3#0D02E80332640100
(1779322180.445596) can0 18F811F3#D60C1001D30C0601
(1779322180.446689) can0 18F812F3#4001014001010000
(1779322180.447623) can0 18F813F3#0101000000000000
(1779322180.448585) can0 18F814F3#3200EA1AA9015F00
(1779322180.449611) can0 18F815F3#0000000010030000
(1779322180.450513) can0 273#000000000D023200
(1779322180.451493) can0 1E1#020D271001FA01FA
(1779322180.452526) can0 1F5#0000000000000000
(1779322180.453624) can0 0800A6A9#0000000000000000
(1779322180.454572) can0 1000A6A9#0D028813324A4A4A
(1779322180.455598) can0 1C00A6A9#0000000000030000
(1779322180.456612) can0 02018100#1003020D00000000
(1779322180.457612) can0 02028100#0000003264000000
(1779322180.458593) can0 02038100#0CD601100CD30106
(1779322180.459592) can0 02048100#4A01014A01010000
(1779322180.460495) can0 1AD#8814000059321818
(1779322180.461507) can0 2AD#D60C800C88140016
(1779322180.462527) can0 3AD#0000000000008814
(1779322180.463520) can0 4AD#EB00000000000000
(1779322180.464514) can0 76A#7F00000000000000
(1779322180.523196) can0 0000E005#1702440003B60591
(1779322180.523755) can0 1806E5F4#13CC010003B6023A
(1779322180.524602) can0 0000E000#13CC13CC020D0000
(1779322180.525585) can0 0000E004#181803B603B601E1
(1779322180.526567) can0 0000E006#0CD50CD50CD50CD5
(1779322180.527567) can0 0000E007#0CD50CD30CD50CD5
(1779322180.528580) can0 0000E008#0CD50CD50CD50CD5
(1779322180.529567) can0 0000E009#0CD50CD50CD50CD6
(1779322180.530632) can0 0000E010#0000000000000000
(1779322180.531625) can0 0000E011#0000000000000000
(1779322180.532606) can0 0000E012#0CD5000200000000
(1779322180.533615) can0 0000F001#0000000000000000
(1779322180.534600) can0 18FF28F4#10320000020D0000
(1779322180.535582) can0 18FE28F4#0CD60CD340400000
(1779322180.536595) can0 18FD28F4#1702FA6F00000000
(1779322180.537515) can0 4D4#000032007D0D0203
(1779322180.538504) can0 4D5#D30CD60C40400000
(1779322180.539580) can0 18914010#0CD6100CD3060000
(1779322180.540589) can0 18904010#020D020D753001FA
(1779322180.541588) can0 18FA28F4#123EA12C10270000
(1779322180.542574) can0 18FB28F4#D60CD30C40400000
(1779322180.543601) can0 18FC28F4#383200000D020000
(1779322180.544575) can0 18F810F3#0D02E80332640100
(1779322180.545616) can0 18F815F3#0000000010030000
(1779322180.546504) can0 273#000000000D023200
(1779322180.547504) can0 1E1#020D271001FA01FA
(1779322180.548536) can0 1F5#0000000000000000
(1779322180.549609) can0 0800A6A9#0000000000000000
(1779322180.550562) can0 1000A6A9#0D028813324A4A4A
(1779322180.551608) can0 1C00A6A9#0000000000030000
(1779322180.552608) can0 02018100#1003020D00000000
(1779322180.553607) can0 02028100#0000003264000000
(1779322180.554584) can0 02038100#0CD601100CD30106
(1779322180.555596) can0 02048100#4A01014A01010000
(1779322180.556504) can0 1AD#8814000059321818
(1779322180.557492) can0 2AD#D60C800C88140016
(1779322180.558512) can0 3AD#0000000000008814
(1779322180.559523) can0 4AD#EB00000000000000
(1779322180.560536) can0 76A#7F00000000000000
(1779322180.623135) can0 0000E005#1702440003B60591
(1779322180.623696) can0 1806E5F4#13CC010003B6023A
(1779322180.624593) can0 0000E000#13CC13CC020D0000
(1779322180.625593) can0 0000E004#181803B603B601E1
(1779322180.626578) can0 0000E006#0CD50CD50CD50CD5
(1779322180.627578) can0 0000E007#0CD50CD30CD50CD5
(1779322180.628571) can0 0000E008#0CD50CD50CD50CD5
(1779322180.629571) can0 0000E009#0CD50CD50CD50CD6
(1779322180.630612) can0 0000E010#0000000000000000
(1779322180.631613) can0 0000E011#0000000000000000
(1779322180.632593) can0 0000E012#0CD5000200000000
(1779322180.633629) can0 0000F001#0000000000000000
(1779322180.634609) can0 18FF28F4#10320000020D0000
(1779322180.635578) can0 18FE28F4#0CD60CD340400000
(1779322180.636586) can0 18FD28F4#1702FA6F00000000
(1779322180.637527) can0 4D4#000032007D0D0203
(1779322180.638495) can0 4D5#D30CD60C40400000
(1779322180.639585) can0 18914010#0CD6100CD3060000
(1779322180.640584) can0 18904010#020D020D753001FA
(1779322180.641585) can0 18FA28F4#123EA12C10270000
(1779322180.642576) can0 18FB28F4#D60CD30C40400000
(1779322180.643605) can0 18FC28F4#383200000D020000
(1779322180.644578) can0 18F810F3#0D02E80332640100
(1779322180.645619) can0 18F815F3#0000000010030000
(1779322180.646506) can0 273#000000000D023200
(1779322180.647489) can0 1E1#020D271001FA01FA
(1779322180.648521) can0 1F5#0000000000000000
(1779322180.649599) can0 0800A6A9#0000000000000000
(1779322180.650566) can0 1000A6A9#0D028813324A4A4A
(1779322180.651593) can0 1C00A6A9#0000000000030000
(1779322180.652606) can0 02018100#1003020D00000000
(1779322180.653697) can0 02028100#0000003264000000
(1779322180.654588) can0 02038100#0CD601100CD30106
(1779322180.655588) can0 02048100#4A01014A01010000
(1779322180.656484) can0 1AD#8814000059321818
(1779322180.657495) can0 2AD#D60C800C88140016
(1779322180.658508) can0 3AD#0000000000008814
(1779322180.659522) can0 4AD#EB00000000000000
(1779322180.660522) can0 76A#7F00000000000000
(1779322180.723135) can0 0000E005#1702440003B60591
(1779322180.723699) can0 1806E5F4#13CC010003B6023A
(1779322180.724591) can0 0000E000#13CC13CC020D0000
(1779322180.725590) can0 0000E004#181803B603B601E1
(1779322180.726556) can0 0000E006#0CD50CD50CD50CD5
(1779322180.727570) can0 0000E007#0CD50CD50CD50CD5
(1779322180.728574) can0 0000E008#0CD50CD50CD50CD5
(1779322180.729569) can0 0000E009#0CD50CD50CD50CD6
(1779322180.730700) can0 0000E010#0000000000000000
(1779322180.731604) can0 0000E011#0000000000000000
(1779322180.732590) can0 0000E012#0CD5000000000000
(1779322180.733603) can0 0000F001#0000000000000000
(1779322180.734603) can0 18FF28F4#10320000020D0000
(1779322180.735590) can0 18FE28F4#0CD60CD540400000
(1779322180.736589) can0 18FD28F4#1702FA6F00000000
(1779322180.737505) can0 4D4#000032007D0D0203
(1779322180.738538) can0 4D5#D50CD60C40400000
(1779322180.739577) can0 18914010#0CD6100CD5010000
(1779322180.740583) can0 18904010#020D020D753001FA
(1779322180.741582) can0 18FA28F4#123EA12C10270000
(1779322180.742576) can0 18FB28F4#D60CD50C40400000
(1779322180.743608) can0 18FC28F4#383200000D020000
(1779322180.744575) can0 18F810F3#0D02E80332640100
(1779322180.745602) can0 18F815F3#0000000010030000
(1779322180.746557) can0 273#000000000D023200
(1779322180.747487) can0 1E1#020D271001FA01FA
(1779322180.748517) can0 1F5#0000000000000000
(1779322180.749597) can0 0800A6A9#0000000000000000
(1779322180.750563) can0 1000A6A9#0D028813324A4A4A
(1779322180.751594) can0 1C00A6A9#0000000000030000
(1779322180.752603) can0 02018100#1003020D00000000
(1779322180.753603) can0 02028100#0000003264000000
(1779322180.754589) can0 02038100#0CD601100CD50101
(1779322180.755587) can0 02048100#4A01014A01010000
(1779322180.756488) can0 1AD#8814000059321818
(1779322180.757500) can0 2AD#D60C800C88140016
(1779322180.758513) can0 3AD#0000000000008814
(1779322180.759513) can0 4AD#EB00000000000000
(1779322180.760506) can0 76A#7F00000000000000
(1779322180.823192) can0 0000E005#1702440003B60591
(1779322180.823749) can0 1806E5F4#13CC010003B6023A
(1779322180.824580) can0 0000E000#13CC13CC020D0000
(1779322180.825579) can0 0000E004#181803B603B601E1
(1779322180.826561) can0 0000E006#0CD50CD50CD50CD5
(1779322180.827559) can0 0000E007#0CD50CD50CD50CD5
(1779322180.828559) can0 0000E008#0CD50CD50CD50CD5
(1779322180.829553) can0 0000E009#0CD50CD50CD50CD6
(1779322180.830600) can0 0000E010#0000000000000000
(1779322180.831594) can0 0000E011#0000000000000000
(1779322180.832585) can0 0000E012#0CD5000000000000
(1779322180.833613) can0 0000F001#0000000000000000
(1779322180.834594) can0 18FF28F4#10320000020D0000
(1779322180.835575) can0 18FE28F4#0CD60CD540400000
(1779322180.836592) can0 18FD28F4#1702FA6F00000000
(1779322180.837496) can0 4D4#000032007D0D0203
(1779322180.838490) can0 4D5#D50CD60C40400000
(1779322180.839565) can0 18914010#0CD6100CD5010000
(1779322180.840574) can0 18904010#020D020D753001FA
(1779322180.841585) can0 18FA28F4#123EA12C10270000
(1779322180.842567) can0 18FB28F4#D60CD50C40400000
(1779322180.843594) can0 18FC28F4#383200000D020000
(1779322180.844567) can0 18F810F3#0D02E80332640100
(1779322180.845593) can0 18F815F3#0000000010030000
(1779322180.846497) can0 273#000000000D023200
(1779322180.847475) can0 1E1#020D271001FA01FA
(1779322180.848510) can0 1F5#0000000000000000
(1779322180.849601) can0 0800A6A9#0000000000000000
(1779322180.850557) can0 1000A6A9#0D028813324A4A4A
(1779322180.851583) can0 1C00A6A9#0000000000030000
(1779322180.852595) can0 02018100#1003020D00000000
(1779322180.853595) can0 02028100#0000003264000000
(1779322180.854580) can0 02038100#0CD601100CD50101
(1779322180.855579) can0 02048100#4A01014A01010000
(1779322180.856481) can0 1AD#8814000059321818
(1779322180.857491) can0 2AD#D60C800C88140016
(1779322180.858505) can0 3AD#0000000000008814
(1779322180.859499) can0 4AD#EB00000000000000
(1779322180.860516) can0 76A#7F00000000000000
(1779322180.940179) can0 0000E005#1702440003B60591
(1779322180.940749) can0 1806E5F4#13CC010003B6023A
(1779322180.941576) can0 0000E000#13CC13CC020D0000
(1779322180.942579) can0 0000E004#181803B603B601E1
(1779322180.943565) can0 0000E006#0CD50CD50CD50CD5
(1779322180.944559) can0 0000E007#0CD30CD50CD50CD5
(1779322180.945573) can0 0000E008#0CD50CD50CD50CD5
(1779322180.946559) can0 0000E009#0CD50CD50CD50CD6
(1779322180.947600) can0 0000E010#0000000000000000
(1779322180.948598) can0 0000E011#0000000000000000
(1779322180.949580) can0 0000E012#0CD4000200000000
(1779322180.950553) can0 0000E013#4542323630354C43
(1779322180.951579) can0 0000E014#3134323300000000
(1779322180.952598) can0 0000E015#0000000000000003
(1779322180.953625) can0 0000F000#0000000000000000
(1779322180.954606) can0 0000F001#0000000000000000
(1779322180.955592) can0 18FF28F4#10320000020D0000
(1779322180.956572) can0 18FE28F4#0CD60CD340400000
(1779322180.957589) can0 18FD28F4#1702FA6F00000000
(1779322180.958491) can0 4D4#000032007D0D0203
(1779322180.959471) can0 4D5#D30CD60C40400000
(1779322180.960566) can0 18914010#0CD6100CD3050000
(1779322180.961611) can0 18904010#020D020D753001FA
(1779322180.962599) can0 18924010#4001400100000000
(1779322180.963578) can0 18934010#0000000B0000BC19
(1779322180.964591) can0 18944010#1003000000000000
(1779322180.965603) can0 18954010#0000000000000000
(1779322180.966601) can0 18954010#0100000000000000
(1779322180.967601) can0 18954010#0200000000000000
(1779322180.968601) can0 18954010#0300000000000000
(1779322180.969648) can0 18954010#0400000000000000
(1779322180.970599) can0 18954010#0500000000000000
(1779322180.971598) can0 18964010#0040404000000000
(1779322180.972591) can0 18974010#0000000000000000
(1779322180.973584) can0 18984010#0000000000000000
(1779322180.974574) can0 18FA28F4#123EA12C10270000
(1779322180.975568) can0 18FB28F4#D60CD30C40400000
(1779322180.976598) can0 18FC28F4#383200000D020000
(1779322180.977611) can0 18F810F3#0D02E80332640100
(1779322180.978574) can0 18F811F3#D60C1001D30C0501
(1779322180.979573) can0 18F812F3#4001014001010000
(1779322180.980601) can0 18F813F3#0101000000000000
(1779322180.981567) can0 18F814F3#3200EA1AA9015F00
(1779322180.982598) can0 18F815F3#0000000010030000
(1779322180.983498) can0 273#000000000D023200
(1779322180.984479) can0 1E1#020D271001FA01FA
(1779322180.985506) can0 1F5#0000000000000000
(1779322180.986599) can0 0800A6A9#0000000000000000
(1779322180.987554) can0 1000A6A9#0D028813324A4A4A
(1779322180.988580) can0 1C00A6A9#0000000000030000
(1779322180.989596) can0 02018100#1003020D00000000
(1779322180.990593) can0 02028100#0000003264000000
(1779322180.991574) can0 02038100#0CD601100CD30105
(1779322180.992574) can0 02048100#4A01014A01010000
(1779322180.993477) can0 1AD#8714000059321818
(1779322180.994473) can0 2AD#D60C800C87140016
(1779322180.995491) can0 3AD#0000000000008714
(1779322180.996503) can0 4AD#EB00000000000000
(1779322180.997499) can0 76A#7F00000000000000
(1779322181.056117) can0 0000E005#1702440003B60591
(1779322181.056714) can0 1806E5F4#13CC010003B6023A
(1779322181.057583) can0 0000E000#13CC13CC020D0000
(1779322181.058567) can0 0000E004#181803B603B601E1
(1779322181.059552) can0 0000E006#0CD50CD50CD50CD5
(1779322181.060551) can0 0000E007#0CD30CD50CD50CD5
(1779322181.061564) can0 0000E008#0CD50CD50CD50CD5
(1779322181.062545) can0 0000E009#0CD50CD50CD50CD6
(1779322181.063604) can0 0000E010#0000000000000000
(1779322181.064603) can0 0000E011#0000000000000000
(1779322181.065589) can0 0000E012#0CD4000200000000
(1779322181.066600) can0 0000F001#0000000000000000
(1779322181.067584) can0 18FF28F4#10320000020D0000
(1779322181.068570) can0 18FE28F4#0CD60CD340400000
(1779322181.069584) can0 18FD28F4#1702FA6F00000000
(1779322181.070475) can0 4D4#000032007D0D0203
(1779322181.071480) can0 4D5#D30CD60C40400000
(1779322181.072557) can0 18914010#0CD6100CD3050000
(1779322181.073557) can0 18904010#020D020D753001FA
(1779322181.074572) can0 18FA28F4#123EA12C10270000
(1779322181.075558) can0 18FB28F4#D60CD30C40400000
(1779322181.076583) can0 18FC28F4#383200000D020000
(1779322181.077552) can0 18F810F3#0D02E80332640100
(1779322181.078591) can0 18F815F3#0000000010030000
(1779322181.079481) can0 273#000000000D023200
(1779322181.080480) can0 1E1#020D271001FA01FA
(1779322181.081512) can0 1F5#0000000000000000
(1779322181.082585) can0 0800A6A9#0000000000000000
(1779322181.083558) can0 1000A6A9#0D028813324A4A4A
(1779322181.084590) can0 1C00A6A9#0000000000030000
(1779322181.085590) can0 02018100#1003020D00000000
(1779322181.086584) can0 02028100#0000003264000000
(1779322181.087564) can0 02038100#0CD601100CD30105
(1779322181.088577) can0 02048100#4A01014A01010000
(1779322181.089462) can0 1AD#8714000059321818
(1779322181.090472) can0 2AD#D60C800C87140016
(1779322181.091488) can0 3AD#0000000000008714
(1779322181.092501) can0 4AD#EB00000000000000
(1779322181.093501) can0 76A#7F00000000000000
(1779322181.156127) can0 0000E005#1702440003B60591
(1779322181.156719) can0 1806E5F4#13CC010003B6023A
(1779322181.157569) can0 0000E000#13CC13CC020D0000
(1779322181.158568) can0 0000E004#181803B603B601E1
(1779322181.159550) can0 0000E006#0CD50CD50CD50CD5
(1779322181.160550) can0 0000E007#0CD30CD50CD50CD5
(1779322181.161549) can0 0000E008#0CD50CD50CD50CD5
(1779322181.162544) can0 0000E009#0CD50CD50CD50CD6
(1779322181.163588) can0 0000E010#0000000000000000
(1779322181.164588) can0 0000E011#0000000000000000
(1779322181.165574) can0 0000E012#0CD4000200000000
(1779322181.166600) can0 0000F001#0000000000000000
(1779322181.167581) can0 18FF28F4#10320000020D0000
(1779322181.168568) can0 18FE28F4#0CD60CD340400000
(1779322181.169581) can0 18FD28F4#1702FA6F00000000
(1779322181.170486) can0 4D4#000032007D0D0203
(1779322181.171466) can0 4D5#D30CD60C40400000
(1779322181.172563) can0 18914010#0CD6100CD3050000
(1779322181.173562) can0 18904010#020D020D753001FA
(1779322181.174575) can0 18FA28F4#123EA12C10270000
(1779322181.175551) can0 18FB28F4#D60CD30C40400000
(1779322181.176600) can0 18FC28F4#383200000D020000
(1779322181.177555) can0 18F810F3#0D02E80332640100
(1779322181.178581) can0 18F815F3#0000000010030000
(1779322181.179480) can0 273#000000000D023200
(1779322181.180466) can0 1E1#020D271001FA01FA
(1779322181.181498) can0 1F5#0000000000000000
(1779322181.182594) can0 0800A6A9#0000000000000000
(1779322181.183543) can0 1000A6A9#0D028813324A4A4A
(1779322181.184607) can0 1C00A6A9#0000000000030000
(1779322181.185588) can0 02018100#1003020D00000000
(1779322181.186589) can0 02028100#0000003264000000
(1779322181.187567) can0 02038100#0CD601100CD30105
(1779322181.188564) can0 02048100#4A01014A01010000
(1779322181.189466) can0 1AD#8714000059321818
(1779322181.190461) can0 2AD#D60C800C87140016
(1779322181.191484) can0 3AD#0000000000008714
(1779322181.192518) can0 4AD#EB00000000000000
(1779322181.193499) can0 76A#7F00000000000000
(1779322181.256163) can0 0000E005#1702440003B60591
(1779322181.256722) can0 1806E5F4#13CC010003B6023A
(1779322181.257572) can0 0000E000#13CC13CC020D0000
(1779322181.258560) can0 0000E004#181803B603B601E1
(1779322181.259540) can0 0000E006#0CD50CD50CD50CD3
(1779322181.260541) can0 0000E007#0CD50CD50CD50CD5
(1779322181.261569) can0 0000E008#0CD50CD50CD50CD5
(1779322181.262536) can0 0000E009#0CD50CD50CD50CD6
(1779322181.263598) can0 0000E010#0000000000000000
(1779322181.264591) can0 0000E011#0000000000000000
(1779322181.265579) can0 0000E012#0CD4000200000000
(1779322181.266592) can0 0000F001#0000000000000000
(1779322181.267572) can0 18FF28F4#10320000020D0000
(1779322181.268560) can0 18FE28F4#0CD60CD340400000
(1779322181.269606) can0 18FD28F4#1702FA6F00000000
(1779322181.270471) can0 4D4#000032007D0D0203
(1779322181.271470) can0 4D5#D30CD60C40400000
(1779322181.272562) can0 18914010#0CD6100CD3040000
(1779322181.273546) can0 18904010#020D020D753001FA
(1779322181.274567) can0 18FA28F4#123EA12C10270000
(1779322181.275547) can0 18FB28F4#D60CD30C40400000
(1779322181.276570) can0 18FC28F4#383200000D020000
(1779322181.277592) can0 18F810F3#0D02E80332640100
(1779322181.278592) can0 18F815F3#0000000010030000
(1779322181.279477) can0 273#000000000D023200
(1779322181.280470) can0 1E1#020D271001FA01FA
(1779322181.281503) can0 1F5#0000000000000000
(1779322181.282580) can0 0800A6A9#0000000000000000
(1779322181.283547) can0 1000A6A9#0D028813324A4A4A
(1779322181.284571) can0 1C00A6A9#0000000000030000
(1779322181.285620) can0 02018100#1003020D00000000
(1779322181.286574) can0 02028100#0000003264000000
(1779322181.287574) can0 02038100#0CD601100CD30104
(1779322181.288561) can0 02048100#4A01014A01010000
(1779322181.289452) can0 1AD#8714000059321818
(1779322181.290465) can0 2AD#D60C800C87140016
(1779322181.291477) can0 3AD#0000000000008714
(1779322181.292490) can0 4AD#EB00000000000000
(1779322181.293490) can0 76A#7F00000000000000
(1779322181.356109) can0 0000E005#1702440003B60591
(1779322181.356666) can0 1806E5F4#13CC010003B6023A
(1779322181.357562) can0 0000E000#13CC13CC020D0000
(1779322181.358552) can0 0000E004#181803B603B601E1
(1779322181.359550) can0 0000E006#0CD50CD50CD50CD3
(1779322181.360543) can0 0000E007#0CD50CD50CD50CD5
(1779322181.361542) can0 0000E008#0CD50CD50CD50CD5
(1779322181.362592) can0 0000E009#0CD50CD50CD50CD6
(1779322181.363589) can0 0000E010#0000000000000000
(1779322181.364589) can0 0000E011#0000000000000000
(1779322181.365569) can0 0000E012#0CD4000200000000
(1779322181.366584) can0 0000F001#0000000000000000
(1779322181.367570) can0 18FF28F4#10320000020D0000
(1779322181.368550) can0 18FE28F4#0CD60CD340400000
(1779322181.369559) can0 18FD28F4#1702FA6F00000000
(1779322181.370481) can0 4D4#000032007D0D0203
(1779322181.371460) can0 4D5#D30CD60C40400000
(1779322181.372557) can0 18914010#0CD6100CD3040000
(1779322181.373549) can0 18904010#020D020D753001FA
(1779322181.374557) can0 18FA28F4#123EA12C10270000
(1779322181.375550) can0 18FB28F4#D60CD30C40400000
(1779322181.376582) can0 18FC28F4#383200000D020000
(1779322181.377550) can0 18F810F3#0D02E80332640100
(1779322181.378576) can0 18F815F3#0000000010030000
(1779322181.379480) can0 273#000000000D023200
(1779322181.380461) can0 1E1#020D271001FA01FA
(1779322181.381490) can0 1F5#0000000000000000
(1779322181.382571) can0 0800A6A9#0000000000000000
(1779322181.383538) can0 1000A6A9#0D028813324A4A4A
(1779322181.384570) can0 1C00A6A9#0000000000030000
(1779322181.385582) can0 02018100#1003020D00000000
(1779322181.386584) can0 02028100#0000003264000000
(1779322181.387565) can0 02038100#0CD601100CD30104
(1779322181.388557) can0 02048100#4A01014A01010000
(1779322181.389462) can0 1AD#8714000059321818
(1779322181.390456) can0 2AD#D60C800C87140016
(1779322181.391488) can0 3AD#0000000000008714
(1779322181.392481) can0 4AD#EB00000000000000
(1779322181.393475) can0 76A#7F00000000000000
(1779322181.473099) can0 0000E005#1702440003B60591
(1779322181.473649) can0 1806E5F4#13CC010003B6023A
(1779322181.474557) can0 0000E000#13CC13CC020D0000
(1779322181.475556) can0 0000E004#181803B603B601E1
(1779322181.476537) can0 0000E006#0CD50CD50CD50CD5
(1779322181.477537) can0 0000E007#0CD50CD50CD50CD5
(1779322181.478538) can0 0000E008#0CD50CD50CD50CD5
(1779322181.479531) can0 0000E009#0CD50CD50CD50CD6
(1779322181.480582) can0 0000E010#0000000000000000
(1779322181.481575) can0 0000E011#0000000000000000
(1779322181.482557) can0 0000E012#0CD5000000000000
(1779322181.483524) can0 0000E013#4542323630354C43
(1779322181.484576) can0 0000E014#3134323300000000
(1779322181.485569) can0 0000E015#0000000000000003
(1779322181.486580) can0 0000F000#0000000000000000
(1779322181.487588) can0 0000F001#0000000000000000
(1779322181.488568) can0 18FF28F4#10320000020D0000
(1779322181.489550) can0 18FE28F4#0CD60CD540400000
(1779322181.490564) can0 18FD28F4#1702FA6F00000000
(1779322181.491467) can0 4D4#000032007D0D0203
(1779322181.492499) can0 4D5#D50CD60C40400000
(1779322181.493544) can0 18914010#0CD6100CD5010000
(1779322181.494542) can0 18904010#020D020D753001FA
(1779322181.495576) can0 18924010#4001400100000000
(1779322181.496569) can0 18934010#0000000C0000BC19
(1779322181.497570) can0 18944010#1003000000000000
(1779322181.498579) can0 18954010#0000000000000000
(1779322181.499583) can0 18954010#0100000000000000
(1779322181.500614) can0 18954010#0200000000000000
(1779322181.501583) can0 18954010#0300000000000000
(1779322181.502576) can0 18954010#0400000000000000
(1779322181.503576) can0 18954010#0500000000000000
(1779322181.504570) can0 18964010#0040404000000000
(1779322181.505570) can0 18974010#0000000000000000
(1779322181.506566) can0 18984010#0000000000000000
(1779322181.507551) can0 18FA28F4#123EA12C10270000
(1779322181.508595) can0 18FB28F4#D60CD50C40400000
(1779322181.509577) can0 18FC28F4#383200000D020000
(1779322181.510534) can0 18F810F3#0D02E80332640100
(1779322181.511551) can0 18F811F3#D60C1001D50C0101
(1779322181.512551) can0 18F812F3#4001014001010000
(1779322181.513577) can0 18F813F3#0101000000000000
(1779322181.514545) can0 18F814F3#3200EA1AA9015F00
(1779322181.515570) can0 18F815F3#0000000010030000
(1779322181.516474) can0 273#000000000D023200
(1779322181.517455) can0 1E1#020D271001FA01FA
(1779322181.518483) can0 1F5#0000000000000000
(1779322181.519577) can0 0800A6A9#0000000000000000
(1779322181.520526) can0 1000A6A9#0D028813324A4A4A
(1779322181.521557) can0 1C00A6A9#0000000000030000
(1779322181.522572) can0 02018100#1003020D00000000
(1779322181.523570) can0 02028100#0000003264000000
(1779322181.524551) can0 02038100#0CD601100CD50101
(1779322181.525551) can0 02048100#4A01014A01010000
(1779322181.526456) can0 1AD#8814000059321818
(1779322181.527468) can0 2AD#D60C800C88140016
(1779322181.528481) can0 3AD#0000000000008814
(1779322181.529481) can0 4AD#EB00000000000000
(1779322181.530475) can0 76A#7F00000000000000
(1779322181.589091) can0 0000E005#1702440003B60591
(1779322181.589641) can0 1806E5F4#13CC010003B6023A
(1779322181.590560) can0 0000E000#13CC13CC020D0000
(1779322181.591537) can0 0000E004#181803B603B601E1
(1779322181.592527) can0 0000E006#0CD50CD50CD50CD5
(1779322181.593542) can0 0000E007#0CD50CD50CD50CD5
(1779322181.594541) can0 0000E008#0CD50CD50CD50CD5
(1779322181.595521) can0 0000E009#0CD50CD50CD50CD6
(1779322181.596585) can0 0000E010#0000000000000000
(1779322181.597585) can0 0000E011#0000000000000000
(1779322181.598567) can0 0000E012#0CD5000000000000
(1779322181.599575) can0 0000F001#0000000000000000
(1779322181.600560) can0 18FF28F4#10320000020D0000
(1779322181.601541) can0 18FE28F4#0CD60CD540400000
(1779322181.602561) can0 18FD28F4#1702FA6F00000000
(1779322181.603474) can0 4D4#000032007D0D0203
(1779322181.604458) can0 4D5#D50CD60C40400000
(1779322181.605535) can0 18914010#0CD6100CD5010000
(1779322181.606556) can0 18904010#020D020D753001FA
(1779322181.607549) can0 18FA28F4#123EA12C10270000
(1779322181.608548) can0 18FB28F4#D60CD50C40400000
(1779322181.609562) can0 18FC28F4#383200000D020000
(1779322181.610543) can0 18F810F3#0D02E80332640100
(1779322181.611568) can0 18F815F3#0000000010030000
(1779322181.612478) can0 273#000000000D023200
(1779322181.613458) can0 1E1#020D271001FA01FA
(1779322181.614490) can0 1F5#0000000000000000
(1779322181.615562) can0 0800A6A9#0000000000000000
(1779322181.616536) can0 1000A6A9#0D028813324A4A4A
(1779322181.617567) can0 1C00A6A9#0000000000030000
(1779322181.618561) can0 02018100#1003020D00000000
(1779322181.619561) can0 02028100#0000003264000000
(1779322181.620542) can0 02038100#0CD601100CD50101
(1779322181.621555) can0 02048100#4A01014A01010000
(1779322181.622453) can0 1AD#8814000059321818
(1779322181.623463) can0 2AD#D60C800C88140016
(1779322181.624465) can0 3AD#0000000000008814
(1779322181.625478) can0 4AD#EB00000000000000
(1779322181.626472) can0 76A#7F00000000000000
(1779322181.689136) can0 0000E005#1702440003B60591
(1779322181.689741) can0 1806E5F4#13CC010003B6023A
(1779322181.690560) can0 0000E000#13CC13CC020D0000
(1779322181.691539) can0 0000E004#181803B603B601E1
(1779322181.692521) can0 0000E006#0CD50CD50CD50CD5
(1779322181.693520) can0 0000E007#0CD50CD50CD50CD5
(1779322181.694521) can0 0000E008#0CD50CD50CD50CD5
(1779322181.695520) can0 0000E009#0CD50CD50CD50CD6
(1779322181.696580) can0 0000E010#0000000000000000
(1779322181.697564) can0 0000E011#0000000000000000
(1779322181.698546) can0 0000E012#0CD5000000000000
(1779322181.699578) can0 0000F001#0000000000000000
(1779322181.700559) can0 18FF28F4#10320000020D0000
(1779322181.701540) can0 18FE28F4#0CD60CD540400000
(1779322181.702559) can0 18FD28F4#1702FA6F00000000
(1779322181.703457) can0 4D4#000032007D0D0203
(1779322181.704457) can0 4D5#D50CD60C40400000
(1779322181.705533) can0 18914010#0CD6100CD5010000
(1779322181.706533) can0 18904010#020D020D753001FA
(1779322181.707566) can0 18FA28F4#123EA12C10270000
(1779322181.708529) can0 18FB28F4#D60CD50C40400000
(1779322181.709559) can0 18FC28F4#383200000D020000
(1779322181.710529) can0 18F810F3#0D02E80332640100
(1779322181.711559) can0 18F815F3#0000000010030000
(1779322181.712458) can0 273#000000000D023200
(1779322181.713445) can0 1E1#020D271001FA01FA
(1779322181.714470) can0 1F5#0000000000000000
(1779322181.715585) can0 0800A6A9#0000000000000000
(1779322181.716522) can0 1000A6A9#0D028813324A4A4A
(1779322181.717552) can0 1C00A6A9#0000000000030000
(1779322181.718565) can0 02018100#1003020D00000000
(1779322181.719566) can0 02028100#0000003264000000
(1779322181.720536) can0 02038100#0CD601100CD50101
(1779322181.721540) can0 02048100#4A01014A01010000
(1779322181.722438) can0 1AD#8814000059321818
(1779322181.723489) can0 2AD#D60C800C88140016
(1779322181.724467) can0 3AD#0000000000008814
(1779322181.725463) can0 4AD#EB00000000000000
(1779322181.726477) can0 76A#7F00000000000000
(1779322181.789116) can0 0000E005#1702440003B60591
(1779322181.789664) can0 1806E5F4#13CC010003B6023A
(1779322181.790551) can0 0000E000#13CC13CC020D0000
(1779322181.791531) can0 0000E004#181803B603B601E1
(1779322181.792544) can0 0000E006#0CD50CD50CD50CD5
(1779322181.793524) can0 0000E007#0CD50CD50CD50CD5
(1779322181.794525) can0 0000E008#0CD50CD50CD50CD3
(1779322181.795525) can0 0000E009#0CD50CD50CD50CD6
(1779322181.796569) can0 0000E010#0000000000000000
(1779322181.797569) can0 0000E011#0000000000000000
(1779322181.798551) can0 0000E012#0CD5000200000000
(1779322181.799570) can0 0000F001#0000000000000000
(1779322181.800582) can0 18FF28F4#10320000020D0000
(1779322181.801532) can0 18FE28F4#0CD60CD340400000
(1779322181.802545) can0 18FD28F4#1702FA6F00000000
(1779322181.803460) can0 4D4#000032007D0D0203
(1779322181.804448) can0 4D5#D30CD60C40400000
(1779322181.805525) can0 18914010#0CD6100CD30C0000
(1779322181.806537) can0 18904010#020D020D753001FA
(1779322181.807537) can0 18FA28F4#123EA12C10270000
(1779322181.808570) can0 18FB28F4#D60CD30C40400000
(1779322181.809546) can0 18FC28F4#383200000D020000
(1779322181.810532) can0 18F810F3#0D02E80332640100
(1779322181.811564) can0 18F815F3#0000000010030000
(1779322181.812467) can0 273#000000000D023200
(1779322181.813448) can0 1E1#020D271001FA01FA
(1779322181.814480) can0 1F5#0000000000000000
(1779322181.815557) can0 0800A6A9#0000000000000000
(1779322181.816570) can0 1000A6A9#0D028813324A4A4A
(1779322181.817547) can0 1C00A6A9#0000000000030000
(1779322181.818552) can0 02018100#1003020D00000000
(1779322181.819551) can0 02028100#0000003264000000
(1779322181.820532) can0 02038100#0CD601100CD3010C
(1779322181.821538) can0 02048100#4A01014A01010000
(1779322181.822442) can0 1AD#8814000059321818
(1779322181.823443) can0 2AD#D60C800C88140016
(1779322181.824455) can0 3AD#0000000000008814
(1779322181.825468) can0 4AD#EB00000000000000
(1779322181.826469) can0 76A#7F00000000000000
(1779322181.889084) can0 0000E005#1702440003B60591
(1779322181.889638) can0 1806E5F4#13CC010003B6023A
(1779322181.890536) can0 0000E000#13CC13CC020D0000
(1779322181.891535) can0 0000E004#181803B603B601E1
(1779322181.892521) can0 0000E006#0CD50CD50CD50CD5
(1779322181.893566) can0 0000E007#0CD50CD50CD50CD5
(1779322181.894512) can0 0000E008#0CD50CD50CD50CD3
(1779322181.895515) can0 0000E009#0CD50CD50CD50CD6
(1779322181.896559) can0 0000E010#0000000000000000
(1779322181.897560) can0 0000E011#0000000000000000
(1779322181.898541) can0 0000E012#0CD5000200000000
(1779322181.899572) can0 0000F001#0000000000000000
(1779322181.900553) can0 18FF28F4#10320000020D0000
(1779322181.901535) can0 18FE28F4#0CD60CD340400000
(1779322181.902538) can0 18FD28F4#1702FA6F00000000
(1779322181.903451) can0 4D4#000032007D0D0203
(1779322181.904432) can0 4D5#D30CD60C40400000
(1779322181.905528) can0 18914010#0CD6100CD30C0000
(1779322181.906526) can0 18904010#020D020D753001FA
(1779322181.907528) can0 18FA28F4#123EA12C10270000
(1779322181.908527) can0 18FB28F4#D60CD30C40400000
(1779322181.909561) can0 18FC28F4#383200000D020000
(1779322181.910522) can0 18F810F3#0D02E80332640100
(1779322181.911554) can0 18F815F3#0000000010030000
(1779322181.912459) can0 273#000000000D023200
(1779322181.913440) can0 1E1#020D271001FA01FA
(1779322181.914469) can0 1F5#0000000000000000
(1779322181.915549) can0 0800A6A9#0000000000000000
(1779322181.916517) can0 1000A6A9#0D028813324A4A4A
(1779322181.917541) can0 1C00A6A9#0000000000030000
(1779322181.918560) can0 02018100#1003020D00000000
(1779322181.919561) can0 02028100#0000003264000000
(1779322181.920523) can0 02038100#0CD601100CD3010C
(1779322181.921535) can0 02048100#4A01014A01010000
(1779322181.922435) can0 1AD#8814000059321818
(1779322181.923446) can0 2AD#D60C800C88140016
(1779322181.924458) can0 3AD#0000000000008814
(1779322181.925458) can0 4AD#EB00000000000000
(1779322181.926452) can0 76A#7F00000000000000
(1779322182.006090) can0 0000E005#1702440003B60591
(1779322182.006642) can0 1806E5F4#13CC010003B6023A
(1779322182.007553) can0 0000E000#13CC13CC020D0000
(1779322182.008531) can0 0000E004#181803B603B601E1
(1779322182.009514) can0 0000E006#0CD50CD50CD50CD5
(1779322182.010514) can0 0000E007#0CD50CD50CD50CD5
(1779322182.011514) can0 0000E008#0CD50CD50CD50CD5
(1779322182.012514) can0 0000E009#0CD50CD50CD50CD6
(1779322182.013560) can0 0000E010#0000000000000000
(1779322182.014560) can0 0000E011#0000000000000000
(1779322182.015553) can0 0000E012#0CD5000000000000
(1779322182.016503) can0 0000E013#4542323630354C43
(1779322182.017534) can0 0000E014#3134323300000000
(1779322182.018555) can0 0000E015#0000000000000003
(1779322182.019568) can0 0000F000#0000000000000000
(1779322182.020556) can0 0000F001#0000000000000000
(1779322182.021546) can0 18FF28F4#10320000020D0000
(1779322182.022527) can0 18FE28F4#0CD60CD540400000
(1779322182.023559) can0 18FD28F4#1702FA6F00000000
(1779322182.024457) can0 4D4#000032007D0D0203
(1779322182.025438) can0 4D5#D50CD60C40400000
(1779322182.026522) can0 18914010#0CD6100CD5010000
(1779322182.027533) can0 18904010#020D020D753001FA
(1779322182.028541) can0 18924010#4001400100000000
(1779322182.029546) can0 18934010#0000000D0000BC19
(1779322182.030547) can0 18944010#1003000000000000
(1779322182.031591) can0 18954010#0000000000000000
(1779322182.032556) can0 18954010#0100000000000000
(1779322182.033553) can0 18954010#0200000000000000
(1779322182.034555) can0 18954010#0300000000000000
(1779322182.035553) can0 18954010#0400000000000000
(1779322182.036553) can0 18954010#0500000000000000
(1779322182.037547) can0 18964010#0040404000000000
(1779322182.038561) can0 18974010#0000000000000000
(1779322182.039592) can0 18984010#0000000000000000
(1779322182.040518) can0 18FA28F4#123EA12C10270000
(1779322182.041521) can0 18FB28F4#D60CD50C40400000
(1779322182.042547) can0 18FC28F4#383200000D020000
(1779322182.043515) can0 18F810F3#0D02E80332640100
(1779322182.044518) can0 18F811F3#D60C1001D50C0101
(1779322182.045541) can0 18F812F3#4001014001010000
(1779322182.046555) can0 18F813F3#0101000000000000
(1779322182.047567) can0 18F814F3#3200EA1AA9015F00
(1779322182.048548) can0 18F815F3#0000000010030000
(1779322182.049445) can0 273#000000000D023200
(1779322182.050446) can0 1E1#020D271001FA01FA
(1779322182.051470) can0 1F5#0000000000000000
(1779322182.052547) can0 0800A6A9#0000000000000000
(1779322182.053516) can0 1000A6A9#0D028813324A4A4A
(1779322182.054549) can0 1C00A6A9#0000000000030000
(1779322182.055542) can0 02018100#1003020D00000000
(1779322182.056542) can0 02028100#0000003264000000
(1779322182.057529) can0 02038100#0CD601100CD50101
(1779322182.058542) can0 02048100#4A01014A01010000
(1779322182.059426) can0 1AD#8814000059321818
(1779322182.060440) can0 2AD#D60C800C88140016
(1779322182.061452) can0 3AD#0000000000008814
(1779322182.062453) can0 4AD#EB00000000000000
(1779322182.063444) can0 76A#7F00000000000000
(1779322182.115450) can0 00000E00#00354C4331343233
(1779322182.123079) can0 0000E005#1702440003B60591
(1779322182.123635) can0 1806E5F4#13CC010003B6023A
(1779322182.124582) can0 0000E000#13CC13CC020D0000
(1779322182.125518) can0 0000E004#181803B603B601E1
(1779322182.126501) can0 0000E006#0CD50CD50CD50CD5
(1779322182.127499) can0 0000E007#0CD50CD50CD50CD5
(1779322182.128499) can0 0000E008#0CD50CD50CD50CD5
(1779322182.129500) can0 0000E009#0CD50CD50CD50CD6
(1779322182.130564) can0 0000E010#0000000000000000
(1779322182.131557) can0 0000E011#0000000000000000
(1779322182.132536) can0 0000E012#0CD5000000000000
(1779322182.133556) can0 0000F001#0000000000000000
(1779322182.134540) can0 18FF28F4#10320000020D0000
(1779322182.135519) can0 18FE28F4#0CD60CD540400000
(1779322182.136528) can0 18FD28F4#1702FA6F00000000
(1779322182.137435) can0 4D4#000032007D0D0203
(1779322182.138436) can0 4D5#D50CD60C40400000
(1779322182.139531) can0 18914010#0CD6100CD5010000
(1779322182.140512) can0 18904010#020D020D753001FA
(1779322182.141525) can0 18FA28F4#123EA12C10270000
(1779322182.142507) can0 18FB28F4#D60CD50C40400000
(1779322182.143538) can0 18FC28F4#383200000D020000
(1779322182.144499) can0 18F810F3#0D02E80332640100
(1779322182.145551) can0 18F815F3#0000000010030000
(1779322182.146436) can0 273#000000000D023200
(1779322182.147429) can0 1E1#020D271001FA01FA
(1779322182.148454) can0 1F5#0000000000000000
(1779322182.149539) can0 0800A6A9#0000000000000000
(1779322182.150507) can0 1000A6A9#0D028813324A4A4A
(1779322182.151532) can0 1C00A6A9#0000000000030000
(1779322182.152545) can0 02018100#1003020D00000000
(1779322182.153545) can0 02028100#0000003264000000
(1779322182.154527) can0 02038100#0CD601100CD50101
(1779322182.155519) can0 02048100#4A01014A01010000
(1779322182.156417) can0 1AD#8814000059321818
(1779322182.157437) can0 2AD#D60C800C88140016
(1779322182.158450) can0 3AD#0000000000008814
(1779322182.159443) can0 4AD#EB00000000000000
(1779322182.160451) can0 76A#7F00000000000000
(1779322182.222130) can0 0000E005#1702440003B60591
(1779322182.222680) can0 1806E5F4#13CC010003B6023A
(1779322182.223535) can0 0000E000#13CC13CC020D0000
(1779322182.224516) can0 0000E004#181803B603B601E1
(1779322182.225498) can0 0000E006#0CD50CD50CD50CD5
(1779322182.226511) can0 0000E007#0CD50CD50CD50CD5
(1779322182.227510) can0 0000E008#0CD50CD50CD50CD5
(1779322182.228503) can0 0000E009#0CD50CD50CD50CD6
(1779322182.229554) can0 0000E010#0000000000000000
(1779322182.230555) can0 0000E011#0000000000000000
(1779322182.231536) can0 0000E012#0CD5000000000000
(1779322182.232542) can0 0000F001#0000000000000000
(1779322182.233530) can0 18FF28F4#10320000020D0000
(1779322182.234511) can0 18FE28F4#0CD60CD540400000
(1779322182.235530) can0 18FD28F4#1702FA6F00000000
(1779322182.236447) can0 4D4#000032007D0D0203
(1779322182.237427) can0 4D5#D50CD60C40400000
(1779322182.238524) can0 18914010#0CD6100CD5010000
(1779322182.239523) can0 18904010#020D020D753001FA
(1779322182.240513) can0 18FA28F4#123EA12C10270000
(1779322182.241517) can0 18FB28F4#D60CD50C40400000
(1779322182.242549) can0 18FC28F4#383200000D020000
(1779322182.243510) can0 18F810F3#0D02E80332640100
(1779322182.244540) can0 18F815F3#0000000010030000
(1779322182.245447) can0 273#000000000D023200
(1779322182.246442) can0 1E1#020D271001FA01FA
(1779322182.247460) can0 1F5#0000000000000000
(1779322182.248537) can0 0800A6A9#0000000000000000
(1779322182.249505) can0 1000A6A9#0D028813324A4A4A
(1779322182.250531) can0 1C00A6A9#0000000000030000
(1779322182.251531) can0 02018100#1003020D00000000
(1779322182.252543) can0 02028100#0000003264000000
(1779322182.253524) can0 02038100#0CD601100CD50101
(1779322182.254556) can0 02048100#4A01014A01010000
(1779322182.255421) can0 1AD#8814000059321818
(1779322182.256435) can0 2AD#D60C800C88140016
(1779322182.257448) can0 3AD#0000000000008814
(1779322182.258448) can0 4AD#EB00000000000000
(1779322182.259441) can0 76A#7F00000000000000
(1779322182.322084) can0 0000E005#1702440003B60591
(1779322182.322635) can0 1806E5F4#13CC010003B6023A
(1779322182.323548) can0 0000E000#13CC13CC020D0000
(1779322182.324516) can0 0000E004#181803B603B601E1
(1779322182.325493) can0 0000E006#0CD50CD50CD50CD5
(1779322182.326497) can0 0000E007#0CD50CD50CD50CD5
(1779322182.327495) can0 0000E008#0CD50CD50CD50CD5
(1779322182.328495) can0 0000E009#0CD50CD50CD50CD6
(1779322182.329553) can0 0000E010#0000000000000000
(1779322182.330541) can0 0000E011#0000000000000000
(1779322182.331553) can0 0000E012#0CD5000000000000
(1779322182.332554) can0 0000F001#0000000000000000
(1779322182.333535) can0 18FF28F4#10320000020D0000
(1779322182.334516) can0 18FE28F4#0CD60CD540400000
(1779322182.335529) can0 18FD28F4#1702FA6F00000000
(1779322182.336433) can0 4D4#000032007D0D0203
(1779322182.337425) can0 4D5#D50CD60C40400000
(1779322182.338510) can0 18914010#0CD6100CD5010000
(1779322182.339555) can0 18904010#020D020D753001FA
(1779322182.340522) can0 18FA28F4#123EA12C10270000
(1779322182.341501) can0 18FB28F4#D60CD50C40400000
(1779322182.342535) can0 18FC28F4#383200000D020000
(1779322182.343503) can0 18F810F3#0D02E80332640100
(1779322182.344547) can0 18F815F3#0000000010030000
(1779322182.345435) can0 273#000000000D023200
(1779322182.346434) can0 1E1#020D271001FA01FA
(1779322182.347492) can0 1F5#0000000000000000
(1779322182.348541) can0 0800A6A9#0000000000000000
(1779322182.349486) can0 1000A6A9#0D028813324A4A4A
(1779322182.350523) can0 1C00A6A9#0000000000030000
(1779322182.351535) can0 02018100#1003020D00000000
(1779322182.352536) can0 02028100#0000003264000000
(1779322182.353509) can0 02038100#0CD601100CD50101
(1779322182.354509) can0 02048100#4A01014A01010000
(1779322182.355414) can0 1AD#8814000059321818
(1779322182.356427) can0 2AD#D60C800C88140016
(1779322182.357439) can0 3AD#0000000000008814
(1779322182.358453) can0 4AD#EB00000000000000
(1779322182.359446) can0 76A#7F00000000000000
(1779322182.422122) can0 0000E005#1702440003B60591
(1779322182.422674) can0 1806E5F4#13CC010003B6023A
(1779322182.423523) can0 0000E000#13CC13CC020D0000
(1779322182.424566) can0 0000E004#181803B603B601E1
(1779322182.425499) can0 0000E006#0CD50CD50CD50CD5
(1779322182.426488) can0 0000E007#0CD50CD50CD50CD5
(1779322182.427492) can0 0000E008#0CD50CD50CD50CD5
(1779322182.428493) can0 0000E009#0CD50CD50CD50CD6
(1779322182.429536) can0 0000E010#0000000000000000
(1779322182.430538) can0 0000E011#0000000000000000
(1779322182.431518) can0 0000E012#0CD5000000000000
(1779322182.432582) can0 0000F001#0000000000000000
(1779322182.433530) can0 18FF28F4#10320000020D0000
(1779322182.434511) can0 18FE28F4#0CD60CD540400000
(1779322182.435524) can0 18FD28F4#1702FA6F00000000
(1779322182.436428) can0 4D4#000032007D0D0203
(1779322182.437428) can0 4D5#D50CD60C40400000
(1779322182.438500) can0 18914010#0CD6100CD5010000
(1779322182.439504) can0 18904010#020D020D753001FA
(1779322182.440518) can0 18FA28F4#123EA12C10270000
(1779322182.441499) can0 18FB28F4#D60CD50C40400000
(1779322182.442533) can0 18FC28F4#383200000D020000
(1779322182.443499) can0 18F810F3#0D02E80332640100
(1779322182.444525) can0 18F815F3#0000000010030000
(1779322182.445429) can0 273#000000000D023200
(1779322182.446421) can0 1E1#020D271001FA01FA
(1779322182.447443) can0 1F5#0000000000000000
(1779322182.448538) can0 0800A6A9#0000000000000000
(1779322182.449485) can0 1000A6A9#0D028813324A4A4A
(1779322182.450512) can0 1C00A6A9#0000000000030000
(1779322182.451532) can0 02018100#1003020D00000000
(1779322182.452532) can0 02028100#0000003264000000
(1779322182.453513) can0 02038100#0CD601100CD50101
(1779322182.454506) can0 02048100#4A01014A01010000
(1779322182.455418) can0 1AD#8814000059321818
(1779322182.456429) can0 2AD#D60C800C88140016
(1779322182.457439) can0 3AD#0000000000008814
(1779322182.458432) can0 4AD#EB00000000000000
(1779322182.459442) can0 76A#7F00000000000000
(1779322182.539081) can0 0000E005#1702440003B60591
(1779322182.539632) can0 1806E5F4#13CC010003B6023A
(1779322182.540509) can0 0000E000#13CC13CC020D0000
(1779322182.541510) can0 0000E004#181803B603B601E1
(1779322182.542493) can0 0000E006#0CD50CD50CD50CD5
(1779322182.543490) can0 0000E007#0CD30CD50CD50CD5
(1779322182.544484) can0 0000E008#0CD50CD50CD50CD5
(1779322182.545484) can0 0000E009#0CD50CD50CD50CD6
(1779322182.546548) can0 0000E010#0000000000000000
(1779322182.547529) can0 0000E011#0000000000000000
(1779322182.548509) can0 0000E012#0CD4000200000000
(1779322182.549478) can0 0000E013#4542323630354C43
(1779322182.550511) can0 0000E014#3134323300000000
(1779322182.551523) can0 0000E015#0000000000000003
(1779322182.552533) can0 0000F000#0000000000000000
(1779322182.553535) can0 0000F001#0000000000000000
(1779322182.554549) can0 18FF28F4#10320000020D0000
(1779322182.555497) can0 18FE28F4#0CD60CD340400000
(1779322182.556517) can0 18FD28F4#1702FA6F00000000
(1779322182.557414) can0 4D4#000032007D0D0203
(1779322182.558414) can0 4D5#D30CD60C40400000
(1779322182.559491) can0 18914010#0CD6100CD3050000
(1779322182.560486) can0 18904010#020D020D753001FA
(1779322182.561523) can0 18924010#4001400100000000
(1779322182.562557) can0 18934010#0000000E0000BC19
(1779322182.563517) can0 18944010#1003000000000000
(1779322182.564529) can0 18954010#0000000000000000
(1779322182.565529) can0 18954010#0100000000000000
(1779322182.566531) can0 18954010#0200000000000000
(1779322182.567530) can0 18954010#0300000000000000
(1779322182.568530) can0 18954010#0400000000000000
(1779322182.569524) can0 18954010#0500000000000000
(1779322182.570557) can0 18964010#0040404000000000
(1779322182.571518) can0 18974010#0000000000000000
(1779322182.572517) can0 18984010#0000000000000000
(1779322182.573503) can0 18FA28F4#123EA12C10270000
(1779322182.574503) can0 18FB28F4#D60CD30C40400000
(1779322182.575525) can0 18FC28F4#383200000D020000
(1779322182.576488) can0 18F810F3#0D02E80332640100
(1779322182.577505) can0 18F811F3#D60C1001D30C0501
(1779322182.578552) can0 18F812F3#4001014001010000
(1779322182.579532) can0 18F813F3#0101000000000000
(1779322182.580493) can0 18F814F3#3200EA1AA9015F00
(1779322182.581524) can0 18F815F3#0000000010030000
(1779322182.582434) can0 273#000000000D023200
(1779322182.583404) can0 1E1#020D271001FA01FA
(1779322182.584435) can0 1F5#0000000000000000
(1779322182.585531) can0 0800A6A9#0000000000000000
(1779322182.586482) can0 1000A6A9#0D028813324A4A4A
(1779322182.587512) can0 1C00A6A9#0000000000030000
(1779322182.588524) can0 02018100#1003020D00000000
(1779322182.589525) can0 02028100#0000003264000000
(1779322182.590507) can0 02038100#0CD601100CD30105
(1779322182.591505) can0 02048100#4A01014A01010000
(1779322182.592404) can0 1AD#8714000059321818
(1779322182.593403) can0 2AD#D60C800C87140016
(1779322182.594418) can0 3AD#0000000000008714
(1779322182.595436) can0 4AD#EB00000000000000
(1779322182.596427) can0 76A#7F00000000000000
(1779322182.655108) can0 0000E005#1702440003B60591
(1779322182.655665) can0 1806E5F4#13CC010003B6023A
(1779322182.656516) can0 0000E000#13CC13CC020D0000
(1779322182.657491) can0 0000E004#181803B603B601E1
(1779322182.658477) can0 0000E006#0CD50CD50CD50CD5
(1779322182.659478) can0 0000E007#0CD30CD50CD50CD5
(1779322182.660488) can0 0000E008#0CD50CD50CD50CD5
(1779322182.661477) can0 0000E009#0CD50CD50CD50CD6
(1779322182.662535) can0 0000E010#0000000000000000
(1779322182.663535) can0 0000E011#0000000000000000
(1779322182.664515) can0 0000E012#0CD4000200000000
(1779322182.665530) can0 0000F001#0000000000000000
(1779322182.666516) can0 18FF28F4#10320000020D0000
(1779322182.667497) can0 18FE28F4#0CD60CD340400000
(1779322182.668508) can0 18FD28F4#1702FA6F00000000
(1779322182.669422) can0 4D4#000032007D0D0203
(1779322182.670407) can0 4D5#D30CD60C40400000
(1779322182.671490) can0 18914010#0CD6100CD3050000
(1779322182.672502) can0 18904010#020D020D753001FA
(1779322182.673503) can0 18FA28F4#123EA12C10270000
(1779322182.674500) can0 18FB28F4#D60CD30C40400000
(1779322182.675518) can0 18FC28F4#383200000D020000
(1779322182.676496) can0 18F810F3#0D02E80332640100
(1779322182.677529) can0 18F815F3#0000000010030000
(1779322182.678433) can0 273#000000000D023200
(1779322182.679408) can0 1E1#020D271001FA01FA
(1779322182.680438) can0 1F5#0000000000000000
(1779322182.681516) can0 0800A6A9#0000000000000000
(1779322182.682484) can0 1000A6A9#0D028813324A4A4A
(1779322182.683516) can0 1C00A6A9#0000000000030000
(1779322182.684528) can0 02018100#1003020D00000000
(1779322182.685529) can0 02028100#0000003264000000
(1779322182.686491) can0 02038100#0CD601100CD30105
(1779322182.687510) can0 02048100#4A01014A01010000
(1779322182.688385) can0 1AD#8714000059321818
(1779322182.689402) can0 2AD#D60C800C87140016
(1779322182.690413) can0 3AD#0000000000008714
(1779322182.691427) can0 4AD#EB00000000000000
(1779322182.692436) can0 76A#7F00000000000000
(1779322182.755069) can0 0000E005#1702440003B60591
(1779322182.755618) can0 1806E5F4#13CC010003B6023A
(1779322182.756516) can0 0000E000#13CC13CC020D0000
(1779322182.757495) can0 0000E004#181803B603B601E1
(1779322182.758475) can0 0000E006#0CD50CD50CD50CD5
(1779322182.759487) can0 0000E007#0CD30CD50CD50CD5
(1779322182.760488) can0 0000E008#0CD50CD50CD50CD5
(1779322182.761479) can0 0000E009#0CD50CD50CD50CD6
(1779322182.762533) can0 0000E010#0000000000000000
(1779322182.763532) can0 0000E011#0000000000000000
(1779322182.764514) can0 0000E012#0CD4000200000000
(1779322182.765518) can0 0000F001#0000000000000000
(1779322182.766509) can0 18FF28F4#10320000020D0000
(1779322182.767487) can0 18FE28F4#0CD60CD340400000
(1779322182.768508) can0 18FD28F4#1702FA6F00000000
(1779322182.769426) can0 4D4#000032007D0D0203
(1779322182.770414) can0 4D5#D30CD60C40400000
(1779322182.771483) can0 18914010#0CD6100CD3050000
(1779322182.772496) can0 18904010#020D020D753001FA
(1779322182.773487) can0 18FA28F4#123EA12C10270000
(1779322182.774493) can0 18FB28F4#D60CD30C40400000
(1779322182.775531) can0 18FC28F4#383200000D020000
(1779322182.776490) can0 18F810F3#0D02E80332640100
(1779322182.777530) can0 18F815F3#0000000010030000
(1779322182.778427) can0 273#000000000D023200
(1779322182.779404) can0 1E1#020D271001FA01FA
(1779322182.780437) can0 1F5#0000000000000000
(1779322182.781512) can0 0800A6A9#0000000000000000
(1779322182.782483) can0 1000A6A9#0D028813324A4A4A
(1779322182.783507) can0 1C00A6A9#0000000000030000
(1779322182.784507) can0 02018100#1003020D00000000
(1779322182.785533) can0 02028100#0000003264000000
(1779322182.786509) can0 02038100#0CD601100CD30105
(1779322182.787504) can0 02048100#4A01014A01010000
(1779322182.788388) can0 1AD#8714000059321818
(1779322182.789398) can0 2AD#D60C800C87140016
(1779322182.790413) can0 3AD#0000000000008714
(1779322182.791424) can0 4AD#EB00000000000000
(1779322182.792420) can0 76A#7F00000000000000
(1779322182.855052) can0 0000E005#1702440003B60591
(1779322182.855610) can0 1806E5F4#13CC010003B6023A
(1779322182.856505) can0 0000E000#13CC13CC020D0000
(1779322182.857492) can0 0000E004#181803B603B601E1
(1779322182.858468) can0 0000E006#0CD50CD50CD50CD5
(1779322182.859486) can0 0000E007#0CD50CD50CD50CD5
(1779322182.860484) can0 0000E008#0CD50CD50CD50CD5
(1779322182.861484) can0 0000E009#0CD50CD50CD50CD6
(1779322182.862542) can0 0000E010#0000000000000000
(1779322182.863530) can0 0000E011#0000000000000000
(1779322182.864510) can0 0000E012#0CD5000100000000
(1779322182.865525) can0 0000F001#0000000000000000
(1779322182.866505) can0 18FF28F4#10320000020D0000
(1779322182.867486) can0 18FE28F4#0CD60CD540400000
(1779322182.868504) can0 18FD28F4#1702FA6F00000000
(1779322182.869421) can0 4D4#000032007D0D0203
(1779322182.870430) can0 4D5#D50CD60C40400000
(1779322182.871499) can0 18914010#0CD6100CD5010000
(1779322182.872498) can0 18904010#020D020D753001FA
(1779322182.873492) can0 18FA28F4#123EA12C10270000
(1779322182.874493) can0 18FB28F4#D60CD50C40400000
(1779322182.875505) can0 18FC28F4#383200000D020000
(1779322182.876497) can0 18F810F3#0D02E80332640100
(1779322182.877520) can0 18F815F3#0000000010030000
(1779322182.878455) can0 273#000000000D023200
(1779322182.879403) can0 1E1#020D271001FA01FA
(1779322182.880435) can0 1F5#0000000000000000
(1779322182.881512) can0 0800A6A9#0000000000000000
(1779322182.882478) can0 1000A6A9#0D028813324A4A4A
(1779322182.883512) can0 1C00A6A9#0000000000030000
(1779322182.884505) can0 02018100#1003020D00000000
(1779322182.885506) can0 02028100#0000003264000000
(1779322182.886536) can0 02038100#0CD601100CD50101
(1779322182.887500) can0 02048100#4A01014A01010000
(1779322182.888402) can0 1AD#8814000059321818
(1779322182.889397) can0 2AD#D60C800C88140016
(1779322182.890409) can0 3AD#0000000000008814
(1779322182.891428) can0 4AD#EB00000000000000
(1779322182.892422) can0 76A#7F00000000000000
(1779322182.955088) can0 0000E005#1702440003B60591
(1779322182.955657) can0 1806E5F4#13CC010003B6023A
(1779322182.956498) can0 0000E000#13CC13CC020D0000
(1779322182.957482) can0 0000E004#181803B603B601E1
(1779322182.958464) can0 0000E006#0CD50CD50CD50CD5
(1779322182.959472) can0 0000E007#0CD50CD50CD50CD5
(1779322182.960476) can0 0000E008#0CD50CD50CD50CD5
(1779322182.961475) can0 0000E009#0CD50CD50CD50CD6
(1779322182.962522) can0 0000E010#0000000000000000
(1779322182.963566) can0 0000E011#0000000000000000
(1779322182.964502) can0 0000E012#0CD5000100000000
(1779322182.965514) can0 0000F001#0000000000000000
(1779322182.966497) can0 18FF28F4#10320000020D0000
(1779322182.967472) can0 18FE28F4#0CD60CD540400000
(1779322182.968498) can0 18FD28F4#1702FA6F00000000
(1779322182.969412) can0 4D4#000032007D0D0203
(1779322182.970394) can0 4D5#D50CD60C40400000
(1779322182.971486) can0 18914010#0CD6100CD5010000
(1779322182.972490) can0 18904010#020D020D753001FA
(1779322182.973486) can0 18FA28F4#123EA12C10270000
(1779322182.974484) can0 18FB28F4#D60CD50C40400000
(1779322182.975503) can0 18FC28F4#383200000D020000
(1779322182.976484) can0 18F810F3#0D02E80332640100
(1779322182.977520) can0 18F815F3#0000000010030000
(1779322182.978417) can0 273#000000000D023200
(1779322182.979392) can0 1E1#020D271001FA01FA
(1779322182.980428) can0 1F5#0000000000000000
(1779322182.981503) can0 0800A6A9#0000000000000000
(1779322182.982472) can0 1000A6A9#0D028813324A4A4A
(1779322182.983498) can0 1C00A6A9#0000000000030000
(1779322182.984503) can0 02018100#1003020D00000000
(1779322182.985497) can0 02028100#0000003264000000
(1779322182.986479) can0 02038100#0CD601100CD50101
(1779322182.987497) can0 02048100#4A01014A01010000
(1779322182.988396) can0 1AD#8814000059321818
(1779322182.989394) can0 2AD#D60C800C88140016
(1779322182.990409) can0 3AD#0000000000008814
(1779322182.991413) can0 4AD#EB00000000000000
(1779322182.992415) can0 76A#7F00000000000000
(1779322183.072089) can0 0000E005#1702440003B60591
(1779322183.072646) can0 1806E5F4#13CC010003B6023A
(1779322183.073491) can0 0000E000#13CC13CC020D0000
(1779322183.074477) can0 0000E004#181803B603B601E1
(1779322183.075456) can0 0000E006#0CD50CD50CD50CD5
(1779322183.076475) can0 0000E007#0CD50CD50CD50CD5
(1779322183.077488) can0 0000E008#0CD50CD50CD50CD5
(1779322183.078476) can0 0000E009#0CD50CD50CD50CD6
(1779322183.079519) can0 0000E010#0000000000000000
(1779322183.080515) can0 0000E011#0000000000000000
(1779322183.081494) can0 0000E012#0CD5000000000000
(1779322183.082464) can0 0000E013#4542323630354C43
(1779322183.083495) can0 0000E014#3134323300000000
(1779322183.084509) can0 0000E015#0000000000000003
(1779322183.085532) can0 0000F000#0000000000000000
(1779322183.086509) can0 0000F001#0000000000000000
(1779322183.087501) can0 18FF28F4#10320000020D0000
(1779322183.088489) can0 18FE28F4#0CD60CD540400000
(1779322183.089482) can0 18FD28F4#1702FA6F00000000
(1779322183.090398) can0 4D4#000032007D0D0203
(1779322183.091386) can0 4D5#D50CD60C40400000
(1779322183.092482) can0 18914010#0CD6100CD5010000
(1779322183.093508) can0 18904010#020D020D753001FA
(1779322183.094495) can0 18924010#4001400100000000
(1779322183.095489) can0 18934010#0000000F0000BC19
(1779322183.096503) can0 18944010#1003000000000000
(1779322183.097514) can0 18954010#0000000000000000
(1779322183.098516) can0 18954010#0100000000000000
(1779322183.099514) can0 18954010#0200000000000000
(1779322183.100515) can0 18954010#0300000000000000
(1779322183.101546) can0 18954010#0400000000000000
(1779322183.102496) can0 18954010#0500000000000000
(1779322183.103508) can0 18964010#0040404000000000
(1779322183.104508) can0 18974010#0000000000000000
(1779322183.105502) can0 18984010#0000000000000000
(1779322183.106484) can0 18FA28F4#123EA12C10270000
(1779322183.107482) can0 18FB28F4#D60CD50C40400000
(1779322183.108509) can0 18FC28F4#383200000D020000
(1779322183.109500) can0 18F810F3#0D02E80332640100
(1779322183.110490) can0 18F811F3#D60C1001D50C0101
(1779322183.111482) can0 18F812F3#4001014001010000
(1779322183.112516) can0 18F813F3#0101000000000000
(1779322183.113477) can0 18F814F3#3200EA1AA9015F00
(1779322183.114510) can0 18F815F3#0000000010030000
(1779322183.115406) can0 273#000000000D023200
(1779322183.116387) can0 1E1#020D271001FA01FA
(1779322183.117464) can0 1F5#0000000000000000
(1779322183.118496) can0 0800A6A9#0000000000000000
(1779322183.119464) can0 1000A6A9#0D028813324A4A4A
(1779322183.120496) can0 1C00A6A9#0000000000030000
(1779322183.121500) can0 02018100#1003020D00000000
(1779322183.122511) can0 02028100#0000003264000000
(1779322183.123490) can0 02038100#0CD601100CD50101
(1779322183.124483) can0 02048100#4A01014A01010000
(1779322183.125386) can0 1AD#8814000059321818
(1779322183.126387) can0 2AD#D60C800C88140016
(1779322183.127400) can0 3AD#0000000000008814
(1779322183.128413) can0 4AD#EB00000000000000
(1779322183.129411) can0 76A#7F00000000000000
(1779322183.188031) can0 0000E005#1702440003B60591
(1779322183.188583) can0 1806E5F4#13CC010003B6023A
(1779322183.189486) can0 0000E000#13CC13CC020D0000
(1779322183.190475) can0 0000E004#181803B603B601E1
(1779322183.191467) can0 0000E006#0CD50CD50CD50CD5
(1779322183.192460) can0 0000E007#0CD50CD50CD50CD5
(1779322183.193461) can0 0000E008#0CD50CD50CD50CD5
(1779322183.194460) can0 0000E009#0CD50CD50CD50CD6
(1779322183.195505) can0 0000E010#0000000000000000
(1779322183.196505) can0 0000E011#0000000000000000
(1779322183.197487) can0 0000E012#0CD5000000000000
(1779322183.198514) can0 0000F001#0000000000000000
(1779322183.199499) can0 18FF28F4#10320000020D0000
(1779322183.200479) can0 18FE28F4#0CD60CD540400000
(1779322183.201481) can0 18FD28F4#1702FA6F00000000
(1779322183.202394) can0 4D4#000032007D0D0203
(1779322183.203378) can0 4D5#D50CD60C40400000
(1779322183.204473) can0 18914010#0CD6100CD5010000
(1779322183.205475) can0 18904010#020D020D753001FA
(1779322183.206474) can0 18FA28F4#123EA12C10270000
(1779322183.207474) can0 18FB28F4#D60CD50C40400000
(1779322183.208499) can0 18FC28F4#383200000D020000
(1779322183.209467) can0 18F810F3#0D02E80332640100
(1779322183.210497) can0 18F815F3#0000000010030000
(1779322183.211398) can0 273#000000000D023200
(1779322183.212384) can0 1E1#020D271001FA01FA
(1779322183.213410) can0 1F5#0000000000000000
(1779322183.214491) can0 0800A6A9#0000000000000000
(1779322183.215455) can0 1000A6A9#0D028813324A4A4A
(1779322183.216487) can0 1C00A6A9#0000000000030000
(1779322183.217500) can0 02018100#1003020D00000000
(1779322183.218500) can0 02028100#0000003264000000
(1779322183.219480) can0 02038100#0CD601100CD50101
(1779322183.220480) can0 02048100#4A01014A01010000
(1779322183.221378) can0 1AD#8814000059321818
(1779322183.222391) can0 2AD#D60C800C88140016
(1779322183.223404) can0 3AD#0000000000008814
(1779322183.224404) can0 4AD#EB00000000000000
(1779322183.225397) can0 76A#7F00000000000000
(1779322183.288026) can0 0000E005#1702440003B60591
(1779322183.288588) can0 1806E5F4#13CC010003B6023A
(1779322183.289490) can0 0000E000#13CC13CC020D0000
(1779322183.290472) can0 0000E004#181803B603B601E1
(1779322183.291451) can0 0000E006#0CD50CD50CD50CD5
(1779322183.292465) can0 0000E007#0CD50CD50CD50CD5
(1779322183.293464) can0 0000E008#0CD50CD50CD50CD5
(1779322183.294466) can0 0000E009#0CD50CD50CD50CD6
(1779322183.295509) can0 0000E010#0000000000000000
(1779322183.296509) can0 0000E011#0000000000000000
(1779322183.297490) can0 0000E012#0CD5000000000000
(1779322183.298503) can0 0000F001#0000000000000000
(1779322183.299485) can0 18FF28F4#10320000020D0000
(1779322183.300472) can0 18FE28F4#0CD60CD540400000
(1779322183.301484) can0 18FD28F4#1702FA6F00000000
(1779322183.302401) can0 4D4#000032007D0D0203
(1779322183.303381) can0 4D5#D50CD60C40400000
(1779322183.304465) can0 18914010#0CD6100CD5010000
(1779322183.305478) can0 18904010#020D020D753001FA
(1779322183.306479) can0 18FA28F4#123EA12C10270000
(1779322183.307456) can0 18FB28F4#D60CD50C40400000
(1779322183.308504) can0 18FC28F4#383200000D020000
(1779322183.309458) can0 18F810F3#0D02E80332640100
(1779322183.310486) can0 18F815F3#0000000010030000
(1779322183.311388) can0 273#000000000D023200
(1779322183.312388) can0 1E1#020D271001FA01FA
(1779322183.313420) can0 1F5#0000000000000000
(1779322183.314498) can0 0800A6A9#0000000000000000
(1779322183.315465) can0 1000A6A9#0D028813324A4A4A
(1779322183.316511) can0 1C00A6A9#0000000000030000
(1779322183.317491) can0 02018100#1003020D00000000
(1779322183.318487) can0 02028100#0000003264000000
(1779322183.319471) can0 02038100#0CD601100CD50101
(1779322183.320485) can0 02048100#4A01014A01010000
(1779322183.321383) can0 1AD#8814000059321818
(1779322183.322381) can0 2AD#D60C800C88140016
(1779322183.323396) can0 3AD#0000000000008814
(1779322183.324421) can0 4AD#EB00000000000000
(1779322183.325402) can0 76A#7F00000000000000
(1779322183.388063) can0 0000E005#1702440003B60591
(1779322183.388638) can0 1806E5F4#13CC010003B6023A
(1779322183.389476) can0 0000E000#13CC13CC020D0000
(1779322183.390469) can0 0000E004#181803B603B601E1
(1779322183.391453) can0 0000E006#0CD50CD50CD50CD5
(1779322183.392450) can0 0000E007#0CD50CD50CD50CD5
(1779322183.393482) can0 0000E008#0CD50CD50CD50CD3
(1779322183.394450) can0 0000E009#0CD50CD50CD50CD6
(1779322183.395488) can0 0000E010#0000000000000000
(1779322183.396495) can0 0000E011#0000000000000000
(1779322183.397477) can0 0000E012#0CD5000200000000
(1779322183.398508) can0 0000F001#0000000000000000
(1779322183.399489) can0 18FF28F4#10320000020D0000
(1779322183.400469) can0 18FE28F4#0CD60CD340400000
(1779322183.401502) can0 18FD28F4#1702FA6F00000000
(1779322183.402385) can0 4D4#000032007D0D0203
(1779322183.403362) can0 4D5#D30CD60C40400000
(1779322183.404463) can0 18914010#0CD6100CD30C0000
(1779322183.405463) can0 18904010#020D020D753001FA
(1779322183.406477) can0 18FA28F4#123EA12C10270000
(1779322183.407454) can0 18FB28F4#D60CD30C40400000
(1779322183.408488) can0 18FC28F4#383200000D020000
(1779322183.409503) can0 18F810F3#0D02E80332640100
(1779322183.410482) can0 18F815F3#0000000010030000
(1779322183.411387) can0 273#000000000D023200
(1779322183.412367) can0 1E1#020D271001FA01FA
(1779322183.413399) can0 1F5#0000000000000000
(1779322183.414496) can0 0800A6A9#0000000000000000
(1779322183.415438) can0 1000A6A9#0D028813324A4A4A
(1779322183.416476) can0 1C00A6A9#0000000000030000
(1779322183.417540) can0 02018100#1003020D00000000
(1779322183.418489) can0 02028100#0000003264000000
(1779322183.419467) can0 02038100#0CD601100CD3010C
(1779322183.420463) can0 02048100#4A01014A01010000
(1779322183.421368) can0 1AD#8814000059321818
(1779322183.422380) can0 2AD#D60C800C88140016
(1779322183.423393) can0 3AD#0000000000008814
(1779322183.424388) can0 4AD#EB00000000000000
(1779322183.425400) can0 76A#7F00000000000000
(1779322183.488029) can0 0000E005#1702440003B60591
(1779322183.488576) can0 1806E5F4#13CC010003B6023A
(1779322183.489480) can0 0000E000#13CC13CC020D0000
(1779322183.490463) can0 0000E004#181803B603B601E1
(1779322183.491440) can0 0000E006#0CD50CD50CD50CD5
(1779322183.492442) can0 0000E007#0CD50CD50CD50CD5
(1779322183.493454) can0 0000E008#0CD50CD50CD50CD3
(1779322183.494506) can0 0000E009#0CD50CD50CD50CD6
(1779322183.495499) can0 0000E010#0000000000000000
(1779322183.496499) can0 0000E011#0000000000000000
(1779322183.497467) can0 0000E012#0CD5000200000000
(1779322183.498500) can0 0000F001#0000000000000000
(1779322183.499479) can0 18FF28F4#10320000020D0000
(1779322183.500457) can0 18FE28F4#0CD60CD340400000
(1779322183.501473) can0 18FD28F4#1702FA6F00000000
(1779322183.502378) can0 4D4#000032007D0D0203
(1779322183.503378) can0 4D5#D30CD60C40400000
(1779322183.504448) can0 18914010#0CD6100CD30C0000
(1779322183.505454) can0 18904010#020D020D753001FA
(1779322183.506469) can0 18FA28F4#123EA12C10270000
(1779322183.507449) can0 18FB28F4#D60CD30C40400000
(1779322183.508481) can0 18FC28F4#383200000D020000
(1779322183.509448) can0 18F810F3#0D02E80332640100
(1779322183.510494) can0 18F815F3#0000000010030000
(1779322183.511377) can0 273#000000000D023200
(1779322183.512374) can0 1E1#020D271001FA01FA
(1779322183.513410) can0 1F5#0000000000000000
(1779322183.514487) can0 0800A6A9#0000000000000000
(1779322183.515454) can0 1000A6A9#0D028813324A4A4A
(1779322183.516481) can0 1C00A6A9#0000000000030000
(1779322183.517480) can0 02018100#1003020D00000000
(1779322183.518482) can0 02028100#0000003264000000
(1779322183.519461) can0 02038100#0CD601100CD3010C
(1779322183.520474) can0 02048100#4A01014A01010000
(1779322183.521371) can0 1AD#8814000059321818
(1779322183.522374) can0 2AD#D60C800C88140016
(1779322183.523385) can0 3AD#0000000000008814
(1779322183.524390) can0 4AD#EB00000000000000
(1779322183.525391) can0 76A#7F00000000000000
(1779322183.605029) can0 0000E005#1702440003B60591
(1779322183.605577) can0 1806E5F4#13CC010003B6023A
(1779322183.606477) can0 0000E000#13CC13CC020D0000
(1779322183.607459) can0 0000E004#181803B603B601E1
(1779322183.608461) can0 0000E006#0CD50CD50CD50CD5
(1779322183.609439) can0 0000E007#0CD50CD50CD50CD5
(1779322183.610442) can0 0000E008#0CD50CD50CD50CD5
(1779322183.611433) can0 0000E009#0CD50CD50CD50CD6
(1779322183.612499) can0 0000E010#0000000000000000
(1779322183.613478) can0 0000E011#0000000000000000
(1779322183.614478) can0 0000E012#0CD5000000000000
(1779322183.615446) can0 0000E013#4542323630354C43
(1779322183.616491) can0 0000E014#3134323300000000
(1779322183.617491) can0 0000E015#0000000000000003
(1779322183.618486) can0 0000F000#0000000000000000
(1779322183.619491) can0 0000F001#0000000000000000
(1779322183.620473) can0 18FF28F4#10320000020D0000
(1779322183.621452) can0 18FE28F4#0CD60CD540400000
(1779322183.622467) can0 18FD28F4#1702FA6F00000000
(1779322183.623383) can0 4D4#000032007D0D0203
(1779322183.624396) can0 4D5#D50CD60C40400000
(1779322183.625458) can0 18914010#0CD6100CD5010000
(1779322183.626455) can0 18904010#020D020D753001FA
(1779322183.627473) can0 18924010#4001400100000000
(1779322183.628473) can0 18934010#000000100000BC19
(1779322183.629472) can0 18944010#1003000000000000
(1779322183.630500) can0 18954010#0000000000000000
(1779322183.631497) can0 18954010#0100000000000000
(1779322183.632517) can0 18954010#0200000000000000
(1779322183.633478) can0 18954010#0300000000000000
(1779322183.634480) can0 18954010#0400000000000000
(1779322183.635478) can0 18954010#0500000000000000
(1779322183.636474) can0 18964010#0040404000000000
(1779322183.637485) can0 18974010#0000000000000000
(1779322183.638479) can0 18984010#0000000000000000
(1779322183.639446) can0 18FA28F4#123EA12C10270000
(1779322183.640492) can0 18FB28F4#D60CD50C40400000
(1779322183.641473) can0 18FC28F4#383200000D020000
(1779322183.642440) can0 18F810F3#0D02E80332640100
(1779322183.643453) can0 18F811F3#D60C1001D50C0101
(1779322183.644467) can0 18F812F3#4001014001010000
(1779322183.645479) can0 18F813F3#0101000000000000
(1779322183.646461) can0 18F814F3#3200EA1AA9015F00
(1779322183.647473) can0 18F815F3#0000000010030000
(1779322183.648423) can0 273#000000000D023200
(1779322183.649371) can0 1E1#020D271001FA01FA
(1779322183.650395) can0 1F5#0000000000000000
(1779322183.651479) can0 0800A6A9#0000000000000000
(1779322183.652447) can0 1000A6A9#0D028813324A4A4A
(1779322183.653479) can0 1C00A6A9#0000000000030000
(1779322183.654470) can0 02018100#1003020D00000000
(1779322183.655473) can0 02028100#0000003264000000
(1779322183.656454) can0 02038100#0CD601100CD50101
(1779322183.657466) can0 02048100#4A01014A01010000
(1779322183.658371) can0 1AD#8814000059321818
(1779322183.659370) can0 2AD#D60C800C88140016
(1779322183.660384) can0 3AD#0000000000008814
(1779322183.661383) can0 4AD#EB00000000000000
(1779322183.662372) can0 76A#7F00000000000000
(1779322183.721008) can0 0000E005#1702440003B60591
(1779322183.721581) can0 1806E5F4#13CC010003B6023A
(1779322183.722462) can0 0000E000#13CC13CC020D0000
(1779322183.723459) can0 0000E004#181803B603B601E1
(1779322183.724443) can0 0000E006#0CD50CD50CD50CD5
(1779322183.725489) can0 0000E007#0CD50CD50CD50CD5
(1779322183.726437) can0 0000E008#0CD50CD50CD50CD5
(1779322183.727438) can0 0000E009#0CD50CD50CD50CD6
(1779322183.728482) can0 0000E010#0000000000000000
(1779322183.729484) can0 0000E011#0000000000000000
(1779322183.730463) can0 0000E012#0CD5000000000000
(1779322183.731474) can0 0000F001#0000000000000000
(1779322183.732476) can0 18FF28F4#10320000020D0000
(1779322183.733459) can0 18FE28F4#0CD60CD540400000
(1779322183.734458) can0 18FD28F4#1702FA6F00000000
(1779322183.735372) can0 4D4#000032007D0D0203
(1779322183.736354) can0 4D5#D50CD60C40400000
(1779322183.737451) can0 18914010#0CD6100CD5010000
(1779322183.738452) can0 18904010#020D020D753001FA
(1779322183.739451) can0 18FA28F4#123EA12C10270000
(1779322183.740444) can0 18FB28F4#D60CD50C40400000
(1779322183.741477) can0 18FC28F4#383200000D020000
(1779322183.742444) can0 18F810F3#0D02E80332640100
(1779322183.743467) can0 18F815F3#0000000010030000
(1779322183.744374) can0 273#000000000D023200
(1779322183.745356) can0 1E1#020D271001FA01FA
(1779322183.746387) can0 1F5#0000000000000000
(1779322183.747482) can0 0800A6A9#0000000000000000
(1779322183.748433) can0 1000A6A9#0D028813324A4A4A
(1779322183.749464) can0 1C00A6A9#0000000000030000
(1779322183.750478) can0 02018100#1003020D00000000
(1779322183.751478) can0 02028100#0000003264000000
(1779322183.752459) can0 02038100#0CD601100CD50101
(1779322183.753452) can0 02048100#4A01014A01010000
(1779322183.754356) can0 1AD#8814000059321818
(1779322183.755361) can0 2AD#D60C800C88140016
(1779322183.756379) can0 3AD#0000000000008814
(1779322183.757374) can0 4AD#EB00000000000000
(1779322183.758385) can0 76A#7F00000000000000
(1779322183.821045) can0 0000E005#1702440003B60591
(1779322183.821607) can0 1806E5F4#13CC010003B6023A
(1779322183.822461) can0 0000E000#13CC13CC020D0000
(1779322183.823439) can0 0000E004#181803B603B601E1
(1779322183.824422) can0 0000E006#0CD50CD50CD50CD5
(1779322183.825441) can0 0000E007#0CD50CD50CD50CD5
(1779322183.826441) can0 0000E008#0CD50CD50CD50CD5
(1779322183.827434) can0 0000E009#0CD50CD50CD50CD6
(1779322183.828476) can0 0000E010#0000000000000000
(1779322183.829478) can0 0000E011#0000000000000000
(1779322183.830466) can0 0000E012#0CD5000000000000
(1779322183.831478) can0 0000F001#0000000000000000
(1779322183.832454) can0 18FF28F4#10320000020D0000
(1779322183.833439) can0 18FE28F4#0CD60CD540400000
(1779322183.834455) can0 18FD28F4#1702FA6F00000000
(1779322183.835369) can0 4D4#000032007D0D0203
(1779322183.836358) can0 4D5#D50CD60C40400000
(1779322183.837452) can0 18914010#0CD6100CD5010000
(1779322183.838448) can0 18904010#020D020D753001FA
(1779322183.839465) can0 18FA28F4#123EA12C10270000
(1779322183.840439) can0 18FB28F4#D60CD50C40400000
(1779322183.841460) can0 18FC28F4#383200000D020000
(1779322183.842442) can0 18F810F3#0D02E80332640100
(1779322183.843472) can0 18F815F3#0000000010030000
(1779322183.844374) can0 273#000000000D023200
(1779322183.845357) can0 1E1#020D271001FA01FA
(1779322183.846391) can0 1F5#0000000000000000
(1779322183.847498) can0 0800A6A9#0000000000000000
(1779322183.848435) can0 1000A6A9#0D028813324A4A4A
(1779322183.849459) can0 1C00A6A9#0000000000030000
(1779322183.850462) can0 02018100#1003020D00000000
(1779322183.851459) can0 02028100#0000003264000000
(1779322183.852440) can0 02038100#0CD601100CD50101
(1779322183.853453) can0 02048100#4A01014A01010000
(1779322183.854352) can0 1AD#8814000059321818
(1779322183.855384) can0 2AD#D60C800C88140016
(1779322183.856365) can0 3AD#0000000000008814
(1779322183.857377) can0 4AD#EB00000000000000
(1779322183.858372) can0 76A#7F00000000000000
(1779322183.921004) can0 0000E005#1702440003B60591
(1779322183.921561) can0 1806E5F4#13CC010003B6023A
(1779322183.922456) can0 0000E000#13CC13CC020D0000
(1779322183.923445) can0 0000E004#181803B603B601E1
(1779322183.924437) can0 0000E006#0CD50CD50CD50CD5
(1779322183.925420) can0 0000E007#0CD50CD50CD50CD5
(1779322183.926418) can0 0000E008#0CD50CD50CD50CD5
(1779322183.927419) can0 0000E009#0CD50CD50CD50CD6
(1779322183.928482) can0 0000E010#0000000000000000
(1779322183.929463) can0 0000E011#0000000000000000
(1779322183.930463) can0 0000E012#0CD5000000000000
(1779322183.931477) can0 0000F001#0000000000000000
(1779322183.932489) can0 18FF28F4#10320000020D0000
(1779322183.933439) can0 18FE28F4#0CD60CD540400000
(1779322183.934457) can0 18FD28F4#1702FA6F00000000
(1779322183.935356) can0 4D4#000032007D0D0203
(1779322183.936354) can0 4D5#D50CD60C40400000
(1779322183.937427) can0 18914010#0CD6100CD5010000
(1779322183.938432) can0 18904010#020D020D753001FA
(1779322183.939446) can0 18FA28F4#123EA12C10270000
(1779322183.940476) can0 18FB28F4#D60CD50C40400000
(1779322183.941458) can0 18FC28F4#383200000D020000
(1779322183.942426) can0 18F810F3#0D02E80332640100
(1779322183.943471) can0 18F815F3#0000000010030000
(1779322183.944355) can0 273#000000000D023200
(1779322183.945356) can0 1E1#020D271001FA01FA
(1779322183.946388) can0 1F5#0000000000000000
(1779322183.947466) can0 0800A6A9#0000000000000000
(1779322183.948464) can0 1000A6A9#0D028813324A4A4A
(1779322183.949465) can0 1C00A6A9#0000000000030000
(1779322183.950459) can0 02018100#1003020D00000000
(1779322183.951458) can0 02028100#0000003264000000
(1779322183.952432) can0 02038100#0CD601100CD50101
(1779322183.953452) can0 02048100#4A01014A01010000
(1779322183.954349) can0 1AD#8814000059321818
(1779322183.955350) can0 2AD#D60C800C88140016
(1779322183.956406) can0 3AD#0000000000008814
(1779322183.957376) can0 4AD#EB00000000000000
(1779322183.958368) can0 76A#7F00000000000000
(1779322184.020988) can0 0000E005#1702440003B60591
(1779322184.021553) can0 1806E5F4#13CC010003B6023A
(1779322184.022457) can0 0000E000#13CC13CC020D0000
(1779322184.023436) can0 0000E004#181803B603B601E1
(1779322184.024417) can0 0000E006#0CD50CD50CD50CD5
(1779322184.025460) can0 0000E007#0CD50CD50CD50CD5
(1779322184.026432) can0 0000E008#0CD50CD50CD50CD5
(1779322184.027429) can0 0000E009#0CD50CD50CD50CD6
(1779322184.028475) can0 0000E010#0000000000000000
(1779322184.029474) can0 0000E011#0000000000000000
(1779322184.030456) can0 0000E012#0CD5000000000000
(1779322184.031468) can0 0000F001#0000000000000000
(1779322184.032456) can0 18FF28F4#10320000020D0000
(1779322184.033432) can0 18FE28F4#0CD60CD540400000
(1779322184.034451) can0 18FD28F4#1702FA6F00000000
(1779322184.035365) can0 4D4#000032007D0D0203
(1779322184.036347) can0 4D5#D50CD60C40400000
(1779322184.037436) can0 18914010#0CD6100CD5010000
(1779322184.038444) can0 18904010#020D020D753001FA
(1779322184.039442) can0 18FA28F4#123EA12C10270000
(1779322184.040437) can0 18FB28F4#D60CD50C40400000
(1779322184.041455) can0 18FC28F4#383200000D020000
(1779322184.042437) can0 18F810F3#0D02E80332640100
(1779322184.043463) can0 18F815F3#0000000010030000
(1779322184.044368) can0 273#000000000D023200
(1779322184.045340) can0 1E1#020D271001FA01FA
(1779322184.046380) can0 1F5#0000000000000000
(1779322184.047456) can0 0800A6A9#0000000000000000
(1779322184.048426) can0 1000A6A9#0D028813324A4A4A
(1779322184.049454) can0 1C00A6A9#0000000000030000
(1779322184.050457) can0 02018100#1003020D00000000
(1779322184.051468) can0 02028100#0000003264000000
(1779322184.052450) can0 02038100#0CD601100CD50101
(1779322184.053442) can0 02048100#4A01014A01010000
(1779322184.054349) can0 1AD#8814000059321818
(1779322184.055361) can0 2AD#D60C800C88140016
(1779322184.056374) can0 3AD#0000000000008814
(1779322184.057362) can0 4AD#EB00000000000000
(1779322184.058368) can0 76A#7F00000000000000
(1779322184.137998) can0 0000E005#1702440003B60591
(1779322184.138553) can0 1806E5F4#13CC010003B6023A
(1779322184.139449) can0 0000E000#13CC13CC020D0000
(1779322184.140435) can0 0000E004#181803B603B601E1
(1779322184.141414) can0 0000E006#0CD50CD50CD50CD5
(1779322184.142417) can0 0000E007#0CD50CD50CD50CD5
(1779322184.143427) can0 0000E008#0CD50CD50CD50CD5
(1779322184.144410) can0 0000E009#0CD50CD50CD50CD6
(1779322184.145473) can0 0000E010#0000000000000000
(1779322184.146474) can0 0000E011#0000000000000000
(1779322184.147452) can0 0000E012#0CD5000000000000
(1779322184.148423) can0 0000E013#4542323630354C43
(1779322184.149454) can0 0000E014#3134323300000000
(1779322184.150468) can0 0000E015#0000000000000003
(1779322184.151460) can0 0000F000#0000000000000000
(1779322184.152461) can0 0000F001#0000000000000000
(1779322184.153448) can0 18FF28F4#10320000020D0000
(1779322184.154430) can0 18FE28F4#0CD60CD540400000
(1779322184.155460) can0 18FD28F4#1702FA6F00000000
(1779322184.156359) can0 4D4#000032007D0D0203
(1779322184.157338) can0 4D5#D50CD60C40400000
(1779322184.158436) can0 18914010#0CD6100CD5010000
(1779322184.159430) can0 18904010#020D020D753001FA
(1779322184.160450) can0 18924010#4001400100000000
(1779322184.161448) can0 18934010#000000110000BC19
(1779322184.162449) can0 18944010#1003000000000000
(1779322184.163486) can0 18954010#0000000000000000
(1779322184.164475) can0 18954010#0100000000000000
(1779322184.165460) can0 18954010#0200000000000000
(1779322184.166455) can0 18954010#0300000000000000
(1779322184.167454) can0 18954010#0400000000000000
(1779322184.168455) can0 18954010#0500000000000000
(1779322184.169448) can0 18964010#0040404000000000
(1779322184.170462) can0 18974010#0000000000000000
(1779322184.171490) can0 18984010#0000000000000000
(1779322184.172423) can0 18FA28F4#123EA12C10270000
(1779322184.173422) can0 18FB28F4#D60CD50C40400000
(1779322184.174456) can0 18FC28F4#383200000D020000
(1779322184.175413) can0 18F810F3#0D02E80332640100
(1779322184.176430) can0 18F811F3#D60C1001D50C0101
(1779322184.177442) can0 18F812F3#4001014001010000
(1779322184.178457) can0 18F813F3#0101000000000000
(1779322184.179468) can0 18F814F3#3200EA1AA9015F00
(1779322184.180449) can0 18F815F3#0000000010030000
(1779322184.181353) can0 273#000000000D023200
(1779322184.182347) can0 1E1#020D271001FA01FA
(1779322184.183368) can0 1F5#0000000000000000
(1779322184.184456) can0 0800A6A9#0000000000000000
(1779322184.185423) can0 1000A6A9#0D028813324A4A4A
(1779322184.186450) can0 1C00A6A9#0000000000030000
(1779322184.187442) can0 02018100#1003020D00000000
(1779322184.188449) can0 02028100#0000003264000000
(1779322184.189429) can0 02038100#0CD601100CD50101
(1779322184.190445) can0 02048100#4A01014A01010000
(1779322184.191346) can0 1AD#8814000059321818
(1779322184.192348) can0 2AD#D60C800C88140016
(1779322184.193360) can0 3AD#0000000000008814
(1779322184.194360) can0 4AD#EB00000000000000
(1779322184.195369) can0 76A#7F00000000000000
(1779322184.254025) can0 0000E005#1702440003B60591
(1779322184.254580) can0 1806E5F4#13CC010003B6023A
(1779322184.255433) can0 0000E000#13CC13CC020D0000
(1779322184.256478) can0 0000E004#181803B603B601E1
(1779322184.257414) can0 0000E006#0CD50CD50CD50CD5
(1779322184.258413) can0 0000E007#0CD50CD50CD50CD5
(1779322184.259414) can0 0000E008#0CD50CD50CD50CD5
(1779322184.260407) can0 0000E009#0CD50CD50CD50CD6
(1779322184.261459) can0 0000E010#0000000000000000
(1779322184.262452) can0 0000E011#0000000000000000
(1779322184.263433) can0 0000E012#0CD5000000000000
(1779322184.264509) can0 0000F001#0000000000000000
(1779322184.265447) can0 18FF28F4#10320000020D0000
(1779322184.266433) can0 18FE28F4#0CD60CD540400000
(1779322184.267446) can0 18FD28F4#1702FA6F00000000
(1779322184.268338) can0 4D4#000032007D0D0203
(1779322184.269344) can0 4D5#D50CD60C40400000
(1779322184.270420) can0 18914010#0CD6100CD5010000
(1779322184.271421) can0 18904010#020D020D753001FA
(1779322184.272433) can0 18FA28F4#123EA12C10270000
(1779322184.273421) can0 18FB28F4#D60CD50C40400000
(1779322184.274446) can0 18FC28F4#383200000D020000
(1779322184.275415) can0 18F810F3#0D02E80332640100
(1779322184.276441) can0 18F815F3#0000000010030000
(1779322184.277345) can0 273#000000000D023200
(1779322184.278344) can0 1E1#020D271001FA01FA
(1779322184.279357) can0 1F5#0000000000000000
(1779322184.280449) can0 0800A6A9#0000000000000000
(1779322184.281402) can0 1000A6A9#0D028813324A4A4A
(1779322184.282434) can0 1C00A6A9#0000000000030000
(1779322184.283447) can0 02018100#1003020D00000000
(1779322184.284446) can0 02028100#0000003264000000
(1779322184.285427) can0 02038100#0CD601100CD50101
(1779322184.286440) can0 02048100#4A01014A01010000
(1779322184.287338) can0 1AD#8814000059321818
(1779322184.288334) can0 2AD#D60C800C88140016
(1779322184.289352) can0 3AD#0000000000008814
(1779322184.290363) can0 4AD#EB00000000000000
(1779322184.291360) can0 76A#7F00000000000000
(1779322184.354011) can0 0000E005#1702440003B60591
(1779322184.354577) can0 1806E5F4#13CC010003B6023A
(1779322184.355429) can0 0000E000#13CC13CC020D0000
(1779322184.356425) can0 0000E004#181803B603B601E1
(1779322184.357411) can0 0000E006#0CD50CD50CD50CD5
(1779322184.358406) can0 0000E007#0CD50CD50CD50CD5
(1779322184.359404) can0 0000E008#0CD50CD50CD50CD5
(1779322184.360405) can0 0000E009#0CD50CD50CD50CD6
(1779322184.361444) can0 0000E010#0000000000000000
(1779322184.362464) can0 0000E011#0000000000000000
(1779322184.363430) can0 0000E012#0CD5000000000000
(1779322184.364463) can0 0000F001#0000000000000000
(1779322184.365437) can0 18FF28F4#10320000020D0000
(1779322184.366426) can0 18FE28F4#0CD60CD540400000
(1779322184.367444) can0 18FD28F4#1702FA6F00000000
(1779322184.368342) can0 4D4#000032007D0D0203
(1779322184.369340) can0 4D5#D50CD60C40400000
(1779322184.370438) can0 18914010#0CD6100CD5010000
(1779322184.371418) can0 18904010#020D020D753001FA
(1779322184.372431) can0 18FA28F4#123EA12C10270000
(1779322184.373406) can0 18FB28F4#D60CD50C40400000
(1779322184.374444) can0 18FC28F4#383200000D020000
(1779322184.375411) can0 18F810F3#0D02E80332640100
(1779322184.376444) can0 18F815F3#0000000010030000
(1779322184.377334) can0 273#000000000D023200
(1779322184.378355) can0 1E1#020D271001FA01FA
(1779322184.379354) can0 1F5#0000000000000000
(1779322184.380451) can0 0800A6A9#0000000000000000
(1779322184.381398) can0 1000A6A9#0D028813324A4A4A
(1779322184.382433) can0 1C00A6A9#0000000000030000
(1779322184.383443) can0 02018100#1003020D00000000
(1779322184.384445) can0 02028100#0000003264000000
(1779322184.385422) can0 02038100#0CD601100CD50101
(1779322184.386452) can0 02048100#4A01014A01010000
(1779322184.387323) can0 1AD#8814000059321818
(1779322184.388336) can0 2AD#D60C800C88140016
(1779322184.389340) can0 3AD#0000000000008814
(1779322184.390362) can0 4AD#EB00000000000000
(1779322184.391354) can0 76A#7F00000000000000
(1779322184.453979) can0 0000E005#1702440003B60591
(1779322184.454531) can0 1806E5F4#13CC010003B6023A
(1779322184.455448) can0 0000E000#13CC13CC020D0000
(1779322184.456415) can0 0000E004#181803B603B601E1
(1779322184.457397) can0 0000E006#0CD50CD50CD50CD5
(1779322184.458410) can0 0000E007#0CD50CD50CD50CD5
(1779322184.459410) can0 0000E008#0CD50CD50CD50CD5
(1779322184.460409) can0 0000E009#0CD50CD50CD50CD6
(1779322184.461455) can0 0000E010#0000000000000000
(1779322184.462446) can0 0000E011#0000000000000000
(1779322184.463455) can0 0000E012#0CD5000000000000
(1779322184.464447) can0 0000F001#0000000000000000
(1779322184.465436) can0 18FF28F4#10320000020D0000
(1779322184.466416) can0 18FE28F4#0CD60CD540400000
(1779322184.467429) can0 18FD28F4#1702FA6F00000000
(1779322184.468345) can0 4D4#000032007D0D0203
(1779322184.469327) can0 4D5#D50CD60C40400000
(1779322184.470418) can0 18914010#0CD6100CD5010000
(1779322184.471455) can0 18904010#020D020D753001FA
(1779322184.472422) can0 18FA28F4#123EA12C10270000
(1779322184.473417) can0 18FB28F4#D60CD50C40400000
(1779322184.474441) can0 18FC28F4#383200000D020000
(1779322184.475417) can0 18F810F3#0D02E80332640100
(1779322184.476447) can0 18F815F3#0000000010030000
(1779322184.477346) can0 273#000000000D023200
(1779322184.478326) can0 1E1#020D271001FA01FA
(1779322184.479391) can0 1F5#0000000000000000
(1779322184.480435) can0 0800A6A9#0000000000000000
(1779322184.481405) can0 1000A6A9#0D028813324A4A4A
(1779322184.482427) can0 1C00A6A9#0000000000030000
(1779322184.483449) can0 02018100#1003020D00000000
(1779322184.484447) can0 02028100#0000003264000000
(1779322184.485432) can0 02038100#0CD601100CD50101
(1779322184.486425) can0 02048100#4A01014A01010000
(1779322184.487372) can0 1AD#8814000059321818
(1779322184.488341) can0 2AD#D60C800C88140016
(1779322184.489353) can0 3AD#0000000000008814
(1779322184.490345) can0 4AD#EB00000000000000
(1779322184.491347) can0 76A#7F00000000000000
(1779322184.554019) can0 0000E005#1702440003B60591
(1779322184.554588) can0 1806E5F4#13CC010003B6023A
(1779322184.555423) can0 0000E000#13CC13CC020D0000
(1779322184.556452) can0 0000E004#181803B603B601E1
(1779322184.557406) can0 0000E006#0CD50CD50CD50CD5
(1779322184.558401) can0 0000E007#0CD50CD50CD50CD5
(1779322184.559398) can0 0000E008#0CD50CD50CD50CD5
(1779322184.560401) can0 0000E009#0CD50CD50CD50CD6
(1779322184.561445) can0 0000E010#0000000000000000
(1779322184.562447) can0 0000E011#0000000000000000
(1779322184.563426) can0 0000E012#0CD5000000000000
(1779322184.564510) can0 0000F001#0000000000000000
(1779322184.565438) can0 18FF28F4#10320000020D0000
(1779322184.566421) can0 18FE28F4#0CD60CD540400000
(1779322184.567415) can0 18FD28F4#1702FA6F00000000
(1779322184.568337) can0 4D4#000032007D0D0203
(1779322184.569318) can0 4D5#D50CD60C40400000
(1779322184.570413) can0 18914010#0CD6100CD5010000
(1779322184.571411) can0 18904010#020D020D753001FA
(1779322184.572458) can0 18FA28F4#123EA12C10270000
(1779322184.573407) can0 18FB28F4#D60CD50C40400000
(1779322184.574441) can0 18FC28F4#383200000D020000
(1779322184.575407) can0 18F810F3#0D02E80332640100
(1779322184.576434) can0 18F815F3#0000000010030000
(1779322184.577337) can0 273#000000000D023200
(1779322184.578319) can0 1E1#020D271001FA01FA
(1779322184.579349) can0 1F5#0000000000000000
(1779322184.580447) can0 0800A6A9#0000000000000000
(1779322184.581394) can0 1000A6A9#0D028813324A4A4A
(1779322184.582424) can0 1C00A6A9#0000000000030000
(1779322184.583439) can0 02018100#1003020D00000000
(1779322184.584440) can0 02028100#0000003264000000
(1779322184.585420) can0 02038100#0CD601100CD50101
(1779322184.586415) can0 02048100#4A01014A01010000
(1779322184.587311) can0 1AD#8814000059321818
(1779322184.588331) can0 2AD#D60C800C88140016
(1779322184.589337) can0 3AD#0000000000008814
(1779322184.590348) can0 4AD#EB00000000000000
(1779322184.591350) can0 76A#7F00000000000000
(1779322184.670969) can0 0000E005#1702440003B60591
(1779322184.671521) can0 1806E5F4#13CC010003B6023A
(1779322184.672418) can0 0000E000#13CC13CC020D0000
(1779322184.673418) can0 0000E004#181803B603B601E1
(1779322184.674400) can0 0000E006#0CD50CD50CD50CD5
(1779322184.675399) can0 0000E007#0CD50CD50CD50CD5
(1779322184.676399) can0 0000E008#0CD50CD50CD50CD5
(1779322184.677399) can0 0000E009#0CD50CD50CD50CD6
(1779322184.678464) can0 0000E010#0000000000000000
(1779322184.679442) can0 0000E011#0000000000000000
(1779322184.680421) can0 0000E012#0CD5000000000000
(1779322184.681386) can0 0000E013#4542323630354C43
(1779322184.682421) can0 0000E014#3134323300000000
(1779322184.683438) can0 0000E015#0000000000000003
(1779322184.684443) can0 0000F000#0000000000000000
(1779322184.685431) can0 0000F001#0000000000000000
(1779322184.686445) can0 18FF28F4#10320000020D0000
(1779322184.687411) can0 18FE28F4#0CD60CD540400000
(1779322184.688426) can0 18FD28F4#1702FA6F00000000
(1779322184.689329) can0 4D4#000032007D0D0203
(1779322184.690324) can0 4D5#D50CD60C40400000
(1779322184.691405) can0 18914010#0CD6100CD5010000
(1779322184.692398) can0 18904010#020D020D753001FA
(1779322184.693431) can0 18924010#4001400100000000
(1779322184.694452) can0 18934010#000000120000BC19
(1779322184.695433) can0 18944010#1003000000000000
(1779322184.696442) can0 18954010#0000000000000000
(1779322184.697444) can0 18954010#0100000000000000
(1779322184.698445) can0 18954010#0200000000000000
(1779322184.699438) can0 18954010#0300000000000000
(1779322184.700439) can0 18954010#0400000000000000
(1779322184.701437) can0 18954010#0500000000000000
(1779322184.702465) can0 18964010#0040404000000000
(1779322184.703431) can0 18974010#0000000000000000
(1779322184.704422) can0 18984010#0000000000000000
(1779322184.705406) can0 18FA28F4#123EA12C10270000
(1779322184.706407) can0 18FB28F4#D60CD50C40400000
(1779322184.707432) can0 18FC28F4#383200000D020000
(1779322184.708399) can0 18F810F3#0D02E80332640100
(1779322184.709412) can0 18F811F3#D60C1001D50C0101
(1779322184.710459) can0 18F812F3#4001014001010000
(1779322184.711438) can0 18F813F3#0101000000000000
(1779322184.712401) can0 18F814F3#3200EA1AA9015F00
(1779322184.713431) can0 18F815F3#0000000010030000
(1779322184.714331) can0 273#000000000D023200
(1779322184.715310) can0 1E1#020D271001FA01FA
(1779322184.716339) can0 1F5#0000000000000000
(1779322184.717438) can0 0800A6A9#0000000000000000
(1779322184.718434) can0 1000A6A9#0D028813324A4A4A
(1779322184.719420) can0 1C00A6A9#0000000000030000
(1779322184.720427) can0 02018100#1003020D00000000
(1779322184.721432) can0 02028100#0000003264000000
(1779322184.722415) can0 02038100#0CD601100CD50101
(1779322184.723406) can0 02048100#4A01014A01010000
(1779322184.724312) can0 1AD#8814000059321818
(1779322184.725323) can0 2AD#D60C800C88140016
(1779322184.726337) can0 3AD#0000000000008814
(1779322184.727337) can0 4AD#EB00000000000000
(1779322184.728331) can0 76A#7F00000000000000
(1779322184.787007) can0 0000E005#1702440003B60591
(1779322184.787564) can0 1806E5F4#13CC010003B6023A
(1779322184.788416) can0 0000E000#13CC13CC020D0000
(1779322184.789395) can0 0000E004#181803B603B601E1
(1779322184.790383) can0 0000E006#0CD50CD50CD50CD5
(1779322184.791397) can0 0000E007#0CD50CD50CD50CD5
(1779322184.792397) can0 0000E008#0CD50CD50CD50CD5
(1779322184.793391) can0 0000E009#0CD50CD50CD50CD6
(1779322184.794442) can0 0000E010#0000000000000000
(1779322184.795487) can0 0000E011#0000000000000000
(1779322184.796424) can0 0000E012#0CD5000000000000
(1779322184.797433) can0 0000F001#0000000000000000
(1779322184.798417) can0 18FF28F4#10320000020D0000
(1779322184.799398) can0 18FE28F4#0CD60CD540400000
(1779322184.800416) can0 18FD28F4#1702FA6F00000000
(1779322184.801330) can0 4D4#000032007D0D0203
(1779322184.802315) can0 4D5#D50CD60C40400000
(1779322184.803411) can0 18914010#0CD6100CD5010000
(1779322184.804403) can0 18904010#020D020D753001FA
(1779322184.805405) can0 18FA28F4#123EA12C10270000
(1779322184.806403) can0 18FB28F4#D60CD50C40400000
(1779322184.807437) can0 18FC28F4#383200000D020000
(1779322184.808397) can0 18F810F3#0D02E80332640100
(1779322184.809425) can0 18F815F3#0000000010030000
(1779322184.810333) can0 273#000000000D023200
(1779322184.811315) can0 1E1#020D271001FA01FA
(1779322184.812340) can0 1F5#0000000000000000
(1779322184.813419) can0 0800A6A9#0000000000000000
(1779322184.814390) can0 1000A6A9#0D028813324A4A4A
(1779322184.815418) can0 1C00A6A9#0000000000030000
(1779322184.816435) can0 02018100#1003020D00000000
(1779322184.817431) can0 02028100#0000003264000000
(1779322184.818410) can0 02038100#0CD601100CD50101
(1779322184.819411) can0 02048100#4A01014A01010000
(1779322184.820308) can0 1AD#8814000059321818
(1779322184.821320) can0 2AD#D60C800C88140016
(1779322184.822333) can0 3AD#0000000000008814
(1779322184.823335) can0 4AD#EB00000000000000
(1779322184.824327) can0 76A#7F00000000000000
(1779322184.886942) can0 0000E005#1702440003B60591
(1779322184.887518) can0 1806E5F4#13CC010003B6023A
(1779322184.888423) can0 0000E000#13CC13CC020D0000
(1779322184.889401) can0 0000E004#181803B603B601E1
(1779322184.890383) can0 0000E006#0CD50CD50CD50CD5
(1779322184.891382) can0 0000E007#0CD50CD50CD50CD5
(1779322184.892395) can0 0000E008#0CD50CD50CD50CD5
(1779322184.893375) can0 0000E009#0CD50CD50CD50CD6
(1779322184.894438) can0 0000E010#0000000000000000
(1779322184.895439) can0 0000E011#0000000000000000
(1779322184.896421) can0 0000E012#0CD5000000000000
(1779322184.897435) can0 0000F001#0000000000000000
(1779322184.898416) can0 18FF28F4#10320000020D0000
(1779322184.899401) can0 18FE28F4#0CD60CD540400000
(1779322184.900416) can0 18FD28F4#1702FA6F00000000
(1779322184.901331) can0 4D4#000032007D0D0203
(1779322184.902313) can0 4D5#D50CD60C40400000
(1779322184.903395) can0 18914010#0CD6100CD5010000
(1779322184.904408) can0 18904010#020D020D753001FA
(1779322184.905401) can0 18FA28F4#123EA12C10270000
(1779322184.906400) can0 18FB28F4#D60CD50C40400000
(1779322184.907414) can0 18FC28F4#383200000D020000
(1779322184.908383) can0 18F810F3#0D02E80332640100
(1779322184.909446) can0 18F815F3#0000000010030000
(1779322184.910312) can0 273#000000000D023200
(1779322184.911312) can0 1E1#020D271001FA01FA
(1779322184.912345) can0 1F5#0000000000000000
(1779322184.913420) can0 0800A6A9#0000000000000000
(1779322184.914390) can0 1000A6A9#0D028813324A4A4A
(1779322184.915421) can0 1C00A6A9#0000000000030000
(1779322184.916416) can0 02018100#1003020D00000000
(1779322184.917448) can0 02028100#0000003264000000
(1779322184.918392) can0 02038100#0CD601100CD50101
(1779322184.919409) can0 02048100#4A01014A01010000
(1779322184.920314) can0 1AD#8814000059321818
(1779322184.921306) can0 2AD#D60C800C88140016
(1779322184.922316) can0 3AD#0000000000008814
(1779322184.923331) can0 4AD#EB00000000000000
(1779322184.924333) can0 76A#7F00000000000000
(1779322184.986953) can0 0000E005#1702440003B60591
(1779322184.987511) can0 1806E5F4#13CC010003B6023A
(1779322184.988412) can0 0000E000#13CC13CC020D0000
(1779322184.989406) can0 0000E004#181803B603B601E1
(1779322184.990373) can0 0000E006#0CD50CD50CD50CD5
(1779322184.991388) can0 0000E007#0CD50CD50CD50CD5
(1779322184.992387) can0 0000E008#0CD50CD50CD50CD5
(1779322184.993387) can0 0000E009#0CD50CD50CD50CD6
(1779322184.994443) can0 0000E010#0000000000000000
(1779322184.995423) can0 0000E011#0000000000000000
(1779322184.996412) can0 0000E012#0CD5000000000000
(1779322184.997426) can0 0000F001#0000000000000000
(1779322184.998427) can0 18FF28F4#10320000020D0000
(1779322184.999389) can0 18FE28F4#0CD60CD540400000
(1779322185.000407) can0 18FD28F4#1702FA6F00000000
(1779322185.001324) can0 4D4#000032007D0D0203
(1779322185.002335) can0 4D5#D50CD60C40400000
(1779322185.003396) can0 18914010#0CD6100CD5010000
(1779322185.004393) can0 18904010#020D020D753001FA
(1779322185.005394) can0 18FA28F4#123EA12C10270000
(1779322185.006393) can0 18FB28F4#D60CD50C40400000
(1779322185.007418) can0 18FC28F4#383200000D020000
(1779322185.008388) can0 18F810F3#0D02E80332640100
(1779322185.009420) can0 18F815F3#0000000010030000
(1779322185.010354) can0 273#000000000D023200
(1779322185.011305) can0 1E1#020D271001FA01FA
(1779322185.012329) can0 1F5#0000000000000000
(1779322185.013414) can0 0800A6A9#0000000000000000
(1779322185.014380) can0 1000A6A9#0D028813324A4A4A
(1779322185.015404) can0 1C00A6A9#0000000000030000
(1779322185.016419) can0 02018100#1003020D00000000
(1779322185.017420) can0 02028100#0000003264000000
(1779322185.018453) can0 02038100#0CD601100CD50101
(1779322185.019393) can0 02048100#4A01014A01010000
(1779322185.020297) can0 1AD#8814000059321818
(1779322185.021312) can0 2AD#D60C800C88140016
(1779322185.022324) can0 3AD#0000000000008814
(1779322185.023324) can0 4AD#EB00000000000000
(1779322185.024336) can0 76A#7F00000000000000
(1779322185.086989) can0 0000E005#1702440003B60591
(1779322185.087558) can0 1806E5F4#13CC010003B6023A
(1779322185.088408) can0 0000E000#13CC13CC020D0000
(1779322185.089396) can0 0000E004#181803B603B601E1
(1779322185.090378) can0 0000E006#0CD50CD50CD50CD5
(1779322185.091372) can0 0000E007#0CD50CD50CD50CD5
(1779322185.092384) can0 0000E008#0CD50CD50CD50CD5
(1779322185.093371) can0 0000E009#0CD50CD50CD50CD6
(1779322185.094437) can0 0000E010#0000000000000000
(1779322185.095460) can0 0000E011#0000000000000000
(1779322185.096417) can0 0000E012#0CD5000000000000
(1779322185.097428) can0 0000F001#0000000000000000
(1779322185.098411) can0 18FF28F4#10320000020D0000
(1779322185.099392) can0 18FE28F4#0CD60CD540400000
(1779322185.100401) can0 18FD28F4#1702FA6F00000000
(1779322185.101307) can0 4D4#000032007D0D0203
(1779322185.102309) can0 4D5#D50CD60C40400000
(1779322185.103398) can0 18914010#0CD6100CD5010000
(1779322185.104381) can0 18904010#020D020D753001FA
(1779322185.105397) can0 18FA28F4#123EA12C10270000
(1779322185.106380) can0 18FB28F4#D60CD50C40400000
(1779322185.107410) can0 18FC28F4#383200000D020000
(1779322185.108372) can0 18F810F3#0D02E80332640100
(1779322185.109422) can0 18F815F3#0000000010030000
(1779322185.110308) can0 273#000000000D023200
(1779322185.111302) can0 1E1#020D271001FA01FA
(1779322185.112332) can0 1F5#0000000000000000
(1779322185.113410) can0 0800A6A9#0000000000000000
(1779322185.114380) can0 1000A6A9#0D028813324A4A4A
(1779322185.115411) can0 1C00A6A9#0000000000030000
(1779322185.116401) can0 02018100#1003020D00000000
(1779322185.117404) can0 02028100#0000003264000000
(1779322185.118386) can0 02038100#0CD601100CD50101
(1779322185.119398) can0 02048100#4A01014A01010000
(1779322185.120297) can0 1AD#8814000059321818
(1779322185.121308) can0 2AD#D60C800C88140016
(1779322185.122310) can0 3AD#0000000000008814
(1779322185.123325) can0 4AD#EB00000000000000
(1779322185.124317) can0 76A#7F00000000000000
(1779322185.203982) can0 0000E005#1702440003B60591
(1779322185.204540) can0 1806E5F4#13CC010003B6023A
(1779322185.205389) can0 0000E000#13CC13CC020D0000
(1779322185.206386) can0 0000E004#181803B603B601E1
(1779322185.207370) can0 0000E006#0CD50CD50CD50CD5
(1779322185.208371) can0 0000E007#0CD50CD50CD50CD5
(1779322185.209382) can0 0000E008#0CD50CD50CD50CD5
(1779322185.210365) can0 0000E009#0CD50CD50CD50CD6
(1779322185.211426) can0 0000E010#0000000000000000
(1779322185.212409) can0 0000E011#0000000000000000
(1779322185.213407) can0 0000E012#0CD5000000000000
(1779322185.214375) can0 0000E013#4542323630354C43
(1779322185.215389) can0 0000E014#3134323300000000
(1779322185.216422) can0 0000E015#0000000000000003
(1779322185.217434) can0 0000F000#0000000000000000
(1779322185.218419) can0 0000F001#0000000000000000
(1779322185.219402) can0 18FF28F4#10320000020D0000
(1779322185.220384) can0 18FE28F4#0CD60CD540400000
(1779322185.221395) can0 18FD28F4#1702FA6F00000000
(1779322185.222313) can0 4D4#000032007D0D0203
(1779322185.223293) can0 4D5#D50CD60C40400000
(1779322185.224390) can0 18914010#0CD6100CD5010000
(1779322185.225408) can0 18904010#020D020D753001FA
(1779322185.226397) can0 18924010#4001400100000000
(1779322185.227402) can0 18934010#000000130000BC19
(1779322185.228403) can0 18944010#1003000000000000
(1779322185.229428) can0 18954010#0000000000000000
(1779322185.230433) can0 18954010#0100000000000000
(1779322185.231410) can0 18954010#0200000000000000
(1779322185.232410) can0 18954010#0300000000000000
(1779322185.233445) can0 18954010#0400000000000000
(1779322185.234412) can0 18954010#0500000000000000
(1779322185.235405) can0 18964010#0040404000000000
(1779322185.236418) can0 18974010#0000000000000000
(1779322185.237415) can0 18984010#0000000000000000
(1779322185.238380) can0 18FA28F4#123EA12C10270000
(1779322185.239381) can0 18FB28F4#D60CD50C40400000
(1779322185.240406) can0 18FC28F4#383200000D020000
(1779322185.241415) can0 18F810F3#0D02E80332640100
(1779322185.242386) can0 18F811F3#D60C1001D50C0101
(1779322185.243399) can0 18F812F3#4001014001010000
(1779322185.244412) can0 18F813F3#0101000000000000
(1779322185.245393) can0 18F814F3#3200EA1AA9015F00
(1779322185.246405) can0 18F815F3#0000000010030000
(1779322185.247309) can0 273#000000000D023200
(1779322185.248304) can0 1E1#020D271001FA01FA
(1779322185.249377) can0 1F5#0000000000000000
(1779322185.250412) can0 0800A6A9#0000000000000000
(1779322185.251374) can0 1000A6A9#0D028813324A4A4A
(1779322185.252405) can0 1C00A6A9#0000000000030000
(1779322185.253404) can0 02018100#1003020D00000000
(1779322185.254406) can0 02028100#0000003264000000
(1779322185.255387) can0 02038100#0CD601100CD50101
(1779322185.256400) can0 02048100#4A01014A01010000
(1779322185.257304) can0 1AD#8814000059321818
(1779322185.258298) can0 2AD#D60C800C88140016
(1779322185.259317) can0 3AD#0000000000008814
(1779322185.260310) can0 4AD#EB00000000000000
(1779322185.261310) can0 76A#7F00000000000000
(1779322185.319939) can0 0000E005#1702440003B60591
(1779322185.320494) can0 1806E5F4#13CC010003B6023A
(1779322185.321389) can0 0000E000#13CC13CC020D0000
(1779322185.322388) can0 0000E004#181803B603B601E1
(1779322185.323371) can0 0000E006#0CD50CD50CD50CD5
(1779322185.324370) can0 0000E007#0CD50CD50CD50CD5
(1779322185.325370) can0 0000E008#0CD50CD50CD50CD5
(1779322185.326416) can0 0000E009#0CD50CD50CD50CD6
(1779322185.327415) can0 0000E010#0000000000000000
(1779322185.328410) can0 0000E011#0000000000000000
(1779322185.329390) can0 0000E012#0CD5000000000000
(1779322185.330420) can0 0000F001#0000000000000000
(1779322185.331409) can0 18FF28F4#10320000020D0000
(1779322185.332390) can0 18FE28F4#0CD60CD540400000
(1779322185.333403) can0 18FD28F4#1702FA6F00000000
(1779322185.334301) can0 4D4#000032007D0D0203
(1779322185.335300) can0 4D5#D50CD60C40400000
(1779322185.336384) can0 18914010#0CD6100CD5010000
(1779322185.337377) can0 18904010#020D020D753001FA
(1779322185.338397) can0 18FA28F4#123EA12C10270000
(1779322185.339379) can0 18FB28F4#D60CD50C40400000
(1779322185.340410) can0 18FC28F4#383200000D020000
(1779322185.341372) can0 18F810F3#0D02E80332640100
(1779322185.342396) can0 18F815F3#0000000010030000
(1779322185.343308) can0 273#000000000D023200
(1779322185.344288) can0 1E1#020D271001FA01FA
(1779322185.345314) can0 1F5#0000000000000000
(1779322185.346405) can0 0800A6A9#0000000000000000
(1779322185.347359) can0 1000A6A9#0D028813324A4A4A
(1779322185.348391) can0 1C00A6A9#0000000000030000
(1779322185.349403) can0 02018100#1003020D00000000
(1779322185.350403) can0 02028100#0000003264000000
(1779322185.351385) can0 02038100#0CD601100CD50101
(1779322185.352385) can0 02048100#4A01014A01010000
(1779322185.353281) can0 1AD#8814000059321818
(1779322185.354291) can0 2AD#D60C800C88140016
(1779322185.355308) can0 3AD#0000000000008814
(1779322185.356321) can0 4AD#EB00000000000000
(1779322185.357320) can0 76A#7F00000000000000
(1779322185.419938) can0 0000E005#1702440003B60591
(1779322185.420499) can0 1806E5F4#13CC010003B6023A
(1779322185.421401) can0 0000E000#13CC13CC020D0000
(1779322185.422380) can0 0000E004#181803B603B601E1
(1779322185.423362) can0 0000E006#0CD50CD50CD50CD5
(1779322185.424361) can0 0000E007#0CD50CD50CD50CD5
(1779322185.425375) can0 0000E008#0CD50CD50CD50CD5
(1779322185.426356) can0 0000E009#0CD50CD50CD50CD6
(1779322185.427416) can0 0000E010#0000000000000000
(1779322185.428419) can0 0000E011#0000000000000000
(1779322185.429401) can0 0000E012#0CD5000000000000
(1779322185.430413) can0 0000F001#0000000000000000
(1779322185.431393) can0 18FF28F4#10320000020D0000
(1779322185.432381) can0 18FE28F4#0CD60CD540400000
(1779322185.433394) can0 18FD28F4#1702FA6F00000000
(1779322185.434311) can0 4D4#000032007D0D0203
(1779322185.435292) can0 4D5#D50CD60C40400000
(1779322185.436388) can0 18914010#0CD6100CD5010000
(1779322185.437388) can0 18904010#020D020D753001FA
(1779322185.438382) can0 18FA28F4#123EA12C10270000
(1779322185.439377) can0 18FB28F4#D60CD50C40400000
(1779322185.440414) can0 18FC28F4#383200000D020000
(1779322185.441382) can0 18F810F3#0D02E80332640100
(1779322185.442418) can0 18F815F3#0000000010030000
(1779322185.443305) can0 273#000000000D023200
(1779322185.444292) can0 1E1#020D271001FA01FA
(1779322185.445325) can0 1F5#0000000000000000
(1779322185.446401) can0 0800A6A9#0000000000000000
(1779322185.447370) can0 1000A6A9#0D028813324A4A4A
(1779322185.448415) can0 1C00A6A9#0000000000030000
(1779322185.449396) can0 02018100#1003020D00000000
(1779322185.450413) can0 02028100#0000003264000000
(1779322185.451371) can0 02038100#0CD601100CD50101
(1779322185.452388) can0 02048100#4A01014A01010000
(1779322185.453287) can0 1AD#8814000059321818
(1779322185.454305) can0 2AD#D60C800C88140016
(1779322185.455294) can0 3AD#0000000000008814
(1779322185.456344) can0 4AD#EB00000000000000
(1779322185.457312) can0 76A#7F00000000000000
(1779322185.519979) can0 0000E005#1702440003B60591
(1779322185.520536) can0 1806E5F4#13CC010003B6023A
(1779322185.521386) can0 0000E000#13CC13CC020D0000
(1779322185.522387) can0 0000E004#181803B603B601E1
(1779322185.523365) can0 0000E006#0CD50CD50CD50CD5
(1779322185.524358) can0 0000E007#0CD50CD30CD50CD5
(1779322185.525378) can0 0000E008#0CD50CD50CD50CD5
(1779322185.526360) can0 0000E009#0CD50CD50CD50CD6
(1779322185.527405) can0 0000E010#0000000000000000
(1779322185.528402) can0 0000E011#0000000000000000
(1779322185.529386) can0 0000E012#0CD5000200000000
(1779322185.530405) can0 0000F001#0000000000000000
(1779322185.531398) can0 18FF28F4#10320000020D0000
(1779322185.532380) can0 18FE28F4#0CD60CD340400000
(1779322185.533411) can0 18FD28F4#1702FA6F00000000
(1779322185.534297) can0 4D4#000032007D0D0203
(1779322185.535277) can0 4D5#D30CD60C40400000
(1779322185.536373) can0 18914010#0CD6100CD3060000
(1779322185.537370) can0 18904010#020D020D753001FA
(1779322185.538385) can0 18FA28F4#123EA12C10270000
(1779322185.539364) can0 18FB28F4#D60CD30C40400000
(1779322185.540395) can0 18FC28F4#383200000D020000
(1779322185.541396) can0 18F810F3#0D02E80332640100
(1779322185.542397) can0 18F815F3#0000000010030000
(1779322185.543294) can0 273#000000000D023200
(1779322185.544276) can0 1E1#020D271001FA01FA
(1779322185.545307) can0 1F5#0000000000000000
(1779322185.546391) can0 0800A6A9#0000000000000000
(1779322185.547352) can0 1000A6A9#0D028813324A4A4A
(1779322185.548380) can0 1C00A6A9#0000000000030000
(1779322185.549428) can0 02018100#1003020D00000000
(1779322185.550398) can0 02028100#0000003264000000
(1779322185.551377) can0 02038100#0CD601100CD30106
(1779322185.552369) can0 02048100#4A01014A01010000
(1779322185.553274) can0 1AD#8814000059321818
(1779322185.554289) can0 2AD#D60C800C88140016
(1779322185.555301) can0 3AD#0000000000008814
(1779322185.556296) can0 4AD#EB00000000000000
(1779322185.557358) can0 76A#7F00000000000000
(1779322185.619928) can0 0000E005#1702440003B60591
(1779322185.620480) can0 1806E5F4#13CC010003B6023A
(1779322185.621378) can0 0000E000#13CC13CC020D0000
(1779322185.622380) can0 0000E004#181803B603B601E1
(1779322185.623344) can0 0000E006#0CD50CD50CD50CD5
(1779322185.624355) can0 0000E007#0CD50CD30CD50CD5
(1779322185.625353) can0 0000E008#0CD50CD50CD50CD5
(1779322185.626399) can0 0000E009#0CD50CD50CD50CD6
(1779322185.627402) can0 0000E010#0000000000000000
(1779322185.628399) can0 0000E011#0000000000000000
(1779322185.629382) can0 0000E012#0CD5000200000000
(1779322185.630393) can0 0000F001#0000000000000000
(1779322185.631395) can0 18FF28F4#10320000020D0000
(1779322185.632362) can0 18FE28F4#0CD60CD340400000
(1779322185.633370) can0 18FD28F4#1702FA6F00000000
(1779322185.634336) can0 4D4#000032007D0D0203
(1779322185.635273) can0 4D5#D30CD60C40400000
(1779322185.636368) can0 18914010#0CD6100CD3060000
(1779322185.637364) can0 18904010#020D020D753001FA
(1779322185.638380) can0 18FA28F4#123EA12C10270000
(1779322185.639363) can0 18FB28F4#D60CD30C40400000
(1779322185.640395) can0 18FC28F4#383200000D020000
(1779322185.641363) can0 18F810F3#0D02E80332640100
(1779322185.642387) can0 18F815F3#0000000010030000
(1779322185.643294) can0 273#000000000D023200
(1779322185.644273) can0 1E1#020D271001FA01FA
(1779322185.645301) can0 1F5#0000000000000000
(1779322185.646382) can0 0800A6A9#0000000000000000
(1779322185.647350) can0 1000A6A9#0D028813324A4A4A
(1779322185.648382) can0 1C00A6A9#0000000000030000
(1779322185.649393) can0 02018100#1003020D00000000
(1779322185.650394) can0 02028100#0000003264000000
(1779322185.651369) can0 02038100#0CD601100CD30106
(1779322185.652368) can0 02048100#4A01014A01010000
(1779322185.653267) can0 1AD#8814000059321818
(1779322185.654279) can0 2AD#D60C800C88140016
(1779322185.655294) can0 3AD#0000000000008814
(1779322185.656292) can0 4AD#EB00000000000000
(1779322185.657301) can0 76A#7F00000000000000
(1779322185.736933) can0 0000E005#1702440003B60591
(1779322185.737486) can0 1806E5F4#13CC010003B6023A
(1779322185.738366) can0 0000E000#13CC13CC020D0000
(1779322185.739362) can0 0000E004#181803B603B601E1
(1779322185.740348) can0 0000E006#0CD50CD50CD50CD5
(1779322185.741348) can0 0000E007#0CD50CD50CD50CD5
(1779322185.742347) can0 0000E008#0CD50CD50CD50CD5
(1779322185.743343) can0 0000E009#0CD50CD50CD50CD6
(1779322185.744404) can0 0000E010#0000000000000000
(1779322185.745405) can0 0000E011#0000000000000000
(1779322185.746385) can0 0000E012#0CD5000000000000
(1779322185.747351) can0 0000E013#4542323630354C43
(1779322185.748380) can0 0000E014#3134323300000000
(1779322185.749394) can0 0000E015#0000000000000003
(1779322185.750392) can0 0000F000#0000000000000000
(1779322185.751392) can0 0000F001#0000000000000000
(1779322185.752387) can0 18FF28F4#10320000020D0000
(1779322185.753355) can0 18FE28F4#0CD60CD540400000
(1779322185.754367) can0 18FD28F4#1702FA6F00000000
(1779322185.755285) can0 4D4#000032007D0D0203
(1779322185.756304) can0 4D5#D50CD60C40400000
(1779322185.757361) can0 18914010#0CD6100CD5010000
(1779322185.758360) can0 18904010#020D020D753001FA
(1779322185.759374) can0 18924010#4001400100000000
(1779322185.760376) can0 18934010#000000140000BC19
(1779322185.761388) can0 18944010#1003000000000000
(1779322185.762399) can0 18954010#0000000000000000
(1779322185.763393) can0 18954010#0100000000000000
(1779322185.764412) can0 18954010#0200000000000000
(1779322185.765400) can0 18954010#0300000000000000
(1779322185.766393) can0 18954010#0400000000000000
(1779322185.767394) can0 18954010#0500000000000000
(1779322185.768387) can0 18964010#0040404000000000
(1779322185.769388) can0 18974010#0000000000000000
(1779322185.770380) can0 18984010#0000000000000000
(1779322185.771359) can0 18FA28F4#123EA12C10270000
(1779322185.772393) can0 18FB28F4#D60CD50C40400000
(1779322185.773388) can0 18FC28F4#383200000D020000
(1779322185.774355) can0 18F810F3#0D02E80332640100
(1779322185.775366) can0 18F811F3#D60C1001D50C0101
(1779322185.776361) can0 18F812F3#4001014001010000
(1779322185.777394) can0 18F813F3#0101000000000000
(1779322185.778355) can0 18F814F3#3200EA1AA9015F00
(1779322185.779388) can0 18F815F3#0000000010030000
(1779322185.780335) can0 273#000000000D023200
(1779322185.781279) can0 1E1#020D271001FA01FA
(1779322185.782290) can0 1F5#0000000000000000
(1779322185.783383) can0 0800A6A9#0000000000000000
(1779322185.784336) can0 1000A6A9#0D028813324A4A4A
(1779322185.785388) can0 1C00A6A9#0000000000030000
(1779322185.786381) can0 02018100#1003020D00000000
(1779322185.787378) can0 02028100#0000003264000000
(1779322185.788362) can0 02038100#0CD601100CD50101
(1779322185.789363) can0 02048100#4A01014A01010000
(1779322185.790260) can0 1AD#8814000059321818
(1779322185.791280) can0 2AD#D60C800C88140016
(1779322185.792291) can0 3AD#0000000000008814
(1779322185.793292) can0 4AD#EB00000000000000
(1779322185.794285) can0 76A#7F00000000000000
(1779322185.852914) can0 0000E005#1702440003B60591
(1779322185.853473) can0 1806E5F4#13CC010003B6023A
(1779322185.854372) can0 0000E000#13CC13CC020D0000
(1779322185.855358) can0 0000E004#181803B603B601E1
(1779322185.856332) can0 0000E006#0CD50CD50CD50CD5
(1779322185.857384) can0 0000E007#0CD50CD50CD50CD5
(1779322185.858353) can0 0000E008#0CD50CD50CD50CD5
(1779322185.859352) can0 0000E009#0CD50CD50CD50CD6
(1779322185.860398) can0 0000E010#0000000000000000
(1779322185.861396) can0 0000E011#0000000000000000
(1779322185.862379) can0 0000E012#0CD5000000000000
(1779322185.863390) can0 0000F001#0000000000000000
(1779322185.864373) can0 18FF28F4#10320000020D0000
(1779322185.865353) can0 18FE28F4#0CD60CD540400000
(1779322185.866373) can0 18FD28F4#1702FA6F00000000
(1779322185.867280) can0 4D4#000032007D0D0203
(1779322185.868270) can0 4D5#D50CD60C40400000
(1779322185.869364) can0 18914010#0CD6100CD5010000
(1779322185.870360) can0 18904010#020D020D753001FA
(1779322185.871358) can0 18FA28F4#123EA12C10270000
(1779322185.872360) can0 18FB28F4#D60CD50C40400000
(1779322185.873390) can0 18FC28F4#383200000D020000
(1779322185.874353) can0 18F810F3#0D02E80332640100
(1779322185.875386) can0 18F815F3#0000000010030000
(1779322185.876290) can0 273#000000000D023200
(1779322185.877269) can0 1E1#020D271001FA01FA
(1779322185.878302) can0 1F5#0000000000000000
(1779322185.879371) can0 0800A6A9#0000000000000000
(1779322185.880347) can0 1000A6A9#0D028813324A4A4A
(1779322185.881372) can0 1C00A6A9#0000000000030000
(1779322185.882393) can0 02018100#1003020D00000000
(1779322185.883384) can0 02028100#0000003264000000
(1779322185.884367) can0 02038100#0CD601100CD50101
(1779322185.885365) can0 02048100#4A01014A01010000
(1779322185.886265) can0 1AD#8814000059321818
(1779322185.887272) can0 2AD#D60C800C88140016
(1779322185.888290) can0 3AD#0000000000008814
(1779322185.889289) can0 4AD#EB00000000000000
(1779322185.890284) can0 76A#7F00000000000000
(1779322185.952948) can0 0000E005#1702440003B60591
(1779322185.953512) can0 1806E5F4#13CC010003B6023A
(1779322185.954362) can0 0000E000#13CC13CC020D0000
(1779322185.955363) can0 0000E004#181803B603B601E1
(1779322185.956343) can0 0000E006#0CD50CD50CD50CD5
(1779322185.957345) can0 0000E007#0CD50CD50CD50CD5
(1779322185.958337) can0 0000E008#0CD50CD50CD50CD5
(1779322185.959338) can0 0000E009#0CD50CD50CD50CD6
(1779322185.960384) can0 0000E010#0000000000000000
(1779322185.961383) can0 0000E011#0000000000000000
(1779322185.962362) can0 0000E012#0CD5000000000000
(1779322185.963396) can0 0000F001#0000000000000000
(1779322185.964374) can0 18FF28F4#10320000020D0000
(1779322185.965358) can0 18FE28F4#0CD60CD540400000
(1779322185.966375) can0 18FD28F4#1702FA6F00000000
(1779322185.967274) can0 4D4#000032007D0D0203
(1779322185.968257) can0 4D5#D50CD60C40400000
(1779322185.969352) can0 18914010#0CD6100CD5010000
(1779322185.970350) can0 18904010#020D020D753001FA
(1779322185.971364) can0 18FA28F4#123EA12C10270000
(1779322185.972343) can0 18FB28F4#D60CD50C40400000
(1779322185.973378) can0 18FC28F4#383200000D020000
(1779322185.974344) can0 18F810F3#0D02E80332640100
(1779322185.975378) can0 18F815F3#0000000010030000
(1779322185.976270) can0 273#000000000D023200
(1779322185.977256) can0 1E1#020D271001FA01FA
(1779322185.978289) can0 1F5#0000000000000000
(1779322185.979397) can0 0800A6A9#0000000000000000
(1779322185.980331) can0 1000A6A9#0D028813324A4A4A
(1779322185.981364) can0 1C00A6A9#0000000000030000
(1779322185.982375) can0 02018100#1003020D00000000
(1779322185.983377) can0 02028100#0000003264000000
(1779322185.984353) can0 02038100#0CD601100CD50101
(1779322185.985352) can0 02048100#4A01014A01010000
(1779322185.986255) can0 1AD#8814000059321818
(1779322185.987301) can0 2AD#D60C800C88140016
(1779322185.988276) can0 3AD#0000000000008814
(1779322185.989276) can0 4AD#EB00000000000000
(1779322185.990288) can0 76A#7F00000000000000
(1779322186.052923) can0 0000E005#1702440003B60591
(1779322186.053464) can0 1806E5F4#13CC010003B6023A
(1779322186.054368) can0 0000E000#13CC13CC020D0000
(1779322186.055347) can0 0000E004#181803B603B601E1
(1779322186.056342) can0 0000E006#0CD50CD50CD50CD5
(1779322186.057339) can0 0000E007#0CD50CD50CD50CD5
(1779322186.058342) can0 0000E008#0CD50CD50CD50CD5
(1779322186.059341) can0 0000E009#0CD50CD50CD50CD6
(1779322186.060387) can0 0000E010#0000000000000000
(1779322186.061380) can0 0000E011#0000000000000000
(1779322186.062368) can0 0000E012#0CD5000000000000
(1779322186.063379) can0 0000F001#0000000000000000
(1779322186.064394) can0 18FF28F4#10320000020D0000
(1779322186.065347) can0 18FE28F4#0CD60CD540400000
(1779322186.066362) can0 18FD28F4#1702FA6F00000000
(1779322186.067277) can0 4D4#000032007D0D0203
(1779322186.068260) can0 4D5#D50CD60C40400000
(1779322186.069349) can0 18914010#0CD6100CD5010000
(1779322186.070355) can0 18904010#020D020D753001FA
(1779322186.071348) can0 18FA28F4#123EA12C10270000
(1779322186.072381) can0 18FB28F4#D60CD50C40400000
(1779322186.073378) can0 18FC28F4#383200000D020000
(1779322186.074349) can0 18F810F3#0D02E80332640100
(1779322186.075374) can0 18F815F3#0000000010030000
(1779322186.076281) can0 273#000000000D023200
(1779322186.077259) can0 1E1#020D271001FA01FA
(1779322186.078292) can0 1F5#0000000000000000
(1779322186.079367) can0 0800A6A9#0000000000000000
(1779322186.080368) can0 1000A6A9#0D028813324A4A4A
(1779322186.081364) can0 1C00A6A9#0000000000030000
(1779322186.082362) can0 02018100#1003020D00000000
(1779322186.083381) can0 02028100#0000003264000000
(1779322186.084363) can0 02038100#0CD601100CD50101
(1779322186.085352) can0 02048100#4A01014A01010000
(1779322186.086254) can0 1AD#8814000059321818
(1779322186.087267) can0 2AD#D60C800C88140016
(1779322186.088330) can0 3AD#0000000000008814
(1779322186.089277) can0 4AD#EB00000000000000
(1779322186.090273) can0 76A#7F00000000000000
(1779322186.152944) can0 0000E005#1702440003B60591
(1779322186.153466) can0 1806E5F4#13CC010003B6023A
(1779322186.154353) can0 0000E000#13CC13CC020D0000
(1779322186.155361) can0 0000E004#181803B603B601E1
(1779322186.156320) can0 0000E006#0CD50CD50CD50CD5
(1779322186.157372) can0 0000E007#0CD50CD50CD50CD5
(1779322186.158328) can0 0000E008#0CD50CD50CD50CD5
(1779322186.159333) can0 0000E009#0CD50CD50CD50CD6
(1779322186.160377) can0 0000E010#0000000000000000
(1779322186.161379) can0 0000E011#0000000000000000
(1779322186.162358) can0 0000E012#0CD5000000000000
(1779322186.163378) can0 0000F001#0000000000000000
(1779322186.164358) can0 18FF28F4#10320000020D0000
(1779322186.165392) can0 18FE28F4#0CD60CD540400000
(1779322186.166351) can0 18FD28F4#1702FA6F00000000
(1779322186.167277) can0 4D4#000032007D0D0203
(1779322186.168256) can0 4D5#D50CD60C40400000
(1779322186.169354) can0 18914010#0CD6100CD5010000
(1779322186.170347) can0 18904010#020D020D753001FA
(1779322186.171347) can0 18FA28F4#123EA12C10270000
(1779322186.172346) can0 18FB28F4#D60CD50C40400000
(1779322186.173361) can0 18FC28F4#383200000D020000
(1779322186.174345) can0 18F810F3#0D02E80332640100
(1779322186.175373) can0 18F815F3#0000000010030000
(1779322186.176276) can0 273#000000000D023200
(1779322186.177257) can0 1E1#020D271001FA01FA
(1779322186.178283) can0 1F5#0000000000000000
(1779322186.179366) can0 0800A6A9#0000000000000000
(1779322186.180333) can0 1000A6A9#0D028813324A4A4A
(1779322186.181366) can0 1C00A6A9#0000000000030000
(1779322186.182360) can0 02018100#1003020D00000000
(1779322186.183379) can0 02028100#0000003264000000
(1779322186.184340) can0 02038100#0CD601100CD50101
(1779322186.185354) can0 02048100#4A01014A01010000
(1779322186.186250) can0 1AD#8814000059321818
(1779322186.187270) can0 2AD#D60C800C88140016
(1779322186.188264) can0 3AD#0000000000008814
(1779322186.189277) can0 4AD#EB00000000000000
(1779322186.190268) can0 76A#7F00000000000000
(1779322186.269931) can0 0000E005#1702440003B60591
(1779322186.270449) can0 1806E5F4#13CC010003B6023A
(1779322186.271352) can0 0000E000#13CC13CC020D0000
(1779322186.272343) can0 0000E004#181803B603B601E1
(1779322186.273332) can0 0000E006#0CD50CD50CD50CD5
(1779322186.274331) can0 0000E007#0CD50CD50CD50CD5
(1779322186.275326) can0 0000E008#0CD50CD50CD50CD5
(1779322186.276324) can0 0000E009#0CD50CD50CD50CD6
(1779322186.277371) can0 0000E010#0000000000000000
(1779322186.278370) can0 0000E011#0000000000000000
(1779322186.279371) can0 0000E012#0CD5000000000000
(1779322186.280310) can0 0000E013#4542323630354C43
(1779322186.281351) can0 0000E014#3134323300000000
(1779322186.282363) can0 0000E015#0000000000000003
(1779322186.283377) can0 0000F000#0000000000000000
(1779322186.284372) can0 0000F001#0000000000000000
(1779322186.285358) can0 18FF28F4#10320000020D0000
(1779322186.286338) can0 18FE28F4#0CD60CD540400000
(1779322186.287372) can0 18FD28F4#1702FA6F00000000
(1779322186.288255) can0 4D4#000032007D0D0203
(1779322186.289256) can0 4D5#D50CD60C40400000
(1779322186.290332) can0 18914010#0CD6100CD5010000
(1779322186.291352) can0 18904010#020D020D753001FA
(1779322186.292357) can0 18924010#4001400100000000
(1779322186.293346) can0 18934010#000000150000BC19
(1779322186.294357) can0 18944010#1003000000000000
(1779322186.295410) can0 18954010#0000000000000000
(1779322186.296368) can0 18954010#0100000000000000
(1779322186.297371) can0 18954010#0200000000000000
(1779322186.298370) can0 18954010#0300000000000000
(1779322186.299365) can0 18954010#0400000000000000
(1779322186.300364) can0 18954010#0500000000000000
(1779322186.301366) can0 18964010#0040404000000000
(1779322186.302377) can0 18974010#0000000000000000
(1779322186.303403) can0 18984010#0000000000000000
(1779322186.304334) can0 18FA28F4#123EA12C10270000
(1779322186.305333) can0 18FB28F4#D60CD50C40400000
(1779322186.306364) can0 18FC28F4#383200000D020000
(1779322186.307327) can0 18F810F3#0D02E80332640100
(1779322186.308335) can0 18F811F3#D60C1001D50C0101
(1779322186.309353) can0 18F812F3#4001014001010000
(1779322186.310364) can0 18F813F3#0101000000000000
(1779322186.311378) can0 18F814F3#3200EA1AA9015F00
(1779322186.312360) can0 18F815F3#0000000010030000
(1779322186.313264) can0 273#000000000D023200
(1779322186.314255) can0 1E1#020D271001FA01FA
(1779322186.315291) can0 1F5#0000000000000000
(1779322186.316357) can0 0800A6A9#0000000000000000
(1779322186.317334) can0 1000A6A9#0D028813324A4A4A
(1779322186.318358) can0 1C00A6A9#0000000000030000
(1779322186.319411) can0 02018100#1003020D00000000
(1779322186.320353) can0 02028100#0000003264000000
(1779322186.321341) can0 02038100#0CD601100CD50101
(1779322186.322353) can0 02048100#4A01014A01010000
(1779322186.323238) can0 1AD#8814000059321818
(1779322186.324255) can0 2AD#D60C800C88140016
(1779322186.325271) can0 3AD#0000000000008814
(1779322186.326269) can0 4AD#EB00000000000000
(1779322186.327267) can0 76A#7F00000000000000
(1779322186.385942) can0 0000E005#1702440003B60591
(1779322186.386507) can0 1806E5F4#13CC010003B6023A
(1779322186.387355) can0 0000E000#13CC13CC020D0000
(1779322186.388388) can0 0000E004#181803B603B601E1
(1779322186.389317) can0 0000E006#0CD50CD50CD50CD5
(1779322186.390318) can0 0000E007#0CD50CD50CD50CD5
(1779322186.391329) can0 0000E008#0CD50CD50CD50CD5
(1779322186.392318) can0 0000E009#0CD50CD50CD50CD6
(1779322186.393376) can0 0000E010#0000000000000000
(1779322186.394375) can0 0000E011#0000000000000000
(1779322186.395355) can0 0000E012#0CD5000000000000
(1779322186.396420) can0 0000F001#0000000000000000
(1779322186.397346) can0 18FF28F4#10320000020D0000
(1779322186.398337) can0 18FE28F4#0CD60CD540400000
(1779322186.399348) can0 18FD28F4#1702FA6F00000000
(1779322186.400253) can0 4D4#000032007D0D0203
(1779322186.401241) can0 4D5#D50CD60C40400000
(1779322186.402344) can0 18914010#0CD6100CD5010000
(1779322186.403324) can0 18904010#020D020D753001FA
(1779322186.404344) can0 18FA28F4#123EA12C10270000
(1779322186.405324) can0 18FB28F4#D60CD50C40400000
(1779322186.406356) can0 18FC28F4#383200000D020000
(1779322186.407317) can0 18F810F3#0D02E80332640100
(1779322186.408370) can0 18F815F3#0000000010030000
(1779322186.409247) can0 273#000000000D023200
(1779322186.410248) can0 1E1#020D271001FA01FA
(1779322186.411280) can0 1F5#0000000000000000
(1779322186.412363) can0 0800A6A9#0000000000000000
(1779322186.413305) can0 1000A6A9#0D028813324A4A4A
(1779322186.414359) can0 1C00A6A9#0000000000030000
(1779322186.415356) can0 02018100#1003020D00000000
(1779322186.416351) can0 02028100#0000003264000000
(1779322186.417330) can0 02038100#0CD601100CD50101
(1779322186.418344) can0 02048100#4A01014A01010000
(1779322186.419247) can0 1AD#8814000059321818
(1779322186.420242) can0 2AD#D60C800C88140016
(1779322186.421255) can0 3AD#0000000000008814
(1779322186.422268) can0 4AD#EB00000000000000
(1779322186.423267) can0 76A#7F00000000000000
(1779322186.485939) can0 0000E005#1702440003B60591
(1779322186.486488) can0 1806E5F4#13CC010003B6023A
(1779322186.487347) can0 0000E000#13CC13CC020D0000
(1779322186.488328) can0 0000E004#181803B603B601E1
(1779322186.489316) can0 0000E006#0CD50CD50CD50CD5
(1779322186.490307) can0 0000E007#0CD50CD50CD50CD5
(1779322186.491328) can0 0000E008#0CD50CD50CD50CD5
(1779322186.492308) can0 0000E009#0CD50CD50CD50CD6
(1779322186.493373) can0 0000E010#0000000000000000
(1779322186.494371) can0 0000E011#0000000000000000
(1779322186.495354) can0 0000E012#0CD5000000000000
(1779322186.496365) can0 0000F001#0000000000000000
(1779322186.497344) can0 18FF28F4#10320000020D0000
(1779322186.498327) can0 18FE28F4#0CD60CD540400000
(1779322186.499348) can0 18FD28F4#1702FA6F00000000
(1779322186.500244) can0 4D4#000032007D0D0203
(1779322186.501245) can0 4D5#D50CD60C40400000
(1779322186.502340) can0 18914010#0CD6100CD5010000
(1779322186.503321) can0 18904010#020D020D753001FA
(1779322186.504334) can0 18FA28F4#123EA12C10270000
(1779322186.505314) can0 18FB28F4#D60CD50C40400000
(1779322186.506347) can0 18FC28F4#383200000D020000
(1779322186.507317) can0 18F810F3#0D02E80332640100
(1779322186.508360) can0 18F815F3#0000000010030000
(1779322186.509240) can0 273#000000000D023200
(1779322186.510258) can0 1E1#020D271001FA01FA
(1779322186.511278) can0 1F5#0000000000000000
(1779322186.512353) can0 0800A6A9#0000000000000000
(1779322186.513323) can0 1000A6A9#0D028813324A4A4A
(1779322186.514349) can0 1C00A6A9#0000000000030000
(1779322186.515349) can0 02018100#1003020D00000000
(1779322186.516347) can0 02028100#0000003264000000
(1779322186.517323) can0 02038100#0CD601100CD50101
(1779322186.518353) can0 02048100#4A01014A01010000
(1779322186.519240) can0 1AD#8814000059321818
(1779322186.520240) can0 2AD#D60C800C88140016
(1779322186.521246) can0 3AD#0000000000008814
(1779322186.522264) can0 4AD#EB00000000000000
(1779322186.523260) can0 76A#7F00000000000000
(1779322186.585881) can0 0000E005#1702440003B60591
(1779322186.586442) can0 1806E5F4#13CC010003B6023A
(1779322186.587356) can0 0000E000#13CC13CC020D0000
(1779322186.588326) can0 0000E004#181803B603B601E1
(1779322186.589306) can0 0000E006#0CD50CD50CD50CD5
(1779322186.590301) can0 0000E007#0CD50CD30CD50CD5
(1779322186.591319) can0 0000E008#0CD50CD50CD50CD5
(1779322186.592320) can0 0000E009#0CD50CD50CD50CD6
(1779322186.593363) can0 0000E010#0000000000000000
(1779322186.594360) can0 0000E011#0000000000000000
(1779322186.595366) can0 0000E012#0CD5000200000000
(1779322186.596359) can0 0000F001#0000000000000000
(1779322186.597344) can0 18FF28F4#10320000020D0000
(1779322186.598326) can0 18FE28F4#0CD60CD340400000
(1779322186.599340) can0 18FD28F4#1702FA6F00000000
(1779322186.600256) can0 4D4#000032007D0D0203
(1779322186.601236) can0 4D5#D30CD60C40400000
(1779322186.602310) can0 18914010#0CD6100CD3060000
(1779322186.603345) can0 18904010#020D020D753001FA
(1779322186.604333) can0 18FA28F4#123EA12C10270000
(1779322186.605325) can0 18FB28F4#D60CD30C40400000
(1779322186.606341) can0 18FC28F4#383200000D020000
(1779322186.607326) can0 18F810F3#0D02E80332640100
(1779322186.608359) can0 18F815F3#0000000010030000
(1779322186.609255) can0 273#000000000D023200
(1779322186.610238) can0 1E1#020D271001FA01FA
(1779322186.611301) can0 1F5#0000000000000000
(1779322186.612348) can0 0800A6A9#0000000000000000
(1779322186.613314) can0 1000A6A9#0D028813324A4A4A
(1779322186.614341) can0 1C00A6A9#0000000000030000
(1779322186.615345) can0 02018100#1003020D00000000
(1779322186.616359) can0 02028100#0000003264000000
(1779322186.617319) can0 02038100#0CD601100CD30106
(1779322186.618336) can0 02048100#4A01014A01010000
(1779322186.619282) can0 1AD#8814000059321818
(1779322186.620251) can0 2AD#D60C800C88140016
(1779322186.621243) can0 3AD#0000000000008814
(1779322186.622258) can0 4AD#EB00000000000000
(1779322186.623256) can0 76A#7F00000000000000
(1779322186.685968) can0 0000E005#1702440003B60591
(1779322186.686496) can0 1806E5F4#13CC010003B6023A
(1779322186.687326) can0 0000E000#13CC13CC020D0000
(1779322186.688360) can0 0000E004#181803B603B601E1
(1779322186.689312) can0 0000E006#0CD50CD50CD50CD5
(1779322186.690303) can0 0000E007#0CD50CD30CD50CD5
(1779322186.691299) can0 0000E008#0CD50CD50CD50CD5
(1779322186.692304) can0 0000E009#0CD50CD50CD50CD6
(1779322186.693369) can0 0000E010#0000000000000000
(1779322186.694349) can0 0000E011#0000000000000000
(1779322186.695330) can0 0000E012#0CD5000200000000
(1779322186.696412) can0 0000F001#0000000000000000
(1779322186.697344) can0 18FF28F4#10320000020D0000
(1779322186.698323) can0 18FE28F4#0CD60CD340400000
(1779322186.699337) can0 18FD28F4#1702FA6F00000000
(1779322186.700240) can0 4D4#000032007D0D0203
(1779322186.701223) can0 4D5#D30CD60C40400000
(1779322186.702317) can0 18914010#0CD6100CD3060000
(1779322186.703318) can0 18904010#020D020D753001FA
(1779322186.704381) can0 18FA28F4#123EA12C10270000
(1779322186.705319) can0 18FB28F4#D60CD30C40400000
(1779322186.706343) can0 18FC28F4#383200000D020000
(1779322186.707312) can0 18F810F3#0D02E80332640100
(1779322186.708343) can0 18F815F3#0000000010030000
(1779322186.709242) can0 273#000000000D023200
(1779322186.710241) can0 1E1#020D271001FA01FA
(1779322186.711255) can0 1F5#0000000000000000
(1779322186.712349) can0 0800A6A9#0000000000000000
(1779322186.713300) can0 1000A6A9#0D028813324A4A4A
(1779322186.714330) can0 1C00A6A9#0000000000030000
(1779322186.715345) can0 02018100#1003020D00000000
(1779322186.716348) can0 02028100#0000003264000000
(1779322186.717328) can0 02038100#0CD601100CD30106
(1779322186.718329) can0 02048100#4A01014A01010000
(1779322186.719244) can0 1AD#8814000059321818
(1779322186.720234) can0 2AD#D60C800C88140016
(1779322186.721249) can0 3AD#0000000000008814
(1779322186.722260) can0 4AD#EB00000000000000
(1779322186.723254) can0 76A#7F00000000000000
(1779322186.802872) can0 0000E005#1702440003B60591
(1779322186.803433) can0 1806E5F4#13CC010003B6023A
(1779322186.804333) can0 0000E000#13CC13CC020D0000
(1779322186.805329) can0 0000E004#181803B603B601E1
(1779322186.806295) can0 0000E006#0CD50CD50CD50CD5
(1779322186.807310) can0 0000E007#0CD50CD50CD50CD5
(1779322186.808309) can0 0000E008#0CD50CD50CD50CD3
(1779322186.809310) can0 0000E009#0CD50CD50CD50CD6
(1779322186.810354) can0 0000E010#0000000000000000
(1779322186.811355) can0 0000E011#0000000000000000
(1779322186.812334) can0 0000E012#0CD5000200000000
(1779322186.813295) can0 0000E013#4542323630354C43
(1779322186.814334) can0 0000E014#3134323300000000
(1779322186.815349) can0 0000E015#0000000000000003
(1779322186.816360) can0 0000F000#0000000000000000
(1779322186.817346) can0 0000F001#0000000000000000
(1779322186.818361) can0 18FF28F4#10320000020D0000
(1779322186.819324) can0 18FE28F4#0CD60CD340400000
(1779322186.820342) can0 18FD28F4#1702FA6F00000000
(1779322186.821240) can0 4D4#000032007D0D0203
(1779322186.822221) can0 4D5#D30CD60C40400000
(1779322186.823318) can0 18914010#0CD6100CD30C0000
(1779322186.824315) can0 18904010#020D020D753001FA
(1779322186.825343) can0 18924010#4001400100000000
(1779322186.826361) can0 18934010#000000160000BC19
(1779322186.827343) can0 18944010#1003000000000000
(1779322186.828354) can0 18954010#0000000000000000
(1779322186.829354) can0 18954010#0100000000000000
(1779322186.830354) can0 18954010#0200000000000000
(1779322186.831356) can0 18954010#0300000000000000
(1779322186.832347) can0 18954010#0400000000000000
(1779322186.833336) can0 18954010#0500000000000000
(1779322186.834360) can0 18964010#0040404000000000
(1779322186.835343) can0 18974010#0000000000000000
(1779322186.836341) can0 18984010#0000000000000000
(1779322186.837321) can0 18FA28F4#123EA12C10270000
(1779322186.838317) can0 18FB28F4#D60CD30C40400000
(1779322186.839331) can0 18FC28F4#383200000D020000
(1779322186.840311) can0 18F810F3#0D02E80332640100
(1779322186.841306) can0 18F811F3#D60C1001D30C0C01
(1779322186.842354) can0 18F812F3#4001014001010000
(1779322186.843337) can0 18F813F3#0101000000000000
(1779322186.844316) can0 18F814F3#3200EA1AA9015F00
(1779322186.845350) can0 18F815F3#0000000010030000
(1779322186.846247) can0 273#000000000D023200
(1779322186.847228) can0 1E1#020D271001FA01FA
(1779322186.848252) can0 1F5#0000000000000000
(1779322186.849328) can0 0800A6A9#0000000000000000
(1779322186.850348) can0 1000A6A9#0D028813324A4A4A
(1779322186.851331) can0 1C00A6A9#0000000000030000
(1779322186.852349) can0 02018100#1003020D00000000
(1779322186.853339) can0 02028100#0000003264000000
(1779322186.854310) can0 02038100#0CD601100CD3010C
(1779322186.855325) can0 02048100#4A01014A01010000
(1779322186.856228) can0 1AD#8814000059321818
(1779322186.857223) can0 2AD#D60C800C88140016
(1779322186.858240) can0 3AD#0000000000008814
(1779322186.859254) can0 4AD#EB00000000000000
(1779322186.860253) can0 76A#7F00000000000000
(1779322186.918961) can0 0000E005#1702440003B60591
(1779322186.919488) can0 1806E5F4#13CC010003B6023A
(1779322186.920321) can0 0000E000#13CC13CC020D0000
(1779322186.921320) can0 0000E004#181803B603B601E1
(1779322186.922300) can0 0000E006#0CD50CD50CD50CD5
(1779322186.923301) can0 0000E007#0CD50CD50CD50CD5
(1779322186.924295) can0 0000E008#0CD50CD50CD50CD3
(1779322186.925294) can0 0000E009#0CD50CD50CD50CD6
(1779322186.926340) can0 0000E010#0000000000000000
(1779322186.927390) can0 0000E011#0000000000000000
(1779322186.928320) can0 0000E012#0CD5000200000000
(1779322186.929352) can0 0000F001#0000000000000000
(1779322186.930331) can0 18FF28F4#10320000020D0000
(1779322186.931320) can0 18FE28F4#0CD60CD340400000
(1779322186.932315) can0 18FD28F4#1702FA6F00000000
(1779322186.933230) can0 4D4#000032007D0D0203
(1779322186.934211) can0 4D5#D30CD60C40400000
(1779322186.935313) can0 18914010#0CD6100CD30C0000
(1779322186.936308) can0 18904010#020D020D753001FA
(1779322186.937326) can0 18FA28F4#123EA12C10270000
(1779322186.938308) can0 18FB28F4#D60CD30C40400000
(1779322186.939339) can0 18FC28F4#383200000D020000
(1779322186.940302) can0 18F810F3#0D02E80332640100
(1779322186.941333) can0 18F815F3#0000000010030000
(1779322186.942233) can0 273#000000000D023200
(1779322186.943218) can0 1E1#020D271001FA01FA
(1779322186.944251) can0 1F5#0000000000000000
(1779322186.945327) can0 0800A6A9#0000000000000000
(1779322186.946286) can0 1000A6A9#0D028813324A4A4A
(1779322186.947320) can0 1C00A6A9#0000000000030000
(1779322186.948340) can0 02018100#1003020D00000000
(1779322186.949333) can0 02028100#0000003264000000
(1779322186.950315) can0 02038100#0CD601100CD3010C
(1779322186.951314) can0 02048100#4A01014A01010000
(1779322186.952213) can0 1AD#8814000059321818
(1779322186.953225) can0 2AD#D60C800C88140016
(1779322186.954240) can0 3AD#0000000000008814
(1779322186.955238) can0 4AD#EB00000000000000
(1779322186.956232) can0 76A#7F00000000000000
(1779322187.018870) can0 0000E005#1702440003B60591
(1779322187.019432) can0 1806E5F4#13CC010003B6023A
(1779322187.020312) can0 0000E000#13CC13CC020D0000
(1779322187.021313) can0 0000E004#181803B603B601E1
(1779322187.022292) can0 0000E006#0CD50CD50CD50CD5
(1779322187.023293) can0 0000E007#0CD50CD50CD50CD5
(1779322187.024291) can0 0000E008#0CD50CD50CD50CD3
(1779322187.025293) can0 0000E009#0CD50CD50CD50CD6
(1779322187.026337) can0 0000E010#0000000000000000
(1779322187.027327) can0 0000E011#0000000000000000
(1779322187.028318) can0 0000E012#0CD5000200000000
(1779322187.029351) can0 0000F001#0000000000000000
(1779322187.030330) can0 18FF28F4#10320000020D0000
(1779322187.031308) can0 18FE28F4#0CD60CD340400000
(1779322187.032326) can0 18FD28F4#1702FA6F00000000
(1779322187.033230) can0 4D4#000032007D0D0203
(1779322187.034209) can0 4D5#D30CD60C40400000
(1779322187.035307) can0 18914010#0CD6100CD30C0000
(1779322187.036305) can0 18904010#020D020D753001FA
(1779322187.037320) can0 18FA28F4#123EA12C10270000
(1779322187.038298) can0 18FB28F4#D60CD30C40400000
(1779322187.039329) can0 18FC28F4#383200000D020000
(1779322187.040303) can0 18F810F3#0D02E80332640100
(1779322187.041347) can0 18F815F3#0000000010030000
(1779322187.042232) can0 273#000000000D023200
(1779322187.043225) can0 1E1#020D271001FA01FA
(1779322187.044245) can0 1F5#0000000000000000
(1779322187.045341) can0 0800A6A9#0000000000000000
(1779322187.046289) can0 1000A6A9#0D028813324A4A4A
(1779322187.047321) can0 1C00A6A9#0000000000030000
(1779322187.048333) can0 02018100#1003020D00000000
(1779322187.049348) can0 02028100#0000003264000000
(1779322187.050314) can0 02038100#0CD601100CD3010C
(1779322187.051308) can0 02048100#4A01014A01010000
(1779322187.052212) can0 1AD#8814000059321818
(1779322187.053225) can0 2AD#D60C800C88140016
(1779322187.054238) can0 3AD#0000000000008814
(1779322187.055231) can0 4AD#EB00000000000000
(1779322187.056244) can0 76A#7F00000000000000
(1779322187.118850) can0 0000E005#1702440003B60591
(1779322187.119418) can0 1806E5F4#13CC010003B6023A
(1779322187.120315) can0 0000E000#13CC13CC020D0000
(1779322187.121312) can0 0000E004#181803B603B601E1
(1779322187.122294) can0 0000E006#0CD50CD50CD50CD5
(1779322187.123292) can0 0000E007#0CD50CD50CD50CD5
(1779322187.124288) can0 0000E008#0CD50CD50CD50CD5
(1779322187.125285) can0 0000E009#0CD50CD50CD50CD6
(1779322187.126351) can0 0000E010#0000000000000000
(1779322187.127329) can0 0000E011#0000000000000000
(1779322187.128317) can0 0000E012#0CD5000000000000
(1779322187.129340) can0 0000F001#0000000000000000
(1779322187.130329) can0 18FF28F4#10320000020D0000
(1779322187.131309) can0 18FE28F4#0CD60CD540400000
(1779322187.132323) can0 18FD28F4#1702FA6F00000000
(1779322187.133227) can0 4D4#000032007D0D0203
(1779322187.134240) can0 4D5#D50CD60C40400000
(1779322187.135294) can0 18914010#0CD6100CD5010000
(1779322187.136298) can0 18904010#020D020D753001FA
(1779322187.137317) can0 18FA28F4#123EA12C10270000
(1779322187.138298) can0 18FB28F4#D60CD50C40400000
(1779322187.139323) can0 18FC28F4#383200000D020000
(1779322187.140292) can0 18F810F3#0D02E80332640100
(1779322187.141335) can0 18F815F3#0000000010030000
(1779322187.142260) can0 273#000000000D023200
(1779322187.143221) can0 1E1#020D271001FA01FA
(1779322187.144234) can0 1F5#0000000000000000
(1779322187.145329) can0 0800A6A9#0000000000000000
(1779322187.146279) can0 1000A6A9#0D028813324A4A4A
(1779322187.147324) can0 1C00A6A9#0000000000030000
(1779322187.148324) can0 02018100#1003020D00000000
(1779322187.149323) can0 02028100#0000003264000000
(1779322187.150356) can0 02038100#0CD601100CD50101
(1779322187.151311) can0 02048100#4A01014A01010000
(1779322187.152222) can0 1AD#8814000059321818
(1779322187.153214) can0 2AD#D60C800C88140016
(1779322187.154228) can0 3AD#0000000000008814
(1779322187.155240) can0 4AD#EB00000000000000
(1779322187.156241) can0 76A#7F00000000000000
(1779322187.162234) can0 00000E00#00354C4331343233
(1779322187.218894) can0 0000E005#1702440003B60591
(1779322187.219452) can0 1806E5F4#13CC010003B6023A
(1779322187.220309) can0 0000E000#13CC13CC020D0000
(1779322187.221307) can0 0000E004#181803B603B601E1
(1779322187.222290) can0 0000E006#0CD50CD50CD50CD5
(1779322187.223281) can0 0000E007#0CD50CD50CD50CD5
(1779322187.224282) can0 0000E008#0CD50CD50CD50CD5
(1779322187.225280) can0 0000E009#0CD50CD50CD50CD6
(1779322187.226334) can0 0000E010#0000000000000000
(1779322187.227377) can0 0000E011#0000000000000000
(1779322187.228308) can0 0000E012#0CD5000000000000
(1779322187.229339) can0 0000F001#0000000000000000
(1779322187.230321) can0 18FF28F4#10320000020D0000
(1779322187.231298) can0 18FE28F4#0CD60CD540400000
(1779322187.232321) can0 18FD28F4#1702FA6F00000000
(1779322187.233217) can0 4D4#000032007D0D0203
(1779322187.234219) can0 4D5#D50CD60C40400000
(1779322187.235339) can0 18914010#0CD6100CD5010000
(1779322187.236296) can0 18904010#020D020D753001FA
(1779322187.237308) can0 18FA28F4#123EA12C10270000
(1779322187.238296) can0 18FB28F4#D60CD50C40400000
(1779322187.239320) can0 18FC28F4#383200000D020000
(1779322187.240289) can0 18F810F3#0D02E80332640100
(1779322187.241319) can0 18F815F3#0000000010030000
(1779322187.242219) can0 273#000000000D023200
(1779322187.243215) can0 1E1#020D271001FA01FA
(1779322187.244232) can0 1F5#0000000000000000
(1779322187.245327) can0 0800A6A9#0000000000000000
(1779322187.246277) can0 1000A6A9#0D028813324A4A4A
(1779322187.247305) can0 1C00A6A9#0000000000030000
(1779322187.248321) can0 02018100#1003020D00000000
(1779322187.249320) can0 02028100#0000003264000000
(1779322187.250302) can0 02038100#0CD601100CD50101
(1779322187.251314) can0 02048100#4A01014A01010000
(1779322187.252218) can0 1AD#8814000059321818
(1779322187.253212) can0 2AD#D60C800C88140016
(1779322187.254226) can0 3AD#0000000000008814
(1779322187.255222) can0 4AD#EB00000000000000
(1779322187.256238) can0 76A#7F00000000000000
(1779322187.335921) can0 0000E005#1702440003B60591
(1779322187.336476) can0 1806E5F4#13CC010003B6023A
(1779322187.337306) can0 0000E000#13CC13CC020D0000
(1779322187.338294) can0 0000E004#181803B603B601E1
(1779322187.339286) can0 0000E006#0CD50CD30CD50CD5
(1779322187.340288) can0 0000E007#0CD50CD50CD50CD5
(1779322187.341285) can0 0000E008#0CD50CD50CD50CD5
(1779322187.342287) can0 0000E009#0CD50CD50CD50CD6
(1779322187.343330) can0 0000E010#0000000000000000
(1779322187.344332) can0 0000E011#0000000000000000
(1779322187.345309) can0 0000E012#0CD4000200000000
(1779322187.346281) can0 0000E013#4542323630354C43
(1779322187.347305) can0 0000E014#3134323300000000
(1779322187.348325) can0 0000E015#0000000000000003
(1779322187.349332) can0 0000F000#0000000000000000
(1779322187.350319) can0 0000F001#0000000000000000
(1779322187.351318) can0 18FF28F4#10320000020D0000
(1779322187.352300) can0 18FE28F4#0CD60CD340400000
(1779322187.353299) can0 18FD28F4#1702FA6F00000000
(1779322187.354218) can0 4D4#000032007D0D0203
(1779322187.355198) can0 4D5#D30CD60C40400000
(1779322187.356294) can0 18914010#0CD6100CD3020000
(1779322187.357303) can0 18904010#020D020D753001FA
(1779322187.358307) can0 18924010#4001400100000000
(1779322187.359306) can0 18934010#000000170000BC19
(1779322187.360320) can0 18944010#1003000000000000
(1779322187.361328) can0 18954010#0000000000000000
(1779322187.362336) can0 18954010#0100000000000000
(1779322187.363334) can0 18954010#0200000000000000
(1779322187.364327) can0 18954010#0300000000000000
(1779322187.365345) can0 18954010#0400000000000000
(1779322187.366307) can0 18954010#0500000000000000
(1779322187.367319) can0 18964010#0040404000000000
(1779322187.368320) can0 18974010#0000000000000000
(1779322187.369310) can0 18984010#0000000000000000
(1779322187.370294) can0 18FA28F4#123EA12C10270000
(1779322187.371293) can0 18FB28F4#D60CD30C40400000
(1779322187.372331) can0 18FC28F4#383200000D020000
(1779322187.373323) can0 18F810F3#0D02E80332640100
(1779322187.374304) can0 18F811F3#D60C1001D30C0201
(1779322187.375304) can0 18F812F3#4001014001010000
(1779322187.376330) can0 18F813F3#0101000000000000
(1779322187.377296) can0 18F814F3#3200EA1AA9015F00
(1779322187.378322) can0 18F815F3#0000000010030000
(1779322187.379227) can0 273#000000000D023200
(1779322187.380207) can0 1E1#020D271001FA01FA
(1779322187.381274) can0 1F5#0000000000000000
(1779322187.382310) can0 0800A6A9#0000000000000000
(1779322187.383278) can0 1000A6A9#0D028813324A4A4A
(1779322187.384311) can0 1C00A6A9#0000000000030000
(1779322187.385315) can0 02018100#1003020D00000000
(1779322187.386323) can0 02028100#0000003264000000
(1779322187.387303) can0 02038100#0CD601100CD30102
(1779322187.388304) can0 02048100#4A01014A01010000
(1779322187.389232) can0 1AD#8714000059321818
(1779322187.390201) can0 2AD#D60C800C87140016
(1779322187.391214) can0 3AD#0000000000008714
(1779322187.392234) can0 4AD#EB00000000000000
(1779322187.393222) can0 76A#7F00000000000000
(1779322187.451857) can0 0000E005#1702440003B60591
(1779322187.452411) can0 1806E5F4#13CC010003B6023A
(1779322187.453314) can0 0000E000#13CC13CC020D0000
(1779322187.454286) can0 0000E004#181803B603B601E1
(1779322187.455275) can0 0000E006#0CD50CD30CD50CD5
(1779322187.456274) can0 0000E007#0CD50CD50CD50CD5
(1779322187.457287) can0 0000E008#0CD50CD50CD50CD5
(1779322187.458319) can0 0000E009#0CD50CD50CD50CD6
(1779322187.459333) can0 0000E010#0000000000000000
(1779322187.460332) can0 0000E011#0000000000000000
(1779322187.461314) can0 0000E012#0CD4000200000000
(1779322187.462324) can0 0000F001#0000000000000000
(1779322187.463307) can0 18FF28F4#10320000020D0000
(1779322187.464294) can0 18FE28F4#0CD60CD340400000
(1779322187.465307) can0 18FD28F4#1702FA6F00000000
(1779322187.466252) can0 4D4#000032007D0D0203
(1779322187.467206) can0 4D5#D30CD60C40400000
(1779322187.468288) can0 18914010#0CD6100CD3020000
(1779322187.469297) can0 18904010#020D020D753001FA
(1779322187.470297) can0 18FA28F4#123EA12C10270000
(1779322187.471291) can0 18FB28F4#D60CD30C40400000
(1779322187.472304) can0 18FC28F4#383200000D020000
(1779322187.473272) can0 18F810F3#0D02E80332640100
(1779322187.474313) can0 18F815F3#0000000010030000
(1779322187.475202) can0 273#000000000D023200
(1779322187.476201) can0 1E1#020D271001FA01FA
(1779322187.477233) can0 1F5#0000000000000000
(1779322187.478306) can0 0800A6A9#0000000000000000
(1779322187.479278) can0 1000A6A9#0D028813324A4A4A
(1779322187.480310) can0 1C00A6A9#0000000000030000
(1779322187.481303) can0 02018100#1003020D00000000
(1779322187.482304) can0 02028100#0000003264000000
(1779322187.483304) can0 02038100#0CD601100CD30102
(1779322187.484297) can0 02048100#4A01014A01010000
(1779322187.485182) can0 1AD#8714000059321818
(1779322187.486193) can0 2AD#D60C800C87140016
(1779322187.487209) can0 3AD#0000000000008714
(1779322187.488220) can0 4AD#EB00000000000000
(1779322187.489221) can0 76A#7F00000000000000
(1779322187.551835) can0 0000E005#1702440003B60591
(1779322187.552397) can0 1806E5F4#13CC010003B6023A
(1779322187.553295) can0 0000E000#13CC13CC020D0000
(1779322187.554294) can0 0000E004#181803B603B601E1
(1779322187.555276) can0 0000E006#0CD50CD30CD50CD5
(1779322187.556275) can0 0000E007#0CD50CD50CD50CD5
(1779322187.557275) can0 0000E008#0CD50CD50CD50CD5
(1779322187.558268) can0 0000E009#0CD50CD50CD50CD6
(1779322187.559311) can0 0000E010#0000000000000000
(1779322187.560314) can0 0000E011#0000000000000000
(1779322187.561294) can0 0000E012#0CD4000200000000
(1779322187.562327) can0 0000F001#0000000000000000
(1779322187.563303) can0 18FF28F4#10320000020D0000
(1779322187.564295) can0 18FE28F4#0CD60CD340400000
(1779322187.565289) can0 18FD28F4#1702FA6F00000000
(1779322187.566205) can0 4D4#000032007D0D0203
(1779322187.567192) can0 4D5#D30CD60C40400000
(1779322187.568281) can0 18914010#0CD6100CD3020000
(1779322187.569283) can0 18904010#020D020D753001FA
(1779322187.570282) can0 18FA28F4#123EA12C10270000
(1779322187.571273) can0 18FB28F4#D60CD30C40400000
(1779322187.572308) can0 18FC28F4#383200000D020000
(1779322187.573277) can0 18F810F3#0D02E80332640100
(1779322187.574308) can0 18F815F3#0000000010030000
(1779322187.575206) can0 273#000000000D023200
(1779322187.576187) can0 1E1#020D271001FA01FA
(1779322187.577219) can0 1F5#0000000000000000
(1779322187.578314) can0 0800A6A9#0000000000000000
(1779322187.579263) can0 1000A6A9#0D028813324A4A4A
(1779322187.580309) can0 1C00A6A9#0000000000030000
(1779322187.581308) can0 02018100#1003020D00000000
(1779322187.582308) can0 02028100#0000003264000000
(1779322187.583280) can0 02038100#0CD601100CD30102
(1779322187.584282) can0 02048100#4A01014A01010000
(1779322187.585187) can0 1AD#8714000059321818
(1779322187.586180) can0 2AD#D60C800C87140016
(1779322187.587205) can0 3AD#0000000000008714
(1779322187.588238) can0 4AD#EB00000000000000
(1779322187.589218) can0 76A#7F00000000000000
(1779322187.651888) can0 0000E005#1702440003B60591
(1779322187.652436) can0 1806E5F4#13CC010003B6023A
(1779322187.653299) can0 0000E000#13CC13CC020D0000
(1779322187.654278) can0 0000E004#181803B603B601E1
(1779322187.655267) can0 0000E006#0CD50CD50CD50CD5
(1779322187.656260) can0 0000E007#0CD50CD50CD50CD5
(1779322187.657279) can0 0000E008#0CD50CD50CD50CD5
(1779322187.658260) can0 0000E009#0CD50CD50CD50CD6
(1779322187.659324) can0 0000E010#0000000000000000
(1779322187.660316) can0 0000E011#0000000000000000
(1779322187.661298) can0 0000E012#0CD5000000000000
(1779322187.662317) can0 0000F001#0000000000000000
(1779322187.663298) can0 18FF28F4#10320000020D0000
(1779322187.664279) can0 18FE28F4#0CD60CD540400000
(1779322187.665311) can0 18FD28F4#1702FA6F00000000
(1779322187.666209) can0 4D4#000032007D0D0203
(1779322187.667196) can0 4D5#D50CD60C40400000
(1779322187.668284) can0 18914010#0CD6100CD5010000
(1779322187.669286) can0 18904010#020D020D753001FA
(1779322187.670286) can0 18FA28F4#123EA12C10270000
(1779322187.671280) can0 18FB28F4#D60CD50C40400000
(1779322187.672291) can0 18FC28F4#383200000D020000
(1779322187.673292) can0 18F810F3#0D02E80332640100
(1779322187.674312) can0 18F815F3#0000000010030000
(1779322187.675209) can0 273#000000000D023200
(1779322187.676190) can0 1E1#020D271001FA01FA
(1779322187.677223) can0 1F5#0000000000000000
(1779322187.678299) can0 0800A6A9#0000000000000000
(1779322187.679267) can0 1000A6A9#0D028813324A4A4A
(1779322187.680291) can0 1C00A6A9#0000000000030000
(1779322187.681344) can0 02018100#1003020D00000000
(1779322187.682311) can0 02028100#0000003264000000
(1779322187.683293) can0 02038100#0CD601100CD50101
(1779322187.684286) can0 02048100#4A01014A01010000
(1779322187.685190) can0 1AD#8814000059321818
(1779322187.686204) can0 2AD#D60C800C88140016
(1779322187.687216) can0 3AD#0000000000008814
(1779322187.688209) can0 4AD#EB00000000000000
(1779322187.689255) can0 76A#7F00000000000000
(1779322187.751836) can0 0000E005#1702440003B60591
(1779322187.752389) can0 1806E5F4#13CC010003B6023A
(1779322187.753280) can0 0000E000#13CC13CC020D0000
(1779322187.754283) can0 0000E004#181803B603B601E1
(1779322187.755251) can0 0000E006#0CD50CD50CD50CD5
(1779322187.756264) can0 0000E007#0CD50CD50CD50CD5
(1779322187.757256) can0 0000E008#0CD50CD50CD50CD5
(1779322187.758296) can0 0000E009#0CD50CD50CD50CD6
(1779322187.759309) can0 0000E010#0000000000000000
(1779322187.760309) can0 0000E011#0000000000000000
(1779322187.761289) can0 0000E012#0CD5000000000000
(1779322187.762302) can0 0000F001#0000000000000000
(1779322187.763303) can0 18FF28F4#10320000020D0000
(1779322187.764270) can0 18FE28F4#0CD60CD540400000
(1779322187.765284) can0 18FD28F4#1702FA6F00000000
(1779322187.766245) can0 4D4#000032007D0D0203
(1779322187.767181) can0 4D5#D50CD60C40400000
(1779322187.768275) can0 18914010#0CD6100CD5010000
(1779322187.769277) can0 18904010#020D020D753001FA
(1779322187.770290) can0 18FA28F4#123EA12C10270000
(1779322187.771271) can0 18FB28F4#D60CD50C40400000
(1779322187.772303) can0 18FC28F4#383200000D020000
(1779322187.773265) can0 18F810F3#0D02E80332640100
(1779322187.774348) can0 18F815F3#0000000010030000
(1779322187.775200) can0 273#000000000D023200
(1779322187.776174) can0 1E1#020D271001FA01FA
(1779322187.777214) can0 1F5#0000000000000000
(1779322187.778290) can0 0800A6A9#0000000000000000
(1779322187.779259) can0 1000A6A9#0D028813324A4A4A
(1779322187.780281) can0 1C00A6A9#0000000000030000
(1779322187.781303) can0 02018100#1003020D00000000
(1779322187.782304) can0 02028100#0000003264000000
(1779322187.783285) can0 02038100#0CD601100CD50101
(1779322187.784277) can0 02048100#4A01014A01010000
(1779322187.785176) can0 1AD#8814000059321818
(1779322187.786195) can0 2AD#D60C800C88140016
(1779322187.787209) can0 3AD#0000000000008814
(1779322187.788197) can0 4AD#EB00000000000000
(1779322187.789201) can0 76A#7F00000000000000
(1779322187.868821) can0 0000E005#1702440003B60591
(1779322187.869377) can0 1806E5F4#13CC010003B6023A
(1779322187.870280) can0 0000E000#13CC13CC020D0000
(1779322187.871282) can0 0000E004#181803B603B601E1
(1779322187.872262) can0 0000E006#0CD50CD50CD50CD5
(1779322187.873262) can0 0000E007#0CD50CD50CD50CD5
(1779322187.874256) can0 0000E008#0CD50CD50CD50CD5
(1779322187.875257) can0 0000E009#0CD50CD50CD50CD6
(1779322187.876301) can0 0000E010#0000000000000000
(1779322187.877300) can0 0000E011#0000000000000000
(1779322187.878277) can0 0000E012#0CD5000000000000
(1779322187.879251) can0 0000E013#4542323630354C43
(1779322187.880295) can0 0000E014#3134323300000000
(1779322187.881295) can0 0000E015#0000000000000003
(1779322187.882308) can0 0000F000#0000000000000000
(1779322187.883308) can0 0000F001#0000000000000000
(1779322187.884288) can0 18FF28F4#10320000020D0000
(1779322187.885269) can0 18FE28F4#0CD60CD540400000
(1779322187.886282) can0 18FD28F4#1702FA6F00000000
(1779322187.887186) can0 4D4#000032007D0D0203
(1779322187.888199) can0 4D5#D50CD60C40400000
(1779322187.889263) can0 18914010#0CD6100CD5010000
(1779322187.890254) can0 18904010#020D020D753001FA
(1779322187.891296) can0 18924010#4001400100000000
(1779322187.892276) can0 18934010#000000180000BC19
(1779322187.893289) can0 18944010#1003000000000000
(1779322187.894297) can0 18954010#0000000000000000
(1779322187.895302) can0 18954010#0100000000000000
(1779322187.896333) can0 18954010#0200000000000000
(1779322187.897295) can0 18954010#0300000000000000
(1779322187.898297) can0 18954010#0400000000000000
(1779322187.899296) can0 18954010#0500000000000000
(1779322187.900296) can0 18964010#0040404000000000
(1779322187.901290) can0 18974010#0000000000000000
(1779322187.902286) can0 18984010#0000000000000000
(1779322187.903270) can0 18FA28F4#123EA12C10270000
(1779322187.904296) can0 18FB28F4#D60CD50C40400000
(1779322187.905296) can0 18FC28F4#383200000D020000
(1779322187.906255) can0 18F810F3#0D02E80332640100
(1779322187.907270) can0 18F811F3#D60C1001D50C0101
(1779322187.908283) can0 18F812F3#4001014001010000
(1779322187.909296) can0 18F813F3#0101000000000000
(1779322187.910265) can0 18F814F3#3200EA1AA9015F00
(1779322187.911290) can0 18F815F3#0000000010030000
(1779322187.912239) can0 273#000000000D023200
(1779322187.913174) can0 1E1#020D271001FA01FA
(1779322187.914195) can0 1F5#0000000000000000
(1779322187.915297) can0 0800A6A9#0000000000000000
(1779322187.916245) can0 1000A6A9#0D028813324A4A4A
(1779322187.917277) can0 1C00A6A9#0000000000030000
(1779322187.918289) can0 02018100#1003020D00000000
(1779322187.919290) can0 02028100#0000003264000000
(1779322187.920322) can0 02038100#0CD601100CD50101
(1779322187.921270) can0 02048100#4A01014A01010000
(1779322187.922169) can0 1AD#8814000059321818
(1779322187.923188) can0 2AD#D60C800C88140016
(1779322187.924201) can0 3AD#0000000000008814
(1779322187.925201) can0 4AD#EB00000000000000
(1779322187.926195) can0 76A#7F00000000000000
(1779322187.984835) can0 0000E005#1702440003B60591
(1779322187.985386) can0 1806E5F4#13CC010003B6023A
(1779322187.986281) can0 0000E000#13CC13CC020D0000
(1779322187.987263) can0 0000E004#181803B603B601E1
(1779322187.988251) can0 0000E006#0CD50CD50CD50CD5
(1779322187.989293) can0 0000E007#0CD50CD50CD50CD5
(1779322187.990261) can0 0000E008#0CD50CD50CD50CD5
(1779322187.991256) can0 0000E009#0CD50CD50CD50CD6
(1779322187.992306) can0 0000E010#0000000000000000
(1779322187.993299) can0 0000E011#0000000000000000
(1779322187.994286) can0 0000E012#0CD5000000000000
(1779322187.995297) can0 0000F001#0000000000000000
(1779322187.996280) can0 18FF28F4#10320000020D0000
(1779322187.997313) can0 18FE28F4#0CD60CD540400000
(1779322187.998274) can0 18FD28F4#1702FA6F00000000
(1779322187.999193) can0 4D4#000032007D0D0203
(1779322188.000179) can0 4D5#D50CD60C40400000
(1779322188.001275) can0 18914010#0CD6100CD5010000
(1779322188.002268) can0 18904010#020D020D753001FA
(1779322188.003269) can0 18FA28F4#123EA12C10270000
(1779322188.004268) can0 18FB28F4#D60CD50C40400000
(1779322188.005300) can0 18FC28F4#383200000D020000
(1779322188.006262) can0 18F810F3#0D02E80332640100
(1779322188.007291) can0 18F815F3#0000000010030000
(1779322188.008198) can0 273#000000000D023200
(1779322188.009179) can0 1E1#020D271001FA01FA
(1779322188.010204) can0 1F5#0000000000000000
(1779322188.011283) can0 0800A6A9#0000000000000000
(1779322188.012249) can0 1000A6A9#0D028813324A4A4A
(1779322188.013281) can0 1C00A6A9#0000000000030000
(1779322188.014294) can0 02018100#1003020D00000000
(1779322188.015294) can0 02028100#0000003264000000
(1779322188.016275) can0 02038100#0CD601100CD50101
(1779322188.017274) can0 02048100#4A01014A01010000
(1779322188.018172) can0 1AD#8814000059321818
(1779322188.019184) can0 2AD#D60C800C88140016
(1779322188.020206) can0 3AD#0000000000008814
(1779322188.021199) can0 4AD#EB00000000000000
(1779322188.022192) can0 76A#7F00000000000000
(1779322188.084853) can0 0000E005#1702440003B60591
(1779322188.085418) can0 1806E5F4#13CC010003B6023A
(1779322188.086271) can0 0000E000#13CC13CC020D0000
(1779322188.087271) can0 0000E004#181803B603B601E1
(1779322188.088252) can0 0000E006#0CD50CD50CD50CD5
(1779322188.089252) can0 0000E007#0CD50CD50CD50CD5
(1779322188.090246) can0 0000E008#0CD50CD50CD50CD5
(1779322188.091247) can0 0000E009#0CD50CD50CD50CD6
(1779322188.092286) can0 0000E010#0000000000000000
(1779322188.093290) can0 0000E011#0000000000000000
(1779322188.094272) can0 0000E012#0CD5000000000000
(1779322188.095285) can0 0000F001#0000000000000000
(1779322188.096279) can0 18FF28F4#10320000020D0000
(1779322188.097265) can0 18FE28F4#0CD60CD540400000
(1779322188.098285) can0 18FD28F4#1702FA6F00000000
(1779322188.099183) can0 4D4#000032007D0D0203
(1779322188.100182) can0 4D5#D50CD60C40400000
(1779322188.101259) can0 18914010#0CD6100CD5010000
(1779322188.102259) can0 18904010#020D020D753001FA
(1779322188.103273) can0 18FA28F4#123EA12C10270000
(1779322188.104249) can0 18FB28F4#D60CD50C40400000
(1779322188.105285) can0 18FC28F4#383200000D020000
(1779322188.106253) can0 18F810F3#0D02E80332640100
(1779322188.107285) can0 18F815F3#0000000010030000
(1779322188.108182) can0 273#000000000D023200
(1779322188.109183) can0 1E1#020D271001FA01FA
(1779322188.110196) can0 1F5#0000000000000000
(1779322188.111292) can0 0800A6A9#0000000000000000
(1779322188.112240) can0 1000A6A9#0D028813324A4A4A
(1779322188.113272) can0 1C00A6A9#0000000000030000
(1779322188.114285) can0 02018100#1003020D00000000
(1779322188.115285) can0 02028100#0000003264000000
(1779322188.116264) can0 02038100#0CD601100CD50101
(1779322188.117278) can0 02048100#4A01014A01010000
(1779322188.118164) can0 1AD#8814000059321818
(1779322188.119191) can0 2AD#D60C800C88140016
(1779322188.120180) can0 3AD#0000000000008814
(1779322188.121183) can0 4AD#EB00000000000000
(1779322188.122196) can0 76A#7F00000000000000
(1779322188.184823) can0 0000E005#1702440003B60591
(1779322188.185378) can0 1806E5F4#13CC010003B6023A
(1779322188.186263) can0 0000E000#13CC13CC020D0000
(1779322188.187263) can0 0000E004#181803B603B601E1
(1779322188.188244) can0 0000E006#0CD50CD50CD50CD5
(1779322188.189237) can0 0000E007#0CD50CD30CD50CD5
(1779322188.190244) can0 0000E008#0CD50CD50CD50CD5
(1779322188.191238) can0 0000E009#0CD50CD50CD50CD6
(1779322188.192289) can0 0000E010#0000000000000000
(1779322188.193277) can0 0000E011#0000000000000000
(1779322188.194269) can0 0000E012#0CD5000200000000
(1779322188.195295) can0 0000F001#0000000000000000
(1779322188.196295) can0 18FF28F4#10320000020D0000
(1779322188.197264) can0 18FE28F4#0CD60CD340400000
(1779322188.198257) can0 18FD28F4#1702FA6F00000000
(1779322188.199174) can0 4D4#000032007D0D0203
(1779322188.200161) can0 4D5#D30CD60C40400000
(1779322188.201252) can0 18914010#0CD6100CD3060000
(1779322188.202250) can0 18904010#020D020D753001FA
(1779322188.203263) can0 18FA28F4#123EA12C10270000
(1779322188.204282) can0 18FB28F4#D60CD30C40400000
(1779322188.205274) can0 18FC28F4#383200000D020000
(1779322188.206244) can0 18F810F3#0D02E80332640100
(1779322188.207276) can0 18F815F3#0000000010030000
(1779322188.208174) can0 273#000000000D023200
(1779322188.209174) can0 1E1#020D271001FA01FA
(1779322188.210187) can0 1F5#0000000000000000
(1779322188.211283) can0 0800A6A9#0000000000000000
(1779322188.212283) can0 1000A6A9#0D028813324A4A4A
(1779322188.213261) can0 1C00A6A9#0000000000030000
(1779322188.214276) can0 02018100#1003020D00000000
(1779322188.215277) can0 02028100#0000003264000000
(1779322188.216258) can0 02038100#0CD601100CD30106
(1779322188.217255) can0 02048100#4A01014A01010000
(1779322188.218156) can0 1AD#8814000059321818
(1779322188.219173) can0 2AD#D60C800C88140016
(1779322188.220235) can0 3AD#0000000000008814
(1779322188.221181) can0 4AD#EB00000000000000
(1779322188.222194) can0 76A#7F00000000000000
(1779322188.284806) can0 0000E005#1702440003B60591
(1779322188.285361) can0 1806E5F4#13CC010003B6023A
(1779322188.286257) can0 0000E000#13CC13CC020D0000
(1779322188.287261) can0 0000E004#181803B603B601E1
(1779322188.288242) can0 0000E006#0CD50CD50CD50CD5
(1779322188.289273) can0 0000E007#0CD50CD30CD50CD5
(1779322188.290234) can0 0000E008#0CD50CD50CD50CD5
(1779322188.291236) can0 0000E009#0CD50CD50CD50CD6
(1779322188.292280) can0 0000E010#0000000000000000
(1779322188.293281) can0 0000E011#0000000000000000
(1779322188.294260) can0 0000E012#0CD5000200000000
(1779322188.295293) can0 0000F001#0000000000000000
(1779322188.296274) can0 18FF28F4#10320000020D0000
(1779322188.297293) can0 18FE28F4#0CD60CD340400000
(1779322188.298255) can0 18FD28F4#1702FA6F00000000
(1779322188.299172) can0 4D4#000032007D0D0203
(1779322188.300159) can0 4D5#D30CD60C40400000
(1779322188.301254) can0 18914010#0CD6100CD3060000
(1779322188.302244) can0 18904010#020D020D753001FA
(1779322188.303268) can0 18FA28F4#123EA12C10270000
(1779322188.304249) can0 18FB28F4#D60CD30C40400000
(1779322188.305325) can0 18FC28F4#383200000D020000
(1779322188.306242) can0 18F810F3#0D02E80332640100
(1779322188.307275) can0 18F815F3#0000000010030000
(1779322188.308179) can0 273#000000000D023200
(1779322188.309159) can0 1E1#020D271001FA01FA
(1779322188.310188) can0 1F5#0000000000000000
(1779322188.311268) can0 0800A6A9#0000000000000000
(1779322188.312236) can0 1000A6A9#0D028813324A4A4A
(1779322188.313261) can0 1C00A6A9#0000000000030000
(1779322188.314272) can0 02018100#1003020D00000000
(1779322188.315275) can0 02028100#0000003264000000
(1779322188.316255) can0 02038100#0CD601100CD30106
(1779322188.317256) can0 02048100#4A01014A01010000
(1779322188.318153) can0 1AD#8814000059321818
(1779322188.319166) can0 2AD#D60C800C88140016
(1779322188.320178) can0 3AD#0000000000008814
(1779322188.321179) can0 4AD#EB00000000000000
(1779322188.322188) can0 76A#7F00000000000000
(1779322188.401809) can0 0000E005#1702440003B60591
(1779322188.402365) can0 1806E5F4#13CC010003B6023A
(1779322188.403265) can0 0000E000#13CC13CC020D0000
(1779322188.404247) can0 0000E004#181803B603B601E1
(1779322188.405227) can0 0000E006#0CD50CD50CD50CD5
(1779322188.406246) can0 0000E007#0CD30CD50CD50CD5
(1779322188.407240) can0 0000E008#0CD50CD50CD50CD5
(1779322188.408227) can0 0000E009#0CD50CD50CD50CD6
(1779322188.409285) can0 0000E010#0000000000000000
(1779322188.410285) can0 0000E011#0000000000000000
(1779322188.411266) can0 0000E012#0CD4000200000000
(1779322188.412233) can0 0000E013#4542323630354C43
(1779322188.413265) can0 0000E014#3134323300000000
(1779322188.414278) can0 0000E015#0000000000000003
(1779322188.415270) can0 0000F000#0000000000000000
(1779322188.416278) can0 0000F001#0000000000000000
(1779322188.417273) can0 18FF28F4#10320000020D0000
(1779322188.418253) can0 18FE28F4#0CD60CD340400000
(1779322188.419273) can0 18FD28F4#1702FA6F00000000
(1779322188.420170) can0 4D4#000032007D0D0203
(1779322188.421151) can0 4D5#D30CD60C40400000
(1779322188.422247) can0 18914010#0CD6100CD3050000
(1779322188.423246) can0 18904010#020D020D753001FA
(1779322188.424259) can0 18924010#4001400100000000
(1779322188.425260) can0 18934010#000000190000BC19
(1779322188.426273) can0 18944010#1003000000000000
(1779322188.427302) can0 18954010#0000000000000000
(1779322188.428285) can0 18954010#0100000000000000
(1779322188.429266) can0 18954010#0200000000000000
(1779322188.430285) can0 18954010#0300000000000000
(1779322188.431279) can0 18954010#0400000000000000
(1779322188.432279) can0 18954010#0500000000000000
(1779322188.433260) can0 18964010#0040404000000000
(1779322188.434276) can0 18974010#0000000000000000
(1779322188.435301) can0 18984010#0000000000000000
(1779322188.436248) can0 18FA28F4#123EA12C10270000
(1779322188.437247) can0 18FB28F4#D60CD30C40400000
(1779322188.438279) can0 18FC28F4#383200000D020000
(1779322188.439239) can0 18F810F3#0D02E80332640100
(1779322188.440254) can0 18F811F3#D60C1001D30C0501
(1779322188.441254) can0 18F812F3#4001014001010000
(1779322188.442281) can0 18F813F3#0101000000000000
(1779322188.443280) can0 18F814F3#3200EA1AA9015F00
(1779322188.444274) can0 18F815F3#0000000010030000
(1779322188.445178) can0 273#000000000D023200
(1779322188.446159) can0 1E1#020D271001FA01FA
(1779322188.447179) can0 1F5#0000000000000000
(1779322188.448267) can0 0800A6A9#0000000000000000
(1779322188.449229) can0 1000A6A9#0D028813324A4A4A
(1779322188.450260) can0 1C00A6A9#0000000000030000
(1779322188.451304) can0 02018100#1003020D00000000
(1779322188.452273) can0 02028100#0000003264000000
(1779322188.453254) can0 02038100#0CD601100CD30105
(1779322188.454255) can0 02048100#4A01014A01010000
(1779322188.455140) can0 1AD#8714000059321818
(1779322188.456152) can0 2AD#D60C800C87140016
(1779322188.457165) can0 3AD#0000000000008714
(1779322188.458184) can0 4AD#EB00000000000000
(1779322188.459179) can0 76A#7F00000000000000
(1779322188.517853) can0 0000E005#1702440003B60591
(1779322188.518411) can0 1806E5F4#13CC010003B6023A
(1779322188.519264) can0 0000E000#13CC13CC020D0000
(1779322188.520274) can0 0000E004#181803B603B601E1
(1779322188.521225) can0 0000E006#0CD50CD50CD50CD5
(1779322188.522225) can0 0000E007#0CD30CD50CD50CD5
(1779322188.523226) can0 0000E008#0CD50CD50CD50CD5
(1779322188.524225) can0 0000E009#0CD50CD50CD50CD6
(1779322188.525283) can0 0000E010#0000000000000000
(1779322188.526270) can0 0000E011#0000000000000000
(1779322188.527264) can0 0000E012#0CD4000200000000
(1779322188.528327) can0 0000F001#0000000000000000
(1779322188.529265) can0 18FF28F4#10320000020D0000
(1779322188.530245) can0 18FE28F4#0CD60CD340400000
(1779322188.531259) can0 18FD28F4#1702FA6F00000000
(1779322188.532160) can0 4D4#000032007D0D0203
(1779322188.533143) can0 4D5#D30CD60C40400000
(1779322188.534239) can0 18914010#0CD6100CD3050000
(1779322188.535242) can0 18904010#020D020D753001FA
(1779322188.536303) can0 18FA28F4#123EA12C10270000
(1779322188.537232) can0 18FB28F4#D60CD30C40400000
(1779322188.538264) can0 18FC28F4#383200000D020000
(1779322188.539234) can0 18F810F3#0D02E80332640100
(1779322188.540258) can0 18F815F3#0000000010030000
(1779322188.541162) can0 273#000000000D023200
(1779322188.542163) can0 1E1#020D271001FA01FA
(1779322188.543176) can0 1F5#0000000000000000
(1779322188.544266) can0 0800A6A9#0000000000000000
(1779322188.545221) can0 1000A6A9#0D028813324A4A4A
(1779322188.546265) can0 1C00A6A9#0000000000030000
(1779322188.547265) can0 02018100#1003020D00000000
(1779322188.548265) can0 02028100#0000003264000000
(1779322188.549246) can0 02038100#0CD601100CD30105
(1779322188.550259) can0 02048100#4A01014A01010000
(1779322188.551144) can0 1AD#8714000059321818
(1779322188.552137) can0 2AD#D60C800C87140016
(1779322188.553169) can0 3AD#0000000000008714
(1779322188.554163) can0 4AD#EB00000000000000
(1779322188.555176) can0 76A#7F00000000000000
(1779322188.617842) can0 0000E005#1702440003B60591
(1779322188.618408) can0 1806E5F4#13CC010003B6023A
(1779322188.619242) can0 0000E000#13CC13CC020D0000
(1779322188.620242) can0 0000E004#181803B603B601E1
(1779322188.621223) can0 0000E006#0CD50CD50CD50CD5
(1779322188.622223) can0 0000E007#0CD30CD50CD50CD5
(1779322188.623224) can0 0000E008#0CD50CD50CD50CD5
(1779322188.624217) can0 0000E009#0CD50CD50CD50CD6
(1779322188.625263) can0 0000E010#0000000000000000
(1779322188.626262) can0 0000E011#0000000000000000
(1779322188.627249) can0 0000E012#0CD4000200000000
(1779322188.628275) can0 0000F001#0000000000000000
(1779322188.629254) can0 18FF28F4#10320000020D0000
(1779322188.630242) can0 18FE28F4#0CD60CD340400000
(1779322188.631243) can0 18FD28F4#1702FA6F00000000
(1779322188.632159) can0 4D4#000032007D0D0203
(1779322188.633140) can0 4D5#D30CD60C40400000
(1779322188.634237) can0 18914010#0CD6100CD3050000
(1779322188.635237) can0 18904010#020D020D753001FA
(1779322188.636251) can0 18FA28F4#123EA12C10270000
(1779322188.637236) can0 18FB28F4#D60CD30C40400000
(1779322188.638267) can0 18FC28F4#383200000D020000
(1779322188.639230) can0 18F810F3#0D02E80332640100
(1779322188.640261) can0 18F815F3#0000000010030000
(1779322188.641162) can0 273#000000000D023200
(1779322188.642159) can0 1E1#020D271001FA01FA
(1779322188.643179) can0 1F5#0000000000000000
(1779322188.644273) can0 0800A6A9#0000000000000000
(1779322188.645223) can0 1000A6A9#0D028813324A4A4A
(1779322188.646254) can0 1C00A6A9#0000000000030000
(1779322188.647267) can0 02018100#1003020D00000000
(1779322188.648261) can0 02028100#0000003264000000
(1779322188.649237) can0 02038100#0CD601100CD30105
(1779322188.650261) can0 02048100#4A01014A01010000
(1779322188.651139) can0 1AD#8714000059321818
(1779322188.652140) can0 2AD#D60C800C87140016
(1779322188.653160) can0 3AD#0000000000008714
(1779322188.654161) can0 4AD#EB00000000000000
(1779322188.655174) can0 76A#7F00000000000000
(1779322188.717791) can0 0000E005#1702440003B60591
(1779322188.718355) can0 1806E5F4#13CC010003B6023A
(1779322188.719252) can0 0000E000#13CC13CC020D0000
(1779322188.720244) can0 0000E004#181803B603B601E1
(1779322188.721224) can0 0000E006#0CD50CD50CD50CD3
(1779322188.722213) can0 0000E007#0CD50CD50CD50CD5
(1779322188.723216) can0 0000E008#0CD50CD50CD50CD5
(1779322188.724216) can0 0000E009#0CD50CD50CD50CD6
(1779322188.725259) can0 0000E010#0000000000000000
(1779322188.726253) can0 0000E011#0000000000000000
(1779322188.727260) can0 0000E012#0CD4000200000000
(1779322188.728273) can0 0000F001#0000000000000000
(1779322188.729254) can0 18FF28F4#10320000020D0000
(1779322188.730234) can0 18FE28F4#0CD60CD340400000
(1779322188.731255) can0 18FD28F4#1702FA6F00000000
(1779322188.732151) can0 4D4#000032007D0D0203
(1779322188.733132) can0 4D5#D30CD60C40400000
(1779322188.734229) can0 18914010#0CD6100CD3040000
(1779322188.735261) can0 18904010#020D020D753001FA
(1779322188.736241) can0 18FA28F4#123EA12C10270000
(1779322188.737230) can0 18FB28F4#D60CD30C40400000
(1779322188.738253) can0 18FC28F4#383200000D020000
(1779322188.739223) can0 18F810F3#0D02E80332640100
(1779322188.740267) can0 18F815F3#0000000010030000
(1779322188.741151) can0 273#000000000D023200
(1779322188.742152) can0 1E1#020D271001FA01FA
(1779322188.743197) can0 1F5#0000000000000000
(1779322188.744260) can0 0800A6A9#0000000000000000
(1779322188.745209) can0 1000A6A9#0D028813324A4A4A
(1779322188.746237) can0 1C00A6A9#0000000000030000
(1779322188.747255) can0 02018100#1003020D00000000
(1779322188.748254) can0 02028100#0000003264000000
(1779322188.749235) can0 02038100#0CD601100CD30104
(1779322188.750247) can0 02048100#4A01014A01010000
(1779322188.751178) can0 1AD#8714000059321818
(1779322188.752145) can0 2AD#D60C800C87140016
(1779322188.753158) can0 3AD#0000000000008714
(1779322188.754171) can0 4AD#EB00000000000000
(1779322188.755165) can0 76A#7F00000000000000
(1779322188.817838) can0 0000E005#1702440003B60591
(1779322188.818394) can0 1806E5F4#13CC010003B6023A
(1779322188.819241) can0 0000E000#13CC13CC020D0000
(1779322188.820257) can0 0000E004#181803B603B601E1
(1779322188.821225) can0 0000E006#0CD50CD50CD50CD3
(1779322188.822225) can0 0000E007#0CD50CD50CD50CD5
(1779322188.823221) can0 0000E008#0CD50CD50CD50CD5
(1779322188.824219) can0 0000E009#0CD50CD50CD50CD6
(1779322188.825264) can0 0000E010#0000000000000000
(1779322188.826263) can0 0000E011#0000000000000000
(1779322188.827245) can0 0000E012#0CD4000200000000
(1779322188.828308) can0 0000F001#0000000000000000
(1779322188.829244) can0 18FF28F4#10320000020D0000
(1779322188.830226) can0 18FE28F4#0CD60CD340400000
(1779322188.831233) can0 18FD28F4#1702FA6F00000000
(1779322188.832155) can0 4D4#000032007D0D0203
(1779322188.833136) can0 4D5#D30CD60C40400000
(1779322188.834232) can0 18914010#0CD6100CD3040000
(1779322188.835227) can0 18904010#020D020D753001FA
(1779322188.836277) can0 18FA28F4#123EA12C10270000
(1779322188.837226) can0 18FB28F4#D60CD30C40400000
(1779322188.838261) can0 18FC28F4#383200000D020000
(1779322188.839226) can0 18F810F3#0D02E80332640100
(1779322188.840258) can0 18F815F3#0000000010030000
(1779322188.841156) can0 273#000000000D023200
(1779322188.842137) can0 1E1#020D271001FA01FA
(1779322188.843166) can0 1F5#0000000000000000
(1779322188.844245) can0 0800A6A9#0000000000000000
(1779322188.845213) can0 1000A6A9#0D028813324A4A4A
(1779322188.846246) can0 1C00A6A9#0000000000030000
(1779322188.847257) can0 02018100#1003020D00000000
(1779322188.848258) can0 02028100#0000003264000000
(1779322188.849239) can0 02038100#0CD601100CD30104
(1779322188.850233) can0 02048100#4A01014A01010000
(1779322188.851131) can0 1AD#8714000059321818
(1779322188.852130) can0 2AD#D60C800C87140016
(1779322188.853163) can0 3AD#0000000000008714
(1779322188.854156) can0 4AD#EB00000000000000
(1779322188.855150) can0 76A#7F00000000000000
(1779322188.934792) can0 0000E005#1702440003B60591
(1779322188.935339) can0 1806E5F4#13CC010003B6023A
(1779322188.936243) can0 0000E000#13CC13CC020D0000
(1779322188.937216) can0 0000E004#181803B603B601E1
(1779322188.938223) can0 0000E006#0CD50CD30CD50CD5
(1779322188.939221) can0 0000E007#0CD50CD50CD50CD5
(1779322188.940218) can0 0000E008#0CD50CD50CD50CD5
(1779322188.941217) can0 0000E009#0CD50CD50CD50CD6
(1779322188.942262) can0 0000E010#0000000000000000
(1779322188.943262) can0 0000E011#0000000000000000
(1779322188.944243) can0 0000E012#0CD4000200000000
(1779322188.945208) can0 0000E013#4542323630354C43
(1779322188.946237) can0 0000E014#3134323300000000
(1779322188.947257) can0 0000E015#0000000000000003
(1779322188.948269) can0 0000F000#0000000000000000
(1779322188.949260) can0 0000F001#0000000000000000
(1779322188.950250) can0 18FF28F4#10320000020D0000
(1779322188.951231) can0 18FE28F4#0CD60CD340400000
(1779322188.952243) can0 18FD28F4#1702FA6F00000000
(1779322188.953148) can0 4D4#000032007D0D0203
(1779322188.954128) can0 4D5#D30CD60C40400000
(1779322188.955225) can0 18914010#0CD6100CD3020000
(1779322188.956218) can0 18904010#020D020D753001FA
(1779322188.957245) can0 18924010#4001400100000000
(1779322188.958250) can0 18934010#0000001A0000BC19
(1779322188.959251) can0 18944010#1003000000000000
(1779322188.960263) can0 18954010#0000000000000000
(1779322188.961255) can0 18954010#0100000000000000
(1779322188.962257) can0 18954010#0200000000000000
(1779322188.963257) can0 18954010#0300000000000000
(1779322188.964257) can0 18954010#0400000000000000
(1779322188.965250) can0 18954010#0500000000000000
(1779322188.966282) can0 18964010#0040404000000000
(1779322188.967251) can0 18974010#0000000000000000
(1779322188.968256) can0 18984010#0000000000000000
(1779322188.969219) can0 18FA28F4#123EA12C10270000
(1779322188.970221) can0 18FB28F4#D60CD30C40400000
(1779322188.971254) can0 18FC28F4#383200000D020000
(1779322188.972215) can0 18F810F3#0D02E80332640100
(1779322188.973235) can0 18F811F3#D60C1001D30C0201
(1779322188.974278) can0 18F812F3#4001014001010000
(1779322188.975255) can0 18F813F3#0101000000000000
(1779322188.976220) can0 18F814F3#3200EA1AA9015F00
(1779322188.977251) can0 18F815F3#0000000010030000
(1779322188.978149) can0 273#000000000D023200
(1779322188.979142) can0 1E1#020D271001FA01FA
(1779322188.980155) can0 1F5#0000000000000000
(1779322188.981246) can0 0800A6A9#0000000000000000
(1779322188.982250) can0 1000A6A9#0D028813324A4A4A
(1779322188.983232) can0 1C00A6A9#0000000000030000
(1779322188.984245) can0 02018100#1003020D00000000
(1779322188.985244) can0 02028100#0000003264000000
(1779322188.986229) can0 02038100#0CD601100CD30102
(1779322188.987230) can0 02048100#4A01014A01010000
(1779322188.988127) can0 1AD#8714000059321818
(1779322188.989128) can0 2AD#D60C800C87140016
(1779322188.990203) can0 3AD#0000000000008714
(1779322188.991159) can0 4AD#EB00000000000000
(1779322188.992151) can0 76A#7F00000000000000
(1779322189.050846) can0 0000E005#1702440003B60591
(1779322189.051394) can0 1806E5F4#13CC010003B6023A
(1779322189.052236) can0 0000E000#13CC13CC020D0000
(1779322189.053223) can0 0000E004#181803B603B601E1
(1779322189.054214) can0 0000E006#0CD50CD30CD50CD5
(1779322189.055207) can0 0000E007#0CD50CD50CD50CD5
(1779322189.056208) can0 0000E008#0CD50CD50CD50CD5
(1779322189.057206) can0 0000E009#0CD50CD50CD50CD6
(1779322189.058252) can0 0000E010#0000000000000000
(1779322189.059303) can0 0000E011#0000000000000000
(1779322189.060233) can0 0000E012#0CD4000200000000
(1779322189.061261) can0 0000F001#0000000000000000
(1779322189.062246) can0 18FF28F4#10320000020D0000
(1779322189.063227) can0 18FE28F4#0CD60CD340400000
(1779322189.064227) can0 18FD28F4#1702FA6F00000000
(1779322189.065139) can0 4D4#000032007D0D0203
(1779322189.066125) can0 4D5#D30CD60C40400000
(1779322189.067271) can0 18914010#0CD6100CD3020000
(1779322189.068222) can0 18904010#020D020D753001FA
(1779322189.069232) can0 18FA28F4#123EA12C10270000
(1779322189.070214) can0 18FB28F4#D60CD30C40400000
(1779322189.071246) can0 18FC28F4#383200000D020000
(1779322189.072214) can0 18F810F3#0D02E80332640100
(1779322189.073239) can0 18F815F3#0000000010030000
(1779322189.074145) can0 273#000000000D023200
(1779322189.075124) can0 1E1#020D271001FA01FA
(1779322189.076157) can0 1F5#0000000000000000
(1779322189.077245) can0 0800A6A9#0000000000000000
(1779322189.078202) can0 1000A6A9#0D028813324A4A4A
(1779322189.079233) can0 1C00A6A9#0000000000030000
(1779322189.080246) can0 02018100#1003020D00000000
(1779322189.081245) can0 02028100#0000003264000000
(1779322189.082227) can0 02038100#0CD601100CD30102
(1779322189.083222) can0 02048100#4A01014A01010000
(1779322189.084119) can0 1AD#8714000059321818
(1779322189.085117) can0 2AD#D60C800C87140016
(1779322189.086145) can0 3AD#0000000000008714
(1779322189.087157) can0 4AD#EB00000000000000
(1779322189.088158) can0 76A#7F00000000000000
(1779322189.150770) can0 0000E005#1702440003B60591
(1779322189.151334) can0 1806E5F4#13CC010003B6023A
(1779322189.152236) can0 0000E000#13CC13CC020D0000
(1779322189.153218) can0 0000E004#181803B603B601E1
(1779322189.154217) can0 0000E006#0CD50CD30CD50CD5
(1779322189.155213) can0 0000E007#0CD50CD50CD50CD5
(1779322189.156210) can0 0000E008#0CD50CD50CD50CD5
(1779322189.157213) can0 0000E009#0CD50CD50CD50CD6
(1779322189.158249) can0 0000E010#0000000000000000
(1779322189.159258) can0 0000E011#0000000000000000
(1779322189.160236) can0 0000E012#0CD4000200000000
(1779322189.161250) can0 0000F001#0000000000000000
(1779322189.162227) can0 18FF28F4#10320000020D0000
(1779322189.163220) can0 18FE28F4#0CD60CD340400000
(1779322189.164230) can0 18FD28F4#1702FA6F00000000
(1779322189.165148) can0 4D4#000032007D0D0203
(1779322189.166127) can0 4D5#D30CD60C40400000
(1779322189.167226) can0 18914010#0CD6100CD3020000
(1779322189.168223) can0 18904010#020D020D753001FA
(1779322189.169225) can0 18FA28F4#123EA12C10270000
(1779322189.170211) can0 18FB28F4#D60CD30C40400000
(1779322189.171239) can0 18FC28F4#383200000D020000
(1779322189.172217) can0 18F810F3#0D02E80332640100
(1779322189.173251) can0 18F815F3#0000000010030000
(1779322189.174144) can0 273#000000000D023200
(1779322189.175130) can0 1E1#020D271001FA01FA
(1779322189.176160) can0 1F5#0000000000000000
(1779322189.177239) can0 0800A6A9#0000000000000000
(1779322189.178204) can0 1000A6A9#0D028813324A4A4A
(1779322189.179239) can0 1C00A6A9#0000000000030000
(1779322189.180237) can0 02018100#1003020D00000000
(1779322189.181251) can0 02028100#0000003264000000
(1779322189.182228) can0 02038100#0CD601100CD30102
(1779322189.183226) can0 02048100#4A01014A01010000
(1779322189.184128) can0 1AD#8714000059321818
(1779322189.185123) can0 2AD#D60C800C87140016
(1779322189.186128) can0 3AD#0000000000008714
(1779322189.187150) can0 4AD#EB00000000000000
(1779322189.188147) can0 76A#7F00000000000000
(1779322189.250777) can0 0000E005#1702440003B60591
(1779322189.251331) can0 1806E5F4#13CC010003B6023A
(1779322189.252235) can0 0000E000#13CC13CC020D0000
(1779322189.253214) can0 0000E004#181803B603B601E1
(1779322189.254196) can0 0000E006#0CD50CD50CD50CD5
(1779322189.255208) can0 0000E007#0CD50CD50CD50CD5
(1779322189.256210) can0 0000E008#0CD50CD50CD50CD5
(1779322189.257189) can0 0000E009#0CD50CD50CD50CD6
(1779322189.258273) can0 0000E010#0000000000000000
(1779322189.259248) can0 0000E011#0000000000000000
(1779322189.260236) can0 0000E012#0CD5000000000000
(1779322189.261246) can0 0000F001#0000000000000000
(1779322189.262229) can0 18FF28F4#10320000020D0000
(1779322189.263216) can0 18FE28F4#0CD60CD540400000
(1779322189.264229) can0 18FD28F4#1702FA6F00000000
(1779322189.265144) can0 4D4#000032007D0D0203
(1779322189.266146) can0 4D5#D50CD60C40400000
(1779322189.267216) can0 18914010#0CD6100CD5010000
(1779322189.268223) can0 18904010#020D020D753001FA
(1779322189.269221) can0 18FA28F4#123EA12C10270000
(1779322189.270216) can0 18FB28F4#D60CD50C40400000
(1779322189.271224) can0 18FC28F4#383200000D020000
(1779322189.272217) can0 18F810F3#0D02E80332640100
(1779322189.273247) can0 18F815F3#0000000010030000
(1779322189.274179) can0 273#000000000D023200
(1779322189.275126) can0 1E1#020D271001FA01FA
(1779322189.276159) can0 1F5#0000000000000000
(1779322189.277234) can0 0800A6A9#0000000000000000
(1779322189.278204) can0 1000A6A9#0D028813324A4A4A
(1779322189.279232) can0 1C00A6A9#0000000000030000
(1779322189.280230) can0 02018100#1003020D00000000
(1779322189.281247) can0 02028100#0000003264000000
(1779322189.282262) can0 02038100#0CD601100CD50101
(1779322189.283218) can0 02048100#4A01014A01010000
(1779322189.284121) can0 1AD#8814000059321818
(1779322189.285139) can0 2AD#D60C800C88140016
(1779322189.286153) can0 3AD#0000000000008814
(1779322189.287145) can0 4AD#EB00000000000000
(1779322189.288147) can0 76A#7F00000000000000
(1779322189.350811) can0 0000E005#1702440003B60591
(1779322189.351374) can0 1806E5F4#13CC010003B6023A
(1779322189.352220) can0 0000E000#13CC13CC020D0000
(1779322189.353227) can0 0000E004#181803B603B601E1
(1779322189.354206) can0 0000E006#0CD50CD50CD50CD5
(1779322189.355202) can0 0000E007#0CD50CD50CD50CD5
(1779322189.356197) can0 0000E008#0CD50CD50CD50CD5
(1779322189.357201) can0 0000E009#0CD50CD50CD50CD6
(1779322189.358244) can0 0000E010#0000000000000000
(1779322189.359278) can0 0000E011#0000000000000000
(1779322189.360226) can0 0000E012#0CD5000000000000
(1779322189.361240) can0 0000F001#0000000000000000
(1779322189.362238) can0 18FF28F4#10320000020D0000
(1779322189.363206) can0 18FE28F4#0CD60CD540400000
(1779322189.364210) can0 18FD28F4#1702FA6F00000000
(1779322189.365137) can0 4D4#000032007D0D0203
(1779322189.366117) can0 4D5#D50CD60C40400000
(1779322189.367265) can0 18914010#0CD6100CD5010000
(1779322189.368206) can0 18904010#020D020D753001FA
(1779322189.369213) can0 18FA28F4#123EA12C10270000
(1779322189.370207) can0 18FB28F4#D60CD50C40400000
(1779322189.371240) can0 18FC28F4#383200000D020000
(1779322189.372206) can0 18F810F3#0D02E80332640100
(1779322189.373239) can0 18F815F3#0000000010030000
(1779322189.374136) can0 273#000000000D023200
(1779322189.375119) can0 1E1#020D271001FA01FA
(1779322189.376145) can0 1F5#0000000000000000
(1779322189.377233) can0 0800A6A9#0000000000000000
(1779322189.378194) can0 1000A6A9#0D028813324A4A4A
(1779322189.379227) can0 1C00A6A9#0000000000030000
(1779322189.380236) can0 02018100#1003020D00000000
(1779322189.381239) can0 02028100#0000003264000000
(1779322189.382219) can0 02038100#0CD601100CD50101
(1779322189.383220) can0 02048100#4A01014A01010000
(1779322189.384117) can0 1AD#8814000059321818
(1779322189.385131) can0 2AD#D60C800C88140016
(1779322189.386142) can0 3AD#0000000000008814
(1779322189.387143) can0 4AD#EB00000000000000
(1779322189.388136) can0 76A#7F00000000000000
(1779322189.467832) can0 0000E005#1702440003B60591
(1779322189.468373) can0 1806E5F4#13CC010003B6023A
(1779322189.469219) can0 0000E000#13CC13CC020D0000
(1779322189.470195) can0 0000E004#181803B603B601E1
(1779322189.471188) can0 0000E006#0CD50CD50CD50CD5
(1779322189.472198) can0 0000E007#0CD50CD50CD50CD5
(1779322189.473199) can0 0000E008#0CD50CD50CD50CD3
(1779322189.474198) can0 0000E009#0CD50CD50CD50CD6
(1779322189.475244) can0 0000E010#0000000000000000
(1779322189.476243) can0 0000E011#0000000000000000
(1779322189.477224) can0 0000E012#0CD5000200000000
(1779322189.478186) can0 0000E013#4542323630354C43
(1779322189.479219) can0 0000E014#3134323300000000
(1779322189.480237) can0 0000E015#0000000000000003
(1779322189.481250) can0 0000F000#0000000000000000
(1779322189.482225) can0 0000F001#0000000000000000
(1779322189.483232) can0 18FF28F4#10320000020D0000
(1779322189.484211) can0 18FE28F4#0CD60CD340400000
(1779322189.485212) can0 18FD28F4#1702FA6F00000000
(1779322189.486128) can0 4D4#000032007D0D0203
(1779322189.487109) can0 4D5#D30CD60C40400000
(1779322189.488205) can0 18914010#0CD6100CD30C0000
(1779322189.489219) can0 18904010#020D020D753001FA
(1779322189.490210) can0 18924010#4001400100000000
(1779322189.491220) can0 18934010#0000001B0000BC19
(1779322189.492231) can0 18944010#1003000000000000
(1779322189.493245) can0 18954010#0000000000000000
(1779322189.494242) can0 18954010#0100000000000000
(1779322189.495245) can0 18954010#0200000000000000
(1779322189.496237) can0 18954010#0300000000000000
(1779322189.497257) can0 18954010#0400000000000000
(1779322189.498218) can0 18954010#0500000000000000
(1779322189.499231) can0 18964010#0040404000000000
(1779322189.500231) can0 18974010#0000000000000000
(1779322189.501232) can0 18984010#0000000000000000
(1779322189.502202) can0 18FA28F4#123EA12C10270000
(1779322189.503206) can0 18FB28F4#D60CD30C40400000
(1779322189.504218) can0 18FC28F4#383200000D020000
(1779322189.505232) can0 18F810F3#0D02E80332640100
(1779322189.506195) can0 18F811F3#D60C1001D30C0C01
(1779322189.507214) can0 18F812F3#4001014001010000
(1779322189.508225) can0 18F813F3#0101000000000000
(1779322189.509207) can0 18F814F3#3200EA1AA9015F00
(1779322189.510219) can0 18F815F3#0000000010030000
(1779322189.511117) can0 273#000000000D023200
(1779322189.512116) can0 1E1#020D271001FA01FA
(1779322189.513176) can0 1F5#0000000000000000
(1779322189.514217) can0 0800A6A9#0000000000000000
(1779322189.515188) can0 1000A6A9#0D028813324A4A4A
(1779322189.516219) can0 1C00A6A9#0000000000030000
(1779322189.517220) can0 02018100#1003020D00000000
(1779322189.518228) can0 02028100#0000003264000000
(1779322189.519201) can0 02038100#0CD601100CD3010C
(1779322189.520212) can0 02048100#4A01014A01010000
(1779322189.521162) can0 1AD#8814000059321818
(1779322189.522110) can0 2AD#D60C800C88140016
(1779322189.523131) can0 3AD#0000000000008814
(1779322189.524143) can0 4AD#EB00000000000000
(1779322189.525144) can0 76A#7F00000000000000
(1779322189.583762) can0 0000E005#1702440003B60591
(1779322189.584308) can0 1806E5F4#13CC010003B6023A
(1779322189.585203) can0 0000E000#13CC13CC020D0000
(1779322189.586203) can0 0000E004#181803B603B601E1
(1779322189.587182) can0 0000E006#0CD50CD50CD50CD5
(1779322189.588184) can0 0000E007#0CD50CD50CD50CD5
(1779322189.589182) can0 0000E008#0CD50CD50CD50CD3
(1779322189.590228) can0 0000E009#0CD50CD50CD50CD6
(1779322189.591241) can0 0000E010#0000000000000000
(1779322189.592222) can0 0000E011#0000000000000000
(1779322189.593202) can0 0000E012#0CD5000200000000
(1779322189.594235) can0 0000F001#0000000000000000
(1779322189.595214) can0 18FF28F4#10320000020D0000
(1779322189.596203) can0 18FE28F4#0CD60CD340400000
(1779322189.597216) can0 18FD28F4#1702FA6F00000000
(1779322189.598165) can0 4D4#000032007D0D0203
(1779322189.599108) can0 4D5#D30CD60C40400000
(1779322189.600191) can0 18914010#0CD6100CD30C0000
(1779322189.601190) can0 18904010#020D020D753001FA
(1779322189.602203) can0 18FA28F4#123EA12C10270000
(1779322189.603191) can0 18FB28F4#D60CD30C40400000
(1779322189.604217) can0 18FC28F4#383200000D020000
(1779322189.605184) can0 18F810F3#0D02E80332640100
(1779322189.606229) can0 18F815F3#0000000010030000
(1779322189.607115) can0 273#000000000D023200
(1779322189.608114) can0 1E1#020D271001FA01FA
(1779322189.609146) can0 1F5#0000000000000000
(1779322189.610223) can0 0800A6A9#0000000000000000
(1779322189.611184) can0 1000A6A9#0D028813324A4A4A
(1779322189.612217) can0 1C00A6A9#0000000000030000
(1779322189.613216) can0 02018100#1003020D00000000
(1779322189.614216) can0 02028100#0000003264000000
(1779322189.615198) can0 02038100#0CD601100CD3010C
(1779322189.616209) can0 02048100#4A01014A01010000
(1779322189.617107) can0 1AD#8814000059321818
(1779322189.618107) can0 2AD#D60C800C88140016
(1779322189.619121) can0 3AD#0000000000008814
(1779322189.620134) can0 4AD#EB00000000000000
(1779322189.621126) can0 76A#7F00000000000000
(1779322189.683759) can0 0000E005#1702440003B60591
(1779322189.684319) can0 1806E5F4#13CC010003B6023A
(1779322189.685216) can0 0000E000#13CC13CC020D0000
(1779322189.686194) can0 0000E004#181803B603B601E1
(1779322189.687183) can0 0000E006#0CD50CD50CD50CD5
(1779322189.688174) can0 0000E007#0CD50CD50CD50CD5
(1779322189.689194) can0 0000E008#0CD50CD50CD50CD3
(1779322189.690174) can0 0000E009#0CD50CD50CD50CD6
(1779322189.691233) can0 0000E010#0000000000000000
(1779322189.692232) can0 0000E011#0000000000000000
(1779322189.693201) can0 0000E012#0CD5000200000000
(1779322189.694233) can0 0000F001#0000000000000000
(1779322189.695212) can0 18FF28F4#10320000020D0000
(1779322189.696194) can0 18FE28F4#0CD60CD340400000
(1779322189.697215) can0 18FD28F4#1702FA6F00000000
(1779322189.698111) can0 4D4#000032007D0D0203
(1779322189.699113) can0 4D5#D30CD60C40400000
(1779322189.700188) can0 18914010#0CD6100CD30C0000
(1779322189.701189) can0 18904010#020D020D753001FA
(1779322189.702201) can0 18FA28F4#123EA12C10270000
(1779322189.703182) can0 18FB28F4#D60CD30C40400000
(1779322189.704214) can0 18FC28F4#383200000D020000
(1779322189.705184) can0 18F810F3#0D02E80332640100
(1779322189.706226) can0 18F815F3#0000000010030000
(1779322189.707114) can0 273#000000000D023200
(1779322189.708112) can0 1E1#020D271001FA01FA
(1779322189.709145) can0 1F5#0000000000000000
(1779322189.710220) can0 0800A6A9#0000000000000000
(1779322189.711190) can0 1000A6A9#0D028813324A4A4A
(1779322189.712214) can0 1C00A6A9#0000000000030000
(1779322189.713214) can0 02018100#1003020D00000000
(1779322189.714214) can0 02028100#0000003264000000
(1779322189.715189) can0 02038100#0CD601100CD3010C
(1779322189.716207) can0 02048100#4A01014A01010000
(1779322189.717106) can0 1AD#8814000059321818
(1779322189.718105) can0 2AD#D60C800C88140016
(1779322189.719113) can0 3AD#0000000000008814
(1779322189.720144) can0 4AD#EB00000000000000
(1779322189.721128) can0 76A#7F00000000000000
(1779322189.783820) can0 0000E005#1702440003B60591
(1779322189.784355) can0 1806E5F4#13CC010003B6023A
(1779322189.785204) can0 0000E000#13CC13CC020D0000
(1779322189.786205) can0 0000E004#181803B603B601E1
(1779322189.787173) can0 0000E006#0CD50CD50CD50CD5
(1779322189.788178) can0 0000E007#0CD30CD50CD50CD5
(1779322189.789186) can0 0000E008#0CD50CD50CD50CD5
(1779322189.790180) can0 0000E009#0CD50CD50CD50CD6
(1779322189.791224) can0 0000E010#0000000000000000
(1779322189.792224) can0 0000E011#0000000000000000
(1779322189.793204) can0 0000E012#0CD4000200000000
(1779322189.794225) can0 0000F001#0000000000000000
(1779322189.795219) can0 18FF28F4#10320000020D0000
(1779322189.796186) can0 18FE28F4#0CD60CD340400000
(1779322189.797218) can0 18FD28F4#1702FA6F00000000
(1779322189.798116) can0 4D4#000032007D0D0203
(1779322189.799097) can0 4D5#D30CD60C40400000
(1779322189.800193) can0 18914010#0CD6100CD3050000
(1779322189.801192) can0 18904010#020D020D753001FA
(1779322189.802193) can0 18FA28F4#123EA12C10270000
(1779322189.803187) can0 18FB28F4#D60CD30C40400000
(1779322189.804215) can0 18FC28F4#383200000D020000
(1779322189.805199) can0 18F810F3#0D02E80332640100
(1779322189.806218) can0 18F815F3#0000000010030000
(1779322189.807116) can0 273#000000000D023200
(1779322189.808117) can0 1E1#020D271001FA01FA
(1779322189.809129) can0 1F5#0000000000000000
(1779322189.810225) can0 0800A6A9#0000000000000000
(1779322189.811174) can0 1000A6A9#0D028813324A4A4A
(1779322189.812201) can0 1C00A6A9#0000000000030000
(1779322189.813251) can0 02018100#1003020D00000000
(1779322189.814219) can0 02028100#0000003264000000
(1779322189.815201) can0 02038100#0CD601100CD30105
(1779322189.816194) can0 02048100#4A01014A01010000
(1779322189.817098) can0 1AD#8714000059321818
(1779322189.818111) can0 2AD#D60C800C87140016
(1779322189.819124) can0 3AD#0000000000008714
(1779322189.820117) can0 4AD#EB00000000000000
(1779322189.821161) can0 76A#7F00000000000000
(1779322189.883752) can0 0000E005#1702440003B60591
(1779322189.884305) can0 1806E5F4#13CC010003B6023A
(1779322189.885205) can0 0000E000#13CC13CC020D0000
(1779322189.886190) can0 0000E004#181803B603B601E1
(1779322189.887172) can0 0000E006#0CD50CD50CD50CD5
(1779322189.888164) can0 0000E007#0CD30CD50CD50CD5
(1779322189.889181) can0 0000E008#0CD50CD50CD50CD5
(1779322189.890210) can0 0000E009#0CD50CD50CD50CD6
(1779322189.891228) can0 0000E010#0000000000000000
(1779322189.892222) can0 0000E011#0000000000000000
(1779322189.893204) can0 0000E012#0CD4000200000000
(1779322189.894222) can0 0000F001#0000000000000000
(1779322189.895204) can0 18FF28F4#10320000020D0000
(1779322189.896184) can0 18FE28F4#0CD60CD340400000
(1779322189.897197) can0 18FD28F4#1702FA6F00000000
(1779322189.898145) can0 4D4#000032007D0D0203
(1779322189.899102) can0 4D5#D30CD60C40400000
(1779322189.900178) can0 18914010#0CD6100CD3050000
(1779322189.901190) can0 18904010#020D020D753001FA
(1779322189.902190) can0 18FA28F4#123EA12C10270000
(1779322189.903191) can0 18FB28F4#D60CD30C40400000
(1779322189.904203) can0 18FC28F4#383200000D020000
(1779322189.905185) can0 18F810F3#0D02E80332640100
(1779322189.906260) can0 18F815F3#0000000010030000
(1779322189.907115) can0 273#000000000D023200
(1779322189.908095) can0 1E1#020D271001FA01FA
(1779322189.909121) can0 1F5#0000000000000000
(1779322189.910210) can0 0800A6A9#0000000000000000
(1779322189.911172) can0 1000A6A9#0D028813324A4A4A
(1779322189.912204) can0 1C00A6A9#0000000000030000
(1779322189.913197) can0 02018100#1003020D00000000
(1779322189.914204) can0 02028100#0000003264000000
(1779322189.915186) can0 02038100#0CD601100CD30105
(1779322189.916197) can0 02048100#4A01014A01010000
(1779322189.917095) can0 1AD#8714000059321818
(1779322189.918088) can0 2AD#D60C800C87140016
(1779322189.919103) can0 3AD#0000000000008714
(1779322189.920121) can0 4AD#EB00000000000000
(1779322189.921114) can0 76A#7F00000000000000
(1779322190.000760) can0 0000E005#1702440003B60591
(1779322190.001313) can0 1806E5F4#13CC010003B6023A
(1779322190.002190) can0 0000E000#13CC13CC020D0000
(1779322190.003190) can0 0000E004#181803B603B601E1
(1779322190.004169) can0 0000E006#0CD50CD50CD50CD5
(1779322190.005170) can0 0000E007#0CD50CD50CD50CD5
(1779322190.006169) can0 0000E008#0CD50CD50CD50CD5
(1779322190.007164) can0 0000E009#0CD50CD50CD50CD6
(1779322190.008214) can0 0000E010#0000000000000000
(1779322190.009215) can0 0000E011#0000000000000000
(1779322190.010195) can0 0000E012#0CD5000100000000
(1779322190.011157) can0 0000E013#4542323630354C43
(1779322190.012188) can0 0000E014#3134323300000000
(1779322190.013202) can0 0000E015#0000000000000003
(1779322190.014220) can0 0000F000#0000000000000000
(1779322190.015218) can0 0000F001#0000000000000000
(1779322190.016201) can0 18FF28F4#10320000020D0000
(1779322190.017183) can0 18FE28F4#0CD60CD540400000
(1779322190.018195) can0 18FD28F4#1702FA6F00000000
(1779322190.019111) can0 4D4#000032007D0D0203
(1779322190.020112) can0 4D5#D50CD60C40400000
(1779322190.021177) can0 18914010#0CD6100CD5010000
(1779322190.022176) can0 18904010#020D020D753001FA
(1779322190.023203) can0 18924010#4001400100000000
(1779322190.024202) can0 18934010#0000001C0000BC19
(1779322190.025202) can0 18944010#1003000000000000
(1779322190.026214) can0 18954010#0000000000000000
(1779322190.027211) can0 18954010#0100000000000000
(1779322190.028227) can0 18954010#0200000000000000
(1779322190.029209) can0 18954010#0300000000000000
(1779322190.030208) can0 18954010#0400000000000000
(1779322190.031209) can0 18954010#0500000000000000
(1779322190.032202) can0 18964010#0040404000000000
(1779322190.033202) can0 18974010#0000000000000000
(1779322190.034195) can0 18984010#0000000000000000
(1779322190.035171) can0 18FA28F4#123EA12C10270000
(1779322190.036208) can0 18FB28F4#D60CD50C40400000
(1779322190.037203) can0 18FC28F4#383200000D020000
(1779322190.038170) can0 18F810F3#0D02E80332640100
(1779322190.039181) can0 18F811F3#D60C1001D50C0101
(1779322190.040195) can0 18F812F3#4001014001010000
(1779322190.041209) can0 18F813F3#0101000000000000
(1779322190.042170) can0 18F814F3#3200EA1AA9015F00
(1779322190.043204) can0 18F815F3#0000000010030000
(1779322190.044151) can0 273#000000000D023200
(1779322190.045100) can0 1E1#020D271001FA01FA
(1779322190.046125) can0 1F5#0000000000000000
(1779322190.047204) can0 0800A6A9#0000000000000000
(1779322190.048158) can0 1000A6A9#0D028813324A4A4A
(1779322190.049203) can0 1C00A6A9#0000000000030000
(1779322190.050202) can0 02018100#1003020D00000000
(1779322190.051197) can0 02028100#0000003264000000
(1779322190.052236) can0 02038100#0CD601100CD50101
(1779322190.053180) can0 02048100#4A01014A01010000
(1779322190.054095) can0 1AD#8814000059321818
(1779322190.055096) can0 2AD#D60C800C88140016
(1779322190.056107) can0 3AD#0000000000008814
(1779322190.057107) can0 4AD#EB00000000000000
(1779322190.058120) can0 76A#7F00000000000000
(1779322190.116740) can0 0000E005#1702440003B60591
(1779322190.117302) can0 1806E5F4#13CC010003B6023A
(1779322190.118187) can0 0000E000#13CC13CC020D0000
(1779322190.119186) can0 0000E004#181803B603B601E1
(1779322190.120167) can0 0000E006#0CD50CD50CD50CD5
(1779322190.121199) can0 0000E007#0CD50CD50CD50CD5
(1779322190.122161) can0 0000E008#0CD50CD50CD50CD5
(1779322190.123161) can0 0000E009#0CD50CD50CD50CD6
(1779322190.124212) can0 0000E010#0000000000000000
(1779322190.125206) can0 0000E011#0000000000000000
(1779322190.126186) can0 0000E012#0CD5000100000000
(1779322190.127219) can0 0000F001#0000000000000000
(1779322190.128198) can0 18FF28F4#10320000020D0000
(1779322190.129219) can0 18FE28F4#0CD60CD540400000
(1779322190.130180) can0 18FD28F4#1702FA6F00000000
(1779322190.131098) can0 4D4#000032007D0D0203
(1779322190.132099) can0 4D5#D50CD60C40400000
(1779322190.133180) can0 18914010#0CD6100CD5010000
(1779322190.134175) can0 18904010#020D020D753001FA
(1779322190.135175) can0 18FA28F4#123EA12C10270000
(1779322190.136174) can0 18FB28F4#D60CD50C40400000
(1779322190.137207) can0 18FC28F4#383200000D020000
(1779322190.138168) can0 18F810F3#0D02E80332640100
(1779322190.139200) can0 18F815F3#0000000010030000
(1779322190.140100) can0 273#000000000D023200
(1779322190.141098) can0 1E1#020D271001FA01FA
(1779322190.142117) can0 1F5#0000000000000000
(1779322190.143195) can0 0800A6A9#0000000000000000
(1779322190.144153) can0 1000A6A9#0D028813324A4A4A
(1779322190.145187) can0 1C00A6A9#0000000000030000
(1779322190.146206) can0 02018100#1003020D00000000
(1779322190.147207) can0 02028100#0000003264000000
(1779322190.148188) can0 02038100#0CD601100CD50101
(1779322190.149181) can0 02048100#4A01014A01010000
(1779322190.150092) can0 1AD#8814000059321818
(1779322190.151093) can0 2AD#D60C800C88140016
(1779322190.152100) can0 3AD#0000000000008814
(1779322190.153115) can0 4AD#EB00000000000000
(1779322190.154124) can0 76A#7F00000000000000
(1779322190.216778) can0 0000E005#1702440003B60591
(1779322190.217328) can0 1806E5F4#13CC010003B6023A
(1779322190.218185) can0 0000E000#13CC13CC020D0000
(1779322190.219185) can0 0000E004#181803B603B601E1
(1779322190.220165) can0 0000E006#0CD50CD50CD50CD5
(1779322190.221168) can0 0000E007#0CD50CD50CD50CD5
(1779322190.222167) can0 0000E008#0CD50CD50CD50CD5
(1779322190.223159) can0 0000E009#0CD50CD50CD50CD6
(1779322190.224210) can0 0000E010#0000000000000000
(1779322190.225203) can0 0000E011#0000000000000000
(1779322190.226191) can0 0000E012#0CD5000100000000
(1779322190.227205) can0 0000F001#0000000000000000
(1779322190.228204) can0 18FF28F4#10320000020D0000
(1779322190.229165) can0 18FE28F4#0CD60CD540400000
(1779322190.230185) can0 18FD28F4#1702FA6F00000000
(1779322190.231096) can0 4D4#000032007D0D0203
(1779322190.232095) can0 4D5#D50CD60C40400000
(1779322190.233180) can0 18914010#0CD6100CD5010000
(1779322190.234172) can0 18904010#020D020D753001FA
(1779322190.235173) can0 18FA28F4#123EA12C10270000
(1779322190.236172) can0 18FB28F4#D60CD50C40400000
(1779322190.237194) can0 18FC28F4#383200000D020000
(1779322190.238167) can0 18F810F3#0D02E80332640100
(1779322190.239199) can0 18F815F3#0000000010030000
(1779322190.240095) can0 273#000000000D023200
(1779322190.241095) can0 1E1#020D271001FA01FA
(1779322190.242108) can0 1F5#0000000000000000
(1779322190.243206) can0 0800A6A9#0000000000000000
(1779322190.244154) can0 1000A6A9#0D028813324A4A4A
(1779322190.245185) can0 1C00A6A9#0000000000030000
(1779322190.246198) can0 02018100#1003020D00000000
(1779322190.247199) can0 02028100#0000003264000000
(1779322190.248179) can0 02038100#0CD601100CD50101
(1779322190.249179) can0 02048100#4A01014A01010000
(1779322190.250096) can0 1AD#8814000059321818
(1779322190.251103) can0 2AD#D60C800C88140016
(1779322190.252096) can0 3AD#0000000000008814
(1779322190.253116) can0 4AD#EB00000000000000
(1779322190.254123) can0 76A#7F00000000000000
(1779322190.316735) can0 0000E005#1702440003B60591
(1779322190.317289) can0 1806E5F4#13CC010003B6023A
(1779322190.318190) can0 0000E000#13CC13CC020D0000
(1779322190.319171) can0 0000E004#181803B603B601E1
(1779322190.320164) can0 0000E006#0CD50CD50CD50CD5
(1779322190.321145) can0 0000E007#0CD50CD50CD50CD5
(1779322190.322165) can0 0000E008#0CD50CD50CD50CD5
(1779322190.323144) can0 0000E009#0CD50CD50CD50CD6
(1779322190.324209) can0 0000E010#0000000000000000
(1779322190.325201) can0 0000E011#0000000000000000
(1779322190.326190) can0 0000E012#0CD5000000000000
(1779322190.327201) can0 0000F001#0000000000000000
(1779322190.328203) can0 18FF28F4#10320000020D0000
(1779322190.329170) can0 18FE28F4#0CD60CD540400000
(1779322190.330183) can0 18FD28F4#1702FA6F00000000
(1779322190.331100) can0 4D4#000032007D0D0203
(1779322190.332100) can0 4D5#D50CD60C40400000
(1779322190.333169) can0 18914010#0CD6100CD5010000
(1779322190.334177) can0 18904010#020D020D753001FA
(1779322190.335170) can0 18FA28F4#123EA12C10270000
(1779322190.336191) can0 18FB28F4#D60CD50C40400000
(1779322190.337185) can0 18FC28F4#383200000D020000
(1779322190.338152) can0 18F810F3#0D02E80332640100
(1779322190.339198) can0 18F815F3#0000000010030000
(1779322190.340100) can0 273#000000000D023200
(1779322190.341101) can0 1E1#020D271001FA01FA
(1779322190.342107) can0 1F5#0000000000000000
(1779322190.343191) can0 0800A6A9#0000000000000000
(1779322190.344190) can0 1000A6A9#0D028813324A4A4A
(1779322190.345185) can0 1C00A6A9#0000000000030000
(1779322190.346184) can0 02018100#1003020D00000000
(1779322190.347198) can0 02028100#0000003264000000
(1779322190.348165) can0 02038100#0CD601100CD50101
(1779322190.349170) can0 02048100#4A01014A01010000
(1779322190.350101) can0 1AD#8814000059321818
(1779322190.351101) can0 2AD#D60C800C88140016
(1779322190.352133) can0 3AD#0000000000008814
(1779322190.353101) can0 4AD#EB00000000000000
(1779322190.354101) can0 76A#7F00000000000000
(1779322190.416734) can0 0000E005#1702440003B60591
(1779322190.417284) can0 1806E5F4#13CC010003B6023A
(1779322190.418169) can0 0000E000#13CC13CC020D0000
(1779322190.419168) can0 0000E004#181803B603B601E1
(1779322190.420149) can0 0000E006#0CD50CD50CD50CD5
(1779322190.421179) can0 0000E007#0CD50CD50CD50CD5
(1779322190.422143) can0 0000E008#0CD50CD50CD50CD5
(1779322190.423141) can0 0000E009#0CD50CD50CD50CD6
(1779322190.424207) can0 0000E010#0000000000000000
(1779322190.425187) can0 0000E011#0000000000000000
(1779322190.426175) can0 0000E012#0CD5000000000000
(1779322190.427199) can0 0000F001#0000000000000000
(1779322190.428187) can0 18FF28F4#10320000020D0000
(1779322190.429199) can0 18FE28F4#0CD60CD540400000
(1779322190.430182) can0 18FD28F4#1702FA6F00000000
(1779322190.431103) can0 4D4#000032007D0D0203
(1779322190.432105) can0 4D5#D50CD60C40400000
(1779322190.433154) can0 18914010#0CD6100CD5010000
(1779322190.434166) can0 18904010#020D020D753001FA
(1779322190.435167) can0 18FA28F4#123EA12C10270000
(1779322190.436149) can0 18FB28F4#D60CD50C40400000
(1779322190.437231) can0 18FC28F4#383200000D020000
(1779322190.438149) can0 18F810F3#0D02E80332640100
(1779322190.439193) can0 18F815F3#0000000010030000
(1779322190.440105) can0 273#000000000D023200
(1779322190.441103) can0 1E1#020D271001FA01FA
(1779322190.442105) can0 1F5#0000000000000000
(1779322190.443181) can0 0800A6A9#0000000000000000
(1779322190.444150) can0 1000A6A9#0D028813324A4A4A
(1779322190.445180) can0 1C00A6A9#0000000000030000
(1779322190.446174) can0 02018100#1003020D00000000
(1779322190.447193) can0 02028100#0000003264000000
(1779322190.448176) can0 02038100#0CD601100CD50101
(1779322190.449168) can0 02048100#4A01014A01010000
(1779322190.450105) can0 1AD#8814000059321818
(1779322190.451105) can0 2AD#D60C800C88140016
(1779322190.452106) can0 3AD#0000000000008814
(1779322190.453104) can0 4AD#EB00000000000000
(1779322190.454105) can0 76A#7F00000000000000
(1779322190.533727) can0 0000E005#1702440003B60591
(1779322190.534283) can0 1806E5F4#13CC010003B6023A
(1779322190.535166) can0 0000E000#13CC13CC020D0000
(1779322190.536164) can0 0000E004#181803B603B601E1
(1779322190.537146) can0 0000E006#0CD50CD50CD50CD5
(1779322190.538148) can0 0000E007#0CD50CD50CD50CD5
(1779322190.539140) can0 0000E008#0CD50CD50CD50CD5
(1779322190.540142) can0 0000E009#0CD50CD50CD50CD6
(1779322190.541184) can0 0000E010#0000000000000000
(1779322190.542186) can0 0000E011#0000000000000000
(1779322190.543167) can0 0000E012#0CD5000000000000
(1779322190.544148) can0 0000E013#4542323630354C43
(1779322190.545166) can0 0000E014#3134323300000000
(1779322190.546180) can0 0000E015#0000000000000003
(1779322190.547192) can0 0000F000#0000000000000000
(1779322190.548187) can0 0000F001#0000000000000000
(1779322190.549172) can0 18FF28F4#10320000020D0000
(1779322190.550162) can0 18FE28F4#0CD60CD540400000
(1779322190.551173) can0 18FD28F4#1702FA6F00000000
(1779322190.552111) can0 4D4#000032007D0D0203
(1779322190.553108) can0 4D5#D50CD60C40400000
(1779322190.554161) can0 18914010#0CD6100CD5010000
(1779322190.555160) can0 18904010#020D020D753001FA
(1779322190.556172) can0 18924010#4001400100000000
(1779322190.557175) can0 18934010#0000001D0000BC19
(1779322190.558176) can0 18944010#1003000000000000
(1779322190.559218) can0 18954010#0000000000000000
(1779322190.560195) can0 18954010#0100000000000000
(1779322190.561185) can0 18954010#0200000000000000
(1779322190.562181) can0 18954010#0300000000000000
(1779322190.563180) can0 18954010#0400000000000000
(1779322190.564181) can0 18954010#0500000000000000
(1779322190.565173) can0 18964010#0040404000000000
(1779322190.566187) can0 18974010#0000000000000000
(1779322190.567205) can0 18984010#0000000000000000
(1779322190.568149) can0 18FA28F4#123EA12C10270000
(1779322190.569147) can0 18FB28F4#D60CD50C40400000
(1779322190.570182) can0 18FC28F4#383200000D020000
(1779322190.571142) can0 18F810F3#0D02E80332640100
(1779322190.572150) can0 18F811F3#D60C1001D50C0101
(1779322190.573166) can0 18F812F3#4001014001010000
(1779322190.574181) can0 18F813F3#0101000000000000
(1779322190.575193) can0 18F814F3#3200EA1AA9015F00
(1779322190.576175) can0 18F815F3#0000000010030000
(1779322190.577109) can0 273#000000000D023200
(1779322190.578112) can0 1E1#020D271001FA01FA
(1779322190.579110) can0 1F5#0000000000000000
(1779322190.580188) can0 0800A6A9#0000000000000000
(1779322190.581142) can0 1000A6A9#0D028813324A4A4A
(1779322190.582168) can0 1C00A6A9#0000000000030000
(1779322190.583219) can0 02018100#1003020D00000000
(1779322190.584181) can0 02028100#0000003264000000
(1779322190.585167) can0 02038100#0CD601100CD50101
(1779322190.586162) can0 02048100#4A01014A01010000
(1779322190.587110) can0 1AD#8814000059321818
(1779322190.588111) can0 2AD#D60C800C88140016
(1779322190.589110) can0 3AD#0000000000008814
(1779322190.590112) can0 4AD#EB00000000000000
(1779322190.591142) can0 76A#7F00000000000000
(1779322190.649750) can0 0000E005#1702440003B60591
(1779322190.650311) can0 1806E5F4#13CC010003B6023A
(1779322190.651164) can0 0000E000#13CC13CC020D0000
(1779322190.652196) can0 0000E004#181803B603B601E1
(1779322190.653137) can0 0000E006#0CD50CD50CD50CD5
(1779322190.654145) can0 0000E007#0CD50CD50CD50CD5
(1779322190.655141) can0 0000E008#0CD50CD50CD50CD5
(1779322190.656138) can0 0000E009#0CD50CD50CD50CD6
(1779322190.657185) can0 0000E010#0000000000000000
(1779322190.658187) can0 0000E011#0000000000000000
(1779322190.659168) can0 0000E012#0CD5000000000000
(1779322190.660228) can0 0000F001#0000000000000000
(1779322190.661176) can0 18FF28F4#10320000020D0000
(1779322190.662158) can0 18FE28F4#0CD60CD540400000
(1779322190.663180) can0 18FD28F4#1702FA6F00000000
(1779322190.664113) can0 4D4#000032007D0D0203
(1779322190.665116) can0 4D5#D50CD60C40400000
(1779322190.666158) can0 18914010#0CD6100CD5010000
(1779322190.667160) can0 18904010#020D020D753001FA
(1779322190.668209) can0 18FA28F4#123EA12C10270000
(1779322190.669159) can0 18FB28F4#D60CD50C40400000
(1779322190.670184) can0 18FC28F4#383200000D020000
(1779322190.671154) can0 18F810F3#0D02E80332640100
(1779322190.672183) can0 18F815F3#0000000010030000
(1779322190.673115) can0 273#000000000D023200
(1779322190.674113) can0 1E1#020D271001FA01FA
(1779322190.675116) can0 1F5#0000000000000000
(1779322190.676184) can0 0800A6A9#0000000000000000
(1779322190.677146) can0 1000A6A9#0D028813324A4A4A
(1779322190.678164) can0 1C00A6A9#0000000000030000
(1779322190.679180) can0 02018100#1003020D00000000
(1779322190.680177) can0 02028100#0000003264000000
(1779322190.681160) can0 02038100#0CD601100CD50101
(1779322190.682152) can0 02048100#4A01014A01010000
(1779322190.683116) can0 1AD#8814000059321818
(1779322190.684114) can0 2AD#D60C800C88140016
(1779322190.685115) can0 3AD#0000000000008814
(1779322190.686114) can0 4AD#EB00000000000000
(1779322190.687116) can0 76A#7F00000000000000
(1779322190.749751) can0 0000E005#1702440003B60591
(1779322190.750303) can0 1806E5F4#13CC010003B6023A
(1779322190.751162) can0 0000E000#13CC13CC020D0000
(1779322190.752157) can0 0000E004#181803B603B601E1
(1779322190.753142) can0 0000E006#0CD50CD50CD50CD5
(1779322190.754137) can0 0000E007#0CD50CD50CD50CD5
(1779322190.755137) can0 0000E008#0CD50CD50CD50CD5
(1779322190.756138) can0 0000E009#0CD50CD50CD50CD6
(1779322190.757184) can0 0000E010#0000000000000000
(1779322190.758181) can0 0000E011#0000000000000000
(1779322190.759163) can0 0000E012#0CD5000000000000
(1779322190.760177) can0 0000F001#0000000000000000
(1779322190.761175) can0 18FF28F4#10320000020D0000
(1779322190.762157) can0 18FE28F4#0CD60CD540400000
(1779322190.763156) can0 18FD28F4#1702FA6F00000000
(1779322190.764119) can0 4D4#000032007D0D0203
(1779322190.765117) can0 4D5#D50CD60C40400000
(1779322190.766158) can0 18914010#0CD6100CD5010000
(1779322190.767157) can0 18904010#020D020D753001FA
(1779322190.768151) can0 18FA28F4#123EA12C10270000
(1779322190.769149) can0 18FB28F4#D60CD50C40400000
(1779322190.770165) can0 18FC28F4#383200000D020000
(1779322190.771151) can0 18F810F3#0D02E80332640100
(1779322190.772177) can0 18F815F3#0000000010030000
(1779322190.773118) can0 273#000000000D023200
(1779322190.774119) can0 1E1#020D271001FA01FA
(1779322190.775119) can0 1F5#0000000000000000
(1779322190.776178) can0 0800A6A9#0000000000000000
(1779322190.777144) can0 1000A6A9#0D028813324A4A4A
(1779322190.778158) can0 1C00A6A9#0000000000030000
(1779322190.779170) can0 02018100#1003020D00000000
(1779322190.780170) can0 02028100#0000003264000000
(1779322190.781150) can0 02038100#0CD601100CD50101
(1779322190.782158) can0 02048100#4A01014A01010000
(1779322190.783059) can0 1AD#8814000059321818
(1779322190.784059) can0 2AD#D60C800C88140016
(1779322190.785118) can0 3AD#0000000000008814
(1779322190.786120) can0 4AD#EB00000000000000
(1779322190.787119) can0 76A#7F00000000000000
(1779322190.849699) can0 0000E005#1702440003B60591
(1779322190.850262) can0 1806E5F4#13CC010003B6023A
(1779322190.851161) can0 0000E000#13CC13CC020D0000
(1779322190.852159) can0 0000E004#181803B603B601E1
(1779322190.853142) can0 0000E006#0CD50CD50CD50CD5
(1779322190.854140) can0 0000E007#0CD50CD50CD50CD5
(1779322190.855139) can0 0000E008#0CD50CD50CD50CD5
(1779322190.856134) can0 0000E009#0CD50CD50CD50CD6
(1779322190.857187) can0 0000E010#0000000000000000
(1779322190.858178) can0 0000E011#0000000000000000
(1779322190.859178) can0 0000E012#0CD5000000000000
(1779322190.860182) can0 0000F001#0000000000000000
(1779322190.861162) can0 18FF28F4#10320000020D0000
(1779322190.862141) can0 18FE28F4#0CD60CD540400000
(1779322190.863156) can0 18FD28F4#1702FA6F00000000
(1779322190.864121) can0 4D4#000032007D0D0203
(1779322190.865063) can0 4D5#D50CD60C40400000
(1779322190.866147) can0 18914010#0CD6100CD5010000
(1779322190.867162) can0 18904010#020D020D753001FA
(1779322190.868160) can0 18FA28F4#123EA12C10270000
(1779322190.869143) can0 18FB28F4#D60CD50C40400000
(1779322190.870173) can0 18FC28F4#383200000D020000
(1779322190.871139) can0 18F810F3#0D02E80332640100
(1779322190.872167) can0 18F815F3#0000000010030000
(1779322190.873124) can0 273#000000000D023200
(1779322190.874056) can0 1E1#020D271001FA01FA
(1779322190.875124) can0 1F5#0000000000000000
(1779322190.876173) can0 0800A6A9#0000000000000000
(1779322190.877137) can0 1000A6A9#0D028813324A4A4A
(1779322190.878167) can0 1C00A6A9#0000000000030000
(1779322190.879163) can0 02018100#1003020D00000000
(1779322190.880167) can0 02028100#0000003264000000
(1779322190.881149) can0 02038100#0CD601100CD50101
(1779322190.882161) can0 02048100#4A01014A01010000
(1779322190.883124) can0 1AD#8814000059321818
(1779322190.884063) can0 2AD#D60C800C88140016
(1779322190.885124) can0 3AD#0000000000008814
(1779322190.886122) can0 4AD#EB00000000000000
(1779322190.887125) can0 76A#7F00000000000000
(1779322190.949739) can0 0000E005#1702440003B60591
(1779322190.950300) can0 1806E5F4#13CC010003B6023A
(1779322190.951148) can0 0000E000#13CC13CC020D0000
(1779322190.952184) can0 0000E004#181803B603B601E1
(1779322190.953125) can0 0000E006#0CD50CD50CD50CD5
(1779322190.954126) can0 0000E007#0CD50CD50CD50CD5
(1779322190.955126) can0 0000E008#0CD50CD50CD50CD5
(1779322190.956127) can0 0000E009#0CD50CD50CD50CD6
(1779322190.957170) can0 0000E010#0000000000000000
(1779322190.958172) can0 0000E011#0000000000000000
(1779322190.959151) can0 0000E012#0CD5000000000000
(1779322190.960216) can0 0000F001#0000000000000000
(1779322190.961169) can0 18FF28F4#10320000020D0000
(1779322190.962154) can0 18FE28F4#0CD60CD540400000
(1779322190.963157) can0 18FD28F4#1702FA6F00000000
(1779322190.964061) can0 4D4#000032007D0D0203
(1779322190.965058) can0 4D5#D50CD60C40400000
(1779322190.966140) can0 18914010#0CD6100CD5010000
(1779322190.967135) can0 18904010#020D020D753001FA
(1779322190.968189) can0 18FA28F4#123EA12C10270000
(1779322190.969135) can0 18FB28F4#D60CD50C40400000
(1779322190.970166) can0 18FC28F4#383200000D020000
(1779322190.971129) can0 18F810F3#0D02E80332640100
(1779322190.972166) can0 18F815F3#0000000010030000
(1779322190.973063) can0 273#000000000D023200
(1779322190.974059) can0 1E1#020D271001FA01FA
(1779322190.975130) can0 1F5#0000000000000000
(1779322190.976172) can0 0800A6A9#0000000000000000
(1779322190.977135) can0 1000A6A9#0D028813324A4A4A
(1779322190.978167) can0 1C00A6A9#0000000000030000
(1779322190.979158) can0 02018100#1003020D00000000
(1779322190.980160) can0 02028100#0000003264000000
(1779322190.981140) can0 02038100#0CD601100CD50101
(1779322190.982160) can0 02048100#4A01014A01010000
(1779322190.983051) can0 1AD#8814000059321818
(1779322190.984044) can0 2AD#D60C800C88140016
(1779322190.985061) can0 3AD#0000000000008814
(1779322190.986129) can0 4AD#EB00000000000000
(1779322190.987064) can0 76A#7F00000000000000
(1779322191.066705) can0 0000E005#1702440003B60591
(1779322191.067249) can0 1806E5F4#13CC010003B6023A
(1779322191.068164) can0 0000E000#13CC13CC020D0000
(1779322191.069140) can0 0000E004#181803B603B601E1
(1779322191.070132) can0 0000E006#0CD50CD50CD50CD5
(1779322191.071132) can0 0000E007#0CD50CD50CD50CD5
(1779322191.072132) can0 0000E008#0CD50CD50CD50CD5
(1779322191.073131) can0 0000E009#0CD50CD50CD50CD6
(1779322191.074183) can0 0000E010#0000000000000000
(1779322191.075177) can0 0000E011#0000000000000000
(1779322191.076157) can0 0000E012#0CD5000000000000
(1779322191.077131) can0 0000E013#4542323630354C43
(1779322191.078156) can0 0000E014#3134323300000000
(1779322191.079169) can0 0000E015#0000000000000003
(1779322191.080169) can0 0000F000#0000000000000000
(1779322191.081163) can0 0000F001#0000000000000000
(1779322191.082163) can0 18FF28F4#10320000020D0000
(1779322191.083150) can0 18FE28F4#0CD60CD540400000
(1779322191.084144) can0 18FD28F4#1702FA6F00000000
(1779322191.085055) can0 4D4#000032007D0D0203
(1779322191.086034) can0 4D5#D50CD60C40400000
(1779322191.087139) can0 18914010#0CD6100CD5010000
(1779322191.088138) can0 18904010#020D020D753001FA
(1779322191.089147) can0 18924010#4001400100000000
(1779322191.090170) can0 18934010#0000001E0000BC19
(1779322191.091171) can0 18944010#1003000000000000
(1779322191.092164) can0 18954010#0000000000000000
(1779322191.093178) can0 18954010#0100000000000000
(1779322191.094164) can0 18954010#0200000000000000
(1779322191.095164) can0 18954010#0300000000000000
(1779322191.096177) can0 18954010#0400000000000000
(1779322191.097157) can0 18954010#0500000000000000
(1779322191.098171) can0 18964010#0040404000000000
(1779322191.099171) can0 18974010#0000000000000000
(1779322191.100164) can0 18984010#0000000000000000
(1779322191.101140) can0 18FA28F4#123EA12C10270000
(1779322191.102138) can0 18FB28F4#D60CD50C40400000
(1779322191.103170) can0 18FC28F4#383200000D020000
(1779322191.104132) can0 18F810F3#0D02E80332640100
(1779322191.105148) can0 18F811F3#D60C1001D50C0101
(1779322191.106177) can0 18F812F3#4001014001010000
(1779322191.107178) can0 18F813F3#0101000000000000
(1779322191.108139) can0 18F814F3#3200EA1AA9015F00
(1779322191.109171) can0 18F815F3#0000000010030000
(1779322191.110067) can0 273#000000000D023200
(1779322191.111043) can0 1E1#020D271001FA01FA
(1779322191.112133) can0 1F5#0000000000000000
(1779322191.113163) can0 0800A6A9#0000000000000000
(1779322191.114171) can0 1000A6A9#0D028813324A4A4A
(1779322191.115152) can0 1C00A6A9#0000000000030000
(1779322191.116165) can0 02018100#1003020D00000000
(1779322191.117156) can0 02028100#0000003264000000
(1779322191.118145) can0 02038100#0CD601100CD50101
(1779322191.119145) can0 02048100#4A01014A01010000
(1779322191.120037) can0 1AD#8814000059321818
(1779322191.121050) can0 2AD#D60C800C88140016
(1779322191.122133) can0 3AD#0000000000008814
(1779322191.123069) can0 4AD#EB00000000000000
(1779322191.124067) can0 76A#7F00000000000000
(1779322191.182723) can0 0000E005#1702440003B60591
(1779322191.183285) can0 1806E5F4#13CC010003B6023A
(1779322191.184156) can0 0000E000#13CC13CC020D0000
(1779322191.185137) can0 0000E004#181803B603B601E1
(1779322191.186136) can0 0000E006#0CD50CD50CD50CD5
(1779322191.187137) can0 0000E007#0CD50CD50CD50CD5
(1779322191.188136) can0 0000E008#0CD50CD50CD50CD5
(1779322191.189136) can0 0000E009#0CD50CD50CD50CD6
(1779322191.190168) can0 0000E010#0000000000000000
(1779322191.191200) can0 0000E011#0000000000000000
(1779322191.192149) can0 0000E012#0CD5000000000000
(1779322191.193168) can0 0000F001#0000000000000000
(1779322191.194144) can0 18FF28F4#10320000020D0000
(1779322191.195137) can0 18FE28F4#0CD60CD540400000
(1779322191.196137) can0 18FD28F4#1702FA6F00000000
(1779322191.197053) can0 4D4#000032007D0D0203
(1779322191.198036) can0 4D5#D50CD60C40400000
(1779322191.199169) can0 18914010#0CD6100CD5010000
(1779322191.200136) can0 18904010#020D020D753001FA
(1779322191.201137) can0 18FA28F4#123EA12C10270000
(1779322191.202136) can0 18FB28F4#D60CD50C40400000
(1779322191.203163) can0 18FC28F4#383200000D020000
(1779322191.204137) can0 18F810F3#0D02E80332640100
(1779322191.205156) can0 18F815F3#0000000010030000
(1779322191.206054) can0 273#000000000D023200
(1779322191.207033) can0 1E1#020D271001FA01FA
(1779322191.208071) can0 1F5#0000000000000000
(1779322191.209150) can0 0800A6A9#0000000000000000
(1779322191.210137) can0 1000A6A9#0D028813324A4A4A
(1779322191.211144) can0 1C00A6A9#0000000000030000
(1779322191.212163) can0 02018100#1003020D00000000
(1779322191.213162) can0 02028100#0000003264000000
(1779322191.214138) can0 02038100#0CD601100CD50101
(1779322191.215138) can0 02048100#4A01014A01010000
(1779322191.216029) can0 1AD#8814000059321818
(1779322191.217040) can0 2AD#D60C800C88140016
(1779322191.218053) can0 3AD#0000000000008814
(1779322191.219054) can0 4AD#EB00000000000000
(1779322191.220047) can0 76A#7F00000000000000
(1779322191.282687) can0 0000E005#1702440003B60591
(1779322191.283242) can0 1806E5F4#13CC010003B6023A
(1779322191.284141) can0 0000E000#13CC13CC020D0000
(1779322191.285140) can0 0000E004#181803B603B601E1
(1779322191.286140) can0 0000E006#0CD50CD50CD50CD5
(1779322191.287140) can0 0000E007#0CD50CD50CD50CD5
(1779322191.288140) can0 0000E008#0CD50CD50CD50CD5
(1779322191.289140) can0 0000E009#0CD50CD50CD50CD6
(1779322191.290172) can0 0000E010#0000000000000000
(1779322191.291164) can0 0000E011#0000000000000000
(1779322191.292153) can0 0000E012#0CD5000000000000
(1779322191.293166) can0 0000F001#0000000000000000
(1779322191.294147) can0 18FF28F4#10320000020D0000
(1779322191.295141) can0 18FE28F4#0CD60CD540400000
(1779322191.296140) can0 18FD28F4#1702FA6F00000000
(1779322191.297052) can0 4D4#000032007D0D0203
(1779322191.298037) can0 4D5#D50CD60C40400000
(1779322191.299141) can0 18914010#0CD6100CD5010000
(1779322191.300140) can0 18904010#020D020D753001FA
(1779322191.301141) can0 18FA28F4#123EA12C10270000
(1779322191.302140) can0 18FB28F4#D60CD50C40400000
(1779322191.303157) can0 18FC28F4#383200000D020000
(1779322191.304141) can0 18F810F3#0D02E80332640100
(1779322191.305154) can0 18F815F3#0000000010030000
(1779322191.306051) can0 273#000000000D023200
(1779322191.307032) can0 1E1#020D271001FA01FA
(1779322191.308062) can0 1F5#0000000000000000
(1779322191.309148) can0 0800A6A9#0000000000000000
(1779322191.310141) can0 1000A6A9#0D028813324A4A4A
(1779322191.311142) can0 1C00A6A9#0000000000030000
(1779322191.312153) can0 02018100#1003020D00000000
(1779322191.313154) can0 02028100#0000003264000000
(1779322191.314141) can0 02038100#0CD601100CD50101
(1779322191.315142) can0 02048100#4A01014A01010000
(1779322191.316030) can0 1AD#8814000059321818
(1779322191.317038) can0 2AD#D60C800C88140016
(1779322191.318051) can0 3AD#0000000000008814
(1779322191.319050) can0 4AD#EB00000000000000
(1779322191.320058) can0 76A#7F00000000000000
(1779322191.382744) can0 0000E005#1702440003B60591
(1779322191.383305) can0 1806E5F4#13CC010003B6023A
(1779322191.384144) can0 0000E000#13CC13CC020D0000
(1779322191.385144) can0 0000E004#181803B603B601E1
(1779322191.386144) can0 0000E006#0CD50CD30CD50CD5
(1779322191.387144) can0 0000E007#0CD50CD50CD50CD5
(1779322191.388144) can0 0000E008#0CD50CD50CD50CD5
(1779322191.389144) can0 0000E009#0CD50CD50CD50CD6
(1779322191.390176) can0 0000E010#0000000000000000
(1779322191.391164) can0 0000E011#0000000000000000
(1779322191.392144) can0 0000E012#0CD4000200000000
(1779322191.393157) can0 0000F001#0000000000000000
(1779322191.394144) can0 18FF28F4#10320000020D0000
(1779322191.395146) can0 18FE28F4#0CD60CD340400000
(1779322191.396145) can0 18FD28F4#1702FA6F00000000
(1779322191.397043) can0 4D4#000032007D0D0203
(1779322191.398041) can0 4D5#D30CD60C40400000
(1779322191.399146) can0 18914010#0CD6100CD3020000
(1779322191.400144) can0 18904010#020D020D753001FA
(1779322191.401144) can0 18FA28F4#123EA12C10270000
(1779322191.402144) can0 18FB28F4#D60CD30C40400000
(1779322191.403145) can0 18FC28F4#383200000D020000
(1779322191.404145) can0 18F810F3#0D02E80332640100
(1779322191.405158) can0 18F815F3#0000000010030000
(1779322191.406062) can0 273#000000000D023200
(1779322191.407033) can0 1E1#020D271001FA01FA
(1779322191.408060) can0 1F5#0000000000000000
(1779322191.409145) can0 0800A6A9#0000000000000000
(1779322191.410145) can0 1000A6A9#0D028813324A4A4A
(1779322191.411146) can0 1C00A6A9#0000000000030000
(1779322191.412153) can0 02018100#1003020D00000000
(1779322191.413151) can0 02028100#0000003264000000
(1779322191.414171) can0 02038100#0CD601100CD30102
(1779322191.415146) can0 02048100#4A01014A01010000
(1779322191.416025) can0 1AD#8714000059321818
(1779322191.417027) can0 2AD#D60C800C87140016
(1779322191.418035) can0 3AD#0000000000008714
(1779322191.419049) can0 4AD#EB00000000000000
(1779322191.420042) can0 76A#7F00000000000000
(1779322191.482735) can0 0000E005#1702440003B60591
(1779322191.483290) can0 1806E5F4#13CC010003B6023A
(1779322191.484149) can0 0000E000#13CC13CC020D0000
(1779322191.485148) can0 0000E004#181803B603B601E1
(1779322191.486149) can0 0000E006#0CD50CD30CD50CD5
(1779322191.487149) can0 0000E007#0CD50CD50CD50CD5
(1779322191.488149) can0 0000E008#0CD50CD50CD50CD5
(1779322191.489149) can0 0000E009#0CD50CD50CD50CD6
(1779322191.490161) can0 0000E010#0000000000000000
(1779322191.491194) can0 0000E011#0000000000000000
(1779322191.492148) can0 0000E012#0CD4000200000000
(1779322191.493155) can0 0000F001#0000000000000000
(1779322191.494148) can0 18FF28F4#10320000020D0000
(1779322191.495149) can0 18FE28F4#0CD60CD340400000
(1779322191.496149) can0 18FD28F4#1702FA6F00000000
(1779322191.497039) can0 4D4#000032007D0D0203
(1779322191.498024) can0 4D5#D30CD60C40400000
(1779322191.499156) can0 18914010#0CD6100CD3020000
(1779322191.500149) can0 18904010#020D020D753001FA
(1779322191.501149) can0 18FA28F4#123EA12C10270000
(1779322191.502149) can0 18FB28F4#D60CD30C40400000
(1779322191.503150) can0 18FC28F4#383200000D020000
(1779322191.504149) can0 18F810F3#0D02E80332640100
(1779322191.505149) can0 18F815F3#0000000010030000
(1779322191.506047) can0 273#000000000D023200
(1779322191.507082) can0 1E1#020D271001FA01FA
(1779322191.508058) can0 1F5#0000000000000000
(1779322191.509149) can0 0800A6A9#0000000000000000
(1779322191.510149) can0 1000A6A9#0D028813324A4A4A
(1779322191.511151) can0 1C00A6A9#0000000000030000
(1779322191.512149) can0 02018100#1003020D00000000
(1779322191.513149) can0 02028100#0000003264000000
(1779322191.514149) can0 02038100#0CD601100CD30102
(1779322191.515150) can0 02048100#4A01014A01010000
(1779322191.516020) can0 1AD#8714000059321818
(1779322191.517031) can0 2AD#D60C800C87140016
(1779322191.518039) can0 3AD#0000000000008714
(1779322191.519053) can0 4AD#EB00000000000000
(1779322191.520046) can0 76A#7F00000000000000
(1779322191.599742) can0 0000E005#1702440003B60591
(1779322191.600301) can0 1806E5F4#13CC010003B6023A
(1779322191.601157) can0 0000E000#13CC13CC020D0000
(1779322191.602154) can0 0000E004#181803B603B601E1
(1779322191.603155) can0 0000E006#0CD50CD50CD50CD5
(1779322191.604095) can0 0000E007#0CD50CD30CD50CD5
(1779322191.605153) can0 0000E008#0CD50CD50CD50CD5
(1779322191.606153) can0 0000E009#0CD50CD50CD50CD6
(1779322191.607155) can0 0000E010#0000000000000000
(1779322191.608153) can0 0000E011#0000000000000000
(1779322191.609153) can0 0000E012#0CD5000300000000
(1779322191.610154) can0 0000E013#4542323630354C43
(1779322191.611153) can0 0000E014#3134323300000000
(1779322191.612155) can0 0000E015#0000000000000003
(1779322191.613154) can0 0000F000#0000000000000000
(1779322191.614153) can0 0000F001#0000000000000000
(1779322191.615155) can0 18FF28F4#10320000020D0000
(1779322191.616154) can0 18FE28F4#0CD60CD340400000
(1779322191.617153) can0 18FD28F4#1702FA6F00000000
(1779322191.618037) can0 4D4#000032007D0D0203
(1779322191.619023) can0 4D5#D30CD60C40400000
(1779322191.620154) can0 18914010#0CD6100CD3060000
(1779322191.621154) can0 18904010#020D020D753001FA
(1779322191.622154) can0 18924010#4001400100000000
(1779322191.623155) can0 18934010#0000001F0000BC19
(1779322191.624154) can0 18944010#1003000000000000
(1779322191.625154) can0 18954010#0000000000000000
(1779322191.626163) can0 18954010#0100000000000000
(1779322191.627155) can0 18954010#0200000000000000
(1779322191.628154) can0 18954010#0300000000000000
(1779322191.629173) can0 18954010#0400000000000000
(1779322191.630154) can0 18954010#0500000000000000
(1779322191.631155) can0 18964010#0040404000000000
(1779322191.632154) can0 18974010#0000000000000000
(1779322191.633155) can0 18984010#0000000000000000
(1779322191.634155) can0 18FA28F4#123EA12C10270000
(1779322191.635155) can0 18FB28F4#D60CD30C40400000
(1779322191.636155) can0 18FC28F4#383200000D020000
(1779322191.637155) can0 18F810F3#0D02E80332640100
(1779322191.638155) can0 18F811F3#D60C1001D30C0601
(1779322191.639154) can0 18F812F3#4001014001010000
(1779322191.640154) can0 18F813F3#0101000000000000
(1779322191.641155) can0 18F814F3#3200EA1AA9015F00
(1779322191.642155) can0 18F815F3#0000000010030000
(1779322191.643039) can0 273#000000000D023200
(1779322191.644024) can0 1E1#020D271001FA01FA
(1779322191.645077) can0 1F5#0000000000000000
(1779322191.646155) can0 0800A6A9#0000000000000000
(1779322191.647096) can0 1000A6A9#0D028813324A4A4A
(1779322191.648155) can0 1C00A6A9#0000000000030000
(1779322191.649155) can0 02018100#1003020D00000000
(1779322191.650155) can0 02028100#0000003264000000
(1779322191.651156) can0 02038100#0CD601100CD30106
(1779322191.652155) can0 02048100#4A01014A01010000
(1779322191.653066) can0 1AD#8814000059321818
(1779322191.654018) can0 2AD#D60C800C88140016
(1779322191.655038) can0 3AD#0000000000008814
(1779322191.656046) can0 4AD#EB00000000000000
(1779322191.657044) can0 76A#7F00000000000000
(1779322191.715669) can0 0000E005#1702440003B60591
(1779322191.716230) can0 1806E5F4#13CC010003B6023A
(1779322191.717160) can0 0000E000#13CC13CC020D0000
(1779322191.718158) can0 0000E004#181803B603B601E1
(1779322191.719095) can0 0000E006#0CD50CD50CD50CD5
(1779322191.720097) can0 0000E007#0CD50CD30CD50CD5
(1779322191.721097) can0 0000E008#0CD50CD50CD50CD5
(1779322191.722160) can0 0000E009#0CD50CD50CD50CD6
(1779322191.723160) can0 0000E010#0000000000000000
(1779322191.724158) can0 0000E011#0000000000000000
(1779322191.725159) can0 0000E012#0CD5000300000000
(1779322191.726159) can0 0000F001#0000000000000000
(1779322191.727159) can0 18FF28F4#10320000020D0000
(1779322191.728099) can0 18FE28F4#0CD60CD340400000
(1779322191.729159) can0 18FD28F4#1702FA6F00000000
(1779322191.730075) can0 4D4#000032007D0D0203
(1779322191.731006) can0 4D5#D30CD60C40400000
(1779322191.732158) can0 18914010#0CD6100CD3060000
(1779322191.733099) can0 18904010#020D020D753001FA
(1779322191.734159) can0 18FA28F4#123EA12C10270000
(1779322191.735158) can0 18FB28F4#D60CD30C40400000
(1779322191.736159) can0 18FC28F4#383200000D020000
(1779322191.737099) can0 18F810F3#0D02E80332640100
(1779322191.738184) can0 18F815F3#0000000010030000
(1779322191.739028) can0 273#000000000D023200
(1779322191.740015) can0 1E1#020D271001FA01FA
(1779322191.741040) can0 1F5#0000000000000000
(1779322191.742159) can0 0800A6A9#0000000000000000
(1779322191.743080) can0 1000A6A9#0D028813324A4A4A
(1779322191.744159) can0 1C00A6A9#0000000000030000
(1779322191.745159) can0 02018100#1003020D00000000
(1779322191.746159) can0 02028100#0000003264000000
(1779322191.747159) can0 02038100#0CD601100CD30106
(1779322191.748159) can0 02048100#4A01014A01010000
(1779322191.749023) can0 1AD#8814000059321818
(1779322191.750015) can0 2AD#D60C800C88140016
(1779322191.751029) can0 3AD#0000000000008814
(1779322191.752042) can0 4AD#EB00000000000000
(1779322191.753041) can0 76A#7F00000000000000
(1779322191.815681) can0 0000E005#1702440003B60591
(1779322191.816235) can0 1806E5F4#13CC010003B6023A
(1779322191.817163) can0 0000E000#13CC13CC020D0000
(1779322191.818162) can0 0000E004#181803B603B601E1
(1779322191.819084) can0 0000E006#0CD50CD50CD50CD5
(1779322191.820084) can0 0000E007#0CD50CD30CD50CD5
(1779322191.821078) can0 0000E008#0CD50CD50CD50CD5
(1779322191.822077) can0 0000E009#0CD50CD50CD50CD6
(1779322191.823163) can0 0000E010#0000000000000000
(1779322191.824163) can0 0000E011#0000000000000000
(1779322191.825163) can0 0000E012#0CD5000300000000
(1779322191.826163) can0 0000F001#0000000000000000
(1779322191.827163) can0 18FF28F4#10320000020D0000
(1779322191.828162) can0 18FE28F4#0CD60CD340400000
(1779322191.829163) can0 18FD28F4#1702FA6F00000000
(1779322191.830033) can0 4D4#000032007D0D0203
(1779322191.831012) can0 4D5#D30CD60C40400000
(1779322191.832096) can0 18914010#0CD6100CD3060000
(1779322191.833163) can0 18904010#020D020D753001FA
(1779322191.834103) can0 18FA28F4#123EA12C10270000
(1779322191.835103) can0 18FB28F4#D60CD30C40400000
(1779322191.836163) can0 18FC28F4#383200000D020000
(1779322191.837086) can0 18F810F3#0D02E80332640100
(1779322191.838163) can0 18F815F3#0000000010030000
(1779322191.839022) can0 273#000000000D023200
(1779322191.840016) can0 1E1#020D271001FA01FA
(1779322191.841051) can0 1F5#0000000000000000
(1779322191.842163) can0 0800A6A9#0000000000000000
(1779322191.843087) can0 1000A6A9#0D028813324A4A4A
(1779322191.844164) can0 1C00A6A9#0000000000030000
(1779322191.845163) can0 02018100#1003020D00000000
(1779322191.846163) can0 02028100#0000003264000000
(1779322191.847164) can0 02038100#0CD601100CD30106
(1779322191.848163) can0 02048100#4A01014A01010000
(1779322191.849008) can0 1AD#8814000059321818
(1779322191.850026) can0 2AD#D60C800C88140016
(1779322191.851040) can0 3AD#0000000000008814
(1779322191.852049) can0 4AD#EB00000000000000
(1779322191.853032) can0 76A#7F00000000000000
(1779322191.915721) can0 0000E005#1702440003B60591
(1779322191.916258) can0 1806E5F4#13CC010003B6023A
(1779322191.917107) can0 0000E000#13CC13CC020D0000
(1779322191.918106) can0 0000E004#181803B603B601E1
(1779322191.919083) can0 0000E006#0CD50CD50CD50CD5
(1779322191.920082) can0 0000E007#0CD50CD50CD50CD5
(1779322191.921091) can0 0000E008#0CD50CD50CD50CD5
(1779322191.922075) can0 0000E009#0CD50CD50CD50CD6
(1779322191.923168) can0 0000E010#0000000000000000
(1779322191.924166) can0 0000E011#0000000000000000
(1779322191.925167) can0 0000E012#0CD5000000000000
(1779322191.926167) can0 0000F001#0000000000000000
(1779322191.927166) can0 18FF28F4#10320000020D0000
(1779322191.928101) can0 18FE28F4#0CD60CD540400000
(1779322191.929167) can0 18FD28F4#1702FA6F00000000
(1779322191.930031) can0 4D4#000032007D0D0203
(1779322191.931010) can0 4D5#D50CD60C40400000
(1779322191.932106) can0 18914010#0CD6100CD5010000
(1779322191.933101) can0 18904010#020D020D753001FA
(1779322191.934107) can0 18FA28F4#123EA12C10270000
(1779322191.935099) can0 18FB28F4#D60CD50C40400000
(1779322191.936167) can0 18FC28F4#383200000D020000
(1779322191.937167) can0 18F810F3#0D02E80332640100
(1779322191.938167) can0 18F815F3#0000000010030000
(1779322191.939018) can0 273#000000000D023200
(1779322191.940018) can0 1E1#020D271001FA01FA
(1779322191.941049) can0 1F5#0000000000000000
(1779322191.942167) can0 0800A6A9#0000000000000000
(1779322191.943085) can0 1000A6A9#0D028813324A4A4A
(1779322191.944167) can0 1C00A6A9#0000000000030000
(1779322191.945167) can0 02018100#1003020D00000000
(1779322191.946167) can0 02028100#0000003264000000
(1779322191.947103) can0 02038100#0CD601100CD50101
(1779322191.948167) can0 02048100#4A01014A01010000
(1779322191.949009) can0 1AD#8814000059321818
(1779322191.950011) can0 2AD#D60C800C88140016
(1779322191.951025) can0 3AD#0000000000008814
(1779322191.952036) can0 4AD#EB00000000000000
(1779322191.953058) can0 76A#7F00000000000000
(1779322192.015658) can0 0000E005#1702440003B60591
(1779322192.016220) can0 1806E5F4#13CC010003B6023A
(1779322192.017112) can0 0000E000#13CC13CC020D0000
(1779322192.018105) can0 0000E004#181803B603B601E1
(1779322192.019074) can0 0000E006#0CD50CD50CD50CD5
(1779322192.020087) can0 0000E007#0CD50CD50CD50CD5
(1779322192.021080) can0 0000E008#0CD50CD50CD50CD5
(1779322192.022170) can0 0000E009#0CD50CD50CD50CD6
(1779322192.023172) can0 0000E010#0000000000000000
(1779322192.024171) can0 0000E011#0000000000000000
(1779322192.025170) can0 0000E012#0CD5000000000000
(1779322192.026170) can0 0000F001#0000000000000000
(1779322192.027171) can0 18FF28F4#10320000020D0000
(1779322192.028094) can0 18FE28F4#0CD60CD540400000
(1779322192.029110) can0 18FD28F4#1702FA6F00000000
(1779322192.030059) can0 4D4#000032007D0D0203
(1779322192.031015) can0 4D5#D50CD60C40400000
(1779322192.032087) can0 18914010#0CD6100CD5010000
(1779322192.033087) can0 18904010#020D020D753001FA
(1779322192.034101) can0 18FA28F4#123EA12C10270000
(1779322192.035081) can0 18FB28F4#D60CD50C40400000
(1779322192.036171) can0 18FC28F4#383200000D020000
(1779322192.037075) can0 18F810F3#0D02E80332640100
(1779322192.038171) can0 18F815F3#0000000010030000
(1779322192.039011) can0 273#000000000D023200
(1779322192.040009) can0 1E1#020D271001FA01FA
(1779322192.041041) can0 1F5#0000000000000000
(1779322192.042172) can0 0800A6A9#0000000000000000
(1779322192.043076) can0 1000A6A9#0D028813324A4A4A
(1779322192.044111) can0 1C00A6A9#0000000000030000
(1779322192.045171) can0 02018100#1003020D00000000
(1779322192.046172) can0 02028100#0000003264000000
(1779322192.047089) can0 02038100#0CD601100CD50101
(1779322192.048105) can0 02048100#4A01014A01010000
(1779322192.049009) can0 1AD#8814000059321818
(1779322192.050002) can0 2AD#D60C800C88140016
(1779322192.051016) can0 3AD#0000000000008814
(1779322192.052029) can0 4AD#EB00000000000000
(1779322192.053029) can0 76A#7F00000000000000
(1779322192.132646) can0 0000E005#1702440003B60591
(1779322192.133203) can0 1806E5F4#13CC010003B6023A
(1779322192.134099) can0 0000E000#13CC13CC020D0000
(1779322192.135091) can0 0000E004#181803B603B601E1
(1779322192.136075) can0 0000E006#0CD50CD50CD50CD5
(1779322192.137072) can0 0000E007#0CD50CD50CD50CD5
(1779322192.138072) can0 0000E008#0CD50CD50CD50CD5
(1779322192.139073) can0 0000E009#0CD50CD50CD50CD6
(1779322192.140175) can0 0000E010#0000000000000000
(1779322192.141116) can0 0000E011#0000000000000000
(1779322192.142092) can0 0000E012#0CD5000000000000
(1779322192.143079) can0 0000E013#4542323630354C43
(1779322192.144108) can0 0000E014#3134323300000000
(1779322192.145175) can0 0000E015#0000000000000003
(1779322192.146117) can0 0000F000#0000000000000000
(1779322192.147116) can0 0000F001#0000000000000000
(1779322192.148112) can0 18FF28F4#10320000020D0000
(1779322192.149091) can0 18FE28F4#0CD60CD540400000
(1779322192.150091) can0 18FD28F4#1702FA6F00000000
(1779322192.151012) can0 4D4#000032007D0D0203
(1779322192.152014) can0 4D5#D50CD60C40400000
(1779322192.153085) can0 18914010#0CD6100CD5010000
(1779322192.154085) can0 18904010#020D020D753001FA
(1779322192.155099) can0 18924010#4001400100000000
(1779322192.156100) can0 18934010#000000200000BC19
(1779322192.157116) can0 18944010#1003000000000000
(1779322192.158176) can0 18954010#0000000000000000
(1779322192.159177) can0 18954010#0100000000000000
(1779322192.160176) can0 18954010#0200000000000000
(1779322192.161176) can0 18954010#0300000000000000
(1779322192.162177) can0 18954010#0400000000000000
(1779322192.163119) can0 18954010#0500000000000000
(1779322192.164117) can0 18964010#0040404000000000
(1779322192.165110) can0 18974010#0000000000000000
(1779322192.166110) can0 18984010#0000000000000000
(1779322192.167087) can0 18FA28F4#123EA12C10270000
(1779322192.168099) can0 18FB28F4#D60CD50C40400000
(1779322192.169116) can0 18FC28F4#383200000D020000
(1779322192.170073) can0 18F810F3#0D02E80332640100
(1779322192.171086) can0 18F811F3#D60C1001D50C0101
(1779322192.172086) can0 18F812F3#4001014001010000
(1779322192.173116) can0 18F813F3#0101000000000000
(1779322192.174084) can0 18F814F3#3200EA1AA9015F00
(1779322192.175112) can0 18F815F3#0000000010030000
(1779322192.176047) can0 273#000000000D023200
(1779322192.176996) can0 1E1#020D271001FA01FA
(1779322192.178021) can0 1F5#0000000000000000
(1779322192.179178) can0 0800A6A9#0000000000000000
(1779322192.180075) can0 1000A6A9#0D028813324A4A4A
(1779322192.181111) can0 1C00A6A9#0000000000030000
(1779322192.182099) can0 02018100#1003020D00000000
(1779322192.183178) can0 02028100#0000003264000000
(1779322192.184177) can0 02038100#0CD601100CD50101
(1779322192.185088) can0 02048100#4A01014A01010000
(1779322192.185989) can0 1AD#8814000059321818
(1779322192.187009) can0 2AD#D60C800C88140016
(1779322192.188021) can0 3AD#0000000000008814
(1779322192.189021) can0 4AD#EB00000000000000
(1779322192.190015) can0 76A#7F00000000000000
(1779322192.191974) can0 00000E00#00354C4331343233
(1779322192.248649) can0 0000E005#1702440003B60591
(1779322192.249213) can0 1806E5F4#13CC010003B6023A
(1779322192.250104) can0 0000E000#13CC13CC020D0000
(1779322192.251083) can0 0000E004#181803B603B601E1
(1779322192.252069) can0 0000E006#0CD50CD50CD50CD5
(1779322192.253119) can0 0000E007#0CD50CD50CD50CD5
(1779322192.254069) can0 0000E008#0CD50CD50CD50CD5
(1779322192.255069) can0 0000E009#0CD50CD50CD50CD6
(1779322192.256180) can0 0000E010#0000000000000000
(1779322192.257121) can0 0000E011#0000000000000000
(1779322192.258102) can0 0000E012#0CD5000000000000
(1779322192.259113) can0 0000F001#0000000000000000
(1779322192.260096) can0 18FF28F4#10320000020D0000
(1779322192.261181) can0 18FE28F4#0CD60CD540400000
(1779322192.262091) can0 18FD28F4#1702FA6F00000000
(1779322192.263004) can0 4D4#000032007D0D0203
(1779322192.263992) can0 4D5#D50CD60C40400000
(1779322192.265083) can0 18914010#0CD6100CD5010000
(1779322192.266084) can0 18904010#020D020D753001FA
(1779322192.267078) can0 18FA28F4#123EA12C10270000
(1779322192.268077) can0 18FB28F4#D60CD50C40400000
(1779322192.269181) can0 18FC28F4#383200000D020000
(1779322192.270072) can0 18F810F3#0D02E80332640100
(1779322192.271106) can0 18F815F3#0000000010030000
(1779322192.272012) can0 273#000000000D023200
(1779322192.272992) can0 1E1#020D271001FA01FA
(1779322192.274025) can0 1F5#0000000000000000
(1779322192.275102) can0 0800A6A9#0000000000000000
(1779322192.276068) can0 1000A6A9#0D028813324A4A4A
(1779322192.277099) can0 1C00A6A9#0000000000030000
(1779322192.278113) can0 02018100#1003020D00000000
(1779322192.279115) can0 02028100#0000003264000000
(1779322192.280089) can0 02038100#0CD601100CD50101
(1779322192.281084) can0 02048100#4A01014A01010000
(1779322192.281985) can0 1AD#8814000059321818
(1779322192.283001) can0 2AD#D60C800C88140016
(1779322192.284017) can0 3AD#0000000000008814
(1779322192.285012) can0 4AD#EB00000000000000
(1779322192.286010) can0 76A#7F00000000000000
(1779322192.348677) can0 0000E005#1702440003B60591
(1779322192.349240) can0 1806E5F4#13CC010003B6023A
(1779322192.350082) can0 0000E000#13CC13CC020D0000
(1779322192.351079) can0 0000E004#181803B603B601E1
(1779322192.352066) can0 0000E006#0CD50CD50CD50CD5
(1779322192.353064) can0 0000E007#0CD50CD50CD50CD5
(1779322192.354067) can0 0000E008#0CD50CD50CD50CD5
(1779322192.355058) can0 0000E009#0CD50CD50CD50CD6
(1779322192.356184) can0 0000E010#0000000000000000
(1779322192.357117) can0 0000E011#0000000000000000
(1779322192.358094) can0 0000E012#0CD5000000000000
(1779322192.359106) can0 0000F001#0000000000000000
(1779322192.360094) can0 18FF28F4#10320000020D0000
(1779322192.361073) can0 18FE28F4#0CD60CD540400000
(1779322192.362087) can0 18FD28F4#1702FA6F00000000
(1779322192.363008) can0 4D4#000032007D0D0203
(1779322192.363990) can0 4D5#D50CD60C40400000
(1779322192.365079) can0 18914010#0CD6100CD5010000
(1779322192.366080) can0 18904010#020D020D753001FA
(1779322192.367081) can0 18FA28F4#123EA12C10270000
(1779322192.368078) can0 18FB28F4#D60CD50C40400000
(1779322192.369105) can0 18FC28F4#383200000D020000
(1779322192.370075) can0 18F810F3#0D02E80332640100
(1779322192.371105) can0 18F815F3#0000000010030000
(1779322192.372008) can0 273#000000000D023200
(1779322192.372988) can0 1E1#020D271001FA01FA
(1779322192.374022) can0 1F5#0000000000000000
(1779322192.375099) can0 0800A6A9#0000000000000000
(1779322192.376072) can0 1000A6A9#0D028813324A4A4A
(1779322192.377093) can0 1C00A6A9#0000000000030000
(1779322192.378108) can0 02018100#1003020D00000000
(1779322192.379106) can0 02028100#0000003264000000
(1779322192.380088) can0 02038100#0CD601100CD50101
(1779322192.381080) can0 02048100#4A01014A01010000
(1779322192.381991) can0 1AD#8814000059321818
(1779322192.383002) can0 2AD#D60C800C88140016
(1779322192.384011) can0 3AD#0000000000008814
(1779322192.385009) can0 4AD#EB00000000000000
(1779322192.386011) can0 76A#7F00000000000000
(1779322192.448635) can0 0000E005#1702440003B60591
(1779322192.449190) can0 1806E5F4#13CC010003B6023A
(1779322192.450085) can0 0000E000#13CC13CC020D0000
(1779322192.451078) can0 0000E004#181803B603B601E1
(1779322192.452057) can0 0000E006#0CD50CD50CD50CD5
(1779322192.453067) can0 0000E007#0CD50CD50CD50CD5
(1779322192.454069) can0 0000E008#0CD50CD50CD50CD5
(1779322192.455065) can0 0000E009#0CD50CD50CD50CD6
(1779322192.456110) can0 0000E010#0000000000000000
(1779322192.457106) can0 0000E011#0000000000000000
(1779322192.458090) can0 0000E012#0CD5000000000000
(1779322192.459106) can0 0000F001#0000000000000000
(1779322192.460104) can0 18FF28F4#10320000020D0000
(1779322192.461072) can0 18FE28F4#0CD60CD540400000
(1779322192.462084) can0 18FD28F4#1702FA6F00000000
(1779322192.463008) can0 4D4#000032007D0D0203
(1779322192.463987) can0 4D5#D50CD60C40400000
(1779322192.465076) can0 18914010#0CD6100CD5010000
(1779322192.466078) can0 18904010#020D020D753001FA
(1779322192.467079) can0 18FA28F4#123EA12C10270000
(1779322192.468091) can0 18FB28F4#D60CD50C40400000
(1779322192.469091) can0 18FC28F4#383200000D020000
(1779322192.470077) can0 18F810F3#0D02E80332640100
(1779322192.471100) can0 18F815F3#0000000010030000
(1779322192.472006) can0 273#000000000D023200
(1779322192.472989) can0 1E1#020D271001FA01FA
(1779322192.474019) can0 1F5#0000000000000000
(1779322192.475094) can0 0800A6A9#0000000000000000
(1779322192.476077) can0 1000A6A9#0D028813324A4A4A
(1779322192.477094) can0 1C00A6A9#0000000000030000
(1779322192.478086) can0 02018100#1003020D00000000
(1779322192.479088) can0 02028100#0000003264000000
(1779322192.480071) can0 02038100#0CD601100CD50101
(1779322192.481084) can0 02048100#4A01014A01010000
(1779322192.481981) can0 1AD#8814000059321818
(1779322192.482984) can0 2AD#D60C800C88140016
(1779322192.484045) can0 3AD#0000000000008814
(1779322192.485008) can0 4AD#EB00000000000000
(1779322192.486001) can0 76A#7F00000000000000
(1779322192.548641) can0 0000E005#1702440003B60591
(1779322192.549198) can0 1806E5F4#13CC010003B6023A
(1779322192.550072) can0 0000E000#13CC13CC020D0000
(1779322192.551077) can0 0000E004#181803B603B601E1
(1779322192.552062) can0 0000E006#0CD50CD50CD50CD5
(1779322192.553088) can0 0000E007#0CD50CD50CD50CD5
(1779322192.554057) can0 0000E008#0CD50CD50CD50CD5
(1779322192.555055) can0 0000E009#0CD50CD50CD50CD6
(1779322192.556095) can0 0000E010#0000000000000000
(1779322192.557095) can0 0000E011#0000000000000000
(1779322192.558081) can0 0000E012#0CD5000000000000
(1779322192.559108) can0 0000F001#0000000000000000
(1779322192.560089) can0 18FF28F4#10320000020D0000
(1779322192.561100) can0 18FE28F4#0CD60CD540400000
(1779322192.562087) can0 18FD28F4#1702FA6F00000000
(1779322192.562991) can0 4D4#000032007D0D0203
(1779322192.563991) can0 4D5#D50CD60C40400000
(1779322192.565067) can0 18914010#0CD6100CD5010000
(1779322192.566063) can0 18904010#020D020D753001FA
(1779322192.567081) can0 18FA28F4#123EA12C10270000
(1779322192.568062) can0 18FB28F4#D60CD50C40400000
(1779322192.569193) can0 18FC28F4#383200000D020000
(1779322192.570071) can0 18F810F3#0D02E80332640100
(1779322192.571096) can0 18F815F3#0000000010030000
(1779322192.572005) can0 273#000000000D023200
(1779322192.572985) can0 1E1#020D271001FA01FA
(1779322192.574012) can0 1F5#0000000000000000
(1779322192.575089) can0 0800A6A9#0000000000000000
(1779322192.576062) can0 1000A6A9#0D028813324A4A4A
(1779322192.577192) can0 1C00A6A9#0000000000030000
(1779322192.578099) can0 02018100#1003020D00000000
(1779322192.579094) can0 02028100#0000003264000000
(1779322192.580077) can0 02038100#0CD601100CD50101
(1779322192.581075) can0 02048100#4A01014A01010000
(1779322192.581973) can0 1AD#8814000059321818
(1779322192.582986) can0 2AD#D60C800C88140016
(1779322192.583999) can0 3AD#0000000000008814
(1779322192.584998) can0 4AD#EB00000000000000
(1779322192.585988) can0 76A#7F00000000000000
(1779322192.665618) can0 0000E005#1702440003B60591
(1779322192.666197) can0 1806E5F4#13CC010003B6023A
(1779322192.667074) can0 0000E000#13CC13CC020D0000
(1779322192.668066) can0 0000E004#181803B603B601E1
(1779322192.669053) can0 0000E006#0CD50CD50CD50CD5
(1779322192.670054) can0 0000E007#0CD50CD50CD50CD5
(1779322192.671054) can0 0000E008#0CD50CD50CD50CD5
(1779322192.672053) can0 0000E009#0CD50CD50CD50CD6
(1779322192.673092) can0 0000E010#0000000000000000
(1779322192.674088) can0 0000E011#0000000000000000
(1779322192.675079) can0 0000E012#0CD5000000000000
(1779322192.676053) can0 0000E013#4542323630354C43
(1779322192.677072) can0 0000E014#3134323300000000
(1779322192.678086) can0 0000E015#0000000000000003
(1779322192.679100) can0 0000F000#0000000000000000
(1779322192.680096) can0 0000F001#0000000000000000
(1779322192.681075) can0 18FF28F4#10320000020D0000
(1779322192.682063) can0 18FE28F4#0CD60CD540400000
(1779322192.683075) can0 18FD28F4#1702FA6F00000000
(1779322192.683992) can0 4D4#000032007D0D0203
(1779322192.684973) can0 4D5#D50CD60C40400000
(1779322192.686069) can0 18914010#0CD6100CD5010000
(1779322192.687070) can0 18904010#020D020D753001FA
(1779322192.688080) can0 18924010#4001400100000000
(1779322192.689063) can0 18934010#000000210000BC19
(1779322192.690076) can0 18944010#1003000000000000
(1779322192.691103) can0 18954010#0000000000000000
(1779322192.692102) can0 18954010#0100000000000000
(1779322192.693084) can0 18954010#0200000000000000
(1779322192.694083) can0 18954010#0300000000000000
(1779322192.695082) can0 18954010#0400000000000000
(1779322192.696081) can0 18954010#0500000000000000
(1779322192.697082) can0 18964010#0040404000000000
(1779322192.698090) can0 18974010#0000000000000000
(1779322192.699103) can0 18984010#0000000000000000
(1779322192.700064) can0 18FA28F4#123EA12C10270000
(1779322192.701050) can0 18FB28F4#D60CD50C40400000
(1779322192.702082) can0 18FC28F4#383200000D020000
(1779322192.703063) can0 18F810F3#0D02E80332640100
(1779322192.704072) can0 18F811F3#D60C1001D50C0101
(1779322192.705069) can0 18F812F3#4001014001010000
(1779322192.706083) can0 18F813F3#0101000000000000
(1779322192.707091) can0 18F814F3#3200EA1AA9015F00
(1779322192.708091) can0 18F815F3#0000000010030000
(1779322192.708993) can0 273#000000000D023200
(1779322192.709975) can0 1E1#020D271001FA01FA
(1779322192.711006) can0 1F5#0000000000000000
(1779322192.712073) can0 0800A6A9#0000000000000000
(1779322192.713045) can0 1000A6A9#0D028813324A4A4A
(1779322192.714076) can0 1C00A6A9#0000000000030000
(1779322192.715117) can0 02018100#1003020D00000000
(1779322192.716088) can0 02028100#0000003264000000
(1779322192.717070) can0 02038100#0CD601100CD50101
(1779322192.718070) can0 02048100#4A01014A01010000
(1779322192.718968) can0 1AD#8814000059321818
(1779322192.719967) can0 2AD#D60C800C88140016
(1779322192.720980) can0 3AD#0000000000008814
(1779322192.722000) can0 4AD#EB00000000000000
(1779322192.723051) can0 76A#7F00000000000000
(1779322192.781667) can0 0000E005#1702440003B60591
(1779322192.782229) can0 1806E5F4#13CC010003B6023A
(1779322192.783075) can0 0000E000#13CC13CC020D0000
(1779322192.784087) can0 0000E004#181803B603B601E1
(1779322192.785037) can0 0000E006#0CD50CD50CD50CD5
(1779322192.786054) can0 0000E007#0CD50CD50CD50CD5
(1779322192.787054) can0 0000E008#0CD50CD50CD50CD5
(1779322192.788047) can0 0000E009#0CD50CD50CD50CD6
(1779322192.789093) can0 0000E010#0000000000000000
(1779322192.790098) can0 0000E011#0000000000000000
(1779322192.791075) can0 0000E012#0CD5000000000000
(1779322192.792137) can0 0000F001#0000000000000000
(1779322192.793071) can0 18FF28F4#10320000020D0000
(1779322192.794054) can0 18FE28F4#0CD60CD540400000
(1779322192.795067) can0 18FD28F4#1702FA6F00000000
(1779322192.795984) can0 4D4#000032007D0D0203
(1779322192.796971) can0 4D5#D50CD60C40400000
(1779322192.798062) can0 18914010#0CD6100CD5010000
(1779322192.799061) can0 18904010#020D020D753001FA
(1779322192.800101) can0 18FA28F4#123EA12C10270000
(1779322192.801060) can0 18FB28F4#D60CD50C40400000
(1779322192.802086) can0 18FC28F4#383200000D020000
(1779322192.803054) can0 18F810F3#0D02E80332640100
(1779322192.804084) can0 18F815F3#0000000010030000
(1779322192.804984) can0 273#000000000D023200
(1779322192.805965) can0 1E1#020D271001FA01FA
(1779322192.806998) can0 1F5#0000000000000000
(1779322192.808077) can0 0800A6A9#0000000000000000
(1779322192.809042) can0 1000A6A9#0D028813324A4A4A
(1779322192.810074) can0 1C00A6A9#0000000000030000
(1779322192.811087) can0 02018100#1003020D00000000
(1779322192.812087) can0 02028100#0000003264000000
(1779322192.813067) can0 02038100#0CD601100CD50101
(1779322192.814061) can0 02048100#4A01014A01010000
(1779322192.814966) can0 1AD#8814000059321818
(1779322192.815970) can0 2AD#D60C800C88140016
(1779322192.816991) can0 3AD#0000000000008814
(1779322192.817984) can0 4AD#EB00000000000000
(1779322192.818984) can0 76A#7F00000000000000
(1779322192.881658) can0 0000E005#1702440003B60591
(1779322192.882209) can0 1806E5F4#13CC010003B6023A
(1779322192.883074) can0 0000E000#13CC13CC020D0000
(1779322192.884058) can0 0000E004#181803B603B601E1
(1779322192.885039) can0 0000E006#0CD50CD50CD50CD5
(1779322192.886039) can0 0000E007#0CD50CD50CD50CD5
(1779322192.887033) can0 0000E008#0CD50CD50CD50CD5
(1779322192.888032) can0 0000E009#0CD50CD50CD50CD6
(1779322192.889073) can0 0000E010#0000000000000000
(1779322192.890077) can0 0000E011#0000000000000000
(1779322192.891058) can0 0000E012#0CD5000000000000
(1779322192.892090) can0 0000F001#0000000000000000
(1779322192.893065) can0 18FF28F4#10320000020D0000
(1779322192.894052) can0 18FE28F4#0CD60CD540400000
(1779322192.895072) can0 18FD28F4#1702FA6F00000000
(1779322192.895969) can0 4D4#000032007D0D0203
(1779322192.896969) can0 4D5#D50CD60C40400000
(1779322192.898065) can0 18914010#0CD6100CD5010000
(1779322192.899045) can0 18904010#020D020D753001FA
(1779322192.900058) can0 18FA28F4#123EA12C10270000
(1779322192.901034) can0 18FB28F4#D60CD50C40400000
(1779322192.902071) can0 18FC28F4#383200000D020000
(1779322192.903040) can0 18F810F3#0D02E80332640100
(1779322192.904084) can0 18F815F3#0000000010030000
(1779322192.904965) can0 273#000000000D023200
(1779322192.905969) can0 1E1#020D271001FA01FA
(1779322192.907001) can0 1F5#0000000000000000
(1779322192.908078) can0 0800A6A9#0000000000000000
(1779322192.909027) can0 1000A6A9#0D028813324A4A4A
(1779322192.910072) can0 1C00A6A9#0000000000030000
(1779322192.911072) can0 02018100#1003020D00000000
(1779322192.912071) can0 02028100#0000003264000000
(1779322192.913051) can0 02038100#0CD601100CD50101
(1779322192.914065) can0 02048100#4A01014A01010000
(1779322192.914963) can0 1AD#8814000059321818
(1779322192.915963) can0 2AD#D60C800C88140016
(1779322192.916973) can0 3AD#0000000000008814
(1779322192.917989) can0 4AD#EB00000000000000
(1779322192.918983) can0 76A#7F00000000000000
(1779322192.981617) can0 0000E005#1702440003B60591
(1779322192.982207) can0 1806E5F4#13CC010003B6023A
(1779322192.983063) can0 0000E000#13CC13CC020D0000
(1779322192.984056) can0 0000E004#181803B603B601E1
(1779322192.985036) can0 0000E006#0CD50CD50CD50CD5
(1779322192.986031) can0 0000E007#0CD50CD50CD50CD5
(1779322192.987038) can0 0000E008#0CD50CD50CD50CD5
(1779322192.988030) can0 0000E009#0CD50CD50CD50CD6
(1779322192.989081) can0 0000E010#0000000000000000
(1779322192.990076) can0 0000E011#0000000000000000
(1779322192.991075) can0 0000E012#0CD5000000000000
(1779322192.992088) can0 0000F001#0000000000000000
(1779322192.993075) can0 18FF28F4#10320000020D0000
(1779322192.994056) can0 18FE28F4#0CD60CD540400000
(1779322192.995056) can0 18FD28F4#1702FA6F00000000
(1779322192.995973) can0 4D4#000032007D0D0203
(1779322192.996954) can0 4D5#D50CD60C40400000
(1779322192.998047) can0 18914010#0CD6100CD5010000
(1779322192.999063) can0 18904010#020D020D753001FA
(1779322193.000064) can0 18FA28F4#123EA12C10270000
(1779322193.001043) can0 18FB28F4#D60CD50C40400000
(1779322193.002068) can0 18FC28F4#383200000D020000
(1779322193.003037) can0 18F810F3#0D02E80332640100
(1779322193.004070) can0 18F815F3#0000000010030000
(1779322193.004974) can0 273#000000000D023200
(1779322193.005954) can0 1E1#020D271001FA01FA
(1779322193.007020) can0 1F5#0000000000000000
(1779322193.008076) can0 0800A6A9#0000000000000000
(1779322193.009031) can0 1000A6A9#0D028813324A4A4A
(1779322193.010055) can0 1C00A6A9#0000000000030000
(1779322193.011076) can0 02018100#1003020D00000000
(1779322193.012069) can0 02028100#0000003264000000
(1779322193.013050) can0 02038100#0CD601100CD50101
(1779322193.014046) can0 02048100#4A01014A01010000
(1779322193.014980) can0 1AD#8814000059321818
(1779322193.015963) can0 2AD#D60C800C88140016
(1779322193.016974) can0 3AD#0000000000008814
(1779322193.017974) can0 4AD#EB00000000000000
(1779322193.018988) can0 76A#7F00000000000000
(1779322193.081639) can0 0000E005#1702440003B60591
(1779322193.082210) can0 1806E5F4#13CC010003B6023A
(1779322193.083061) can0 0000E000#13CC13CC020D0000
(1779322193.084059) can0 0000E004#181803B603B601E1
(1779322193.085028) can0 0000E006#0CD50CD50CD50CD5
(1779322193.086028) can0 0000E007#0CD50CD50CD50CD5
(1779322193.087020) can0 0000E008#0CD50CD50CD50CD5
(1779322193.088021) can0 0000E009#0CD50CD50CD50CD6
(1779322193.089085) can0 0000E010#0000000000000000
(1779322193.090086) can0 0000E011#0000000000000000
(1779322193.091067) can0 0000E012#0CD5000000000000
(1779322193.092106) can0 0000F001#0000000000000000
(1779322193.093066) can0 18FF28F4#10320000020D0000
(1779322193.094047) can0 18FE28F4#0CD60CD540400000
(1779322193.095058) can0 18FD28F4#1702FA6F00000000
(1779322193.095958) can0 4D4#000032007D0D0203
(1779322193.096958) can0 4D5#D50CD60C40400000
(1779322193.098041) can0 18914010#0CD6100CD5010000
(1779322193.099034) can0 18904010#020D020D753001FA
(1779322193.100098) can0 18FA28F4#123EA12C10270000
(1779322193.101034) can0 18FB28F4#D60CD50C40400000
(1779322193.102066) can0 18FC28F4#383200000D020000
(1779322193.103028) can0 18F810F3#0D02E80332640100
(1779322193.104079) can0 18F815F3#0000000010030000
(1779322193.104964) can0 273#000000000D023200
(1779322193.105958) can0 1E1#020D271001FA01FA
(1779322193.106990) can0 1F5#0000000000000000
(1779322193.108114) can0 0800A6A9#0000000000000000
(1779322193.109035) can0 1000A6A9#0D028813324A4A4A
(1779322193.110067) can0 1C00A6A9#0000000000030000
(1779322193.111059) can0 02018100#1003020D00000000
(1779322193.112060) can0 02028100#0000003264000000
(1779322193.113048) can0 02038100#0CD601100CD50101
(1779322193.114060) can0 02048100#4A01014A01010000
(1779322193.114959) can0 1AD#8814000059321818
(1779322193.115952) can0 2AD#D60C800C88140016
(1779322193.116964) can0 3AD#0000000000008814
(1779322193.117978) can0 4AD#EB00000000000000
(1779322193.118974) can0 76A#7F00000000000000
(1779322193.198594) can0 0000E005#1702440003B60591
(1779322193.199149) can0 1806E5F4#13CC010003B6023A
(1779322193.200052) can0 0000E000#13CC13CC020D0000
(1779322193.201046) can0 0000E004#181803B603B601E1
(1779322193.202033) can0 0000E006#0CD50CD50CD50CD5
(1779322193.203033) can0 0000E007#0CD50CD50CD50CD5
(1779322193.204026) can0 0000E008#0CD50CD50CD50CD5
(1779322193.205026) can0 0000E009#0CD50CD50CD50CD6
(1779322193.206070) can0 0000E010#0000000000000000
(1779322193.207071) can0 0000E011#0000000000000000
(1779322193.208052) can0 0000E012#0CD5000000000000
(1779322193.209018) can0 0000E013#4542323630354C43
(1779322193.210052) can0 0000E014#3134323300000000
(1779322193.211065) can0 0000E015#0000000000000003
(1779322193.212077) can0 0000F000#0000000000000000
(1779322193.213070) can0 0000F001#0000000000000000
(1779322193.214059) can0 18FF28F4#10320000020D0000
(1779322193.215040) can0 18FE28F4#0CD60CD540400000
(1779322193.216053) can0 18FD28F4#1702FA6F00000000
(1779322193.216956) can0 4D4#000032007D0D0203
(1779322193.217956) can0 4D5#D50CD60C40400000
(1779322193.219033) can0 18914010#0CD6100CD5010000
(1779322193.220046) can0 18904010#020D020D753001FA
(1779322193.221056) can0 18924010#4001400100000000
(1779322193.222059) can0 18934010#000000220000BC19
(1779322193.223064) can0 18944010#1003000000000000
(1779322193.224073) can0 18954010#0000000000000000
(1779322193.225070) can0 18954010#0100000000000000
(1779322193.226072) can0 18954010#0200000000000000
(1779322193.227065) can0 18954010#0300000000000000
(1779322193.228065) can0 18954010#0400000000000000
(1779322193.229066) can0 18954010#0500000000000000
(1779322193.230078) can0 18964010#0040404000000000
(1779322193.231073) can0 18974010#0000000000000000
(1779322193.232052) can0 18984010#0000000000000000
(1779322193.233033) can0 18FA28F4#123EA12C10270000
(1779322193.234034) can0 18FB28F4#D60CD50C40400000
(1779322193.235066) can0 18FC28F4#383200000D020000
(1779322193.236028) can0 18F810F3#0D02E80332640100
(1779322193.237035) can0 18F811F3#D60C1001D50C0101
(1779322193.238072) can0 18F812F3#4001014001010000
(1779322193.239067) can0 18F813F3#0101000000000000
(1779322193.240035) can0 18F814F3#3200EA1AA9015F00
(1779322193.241060) can0 18F815F3#0000000010030000
(1779322193.241957) can0 273#000000000D023200
(1779322193.242958) can0 1E1#020D271001FA01FA
(1779322193.243989) can0 1F5#0000000000000000
(1779322193.245057) can0 0800A6A9#0000000000000000
(1779322193.246060) can0 1000A6A9#0D028813324A4A4A
(1779322193.247061) can0 1C00A6A9#0000000000030000
(1779322193.248060) can0 02018100#1003020D00000000
(1779322193.249057) can0 02028100#0000003264000000
(1779322193.250041) can0 02038100#0CD601100CD50101
(1779322193.251054) can0 02048100#4A01014A01010000
(1779322193.251957) can0 1AD#8814000059321818
(1779322193.252952) can0 2AD#D60C800C88140016
(1779322193.254003) can0 3AD#0000000000008814
(1779322193.254965) can0 4AD#EB00000000000000
(1779322193.255965) can0 76A#7F00000000000000
(1779322193.314635) can0 0000E005#1702440003B60591
(1779322193.315220) can0 1806E5F4#13CC010003B6023A
(1779322193.316057) can0 0000E000#13CC13CC020D0000
(1779322193.317039) can0 0000E004#181803B603B601E1
(1779322193.318022) can0 0000E006#0CD50CD50CD50CD5
(1779322193.319019) can0 0000E007#0CD50CD50CD50CD5
(1779322193.320019) can0 0000E008#0CD50CD50CD50CD5
(1779322193.321019) can0 0000E009#0CD50CD50CD50CD6
(1779322193.322065) can0 0000E010#0000000000000000
(1779322193.323096) can0 0000E011#0000000000000000
(1779322193.324044) can0 0000E012#0CD5000000000000
(1779322193.325076) can0 0000F001#0000000000000000
(1779322193.326053) can0 18FF28F4#10320000020D0000
(1779322193.327040) can0 18FE28F4#0CD60CD540400000
(1779322193.328051) can0 18FD28F4#1702FA6F00000000
(1779322193.328955) can0 4D4#000032007D0D0203
(1779322193.329943) can0 4D5#D50CD60C40400000
(1779322193.331078) can0 18914010#0CD6100CD5010000
(1779322193.332026) can0 18904010#020D020D753001FA
(1779322193.333045) can0 18FA28F4#123EA12C10270000
(1779322193.334026) can0 18FB28F4#D60CD50C40400000
(1779322193.335059) can0 18FC28F4#383200000D020000
(1779322193.336019) can0 18F810F3#0D02E80332640100
(1779322193.337071) can0 18F815F3#0000000010030000
(1779322193.337947) can0 273#000000000D023200
(1779322193.339001) can0 1E1#020D271001FA01FA
(1779322193.339963) can0 1F5#0000000000000000
(1779322193.341058) can0 0800A6A9#0000000000000000
(1779322193.342008) can0 1000A6A9#0D028813324A4A4A
(1779322193.343058) can0 1C00A6A9#0000000000030000
(1779322193.344052) can0 02018100#1003020D00000000
(1779322193.345051) can0 02028100#0000003264000000
(1779322193.346032) can0 02038100#0CD601100CD50101
(1779322193.347045) can0 02048100#4A01014A01010000
(1779322193.347950) can0 1AD#8814000059321818
(1779322193.348943) can0 2AD#D60C800C88140016
(1779322193.349954) can0 3AD#0000000000008814
(1779322193.350977) can0 4AD#EB00000000000000
(1779322193.351969) can0 76A#7F00000000000000
(1779322193.414597) can0 0000E005#1702440003B60591
(1779322193.415134) can0 1806E5F4#13CC010003B6023A
(1779322193.416093) can0 0000E000#13CC13CC020D0000
(1779322193.417041) can0 0000E004#181803B603B601E1
(1779322193.418003) can0 0000E006#0CD50CD50CD50CD5
(1779322193.419023) can0 0000E007#0CD50CD50CD50CD5
(1779322193.420016) can0 0000E008#0CD50CD50CD50CD5
(1779322193.421017) can0 0000E009#0CD50CD50CD50CD6
(1779322193.422061) can0 0000E010#0000000000000000
(1779322193.423058) can0 0000E011#0000000000000000
(1779322193.424042) can0 0000E012#0CD5000000000000
(1779322193.425061) can0 0000F001#0000000000000000
(1779322193.426055) can0 18FF28F4#10320000020D0000
(1779322193.427019) can0 18FE28F4#0CD60CD540400000
(1779322193.428036) can0 18FD28F4#1702FA6F00000000
(1779322193.428952) can0 4D4#000032007D0D0203
(1779322193.429940) can0 4D5#D50CD60C40400000
(1779322193.431029) can0 18914010#0CD6100CD5010000
(1779322193.432030) can0 18904010#020D020D753001FA
(1779322193.433042) can0 18FA28F4#123EA12C10270000
(1779322193.434030) can0 18FB28F4#D60CD50C40400000
(1779322193.435055) can0 18FC28F4#383200000D020000
(1779322193.436023) can0 18F810F3#0D02E80332640100
(1779322193.437055) can0 18F815F3#0000000010030000
(1779322193.437948) can0 273#000000000D023200
(1779322193.438941) can0 1E1#020D271001FA01FA
(1779322193.439966) can0 1F5#0000000000000000
(1779322193.441049) can0 0800A6A9#0000000000000000
(1779322193.442010) can0 1000A6A9#0D028813324A4A4A
(1779322193.443043) can0 1C00A6A9#0000000000030000
(1779322193.444056) can0 02018100#1003020D00000000
(1779322193.445055) can0 02028100#0000003264000000
(1779322193.446035) can0 02038100#0CD601100CD50101
(1779322193.447037) can0 02048100#4A01014A01010000
(1779322193.447934) can0 1AD#8814000059321818
(1779322193.448947) can0 2AD#D60C800C88140016
(1779322193.449957) can0 3AD#0000000000008814
(1779322193.450960) can0 4AD#EB00000000000000
(1779322193.451953) can0 76A#7F00000000000000
(1779322193.514584) can0 0000E005#1702440003B60591
(1779322193.515132) can0 1806E5F4#13CC010003B6023A
(1779322193.516033) can0 0000E000#13CC13CC020D0000
(1779322193.517033) can0 0000E004#181803B603B601E1
(1779322193.518013) can0 0000E006#0CD50CD50CD50CD5
(1779322193.519014) can0 0000E007#0CD50CD50CD50CD5
(1779322193.520013) can0 0000E008#0CD50CD50CD50CD5
(1779322193.521014) can0 0000E009#0CD50CD50CD50CD6
(1779322193.522059) can0 0000E010#0000000000000000
(1779322193.523052) can0 0000E011#0000000000000000
(1779322193.524039) can0 0000E012#0CD5000000000000
(1779322193.525072) can0 0000F001#0000000000000000
(1779322193.526052) can0 18FF28F4#10320000020D0000
(1779322193.527033) can0 18FE28F4#0CD60CD540400000
(1779322193.528033) can0 18FD28F4#1702FA6F00000000
(1779322193.528950) can0 4D4#000032007D0D0203
(1779322193.529944) can0 4D5#D50CD60C40400000
(1779322193.531024) can0 18914010#0CD6100CD5010000
(1779322193.532027) can0 18904010#020D020D753001FA
(1779322193.533021) can0 18FA28F4#123EA12C10270000
(1779322193.534020) can0 18FB28F4#D60CD50C40400000
(1779322193.535045) can0 18FC28F4#383200000D020000
(1779322193.536014) can0 18F810F3#0D02E80332640100
(1779322193.537046) can0 18F815F3#0000000010030000
(1779322193.537983) can0 273#000000000D023200
(1779322193.538932) can0 1E1#020D271001FA01FA
(1779322193.539963) can0 1F5#0000000000000000
(1779322193.541059) can0 0800A6A9#0000000000000000
(1779322193.542008) can0 1000A6A9#0D028813324A4A4A
(1779322193.543032) can0 1C00A6A9#0000000000030000
(1779322193.544053) can0 02018100#1003020D00000000
(1779322193.545047) can0 02028100#0000003264000000
(1779322193.546059) can0 02038100#0CD601100CD50101
(1779322193.547022) can0 02048100#4A01014A01010000
(1779322193.547925) can0 1AD#8814000059321818
(1779322193.548938) can0 2AD#D60C800C88140016
(1779322193.549951) can0 3AD#0000000000008814
(1779322193.550951) can0 4AD#EB00000000000000
(1779322193.551964) can0 76A#7F00000000000000
(1779322193.614637) can0 0000E005#1702440003B60591
(1779322193.615232) can0 1806E5F4#13CC010003B6023A
(1779322193.616037) can0 0000E000#13CC13CC020D0000
(1779322193.617018) can0 0000E004#181803B603B601E1
(1779322193.618005) can0 0000E006#0CD50CD50CD50CD5
(1779322193.619018) can0 0000E007#0CD50CD50CD50CD5
(1779322193.620011) can0 0000E008#0CD50CD50CD50CD5
(1779322193.621011) can0 0000E009#0CD50CD50CD50CD6
(1779322193.622062) can0 0000E010#0000000000000000
(1779322193.623076) can0 0000E011#0000000000000000
(1779322193.624043) can0 0000E012#0CD5000000000000
(1779322193.625056) can0 0000F001#0000000000000000
(1779322193.626037) can0 18FF28F4#10320000020D0000
(1779322193.627018) can0 18FE28F4#0CD60CD540400000
(1779322193.628027) can0 18FD28F4#1702FA6F00000000
(1779322193.628948) can0 4D4#000032007D0D0203
(1779322193.629935) can0 4D5#D50CD60C40400000
(1779322193.631063) can0 18914010#0CD6100CD5010000
(1779322193.632025) can0 18904010#020D020D753001FA
(1779322193.633025) can0 18FA28F4#123EA12C10270000
(1779322193.634025) can0 18FB28F4#D60CD50C40400000
(1779322193.635038) can0 18FC28F4#383200000D020000
(1779322193.636018) can0 18F810F3#0D02E80332640100
(1779322193.637050) can0 18F815F3#0000000010030000
(1779322193.637954) can0 273#000000000D023200
(1779322193.638981) can0 1E1#020D271001FA01FA
(1779322193.639960) can0 1F5#0000000000000000
(1779322193.641044) can0 0800A6A9#0000000000000000
(1779322193.642006) can0 1000A6A9#0D028813324A4A4A
(1779322193.643039) can0 1C00A6A9#0000000000030000
(1779322193.644050) can0 02018100#1003020D00000000
(1779322193.645051) can0 02028100#0000003264000000
(1779322193.646032) can0 02038100#0CD601100CD50101
(1779322193.647032) can0 02048100#4A01014A01010000
(1779322193.647929) can0 1AD#8814000059321818
(1779322193.648942) can0 2AD#D60C800C88140016
(1779322193.649955) can0 3AD#0000000000008814
(1779322193.650956) can0 4AD#EB00000000000000
(1779322193.651944) can0 76A#7F00000000000000
(1779322193.731635) can0 0000E005#1702440003B60591
(1779322193.732238) can0 1806E5F4#13CC010003B6023A
(1779322193.733036) can0 0000E000#13CC13CC020D0000
(1779322193.734013) can0 0000E004#181803B603B601E1
(1779322193.734998) can0 0000E006#0CD50CD50CD50CD3
(1779322193.736017) can0 0000E007#0CD50CD50CD50CD5
(1779322193.737010) can0 0000E008#0CD50CD50CD50CD5
(1779322193.738010) can0 0000E009#0CD50CD50CD50CD6
(1779322193.739055) can0 0000E010#0000000000000000
(1779322193.740054) can0 0000E011#0000000000000000
(1779322193.741035) can0 0000E012#0CD4000200000000
(1779322193.742001) can0 0000E013#4542323630354C43
(1779322193.743036) can0 0000E014#3134323300000000
(1779322193.744049) can0 0000E015#0000000000000003
(1779322193.745049) can0 0000F000#0000000000000000
(1779322193.746038) can0 0000F001#0000000000000000
(1779322193.747043) can0 18FF28F4#10320000020D0000
(1779322193.748010) can0 18FE28F4#0CD60CD340400000
(1779322193.749023) can0 18FD28F4#1702FA6F00000000
(1779322193.749940) can0 4D4#000032007D0D0203
(1779322193.750921) can0 4D5#D30CD60C40400000
(1779322193.752017) can0 18914010#0CD6100CD3040000
(1779322193.753017) can0 18904010#020D020D753001FA
(1779322193.754024) can0 18924010#4001400100000000
(1779322193.755012) can0 18934010#000000230000BC19
(1779322193.756030) can0 18944010#1003000000000000
(1779322193.757062) can0 18954010#0000000000000000
(1779322193.758054) can0 18954010#0100000000000000
(1779322193.759043) can0 18954010#0200000000000000
(1779322193.760056) can0 18954010#0300000000000000
(1779322193.761068) can0 18954010#0400000000000000
(1779322193.762037) can0 18954010#0500000000000000
(1779322193.763030) can0 18964010#0040404000000000
(1779322193.764042) can0 18974010#0000000000000000
(1779322193.765043) can0 18984010#0000000000000000
(1779322193.766001) can0 18FA28F4#123EA12C10270000
(1779322193.767005) can0 18FB28F4#D60CD30C40400000
(1779322193.768030) can0 18FC28F4#383200000D020000
(1779322193.769030) can0 18F810F3#0D02E80332640100
(1779322193.770003) can0 18F811F3#D60C1001D30C0401
(1779322193.771025) can0 18F812F3#4001014001010000
(1779322193.772037) can0 18F813F3#0101000000000000
(1779322193.773017) can0 18F814F3#3200EA1AA9015F00
(1779322193.774030) can0 18F815F3#0000000010030000
(1779322193.774929) can0 273#000000000D023200
(1779322193.775929) can0 1E1#020D271001FA01FA
(1779322193.776986) can0 1F5#0000000000000000
(1779322193.778033) can0 0800A6A9#0000000000000000
(1779322193.778999) can0 1000A6A9#0D028813324A4A4A
(1779322193.780032) can0 1C00A6A9#0000000000030000
(1779322193.781030) can0 02018100#1003020D00000000
(1779322193.782039) can0 02028100#0000003264000000
(1779322193.783024) can0 02038100#0CD601100CD30104
(1779322193.784024) can0 02048100#4A01014A01010000
(1779322193.784960) can0 1AD#8714000059321818
(1779322193.785922) can0 2AD#D60C800C87140016
(1779322193.786943) can0 3AD#0000000000008714
(1779322193.787935) can0 4AD#EB00000000000000
(1779322193.788948) can0 76A#7F00000000000000
(1779322193.847566) can0 0000E005#1702440003B60591
(1779322193.848127) can0 1806E5F4#13CC010003B6023A
(1779322193.849027) can0 0000E000#13CC13CC020D0000
(1779322193.850008) can0 0000E004#181803B603B601E1
(1779322193.851005) can0 0000E006#0CD50CD50CD50CD3
(1779322193.852002) can0 0000E007#0CD50CD50CD50CD5
(1779322193.853002) can0 0000E008#0CD50CD50CD50CD5
(1779322193.854033) can0 0000E009#0CD50CD50CD50CD6
(1779322193.855047) can0 0000E010#0000000000000000
(1779322193.856046) can0 0000E011#0000000000000000
(1779322193.857027) can0 0000E012#0CD4000200000000
(1779322193.858040) can0 0000F001#0000000000000000
(1779322193.859021) can0 18FF28F4#10320000020D0000
(1779322193.860008) can0 18FE28F4#0CD60CD340400000
(1779322193.861021) can0 18FD28F4#1702FA6F00000000
(1779322193.861970) can0 4D4#000032007D0D0203
(1779322193.862919) can0 4D5#D30CD60C40400000
(1779322193.864015) can0 18914010#0CD6100CD3040000
(1779322193.865015) can0 18904010#020D020D753001FA
(1779322193.866014) can0 18FA28F4#123EA12C10270000
(1779322193.867009) can0 18FB28F4#D60CD30C40400000
(1779322193.868041) can0 18FC28F4#383200000D020000
(1779322193.869008) can0 18F810F3#0D02E80332640100
(1779322193.870086) can0 18F815F3#0000000010030000
(1779322193.870937) can0 273#000000000D023200
(1779322193.871919) can0 1E1#020D271001FA01FA
(1779322193.872951) can0 1F5#0000000000000000
(1779322193.874028) can0 0800A6A9#0000000000000000
(1779322193.874992) can0 1000A6A9#0D028813324A4A4A
(1779322193.876028) can0 1C00A6A9#0000000000030000
(1779322193.877041) can0 02018100#1003020D00000000
(1779322193.878042) can0 02028100#0000003264000000
(1779322193.879022) can0 02038100#0CD601100CD30104
(1779322193.880015) can0 02048100#4A01014A01010000
(1779322193.880914) can0 1AD#8714000059321818
(1779322193.881913) can0 2AD#D60C800C87140016
(1779322193.882922) can0 3AD#0000000000008714
(1779322193.883939) can0 4AD#EB00000000000000
(1779322193.884939) can0 76A#7F00000000000000
(1779322193.947567) can0 0000E005#1702440003B60591
(1779322193.948117) can0 1806E5F4#13CC010003B6023A
(1779322193.949025) can0 0000E000#13CC13CC020D0000
(1779322193.950006) can0 0000E004#181803B603B601E1
(1779322193.951000) can0 0000E006#0CD50CD50CD50CD3
(1779322193.951999) can0 0000E007#0CD50CD50CD50CD5
(1779322193.952999) can0 0000E008#0CD50CD50CD50CD5
(1779322193.953999) can0 0000E009#0CD50CD50CD50CD6
(1779322193.955045) can0 0000E010#0000000000000000
(1779322193.956041) can0 0000E011#0000000000000000
(1779322193.957025) can0 0000E012#0CD4000200000000
(1779322193.958038) can0 0000F001#0000000000000000
(1779322193.959020) can0 18FF28F4#10320000020D0000
(1779322193.960002) can0 18FE28F4#0CD60CD340400000
(1779322193.961019) can0 18FD28F4#1702FA6F00000000
(1779322193.961936) can0 4D4#000032007D0D0203
(1779322193.962917) can0 4D5#D30CD60C40400000
(1779322193.964013) can0 18914010#0CD6100CD3040000
(1779322193.965013) can0 18904010#020D020D753001FA
(1779322193.966007) can0 18FA28F4#123EA12C10270000
(1779322193.967007) can0 18FB28F4#D60CD30C40400000
(1779322193.968048) can0 18FC28F4#383200000D020000
(1779322193.969016) can0 18F810F3#0D02E80332640100
(1779322193.970036) can0 18F815F3#0000000010030000
(1779322193.970946) can0 273#000000000D023200
(1779322193.971921) can0 1E1#020D271001FA01FA
(1779322193.972957) can0 1F5#0000000000000000
(1779322193.974039) can0 0800A6A9#0000000000000000
(1779322193.975002) can0 1000A6A9#0D028813324A4A4A
(1779322193.976031) can0 1C00A6A9#0000000000030000
(1779322193.977044) can0 02018100#1003020D00000000
(1779322193.978037) can0 02028100#0000003264000000
(1779322193.979024) can0 02038100#0CD601100CD30104
(1779322193.980015) can0 02048100#4A01014A01010000
(1779322193.980916) can0 1AD#8714000059321818
(1779322193.981917) can0 2AD#D60C800C87140016
(1779322193.982930) can0 3AD#0000000000008714
(1779322193.983954) can0 4AD#EB00000000000000
(1779322193.984936) can0 76A#7F00000000000000
(1779322194.047621) can0 0000E005#1702440003B60591
(1779322194.048169) can0 1806E5F4#13CC010003B6023A
(1779322194.049021) can0 0000E000#13CC13CC020D0000
(1779322194.050009) can0 0000E004#181803B603B601E1
(1779322194.050990) can0 0000E006#0CD50CD50CD50CD5
(1779322194.052002) can0 0000E007#0CD50CD50CD50CD5
(1779322194.052995) can0 0000E008#0CD50CD50CD50CD5
(1779322194.054002) can0 0000E009#0CD50CD50CD50CD6
(1779322194.055047) can0 0000E010#0000000000000000
(1779322194.056048) can0 0000E011#0000000000000000
(1779322194.057024) can0 0000E012#0CD5000000000000
(1779322194.058041) can0 0000F001#0000000000000000
(1779322194.059022) can0 18FF28F4#10320000020D0000
(1779322194.060003) can0 18FE28F4#0CD60CD540400000
(1779322194.061034) can0 18FD28F4#1702FA6F00000000
(1779322194.061939) can0 4D4#000032007D0D0203
(1779322194.062921) can0 4D5#D50CD60C40400000
(1779322194.064015) can0 18914010#0CD6100CD5010000
(1779322194.065015) can0 18904010#020D020D753001FA
(1779322194.066009) can0 18FA28F4#123EA12C10270000
(1779322194.067009) can0 18FB28F4#D60CD50C40400000
(1779322194.068018) can0 18FC28F4#383200000D020000
(1779322194.069021) can0 18F810F3#0D02E80332640100
(1779322194.070035) can0 18F815F3#0000000010030000
(1779322194.070940) can0 273#000000000D023200
(1779322194.071920) can0 1E1#020D271001FA01FA
(1779322194.072952) can0 1F5#0000000000000000
(1779322194.074029) can0 0800A6A9#0000000000000000
(1779322194.074997) can0 1000A6A9#0D028813324A4A4A
(1779322194.076019) can0 1C00A6A9#0000000000030000
(1779322194.077053) can0 02018100#1003020D00000000
(1779322194.078041) can0 02028100#0000003264000000
(1779322194.079022) can0 02038100#0CD601100CD50101
(1779322194.080010) can0 02048100#4A01014A01010000
(1779322194.080913) can0 1AD#8814000059321818
(1779322194.081927) can0 2AD#D60C800C88140016
(1779322194.082939) can0 3AD#0000000000008814
(1779322194.083939) can0 4AD#EB00000000000000
(1779322194.084965) can0 76A#7F00000000000000
(1779322194.147566) can0 0000E005#1702440003B60591
(1779322194.148117) can0 1806E5F4#13CC010003B6023A
(1779322194.149015) can0 0000E000#13CC13CC020D0000
(1779322194.150018) can0 0000E004#181803B603B601E1
(1779322194.150981) can0 0000E006#0CD50CD50CD50CD5
(1779322194.151999) can0 0000E007#0CD50CD50CD50CD5
(1779322194.152993) can0 0000E008#0CD50CD50CD50CD5
(1779322194.154012) can0 0000E009#0CD50CD50CD50CD6
(1779322194.155039) can0 0000E010#0000000000000000
(1779322194.156037) can0 0000E011#0000000000000000
(1779322194.157019) can0 0000E012#0CD5000000000000
(1779322194.158031) can0 0000F001#0000000000000000
(1779322194.159020) can0 18FF28F4#10320000020D0000
(1779322194.160001) can0 18FE28F4#0CD60CD540400000
(1779322194.161008) can0 18FD28F4#1702FA6F00000000
(1779322194.161961) can0 4D4#000032007D0D0203
(1779322194.162911) can0 4D5#D50CD60C40400000
(1779322194.164006) can0 18914010#0CD6100CD5010000
(1779322194.165007) can0 18904010#020D020D753001FA
(1779322194.166006) can0 18FA28F4#123EA12C10270000
(1779322194.167001) can0 18FB28F4#D60CD50C40400000
(1779322194.168032) can0 18FC28F4#383200000D020000
(1779322194.169000) can0 18F810F3#0D02E80332640100
(1779322194.170077) can0 18F815F3#0000000010030000
(1779322194.170931) can0 273#000000000D023200
(1779322194.171912) can0 1E1#020D271001FA01FA
(1779322194.172940) can0 1F5#0000000000000000
(1779322194.174025) can0 0800A6A9#0000000000000000
(1779322194.174988) can0 1000A6A9#0D028813324A4A4A
(1779322194.176021) can0 1C00A6A9#0000000000030000
(1779322194.177016) can0 02018100#1003020D00000000
(1779322194.178083) can0 02028100#0000003264000000
(1779322194.179002) can0 02038100#0CD601100CD50101
(1779322194.180013) can0 02048100#4A01014A01010000
(1779322194.180911) can0 1AD#8814000059321818
(1779322194.181911) can0 2AD#D60C800C88140016
(1779322194.182924) can0 3AD#0000000000008814
(1779322194.183938) can0 4AD#EB00000000000000
(1779322194.184925) can0 76A#7F00000000000000
(1779322194.264550) can0 0000E005#1702440003B60591
(1779322194.265123) can0 1806E5F4#13CC010003B6023A
(1779322194.266004) can0 0000E000#13CC13CC020D0000
(1779322194.267004) can0 0000E004#181803B603B601E1
(1779322194.267985) can0 0000E006#0CD50CD50CD50CD3
(1779322194.268985) can0 0000E007#0CD50CD50CD50CD5
(1779322194.269979) can0 0000E008#0CD50CD50CD50CD3
(1779322194.270981) can0 0000E009#0CD50CD50CD50CD6
(1779322194.272024) can0 0000E010#0000000000000000
(1779322194.273025) can0 0000E011#0000000000000000
(1779322194.274005) can0 0000E012#0CD4000200000000
(1779322194.274983) can0 0000E013#4542323630354C43
(1779322194.276004) can0 0000E014#3134323300000000
(1779322194.277018) can0 0000E015#0000000000000003
(1779322194.278030) can0 0000F000#0000000000000000
(1779322194.279029) can0 0000F001#0000000000000000
(1779322194.280011) can0 18FF28F4#10320000020D0000
(1779322194.280992) can0 18FE28F4#0CD60CD340400000
(1779322194.282005) can0 18FD28F4#1702FA6F00000000
(1779322194.282922) can0 4D4#000032007D0D0203
(1779322194.283909) can0 4D5#D30CD60C40400000
(1779322194.284999) can0 18914010#0CD6100CD3040000
(1779322194.285998) can0 18904010#020D020D753001FA
(1779322194.287014) can0 18924010#4001400100000000
(1779322194.288011) can0 18934010#000000240000BC19
(1779322194.289012) can0 18944010#1003000000000000
(1779322194.290043) can0 18954010#0000000000000000
(1779322194.291035) can0 18954010#0100000000000000
(1779322194.292037) can0 18954010#0200000000000000
(1779322194.293039) can0 18954010#0300000000000000
(1779322194.294031) can0 18954010#0400000000000000
(1779322194.295019) can0 18954010#0500000000000000
(1779322194.296011) can0 18964010#0040404000000000
(1779322194.297030) can0 18974010#0000000000000000
(1779322194.298026) can0 18984010#0000000000000000
(1779322194.298999) can0 18FA28F4#123EA12C10270000
(1779322194.300019) can0 18FB28F4#D60CD30C40400000
(1779322194.301013) can0 18FC28F4#383200000D020000
(1779322194.301993) can0 18F810F3#0D02E80332640100
(1779322194.303007) can0 18F811F3#D60C1001D30C0401
(1779322194.304006) can0 18F812F3#4001014001010000
(1779322194.305019) can0 18F813F3#0101000000000000
(1779322194.306000) can0 18F814F3#3200EA1AA9015F00
(1779322194.307027) can0 18F815F3#0000000010030000
(1779322194.307942) can0 273#000000000D023200
(1779322194.308905) can0 1E1#020D271001FA01FA
(1779322194.309936) can0 1F5#0000000000000000
(1779322194.311015) can0 0800A6A9#0000000000000000
(1779322194.311981) can0 1000A6A9#0D028813324A4A4A
(1779322194.313013) can0 1C00A6A9#0000000000030000
(1779322194.314027) can0 02018100#1003020D00000000
(1779322194.315022) can0 02028100#0000003264000000
(1779322194.316038) can0 02038100#0CD601100CD30104
(1779322194.317006) can0 02048100#4A01014A01010000
(1779322194.317893) can0 1AD#8714000059321818
(1779322194.318906) can0 2AD#D60C800C87140016
(1779322194.319917) can0 3AD#0000000000008714
(1779322194.320930) can0 4AD#EB00000000000000
(1779322194.321929) can0 76A#7F00000000000000
(1779322194.380544) can0 0000E005#1702440003B60591
(1779322194.381107) can0 1806E5F4#13CC010003B6023A
(1779322194.382009) can0 0000E000#13CC13CC020D0000
(1779322194.382991) can0 0000E004#181803B603B601E1
(1779322194.383986) can0 0000E006#0CD50CD50CD50CD3
(1779322194.385023) can0 0000E007#0CD50CD50CD50CD5
(1779322194.385984) can0 0000E008#0CD50CD50CD50CD3
(1779322194.386985) can0 0000E009#0CD50CD50CD50CD6
(1779322194.388029) can0 0000E010#0000000000000000
(1779322194.389029) can0 0000E011#0000000000000000
(1779322194.390009) can0 0000E012#0CD4000200000000
(1779322194.391022) can0 0000F001#0000000000000000
(1779322194.392003) can0 18FF28F4#10320000020D0000
(1779322194.393022) can0 18FE28F4#0CD60CD340400000
(1779322194.394004) can0 18FD28F4#1702FA6F00000000
(1779322194.394920) can0 4D4#000032007D0D0203
(1779322194.395900) can0 4D5#D30CD60C40400000
(1779322194.396997) can0 18914010#0CD6100CD3040000
(1779322194.398004) can0 18904010#020D020D753001FA
(1779322194.399001) can0 18FA28F4#123EA12C10270000
(1779322194.399993) can0 18FB28F4#D60CD30C40400000
(1779322194.401055) can0 18FC28F4#383200000D020000
(1779322194.401991) can0 18F810F3#0D02E80332640100
(1779322194.403023) can0 18F815F3#0000000010030000
(1779322194.403919) can0 273#000000000D023200
(1779322194.404901) can0 1E1#020D271001FA01FA
(1779322194.405933) can0 1F5#0000000000000000
(1779322194.407018) can0 0800A6A9#0000000000000000
(1779322194.407973) can0 1000A6A9#0D028813324A4A4A
(1779322194.409010) can0 1C00A6A9#0000000000030000
(1779322194.410011) can0 02018100#1003020D00000000
(1779322194.411023) can0 02028100#0000003264000000
(1779322194.412004) can0 02038100#0CD601100CD30104
(1779322194.412997) can0 02048100#4A01014A01010000
(1779322194.413902) can0 1AD#8714000059321818
(1779322194.414896) can0 2AD#D60C800C87140016
(1779322194.415904) can0 3AD#0000000000008714
(1779322194.416921) can0 4AD#EB00000000000000
(1779322194.417922) can0 76A#7F00000000000000
(1779322194.480606) can0 0000E005#1702440003B60591
(1779322194.481156) can0 1806E5F4#13CC010003B6023A
(1779322194.482001) can0 0000E000#13CC13CC020D0000
(1779322194.482994) can0 0000E004#181803B603B601E1
(1779322194.483981) can0 0000E006#0CD50CD50CD50CD3
(1779322194.484976) can0 0000E007#0CD50CD50CD50CD5
(1779322194.485975) can0 0000E008#0CD50CD50CD50CD3
(1779322194.486977) can0 0000E009#0CD50CD50CD50CD6
(1779322194.488020) can0 0000E010#0000000000000000
(1779322194.489013) can0 0000E011#0000000000000000
(1779322194.489999) can0 0000E012#0CD4000200000000
(1779322194.491034) can0 0000F001#0000000000000000
(1779322194.492014) can0 18FF28F4#10320000020D0000
(1779322194.492991) can0 18FE28F4#0CD60CD340400000
(1779322194.494007) can0 18FD28F4#1702FA6F00000000
(1779322194.494914) can0 4D4#000032007D0D0203
(1779322194.495892) can0 4D5#D30CD60C40400000
(1779322194.496989) can0 18914010#0CD6100CD3040000
(1779322194.497982) can0 18904010#020D020D753001FA
(1779322194.499008) can0 18FA28F4#123EA12C10270000
(1779322194.499985) can0 18FB28F4#D60CD30C40400000
(1779322194.501009) can0 18FC28F4#383200000D020000
(1779322194.501976) can0 18F810F3#0D02E80332640100
(1779322194.503029) can0 18F815F3#0000000010030000
(1779322194.503912) can0 273#000000000D023200
(1779322194.504904) can0 1E1#020D271001FA01FA
(1779322194.505919) can0 1F5#0000000000000000
(1779322194.507016) can0 0800A6A9#0000000000000000
(1779322194.507969) can0 1000A6A9#0D028813324A4A4A
(1779322194.508996) can0 1C00A6A9#0000000000030000
(1779322194.510013) can0 02018100#1003020D00000000
(1779322194.511009) can0 02028100#0000003264000000
(1779322194.511989) can0 02038100#0CD601100CD30104
(1779322194.513001) can0 02048100#4A01014A01010000
(1779322194.513886) can0 1AD#8714000059321818
(1779322194.514900) can0 2AD#D60C800C87140016
(1779322194.515912) can0 3AD#0000000000008714
(1779322194.516922) can0 4AD#EB00000000000000
(1779322194.517924) can0 76A#7F00000000000000
(1779322194.580533) can0 0000E005#1702440003B60591
(1779322194.581088) can0 1806E5F4#13CC010003B6023A
(1779322194.581992) can0 0000E000#13CC13CC020D0000
(1779322194.582992) can0 0000E004#181803B603B601E1
(1779322194.583973) can0 0000E006#0CD50CD50CD50CD5
(1779322194.584966) can0 0000E007#0CD50CD50CD50CD5
(1779322194.585964) can0 0000E008#0CD50CD50CD50CD5
(1779322194.586968) can0 0000E009#0CD50CD50CD50CD6
(1779322194.588030) can0 0000E010#0000000000000000
(1779322194.589011) can0 0000E011#0000000000000000
(1779322194.590008) can0 0000E012#0CD5000000000000
(1779322194.591024) can0 0000F001#0000000000000000
(1779322194.592005) can0 18FF28F4#10320000020D0000
(1779322194.592986) can0 18FE28F4#0CD60CD540400000
(1779322194.594006) can0 18FD28F4#1702FA6F00000000
(1779322194.594903) can0 4D4#000032007D0D0203
(1779322194.595903) can0 4D5#D50CD60C40400000
(1779322194.596979) can0 18914010#0CD6100CD5010000
(1779322194.597973) can0 18904010#020D020D753001FA
(1779322194.598993) can0 18FA28F4#123EA12C10270000
(1779322194.599998) can0 18FB28F4#D60CD50C40400000
(1779322194.601008) can0 18FC28F4#383200000D020000
(1779322194.601968) can0 18F810F3#0D02E80332640100
(1779322194.603000) can0 18F815F3#0000000010030000
(1779322194.603904) can0 273#000000000D023200
(1779322194.604903) can0 1E1#020D271001FA01FA
(1779322194.605929) can0 1F5#0000000000000000
(1779322194.607011) can0 0800A6A9#0000000000000000
(1779322194.607993) can0 1000A6A9#0D028813324A4A4A
(1779322194.608993) can0 1C00A6A9#0000000000030000
(1779322194.610003) can0 02018100#1003020D00000000
(1779322194.611007) can0 02028100#0000003264000000
(1779322194.611987) can0 02038100#0CD601100CD50101
(1779322194.612999) can0 02048100#4A01014A01010000
(1779322194.613894) can0 1AD#8814000059321818
(1779322194.614891) can0 2AD#D60C800C88140016
(1779322194.615936) can0 3AD#0000000000008814
(1779322194.616916) can0 4AD#EB00000000000000
(1779322194.617917) can0 76A#7F00000000000000
(1779322194.680538) can0 0000E005#1702440003B60591
(1779322194.681095) can0 1806E5F4#13CC010003B6023A
(1779322194.681997) can0 0000E000#13CC13CC020D0000
(1779322194.682977) can0 0000E004#181803B603B601E1
(1779322194.683957) can0 0000E006#0CD50CD50CD50CD5
(1779322194.684989) can0 0000E007#0CD50CD50CD50CD5
(1779322194.685969) can0 0000E008#0CD50CD50CD50CD5
(1779322194.686970) can0 0000E009#0CD50CD50CD50CD6
(1779322194.688015) can0 0000E010#0000000000000000
(1779322194.689015) can0 0000E011#0000000000000000
(1779322194.689996) can0 0000E012#0CD5000000000000
(1779322194.691010) can0 0000F001#0000000000000000
(1779322194.691990) can0 18FF28F4#10320000020D0000
(1779322194.693010) can0 18FE28F4#0CD60CD540400000
(1779322194.693991) can0 18FD28F4#1702FA6F00000000
(1779322194.694901) can0 4D4#000032007D0D0203
(1779322194.695888) can0 4D5#D50CD60C40400000
(1779322194.696985) can0 18914010#0CD6100CD5010000
(1779322194.697983) can0 18904010#020D020D753001FA
(1779322194.698986) can0 18FA28F4#123EA12C10270000
(1779322194.699976) can0 18FB28F4#D60CD50C40400000
(1779322194.701047) can0 18FC28F4#383200000D020000
(1779322194.701980) can0 18F810F3#0D02E80332640100
(1779322194.703013) can0 18F815F3#0000000010030000
(1779322194.703908) can0 273#000000000D023200
(1779322194.704889) can0 1E1#020D271001FA01FA
(1779322194.705915) can0 1F5#0000000000000000
(1779322194.706998) can0 0800A6A9#0000000000000000
(1779322194.707966) can0 1000A6A9#0D028813324A4A4A
(1779322194.709048) can0 1C00A6A9#0000000000030000
(1779322194.709992) can0 02018100#1003020D00000000
(1779322194.711012) can0 02028100#0000003264000000
(1779322194.711972) can0 02038100#0CD601100CD50101
(1779322194.712985) can0 02048100#4A01014A01010000
(1779322194.713890) can0 1AD#8814000059321818
(1779322194.714903) can0 2AD#D60C800C88140016
(1779322194.715914) can0 3AD#0000000000008814
(1779322194.716908) can0 4AD#EB00000000000000
(1779322194.717901) can0 76A#7F00000000000000
(1779322194.797525) can0 0000E005#1702440003B60591
(1779322194.798079) can0 1806E5F4#13CC010003B6023A
(1779322194.798984) can0 0000E000#13CC13CC020D0000
(1779322194.799975) can0 0000E004#181803B603B601E1
(1779322194.800964) can0 0000E006#0CD50CD50CD50CD5
(1779322194.801961) can0 0000E007#0CD50CD50CD50CD5
(1779322194.802961) can0 0000E008#0CD50CD50CD50CD5
(1779322194.803954) can0 0000E009#0CD50CD50CD50CD6
(1779322194.805002) can0 0000E010#0000000000000000
(1779322194.805998) can0 0000E011#0000000000000000
(1779322194.806985) can0 0000E012#0CD5000000000000
(1779322194.807947) can0 0000E013#4542323630354C43
(1779322194.808983) can0 0000E014#3134323300000000
(1779322194.809992) can0 0000E015#0000000000000003
(1779322194.811009) can0 0000F000#0000000000000000
(1779322194.812001) can0 0000F001#0000000000000000
(1779322194.812989) can0 18FF28F4#10320000020D0000
(1779322194.813968) can0 18FE28F4#0CD60CD540400000
(1779322194.814990) can0 18FD28F4#1702FA6F00000000
(1779322194.815903) can0 4D4#000032007D0D0203
(1779322194.816887) can0 4D5#D50CD60C40400000
(1779322194.817980) can0 18914010#0CD6100CD5010000
(1779322194.818984) can0 18904010#020D020D753001FA
(1779322194.819988) can0 18924010#4001400100000000
(1779322194.820976) can0 18934010#000000250000BC19
(1779322194.821986) can0 18944010#1003000000000000
(1779322194.823022) can0 18954010#0000000000000000
(1779322194.824001) can0 18954010#0100000000000000
(1779322194.825002) can0 18954010#0200000000000000
(1779322194.825999) can0 18954010#0300000000000000
(1779322194.827004) can0 18954010#0400000000000000
(1779322194.827996) can0 18954010#0500000000000000
(1779322194.828997) can0 18964010#0040404000000000
(1779322194.830006) can0 18974010#0000000000000000
(1779322194.831024) can0 18984010#0000000000000000
(1779322194.831964) can0 18FA28F4#123EA12C10270000
(1779322194.832965) can0 18FB28F4#D60CD50C40400000
(1779322194.833993) can0 18FC28F4#383200000D020000
(1779322194.834966) can0 18F810F3#0D02E80332640100
(1779322194.835971) can0 18F811F3#D60C1001D50C0101
(1779322194.836990) can0 18F812F3#4001014001010000
(1779322194.838000) can0 18F813F3#0101000000000000
(1779322194.838997) can0 18F814F3#3200EA1AA9015F00
(1779322194.839994) can0 18F815F3#0000000010030000
(1779322194.840894) can0 273#000000000D023200
(1779322194.841892) can0 1E1#020D271001FA01FA
(1779322194.842907) can0 1F5#0000000000000000
(1779322194.843995) can0 0800A6A9#0000000000000000
(1779322194.844952) can0 1000A6A9#0D028813324A4A4A
(1779322194.845995) can0 1C00A6A9#0000000000030000
(1779322194.847029) can0 02018100#1003020D00000000
(1779322194.847986) can0 02028100#0000003264000000
(1779322194.848977) can0 02038100#0CD601100CD50101
(1779322194.849969) can0 02048100#4A01014A01010000
(1779322194.850876) can0 1AD#8814000059321818
(1779322194.851886) can0 2AD#D60C800C88140016
(1779322194.852902) can0 3AD#0000000000008814
(1779322194.853899) can0 4AD#EB00000000000000
(1779322194.854953) can0 76A#7F00000000000000
(1779322194.913566) can0 0000E005#1702440003B60591
(1779322194.914130) can0 1806E5F4#13CC010003B6023A
(1779322194.914978) can0 0000E000#13CC13CC020D0000
(1779322194.916012) can0 0000E004#181803B603B601E1
(1779322194.916952) can0 0000E006#0CD50CD50CD50CD5
(1779322194.917955) can0 0000E007#0CD50CD50CD50CD5
(1779322194.918954) can0 0000E008#0CD50CD50CD50CD5
(1779322194.919955) can0 0000E009#0CD50CD50CD50CD6
(1779322194.920997) can0 0000E010#0000000000000000
(1779322194.921999) can0 0000E011#0000000000000000
(1779322194.922979) can0 0000E012#0CD5000000000000
(1779322194.924044) can0 0000F001#0000000000000000
(1779322194.924984) can0 18FF28F4#10320000020D0000
(1779322194.925974) can0 18FE28F4#0CD60CD540400000
(1779322194.926988) can0 18FD28F4#1702FA6F00000000
(1779322194.927892) can0 4D4#000032007D0D0203
(1779322194.928881) can0 4D5#D50CD60C40400000
(1779322194.929968) can0 18914010#0CD6100CD5010000
(1779322194.930965) can0 18904010#020D020D753001FA
(1779322194.932013) can0 18FA28F4#123EA12C10270000
(1779322194.932959) can0 18FB28F4#D60CD50C40400000
(1779322194.933993) can0 18FC28F4#383200000D020000
(1779322194.934959) can0 18F810F3#0D02E80332640100
(1779322194.936006) can0 18F815F3#0000000010030000
(1779322194.936884) can0 273#000000000D023200
(1779322194.937891) can0 1E1#020D271001FA01FA
(1779322194.938902) can0 1F5#0000000000000000
(1779322194.940032) can0 0800A6A9#0000000000000000
(1779322194.940945) can0 1000A6A9#0D028813324A4A4A
(1779322194.941981) can0 1C00A6A9#0000000000030000
(1779322194.942991) can0 02018100#1003020D00000000
(1779322194.943988) can0 02028100#0000003264000000
(1779322194.944966) can0 02038100#0CD601100CD50101
(1779322194.945981) can0 02048100#4A01014A01010000
(1779322194.946885) can0 1AD#8814000059321818
(1779322194.947879) can0 2AD#D60C800C88140016
(1779322194.948883) can0 3AD#0000000000008814
(1779322194.949904) can0 4AD#EB00000000000000
(1779322194.950902) can0 76A#7F00000000000000
(1779322195.013572) can0 0000E005#1702440003B60591
(1779322195.014111) can0 1806E5F4#13CC010003B6023A
(1779322195.014989) can0 0000E000#13CC13CC020D0000
(1779322195.015970) can0 0000E004#181803B603B601E1
(1779322195.016998) can0 0000E006#0CD50CD50CD50CD5
(1779322195.017944) can0 0000E007#0CD50CD50CD50CD5
(1779322195.018966) can0 0000E008#0CD50CD50CD50CD5
(1779322195.019945) can0 0000E009#0CD50CD50CD50CD6
(1779322195.021010) can0 0000E010#0000000000000000
(1779322195.022004) can0 0000E011#0000000000000000
(1779322195.022992) can0 0000E012#0CD5000000000000
(1779322195.024002) can0 0000F001#0000000000000000
(1779322195.024986) can0 18FF28F4#10320000020D0000
(1779322195.025965) can0 18FE28F4#0CD60CD540400000
(1779322195.026985) can0 18FD28F4#1702FA6F00000000
(1779322195.027883) can0 4D4#000032007D0D0203
(1779322195.028884) can0 4D5#D50CD60C40400000
(1779322195.029957) can0 18914010#0CD6100CD5010000
(1779322195.030965) can0 18904010#020D020D753001FA
(1779322195.031972) can0 18FA28F4#123EA12C10270000
(1779322195.032962) can0 18FB28F4#D60CD50C40400000
(1779322195.033979) can0 18FC28F4#383200000D020000
(1779322195.034954) can0 18F810F3#0D02E80332640100
(1779322195.035983) can0 18F815F3#0000000010030000
(1779322195.036889) can0 273#000000000D023200
(1779322195.037863) can0 1E1#020D271001FA01FA
(1779322195.038896) can0 1F5#0000000000000000
(1779322195.039989) can0 0800A6A9#0000000000000000
(1779322195.040948) can0 1000A6A9#0D028813324A4A4A
(1779322195.041971) can0 1C00A6A9#0000000000030000
(1779322195.042992) can0 02018100#1003020D00000000
(1779322195.043984) can0 02028100#0000003264000000
(1779322195.044967) can0 02038100#0CD601100CD50101
(1779322195.045974) can0 02048100#4A01014A01010000
(1779322195.046865) can0 1AD#8814000059321818
(1779322195.047875) can0 2AD#D60C800C88140016
(1779322195.048891) can0 3AD#0000000000008814
(1779322195.049881) can0 4AD#EB00000000000000
(1779322195.050904) can0 76A#7F00000000000000
(1779322195.113511) can0 0000E005#1702440003B60591
(1779322195.114067) can0 1806E5F4#13CC010003B6023A
(1779322195.114967) can0 0000E000#13CC13CC020D0000
(1779322195.115963) can0 0000E004#181803B603B601E1
(1779322195.116941) can0 0000E006#0CD50CD50CD50CD5
(1779322195.117944) can0 0000E007#0CD50CD50CD50CD5
(1779322195.118939) can0 0000E008#0CD50CD50CD50CD5
(1779322195.119944) can0 0000E009#0CD50CD50CD50CD6
(1779322195.121000) can0 0000E010#0000000000000000
(1779322195.121989) can0 0000E011#0000000000000000
(1779322195.122979) can0 0000E012#0CD5000000000000
(1779322195.124003) can0 0000F001#0000000000000000
(1779322195.124980) can0 18FF28F4#10320000020D0000
(1779322195.125964) can0 18FE28F4#0CD60CD540400000
(1779322195.126975) can0 18FD28F4#1702FA6F00000000
(1779322195.127881) can0 4D4#000032007D0D0203
(1779322195.128871) can0 4D5#D50CD60C40400000
(1779322195.129971) can0 18914010#0CD6100CD5010000
(1779322195.130963) can0 18904010#020D020D753001FA
(1779322195.131971) can0 18FA28F4#123EA12C10270000
(1779322195.132949) can0 18FB28F4#D60CD50C40400000
(1779322195.133983) can0 18FC28F4#383200000D020000
(1779322195.134939) can0 18F810F3#0D02E80332640100
(1779322195.135995) can0 18F815F3#0000000010030000
(1779322195.136878) can0 273#000000000D023200
(1779322195.137874) can0 1E1#020D271001FA01FA
(1779322195.138923) can0 1F5#0000000000000000
(1779322195.139990) can0 0800A6A9#0000000000000000
(1779322195.140936) can0 1000A6A9#0D028813324A4A4A
(1779322195.141983) can0 1C00A6A9#0000000000030000
(1779322195.142978) can0 02018100#1003020D00000000
(1779322195.143977) can0 02028100#0000003264000000
(1779322195.144961) can0 02038100#0CD601100CD50101
(1779322195.145977) can0 02048100#4A01014A01010000
(1779322195.146881) can0 1AD#8814000059321818
(1779322195.147868) can0 2AD#D60C800C88140016
(1779322195.148878) can0 3AD#0000000000008814
(1779322195.149901) can0 4AD#EB00000000000000
(1779322195.150892) can0 76A#7F00000000000000
(1779322195.213566) can0 0000E005#1702440003B60591
(1779322195.214128) can0 1806E5F4#13CC010003B6023A
(1779322195.214969) can0 0000E000#13CC13CC020D0000
(1779322195.215972) can0 0000E004#181803B603B601E1
(1779322195.216949) can0 0000E006#0CD50CD50CD50CD5
(1779322195.217940) can0 0000E007#0CD50CD50CD50CD5
(1779322195.218943) can0 0000E008#0CD50CD50CD50CD5
(1779322195.219934) can0 0000E009#0CD50CD50CD50CD6
(1779322195.220987) can0 0000E010#0000000000000000
(1779322195.221985) can0 0000E011#0000000000000000
(1779322195.222968) can0 0000E012#0CD5000000000000
(1779322195.224011) can0 0000F001#0000000000000000
(1779322195.224980) can0 18FF28F4#10320000020D0000
(1779322195.225959) can0 18FE28F4#0CD60CD540400000
(1779322195.226963) can0 18FD28F4#1702FA6F00000000
(1779322195.227875) can0 4D4#000032007D0D0203
(1779322195.228859) can0 4D5#D50CD60C40400000
(1779322195.229953) can0 18914010#0CD6100CD5010000
(1779322195.230956) can0 18904010#020D020D753001FA
(1779322195.231994) can0 18FA28F4#123EA12C10270000
(1779322195.232949) can0 18FB28F4#D60CD50C40400000
(1779322195.233979) can0 18FC28F4#383200000D020000
(1779322195.234950) can0 18F810F3#0D02E80332640100
(1779322195.235979) can0 18F815F3#0000000010030000
(1779322195.236879) can0 273#000000000D023200
(1779322195.237857) can0 1E1#020D271001FA01FA
(1779322195.238892) can0 1F5#0000000000000000
(1779322195.240012) can0 0800A6A9#0000000000000000
(1779322195.240936) can0 1000A6A9#0D028813324A4A4A
(1779322195.241967) can0 1C00A6A9#0000000000030000
(1779322195.242981) can0 02018100#1003020D00000000
(1779322195.243973) can0 02028100#0000003264000000
(1779322195.244962) can0 02038100#0CD601100CD50101
(1779322195.245960) can0 02048100#4A01014A01010000
(1779322195.246860) can0 1AD#8814000059321818
(1779322195.247871) can0 2AD#D60C800C88140016
(1779322195.248885) can0 3AD#0000000000008814
(1779322195.249883) can0 4AD#EB00000000000000
(1779322195.250880) can0 76A#7F00000000000000
(1779322195.330553) can0 0000E005#1702440003B60591
(1779322195.331126) can0 1806E5F4#13CC010003B6023A
(1779322195.331958) can0 0000E000#13CC13CC020D0000
(1779322195.332961) can0 0000E004#181803B603B601E1
(1779322195.333937) can0 0000E006#0CD50CD50CD50CD5
(1779322195.334942) can0 0000E007#0CD50CD50CD50CD5
(1779322195.335932) can0 0000E008#0CD50CD50CD50CD5
(1779322195.336934) can0 0000E009#0CD50CD50CD50CD6
(1779322195.337982) can0 0000E010#0000000000000000
(1779322195.338979) can0 0000E011#0000000000000000
(1779322195.339956) can0 0000E012#0CD5000000000000
(1779322195.340947) can0 0000E013#4542323630354C43
(1779322195.341954) can0 0000E014#3134323300000000
(1779322195.342974) can0 0000E015#0000000000000003
(1779322195.343983) can0 0000F000#0000000000000000
(1779322195.344987) can0 0000F001#0000000000000000
(1779322195.345962) can0 18FF28F4#10320000020D0000
(1779322195.346955) can0 18FE28F4#0CD60CD540400000
(1779322195.347964) can0 18FD28F4#1702FA6F00000000
(1779322195.348883) can0 4D4#000032007D0D0203
(1779322195.349862) can0 4D5#D50CD60C40400000
(1779322195.350947) can0 18914010#0CD6100CD5010000
(1779322195.351958) can0 18904010#020D020D753001FA
(1779322195.352973) can0 18924010#4001400100000000
(1779322195.353970) can0 18934010#000000260000BC19
(1779322195.354974) can0 18944010#1003000000000000
(1779322195.355984) can0 18954010#0000000000000000
(1779322195.356979) can0 18954010#0100000000000000
(1779322195.357977) can0 18954010#0200000000000000
(1779322195.358981) can0 18954010#0300000000000000
(1779322195.359977) can0 18954010#0400000000000000
(1779322195.360981) can0 18954010#0500000000000000
(1779322195.361990) can0 18964010#0040404000000000
(1779322195.362975) can0 18974010#0000000000000000
(1779322195.363964) can0 18984010#0000000000000000
(1779322195.364950) can0 18FA28F4#123EA12C10270000
(1779322195.365945) can0 18FB28F4#D60CD50C40400000
(1779322195.366981) can0 18FC28F4#383200000D020000
(1779322195.367939) can0 18F810F3#0D02E80332640100
(1779322195.368951) can0 18F811F3#D60C1001D50C0101
(1779322195.369984) can0 18F812F3#4001014001010000
(1779322195.370981) can0 18F813F3#0101000000000000
(1779322195.371946) can0 18F814F3#3200EA1AA9015F00
(1779322195.372974) can0 18F815F3#0000000010030000
(1779322195.373875) can0 273#000000000D023200
(1779322195.374860) can0 1E1#020D271001FA01FA
(1779322195.375882) can0 1F5#0000000000000000
(1779322195.376974) can0 0800A6A9#0000000000000000
(1779322195.377958) can0 1000A6A9#0D028813324A4A4A
(1779322195.378963) can0 1C00A6A9#0000000000030000
(1779322195.379971) can0 02018100#1003020D00000000
(1779322195.380971) can0 02028100#0000003264000000
(1779322195.381952) can0 02038100#0CD601100CD50101
(1779322195.382955) can0 02048100#4A01014A01010000
(1779322195.383851) can0 1AD#8814000059321818
(1779322195.384872) can0 2AD#D60C800C88140016
(1779322195.385915) can0 3AD#0000000000008814
(1779322195.386886) can0 4AD#EB00000000000000
(1779322195.387876) can0 76A#7F00000000000000
(1779322195.446553) can0 0000E005#1702440003B60591
(1779322195.447111) can0 1806E5F4#13CC010003B6023A
(1779322195.447965) can0 0000E000#13CC13CC020D0000
(1779322195.448948) can0 0000E004#181803B603B601E1
(1779322195.449924) can0 0000E006#0CD50CD50CD50CD5
(1779322195.450942) can0 0000E007#0CD50CD50CD50CD5
(1779322195.451945) can0 0000E008#0CD50CD50CD50CD5
(1779322195.452923) can0 0000E009#0CD50CD50CD50CD6
(1779322195.453990) can0 0000E010#0000000000000000
(1779322195.455001) can0 0000E011#0000000000000000
(1779322195.455970) can0 0000E012#0CD5000000000000
(1779322195.456981) can0 0000F001#0000000000000000
(1779322195.457961) can0 18FF28F4#10320000020D0000
(1779322195.458943) can0 18FE28F4#0CD60CD540400000
(1779322195.459964) can0 18FD28F4#1702FA6F00000000
(1779322195.460859) can0 4D4#000032007D0D0203
(1779322195.461858) can0 4D5#D50CD60C40400000
(1779322195.462988) can0 18914010#0CD6100CD5010000
(1779322195.463958) can0 18904010#020D020D753001FA
(1779322195.464949) can0 18FA28F4#123EA12C10270000
(1779322195.465952) can0 18FB28F4#D60CD50C40400000
(1779322195.466963) can0 18FC28F4#383200000D020000
(1779322195.467946) can0 18F810F3#0D02E80332640100
(1779322195.468975) can0 18F815F3#0000000010030000
(1779322195.469863) can0 273#000000000D023200
(1779322195.470905) can0 1E1#020D271001FA01FA
(1779322195.471875) can0 1F5#0000000000000000
(1779322195.472969) can0 0800A6A9#0000000000000000
(1779322195.473932) can0 1000A6A9#0D028813324A4A4A
(1779322195.474950) can0 1C00A6A9#0000000000030000
(1779322195.475965) can0 02018100#1003020D00000000
(1779322195.476962) can0 02028100#0000003264000000
(1779322195.477946) can0 02038100#0CD601100CD50101
(1779322195.478944) can0 02048100#4A01014A01010000
(1779322195.479843) can0 1AD#8814000059321818
(1779322195.480855) can0 2AD#D60C800C88140016
(1779322195.481862) can0 3AD#0000000000008814
(1779322195.482867) can0 4AD#EB00000000000000
(1779322195.483882) can0 76A#7F00000000000000
(1779322195.546499) can0 0000E005#1702440003B60591
(1779322195.547051) can0 1806E5F4#13CC010003B6023A
(1779322195.547992) can0 0000E000#13CC13CC020D0000
(1779322195.548953) can0 0000E004#181803B603B601E1
(1779322195.549928) can0 0000E006#0CD50CD50CD50CD5
(1779322195.550926) can0 0000E007#0CD50CD50CD50CD5
(1779322195.551921) can0 0000E008#0CD50CD50CD50CD5
(1779322195.552924) can0 0000E009#0CD50CD50CD50CD6
(1779322195.553966) can0 0000E010#0000000000000000
(1779322195.554968) can0 0000E011#0000000000000000
(1779322195.555947) can0 0000E012#0CD5000000000000
(1779322195.556982) can0 0000F001#0000000000000000
(1779322195.557960) can0 18FF28F4#10320000020D0000
(1779322195.558943) can0 18FE28F4#0CD60CD540400000
(1779322195.559960) can0 18FD28F4#1702FA6F00000000
(1779322195.560861) can0 4D4#000032007D0D0203
(1779322195.561858) can0 4D5#D50CD60C40400000
(1779322195.562938) can0 18914010#0CD6100CD5010000
(1779322195.563936) can0 18904010#020D020D753001FA
(1779322195.564950) can0 18FA28F4#123EA12C10270000
(1779322195.565928) can0 18FB28F4#D60CD50C40400000
(1779322195.566960) can0 18FC28F4#383200000D020000
(1779322195.567929) can0 18F810F3#0D02E80332640100
(1779322195.568977) can0 18F815F3#0000000010030000
(1779322195.569858) can0 273#000000000D023200
(1779322195.570858) can0 1E1#020D271001FA01FA
(1779322195.571870) can0 1F5#0000000000000000
(1779322195.572970) can0 0800A6A9#0000000000000000
(1779322195.573916) can0 1000A6A9#0D028813324A4A4A
(1779322195.574951) can0 1C00A6A9#0000000000030000
(1779322195.575961) can0 02018100#1003020D00000000
(1779322195.576963) can0 02028100#0000003264000000
(1779322195.577942) can0 02038100#0CD601100CD50101
(1779322195.578937) can0 02048100#4A01014A01010000
(1779322195.579840) can0 1AD#8814000059321818
(1779322195.580855) can0 2AD#D60C800C88140016
(1779322195.581864) can0 3AD#0000000000008814
(1779322195.582861) can0 4AD#EB00000000000000
(1779322195.583878) can0 76A#7F00000000000000
(1779322195.646502) can0 0000E005#1702440003B60591
(1779322195.647049) can0 1806E5F4#13CC010003B6023A
(1779322195.647953) can0 0000E000#13CC13CC020D0000
(1779322195.648945) can0 0000E004#181803B603B601E1
(1779322195.649930) can0 0000E006#0CD50CD50CD50CD5
(1779322195.650927) can0 0000E007#0CD50CD50CD50CD5
(1779322195.651926) can0 0000E008#0CD50CD50CD50CD5
(1779322195.652919) can0 0000E009#0CD50CD50CD50CD6
(1779322195.653972) can0 0000E010#0000000000000000
(1779322195.654964) can0 0000E011#0000000000000000
(1779322195.655945) can0 0000E012#0CD5000000000000
(1779322195.656964) can0 0000F001#0000000000000000
(1779322195.657967) can0 18FF28F4#10320000020D0000
(1779322195.658927) can0 18FE28F4#0CD60CD540400000
(1779322195.659948) can0 18FD28F4#1702FA6F00000000
(1779322195.660862) can0 4D4#000032007D0D0203
(1779322195.661858) can0 4D5#D50CD60C40400000
(1779322195.662940) can0 18914010#0CD6100CD5010000
(1779322195.663932) can0 18904010#020D020D753001FA
(1779322195.664933) can0 18FA28F4#123EA12C10270000
(1779322195.665935) can0 18FB28F4#D60CD50C40400000
(1779322195.666965) can0 18FC28F4#383200000D020000
(1779322195.667926) can0 18F810F3#0D02E80332640100
(1779322195.668958) can0 18F815F3#0000000010030000
(1779322195.669877) can0 273#000000000D023200
(1779322195.670843) can0 1E1#020D271001FA01FA
(1779322195.671877) can0 1F5#0000000000000000
(1779322195.672952) can0 0800A6A9#0000000000000000
(1779322195.673922) can0 1000A6A9#0D028813324A4A4A
(1779322195.674953) can0 1C00A6A9#0000000000030000
(1779322195.675964) can0 02018100#1003020D00000000
(1779322195.676964) can0 02028100#0000003264000000
(1779322195.677961) can0 02038100#0CD601100CD50101
(1779322195.678940) can0 02048100#4A01014A01010000
(1779322195.679839) can0 1AD#8814000059321818
(1779322195.680857) can0 2AD#D60C800C88140016
(1779322195.681872) can0 3AD#0000000000008814
(1779322195.682864) can0 4AD#EB00000000000000
(1779322195.683865) can0 76A#7F00000000000000
(1779322195.746535) can0 0000E005#1702440003B60591
(1779322195.747094) can0 1806E5F4#13CC010003B6023A
(1779322195.747942) can0 0000E000#13CC13CC020D0000
(1779322195.748943) can0 0000E004#181803B603B601E1
(1779322195.749923) can0 0000E006#0CD50CD50CD50CD5
(1779322195.750926) can0 0000E007#0CD50CD50CD50CD5
(1779322195.751923) can0 0000E008#0CD50CD50CD50CD5
(1779322195.752914) can0 0000E009#0CD50CD50CD50CD6
(1779322195.753967) can0 0000E010#0000000000000000
(1779322195.754996) can0 0000E011#0000000000000000
(1779322195.755948) can0 0000E012#0CD5000000000000
(1779322195.756964) can0 0000F001#0000000000000000
(1779322195.757962) can0 18FF28F4#10320000020D0000
(1779322195.758926) can0 18FE28F4#0CD60CD540400000
(1779322195.759936) can0 18FD28F4#1702FA6F00000000
(1779322195.760852) can0 4D4#000032007D0D0203
(1779322195.761840) can0 4D5#D50CD60C40400000
(1779322195.762971) can0 18914010#0CD6100CD5010000
(1779322195.763930) can0 18904010#020D020D753001FA
(1779322195.764926) can0 18FA28F4#123EA12C10270000
(1779322195.765929) can0 18FB28F4#D60CD50C40400000
(1779322195.766966) can0 18FC28F4#383200000D020000
(1779322195.767923) can0 18F810F3#0D02E80332640100
(1779322195.768958) can0 18F815F3#0000000010030000
(1779322195.769859) can0 273#000000000D023200
(1779322195.770890) can0 1E1#020D271001FA01FA
(1779322195.771872) can0 1F5#0000000000000000
(1779322195.772945) can0 0800A6A9#0000000000000000
(1779322195.773917) can0 1000A6A9#0D028813324A4A4A
(1779322195.774947) can0 1C00A6A9#0000000000030000
(1779322195.775962) can0 02018100#1003020D00000000
(1779322195.776960) can0 02028100#0000003264000000
(1779322195.777942) can0 02038100#0CD601100CD50101
(1779322195.778991) can0 02048100#4A01014A01010000
(1779322195.779834) can0 1AD#8814000059321818
(1779322195.780856) can0 2AD#D60C800C88140016
(1779322195.781867) can0 3AD#0000000000008814
(1779322195.782863) can0 4AD#EB00000000000000
(1779322195.783860) can0 76A#7F00000000000000
(1779322195.863531) can0 0000E005#1702440003B60591
(1779322195.864084) can0 1806E5F4#13CC010003B6023A
(1779322195.864938) can0 0000E000#13CC13CC020D0000
(1779322195.865934) can0 0000E004#181803B603B601E1
(1779322195.866915) can0 0000E006#0CD50CD50CD50CD5
(1779322195.867915) can0 0000E007#0CD50CD50CD50CD5
(1779322195.868918) can0 0000E008#0CD50CD50CD50CD5
(1779322195.869915) can0 0000E009#0CD50CD50CD50CD6
(1779322195.870963) can0 0000E010#0000000000000000
(1779322195.871960) can0 0000E011#0000000000000000
(1779322195.872943) can0 0000E012#0CD5000000000000
(1779322195.873903) can0 0000E013#4542323630354C43
(1779322195.874935) can0 0000E014#3134323300000000
(1779322195.875948) can0 0000E015#0000000000000003
(1779322195.876970) can0 0000F000#0000000000000000
(1779322195.877960) can0 0000F001#0000000000000000
(1779322195.878943) can0 18FF28F4#10320000020D0000
(1779322195.879928) can0 18FE28F4#0CD60CD540400000
(1779322195.880944) can0 18FD28F4#1702FA6F00000000
(1779322195.881846) can0 4D4#000032007D0D0203
(1779322195.882848) can0 4D5#D50CD60C40400000
(1779322195.883922) can0 18914010#0CD6100CD5010000
(1779322195.884925) can0 18904010#020D020D753001FA
(1779322195.885948) can0 18924010#4001400100000000
(1779322195.886935) can0 18934010#000000270000BC19
(1779322195.887947) can0 18944010#1003000000000000
(1779322195.888963) can0 18954010#0000000000000000
(1779322195.889961) can0 18954010#0100000000000000
(1779322195.890955) can0 18954010#0200000000000000
(1779322195.891954) can0 18954010#0300000000000000
(1779322195.892958) can0 18954010#0400000000000000
(1779322195.893954) can0 18954010#0500000000000000
(1779322195.894951) can0 18964010#0040404000000000
(1779322195.895948) can0 18974010#0000000000000000
(1779322195.896951) can0 18984010#0000000000000000
(1779322195.897930) can0 18FA28F4#123EA12C10270000
(1779322195.898920) can0 18FB28F4#D60CD50C40400000
(1779322195.899955) can0 18FC28F4#383200000D020000
(1779322195.900938) can0 18F810F3#0D02E80332640100
(1779322195.901929) can0 18F811F3#D60C1001D50C0101
(1779322195.902929) can0 18F812F3#4001014001010000
(1779322195.903955) can0 18F813F3#0101000000000000
(1779322195.904925) can0 18F814F3#3200EA1AA9015F00
(1779322195.905949) can0 18F815F3#0000000010030000
(1779322195.906856) can0 273#000000000D023200
(1779322195.907833) can0 1E1#020D271001FA01FA
(1779322195.908893) can0 1F5#0000000000000000
(1779322195.909955) can0 0800A6A9#0000000000000000
(1779322195.910905) can0 1000A6A9#0D028813324A4A4A
(1779322195.911936) can0 1C00A6A9#0000000000030000
(1779322195.912952) can0 02018100#1003020D00000000
(1779322195.913949) can0 02028100#0000003264000000
(1779322195.914937) can0 02038100#0CD601100CD50101
(1779322195.915932) can0 02048100#4A01014A01010000
(1779322195.916870) can0 1AD#8814000059321818
(1779322195.917846) can0 2AD#D60C800C88140016
(1779322195.918845) can0 3AD#0000000000008814
(1779322195.919859) can0 4AD#EB00000000000000
(1779322195.920856) can0 76A#7F00000000000000
(1779322195.979505) can0 0000E005#1702440003B60591
(1779322195.980070) can0 1806E5F4#13CC010003B6023A
(1779322195.980942) can0 0000E000#13CC13CC020D0000
(1779322195.981924) can0 0000E004#181803B603B601E1
(1779322195.982897) can0 0000E006#0CD50CD50CD50CD5
(1779322195.983904) can0 0000E007#0CD50CD50CD50CD5
(1779322195.984901) can0 0000E008#0CD50CD50CD50CD5
(1779322195.985936) can0 0000E009#0CD50CD50CD50CD6
(1779322195.986964) can0 0000E010#0000000000000000
(1779322195.987962) can0 0000E011#0000000000000000
(1779322195.988939) can0 0000E012#0CD5000000000000
(1779322195.989960) can0 0000F001#0000000000000000
(1779322195.990937) can0 18FF28F4#10320000020D0000
(1779322195.991923) can0 18FE28F4#0CD60CD540400000
(1779322195.992933) can0 18FD28F4#1702FA6F00000000
(1779322195.993885) can0 4D4#000032007D0D0203
(1779322195.994832) can0 4D5#D50CD60C40400000
(1779322195.995929) can0 18914010#0CD6100CD5010000
(1779322195.996926) can0 18904010#020D020D753001FA
(1779322195.997930) can0 18FA28F4#123EA12C10270000
(1779322195.998908) can0 18FB28F4#D60CD50C40400000
(1779322195.999943) can0 18FC28F4#383200000D020000
(1779322196.000908) can0 18F810F3#0D02E80332640100
(1779322196.001987) can0 18F815F3#0000000010030000
(1779322196.002829) can0 273#000000000D023200
(1779322196.003840) can0 1E1#020D271001FA01FA
(1779322196.004864) can0 1F5#0000000000000000
(1779322196.005948) can0 0800A6A9#0000000000000000
(1779322196.006907) can0 1000A6A9#0D028813324A4A4A
(1779322196.007942) can0 1C00A6A9#0000000000030000
(1779322196.008941) can0 02018100#1003020D00000000
(1779322196.010006) can0 02028100#0000003264000000
(1779322196.010916) can0 02038100#0CD601100CD50101
(1779322196.011936) can0 02048100#4A01014A01010000
(1779322196.012831) can0 1AD#8814000059321818
(1779322196.013827) can0 2AD#D60C800C88140016
(1779322196.014839) can0 3AD#0000000000008814
(1779322196.015860) can0 4AD#EB00000000000000
(1779322196.016858) can0 76A#7F00000000000000
(1779322196.079475) can0 0000E005#1702440003B60591
(1779322196.080025) can0 1806E5F4#13CC010003B6023A
(1779322196.080932) can0 0000E000#13CC13CC020D0000
(1779322196.081930) can0 0000E004#181803B603B601E1
(1779322196.082895) can0 0000E006#0CD50CD50CD50CD5
(1779322196.083912) can0 0000E007#0CD50CD50CD50CD5
(1779322196.084907) can0 0000E008#0CD50CD50CD50CD5
(1779322196.085905) can0 0000E009#0CD50CD50CD50CD6
(1779322196.087003) can0 0000E010#0000000000000000
(1779322196.087948) can0 0000E011#0000000000000000
(1779322196.088934) can0 0000E012#0CD5000000000000
(1779322196.089950) can0 0000F001#0000000000000000
(1779322196.090934) can0 18FF28F4#10320000020D0000
(1779322196.091909) can0 18FE28F4#0CD60CD540400000
(1779322196.092927) can0 18FD28F4#1702FA6F00000000
(1779322196.093842) can0 4D4#000032007D0D0203
(1779322196.094827) can0 4D5#D50CD60C40400000
(1779322196.095918) can0 18914010#0CD6100CD5010000
(1779322196.096921) can0 18904010#020D020D753001FA
(1779322196.097919) can0 18FA28F4#123EA12C10270000
(1779322196.098921) can0 18FB28F4#D60CD50C40400000
(1779322196.099940) can0 18FC28F4#383200000D020000
(1779322196.100915) can0 18F810F3#0D02E80332640100
(1779322196.101943) can0 18F815F3#0000000010030000
(1779322196.102846) can0 273#000000000D023200
(1779322196.103822) can0 1E1#020D271001FA01FA
(1779322196.104857) can0 1F5#0000000000000000
(1779322196.105938) can0 0800A6A9#0000000000000000
(1779322196.106903) can0 1000A6A9#0D028813324A4A4A
(1779322196.107931) can0 1C00A6A9#0000000000030000
(1779322196.108947) can0 02018100#1003020D00000000
(1779322196.109944) can0 02028100#0000003264000000
(1779322196.110929) can0 02038100#0CD601100CD50101
(1779322196.111919) can0 02048100#4A01014A01010000
(1779322196.112826) can0 1AD#8814000059321818
(1779322196.113836) can0 2AD#D60C800C88140016
(1779322196.114852) can0 3AD#0000000000008814
(1779322196.115841) can0 4AD#EB00000000000000
(1779322196.116849) can0 76A#7F00000000000000
(1779322196.179528) can0 0000E005#1702440003B60591
(1779322196.180084) can0 1806E5F4#13CC010003B6023A
(1779322196.180929) can0 0000E000#13CC13CC020D0000
(1779322196.181913) can0 0000E004#181803B603B601E1
(1779322196.182897) can0 0000E006#0CD50CD50CD50CD5
(1779322196.183912) can0 0000E007#0CD50CD50CD50CD5
(1779322196.184906) can0 0000E008#0CD50CD50CD50CD5
(1779322196.185905) can0 0000E009#0CD50CD50CD50CD6
(1779322196.186955) can0 0000E010#0000000000000000
(1779322196.187950) can0 0000E011#0000000000000000
(1779322196.188926) can0 0000E012#0CD5000000000000
(1779322196.189950) can0 0000F001#0000000000000000
(1779322196.190930) can0 18FF28F4#10320000020D0000
(1779322196.191912) can0 18FE28F4#0CD60CD540400000
(1779322196.192929) can0 18FD28F4#1702FA6F00000000
(1779322196.193848) can0 4D4#000032007D0D0203
(1779322196.194828) can0 4D5#D50CD60C40400000
(1779322196.195925) can0 18914010#0CD6100CD5010000
(1779322196.196915) can0 18904010#020D020D753001FA
(1779322196.197918) can0 18FA28F4#123EA12C10270000
(1779322196.198918) can0 18FB28F4#D60CD50C40400000
(1779322196.199931) can0 18FC28F4#383200000D020000
(1779322196.200907) can0 18F810F3#0D02E80332640100
(1779322196.201944) can0 18F815F3#0000000010030000
(1779322196.202846) can0 273#000000000D023200
(1779322196.203829) can0 1E1#020D271001FA01FA
(1779322196.204858) can0 1F5#0000000000000000
(1779322196.205938) can0 0800A6A9#0000000000000000
(1779322196.206904) can0 1000A6A9#0D028813324A4A4A
(1779322196.207938) can0 1C00A6A9#0000000000030000
(1779322196.208960) can0 02018100#1003020D00000000
(1779322196.209932) can0 02028100#0000003264000000
(1779322196.210911) can0 02038100#0CD601100CD50101
(1779322196.211926) can0 02048100#4A01014A01010000
(1779322196.212819) can0 1AD#8814000059321818
(1779322196.213836) can0 2AD#D60C800C88140016
(1779322196.214834) can0 3AD#0000000000008814
(1779322196.215849) can0 4AD#EB00000000000000
(1779322196.216872) can0 76A#7F00000000000000
(1779322196.279477) can0 0000E005#1702440003B60591
(1779322196.280032) can0 1806E5F4#13CC010003B6023A
(1779322196.280931) can0 0000E000#13CC13CC020D0000
(1779322196.281910) can0 0000E004#181803B603B601E1
(1779322196.282898) can0 0000E006#0CD50CD50CD50CD5
(1779322196.283888) can0 0000E007#0CD50CD50CD50CD5
(1779322196.284910) can0 0000E008#0CD50CD50CD50CD5
(1779322196.285918) can0 0000E009#0CD50CD50CD50CD6
(1779322196.286955) can0 0000E010#0000000000000000
(1779322196.287951) can0 0000E011#0000000000000000
(1779322196.288935) can0 0000E012#0CD5000000000000
(1779322196.289945) can0 0000F001#0000000000000000
(1779322196.290931) can0 18FF28F4#10320000020D0000
(1779322196.291907) can0 18FE28F4#0CD60CD540400000
(1779322196.292930) can0 18FD28F4#1702FA6F00000000
(1779322196.293856) can0 4D4#000032007D0D0203
(1779322196.294828) can0 4D5#D50CD60C40400000
(1779322196.295900) can0 18914010#0CD6100CD5010000
(1779322196.296922) can0 18904010#020D020D753001FA
(1779322196.297915) can0 18FA28F4#123EA12C10270000
(1779322196.298917) can0 18FB28F4#D60CD50C40400000
(1779322196.299927) can0 18FC28F4#383200000D020000
(1779322196.300897) can0 18F810F3#0D02E80332640100
(1779322196.301972) can0 18F815F3#0000000010030000
(1779322196.302828) can0 273#000000000D023200
(1779322196.303824) can0 1E1#020D271001FA01FA
(1779322196.304859) can0 1F5#0000000000000000
(1779322196.305933) can0 0800A6A9#0000000000000000
(1779322196.306905) can0 1000A6A9#0D028813324A4A4A
(1779322196.307934) can0 1C00A6A9#0000000000030000
(1779322196.308929) can0 02018100#1003020D00000000
(1779322196.309973) can0 02028100#0000003264000000
(1779322196.310911) can0 02038100#0CD601100CD50101
(1779322196.311921) can0 02048100#4A01014A01010000
(1779322196.312821) can0 1AD#8814000059321818
(1779322196.313818) can0 2AD#D60C800C88140016
(1779322196.314835) can0 3AD#0000000000008814
(1779322196.315844) can0 4AD#EB00000000000000
(1779322196.316840) can0 76A#7F00000000000000
(1779322196.396461) can0 0000E005#1702440003B60591
(1779322196.397033) can0 1806E5F4#13CC010003B6023A
(1779322196.397912) can0 0000E000#13CC13CC020D0000
(1779322196.398917) can0 0000E004#181803B603B601E1
(1779322196.399888) can0 0000E006#0CD50CD50CD50CD5
(1779322196.400896) can0 0000E007#0CD30CD50CD50CD5
(1779322196.401892) can0 0000E008#0CD50CD50CD50CD5
(1779322196.402889) can0 0000E009#0CD50CD50CD50CD6
(1779322196.403931) can0 0000E010#0000000000000000
(1779322196.404933) can0 0000E011#0000000000000000
(1779322196.405911) can0 0000E012#0CD4000200000000
(1779322196.406882) can0 0000E013#4542323630354C43
(1779322196.407907) can0 0000E014#3134323300000000
(1779322196.408928) can0 0000E015#0000000000000003
(1779322196.409938) can0 0000F000#0000000000000000
(1779322196.410941) can0 0000F001#0000000000000000
(1779322196.411916) can0 18FF28F4#10320000020D0000
(1779322196.412902) can0 18FE28F4#0CD60CD340400000
(1779322196.413919) can0 18FD28F4#1702FA6F00000000
(1779322196.414839) can0 4D4#000032007D0D0203
(1779322196.415817) can0 4D5#D30CD60C40400000
(1779322196.416896) can0 18914010#0CD6100CD3050000
(1779322196.417907) can0 18904010#020D020D753001FA
(1779322196.418928) can0 18924010#4001400100000000
(1779322196.419922) can0 18934010#000000280000BC19
(1779322196.420925) can0 18944010#1003000000000000
(1779322196.421932) can0 18954010#0000000000000000
(1779322196.422956) can0 18954010#0100000000000000
(1779322196.423943) can0 18954010#0200000000000000
(1779322196.424928) can0 18954010#0300000000000000
(1779322196.425926) can0 18954010#0400000000000000
(1779322196.426929) can0 18954010#0500000000000000
(1779322196.427919) can0 18964010#0040404000000000
(1779322196.428935) can0 18974010#0000000000000000
(1779322196.429931) can0 18984010#0000000000000000
(1779322196.430896) can0 18FA28F4#123EA12C10270000
(1779322196.431908) can0 18FB28F4#D60CD30C40400000
(1779322196.432922) can0 18FC28F4#383200000D020000
(1779322196.433887) can0 18F810F3#0D02E80332640100
(1779322196.434903) can0 18F811F3#D60C1001D30C0501
(1779322196.435909) can0 18F812F3#4001014001010000
(1779322196.436930) can0 18F813F3#0101000000000000
(1779322196.437907) can0 18F814F3#3200EA1AA9015F00
(1779322196.438922) can0 18F815F3#0000000010030000
(1779322196.439856) can0 273#000000000D023200
(1779322196.440821) can0 1E1#020D271001FA01FA
(1779322196.441850) can0 1F5#0000000000000000
(1779322196.442929) can0 0800A6A9#0000000000000000
(1779322196.443886) can0 1000A6A9#0D028813324A4A4A
(1779322196.444922) can0 1C00A6A9#0000000000030000
(1779322196.445920) can0 02018100#1003020D00000000
(1779322196.446924) can0 02028100#0000003264000000
(1779322196.447928) can0 02038100#0CD601100CD30105
(1779322196.448916) can0 02048100#4A01014A01010000
(1779322196.449799) can0 1AD#8714000059321818
(1779322196.450802) can0 2AD#D60C800C87140016
(1779322196.451831) can0 3AD#0000000000008714
(1779322196.452827) can0 4AD#EB00000000000000
(1779322196.453825) can0 76A#7F00000000000000
(1779322196.512473) can0 0000E005#1702440003B60591
(1779322196.513023) can0 1806E5F4#13CC010003B6023A
(1779322196.513912) can0 0000E000#13CC13CC020D0000
(1779322196.514910) can0 0000E004#181803B603B601E1
(1779322196.515894) can0 0000E006#0CD50CD50CD50CD5
(1779322196.516897) can0 0000E007#0CD30CD50CD50CD5
(1779322196.517887) can0 0000E008#0CD50CD50CD50CD5
(1779322196.518886) can0 0000E009#0CD50CD50CD50CD6
(1779322196.519932) can0 0000E010#0000000000000000
(1779322196.520931) can0 0000E011#0000000000000000
(1779322196.521915) can0 0000E012#0CD4000200000000
(1779322196.522945) can0 0000F001#0000000000000000
(1779322196.523927) can0 18FF28F4#10320000020D0000
(1779322196.524936) can0 18FE28F4#0CD60CD340400000
(1779322196.525906) can0 18FD28F4#1702FA6F00000000
(1779322196.526822) can0 4D4#000032007D0D0203
(1779322196.527805) can0 4D5#D30CD60C40400000
(1779322196.528895) can0 18914010#0CD6100CD3050000
(1779322196.529900) can0 18904010#020D020D753001FA
(1779322196.530912) can0 18FA28F4#123EA12C10270000
(1779322196.531894) can0 18FB28F4#D60CD30C40400000
(1779322196.532955) can0 18FC28F4#383200000D020000
(1779322196.533894) can0 18F810F3#0D02E80332640100
(1779322196.534925) can0 18F815F3#0000000010030000
(1779322196.535824) can0 273#000000000D023200
(1779322196.536798) can0 1E1#020D271001FA01FA
(1779322196.537837) can0 1F5#0000000000000000
(1779322196.538913) can0 0800A6A9#0000000000000000
(1779322196.539882) can0 1000A6A9#0D028813324A4A4A
(1779322196.540952) can0 1C00A6A9#0000000000030000
(1779322196.541927) can0 02018100#1003020D00000000
(1779322196.542925) can0 02028100#0000003264000000
(1779322196.543908) can0 02038100#0CD601100CD30105
(1779322196.544899) can0 02048100#4A01014A01010000
(1779322196.545805) can0 1AD#8714000059321818
(1779322196.546798) can0 2AD#D60C800C87140016
(1779322196.547831) can0 3AD#0000000000008714
(1779322196.548822) can0 4AD#EB00000000000000
(1779322196.549838) can0 76A#7F00000000000000
(1779322196.612499) can0 0000E005#1702440003B60591
(1779322196.613072) can0 1806E5F4#13CC010003B6023A
(1779322196.613908) can0 0000E000#13CC13CC020D0000
(1779322196.614904) can0 0000E004#181803B603B601E1
(1779322196.615888) can0 0000E006#0CD50CD50CD50CD5
(1779322196.616885) can0 0000E007#0CD30CD50CD50CD5
(1779322196.617933) can0 0000E008#0CD50CD50CD50CD5
(1779322196.618886) can0 0000E009#0CD50CD50CD50CD6
(1779322196.619927) can0 0000E010#0000000000000000
(1779322196.620927) can0 0000E011#0000000000000000
(1779322196.621910) can0 0000E012#0CD4000200000000
(1779322196.622927) can0 0000F001#0000000000000000
(1779322196.623920) can0 18FF28F4#10320000020D0000
(1779322196.624889) can0 18FE28F4#0CD60CD340400000
(1779322196.625901) can0 18FD28F4#1702FA6F00000000
(1779322196.626822) can0 4D4#000032007D0D0203
(1779322196.627799) can0 4D5#D30CD60C40400000
(1779322196.628899) can0 18914010#0CD6100CD3050000
(1779322196.629895) can0 18904010#020D020D753001FA
(1779322196.630899) can0 18FA28F4#123EA12C10270000
(1779322196.631896) can0 18FB28F4#D60CD30C40400000
(1779322196.632920) can0 18FC28F4#383200000D020000
(1779322196.633889) can0 18F810F3#0D02E80332640100
(1779322196.634924) can0 18F815F3#0000000010030000
(1779322196.635819) can0 273#000000000D023200
(1779322196.636801) can0 1E1#020D271001FA01FA
(1779322196.637832) can0 1F5#0000000000000000
(1779322196.638919) can0 0800A6A9#0000000000000000
(1779322196.639876) can0 1000A6A9#0D028813324A4A4A
(1779322196.640911) can0 1C00A6A9#0000000000030000
(1779322196.641928) can0 02018100#1003020D00000000
(1779322196.642925) can0 02028100#0000003264000000
(1779322196.643902) can0 02038100#0CD601100CD30105
(1779322196.644897) can0 02048100#4A01014A01010000
(1779322196.645801) can0 1AD#8714000059321818
(1779322196.646803) can0 2AD#D60C800C87140016
(1779322196.647813) can0 3AD#0000000000008714
(1779322196.648821) can0 4AD#EB00000000000000
(1779322196.649819) can0 76A#7F00000000000000
(1779322196.712443) can0 0000E005#1702440003B60591
(1779322196.712995) can0 1806E5F4#13CC010003B6023A
(1779322196.713902) can0 0000E000#13CC13CC020D0000
(1779322196.714900) can0 0000E004#181803B603B601E1
(1779322196.715883) can0 0000E006#0CD50CD50CD50CD5
(1779322196.716874) can0 0000E007#0CD50CD50CD50CD5
(1779322196.717870) can0 0000E008#0CD50CD50CD50CD5
(1779322196.718874) can0 0000E009#0CD50CD50CD50CD6
(1779322196.719940) can0 0000E010#0000000000000000
(1779322196.720918) can0 0000E011#0000000000000000
(1779322196.721912) can0 0000E012#0CD5000000000000
(1779322196.722934) can0 0000F001#0000000000000000
(1779322196.723919) can0 18FF28F4#10320000020D0000
(1779322196.724893) can0 18FE28F4#0CD60CD540400000
(1779322196.725910) can0 18FD28F4#1702FA6F00000000
(1779322196.726811) can0 4D4#000032007D0D0203
(1779322196.727807) can0 4D5#D50CD60C40400000
(1779322196.728886) can0 18914010#0CD6100CD5010000
(1779322196.729884) can0 18904010#020D020D753001FA
(1779322196.730901) can0 18FA28F4#123EA12C10270000
(1779322196.731902) can0 18FB28F4#D60CD50C40400000
(1779322196.732913) can0 18FC28F4#383200000D020000
(1779322196.733878) can0 18F810F3#0D02E80332640100
(1779322196.734926) can0 18F815F3#0000000010030000
(1779322196.735813) can0 273#000000000D023200
(1779322196.736805) can0 1E1#020D271001FA01FA
(1779322196.737839) can0 1F5#0000000000000000
(1779322196.738914) can0 0800A6A9#0000000000000000
(1779322196.739896) can0 1000A6A9#0D028813324A4A4A
(1779322196.740913) can0 1C00A6A9#0000000000030000
(1779322196.741909) can0 02018100#1003020D00000000
(1779322196.742907) can0 02028100#0000003264000000
(1779322196.743890) can0 02038100#0CD601100CD50101
(1779322196.744900) can0 02048100#4A01014A01010000
(1779322196.745796) can0 1AD#8814000059321818
(1779322196.746811) can0 2AD#D60C800C88140016
(1779322196.747845) can0 3AD#0000000000008814
(1779322196.748823) can0 4AD#EB00000000000000
(1779322196.749820) can0 76A#7F00000000000000
(1779322196.812443) can0 0000E005#1702440003B60591
(1779322196.813002) can0 1806E5F4#13CC010003B6023A
(1779322196.813903) can0 0000E000#13CC13CC020D0000
(1779322196.814881) can0 0000E004#181803B603B601E1
(1779322196.815865) can0 0000E006#0CD50CD50CD50CD5
(1779322196.816900) can0 0000E007#0CD50CD50CD50CD5
(1779322196.817878) can0 0000E008#0CD50CD50CD50CD5
(1779322196.818859) can0 0000E009#0CD50CD50CD50CD6
(1779322196.819923) can0 0000E010#0000000000000000
(1779322196.820925) can0 0000E011#0000000000000000
(1779322196.821904) can0 0000E012#0CD5000000000000
(1779322196.822926) can0 0000F001#0000000000000000
(1779322196.823907) can0 18FF28F4#10320000020D0000
(1779322196.824921) can0 18FE28F4#0CD60CD540400000
(1779322196.825897) can0 18FD28F4#1702FA6F00000000
(1779322196.826814) can0 4D4#000032007D0D0203
(1779322196.827795) can0 4D5#D50CD60C40400000
(1779322196.828893) can0 18914010#0CD6100CD5010000
(1779322196.829890) can0 18904010#020D020D753001FA
(1779322196.830886) can0 18FA28F4#123EA12C10270000
(1779322196.831885) can0 18FB28F4#D60CD50C40400000
(1779322196.832951) can0 18FC28F4#383200000D020000
(1779322196.833865) can0 18F810F3#0D02E80332640100
(1779322196.834920) can0 18F815F3#0000000010030000
(1779322196.835814) can0 273#000000000D023200
(1779322196.836798) can0 1E1#020D271001FA01FA
(1779322196.837828) can0 1F5#0000000000000000
(1779322196.838906) can0 0800A6A9#0000000000000000
(1779322196.839872) can0 1000A6A9#0D028813324A4A4A
(1779322196.840951) can0 1C00A6A9#0000000000030000
(1779322196.841905) can0 02018100#1003020D00000000
(1779322196.842898) can0 02028100#0000003264000000
(1779322196.843879) can0 02038100#0CD601100CD50101
(1779322196.844894) can0 02048100#4A01014A01010000
(1779322196.845795) can0 1AD#8814000059321818
(1779322196.846812) can0 2AD#D60C800C88140016
(1779322196.847822) can0 3AD#0000000000008814
(1779322196.848870) can0 4AD#EB00000000000000
(1779322196.849815) can0 76A#7F00000000000000
(1779322196.929450) can0 0000E005#1702440003B60591
(1779322196.929999) can0 1806E5F4#13CC010003B6023A
(1779322196.930903) can0 0000E000#13CC13CC020D0000
(1779322196.931882) can0 0000E004#181803B603B601E1
(1779322196.932865) can0 0000E006#0CD50CD50CD50CD5
(1779322196.933863) can0 0000E007#0CD30CD50CD50CD5
(1779322196.934865) can0 0000E008#0CD50CD50CD50CD5
(1779322196.935857) can0 0000E009#0CD50CD50CD50CD6
(1779322196.936922) can0 0000E010#0000000000000000
(1779322196.937920) can0 0000E011#0000000000000000
(1779322196.938902) can0 0000E012#0CD4000200000000
(1779322196.939870) can0 0000E013#4542323630354C43
(1779322196.940892) can0 0000E014#3134323300000000
(1779322196.941914) can0 0000E015#0000000000000003
(1779322196.942910) can0 0000F000#0000000000000000
(1779322196.943908) can0 0000F001#0000000000000000
(1779322196.944908) can0 18FF28F4#10320000020D0000
(1779322196.945876) can0 18FE28F4#0CD60CD340400000
(1779322196.946890) can0 18FD28F4#1702FA6F00000000
(1779322196.947805) can0 4D4#000032007D0D0203
(1779322196.948788) can0 4D5#D30CD60C40400000
(1779322196.949883) can0 18914010#0CD6100CD3050000
(1779322196.950879) can0 18904010#020D020D753001FA
(1779322196.951895) can0 18924010#4001400100000000
(1779322196.952893) can0 18934010#000000290000BC19
(1779322196.953908) can0 18944010#1003000000000000
(1779322196.954924) can0 18954010#0000000000000000
(1779322196.955922) can0 18954010#0100000000000000
(1779322196.956897) can0 18954010#0200000000000000
(1779322196.957901) can0 18954010#0300000000000000
(1779322196.958916) can0 18954010#0400000000000000
(1779322196.959895) can0 18954010#0500000000000000
(1779322196.960909) can0 18964010#0040404000000000
(1779322196.961908) can0 18974010#0000000000000000
(1779322196.962923) can0 18984010#0000000000000000
(1779322196.963883) can0 18FA28F4#123EA12C10270000
(1779322196.964877) can0 18FB28F4#D60CD30C40400000
(1779322196.965908) can0 18FC28F4#383200000D020000
(1779322196.966878) can0 18F810F3#0D02E80332640100
(1779322196.967892) can0 18F811F3#D60C1001D30C0501
(1779322196.968887) can0 18F812F3#4001014001010000
(1779322196.969915) can0 18F813F3#0101000000000000
(1779322196.970899) can0 18F814F3#3200EA1AA9015F00
(1779322196.971908) can0 18F815F3#0000000010030000
(1779322196.972808) can0 273#000000000D023200
(1779322196.973789) can0 1E1#020D271001FA01FA
(1779322196.974815) can0 1F5#0000000000000000
(1779322196.975898) can0 0800A6A9#0000000000000000
(1779322196.976855) can0 1000A6A9#0D028813324A4A4A
(1779322196.977890) can0 1C00A6A9#0000000000030000
(1779322196.978924) can0 02018100#1003020D00000000
(1779322196.979903) can0 02028100#0000003264000000
(1779322196.980883) can0 02038100#0CD601100CD30105
(1779322196.981884) can0 02048100#4A01014A01010000
(1779322196.982790) can0 1AD#8714000059321818
(1779322196.983782) can0 2AD#D60C800C87140016
(1779322196.984803) can0 3AD#0000000000008714
(1779322196.985814) can0 4AD#EB00000000000000
(1779322196.986847) can0 76A#7F00000000000000
(1779322197.045481) can0 0000E005#1702440003B60591
(1779322197.046051) can0 1806E5F4#13CC010003B6023A
(1779322197.046887) can0 0000E000#13CC13CC020D0000
(1779322197.047901) can0 0000E004#181803B603B601E1
(1779322197.048868) can0 0000E006#0CD50CD50CD50CD5
(1779322197.049866) can0 0000E007#0CD30CD50CD50CD5
(1779322197.050862) can0 0000E008#0CD50CD50CD50CD5
(1779322197.051863) can0 0000E009#0CD50CD50CD50CD6
(1779322197.052906) can0 0000E010#0000000000000000
(1779322197.053907) can0 0000E011#0000000000000000
(1779322197.054887) can0 0000E012#0CD4000200000000
(1779322197.055940) can0 0000F001#0000000000000000
(1779322197.056900) can0 18FF28F4#10320000020D0000
(1779322197.057882) can0 18FE28F4#0CD60CD340400000
(1779322197.058882) can0 18FD28F4#1702FA6F00000000
(1779322197.059799) can0 4D4#000032007D0D0203
(1779322197.060779) can0 4D5#D30CD60C40400000
(1779322197.061870) can0 18914010#0CD6100CD3050000
(1779322197.062874) can0 18904010#020D020D753001FA
(1779322197.063920) can0 18FA28F4#123EA12C10270000
(1779322197.064868) can0 18FB28F4#D60CD30C40400000
(1779322197.065901) can0 18FC28F4#383200000D020000
(1779322197.066868) can0 18F810F3#0D02E80332640100
(1779322197.067901) can0 18F815F3#0000000010030000
(1779322197.068798) can0 273#000000000D023200
(1779322197.069776) can0 1E1#020D271001FA01FA
(1779322197.070812) can0 1F5#0000000000000000
(1779322197.071941) can0 0800A6A9#0000000000000000
(1779322197.072855) can0 1000A6A9#0D028813324A4A4A
(1779322197.073882) can0 1C00A6A9#0000000000030000
(1779322197.074902) can0 02018100#1003020D00000000
(1779322197.075902) can0 02028100#0000003264000000
(1779322197.076881) can0 02038100#0CD601100CD30105
(1779322197.077877) can0 02048100#4A01014A01010000
(1779322197.078780) can0 1AD#8714000059321818
(1779322197.079774) can0 2AD#D60C800C87140016
(1779322197.080805) can0 3AD#0000000000008714
(1779322197.081798) can0 4AD#EB00000000000000
(1779322197.082811) can0 76A#7F00000000000000
(1779322197.145486) can0 0000E005#1702440003B60591
(1779322197.146039) can0 1806E5F4#13CC010003B6023A
(1779322197.146889) can0 0000E000#13CC13CC020D0000
(1779322197.147872) can0 0000E004#181803B603B601E1
(1779322197.148905) can0 0000E006#0CD50CD50CD50CD5
(1779322197.149866) can0 0000E007#0CD30CD50CD50CD5
(1779322197.150867) can0 0000E008#0CD50CD50CD50CD5
(1779322197.151866) can0 0000E009#0CD50CD50CD50CD6
(1779322197.152911) can0 0000E010#0000000000000000
(1779322197.153910) can0 0000E011#0000000000000000
(1779322197.154894) can0 0000E012#0CD4000200000000
(1779322197.155903) can0 0000F001#0000000000000000
(1779322197.156893) can0 18FF28F4#10320000020D0000
(1779322197.157872) can0 18FE28F4#0CD60CD340400000
(1779322197.158879) can0 18FD28F4#1702FA6F00000000
(1779322197.159802) can0 4D4#000032007D0D0203
(1779322197.160785) can0 4D5#D30CD60C40400000
(1779322197.161866) can0 18914010#0CD6100CD3050000
(1779322197.162881) can0 18904010#020D020D753001FA
(1779322197.163879) can0 18FA28F4#123EA12C10270000
(1779322197.164873) can0 18FB28F4#D60CD30C40400000
(1779322197.165891) can0 18FC28F4#383200000D020000
(1779322197.166871) can0 18F810F3#0D02E80332640100
(1779322197.167905) can0 18F815F3#0000000010030000
(1779322197.168804) can0 273#000000000D023200
(1779322197.169783) can0 1E1#020D271001FA01FA
(1779322197.170814) can0 1F5#0000000000000000
(1779322197.171898) can0 0800A6A9#0000000000000000
(1779322197.172861) can0 1000A6A9#0D028813324A4A4A
(1779322197.173891) can0 1C00A6A9#0000000000030000
(1779322197.174894) can0 02018100#1003020D00000000
(1779322197.175885) can0 02028100#0000003264000000
(1779322197.176868) can0 02038100#0CD601100CD30105
(1779322197.177879) can0 02048100#4A01014A01010000
(1779322197.178765) can0 1AD#8714000059321818
(1779322197.179777) can0 2AD#D60C800C87140016
(1779322197.180792) can0 3AD#0000000000008714
(1779322197.181802) can0 4AD#EB00000000000000
(1779322197.182803) can0 76A#7F00000000000000
(1779322197.205644) can0 00000E00#00354C4331343233
(1779322197.245428) can0 0000E005#1702440003B60591
(1779322197.245980) can0 1806E5F4#13CC010003B6023A
(1779322197.246877) can0 0000E000#13CC13CC020D0000
(1779322197.247875) can0 0000E004#181803B603B601E1
(1779322197.248858) can0 0000E006#0CD50CD50CD50CD5
(1779322197.249850) can0 0000E007#0CD50CD50CD50CD5
(1779322197.250852) can0 0000E008#0CD50CD50CD50CD5
(1779322197.251844) can0 0000E009#0CD50CD50CD50CD6
(1779322197.252896) can0 0000E010#0000000000000000
(1779322197.253892) can0 0000E011#0000000000000000
(1779322197.254878) can0 0000E012#0CD5000000000000
(1779322197.255908) can0 0000F001#0000000000000000
(1779322197.256889) can0 18FF28F4#10320000020D0000
(1779322197.257870) can0 18FE28F4#0CD60CD540400000
(1779322197.258884) can0 18FD28F4#1702FA6F00000000
(1779322197.259786) can0 4D4#000032007D0D0203
(1779322197.260781) can0 4D5#D50CD60C40400000
(1779322197.261858) can0 18914010#0CD6100CD5010000
(1779322197.262878) can0 18904010#020D020D753001FA
(1779322197.263876) can0 18FA28F4#123EA12C10270000
(1779322197.264858) can0 18FB28F4#D60CD50C40400000
(1779322197.265880) can0 18FC28F4#383200000D020000
(1779322197.266852) can0 18F810F3#0D02E80332640100
(1779322197.267883) can0 18F815F3#0000000010030000
(1779322197.268789) can0 273#000000000D023200
(1779322197.269768) can0 1E1#020D271001FA01FA
(1779322197.270814) can0 1F5#0000000000000000
(1779322197.271896) can0 0800A6A9#0000000000000000
(1779322197.272846) can0 1000A6A9#0D028813324A4A4A
(1779322197.273866) can0 1C00A6A9#0000000000030000
(1779322197.274892) can0 02018100#1003020D00000000
(1779322197.275890) can0 02028100#0000003264000000
(1779322197.276872) can0 02038100#0CD601100CD50101
(1779322197.277863) can0 02048100#4A01014A01010000
(1779322197.278802) can0 1AD#8814000059321818
(1779322197.279781) can0 2AD#D60C800C88140016
(1779322197.280802) can0 3AD#0000000000008814
(1779322197.281794) can0 4AD#EB00000000000000
(1779322197.282796) can0 76A#7F00000000000000
(1779322197.345468) can0 0000E005#1702440003B60591
(1779322197.346023) can0 1806E5F4#13CC010003B6023A
(1779322197.346869) can0 0000E000#13CC13CC020D0000
(1779322197.347887) can0 0000E004#181803B603B601E1
(1779322197.348854) can0 0000E006#0CD50CD50CD50CD5
(1779322197.349849) can0 0000E007#0CD50CD50CD50CD5
(1779322197.350847) can0 0000E008#0CD50CD50CD50CD5
(1779322197.351849) can0 0000E009#0CD50CD50CD50CD6
(1779322197.352893) can0 0000E010#0000000000000000
(1779322197.353894) can0 0000E011#0000000000000000
(1779322197.354874) can0 0000E012#0CD5000000000000
(1779322197.355926) can0 0000F001#0000000000000000
(1779322197.356887) can0 18FF28F4#10320000020D0000
(1779322197.357856) can0 18FE28F4#0CD60CD540400000
(1779322197.358863) can0 18FD28F4#1702FA6F00000000
(1779322197.359786) can0 4D4#000032007D0D0203
(1779322197.360765) can0 4D5#D50CD60C40400000
(1779322197.361862) can0 18914010#0CD6100CD5010000
(1779322197.362858) can0 18904010#020D020D753001FA
(1779322197.363907) can0 18FA28F4#123EA12C10270000
(1779322197.364855) can0 18FB28F4#D60CD50C40400000
(1779322197.365889) can0 18FC28F4#383200000D020000
(1779322197.366855) can0 18F810F3#0D02E80332640100
(1779322197.367888) can0 18F815F3#0000000010030000
(1779322197.368785) can0 273#000000000D023200
(1779322197.369767) can0 1E1#020D271001FA01FA
(1779322197.370794) can0 1F5#0000000000000000
(1779322197.371927) can0 0800A6A9#0000000000000000
(1779322197.372842) can0 1000A6A9#0D028813324A4A4A
(1779322197.373875) can0 1C00A6A9#0000000000030000
(1779322197.374886) can0 02018100#1003020D00000000
(1779322197.375889) can0 02028100#0000003264000000
(1779322197.376868) can0 02038100#0CD601100CD50101
(1779322197.377863) can0 02048100#4A01014A01010000
(1779322197.378766) can0 1AD#8814000059321818
(1779322197.379825) can0 2AD#D60C800C88140016
(1779322197.380791) can0 3AD#0000000000008814
(1779322197.381787) can0 4AD#EB00000000000000
(1779322197.382796) can0 76A#7F00000000000000
(1779322197.462470) can0 0000E005#1702440003B60591
(1779322197.463014) can0 1806E5F4#13CC010003B6023A
(1779322197.463869) can0 0000E000#13CC13CC020D0000
(1779322197.464861) can0 0000E004#181803B603B601E1
(1779322197.465849) can0 0000E006#0CD50CD50CD50CD5
(1779322197.466847) can0 0000E007#0CD50CD50CD50CD5
(1779322197.467842) can0 0000E008#0CD50CD50CD50CD5
(1779322197.468840) can0 0000E009#0CD50CD50CD50CD6
(1779322197.469886) can0 0000E010#0000000000000000
(1779322197.470885) can0 0000E011#0000000000000000
(1779322197.471867) can0 0000E012#0CD5000000000000
(1779322197.472844) can0 0000E013#4542323630354C43
(1779322197.473868) can0 0000E014#3134323300000000
(1779322197.474879) can0 0000E015#0000000000000003
(1779322197.475893) can0 0000F000#0000000000000000
(1779322197.476890) can0 0000F001#0000000000000000
(1779322197.477874) can0 18FF28F4#10320000020D0000
(1779322197.478854) can0 18FE28F4#0CD60CD540400000
(1779322197.479868) can0 18FD28F4#1702FA6F00000000
(1779322197.480783) can0 4D4#000032007D0D0203
(1779322197.481772) can0 4D5#D50CD60C40400000
(1779322197.482860) can0 18914010#0CD6100CD5010000
(1779322197.483862) can0 18904010#020D020D753001FA
(1779322197.484867) can0 18924010#4001400100000000
(1779322197.485874) can0 18934010#0000002A0000BC19
(1779322197.486874) can0 18944010#1003000000000000
(1779322197.487887) can0 18954010#0000000000000000
(1779322197.488895) can0 18954010#0100000000000000
(1779322197.489887) can0 18954010#0200000000000000
(1779322197.490880) can0 18954010#0300000000000000
(1779322197.491881) can0 18954010#0400000000000000
(1779322197.492879) can0 18954010#0500000000000000
(1779322197.493894) can0 18964010#0040404000000000
(1779322197.494886) can0 18974010#0000000000000000
(1779322197.495887) can0 18984010#0000000000000000
(1779322197.496844) can0 18FA28F4#123EA12C10270000
(1779322197.497849) can0 18FB28F4#D60CD50C40400000
(1779322197.498874) can0 18FC28F4#383200000D020000
(1779322197.499855) can0 18F810F3#0D02E80332640100
(1779322197.500845) can0 18F811F3#D60C1001D50C0101
(1779322197.501881) can0 18F812F3#4001014001010000
(1779322197.502880) can0 18F813F3#0101000000000000
(1779322197.503862) can0 18F814F3#3200EA1AA9015F00
(1779322197.504873) can0 18F815F3#0000000010030000
(1779322197.505773) can0 273#000000000D023200
(1779322197.506772) can0 1E1#020D271001FA01FA
(1779322197.507799) can0 1F5#0000000000000000
(1779322197.508876) can0 0800A6A9#0000000000000000
(1779322197.509875) can0 1000A6A9#0D028813324A4A4A
(1779322197.510874) can0 1C00A6A9#0000000000030000
(1779322197.511875) can0 02018100#1003020D00000000
(1779322197.512880) can0 02028100#0000003264000000
(1779322197.513856) can0 02038100#0CD601100CD50101
(1779322197.514868) can0 02048100#4A01014A01010000
(1779322197.515766) can0 1AD#8814000059321818
(1779322197.516765) can0 2AD#D60C800C88140016
(1779322197.517812) can0 3AD#0000000000008814
(1779322197.518792) can0 4AD#EB00000000000000
(1779322197.519793) can0 76A#7F00000000000000
(1779322197.578450) can0 0000E005#1702440003B60591
(1779322197.579024) can0 1806E5F4#13CC010003B6023A
(1779322197.579857) can0 0000E000#13CC13CC020D0000
(1779322197.580859) can0 0000E004#181803B603B601E1
(1779322197.581832) can0 0000E006#0CD50CD50CD50CD5
(1779322197.582841) can0 0000E007#0CD50CD50CD50CD5
(1779322197.583831) can0 0000E008#0CD50CD50CD50CD5
(1779322197.584833) can0 0000E009#0CD50CD50CD50CD6
(1779322197.585895) can0 0000E010#0000000000000000
(1779322197.586910) can0 0000E011#0000000000000000
(1779322197.587876) can0 0000E012#0CD5000000000000
(1779322197.588890) can0 0000F001#0000000000000000
(1779322197.589871) can0 18FF28F4#10320000020D0000
(1779322197.590853) can0 18FE28F4#0CD60CD540400000
(1779322197.591871) can0 18FD28F4#1702FA6F00000000
(1779322197.592770) can0 4D4#000032007D0D0203
(1779322197.593759) can0 4D5#D50CD60C40400000
(1779322197.594898) can0 18914010#0CD6100CD5010000
(1779322197.595858) can0 18904010#020D020D753001FA
(1779322197.596859) can0 18FA28F4#123EA12C10270000
(1779322197.597839) can0 18FB28F4#D60CD50C40400000
(1779322197.598873) can0 18FC28F4#383200000D020000
(1779322197.599839) can0 18F810F3#0D02E80332640100
(1779322197.600885) can0 18F815F3#0000000010030000
(1779322197.601780) can0 273#000000000D023200
(1779322197.602802) can0 1E1#020D271001FA01FA
(1779322197.603795) can0 1F5#0000000000000000
(1779322197.604879) can0 0800A6A9#0000000000000000
(1779322197.605834) can0 1000A6A9#0D028813324A4A4A
(1779322197.606873) can0 1C00A6A9#0000000000030000
(1779322197.607871) can0 02018100#1003020D00000000
(1779322197.608886) can0 02028100#0000003264000000
(1779322197.609852) can0 02038100#0CD601100CD50101
(1779322197.610911) can0 02048100#4A01014A01010000
(1779322197.611763) can0 1AD#8814000059321818
(1779322197.612776) can0 2AD#D60C800C88140016
(1779322197.613780) can0 3AD#0000000000008814
(1779322197.614784) can0 4AD#EB00000000000000
(1779322197.615783) can0 76A#7F00000000000000
(1779322197.678418) can0 0000E005#1702440003B60591
(1779322197.678963) can0 1806E5F4#13CC010003B6023A
(1779322197.679901) can0 0000E000#13CC13CC020D0000
(1779322197.680858) can0 0000E004#181803B603B601E1
(1779322197.681838) can0 0000E006#0CD50CD50CD50CD5
(1779322197.682836) can0 0000E007#0CD50CD50CD50CD5
(1779322197.683831) can0 0000E008#0CD50CD50CD50CD5
(1779322197.684829) can0 0000E009#0CD50CD50CD50CD6
(1779322197.685876) can0 0000E010#0000000000000000
(1779322197.686867) can0 0000E011#0000000000000000
(1779322197.687909) can0 0000E012#0CD5000000000000
(1779322197.688888) can0 0000F001#0000000000000000
(1779322197.689870) can0 18FF28F4#10320000020D0000
(1779322197.690845) can0 18FE28F4#0CD60CD540400000
(1779322197.691863) can0 18FD28F4#1702FA6F00000000
(1779322197.692767) can0 4D4#000032007D0D0203
(1779322197.693767) can0 4D5#D50CD60C40400000
(1779322197.694843) can0 18914010#0CD6100CD5010000
(1779322197.695844) can0 18904010#020D020D753001FA
(1779322197.696855) can0 18FA28F4#123EA12C10270000
(1779322197.697838) can0 18FB28F4#D60CD50C40400000
(1779322197.698861) can0 18FC28F4#383200000D020000
(1779322197.699838) can0 18F810F3#0D02E80332640100
(1779322197.700881) can0 18F815F3#0000000010030000
(1779322197.701768) can0 273#000000000D023200
(1779322197.702757) can0 1E1#020D271001FA01FA
(1779322197.703780) can0 1F5#0000000000000000
(1779322197.704875) can0 0800A6A9#0000000000000000
(1779322197.705825) can0 1000A6A9#0D028813324A4A4A
(1779322197.706856) can0 1C00A6A9#0000000000030000
(1779322197.707870) can0 02018100#1003020D00000000
(1779322197.708868) can0 02028100#0000003264000000
(1779322197.709851) can0 02038100#0CD601100CD50101
(1779322197.710854) can0 02048100#4A01014A01010000
(1779322197.711761) can0 1AD#8814000059321818
(1779322197.712753) can0 2AD#D60C800C88140016
(1779322197.713767) can0 3AD#0000000000008814
(1779322197.714777) can0 4AD#EB00000000000000
(1779322197.715781) can0 76A#7F00000000000000
(1779322197.778408) can0 0000E005#1702440003B60591
(1779322197.778952) can0 1806E5F4#13CC010003B6023A
(1779322197.779853) can0 0000E000#13CC13CC020D0000
(1779322197.780848) can0 0000E004#181803B603B601E1
(1779322197.781834) can0 0000E006#0CD50CD50CD50CD5
(1779322197.782830) can0 0000E007#0CD50CD50CD50CD5
(1779322197.783826) can0 0000E008#0CD50CD50CD50CD5
(1779322197.784829) can0 0000E009#0CD50CD50CD50CD6
(1779322197.785872) can0 0000E010#0000000000000000
(1779322197.786874) can0 0000E011#0000000000000000
(1779322197.787852) can0 0000E012#0CD5000000000000
(1779322197.788888) can0 0000F001#0000000000000000
(1779322197.789867) can0 18FF28F4#10320000020D0000
(1779322197.790849) can0 18FE28F4#0CD60CD540400000
(1779322197.791847) can0 18FD28F4#1702FA6F00000000
(1779322197.792766) can0 4D4#000032007D0D0203
(1779322197.793764) can0 4D5#D50CD60C40400000
(1779322197.794843) can0 18914010#0CD6100CD5010000
(1779322197.795835) can0 18904010#020D020D753001FA
(1779322197.796855) can0 18FA28F4#123EA12C10270000
(1779322197.797834) can0 18FB28F4#D60CD50C40400000
(1779322197.798869) can0 18FC28F4#383200000D020000
(1779322197.799827) can0 18F810F3#0D02E80332640100
(1779322197.800862) can0 18F815F3#0000000010030000
(1779322197.801777) can0 273#000000000D023200
(1779322197.802767) can0 1E1#020D271001FA01FA
(1779322197.803777) can0 1F5#0000000000000000
(1779322197.804875) can0 0800A6A9#0000000000000000
(1779322197.805822) can0 1000A6A9#0D028813324A4A4A
(1779322197.806856) can0 1C00A6A9#0000000000030000
(1779322197.807865) can0 02018100#1003020D00000000
(1779322197.808868) can0 02028100#0000003264000000
(1779322197.809860) can0 02038100#0CD601100CD50101
(1779322197.810843) can0 02048100#4A01014A01010000
(1779322197.811739) can0 1AD#8814000059321818
(1779322197.812760) can0 2AD#D60C800C88140016
(1779322197.813772) can0 3AD#0000000000008814
(1779322197.814786) can0 4AD#EB00000000000000
(1779322197.815777) can0 76A#7F00000000000000
(1779322197.878447) can0 0000E005#1702440003B60591
(1779322197.878999) can0 1806E5F4#13CC010003B6023A
(1779322197.879852) can0 0000E000#13CC13CC020D0000
(1779322197.880853) can0 0000E004#181803B603B601E1
(1779322197.881814) can0 0000E006#0CD50CD50CD50CD5
(1779322197.882832) can0 0000E007#0CD50CD50CD50CD5
(1779322197.883824) can0 0000E008#0CD50CD50CD50CD5
(1779322197.884825) can0 0000E009#0CD50CD50CD50CD6
(1779322197.885872) can0 0000E010#0000000000000000
(1779322197.886890) can0 0000E011#0000000000000000
(1779322197.887852) can0 0000E012#0CD5000000000000
(1779322197.888871) can0 0000F001#0000000000000000
(1779322197.889865) can0 18FF28F4#10320000020D0000
(1779322197.890833) can0 18FE28F4#0CD60CD540400000
(1779322197.891840) can0 18FD28F4#1702FA6F00000000
(1779322197.892763) can0 4D4#000032007D0D0203
(1779322197.893744) can0 4D5#D50CD60C40400000
(1779322197.894871) can0 18914010#0CD6100CD5010000
(1779322197.895835) can0 18904010#020D020D753001FA
(1779322197.896839) can0 18FA28F4#123EA12C10270000
(1779322197.897840) can0 18FB28F4#D60CD50C40400000
(1779322197.898865) can0 18FC28F4#383200000D020000
(1779322197.899834) can0 18F810F3#0D02E80332640100
(1779322197.900865) can0 18F815F3#0000000010030000
(1779322197.901763) can0 273#000000000D023200
(1779322197.902795) can0 1E1#020D271001FA01FA
(1779322197.903771) can0 1F5#0000000000000000
(1779322197.904858) can0 0800A6A9#0000000000000000
(1779322197.905821) can0 1000A6A9#0D028813324A4A4A
(1779322197.906853) can0 1C00A6A9#0000000000030000
(1779322197.907864) can0 02018100#1003020D00000000
(1779322197.908864) can0 02028100#0000003264000000
(1779322197.909847) can0 02038100#0CD601100CD50101
(1779322197.910890) can0 02048100#4A01014A01010000
(1779322197.911745) can0 1AD#8814000059321818
(1779322197.912756) can0 2AD#D60C800C88140016
(1779322197.913771) can0 3AD#0000000000008814
(1779322197.914763) can0 4AD#EB00000000000000
(1779322197.915757) can0 76A#7F00000000000000
(1779322197.995445) can0 0000E005#1702440003B60591
(1779322197.996003) can0 1806E5F4#13CC010003B6023A
(1779322197.996850) can0 0000E000#13CC13CC020D0000
(1779322197.997840) can0 0000E004#181803B603B601E1
(1779322197.998831) can0 0000E006#0CD50CD50CD50CD5
(1779322197.999826) can0 0000E007#0CD50CD30CD50CD5
(1779322198.000824) can0 0000E008#0CD50CD50CD50CD3
(1779322198.001825) can0 0000E009#0CD50CD50CD50CD6
(1779322198.002869) can0 0000E010#0000000000000000
(1779322198.003870) can0 0000E011#0000000000000000
(1779322198.004850) can0 0000E012#0CD4000200000000
(1779322198.005815) can0 0000E013#4542323630354C43
(1779322198.006844) can0 0000E014#3134323300000000
(1779322198.007864) can0 0000E015#0000000000000003
(1779322198.008875) can0 0000F000#0000000000000000
(1779322198.009867) can0 0000F001#0000000000000000
(1779322198.010857) can0 18FF28F4#10320000020D0000
(1779322198.011838) can0 18FE28F4#0CD60CD340400000
(1779322198.012851) can0 18FD28F4#1702FA6F00000000
(1779322198.013756) can0 4D4#000032007D0D0203
(1779322198.014749) can0 4D5#D30CD60C40400000
(1779322198.015832) can0 18914010#0CD6100CD3060000
(1779322198.016825) can0 18904010#020D020D753001FA
(1779322198.017853) can0 18924010#4001400100000000
(1779322198.018838) can0 18934010#0000002B0000BC19
(1779322198.019858) can0 18944010#1003000000000000
(1779322198.020869) can0 18954010#0000000000000000
(1779322198.021865) can0 18954010#0100000000000000
(1779322198.022863) can0 18954010#0200000000000000
(1779322198.023864) can0 18954010#0300000000000000
(1779322198.024863) can0 18954010#0400000000000000
(1779322198.025858) can0 18954010#0500000000000000
(1779322198.026857) can0 18964010#0040404000000000
(1779322198.027872) can0 18974010#0000000000000000
(1779322198.028863) can0 18984010#0000000000000000
(1779322198.029830) can0 18FA28F4#123EA12C10270000
(1779322198.030826) can0 18FB28F4#D60CD30C40400000
(1779322198.031859) can0 18FC28F4#383200000D020000
(1779322198.032839) can0 18F810F3#0D02E80332640100
(1779322198.033830) can0 18F811F3#D60C1001D30C0601
(1779322198.034846) can0 18F812F3#4001014001010000
(1779322198.035859) can0 18F813F3#0101000000000000
(1779322198.036839) can0 18F814F3#3200EA1AA9015F00
(1779322198.037854) can0 18F815F3#0000000010030000
(1779322198.038756) can0 273#000000000D023200
(1779322198.039750) can0 1E1#020D271001FA01FA
(1779322198.040793) can0 1F5#0000000000000000
(1779322198.041853) can0 0800A6A9#0000000000000000
(1779322198.042826) can0 1000A6A9#0D028813324A4A4A
(1779322198.043853) can0 1C00A6A9#0000000000030000
(1779322198.044851) can0 02018100#1003020D00000000
(1779322198.045850) can0 02028100#0000003264000000
(1779322198.046834) can0 02038100#0CD601100CD30106
(1779322198.047847) can0 02048100#4A01014A01010000
(1779322198.048762) can0 1AD#8714000059321818
(1779322198.049744) can0 2AD#D60C800C87140016
(1779322198.050762) can0 3AD#0000000000008714
(1779322198.051776) can0 4AD#EB00000000000000
(1779322198.052768) can0 76A#7F00000000000000
(1779322198.111421) can0 0000E005#1702440003B60591
(1779322198.111950) can0 1806E5F4#13CC010003B6023A
(1779322198.112837) can0 0000E000#13CC13CC020D0000
(1779322198.113835) can0 0000E004#181803B603B601E1
(1779322198.114818) can0 0000E006#0CD50CD50CD50CD5
(1779322198.115816) can0 0000E007#0CD50CD30CD50CD5
(1779322198.116818) can0 0000E008#0CD50CD50CD50CD3
(1779322198.117847) can0 0000E009#0CD50CD50CD50CD6
(1779322198.118862) can0 0000E010#0000000000000000
(1779322198.119861) can0 0000E011#0000000000000000
(1779322198.120843) can0 0000E012#0CD4000200000000
(1779322198.121874) can0 0000F001#0000000000000000
(1779322198.122850) can0 18FF28F4#10320000020D0000
(1779322198.123835) can0 18FE28F4#0CD60CD340400000
(1779322198.124837) can0 18FD28F4#1702FA6F00000000
(1779322198.125785) can0 4D4#000032007D0D0203
(1779322198.126731) can0 4D5#D30CD60C40400000
(1779322198.127829) can0 18914010#0CD6100CD3060000
(1779322198.128824) can0 18904010#020D020D753001FA
(1779322198.129842) can0 18FA28F4#123EA12C10270000
(1779322198.130825) can0 18FB28F4#D60CD30C40400000
(1779322198.131855) can0 18FC28F4#383200000D020000
(1779322198.132817) can0 18F810F3#0D02E80332640100
(1779322198.133899) can0 18F815F3#0000000010030000
(1779322198.134750) can0 273#000000000D023200
(1779322198.135734) can0 1E1#020D271001FA01FA
(1779322198.136767) can0 1F5#0000000000000000
(1779322198.137844) can0 0800A6A9#0000000000000000
(1779322198.138806) can0 1000A6A9#0D028813324A4A4A
(1779322198.139843) can0 1C00A6A9#0000000000030000
(1779322198.140856) can0 02018100#1003020D00000000
(1779322198.141900) can0 02028100#0000003264000000
(1779322198.142838) can0 02038100#0CD601100CD30106
(1779322198.143830) can0 02048100#4A01014A01010000
(1779322198.144729) can0 1AD#8714000059321818
(1779322198.145728) can0 2AD#D60C800C87140016
(1779322198.146751) can0 3AD#0000000000008714
(1779322198.147754) can0 4AD#EB00000000000000
(1779322198.148755) can0 76A#7F00000000000000
(1779322198.211424) can0 0000E005#1702440003B60591
(1779322198.211952) can0 1806E5F4#13CC010003B6023A
(1779322198.212839) can0 0000E000#13CC13CC020D0000
(1779322198.213834) can0 0000E004#181803B603B601E1
(1779322198.214801) can0 0000E006#0CD50CD50CD50CD5
(1779322198.215815) can0 0000E007#0CD50CD30CD50CD5
(1779322198.216813) can0 0000E008#0CD50CD50CD50CD3
(1779322198.217815) can0 0000E009#0CD50CD50CD50CD6
(1779322198.218911) can0 0000E010#0000000000000000
(1779322198.219853) can0 0000E011#0000000000000000
(1779322198.220840) can0 0000E012#0CD4000200000000
(1779322198.221854) can0 0000F001#0000000000000000
(1779322198.222834) can0 18FF28F4#10320000020D0000
(1779322198.223816) can0 18FE28F4#0CD60CD340400000
(1779322198.224834) can0 18FD28F4#1702FA6F00000000
(1779322198.225752) can0 4D4#000032007D0D0203
(1779322198.226731) can0 4D5#D30CD60C40400000
(1779322198.227828) can0 18914010#0CD6100CD3060000
(1779322198.228827) can0 18904010#020D020D753001FA
(1779322198.229841) can0 18FA28F4#123EA12C10270000
(1779322198.230821) can0 18FB28F4#D60CD30C40400000
(1779322198.231846) can0 18FC28F4#383200000D020000
(1779322198.232814) can0 18F810F3#0D02E80332640100
(1779322198.233847) can0 18F815F3#0000000010030000
(1779322198.234751) can0 273#000000000D023200
(1779322198.235727) can0 1E1#020D271001FA01FA
(1779322198.236764) can0 1F5#0000000000000000
(1779322198.237842) can0 0800A6A9#0000000000000000
(1779322198.238810) can0 1000A6A9#0D028813324A4A4A
(1779322198.239836) can0 1C00A6A9#0000000000030000
(1779322198.240853) can0 02018100#1003020D00000000
(1779322198.241848) can0 02028100#0000003264000000
(1779322198.242834) can0 02038100#0CD601100CD30106
(1779322198.243824) can0 02048100#4A01014A01010000
(1779322198.244726) can0 1AD#8714000059321818
(1779322198.245728) can0 2AD#D60C800C87140016
(1779322198.246752) can0 3AD#0000000000008714
(1779322198.247747) can0 4AD#EB00000000000000
(1779322198.248744) can0 76A#7F00000000000000
(1779322198.311500) can0 0000E005#1702440003B60591
(1779322198.312055) can0 1806E5F4#13CC010003B6023A
(1779322198.312832) can0 0000E000#13CC13CC020DFFE2
(1779322198.313830) can0 0000E004#181803B603B601E1
(1779322198.314826) can0 0000E006#0CD20CD20CD20CD0
(1779322198.315825) can0 0000E007#0CD00CD00CD20CD0
(1779322198.316819) can0 0000E008#0CD00CD00CD00CD2
(1779322198.317805) can0 0000E009#0CD20CD20CD20CD3
(1779322198.318851) can0 0000E010#0000000000000000
(1779322198.319850) can0 0000E011#0000000000000000
(1779322198.320830) can0 0000E012#0CD1000300000000
(1779322198.321863) can0 0000F001#0000000000000000
(1779322198.322845) can0 18FF28F4#10320000020D0000
(1779322198.323824) can0 18FE28F4#0CD30CD040400000
(1779322198.324826) can0 18FD28F4#1702FA6F00000000
(1779322198.325743) can0 4D4#000032E17C0D0203
(1779322198.326724) can0 4D5#D00CD30C40400000
(1779322198.327818) can0 18914010#0CD3100CD0040000
(1779322198.328812) can0 18904010#020D020D751101FA
(1779322198.329819) can0 18FA28F4#123EA12CF1260000
(1779322198.330814) can0 18FB28F4#D30CD00C40400000
(1779322198.331844) can0 18FC28F4#383200000D020000
(1779322198.332827) can0 18F810F3#0D02060432640100
(1779322198.333845) can0 18F815F3#0000000010030000
(1779322198.334744) can0 273#000000000D023200
(1779322198.335722) can0 1E1#020D26F101FA01FA
(1779322198.336756) can0 1F5#0000000000000000
(1779322198.337851) can0 0800A6A9#0000000000000000
(1779322198.338801) can0 1000A6A9#0D026913324A4A4A
(1779322198.339832) can0 1C00A6A9#0000000000030000
(1779322198.340859) can0 02018100#1003020D00000000
(1779322198.341825) can0 02028100#001E023264000000
(1779322198.342828) can0 02038100#0CD301100CD00104
(1779322198.343818) can0 02048100#4A01014A01010000
(1779322198.344716) can0 1AD#82141E0059321818
(1779322198.345717) can0 2AD#D30C800C82140016
(1779322198.346750) can0 3AD#0000000000008214
(1779322198.347742) can0 4AD#EB00000000000000
(1779322198.348776) can0 76A#7F00000000000000
(1779322198.411446) can0 0000E005#1702440003B60591
(1779322198.412004) can0 1806E5F4#13CC010003B6023A
(1779322198.412821) can0 0000E000#13CC13CC020DFFE2
(1779322198.413823) can0 0000E004#181803B603B601E1
(1779322198.414823) can0 0000E006#0CD20CD20CD20CD0
(1779322198.415823) can0 0000E007#0CD00CD00CD20CD0
(1779322198.416815) can0 0000E008#0CD00CD00CD00CD2
(1779322198.417831) can0 0000E009#0CD20CD20CD20CD3
(1779322198.418848) can0 0000E010#0000000000000000
(1779322198.419842) can0 0000E011#0000000000000000
(1779322198.420828) can0 0000E012#0CD1000300000000
(1779322198.421861) can0 0000F001#0000000000000000
(1779322198.422842) can0 18FF28F4#10320000020D0000
(1779322198.423824) can0 18FE28F4#0CD30CD040400000
(1779322198.424835) can0 18FD28F4#1702FA6F00000000
(1779322198.425770) can0 4D4#000032E17C0D0203
(1779322198.426720) can0 4D5#D00CD30C40400000
(1779322198.427817) can0 18914010#0CD3100CD0040000
(1779322198.428815) can0 18904010#020D020D751101FA
(1779322198.429811) can0 18FA28F4#123EA12CF1260000
(1779322198.430810) can0 18FB28F4#D30CD00C40400000
(1779322198.431843) can0 18FC28F4#383200000D020000
(1779322198.432822) can0 18F810F3#0D02060432640100
(1779322198.433869) can0 18F815F3#0000000010030000
(1779322198.434740) can0 273#000000000D023200
(1779322198.435741) can0 1E1#020D26F101FA01FA
(1779322198.436752) can0 1F5#0000000000000000
(1779322198.437846) can0 0800A6A9#0000000000000000
(1779322198.438797) can0 1000A6A9#0D026913324A4A4A
(1779322198.439830) can0 1C00A6A9#0000000000030000
(1779322198.440843) can0 02018100#1003020D00000000
(1779322198.441870) can0 02028100#001E023264000000
(1779322198.442823) can0 02038100#0CD301100CD00104
(1779322198.443818) can0 02048100#4A01014A01010000
(1779322198.444715) can0 1AD#82141E0059321818
(1779322198.445716) can0 2AD#D30C800C82140016
(1779322198.446747) can0 3AD#0000000000008214
(1779322198.447741) can0 4AD#EB00000000000000
(1779322198.448753) can0 76A#7F00000000000000
(1779322198.528440) can0 0000E005#1702440003B60591
(1779322198.528993) can0 1806E5F4#13CC010003B6023A
(1779322198.529815) can0 0000E000#13CC13CC020CFFB1
(1779322198.530808) can0 0000E004#181803B603B601E1
(1779322198.531790) can0 0000E006#0CCF0CCF0CCE0CCE
(1779322198.532807) can0 0000E007#0CCF0CCE0CCE0CCE
(1779322198.533802) can0 0000E008#0CCE0CCE0CCE0CCE
(1779322198.534801) can0 0000E009#0CCC0CCE0CCC0CCF
(1779322198.535847) can0 0000E010#0000000000000000
(1779322198.536846) can0 0000E011#0000000000000000
(1779322198.537828) can0 0000E012#0CCE000200000000
(1779322198.538789) can0 0000E013#4542323630354C43
(1779322198.539828) can0 0000E014#3134323300000000
(1779322198.540839) can0 0000E015#0000000000000003
(1779322198.541851) can0 0000F000#0000000000000000
(1779322198.542848) can0 0000F001#0000000000000000
(1779322198.543826) can0 18FF28F4#10320000020C0000
(1779322198.544806) can0 18FE28F4#0CCF0CCC40400000
(1779322198.545818) can0 18FD28F4#1702FA6F00000000
(1779322198.546736) can0 4D4#000032B07C0C0203
(1779322198.547715) can0 4D5#CC0CCF0C40400000
(1779322198.548811) can0 18914010#0CCF010CCC0D0000
(1779322198.549812) can0 18904010#020C020C74E001FA
(1779322198.550825) can0 18924010#4001400100000000
(1779322198.551824) can0 18934010#0000002C0000BC19
(1779322198.552836) can0 18944010#1003000000000000
(1779322198.553856) can0 18954010#0000000000000000
(1779322198.554850) can0 18954010#0100000000000000
(1779322198.555850) can0 18954010#0200000000000000
(1779322198.556850) can0 18954010#0300000000000000
(1779322198.557849) can0 18954010#0400000000000000
(1779322198.558832) can0 18954010#0500000000000000
(1779322198.559844) can0 18964010#0040404000000000
(1779322198.560838) can0 18974010#0000000000000000
(1779322198.561838) can0 18984010#0000000000000000
(1779322198.562816) can0 18FA28F4#123EA12CC0260000
(1779322198.563812) can0 18FB28F4#CF0CCC0C40400000
(1779322198.564831) can0 18FC28F4#383200000C020000
(1779322198.565812) can0 18F810F3#0C02370432640100
(1779322198.566801) can0 18F811F3#CF0C0101CC0C0D01
(1779322198.567819) can0 18F812F3#4001014001010000
(1779322198.568831) can0 18F813F3#0101000000000000
(1779322198.569812) can0 18F814F3#3200EA1AA9015F00
(1779322198.570826) can0 18F815F3#0000000010030000
(1779322198.571761) can0 273#000000000C023200
(1779322198.572723) can0 1E1#020C26C001FA01FA
(1779322198.573754) can0 1F5#0000000000000000
(1779322198.574824) can0 0800A6A9#0000000000000000
(1779322198.575799) can0 1000A6A9#0C023813324A4A4A
(1779322198.576825) can0 1C00A6A9#0000000000030000
(1779322198.577845) can0 02018100#1003020C00000000
(1779322198.578820) can0 02028100#004F023264000000
(1779322198.579838) can0 02038100#0CCF01010CCC010D
(1779322198.580818) can0 02048100#4A01014A01010000
(1779322198.581704) can0 1AD#7D144F0059321818
(1779322198.582723) can0 2AD#CF0C800C7D140016
(1779322198.583749) can0 3AD#0000000000007D14
(1779322198.584749) can0 4AD#EB00000000000000
(1779322198.585749) can0 76A#7F00000000000000
(1779322198.644463) can0 0000E005#1702440003B60591
(1779322198.645003) can0 1806E5F4#13CC010003B6023A
(1779322198.645856) can0 0000E000#13CC13CC020CFFB1
(1779322198.646821) can0 0000E004#181803B603B601E1
(1779322198.647811) can0 0000E006#0CCF0CCF0CCE0CCE
(1779322198.648833) can0 0000E007#0CCF0CCE0CCE0CCE
(1779322198.649809) can0 0000E008#0CCE0CCE0CCE0CCE
(1779322198.650810) can0 0000E009#0CCC0CCE0CCC0CCF
(1779322198.651848) can0 0000E010#0000000000000000
(1779322198.652846) can0 0000E011#0000000000000000
(1779322198.653829) can0 0000E012#0CCE000200000000
(1779322198.654841) can0 0000F001#0000000000000000
(1779322198.655819) can0 18FF28F4#10320000020C0000
(1779322198.656842) can0 18FE28F4#0CCF0CCC40400000
(1779322198.657823) can0 18FD28F4#1702FA6F00000000
(1779322198.658766) can0 4D4#000032B07C0C0203
(1779322198.659732) can0 4D5#CC0CCF0C40400000
(1779322198.660813) can0 18914010#0CCF010CCC0D0000
(1779322198.661846) can0 18904010#020C020C74E001FA
(1779322198.662819) can0 18FA28F4#123EA12CC0260000
(1779322198.663796) can0 18FB28F4#CF0CCC0C40400000
(1779322198.664861) can0 18FC28F4#383200000C020000
(1779322198.665792) can0 18F810F3#0C02370432640100
(1779322198.666843) can0 18F815F3#0000000010030000
(1779322198.667720) can0 273#000000000C023200
(1779322198.668720) can0 1E1#020C26C001FA01FA
(1779322198.669752) can0 1F5#0000000000000000
(1779322198.670830) can0 0800A6A9#0000000000000000
(1779322198.671799) can0 1000A6A9#0C023813324A4A4A
(1779322198.672861) can0 1C00A6A9#0000000000030000
(1779322198.673843) can0 02018100#1003020C00000000
(1779322198.674823) can0 02028100#004F023264000000
(1779322198.675803) can0 02038100#0CCF01010CCC010D
(1779322198.676823) can0 02048100#4A01014A01010000
(1779322198.677703) can0 1AD#7D144F0059321818
(1779322198.678715) can0 2AD#CF0C800C7D140016
(1779322198.679744) can0 3AD#0000000000007D14
(1779322198.680790) can0 4AD#EB00000000000000
(1779322198.681740) can0 76A#7F00000000000000
(1779322198.744481) can0 0000E005#1702440003B60591
(1779322198.745030) can0 1806E5F4#13CC010003B6023A
(1779322198.745801) can0 0000E000#13CC13CC020CFFB1
(1779322198.746800) can0 0000E004#181803B603B601E1
(1779322198.747800) can0 0000E006#0CCF0CCF0CCE0CCE
(1779322198.748800) can0 0000E007#0CCF0CCE0CCE0CCE
(1779322198.749845) can0 0000E008#0CCE0CCE0CCE0CCE
(1779322198.750795) can0 0000E009#0CCC0CCE0CCC0CCF
(1779322198.751839) can0 0000E010#0000000000000000
(1779322198.752831) can0 0000E011#0000000000000000
(1779322198.753819) can0 0000E012#0CCE000200000000
(1779322198.754833) can0 0000F001#0000000000000000
(1779322198.755819) can0 18FF28F4#10320000020C0000
(1779322198.756793) can0 18FE28F4#0CCF0CCC40400000
(1779322198.757813) can0 18FD28F4#1702FA6F00000000
(1779322198.758731) can0 4D4#000032B07C0C0203
(1779322198.759711) can0 4D5#CC0CCF0C40400000
(1779322198.760806) can0 18914010#0CCF010CCC0D0000
(1779322198.761807) can0 18904010#020C020C74E001FA
(1779322198.762801) can0 18FA28F4#123EA12CC0260000
(1779322198.763800) can0 18FB28F4#CF0CCC0C40400000
(1779322198.764808) can0 18FC28F4#383200000C020000
(1779322198.765802) can0 18F810F3#0C02370432640100
(1779322198.766825) can0 18F815F3#0000000010030000
(1779322198.767730) can0 273#000000000C023200
(1779322198.768703) can0 1E1#020C26C001FA01FA
(1779322198.769742) can0 1F5#0000000000000000
(1779322198.770820) can0 0800A6A9#0000000000000000
(1779322198.771791) can0 1000A6A9#0C023813324A4A4A
(1779322198.772820) can0 1C00A6A9#0000000000030000
(1779322198.773833) can0 02018100#1003020C00000000
(1779322198.774814) can0 02028100#004F023264000000
(1779322198.775814) can0 02038100#0CCF01010CCC010D
(1779322198.776803) can0 02048100#4A01014A01010000
(1779322198.777704) can0 1AD#7D144F0059321818
(1779322198.778705) can0 2AD#CF0C800C7D140016
(1779322198.779731) can0 3AD#0000000000007D14
(1779322198.780725) can0 4AD#EB00000000000000
(1779322198.781725) can0 76A#7F00000000000000
(1779322198.844460) can0 0000E005#1702440003B60591
(1779322198.845002) can0 1806E5F4#13CC010003B6023A
(1779322198.845818) can0 0000E000#13CC13CC020BFF75
(1779322198.846800) can0 0000E004#181803B603B601E1
(1779322198.847779) can0 0000E006#0CC90CC90CC90CC9
(1779322198.848798) can0 0000E007#0CC80CC80CC90CC9
(1779322198.849774) can0 0000E008#0CC90CC90CC90CC9
(1779322198.850792) can0 0000E009#0CC90CC80CC90CC9
(1779322198.851836) can0 0000E010#0000000000000000
(1779322198.852836) can0 0000E011#0000000000000000
(1779322198.853815) can0 0000E012#0CC8000100000000
(1779322198.854832) can0 0000F001#0000000000000000
(1779322198.855817) can0 18FF28F4#10320000020B0000
(1779322198.856800) can0 18FE28F4#0CC90CC840400000
(1779322198.857811) can0 18FD28F4#1702FA6F00000000
(1779322198.858728) can0 4D4#000032747C0B0203
(1779322198.859709) can0 4D5#C80CC90C40400000
(1779322198.860804) can0 18914010#0CC9040CC8050000
(1779322198.861796) can0 18904010#020B020B74A401FA
(1779322198.862806) can0 18FA28F4#123EA12C84260000
(1779322198.863798) can0 18FB28F4#C90CC80C40400000
(1779322198.864811) can0 18FC28F4#383200000B020000
(1779322198.865790) can0 18F810F3#0B02730432640100
(1779322198.866825) can0 18F815F3#0000000010030000
(1779322198.867728) can0 273#000000000B023200
(1779322198.868708) can0 1E1#020B268401FA01FA
(1779322198.869741) can0 1F5#0000000000000000
(1779322198.870818) can0 0800A6A9#0000000000000000
(1779322198.871798) can0 1000A6A9#0B02FC12324A4A4A
(1779322198.872817) can0 1C00A6A9#0000000000030000
(1779322198.873828) can0 02018100#1003020B00000000
(1779322198.874814) can0 02028100#008B023264000000
(1779322198.875812) can0 02038100#0CC901040CC80105
(1779322198.876806) can0 02048100#4A01014A01010000
(1779322198.877684) can0 1AD#74148B0059321818
(1779322198.878703) can0 2AD#C90C800C74140016
(1779322198.879747) can0 3AD#0000000000007414
(1779322198.880729) can0 4AD#EB00000000000000
(1779322198.881730) can0 76A#7F00000000000000
(1779322198.944459) can0 0000E005#1702440003B60591
(1779322198.944985) can0 1806E5F4#13CC010003B6023A
(1779322198.945804) can0 0000E000#13CC13CC020BFF75
(1779322198.946795) can0 0000E004#181803B603B601E1
(1779322198.947781) can0 0000E006#0CC90CC90CC90CC9
(1779322198.948826) can0 0000E007#0CC80CC80CC90CC9
(1779322198.949828) can0 0000E008#0CC90CC90CC90CC9
(1779322198.950786) can0 0000E009#0CC90CC80CC90CC9
(1779322198.951836) can0 0000E010#0000000000000000
(1779322198.952821) can0 0000E011#0000000000000000
(1779322198.953815) can0 0000E012#0CC8000100000000
(1779322198.954834) can0 0000F001#0000000000000000
(1779322198.955815) can0 18FF28F4#10320000020B0000
(1779322198.956811) can0 18FE28F4#0CC90CC840400000
(1779322198.957811) can0 18FD28F4#1702FA6F00000000
(1779322198.958706) can0 4D4#000032747C0B0203
(1779322198.959714) can0 4D5#C80CC90C40400000
(1779322198.960812) can0 18914010#0CC9040CC8050000
(1779322198.961791) can0 18904010#020B020B74A401FA
(1779322198.962803) can0 18FA28F4#123EA12C84260000
(1779322198.963786) can0 18FB28F4#C90CC80C40400000
(1779322198.964849) can0 18FC28F4#383200000B020000
(1779322198.965795) can0 18F810F3#0B02730432640100
(1779322198.966829) can0 18F815F3#0000000010030000
(1779322198.967716) can0 273#000000000B023200
(1779322198.968708) can0 1E1#020B268401FA01FA
(1779322198.969740) can0 1F5#0000000000000000
(1779322198.970818) can0 0800A6A9#0000000000000000
(1779322198.971783) can0 1000A6A9#0B02FC12324A4A4A
(1779322198.972849) can0 1C00A6A9#0000000000030000
(1779322198.973817) can0 02018100#1003020B00000000
(1779322198.974809) can0 02028100#008B023264000000
(1779322198.975809) can0 02038100#0CC901040CC80105
(1779322198.976803) can0 02048100#4A01014A01010000
(1779322198.977692) can0 1AD#74148B0059321818
(1779322198.978703) can0 2AD#C90C800C74140016
(1779322198.979715) can0 3AD#0000000000007414
(1779322198.980779) can0 4AD#EB00000000000000
(1779322198.981726) can0 76A#7F00000000000000
(1779322199.061480) can0 0000E005#1702440003B60591
(1779322199.061995) can0 1806E5F4#13CC010003B6023A
(1779322199.062806) can0 0000E000#13CC13CC020BFF5F
(1779322199.063789) can0 0000E004#181803B603B601E1
(1779322199.064785) can0 0000E006#0CCC0CCC0CCC0CCE
(1779322199.065781) can0 0000E007#0CCE0CCE0CCE0CC5
(1779322199.066782) can0 0000E008#0CC80CC80CC60CC9
(1779322199.067762) can0 0000E009#0CC90CC90CC90CC9
(1779322199.068826) can0 0000E010#0000000000000000
(1779322199.069825) can0 0000E011#0000000000000000
(1779322199.070807) can0 0000E012#0CCA000800000000
(1779322199.071777) can0 0000E013#4542323630354C43
(1779322199.072798) can0 0000E014#3134323300000000
(1779322199.073820) can0 0000E015#0000000000000003
(1779322199.074834) can0 0000F000#0000000000000000
(1779322199.075815) can0 0000F001#0000000000000000
(1779322199.076806) can0 18FF28F4#10320000020B0000
(1779322199.077818) can0 18FE28F4#0CCE0CC540400000
(1779322199.078808) can0 18FD28F4#1702FA6F00000000
(1779322199.079711) can0 4D4#0000325E7C0B0203
(1779322199.080705) can0 4D5#C50CCE0C40400000
(1779322199.081787) can0 18914010#0CCE040CC5080000
(1779322199.082781) can0 18904010#020B020B748E01FA
(1779322199.083814) can0 18924010#4001400100000000
(1779322199.084791) can0 18934010#0000002D0000BC17
(1779322199.085814) can0 18944010#1003000000000000
(1779322199.086827) can0 18954010#0000000000000000
(1779322199.087826) can0 18954010#0100000000000000
(1779322199.088818) can0 18954010#0200000000000000
(1779322199.089822) can0 18954010#0300000000000000
(1779322199.090821) can0 18954010#0400000000000000
(1779322199.091816) can0 18954010#0500000000000000
(1779322199.092814) can0 18964010#0040404000000000
(1779322199.093808) can0 18974010#0000000000000000
(1779322199.094827) can0 18984010#0000000000000000
(1779322199.095790) can0 18FA28F4#123EA12C6E260000
(1779322199.096784) can0 18FB28F4#CE0CC50C40400000
(1779322199.097802) can0 18FC28F4#383200000B020000
(1779322199.098783) can0 18F810F3#0B02890432640100
(1779322199.099797) can0 18F811F3#CE0C0401C50C0801
(1779322199.100784) can0 18F812F3#4001014001010000
(1779322199.101821) can0 18F813F3#0101000000000000
(1779322199.102815) can0 18F814F3#3200EA1AA9015F00
(1779322199.103815) can0 18F815F3#0000000010030000
(1779322199.104713) can0 273#000000000B023200
(1779322199.105694) can0 1E1#020B266E01FA01FA
(1779322199.106724) can0 1F5#0000000000000000
(1779322199.107822) can0 0800A6A9#0000000000000000
(1779322199.108771) can0 1000A6A9#0B02E612324A4A4A
(1779322199.109797) can0 1C00A6A9#0000000000030000
(1779322199.110850) can0 02018100#1003020B00000000
(1779322199.111794) can0 02028100#00A1023264000000
(1779322199.112790) can0 02038100#0CCE01040CC50108
(1779322199.113790) can0 02048100#4A01014A01010000
(1779322199.114675) can0 1AD#7714A10059321818
(1779322199.115687) can0 2AD#CE0C800C77140016
(1779322199.116719) can0 3AD#0000000000007714
(1779322199.117719) can0 4AD#EB00000000000000
(1779322199.118746) can0 76A#7F00000000000000
(1779322199.177482) can0 0000E005#1702440003B60591
(1779322199.178025) can0 1806E5F4#13CC010003B6023A
(1779322199.178796) can0 0000E000#13CC13CC020BFF5F
(1779322199.179806) can0 0000E004#181803B603B601E1
(1779322199.180780) can0 0000E006#0CCC0CCC0CCC0CCE
(1779322199.181786) can0 0000E007#0CCE0CCE0CCE0CC5
(1779322199.182786) can0 0000E008#0CC80CC80CC60CC9
(1779322199.183767) can0 0000E009#0CC90CC90CC90CC9
(1779322199.184830) can0 0000E010#0000000000000000
(1779322199.185811) can0 0000E011#0000000000000000
(1779322199.186812) can0 0000E012#0CCA000800000000
(1779322199.187837) can0 0000F001#0000000000000000
(1779322199.188803) can0 18FF28F4#10320000020B0000
(1779322199.189786) can0 18FE28F4#0CCE0CC540400000
(1779322199.190799) can0 18FD28F4#1702FA6F00000000
(1779322199.191703) can0 4D4#0000325E7C0B0203
(1779322199.192698) can0 4D5#C50CCE0C40400000
(1779322199.193799) can0 18914010#0CCE040CC5080000
(1779322199.194780) can0 18904010#020B020B748E01FA
(1779322199.195825) can0 18FA28F4#123EA12C6E260000
(1779322199.196773) can0 18FB28F4#CE0CC50C40400000
(1779322199.197793) can0 18FC28F4#383200000B020000
(1779322199.198786) can0 18F810F3#0B02890432640100
(1779322199.199820) can0 18F815F3#0000000010030000
(1779322199.200697) can0 273#000000000B023200
(1779322199.201704) can0 1E1#020B266E01FA01FA
(1779322199.202728) can0 1F5#0000000000000000
(1779322199.203846) can0 0800A6A9#0000000000000000
(1779322199.204759) can0 1000A6A9#0B02E612324A4A4A
(1779322199.205808) can0 1C00A6A9#0000000000030000
(1779322199.206808) can0 02018100#1003020B00000000
(1779322199.207806) can0 02028100#00A1023264000000
(1779322199.208786) can0 02038100#0CCE01040CC50108
(1779322199.209799) can0 02048100#4A01014A01010000
(1779322199.210685) can0 1AD#7714A10059321818
(1779322199.211741) can0 2AD#CE0C800C77140016
(1779322199.212704) can0 3AD#0000000000007714
(1779322199.213723) can0 4AD#EB00000000000000
(1779322199.214719) can0 76A#7F00000000000000
(1779322199.277476) can0 0000E005#1702440003B60591
(1779322199.278009) can0 1806E5F4#13CC010003B6023A
(1779322199.278798) can0 0000E000#13CC13CC020BFF5F
(1779322199.279777) can0 0000E004#181803B603B601E1
(1779322199.280829) can0 0000E006#0CCC0CCC0CCC0CCE
(1779322199.281778) can0 0000E007#0CCE0CCE0CCE0CC5
(1779322199.282779) can0 0000E008#0CC80CC80CC60CC9
(1779322199.283758) can0 0000E009#0CC90CC90CC90CC9
(1779322199.284822) can0 0000E010#0000000000000000
(1779322199.285815) can0 0000E011#0000000000000000
(1779322199.286805) can0 0000E012#0CCA000800000000
(1779322199.287817) can0 0000F001#0000000000000000
(1779322199.288848) can0 18FF28F4#10320000020B0000
(1779322199.289778) can0 18FE28F4#0CCE0CC540400000
(1779322199.290790) can0 18FD28F4#1702FA6F00000000
(1779322199.291709) can0 4D4#0000325E7C0B0203
(1779322199.292694) can0 4D5#C50CCE0C40400000
(1779322199.293784) can0 18914010#0CCE040CC5080000
(1779322199.294785) can0 18904010#020B020B748E01FA
(1779322199.295784) can0 18FA28F4#123EA12C6E260000
(1779322199.296784) can0 18FB28F4#CE0CC50C40400000
(1779322199.297793) can0 18FC28F4#383200000B020000
(1779322199.298778) can0 18F810F3#0B02890432640100
(1779322199.299811) can0 18F815F3#0000000010030000
(1779322199.300708) can0 273#000000000B023200
(1779322199.301689) can0 1E1#020B266E01FA01FA
(1779322199.302723) can0 1F5#0000000000000000
(1779322199.303804) can0 0800A6A9#0000000000000000
(1779322199.304766) can0 1000A6A9#0B02E612324A4A4A
(1779322199.305798) can0 1C00A6A9#0000000000030000
(1779322199.306812) can0 02018100#1003020B00000000
(1779322199.307792) can0 02028100#00A1023264000000
(1779322199.308792) can0 02038100#0CCE01040CC50108
(1779322199.309787) can0 02048100#4A01014A01010000
(1779322199.310672) can0 1AD#7714A10059321818
(1779322199.311683) can0 2AD#CE0C800C77140016
(1779322199.312714) can0 3AD#0000000000007714
(1779322199.313709) can0 4AD#EB00000000000000
(1779322199.314709) can0 76A#7F00000000000000
(1779322199.377477) can0 0000E005#1702440003B60591
(1779322199.377988) can0 1806E5F4#13CC010003B6023A
(1779322199.378776) can0 0000E000#13CC13CC020CFFDA
(1779322199.379775) can0 0000E004#181803B603B601E1
(1779322199.380775) can0 0000E006#0CD00CD00CD00CCF
(1779322199.381770) can0 0000E007#0CD00CD00CD00CD0
(1779322199.382767) can0 0000E008#0CD00CD00CD00CD0
(1779322199.383769) can0 0000E009#0CD00CD00CD00CD2
(1779322199.384814) can0 0000E010#0000000000000000
(1779322199.385814) can0 0000E011#0000000000000000
(1779322199.386792) can0 0000E012#0CD0000200000000
(1779322199.387808) can0 0000F001#0000000000000000
(1779322199.388789) can0 18FF28F4#10320000020C0000
(1779322199.389775) can0 18FE28F4#0CD20CCF40400000
(1779322199.390788) can0 18FD28F4#1702FA6F00000000
(1779322199.391686) can0 4D4#000032D97C0C0203
(1779322199.392686) can0 4D5#CF0CD20C40400000
(1779322199.393782) can0 18914010#0CD2100CCF040000
(1779322199.394781) can0 18904010#020C020C750901FA
(1779322199.395782) can0 18FA28F4#123EA12CE9260000
(1779322199.396776) can0 18FB28F4#D20CCF0C40400000
(1779322199.397795) can0 18FC28F4#383200000C020000
(1779322199.398774) can0 18F810F3#0C020E0432640100
(1779322199.399808) can0 18F815F3#0000000010030000
(1779322199.400693) can0 273#000000000C023200
(1779322199.401686) can0 1E1#020C26E901FA01FA
(1779322199.402719) can0 1F5#0000000000000000
(1779322199.403801) can0 0800A6A9#0000000000000000
(1779322199.404763) can0 1000A6A9#0C026113324A4A4A
(1779322199.405795) can0 1C00A6A9#0000000000030000
(1779322199.406805) can0 02018100#1003020C00000000
(1779322199.407789) can0 02028100#0026023264000000
(1779322199.408789) can0 02038100#0CD201100CCF0104
(1779322199.409783) can0 02048100#4A01014A01010000
(1779322199.410700) can0 1AD#8114260059321818
(1779322199.411680) can0 2AD#D20C800C81140016
(1779322199.412693) can0 3AD#0000000000008114
(1779322199.413706) can0 4AD#EB00000000000000
(1779322199.414707) can0 76A#7F00000000000000
(1779322199.477512) can0 0000E005#1702440003B60591
(1779322199.478049) can0 1806E5F4#13CC010003B6023A
(1779322199.478784) can0 0000E000#13CC13CC020CFFDA
(1779322199.479796) can0 0000E004#181803B603B601E1
(1779322199.480772) can0 0000E006#0CD00CD00CD00CCF
(1779322199.481769) can0 0000E007#0CD00CD00CD00CD0
(1779322199.482769) can0 0000E008#0CD00CD00CD00CD0
(1779322199.483762) can0 0000E009#0CD00CD00CD00CD2
(1779322199.484814) can0 0000E010#0000000000000000
(1779322199.485813) can0 0000E011#0000000000000000
(1779322199.486794) can0 0000E012#0CD0000200000000
(1779322199.487827) can0 0000F001#0000000000000000
(1779322199.488788) can0 18FF28F4#10320000020C0000
(1779322199.489767) can0 18FE28F4#0CD20CCF40400000
(1779322199.490788) can0 18FD28F4#1702FA6F00000000
(1779322199.491679) can0 4D4#000032D97C0C0203
(1779322199.492685) can0 4D5#CF0CD20C40400000
(1779322199.493761) can0 18914010#0CD2100CCF040000
(1779322199.494761) can0 18904010#020C020C750901FA
(1779322199.495804) can0 18FA28F4#123EA12CE9260000
(1779322199.496773) can0 18FB28F4#D20CCF0C40400000
(1779322199.497786) can0 18FC28F4#383200000C020000
(1779322199.498767) can0 18F810F3#0C020E0432640100
(1779322199.499800) can0 18F815F3#0000000010030000
(1779322199.500706) can0 273#000000000C023200
(1779322199.501686) can0 1E1#020C26E901FA01FA
(1779322199.502718) can0 1F5#0000000000000000
(1779322199.503824) can0 0800A6A9#0000000000000000
(1779322199.504761) can0 1000A6A9#0C026113324A4A4A
(1779322199.505794) can0 1C00A6A9#0000000000030000
(1779322199.506806) can0 02018100#1003020C00000000
(1779322199.507786) can0 02028100#0026023264000000
(1779322199.508780) can0 02038100#0CD201100CCF0104
(1779322199.509780) can0 02048100#4A01014A01010000
(1779322199.510667) can0 1AD#8114260059321818
(1779322199.511723) can0 2AD#D20C800C81140016
(1779322199.512704) can0 3AD#0000000000008114
(1779322199.513704) can0 4AD#EB00000000000000
(1779322199.514699) can0 76A#7F00000000000000
(1779322199.594489) can0 0000E005#1702440003B60591
(1779322199.595037) can0 1806E5F4#13CC010003B6023A
(1779322199.595778) can0 0000E000#13CC13CC020CFFDD
(1779322199.596778) can0 0000E004#181803B603B601E1
(1779322199.597753) can0 0000E006#0CCF0CCF0CD00CCF
(1779322199.598752) can0 0000E007#0CCF0CCF0CCF0CCF
(1779322199.599751) can0 0000E008#0CCF0CCF0CCF0CCF
(1779322199.600753) can0 0000E009#0CD00CD00CCF0CD0
(1779322199.601797) can0 0000E010#0000000000000000
(1779322199.602798) can0 0000E011#0000000000000000
(1779322199.603799) can0 0000E012#0CD0000000000000
(1779322199.604747) can0 0000E013#4542323630354C43
(1779322199.605775) can0 0000E014#3134323300000000
(1779322199.606793) can0 0000E015#0000000000000003
(1779322199.607803) can0 0000F000#0000000000000000
(1779322199.608803) can0 0000F001#0000000000000000
(1779322199.609782) can0 18FF28F4#10320000020C0000
(1779322199.610766) can0 18FE28F4#0CD00CCF40400000
(1779322199.611784) can0 18FD28F4#1702FA6F00000000
(1779322199.612683) can0 4D4#000032DC7C0C0203
(1779322199.613684) can0 4D5#CF0CD00C40400000
(1779322199.614760) can0 18914010#0CD0030CCF010000
(1779322199.615760) can0 18904010#020C020C750C01FA
(1779322199.616791) can0 18924010#4001400100000000
(1779322199.617767) can0 18934010#0200012E0000BC16
(1779322199.618785) can0 18944010#1003000100000000
(1779322199.619805) can0 18954010#0000000000000000
(1779322199.620798) can0 18954010#0100000000000000
(1779322199.621793) can0 18954010#0200000000000000
(1779322199.622798) can0 18954010#0300000000000000
(1779322199.623798) can0 18954010#0400000000000000
(1779322199.624791) can0 18954010#0500000000000000
(1779322199.625792) can0 18964010#0040404000000000
(1779322199.626786) can0 18974010#0000000000000000
(1779322199.627785) can0 18984010#0000000000000000
(1779322199.628766) can0 18FA28F4#123EA12CEC260000
(1779322199.629759) can0 18FB28F4#D00CCF0C40400000
(1779322199.630773) can0 18FC28F4#383200000C020000
(1779322199.631753) can0 18F810F3#0C020B0432640100
(1779322199.632766) can0 18F811F3#D00C0301CF0C0101
(1779322199.633776) can0 18F812F3#4001014001010000
(1779322199.634800) can0 18F813F3#0101000000000000
(1779322199.635760) can0 18F814F3#3200EA1AA9015F00
(1779322199.636792) can0 18F815F3#0000000010030000
(1779322199.637690) can0 273#000000000C023200
(1779322199.638671) can0 1E1#020C26EC01FA01FA
(1779322199.639703) can0 1F5#0000000000000000
(1779322199.640792) can0 0800A6A9#0000000000000000
(1779322199.641775) can0 1000A6A9#0C026413324A4A4A
(1779322199.642773) can0 1C00A6A9#0000000000030000
(1779322199.643792) can0 02018100#1003020C00000000
(1779322199.644786) can0 02028100#0023023264000000
(1779322199.645770) can0 02038100#0CD001030CCF0101
(1779322199.646767) can0 02048100#4A01014A01010000
(1779322199.647672) can0 1AD#8014230059321818
(1779322199.648683) can0 2AD#D00C800C80140016
(1779322199.649728) can0 3AD#0000000000008014
(1779322199.650697) can0 4AD#EB00000000000000
(1779322199.651697) can0 76A#7F00000000000000
(1779322199.710494) can0 0000E005#1702440003B60591
(1779322199.711036) can0 1806E5F4#13CC010003B6023A
(1779322199.711777) can0 0000E000#13CC13CC020CFFDD
(1779322199.712776) can0 0000E004#181803B603B601E1
(1779322199.713758) can0 0000E006#0CCF0CCF0CD00CCF
(1779322199.714749) can0 0000E007#0CCF0CCF0CCF0CCF
(1779322199.715750) can0 0000E008#0CCF0CCF0CCF0CCF
(1779322199.716752) can0 0000E009#0CD00CD00CCF0CD0
(1779322199.717795) can0 0000E010#0000000000000000
(1779322199.718828) can0 0000E011#0000000000000000
(1779322199.719795) can0 0000E012#0CD0000000000000
(1779322199.720789) can0 0000F001#0000000000000000
(1779322199.721777) can0 18FF28F4#10320000020C0000
(1779322199.722773) can0 18FE28F4#0CD00CCF40400000
(1779322199.723770) can0 18FD28F4#1702FA6F00000000
(1779322199.724688) can0 4D4#000032DC7C0C0203
(1779322199.725668) can0 4D5#CF0CD00C40400000
(1779322199.726797) can0 18914010#0CD0030CCF010000
(1779322199.727764) can0 18904010#020C020C750C01FA
(1779322199.728765) can0 18FA28F4#123EA12CEC260000
(1779322199.729764) can0 18FB28F4#D00CCF0C40400000
(1779322199.730778) can0 18FC28F4#383200000C020000
(1779322199.731757) can0 18F810F3#0C020B0432640100
(1779322199.732790) can0 18F815F3#0000000010030000
(1779322199.733687) can0 273#000000000C023200
(1779322199.734707) can0 1E1#020C26EC01FA01FA
(1779322199.735700) can0 1F5#0000000000000000
(1779322199.736783) can0 0800A6A9#0000000000000000
(1779322199.737742) can0 1000A6A9#0C026413324A4A4A
(1779322199.738777) can0 1C00A6A9#0000000000030000
(1779322199.739790) can0 02018100#1003020C00000000
(1779322199.740771) can0 02028100#0023023264000000
(1779322199.741770) can0 02038100#0CD001030CCF0101
(1779322199.742816) can0 02048100#4A01014A01010000
(1779322199.743668) can0 1AD#8014230059321818
(1779322199.744681) can0 2AD#D00C800C80140016
(1779322199.745688) can0 3AD#0000000000008014
(1779322199.746688) can0 4AD#EB00000000000000
(1779322199.747689) can0 76A#7F00000000000000
(1779322199.810419) can0 0000E005#1702440003B60591
(1779322199.810982) can0 1806E5F4#13CC010003B6023A
(1779322199.811806) can0 0000E000#13CC13CC020CFFDD
(1779322199.812755) can0 0000E004#181803B603B601E1
(1779322199.813755) can0 0000E006#0CCF0CCF0CD00CCF
(1779322199.814749) can0 0000E007#0CCF0CCF0CCF0CCF
(1779322199.815748) can0 0000E008#0CCF0CCF0CCF0CCF
(1779322199.816750) can0 0000E009#0CD00CD00CCF0CD0
(1779322199.817792) can0 0000E010#0000000000000000
(1779322199.818793) can0 0000E011#0000000000000000
(1779322199.819825) can0 0000E012#0CD0000000000000
(1779322199.820787) can0 0000F001#0000000000000000
(1779322199.821768) can0 18FF28F4#10320000020C0000
(1779322199.822746) can0 18FE28F4#0CD00CCF40400000
(1779322199.823767) can0 18FD28F4#1702FA6F00000000
(1779322199.824685) can0 4D4#000032DC7C0C0203
(1779322199.825665) can0 4D5#CF0CD00C40400000
(1779322199.826762) can0 18914010#0CD0030CCF010000
(1779322199.827761) can0 18904010#020C020C750C01FA
(1779322199.828755) can0 18FA28F4#123EA12CEC260000
(1779322199.829755) can0 18FB28F4#D00CCF0C40400000
(1779322199.830769) can0 18FC28F4#383200000C020000
(1779322199.831757) can0 18F810F3#0C020B0432640100
(1779322199.832781) can0 18F815F3#0000000010030000
(1779322199.833686) can0 273#000000000C023200
(1779322199.834663) can0 1E1#020C26EC01FA01FA
(1779322199.835698) can0 1F5#0000000000000000
(1779322199.836774) can0 0800A6A9#0000000000000000
(1779322199.837742) can0 1000A6A9#0C026413324A4A4A
(1779322199.838775) can0 1C00A6A9#0000000000030000
(1779322199.839787) can0 02018100#1003020C00000000
(1779322199.840768) can0 02028100#0023023264000000
(1779322199.841768) can0 02038100#0CD001030CCF0101
(1779322199.842762) can0 02048100#4A01014A01010000
(1779322199.843666) can0 1AD#8014230059321818
(1779322199.844678) can0 2AD#D00C800C80140016
(1779322199.845693) can0 3AD#0000000000008014
(1779322199.846685) can0 4AD#EB00000000000000
(1779322199.847687) can0 76A#7F00000000000000
(1779322199.910502) can0 0000E005#1702440003B60591
(1779322199.911024) can0 1806E5F4#13CC010003B6023A
(1779322199.911760) can0 0000E000#13CC13CC020CFFCE
(1779322199.912759) can0 0000E004#181803B603B601E1
(1779322199.913740) can0 0000E006#0CCF0CCF0CCF0CCF
(1779322199.914741) can0 0000E007#0CCF0CCF0CCF0CCF
(1779322199.915735) can0 0000E008#0CCF0CCF0CCF0CCF
(1779322199.916734) can0 0000E009#0CCF0CCF0CCF0CD0
(1779322199.917785) can0 0000E010#0000000000000000
(1779322199.918785) can0 0000E011#0000000000000000
(1779322199.919775) can0 0000E012#0CCF000100000000
(1779322199.920791) can0 0000F001#0000000000000000
(1779322199.921779) can0 18FF28F4#10320000020C0000
(1779322199.922760) can0 18FE28F4#0CD00CCF40400000
(1779322199.923772) can0 18FD28F4#1702FA6F00000000
(1779322199.924670) can0 4D4#000032CD7C0C0203
(1779322199.925670) can0 4D5#CF0CD00C40400000
(1779322199.926754) can0 18914010#0CD0100CCF010000
(1779322199.927766) can0 18904010#020C020C74FD01FA
(1779322199.928748) can0 18FA28F4#123EA12CDD260000
(1779322199.929746) can0 18FB28F4#D00CCF0C40400000
(1779322199.930762) can0 18FC28F4#383200000C020000
(1779322199.931735) can0 18F810F3#0C021A0432640100
(1779322199.932791) can0 18F815F3#0000000010030000
(1779322199.933691) can0 273#000000000C023200
(1779322199.934673) can0 1E1#020C26DD01FA01FA
(1779322199.935683) can0 1F5#0000000000000000
(1779322199.936779) can0 0800A6A9#0000000000000000
(1779322199.937727) can0 1000A6A9#0C025513324A4A4A
(1779322199.938760) can0 1C00A6A9#0000000000030000
(1779322199.939773) can0 02018100#1003020C00000000
(1779322199.940773) can0 02028100#0032023264000000
(1779322199.941787) can0 02038100#0CD001100CCF0101
(1779322199.942768) can0 02048100#4A01014A01010000
(1779322199.943647) can0 1AD#7F14320059321818
(1779322199.944665) can0 2AD#D00C800C7F140016
(1779322199.945676) can0 3AD#0000000000007F14
(1779322199.946690) can0 4AD#EB00000000000000
(1779322199.947684) can0 76A#7F00000000000000
(1779322200.010446) can0 0000E005#1702440003B60591
(1779322200.010999) can0 1806E5F4#13CC010003B6023A
(1779322200.011766) can0 0000E000#13CC13CC020CFFCE
(1779322200.012746) can0 0000E004#181803B603B601E1
(1779322200.013744) can0 0000E006#0CCF0CCF0CCF0CCF
(1779322200.014745) can0 0000E007#0CCF0CCF0CCF0CCF
(1779322200.015744) can0 0000E008#0CCF0CCF0CCF0CCF
(1779322200.016738) can0 0000E009#0CCF0CCF0CCF0CD0
(1779322200.017788) can0 0000E010#0000000000000000
(1779322200.018802) can0 0000E011#0000000000000000
(1779322200.019764) can0 0000E012#0CCF000100000000
(1779322200.020782) can0 0000F001#0000000000000000
(1779322200.021763) can0 18FF28F4#10320000020C0000
(1779322200.022763) can0 18FE28F4#0CD00CCF40400000
(1779322200.023757) can0 18FD28F4#1702FA6F00000000
(1779322200.024654) can0 4D4#000032CD7C0C0203
(1779322200.025660) can0 4D5#CF0CD00C40400000
(1779322200.026789) can0 18914010#0CD0100CCF010000
(1779322200.027751) can0 18904010#020C020C74FD01FA
(1779322200.028748) can0 18FA28F4#123EA12CDD260000
(1779322200.029751) can0 18FB28F4#D00CCF0C40400000
(1779322200.030764) can0 18FC28F4#383200000C020000
(1779322200.031745) can0 18F810F3#0C021A0432640100
(1779322200.032776) can0 18F815F3#0000000010030000
(1779322200.033680) can0 273#000000000C023200
(1779322200.034694) can0 1E1#020C26DD01FA01FA
(1779322200.035693) can0 1F5#0000000000000000
(1779322200.036769) can0 0800A6A9#0000000000000000
(1779322200.037737) can0 1000A6A9#0C025513324A4A4A
(1779322200.038770) can0 1C00A6A9#0000000000030000
(1779322200.039782) can0 02018100#1003020C00000000
(1779322200.040762) can0 02028100#0032023264000000
(1779322200.041765) can0 02038100#0CD001100CCF0101
(1779322200.042790) can0 02048100#4A01014A01010000
(1779322200.043654) can0 1AD#7F14320059321818
(1779322200.044668) can0 2AD#D00C800C7F140016
(1779322200.045688) can0 3AD#0000000000007F14
(1779322200.046681) can0 4AD#EB00000000000000
(1779322200.047682) can0 76A#7F00000000000000
(1779322200.127441) can0 0000E005#1702440003B60591
(1779322200.128007) can0 1806E5F4#13CC010003B6023A
(1779322200.128755) can0 0000E000#13CC13CC020CFFB9
(1779322200.129754) can0 0000E004#181803B603B601E1
(1779322200.130737) can0 0000E006#0CCC0CCC0CCC0CCC
(1779322200.131736) can0 0000E007#0CCC0CCC0CCC0CCC
(1779322200.132736) can0 0000E008#0CCB0CCB0CCB0CCC
(1779322200.133728) can0 0000E009#0CCB0CCB0CCB0CCC
(1779322200.134781) can0 0000E010#0000000000000000
(1779322200.135774) can0 0000E011#0000000000000000
(1779322200.136761) can0 0000E012#0CCB000100000000
(1779322200.137722) can0 0000E013#4542323630354C43
(1779322200.138752) can0 0000E014#3134323300000000
(1779322200.139768) can0 0000E015#0000000000000003
(1779322200.140787) can0 0000F000#0000000000000000
(1779322200.141781) can0 0000F001#0000000000000000
(1779322200.142759) can0 18FF28F4#10320000020C0000
(1779322200.143749) can0 18FE28F4#0CCC0CCB40400000
(1779322200.144762) can0 18FD28F4#1702FA6F00000000
(1779322200.145666) can0 4D4#000032B87C0C0203
(1779322200.146648) can0 4D5#CB0CCC0C40400000
(1779322200.147742) can0 18914010#0CCC040CCB090000
(1779322200.148755) can0 18904010#020C020C74E801FA
(1779322200.149769) can0 18924010#4001400100000000
(1779322200.150743) can0 18934010#0200012F0000BC15
(1779322200.151768) can0 18944010#1003000100000000
(1779322200.152781) can0 18954010#0000000000000000
(1779322200.153781) can0 18954010#0100000000000000
(1779322200.154777) can0 18954010#0200000000000000
(1779322200.155775) can0 18954010#0300000000000000
(1779322200.156775) can0 18954010#0400000000000000
(1779322200.157768) can0 18954010#0500000000000000
(1779322200.158768) can0 18964010#0040404000000000
(1779322200.159766) can0 18974010#0000000000000000
(1779322200.160763) can0 18984010#0000000000000000
(1779322200.161744) can0 18FA28F4#123EA12CC8260000
(1779322200.162737) can0 18FB28F4#CC0CCB0C40400000
(1779322200.163751) can0 18FC28F4#383200000C020000
(1779322200.164750) can0 18F810F3#0C022F0432640100
(1779322200.165751) can0 18F811F3#CC0C0401CB0C0901
(1779322200.166760) can0 18F812F3#4001014001010000
(1779322200.167776) can0 18F813F3#0101000000000000
(1779322200.168738) can0 18F814F3#3200EA1AA9015F00
(1779322200.169770) can0 18F815F3#0000000010030000
(1779322200.170668) can0 273#000000000C023200
(1779322200.171661) can0 1E1#020C26C801FA01FA
(1779322200.172712) can0 1F5#0000000000000000
(1779322200.173770) can0 0800A6A9#0000000000000000
(1779322200.174715) can0 1000A6A9#0C024013324A4A4A
(1779322200.175770) can0 1C00A6A9#0000000000030000
(1779322200.176763) can0 02018100#1003020C00000000
(1779322200.177764) can0 02028100#0047023264000000
(1779322200.178740) can0 02038100#0CCC01040CCB0109
(1779322200.179745) can0 02048100#4A01014A01010000
(1779322200.180661) can0 1AD#7914470059321818
(1779322200.181642) can0 2AD#CC0C800C79140016
(1779322200.182674) can0 3AD#0000000000007914
(1779322200.183675) can0 4AD#EB00000000000000
(1779322200.184669) can0 76A#7F00000000000000
(1779322200.243395) can0 0000E005#1702440003B60591
(1779322200.243948) can0 1806E5F4#13CC010003B6023A
(1779322200.244740) can0 0000E000#13CC13CC020CFFB9
(1779322200.245734) can0 0000E004#181803B603B601E1
(1779322200.246736) can0 0000E006#0CCC0CCC0CCC0CCC
(1779322200.247732) can0 0000E007#0CCC0CCC0CCC0CCC
(1779322200.248734) can0 0000E008#0CCB0CCB0CCB0CCC
(1779322200.249735) can0 0000E009#0CCB0CCB0CCB0CCC
(1779322200.250781) can0 0000E010#0000000000000000
(1779322200.251780) can0 0000E011#0000000000000000
(1779322200.252760) can0 0000E012#0CCB000100000000
(1779322200.253774) can0 0000F001#0000000000000000
(1779322200.254756) can0 18FF28F4#10320000020C0000
(1779322200.255734) can0 18FE28F4#0CCC0CCB40400000
(1779322200.256754) can0 18FD28F4#1702FA6F00000000
(1779322200.257683) can0 4D4#000032B87C0C0203
(1779322200.258653) can0 4D5#CB0CCC0C40400000
(1779322200.259742) can0 18914010#0CCC040CCB090000
(1779322200.260752) can0 18904010#020C020C74E801FA
(1779322200.261742) can0 18FA28F4#123EA12CC8260000
(1779322200.262741) can0 18FB28F4#CC0CCB0C40400000
(1779322200.263754) can0 18FC28F4#383200000C020000
(1779322200.264723) can0 18F810F3#0C022F0432640100
(1779322200.265798) can0 18F815F3#0000000010030000
(1779322200.266652) can0 273#000000000C023200
(1779322200.267647) can0 1E1#020C26C801FA01FA
(1779322200.268683) can0 1F5#0000000000000000
(1779322200.269761) can0 0800A6A9#0000000000000000
(1779322200.270729) can0 1000A6A9#0C024013324A4A4A
(1779322200.271756) can0 1C00A6A9#0000000000030000
(1779322200.272773) can0 02018100#1003020C00000000
(1779322200.273805) can0 02028100#0047023264000000
(1779322200.274736) can0 02038100#0CCC01040CCB0109
(1779322200.275749) can0 02048100#4A01014A01010000
(1779322200.276633) can0 1AD#7914470059321818
(1779322200.277647) can0 2AD#CC0C800C79140016
(1779322200.278659) can0 3AD#0000000000007914
(1779322200.279664) can0 4AD#EB00000000000000
(1779322200.280666) can0 76A#7F00000000000000
(1779322200.343430) can0 0000E005#1702440003B60591
(1779322200.343994) can0 1806E5F4#13CC010003B6023A
(1779322200.344731) can0 0000E000#13CC13CC020CFFB9
(1779322200.345731) can0 0000E004#181803B603B601E1
(1779322200.346733) can0 0000E006#0CCC0CCC0CCC0CCC
(1779322200.347725) can0 0000E007#0CCC0CCC0CCC0CCC
(1779322200.348726) can0 0000E008#0CCB0CCB0CCB0CCC
(1779322200.349707) can0 0000E009#0CCB0CCB0CCB0CCC
(1779322200.350823) can0 0000E010#0000000000000000
(1779322200.351770) can0 0000E011#0000000000000000
(1779322200.352744) can0 0000E012#0CCB000100000000
(1779322200.353763) can0 0000F001#0000000000000000
(1779322200.354746) can0 18FF28F4#10320000020C0000
(1779322200.355733) can0 18FE28F4#0CCC0CCB40400000
(1779322200.356736) can0 18FD28F4#1702FA6F00000000
(1779322200.357662) can0 4D4#000032B87C0C0203
(1779322200.358694) can0 4D5#CB0CCC0C40400000
(1779322200.359739) can0 18914010#0CCC040CCB090000
(1779322200.360739) can0 18904010#020C020C74E801FA
(1779322200.361735) can0 18FA28F4#123EA12CC8260000
(1779322200.362734) can0 18FB28F4#CC0CCB0C40400000
(1779322200.363748) can0 18FC28F4#383200000C020000
(1779322200.364731) can0 18F810F3#0C022F0432640100
(1779322200.365758) can0 18F815F3#0000000010030000
(1779322200.366665) can0 273#000000000C023200
(1779322200.367644) can0 1E1#020C26C801FA01FA
(1779322200.368676) can0 1F5#0000000000000000
(1779322200.369753) can0 0800A6A9#0000000000000000
(1779322200.370721) can0 1000A6A9#0C024013324A4A4A
(1779322200.371752) can0 1C00A6A9#0000000000030000
(1779322200.372765) can0 02018100#1003020C00000000
(1779322200.373746) can0 02028100#0047023264000000
(1779322200.374747) can0 02038100#0CCC01040CCB0109
(1779322200.375737) can0 02048100#4A01014A01010000
(1779322200.376625) can0 1AD#7914470059321818
(1779322200.377638) can0 2AD#CC0C800C79140016
(1779322200.378651) can0 3AD#0000000000007914
(1779322200.379661) can0 4AD#EB00000000000000
(1779322200.380658) can0 76A#7F00000000000000
(1779322200.443428) can0 0000E005#1702440003B60591
(1779322200.443992) can0 1806E5F4#13CC010003B6023A
(1779322200.444736) can0 0000E000#13CC13CC020BFF79
(1779322200.445731) can0 0000E004#181803B603B601E1
(1779322200.446710) can0 0000E006#0CC50CC50CC50CC5
(1779322200.447730) can0 0000E007#0CC60CC50CC60CC5
(1779322200.448703) can0 0000E008#0CC50CC50CC50CC5
(1779322200.449711) can0 0000E009#0CC50CC50CC50CC5
(1779322200.450769) can0 0000E010#0000000000000000
(1779322200.451769) can0 0000E011#0000000000000000
(1779322200.452743) can0 0000E012#0CC5000100000000
(1779322200.453762) can0 0000F001#0000000000000000
(1779322200.454750) can0 18FF28F4#10320000020B0000
(1779322200.455730) can0 18FE28F4#0CC60CC540400000
(1779322200.456745) can0 18FD28F4#1702FA6F00000000
(1779322200.457649) can0 4D4#000032787C0B0203
(1779322200.458641) can0 4D5#C50CC60C40400000
(1779322200.459723) can0 18914010#0CC6050CC5090000
(1779322200.460733) can0 18904010#020B020B74A801FA
(1779322200.461737) can0 18FA28F4#123EA12C88260000
(1779322200.462735) can0 18FB28F4#C60CC50C40400000
(1779322200.463751) can0 18FC28F4#383200000B020000
(1779322200.464726) can0 18F810F3#0B026F0432640100
(1779322200.465762) can0 18F815F3#0000000010030000
(1779322200.466647) can0 273#000000000B023200
(1779322200.467647) can0 1E1#020B268801FA01FA
(1779322200.468673) can0 1F5#0000000000000000
(1779322200.469757) can0 0800A6A9#0000000000000000
(1779322200.470720) can0 1000A6A9#0B020013324A4A4A
(1779322200.471750) can0 1C00A6A9#0000000000030000
(1779322200.472757) can0 02018100#1003020B00000000
(1779322200.473744) can0 02028100#0087023264000000
(1779322200.474725) can0 02038100#0CC601050CC50109
(1779322200.475743) can0 02048100#4A01014A01010000
(1779322200.476620) can0 1AD#6F14870059321818
(1779322200.477635) can0 2AD#C60C800C6F140016
(1779322200.478648) can0 3AD#0000000000006F14
(1779322200.479660) can0 4AD#EB00000000000000
(1779322200.480673) can0 76A#7F00000000000000
(1779322200.543387) can0 0000E005#1702440003B60591
(1779322200.543951) can0 1806E5F4#13CC010003B6023A
(1779322200.544739) can0 0000E000#13CC13CC020BFF79
(1779322200.545730) can0 0000E004#181803B603B601E1
(1779322200.546715) can0 0000E006#0CC50CC50CC50CC5
(1779322200.547715) can0 0000E007#0CC60CC50CC60CC5
(1779322200.548715) can0 0000E008#0CC50CC50CC50CC5
(1779322200.549707) can0 0000E009#0CC50CC50CC50CC5
(1779322200.550760) can0 0000E010#0000000000000000
(1779322200.551760) can0 0000E011#0000000000000000
(1779322200.552740) can0 0000E012#0CC5000100000000
(1779322200.553765) can0 0000F001#0000000000000000
(1779322200.554735) can0 18FF28F4#10320000020B0000
(1779322200.555735) can0 18FE28F4#0CC60CC540400000
(1779322200.556729) can0 18FD28F4#1702FA6F00000000
(1779322200.557661) can0 4D4#000032787C0B0203
(1779322200.558646) can0 4D5#C50CC60C40400000
(1779322200.559729) can0 18914010#0CC6050CC5090000
(1779322200.560722) can0 18904010#020B020B74A801FA
(1779322200.561733) can0 18FA28F4#123EA12C88260000
(1779322200.562723) can0 18FB28F4#C60CC50C40400000
(1779322200.563739) can0 18FC28F4#383200000B020000
(1779322200.564720) can0 18F810F3#0B026F0432640100
(1779322200.565788) can0 18F815F3#0000000010030000
(1779322200.566658) can0 273#000000000B023200
(1779322200.567659) can0 1E1#020B268801FA01FA
(1779322200.568664) can0 1F5#0000000000000000
(1779322200.569755) can0 0800A6A9#0000000000000000
(1779322200.570725) can0 1000A6A9#0B020013324A4A4A
(1779322200.571748) can0 1C00A6A9#0000000000030000
(1779322200.572752) can0 02018100#1003020B00000000
(1779322200.573776) can0 02028100#0087023264000000
(1779322200.574740) can0 02038100#0CC601050CC50109
(1779322200.575748) can0 02048100#4A01014A01010000
(1779322200.576622) can0 1AD#6F14870059321818
(1779322200.577650) can0 2AD#C60C800C6F140016
(1779322200.578655) can0 3AD#0000000000006F14
(1779322200.579665) can0 4AD#EB00000000000000
(1779322200.580659) can0 76A#7F00000000000000
(1779322200.660379) can0 0000E005#1702440003B60591
(1779322200.660940) can0 1806E5F4#13CC010003B6023A
(1779322200.661727) can0 0000E000#13CC13CC020AFF38
(1779322200.662728) can0 0000E004#181803B603B601E1
(1779322200.663720) can0 0000E006#0CC10CC10CBF0CC1
(1779322200.664725) can0 0000E007#0CBF0CBF0CC20CC2
(1779322200.665723) can0 0000E008#0CBF0CC10CC10CC1
(1779322200.666716) can0 0000E009#0CBF0CC10CC20CC2
(1779322200.667765) can0 0000E010#0000000000000000
(1779322200.668746) can0 0000E011#0000000000000000
(1779322200.669739) can0 0000E012#0CC1000300000000
(1779322200.670708) can0 0000E013#4542323630354C43
(1779322200.671735) can0 0000E014#3134323300000000
(1779322200.672752) can0 0000E015#0000000000000003
(1779322200.673751) can0 0000F000#0000000000000000
(1779322200.674746) can0 0000F001#0000000000000000
(1779322200.675742) can0 18FF28F4#10320000020A0000
(1779322200.676726) can0 18FE28F4#0CC20CBF40400000
(1779322200.677726) can0 18FD28F4#1702FA6F00000000
(1779322200.678643) can0 4D4#000032377C0A0203
(1779322200.679624) can0 4D5#BF0CC20C40400000
(1779322200.680720) can0 18914010#0CC2070CBF030000
(1779322200.681720) can0 18904010#020A020A746701FA
(1779322200.682731) can0 18924010#4001400100000000
(1779322200.683727) can0 18934010#020001300000BC14
(1779322200.684747) can0 18944010#1003000100000000
(1779322200.685758) can0 18954010#0000000000000000
(1779322200.686758) can0 18954010#0100000000000000
(1779322200.687754) can0 18954010#0200000000000000
(1779322200.688752) can0 18954010#0300000000000000
(1779322200.689752) can0 18954010#0400000000000000
(1779322200.690754) can0 18954010#0500000000000000
(1779322200.691746) can0 18964010#0040404000000000
(1779322200.692746) can0 18974010#0000000000000000
(1779322200.693740) can0 18984010#0000000000000000
(1779322200.694721) can0 18FA28F4#123EA12C47260000
(1779322200.695727) can0 18FB28F4#C20CBF0C40400000
(1779322200.696733) can0 18FC28F4#383200000A020000
(1779322200.697727) can0 18F810F3#0A02B00432640100
(1779322200.698728) can0 18F811F3#C20C0701BF0C0301
(1779322200.699721) can0 18F812F3#4001014001010000
(1779322200.700753) can0 18F813F3#0101000000000000
(1779322200.701715) can0 18F814F3#3200EA1AA9015F00
(1779322200.702747) can0 18F815F3#0000000010030000
(1779322200.703657) can0 273#000000000A023200
(1779322200.704624) can0 1E1#020A264701FA01FA
(1779322200.705650) can0 1F5#0000000000000000
(1779322200.706745) can0 0800A6A9#0000000000000000
(1779322200.707690) can0 1000A6A9#0A02BF12324A4A4A
(1779322200.708728) can0 1C00A6A9#0000000000030000
(1779322200.709740) can0 02018100#1003020A00000000
(1779322200.710729) can0 02028100#00C8023264000000
(1779322200.711754) can0 02038100#0CC201070CBF0103
(1779322200.712722) can0 02048100#4A01014A01010000
(1779322200.713619) can0 1AD#6814C80059321818
(1779322200.714639) can0 2AD#C20C800C68140016
(1779322200.715651) can0 3AD#0000000000006814
(1779322200.716651) can0 4AD#EB00000000000000
(1779322200.717646) can0 76A#7F00000000000000
(1779322200.776450) can0 0000E005#1702440003B60591
(1779322200.777000) can0 1806E5F4#13CC010003B6023A
(1779322200.777735) can0 0000E000#13CC13CC020AFF38
(1779322200.778734) can0 0000E004#181803B603B601E1
(1779322200.779721) can0 0000E006#0CC10CC10CBF0CC1
(1779322200.780737) can0 0000E007#0CBF0CBF0CC20CC2
(1779322200.781717) can0 0000E008#0CBF0CC10CC10CC1
(1779322200.782699) can0 0000E009#0CBF0CC10CC20CC2
(1779322200.783743) can0 0000E010#0000000000000000
(1779322200.784745) can0 0000E011#0000000000000000
(1779322200.785724) can0 0000E012#0CC1000300000000
(1779322200.786756) can0 0000F001#0000000000000000
(1779322200.787737) can0 18FF28F4#10320000020A0000
(1779322200.788747) can0 18FE28F4#0CC20CBF40400000
(1779322200.789718) can0 18FD28F4#1702FA6F00000000
(1779322200.790634) can0 4D4#000032377C0A0203
(1779322200.791616) can0 4D5#BF0CC20C40400000
(1779322200.792711) can0 18914010#0CC2070CBF030000
(1779322200.793713) can0 18904010#020A020A746701FA
(1779322200.794712) can0 18FA28F4#123EA12C47260000
(1779322200.795725) can0 18FB28F4#C20CBF0C40400000
(1779322200.796757) can0 18FC28F4#383200000A020000
(1779322200.797724) can0 18F810F3#0A02B00432640100
(1779322200.798738) can0 18F815F3#0000000010030000
(1779322200.799636) can0 273#000000000A023200
(1779322200.800619) can0 1E1#020A264701FA01FA
(1779322200.801649) can0 1F5#0000000000000000
(1779322200.802744) can0 0800A6A9#0000000000000000
(1779322200.803693) can0 1000A6A9#0A02BF12324A4A4A
(1779322200.804771) can0 1C00A6A9#0000000000030000
(1779322200.805738) can0 02018100#1003020A00000000
(1779322200.806718) can0 02028100#00C8023264000000
(1779322200.807719) can0 02038100#0CC201070CBF0103
(1779322200.808720) can0 02048100#4A01014A01010000
(1779322200.809617) can0 1AD#6814C80059321818
(1779322200.810630) can0 2AD#C20C800C68140016
(1779322200.811642) can0 3AD#0000000000006814
(1779322200.812687) can0 4AD#EB00000000000000
(1779322200.813655) can0 76A#7F00000000000000
(1779322200.876424) can0 0000E005#1702440003B60591
(1779322200.876981) can0 1806E5F4#13CC010003B6023A
(1779322200.877715) can0 0000E000#13CC13CC020AFF38
(1779322200.878718) can0 0000E004#181803B603B601E1
(1779322200.879709) can0 0000E006#0CC10CC10CBF0CC1
(1779322200.880710) can0 0000E007#0CBF0CBF0CC20CC2
(1779322200.881754) can0 0000E008#0CBF0CC10CC10CC1
(1779322200.882709) can0 0000E009#0CBF0CC10CC20CC2
(1779322200.883754) can0 0000E010#0000000000000000
(1779322200.884755) can0 0000E011#0000000000000000
(1779322200.885728) can0 0000E012#0CC1000300000000
(1779322200.886749) can0 0000F001#0000000000000000
(1779322200.887729) can0 18FF28F4#10320000020A0000
(1779322200.888728) can0 18FE28F4#0CC20CBF40400000
(1779322200.889767) can0 18FD28F4#1702FA6F00000000
(1779322200.890627) can0 4D4#000032377C0A0203
(1779322200.891626) can0 4D5#BF0CC20C40400000
(1779322200.892722) can0 18914010#0CC2070CBF030000
(1779322200.893716) can0 18904010#020A020A746701FA
(1779322200.894717) can0 18FA28F4#123EA12C47260000
(1779322200.895717) can0 18FB28F4#C20CBF0C40400000
(1779322200.896729) can0 18FC28F4#383200000A020000
(1779322200.897705) can0 18F810F3#0A02B00432640100
(1779322200.898742) can0 18F815F3#0000000010030000
(1779322200.899646) can0 273#000000000A023200
(1779322200.900628) can0 1E1#020A264701FA01FA
(1779322200.901655) can0 1F5#0000000000000000
(1779322200.902735) can0 0800A6A9#0000000000000000
(1779322200.903697) can0 1000A6A9#0A02BF12324A4A4A
(1779322200.904728) can0 1C00A6A9#0000000000030000
(1779322200.905748) can0 02018100#1003020A00000000
(1779322200.906730) can0 02028100#00C8023264000000
(1779322200.907723) can0 02038100#0CC201070CBF0103
(1779322200.908723) can0 02048100#4A01014A01010000
(1779322200.909615) can0 1AD#6814C80059321818
(1779322200.910621) can0 2AD#C20C800C68140016
(1779322200.911648) can0 3AD#0000000000006814
(1779322200.912646) can0 4AD#EB00000000000000
(1779322200.913637) can0 76A#7F00000000000000
(1779322200.976413) can0 0000E005#1702440003B60591
(1779322200.976942) can0 1806E5F4#13CC010003B6023A
(1779322200.977722) can0 0000E000#13CC13CC020AFF08
(1779322200.978721) can0 0000E004#181803B603B601E1
(1779322200.979720) can0 0000E006#0CBE0CBF0CC20CC5
(1779322200.980713) can0 0000E007#0CBE0CBC0CBF0CBC
(1779322200.981713) can0 0000E008#0CBC0CBC0CBE0CBF
(1779322200.982708) can0 0000E009#0CBF0CBF0CBF0CC1
(1779322200.983747) can0 0000E010#0000000000000000
(1779322200.984739) can0 0000E011#0000000000000000
(1779322200.985739) can0 0000E012#0CBF000800000000
(1779322200.986735) can0 0000F001#0000000000000000
(1779322200.987735) can0 18FF28F4#10320000020A0000
(1779322200.988701) can0 18FE28F4#0CC50CBC40400000
(1779322200.989714) can0 18FD28F4#1702FA6F00000000
(1779322200.990630) can0 4D4#000032077C0A0203
(1779322200.991618) can0 4D5#BC0CC50C40400000
(1779322200.992713) can0 18914010#0CC5040CBC060000
(1779322200.993707) can0 18904010#020A020A743701FA
(1779322200.994701) can0 18FA28F4#123EA12C17260000
(1779322200.995707) can0 18FB28F4#C50CBC0C40400000
(1779322200.996720) can0 18FC28F4#383200000A020000
(1779322200.997701) can0 18F810F3#0A02E00432640100
(1779322200.998733) can0 18F815F3#0000000010030000
(1779322200.999637) can0 273#000000000A023200
(1779322201.000618) can0 1E1#020A261701FA01FA
(1779322201.001645) can0 1F5#0000000000000000
(1779322201.002728) can0 0800A6A9#0000000000000000
(1779322201.003695) can0 1000A6A9#0A028F12324A4A4A
(1779322201.004720) can0 1C00A6A9#0000000000030000
(1779322201.005741) can0 02018100#1003020A00000000
(1779322201.006735) can0 02028100#00F8023264000000
(1779322201.007714) can0 02038100#0CC501040CBC0106
(1779322201.008714) can0 02048100#4A01014A01010000
(1779322201.009611) can0 1AD#6514F80059321818
(1779322201.010612) can0 2AD#C50C800C65140016
(1779322201.011637) can0 3AD#0000000000006514
(1779322201.012638) can0 4AD#EB00000000000000
(1779322201.013631) can0 76A#7F00000000000000
(1779322201.076407) can0 0000E005#1702440003B60591
(1779322201.076959) can0 1806E5F4#13CB010003B6023A
(1779322201.077712) can0 0000E000#13CB13CB020AFF08
(1779322201.078705) can0 0000E004#181803B603B601E1
(1779322201.079711) can0 0000E006#0CBE0CBF0CC20CC5
(1779322201.080705) can0 0000E007#0CBE0CBC0CBF0CBC
(1779322201.081704) can0 0000E008#0CBC0CBC0CBE0CBF
(1779322201.082697) can0 0000E009#0CBF0CBF0CBF0CC1
(1779322201.083736) can0 0000E010#0000000000000000
(1779322201.084730) can0 0000E011#0000000000000000
(1779322201.085732) can0 0000E012#0CBF000800000000
(1779322201.086732) can0 0000F001#0000000000000000
(1779322201.087730) can0 18FF28F4#10320000020A0000
(1779322201.088726) can0 18FE28F4#0CC50CBC40400000
(1779322201.089704) can0 18FD28F4#1702FA6F00000000
(1779322201.090622) can0 4D4#000032077C0A0203
(1779322201.091609) can0 4D5#BC0CC50C40400000
(1779322201.092704) can0 18914010#0CC5040CBC060000
(1779322201.093699) can0 18904010#020A020A743701FA
(1779322201.094692) can0 18FA28F4#123EA12C17260000
(1779322201.095699) can0 18FB28F4#C50CBC0C40400000
(1779322201.096744) can0 18FC28F4#383200000A020000
(1779322201.097694) can0 18F810F3#0A02E00432640100
(1779322201.098724) can0 18F815F3#0000000010030000
(1779322201.099623) can0 273#000000000A023200
(1779322201.100609) can0 1E1#020A261701FA01FA
(1779322201.101634) can0 1F5#0000000000000000
(1779322201.102731) can0 0800A6A9#0000000000000000
(1779322201.103679) can0 1000A6A9#0A028F12324A4A4A
(1779322201.104745) can0 1C00A6A9#0000000000030000
(1779322201.105726) can0 02018100#1003020A00000000
(1779322201.106724) can0 02028100#00F8023264000000
(1779322201.107706) can0 02038100#0CC501040CBC0106
(1779322201.108706) can0 02048100#4A01014A01010000
(1779322201.109604) can0 1AD#6514F80059321818
(1779322201.110603) can0 2AD#C50C800C65140016
(1779322201.111629) can0 3AD#0000000000006514
(1779322201.112673) can0 4AD#EB00000000000000
(1779322201.113642) can0 76A#7F00000000000000
(1779322201.193347) can0 0000E005#1702440003B60591
(1779322201.193908) can0 1806E5F4#13CB010003B6023A
(1779322201.194697) can0 0000E000#13CB13CB020CFF6D
(1779322201.195696) can0 0000E004#181803B603B601E1
(1779322201.196688) can0 0000E006#0CD00CD00CCF0CCF
(1779322201.197735) can0 0000E007#0CD00CCF0CD00CD0
(1779322201.198691) can0 0000E008#0CD00CD00CD00CD0
(1779322201.199685) can0 0000E009#0CCE0CCF0CD00CD2
(1779322201.200735) can0 0000E010#0000000000000000
(1779322201.201728) can0 0000E011#0000000000000000
(1779322201.202711) can0 0000E012#0CD0000300000000
(1779322201.203678) can0 0000E013#4542323630354C43
(1779322201.204703) can0 0000E014#3134323300000000
(1779322201.205722) can0 0000E015#0000000000000003
(1779322201.206736) can0 0000F000#0000000000000000
(1779322201.207735) can0 0000F001#0000000000000000
(1779322201.208710) can0 18FF28F4#10320000020C0000
(1779322201.209697) can0 18FE28F4#0CD20CCE40400000
(1779322201.210716) can0 18FD28F4#1702FA6F00000000
(1779322201.211614) can0 4D4#0000326C7C0C0203
(1779322201.212614) can0 4D5#CE0CD20C40400000
(1779322201.213691) can0 18914010#0CD2100CCE0D0000
(1779322201.214691) can0 18904010#020C020C749C01FA
(1779322201.215722) can0 18924010#4001400100000000
(1779322201.216695) can0 18934010#020001310000BC10
(1779322201.217717) can0 18944010#1003000100000000
(1779322201.218730) can0 18954010#0000000000000000
(1779322201.219729) can0 18954010#0100000000000000
(1779322201.220720) can0 18954010#0200000000000000
(1779322201.221723) can0 18954010#0300000000000000
(1779322201.222725) can0 18954010#0400000000000000
(1779322201.223724) can0 18954010#0500000000000000
(1779322201.224717) can0 18964010#0040404000000000
(1779322201.225717) can0 18974010#0000000000000000
(1779322201.226731) can0 18984010#0000000000000000
(1779322201.227691) can0 18FA28F4#123EA12C7C260000
(1779322201.228704) can0 18FB28F4#D20CCE0C40400000
(1779322201.229706) can0 18FC28F4#383200000C020000
(1779322201.230700) can0 18F810F3#0C027B0432640100
(1779322201.231698) can0 18F811F3#D20C1001CE0C0D01
(1779322201.232704) can0 18F812F3#4001014001010000
(1779322201.233724) can0 18F813F3#0101000000000000
(1779322201.234705) can0 18F814F3#3200EA1AA9015F00
(1779322201.235717) can0 18F815F3#0000000010030000
(1779322201.236615) can0 273#000000000C023200
(1779322201.237615) can0 1E1#020C267C01FA01FA
(1779322201.238641) can0 1F5#0000000000000000
(1779322201.239717) can0 0800A6A9#0000000000000000
(1779322201.240681) can0 1000A6A9#0C02F412324A4A4A
(1779322201.241717) can0 1C00A6A9#0000000000030000
(1779322201.242749) can0 02018100#1003020C00000000
(1779322201.243712) can0 02028100#0093023264000000
(1779322201.244690) can0 02038100#0CD201100CCE010D
(1779322201.245711) can0 02048100#4A01014A01010000
(1779322201.246597) can0 1AD#8014930059321818
(1779322201.247609) can0 2AD#D20C800C80140016
(1779322201.248622) can0 3AD#0000000000008014
(1779322201.249622) can0 4AD#EB00000000000000
(1779322201.250648) can0 76A#7F00000000000000
(1779322201.309405) can0 0000E005#1702440003B60591
(1779322201.309961) can0 1806E5F4#13CB010003B6023A
(1779322201.310700) can0 0000E000#13CB13CB020CFF6D
(1779322201.311710) can0 0000E004#181803B603B601E1
(1779322201.312689) can0 0000E006#0CD00CD00CCF0CCF
(1779322201.313687) can0 0000E007#0CD00CCF0CD00CD0
(1779322201.314683) can0 0000E008#0CD00CD00CD00CD0
(1779322201.315684) can0 0000E009#0CCE0CCF0CD00CD2
(1779322201.316726) can0 0000E010#0000000000000000
(1779322201.317726) can0 0000E011#0000000000000000
(1779322201.318709) can0 0000E012#0CD0000300000000
(1779322201.319739) can0 0000F001#0000000000000000
(1779322201.320707) can0 18FF28F4#10320000020C0000
(1779322201.321684) can0 18FE28F4#0CD20CCE40400000
(1779322201.322702) can0 18FD28F4#1702FA6F00000000
(1779322201.323620) can0 4D4#0000326C7C0C0203
(1779322201.324601) can0 4D5#CE0CD20C40400000
(1779322201.325677) can0 18914010#0CD2100CCE0D0000
(1779322201.326698) can0 18904010#020C020C749C01FA
(1779322201.327728) can0 18FA28F4#123EA12C7C260000
(1779322201.328708) can0 18FB28F4#D20CCE0C40400000
(1779322201.329708) can0 18FC28F4#383200000C020000
(1779322201.330703) can0 18F810F3#0C027B0432640100
(1779322201.331721) can0 18F815F3#0000000010030000
(1779322201.332618) can0 273#000000000C023200
(1779322201.333616) can0 1E1#020C267C01FA01FA
(1779322201.334634) can0 1F5#0000000000000000
(1779322201.335761) can0 0800A6A9#0000000000000000
(1779322201.336677) can0 1000A6A9#0C02F412324A4A4A
(1779322201.337700) can0 1C00A6A9#0000000000030000
(1779322201.338722) can0 02018100#1003020C00000000
(1779322201.339702) can0 02028100#0093023264000000
(1779322201.340702) can0 02038100#0CD201100CCE010D
(1779322201.341696) can0 02048100#4A01014A01010000
(1779322201.342599) can0 1AD#8014930059321818
(1779322201.343658) can0 2AD#D20C800C80140016
(1779322201.344626) can0 3AD#0000000000008014
(1779322201.345616) can0 4AD#EB00000000000000
(1779322201.346621) can0 76A#7F00000000000000
(1779322201.409363) can0 0000E005#1702440003B60591
(1779322201.409924) can0 1806E5F4#13CB010003B6023A
(1779322201.410691) can0 0000E000#13CB13CB020CFF6D
(1779322201.411694) can0 0000E004#181803B603B601E1
(1779322201.412724) can0 0000E006#0CD00CD00CCF0CCF
(1779322201.413687) can0 0000E007#0CD00CCF0CD00CD0
(1779322201.414687) can0 0000E008#0CD00CD00CD00CD0
(1779322201.415687) can0 0000E009#0CCE0CCF0CD00CD2
(1779322201.416731) can0 0000E010#0000000000000000
(1779322201.417732) can0 0000E011#0000000000000000
(1779322201.418705) can0 0000E012#0CD0000300000000
(1779322201.419725) can0 0000F001#0000000000000000
(1779322201.420756) can0 18FF28F4#10320000020C0000
(1779322201.421688) can0 18FE28F4#0CD20CCE40400000
(1779322201.422699) can0 18FD28F4#1702FA6F00000000
(1779322201.423623) can0 4D4#0000326C7C0C0203
(1779322201.424604) can0 4D5#CE0CD20C40400000
(1779322201.425682) can0 18914010#0CD2100CCE0D0000
(1779322201.426682) can0 18904010#020C020C749C01FA
(1779322201.427695) can0 18FA28F4#123EA12C7C260000
(1779322201.428694) can0 18FB28F4#D20CCE0C40400000
(1779322201.429706) can0 18FC28F4#383200000C020000
(1779322201.430683) can0 18F810F3#0C027B0432640100
(1779322201.431718) can0 18F815F3#0000000010030000
(1779322201.432618) can0 273#000000000C023200
(1779322201.433617) can0 1E1#020C267C01FA01FA
(1779322201.434629) can0 1F5#0000000000000000
(1779322201.435712) can0 0800A6A9#0000000000000000
(1779322201.436675) can0 1000A6A9#0C02F412324A4A4A
(1779322201.437706) can0 1C00A6A9#0000000000030000
(1779322201.438719) can0 02018100#1003020C00000000
(1779322201.439701) can0 02028100#0093023264000000
(1779322201.440687) can0 02038100#0CD201100CCE010D
(1779322201.441700) can0 02048100#4A01014A01010000
(1779322201.442591) can0 1AD#8014930059321818
(1779322201.443611) can0 2AD#D20C800C80140016
(1779322201.444624) can0 3AD#0000000000008014
(1779322201.445617) can0 4AD#EB00000000000000
(1779322201.446613) can0 76A#7F00000000000000
(1779322201.509253) can0 0000E005#1702440003B60591
(1779322201.509815) can0 1806E5F4#13CB010003B6023A
(1779322201.510698) can0 0000E000#13CB13CB020C0000
(1779322201.511692) can0 0000E004#181803B603B601E1
(1779322201.512691) can0 0000E006#0CD00CD00CD00CD0
(1779322201.513691) can0 0000E007#0CD00CD00CD00CD0
(1779322201.514685) can0 0000E008#0CD00CD00CD00CD0
(1779322201.515678) can0 0000E009#0CD00CD20CD20CD2
(1779322201.516716) can0 0000E010#0000000000000000
(1779322201.517718) can0 0000E011#0000000000000000
(1779322201.518698) can0 0000E012#0CD1000100000000
(1779322201.519725) can0 0000F001#0000000000000000
(1779322201.520691) can0 18FF28F4#10320000020C0000
(1779322201.521691) can0 18FE28F4#0CD20CD040400000
(1779322201.522692) can0 18FD28F4#1702FA6F00000000
(1779322201.523608) can0 4D4#000032007D0C0203
(1779322201.524602) can0 4D5#D00CD20C40400000
(1779322201.525698) can0 18914010#0CD20E0CD0010000
(1779322201.526679) can0 18904010#020C020C753001FA
(1779322201.527694) can0 18FA28F4#123EA12C10270000
(1779322201.528678) can0 18FB28F4#D20CD00C40400000
(1779322201.529692) can0 18FC28F4#383200000C020000
(1779322201.530673) can0 18F810F3#0C02E80332640100
(1779322201.531702) can0 18F815F3#0000000010030000
(1779322201.532608) can0 273#000000000C023200
(1779322201.533602) can0 1E1#020C271001FA01FA
(1779322201.534634) can0 1F5#0000000000000000
(1779322201.535698) can0 0800A6A9#0000000000000000
(1779322201.536667) can0 1000A6A9#0C028813324A4A4A
(1779322201.537693) can0 1C00A6A9#0000000000030000
(1779322201.538711) can0 02018100#1003020C00000000
(1779322201.539703) can0 02028100#0000003264000000
(1779322201.540685) can0 02038100#0CD2010E0CD00101
(1779322201.541687) can0 02048100#4A01014A01010000
(1779322201.542603) can0 1AD#8114000059321818
(1779322201.543595) can0 2AD#D20C800C81140016
(1779322201.544610) can0 3AD#0000000000008114
(1779322201.545609) can0 4AD#EB00000000000000
(1779322201.546622) can0 76A#7F00000000000000
(1779322201.609304) can0 0000E005#1702440003B60591
(1779322201.609869) can0 1806E5F4#13CB010003B6023A
(1779322201.610689) can0 0000E000#13CB13CB020C0000
(1779322201.611682) can0 0000E004#181803B603B601E1
(1779322201.612674) can0 0000E006#0CD00CD00CD00CD0
(1779322201.613681) can0 0000E007#0CD00CD00CD00CD0
(1779322201.614676) can0 0000E008#0CD00CD00CD00CD0
(1779322201.615675) can0 0000E009#0CD00CD20CD20CD2
(1779322201.616704) can0 0000E010#0000000000000000
(1779322201.617707) can0 0000E011#0000000000000000
(1779322201.618688) can0 0000E012#0CD1000100000000
(1779322201.619733) can0 0000F001#0000000000000000
(1779322201.620702) can0 18FF28F4#10320000020C0000
(1779322201.621683) can0 18FE28F4#0CD20CD040400000
(1779322201.622696) can0 18FD28F4#1702FA6F00000000
(1779322201.623612) can0 4D4#000032007D0C0203
(1779322201.624590) can0 4D5#D00CD20C40400000
(1779322201.625688) can0 18914010#0CD20E0CD0010000
(1779322201.626670) can0 18904010#020C020C753001FA
(1779322201.627701) can0 18FA28F4#123EA12C10270000
(1779322201.628684) can0 18FB28F4#D20CD00C40400000
(1779322201.629683) can0 18FC28F4#383200000C020000
(1779322201.630684) can0 18F810F3#0C02E80332640100
(1779322201.631714) can0 18F815F3#0000000010030000
(1779322201.632612) can0 273#000000000C023200
(1779322201.633593) can0 1E1#020C271001FA01FA
(1779322201.634626) can0 1F5#0000000000000000
(1779322201.635735) can0 0800A6A9#0000000000000000
(1779322201.636669) can0 1000A6A9#0C028813324A4A4A
(1779322201.637702) can0 1C00A6A9#0000000000030000
(1779322201.638703) can0 02018100#1003020C00000000
(1779322201.639691) can0 02028100#0000003264000000
(1779322201.640676) can0 02038100#0CD2010E0CD00101
(1779322201.641691) can0 02048100#4A01014A01010000
(1779322201.642594) can0 1AD#8114000059321818
(1779322201.643618) can0 2AD#D20C800C81140016
(1779322201.644599) can0 3AD#0000000000008114
(1779322201.645612) can0 4AD#EB00000000000000
(1779322201.646613) can0 76A#7F00000000000000
(1779322201.726279) can0 0000E005#1702440003B60591
(1779322201.726842) can0 1806E5F4#13CB010003B6023A
(1779322201.727681) can0 0000E000#13CB13CB020D0000
(1779322201.728725) can0 0000E004#181803B603B601E1
(1779322201.729675) can0 0000E006#0CD00CD00CD00CD0
(1779322201.730677) can0 0000E007#0CD00CD00CD00CD0
(1779322201.731676) can0 0000E008#0CD00CD20CD20CD0
(1779322201.732668) can0 0000E009#0CD00CD20CD20CD2
(1779322201.733720) can0 0000E010#0000000000000000
(1779322201.734715) can0 0000E011#0000000000000000
(1779322201.735694) can0 0000E012#0CD1000100000000
(1779322201.736662) can0 0000E013#4542323630354C43
(1779322201.737687) can0 0000E014#3134323300000000
(1779322201.738707) can0 0000E015#0000000000000003
(1779322201.739708) can0 0000F000#0000000000000000
(1779322201.740706) can0 0000F001#0000000000000000
(1779322201.741694) can0 18FF28F4#10320000020D0000
(1779322201.742682) can0 18FE28F4#0CD20CD040400000
(1779322201.743682) can0 18FD28F4#1702FA6F00000000
(1779322201.744598) can0 4D4#000032007D0D0203
(1779322201.745598) can0 4D5#D00CD20C40400000
(1779322201.746676) can0 18914010#0CD20A0CD0010000
(1779322201.747675) can0 18904010#020D020D753001FA
(1779322201.748688) can0 18924010#4001400100000000
(1779322201.749680) can0 18934010#000000320000BC10
(1779322201.750702) can0 18944010#1003000000000000
(1779322201.751714) can0 18954010#0000000000000000
(1779322201.752714) can0 18954010#0100000000000000
(1779322201.753696) can0 18954010#0200000000000000
(1779322201.754696) can0 18954010#0300000000000000
(1779322201.755707) can0 18954010#0400000000000000
(1779322201.756688) can0 18954010#0500000000000000
(1779322201.757701) can0 18964010#0040404000000000
(1779322201.758702) can0 18974010#0000000000000000
(1779322201.759702) can0 18984010#0000000000000000
(1779322201.760682) can0 18FA28F4#123EA12C10270000
(1779322201.761673) can0 18FB28F4#D20CD00C40400000
(1779322201.762709) can0 18FC28F4#383200000D020000
(1779322201.763670) can0 18F810F3#0D02E80332640100
(1779322201.764682) can0 18F811F3#D20C0A01D00C0101
(1779322201.765689) can0 18F812F3#4001014001010000
(1779322201.766709) can0 18F813F3#0101000000000000
(1779322201.767676) can0 18F814F3#3200EA1AA9015F00
(1779322201.768702) can0 18F815F3#0000000010030000
(1779322201.769599) can0 273#000000000D023200
(1779322201.770581) can0 1E1#020D271001FA01FA
(1779322201.771614) can0 1F5#0000000000000000
(1779322201.772688) can0 0800A6A9#0000000000000000
(1779322201.773666) can0 1000A6A9#0D028813324A4A4A
(1779322201.774689) can0 1C00A6A9#0000000000030000
(1779322201.775701) can0 02018100#1003020D00000000
(1779322201.776702) can0 02028100#0000003264000000
(1779322201.777688) can0 02038100#0CD2010A0CD00101
(1779322201.778688) can0 02048100#4A01014A01010000
(1779322201.779616) can0 1AD#8214000059321818
(1779322201.780607) can0 2AD#D20C800C82140016
(1779322201.781637) can0 3AD#0000000000008214
(1779322201.782609) can0 4AD#EB00000000000000
(1779322201.783610) can0 76A#7F00000000000000
(1779322201.842289) can0 0000E005#1702440003B60591
(1779322201.842842) can0 1806E5F4#13CB010003B6023A
(1779322201.843681) can0 0000E000#13CB13CB020D0000
(1779322201.844679) can0 0000E004#181803B603B601E1
(1779322201.845673) can0 0000E006#0CD00CD00CD00CD0
(1779322201.846670) can0 0000E007#0CD00CD00CD00CD0
(1779322201.847673) can0 0000E008#0CD00CD20CD20CD0
(1779322201.848666) can0 0000E009#0CD00CD20CD20CD2
(1779322201.849698) can0 0000E010#0000000000000000
(1779322201.850711) can0 0000E011#0000000000000000
(1779322201.851678) can0 0000E012#0CD1000100000000
(1779322201.852710) can0 0000F001#0000000000000000
(1779322201.853692) can0 18FF28F4#10320000020D0000
(1779322201.854670) can0 18FE28F4#0CD20CD040400000
(1779322201.855692) can0 18FD28F4#1702FA6F00000000
(1779322201.856608) can0 4D4#000032007D0D0203
(1779322201.857591) can0 4D5#D00CD20C40400000
(1779322201.858692) can0 18914010#0CD20A0CD0010000
(1779322201.859667) can0 18904010#020D020D753001FA
(1779322201.860678) can0 18FA28F4#123EA12C10270000
(1779322201.861679) can0 18FB28F4#D20CD00C40400000
(1779322201.862693) can0 18FC28F4#383200000D020000
(1779322201.863660) can0 18F810F3#0D02E80332640100
(1779322201.864705) can0 18F815F3#0000000010030000
(1779322201.865590) can0 273#000000000D023200
(1779322201.866616) can0 1E1#020D271001FA01FA
(1779322201.867622) can0 1F5#0000000000000000
(1779322201.868700) can0 0800A6A9#0000000000000000
(1779322201.869647) can0 1000A6A9#0D028813324A4A4A
(1779322201.870678) can0 1C00A6A9#0000000000030000
(1779322201.871692) can0 02018100#1003020D00000000
(1779322201.872693) can0 02028100#0000003264000000
(1779322201.873686) can0 02038100#0CD2010A0CD00101
(1779322201.874719) can0 02048100#4A01014A01010000
(1779322201.875584) can0 1AD#8214000059321818
(1779322201.876577) can0 2AD#D20C800C82140016
(1779322201.877596) can0 3AD#0000000000008214
(1779322201.878608) can0 4AD#EB00000000000000
(1779322201.879611) can0 76A#7F00000000000000
(1779322201.942235) can0 0000E005#1702440003B60591
(1779322201.942796) can0 1806E5F4#13CB010003B6023A
(1779322201.943706) can0 0000E000#13CB13CB020D0000
(1779322201.944672) can0 0000E004#181803B603B601E1
(1779322201.945670) can0 0000E006#0CD00CD00CD00CD0
(1779322201.946670) can0 0000E007#0CD00CD00CD00CD0
(1779322201.947671) can0 0000E008#0CD00CD20CD20CD0
(1779322201.948664) can0 0000E009#0CD00CD20CD20CD2
(1779322201.949696) can0 0000E010#0000000000000000
(1779322201.950696) can0 0000E011#0000000000000000
(1779322201.951719) can0 0000E012#0CD1000100000000
(1779322201.952709) can0 0000F001#0000000000000000
(1779322201.953689) can0 18FF28F4#10320000020D0000
(1779322201.954671) can0 18FE28F4#0CD20CD040400000
(1779322201.955681) can0 18FD28F4#1702FA6F00000000
(1779322201.956581) can0 4D4#000032007D0D0203
(1779322201.957580) can0 4D5#D00CD20C40400000
(1779322201.958665) can0 18914010#0CD20A0CD0010000
(1779322201.959709) can0 18904010#020D020D753001FA
(1779322201.960677) can0 18FA28F4#123EA12C10270000
(1779322201.961658) can0 18FB28F4#D20CD00C40400000
(1779322201.962690) can0 18FC28F4#383200000D020000
(1779322201.963651) can0 18F810F3#0D02E80332640100
(1779322201.964683) can0 18F815F3#0000000010030000
(1779322201.965581) can0 273#000000000D023200
(1779322201.966582) can0 1E1#020D271001FA01FA
(1779322201.967601) can0 1F5#0000000000000000
(1779322201.968700) can0 0800A6A9#0000000000000000
(1779322201.969645) can0 1000A6A9#0D028813324A4A4A
(1779322201.970673) can0 1C00A6A9#0000000000030000
(1779322201.971690) can0 02018100#1003020D00000000
(1779322201.972683) can0 02028100#0000003264000000
(1779322201.973670) can0 02038100#0CD2010A0CD00101
(1779322201.974669) can0 02048100#4A01014A01010000
(1779322201.975583) can0 1AD#8214000059321818
(1779322201.976583) can0 2AD#D20C800C82140016
(1779322201.977587) can0 3AD#0000000000008214
(1779322201.978601) can0 4AD#EB00000000000000
(1779322201.979603) can0 76A#7F00000000000000
(1779322202.042284) can0 0000E005#1702440003B60591
(1779322202.042842) can0 1806E5F4#13CB010003B6023A
(1779322202.043662) can0 0000E000#13CB13CB020C0000
(1779322202.044662) can0 0000E004#181803B603B601E1
(1779322202.045656) can0 0000E006#0CD00CD00CD00CD0
(1779322202.046656) can0 0000E007#0CD00CD00CD00CD0
(1779322202.047655) can0 0000E008#0CD00CD00CD00CD0
(1779322202.048646) can0 0000E009#0CD00CD00CD20CD2
(1779322202.049700) can0 0000E010#0000000000000000
(1779322202.050700) can0 0000E011#0000000000000000
(1779322202.051683) can0 0000E012#0CD1000100000000
(1779322202.052693) can0 0000F001#0000000000000000
(1779322202.053675) can0 18FF28F4#10320000020C0000
(1779322202.054675) can0 18FE28F4#0CD20CD040400000
(1779322202.055674) can0 18FD28F4#1702FA6F00000000
(1779322202.056585) can0 4D4#000032007D0C0203
(1779322202.057585) can0 4D5#D00CD20C40400000
(1779322202.058682) can0 18914010#0CD20F0CD0010000
(1779322202.059661) can0 18904010#020C020C753001FA
(1779322202.060661) can0 18FA28F4#123EA12C10270000
(1779322202.061662) can0 18FB28F4#D20CD00C40400000
(1779322202.062675) can0 18FC28F4#383200000C020000
(1779322202.063655) can0 18F810F3#0C02E80332640100
(1779322202.064686) can0 18F815F3#0000000010030000
(1779322202.065586) can0 273#000000000C023200
(1779322202.066586) can0 1E1#020C271001FA01FA
(1779322202.067598) can0 1F5#0000000000000000
(1779322202.068681) can0 0800A6A9#0000000000000000
(1779322202.069643) can0 1000A6A9#0C028813324A4A4A
(1779322202.070676) can0 1C00A6A9#0000000000030000
(1779322202.071688) can0 02018100#1003020C00000000
(1779322202.072685) can0 02028100#0000003264000000
(1779322202.073688) can0 02038100#0CD2010F0CD00101
(1779322202.074670) can0 02048100#4A01014A01010000
(1779322202.075586) can0 1AD#8114000059321818
(1779322202.076586) can0 2AD#D20C800C81140016
(1779322202.077586) can0 3AD#0000000000008114
(1779322202.078605) can0 4AD#EB00000000000000
(1779322202.079599) can0 76A#7F00000000000000
(1779322202.142294) can0 0000E005#1702440003B60591
(1779322202.142835) can0 1806E5F4#13CB010003B6023A
(1779322202.143671) can0 0000E000#13CB13CB020C0000
(1779322202.144661) can0 0000E004#181803B603B601E1
(1779322202.145660) can0 0000E006#0CD00CD00CD00CD0
(1779322202.146661) can0 0000E007#0CD00CD00CD00CD0
(1779322202.147660) can0 0000E008#0CD00CD00CD00CD0
(1779322202.148653) can0 0000E009#0CD00CD00CD20CD2
(1779322202.149681) can0 0000E010#0000000000000000
(1779322202.150701) can0 0000E011#0000000000000000
(1779322202.151668) can0 0000E012#0CD1000100000000
(1779322202.152698) can0 0000F001#0000000000000000
(1779322202.153679) can0 18FF28F4#10320000020C0000
(1779322202.154660) can0 18FE28F4#0CD20CD040400000
(1779322202.155675) can0 18FD28F4#1702FA6F00000000
(1779322202.156590) can0 4D4#000032007D0C0203
(1779322202.157591) can0 4D5#D00CD20C40400000
(1779322202.158686) can0 18914010#0CD20F0CD0010000
(1779322202.159647) can0 18904010#020C020C753001FA
(1779322202.160668) can0 18FA28F4#123EA12C10270000
(1779322202.161661) can0 18FB28F4#D20CD00C40400000
(1779322202.162681) can0 18FC28F4#383200000C020000
(1779322202.163660) can0 18F810F3#0C02E80332640100
(1779322202.164694) can0 18F815F3#0000000010030000
(1779322202.165590) can0 273#000000000C023200
(1779322202.166605) can0 1E1#020C271001FA01FA
(1779322202.167602) can0 1F5#0000000000000000
(1779322202.168681) can0 0800A6A9#0000000000000000
(1779322202.169643) can0 1000A6A9#0C028813324A4A4A
(1779322202.170681) can0 1C00A6A9#0000000000030000
(1779322202.171680) can0 02018100#1003020C00000000
(1779322202.172673) can0 02028100#0000003264000000
(1779322202.173654) can0 02038100#0CD2010F0CD00101
(1779322202.174699) can0 02048100#4A01014A01010000
(1779322202.175590) can0 1AD#8114000059321818
(1779322202.176591) can0 2AD#D20C800C81140016
(1779322202.177591) can0 3AD#0000000000008114
(1779322202.178592) can0 4AD#EB00000000000000
(1779322202.179596) can0 76A#7F00000000000000
(1779322202.252512) can0 00000E00#00354C4331343233
(1779322202.260332) can0 0000E005#1702440003B60591
(1779322202.260896) can0 1806E5F4#13CB010003B6023A
(1779322202.261665) can0 0000E000#13CB13CB020CFFF2
(1779322202.262666) can0 0000E004#181803B603B601E1
(1779322202.263640) can0 0000E006#0CCF0CCF0CCF0CCF
(1779322202.264645) can0 0000E007#0CCF0CD00CD00CD0
(1779322202.265644) can0 0000E008#0CD00CD00CCF0CCF
(1779322202.266639) can0 0000E009#0CCF0CD00CD00CD2
(1779322202.267691) can0 0000E010#0000000000000000
(1779322202.268683) can0 0000E011#0000000000000000
(1779322202.269683) can0 0000E012#0CD0000200000000
(1779322202.270633) can0 0000E013#4542323630354C43
(1779322202.271663) can0 0000E014#3134323300000000
(1779322202.272678) can0 0000E015#0000000000000003
(1779322202.273689) can0 0000F000#0000000000000000
(1779322202.274692) can0 0000F001#0000000000000000
(1779322202.275672) can0 18FF28F4#10320000020C0000
(1779322202.276658) can0 18FE28F4#0CD20CCF40400000
(1779322202.277672) can0 18FD28F4#1702FA6F00000000
(1779322202.278594) can0 4D4#000032F17C0C0203
(1779322202.279594) can0 4D5#CF0CD20C40400000
(1779322202.280646) can0 18914010#0CD2100CCF010000
(1779322202.281645) can0 18904010#020C020C752101FA
(1779322202.282677) can0 18924010#4001400100000000
(1779322202.283666) can0 18934010#000000330000BC10
(1779322202.284672) can0 18944010#1003000000000000
(1779322202.285684) can0 18954010#0000000000000000
(1779322202.286698) can0 18954010#0100000000000000
(1779322202.287678) can0 18954010#0200000000000000
(1779322202.288672) can0 18954010#0300000000000000
(1779322202.289685) can0 18954010#0400000000000000
(1779322202.290686) can0 18954010#0500000000000000
(1779322202.291680) can0 18964010#0040404000000000
(1779322202.292679) can0 18974010#0000000000000000
(1779322202.293672) can0 18984010#0000000000000000
(1779322202.294650) can0 18FA28F4#123EA12C01270000
(1779322202.295653) can0 18FB28F4#D20CCF0C40400000
(1779322202.296666) can0 18FC28F4#383200000C020000
(1779322202.297647) can0 18F810F3#0C02F60332640100
(1779322202.298660) can0 18F811F3#D20C1001CF0C0101
(1779322202.299662) can0 18F812F3#4001014001010000
(1779322202.300686) can0 18F813F3#0101000000000000
(1779322202.301653) can0 18F814F3#3200EA1AA9015F00
(1779322202.302686) can0 18F815F3#0000000010030000
(1779322202.303596) can0 273#000000000C023200
(1779322202.304596) can0 1E1#020C270101FA01FA
(1779322202.305596) can0 1F5#0000000000000000
(1779322202.306674) can0 0800A6A9#0000000000000000
(1779322202.307640) can0 1000A6A9#0C027913324A4A4A
(1779322202.308672) can0 1C00A6A9#0000000000030000
(1779322202.309685) can0 02018100#1003020C00000000
(1779322202.310666) can0 02028100#000E023264000000
(1779322202.311647) can0 02038100#0CD201100CCF0101
(1779322202.312679) can0 02048100#4A01014A01010000
(1779322202.313596) can0 1AD#80140E0059321818
(1779322202.314597) can0 2AD#D20C800C80140016
(1779322202.315596) can0 3AD#0000000000008014
(1779322202.316596) can0 4AD#EB00000000000000
(1779322202.317596) can0 76A#7F00000000000000
(1779322202.376347) can0 0000E005#1702440003B60591
(1779322202.376910) can0 1806E5F4#13CB010003B6023A
(1779322202.377653) can0 0000E000#13CB13CB020CFFF2
(1779322202.378664) can0 0000E004#181803B603B601E1
(1779322202.379638) can0 0000E006#0CCF0CCF0CCF0CCF
(1779322202.380643) can0 0000E007#0CCF0CD00CD00CD0
(1779322202.381656) can0 0000E008#0CD00CD00CCF0CCF
(1779322202.382638) can0 0000E009#0CCF0CD00CD00CD2
(1779322202.383687) can0 0000E010#0000000000000000
(1779322202.384682) can0 0000E011#0000000000000000
(1779322202.385663) can0 0000E012#0CD0000200000000
(1779322202.386683) can0 0000F001#0000000000000000
(1779322202.387661) can0 18FF28F4#10320000020C0000
(1779322202.388644) can0 18FE28F4#0CD20CCF40400000
(1779322202.389675) can0 18FD28F4#1702FA6F00000000
(1779322202.390599) can0 4D4#000032F17C0C0203
(1779322202.391599) can0 4D5#CF0CD20C40400000
(1779322202.392644) can0 18914010#0CD2100CCF010000
(1779322202.393644) can0 18904010#020C020C752101FA
(1779322202.394645) can0 18FA28F4#123EA12C01270000
(1779322202.395637) can0 18FB28F4#D20CCF0C40400000
(1779322202.396656) can0 18FC28F4#383200000C020000
(1779322202.397669) can0 18F810F3#0C02F60332640100
(1779322202.398670) can0 18F815F3#0000000010030000
(1779322202.399599) can0 273#000000000C023200
(1779322202.400599) can0 1E1#020C270101FA01FA
(1779322202.401599) can0 1F5#0000000000000000
(1779322202.402670) can0 0800A6A9#0000000000000000
(1779322202.403630) can0 1000A6A9#0C027913324A4A4A
(1779322202.404663) can0 1C00A6A9#0000010000030000
(1779322202.405708) can0 02018100#1003020C00000000
(1779322202.406658) can0 02028100#000E023264000000
(1779322202.407639) can0 02038100#0CD201100CCF0101
(1779322202.408650) can0 02048100#4A01014A01010000
(1779322202.409599) can0 1AD#80140E0059321818
(1779322202.410600) can0 2AD#D20C800C80140016
(1779322202.411599) can0 3AD#0000000000008014
(1779322202.412599) can0 4AD#EB00000000000000
(1779322202.413625) can0 76A#7F00000000000000
(1779322202.476306) can0 0000E005#1702440003B60591
(1779322202.476857) can0 1806E5F4#13CB010003B6023A
(1779322202.477654) can0 0000E000#13CB13CB020CFFF2
(1779322202.478648) can0 0000E004#181803B603B601E1
(1779322202.479635) can0 0000E006#0CCF0CCF0CCF0CCF
(1779322202.480647) can0 0000E007#0CCF0CD00CD00CD0
(1779322202.481641) can0 0000E008#0CD00CD00CCF0CCF
(1779322202.482673) can0 0000E009#0CCF0CD00CD00CD2
(1779322202.483672) can0 0000E010#0000000000000000
(1779322202.484668) can0 0000E011#0000000000000000
(1779322202.485668) can0 0000E012#0CD0000200000000
(1779322202.486688) can0 0000F001#0000000000000000
(1779322202.487648) can0 18FF28F4#10320000020C0000
(1779322202.488642) can0 18FE28F4#0CD20CCF40400000
(1779322202.489648) can0 18FD28F4#1702FA6F00000000
(1779322202.490610) can0 4D4#000032F17C0C0203
(1779322202.491543) can0 4D5#CF0CD20C40400000
(1779322202.492641) can0 18914010#0CD2100CCF010000
(1779322202.493641) can0 18904010#020C020C752101FA
(1779322202.494656) can0 18FA28F4#123EA12C01270000
(1779322202.495635) can0 18FB28F4#D20CCF0C40400000
(1779322202.496649) can0 18FC28F4#383200000C020000
(1779322202.497628) can0 18F810F3#0C02F60332640100
(1779322202.498712) can0 18F815F3#0000000010030000
(1779322202.499603) can0 273#000000000C023200
(1779322202.500604) can0 1E1#020C270101FA01FA
(1779322202.501603) can0 1F5#0000000000000000
(1779322202.502661) can0 0800A6A9#0000000000000000
(1779322202.503629) can0 1000A6A9#0C027913324A4A4A
(1779322202.504654) can0 1C00A6A9#0000010000030000
(1779322202.505673) can0 02018100#1003020C00000000
(1779322202.506655) can0 02028100#000E023264000000
(1779322202.507650) can0 02038100#0CD201100CCF0101
(1779322202.508641) can0 02048100#4A01014A01010000
(1779322202.509546) can0 1AD#80140E0059321818
(1779322202.510606) can0 2AD#D20C800C80140016
(1779322202.511605) can0 3AD#0000000000008014
(1779322202.512605) can0 4AD#EB00000000000000
(1779322202.513604) can0 76A#7F00000000000000
(1779322202.576343) can0 0000E005#1702440003B60591
(1779322202.576907) can0 1806E5F4#13CB010003B6023A
(1779322202.577645) can0 0000E000#13CB13CB020CFFE4
(1779322202.578645) can0 0000E004#181803B603B601E1
(1779322202.579628) can0 0000E006#0CCF0CCF0CCF0CCF
(1779322202.580625) can0 0000E007#0CCF0CCF0CCF0CCF
(1779322202.581614) can0 0000E008#0CCF0CCF0CCF0CCF
(1779322202.582641) can0 0000E009#0CCF0CD00CD00CD0
(1779322202.583664) can0 0000E010#0000000000000000
(1779322202.584665) can0 0000E011#0000000000000000
(1779322202.585667) can0 0000E012#0CD0000000000000
(1779322202.586679) can0 0000F001#0000000000000000
(1779322202.587660) can0 18FF28F4#10320000020C0000
(1779322202.588640) can0 18FE28F4#0CD00CCF40400000
(1779322202.589659) can0 18FD28F4#1702FA6F00000000
(1779322202.590608) can0 4D4#000032E37C0C0203
(1779322202.591548) can0 4D5#CF0CD00C40400000
(1779322202.592646) can0 18914010#0CD00E0CCF010000
(1779322202.593645) can0 18904010#020C020C751301FA
(1779322202.594648) can0 18FA28F4#123EA12CF3260000
(1779322202.595641) can0 18FB28F4#D00CCF0C40400000
(1779322202.596659) can0 18FC28F4#383200000C020000
(1779322202.597639) can0 18F810F3#0C02040432640100
(1779322202.598673) can0 18F815F3#0000000010030000
(1779322202.599609) can0 273#000000000C023200
(1779322202.600608) can0 1E1#020C26F301FA01FA
(1779322202.601609) can0 1F5#0000000000000000
(1779322202.602668) can0 0800A6A9#0000000000000000
(1779322202.603616) can0 1000A6A9#0C026B13324A4A4A
(1779322202.604665) can0 1C00A6A9#0000010000030000
(1779322202.605656) can0 02018100#1003020C00000000
(1779322202.606641) can0 02028100#001C023264000000
(1779322202.607640) can0 02038100#0CD0010E0CCF0101
(1779322202.608653) can0 02048100#4A01014A01010000
(1779322202.609543) can0 1AD#80141C0059321818
(1779322202.610609) can0 2AD#D00C800C80140016
(1779322202.611608) can0 3AD#0000000000008014
(1779322202.612608) can0 4AD#EB00000000000000
(1779322202.613608) can0 76A#7F00000000000000
(1779322202.676355) can0 0000E005#1702440003B60591
(1779322202.676916) can0 1806E5F4#13CB010003B6023A
(1779322202.677652) can0 0000E000#13CB13CB020CFFE4
(1779322202.678644) can0 0000E004#181803B603B601E1
(1779322202.679631) can0 0000E006#0CCF0CCF0CCF0CCF
(1779322202.680630) can0 0000E007#0CCF0CCF0CCF0CCF
(1779322202.681642) can0 0000E008#0CCF0CCF0CCF0CCF
(1779322202.682634) can0 0000E009#0CCF0CD00CD00CD0
(1779322202.683668) can0 0000E010#0000000000000000
(1779322202.684668) can0 0000E011#0000000000000000
(1779322202.685649) can0 0000E012#0CD0000000000000
(1779322202.686668) can0 0000F001#0000000000000000
(1779322202.687652) can0 18FF28F4#10320000020C0000
(1779322202.688644) can0 18FE28F4#0CD00CCF40400000
(1779322202.689663) can0 18FD28F4#1702FA6F00000000
(1779322202.690613) can0 4D4#000032E37C0C0203
(1779322202.691545) can0 4D5#CF0CD00C40400000
(1779322202.692630) can0 18914010#0CD00E0CCF010000
(1779322202.693630) can0 18904010#020C020C751301FA
(1779322202.694627) can0 18FA28F4#123EA12CF3260000
(1779322202.695624) can0 18FB28F4#D00CCF0C40400000
(1779322202.696656) can0 18FC28F4#383200000C020000
(1779322202.697657) can0 18F810F3#0C02040432640100
(1779322202.698656) can0 18F815F3#0000000010030000
(1779322202.699554) can0 273#000000000C023200
(1779322202.700553) can0 1E1#020C26F301FA01FA
(1779322202.701611) can0 1F5#0000000000000000
(1779322202.702659) can0 0800A6A9#0000000000000000
(1779322202.703611) can0 1000A6A9#0C026B13324A4A4A
(1779322202.704658) can0 1C00A6A9#0000010000030000
(1779322202.705701) can0 02018100#1003020C00000000
(1779322202.706651) can0 02028100#001C023264000000
(1779322202.707650) can0 02038100#0CD0010E0CCF0101
(1779322202.708643) can0 02048100#4A01014A01010000
(1779322202.709535) can0 1AD#80141C0059321818
(1779322202.710552) can0 2AD#D00C800C80140016
(1779322202.711613) can0 3AD#0000000000008014
(1779322202.712614) can0 4AD#EB00000000000000
(1779322202.713612) can0 76A#7F00000000000000
(1779322202.793323) can0 0000E005#1702440003B60591
(1779322202.793887) can0 1806E5F4#13CB010003B6023A
(1779322202.794643) can0 0000E000#13CB13CB020CFFE1
(1779322202.795641) can0 0000E004#181803B603B601E1
(1779322202.796615) can0 0000E006#0CCF0CCF0CCF0CCF
(1779322202.797616) can0 0000E007#0CCF0CCF0CCF0CCF
(1779322202.798667) can0 0000E008#0CCF0CCF0CCF0CCF
(1779322202.799615) can0 0000E009#0CCF0CCF0CCF0CCF
(1779322202.800660) can0 0000E010#0000000000000000
(1779322202.801662) can0 0000E011#0000000000000000
(1779322202.802642) can0 0000E012#0CCF000000000000
(1779322202.803622) can0 0000E013#4542323630354C43
(1779322202.804639) can0 0000E014#3134323300000000
(1779322202.805654) can0 0000E015#0000000000000003
(1779322202.806667) can0 0000F000#0000000000000000
(1779322202.807669) can0 0000F001#0000000000000000
(1779322202.808649) can0 18FF28F4#10320000020C0000
(1779322202.809629) can0 18FE28F4#0CCF0CCF40400000
(1779322202.810649) can0 18FD28F4#1702FA6F00000000
(1779322202.811559) can0 4D4#000032E07C0C0203
(1779322202.812532) can0 4D5#CF0CCF0C40400000
(1779322202.813617) can0 18914010#0CCF0E0CCF010000
(1779322202.814636) can0 18904010#020C020C751001FA
(1779322202.815655) can0 18924010#4001400100000000
(1779322202.816632) can0 18934010#020001340000BC0F
(1779322202.817649) can0 18944010#1003000100000000
(1779322202.818662) can0 18954010#0000000000000000
(1779322202.819662) can0 18954010#0100000000000000
(1779322202.820656) can0 18954010#0200000000000000
(1779322202.821655) can0 18954010#0300000000000000
(1779322202.822656) can0 18954010#0400000000000000
(1779322202.823655) can0 18954010#0500000000000000
(1779322202.824649) can0 18964010#0040404000000000
(1779322202.825661) can0 18974010#0000000000000000
(1779322202.826663) can0 18984010#0000000000000000
(1779322202.827623) can0 18FA28F4#123EA12CF0260000
(1779322202.828617) can0 18FB28F4#CF0CCF0C40400000
(1779322202.829636) can0 18FC28F4#383200000C020000
(1779322202.830630) can0 18F810F3#0C02070432640100
(1779322202.831630) can0 18F811F3#CF0C0E01CF0C0101
(1779322202.832641) can0 18F812F3#4001014001010000
(1779322202.833655) can0 18F813F3#0101000000000000
(1779322202.834637) can0 18F814F3#3200EA1AA9015F00
(1779322202.835663) can0 18F815F3#0000000010030000
(1779322202.836541) can0 273#000000000C023200
(1779322202.837540) can0 1E1#020C26F001FA01FA
(1779322202.838618) can0 1F5#0000000000000000
(1779322202.839650) can0 0800A6A9#0000000000000000
(1779322202.840618) can0 1000A6A9#0C026813324A4A4A
(1779322202.841644) can0 1C00A6A9#0000010000030000
(1779322202.842657) can0 02018100#1003020C00000000
(1779322202.843675) can0 02028100#001F023264000000
(1779322202.844634) can0 02038100#0CCF010E0CCF0101
(1779322202.845638) can0 02048100#4A01014A01010000
(1779322202.846530) can0 1AD#7E141F0059321818
(1779322202.847528) can0 2AD#CF0C800C7E140016
(1779322202.848619) can0 3AD#0000000000007E14
(1779322202.849553) can0 4AD#EB00000000000000
(1779322202.850552) can0 76A#7F00000000000000
(1779322202.909291) can0 0000E005#1702440003B60591
(1779322202.909844) can0 1806E5F4#13CB010003B6023A
(1779322202.910634) can0 0000E000#13CB13CB020CFFE1
(1779322202.911627) can0 0000E004#181803B603B601E1
(1779322202.912627) can0 0000E006#0CCF0CCF0CCF0CCF
(1779322202.913620) can0 0000E007#0CCF0CCF0CCF0CCF
(1779322202.914621) can0 0000E008#0CCF0CCF0CCF0CCF
(1779322202.915620) can0 0000E009#0CCF0CCF0CCF0CCF
(1779322202.916665) can0 0000E010#0000000000000000
(1779322202.917665) can0 0000E011#0000000000000000
(1779322202.918647) can0 0000E012#0CCF000000000000
(1779322202.919660) can0 0000F001#0000000000000000
(1779322202.920659) can0 18FF28F4#10320000020C0000
(1779322202.921620) can0 18FE28F4#0CCF0CCF40400000
(1779322202.922640) can0 18FD28F4#1702FA6F00000000
(1779322202.923544) can0 4D4#000032E07C0C0203
(1779322202.924529) can0 4D5#CF0CCF0C40400000
(1779322202.925633) can0 18914010#0CCF0E0CCF010000
(1779322202.926628) can0 18904010#020C020C751001FA
(1779322202.927628) can0 18FA28F4#123EA12CF0260000
(1779322202.928646) can0 18FB28F4#CF0CCF0C40400000
(1779322202.929641) can0 18FC28F4#383200000C020000
(1779322202.930622) can0 18F810F3#0C02070432640100
(1779322202.931653) can0 18F815F3#0000000010030000
(1779322202.932544) can0 273#000000000C023200
(1779322202.933530) can0 1E1#020C26F001FA01FA
(1779322202.934562) can0 1F5#0000000000000000
(1779322202.935647) can0 0800A6A9#0000000000000000
(1779322202.936644) can0 1000A6A9#0C026813324A4A4A
(1779322202.937647) can0 1C00A6A9#0000010000030000
(1779322202.938659) can0 02018100#1003020C00000000
(1779322202.939642) can0 02028100#001F023264000000
(1779322202.940634) can0 02038100#0CCF010E0CCF0101
(1779322202.941634) can0 02048100#4A01014A01010000
(1779322202.942526) can0 1AD#7E141F0059321818
(1779322202.943524) can0 2AD#CF0C800C7E140016
(1779322202.944622) can0 3AD#0000000000007E14
(1779322202.945544) can0 4AD#EB00000000000000
(1779322202.946545) can0 76A#7F00000000000000
(1779322203.009282) can0 0000E005#1702440003B60591
(1779322203.009830) can0 1806E5F4#13CB010003B6023A
(1779322203.010629) can0 0000E000#13CB13CB020CFFE1
(1779322203.011632) can0 0000E004#181803B603B601E1
(1779322203.012627) can0 0000E006#0CCF0CCF0CCF0CCF
(1779322203.013643) can0 0000E007#0CCF0CCF0CCF0CCF
(1779322203.014625) can0 0000E008#0CCF0CCF0CCF0CCF
(1779322203.015624) can0 0000E009#0CCF0CCF0CCF0CCF
(1779322203.016658) can0 0000E010#0000000000000000
(1779322203.017648) can0 0000E011#0000000000000000
(1779322203.018632) can0 0000E012#0CCF000000000000
(1779322203.019664) can0 0000F001#0000000000000000
(1779322203.020624) can0 18FF28F4#10320000020C0000
(1779322203.021656) can0 18FE28F4#0CCF0CCF40400000
(1779322203.022625) can0 18FD28F4#1702FA6F00000000
(1779322203.023560) can0 4D4#000032E07C0C0203
(1779322203.024521) can0 4D5#CF0CCF0C40400000
(1779322203.025625) can0 18914010#0CCF0E0CCF010000
(1779322203.026627) can0 18904010#020C020C751001FA
(1779322203.027625) can0 18FA28F4#123EA12CF0260000
(1779322203.028624) can0 18FB28F4#CF0CCF0C40400000
(1779322203.029678) can0 18FC28F4#383200000C020000
(1779322203.030627) can0 18F810F3#0C02070432640100
(1779322203.031646) can0 18F815F3#0000000010030000
(1779322203.032537) can0 273#000000000C023200
(1779322203.033519) can0 1E1#020C26F001FA01FA
(1779322203.034547) can0 1F5#0000000000000000
(1779322203.035651) can0 0800A6A9#0000000000000000
(1779322203.036625) can0 1000A6A9#0C026813324A4A4A
(1779322203.037644) can0 1C00A6A9#0000010000030000
(1779322203.038644) can0 02018100#1003020C00000000
(1779322203.039645) can0 02028100#001F023264000000
(1779322203.040624) can0 02038100#0CCF010E0CCF0101
(1779322203.041633) can0 02048100#4A01014A01010000
(1779322203.042515) can0 1AD#7E141F0059321818
(1779322203.043513) can0 2AD#CF0C800C7E140016
(1779322203.044541) can0 3AD#0000000000007E14
(1779322203.045551) can0 4AD#EB00000000000000
(1779322203.046548) can0 76A#7F00000000000000
(1779322203.109330) can0 0000E005#1702440003B60591
(1779322203.109867) can0 1806E5F4#13CB010003B6023A
(1779322203.110630) can0 0000E000#13CB13CB020CFFD3
(1779322203.111629) can0 0000E004#181803B603B601E1
(1779322203.112629) can0 0000E006#0CCC0CCC0CCC0CCE
(1779322203.113628) can0 0000E007#0CCC0CCC0CCC0CCC
(1779322203.114630) can0 0000E008#0CCC0CCE0CCE0CCE
(1779322203.115629) can0 0000E009#0CCE0CCC0CCE0CCF
(1779322203.116654) can0 0000E010#0000000000000000
(1779322203.117654) can0 0000E011#0000000000000000
(1779322203.118630) can0 0000E012#0CCD000300000000
(1779322203.119648) can0 0000F001#0000000000000000
(1779322203.120629) can0 18FF28F4#10320000020C0000
(1779322203.121629) can0 18FE28F4#0CCF0CCC40400000
(1779322203.122630) can0 18FD28F4#1702FA6F00000000
(1779322203.123533) can0 4D4#000032D27C0C0203
(1779322203.124519) can0 4D5#CC0CCF0C40400000
(1779322203.125629) can0 18914010#0CCF100CCC080000
(1779322203.126630) can0 18904010#020C020C750201FA
(1779322203.127629) can0 18FA28F4#123EA12CE2260000
(1779322203.128629) can0 18FB28F4#CF0CCC0C40400000
(1779322203.129629) can0 18FC28F4#383200000C020000
(1779322203.130629) can0 18F810F3#0C02150432640100
(1779322203.131648) can0 18F815F3#0000000010030000
(1779322203.132540) can0 273#000000000C023200
(1779322203.133526) can0 1E1#020C26E201FA01FA
(1779322203.134559) can0 1F5#0000000000000000
(1779322203.135643) can0 0800A6A9#0000000000000000
(1779322203.136630) can0 1000A6A9#0C025A13324A4A4A
(1779322203.137630) can0 1C00A6A9#0000010000030000
(1779322203.138645) can0 02018100#1003020C00000000
(1779322203.139629) can0 02028100#002D023264000000
(1779322203.140630) can0 02038100#0CCF01100CCC0108
(1779322203.141630) can0 02048100#4A01014A01010000
(1779322203.142502) can0 1AD#7B142D0059321818
(1779322203.143518) can0 2AD#CF0C800C7B140016
(1779322203.144526) can0 3AD#0000000000007B14
(1779322203.145539) can0 4AD#EB00000000000000
(1779322203.146540) can0 76A#7F00000000000000
(1779322203.209268) can0 0000E005#1702440003B60591
(1779322203.209823) can0 1806E5F4#13CB010003B6023A
(1779322203.210634) can0 0000E000#13CB13CB020CFFD3
(1779322203.211634) can0 0000E004#181803B603B601E1
(1779322203.212633) can0 0000E006#0CCC0CCC0CCC0CCE
(1779322203.213633) can0 0000E007#0CCC0CCC0CCC0CCC
(1779322203.214633) can0 0000E008#0CCC0CCE0CCE0CCE
(1779322203.215633) can0 0000E009#0CCE0CCC0CCE0CCF
(1779322203.216652) can0 0000E010#0000000000000000
(1779322203.217648) can0 0000E011#0000000000000000
(1779322203.218634) can0 0000E012#0CCD000300000000
(1779322203.219646) can0 0000F001#0000000000000000
(1779322203.220639) can0 18FF28F4#10320000020C0000
(1779322203.221633) can0 18FE28F4#0CCF0CCC40400000
(1779322203.222635) can0 18FD28F4#1702FA6F00000000
(1779322203.223532) can0 4D4#000032D27C0C0203
(1779322203.224516) can0 4D5#CC0CCF0C40400000
(1779322203.225634) can0 18914010#0CCF100CCC080000
(1779322203.226635) can0 18904010#020C020C750201FA
(1779322203.227633) can0 18FA28F4#123EA12CE2260000
(1779322203.228633) can0 18FB28F4#CF0CCC0C40400000
(1779322203.229633) can0 18FC28F4#383200000C020000
(1779322203.230636) can0 18F810F3#0C02150432640100
(1779322203.231642) can0 18F815F3#0000000010030000
(1779322203.232538) can0 273#000000000C023200
(1779322203.233522) can0 1E1#020C26E201FA01FA
(1779322203.234551) can0 1F5#0000000000000000
(1779322203.235635) can0 0800A6A9#0000000000000000
(1779322203.236634) can0 1000A6A9#0C025A13324A4A4A
(1779322203.237634) can0 1C00A6A9#0000010000030000
(1779322203.238648) can0 02018100#1003020C00000000
(1779322203.239635) can0 02028100#002D023264000000
(1779322203.240635) can0 02038100#0CCF01100CCC0108
(1779322203.241635) can0 02048100#4A01014A01010000
(1779322203.242499) can0 1AD#7B142D0059321818
(1779322203.243510) can0 2AD#CF0C800C7B140016
(1779322203.244574) can0 3AD#0000000000007B14
(1779322203.245531) can0 4AD#EB00000000000000
(1779322203.246531) can0 76A#7F00000000000000
(1779322203.326307) can0 0000E005#1702440003B60591
(1779322203.326869) can0 1806E5F4#13CB010003B6023A
(1779322203.327638) can0 0000E000#13CB13CB020BFFC1
(1779322203.328639) can0 0000E004#181803B603B601E1
(1779322203.329645) can0 0000E006#0CC90CC90CC90CCB
(1779322203.330638) can0 0000E007#0CC90CC90CCB0CC9
(1779322203.331637) can0 0000E008#0CC90CC90CC90CC9
(1779322203.332638) can0 0000E009#0CC90CC90CC90CCB
(1779322203.333637) can0 0000E010#0000000000000000
(1779322203.334637) can0 0000E011#0000000000000000
(1779322203.335637) can0 0000E012#0CC9000200000000
(1779322203.336637) can0 0000E013#4542323630354C43
(1779322203.337637) can0 0000E014#3134323300000000
(1779322203.338638) can0 0000E015#0000000000000003
(1779322203.339639) can0 0000F000#0000000000000000
(1779322203.340637) can0 0000F001#0000000000000000
(1779322203.341637) can0 18FF28F4#10320000020B0000
(1779322203.342640) can0 18FE28F4#0CCB0CC940400000
(1779322203.343638) can0 18FD28F4#1702FA6F00000000
(1779322203.344535) can0 4D4#000032C07C0B0203
(1779322203.345507) can0 4D5#C90CCB0C40400000
(1779322203.346639) can0 18914010#0CCB040CC90B0000
(1779322203.347638) can0 18904010#020B020B74F001FA
(1779322203.348638) can0 18924010#4001400100000000
(1779322203.349640) can0 18934010#020001350000BC0F
(1779322203.350638) can0 18944010#1003000100000000
(1779322203.351644) can0 18954010#0000000000000000
(1779322203.352645) can0 18954010#0100000000000000
(1779322203.353638) can0 18954010#0200000000000000
(1779322203.354640) can0 18954010#0300000000000000
(1779322203.355638) can0 18954010#0400000000000000
(1779322203.356638) can0 18954010#0500000000000000
(1779322203.357638) can0 18964010#0040404000000000
(1779322203.358639) can0 18974010#0000000000000000
(1779322203.359638) can0 18984010#0000000000000000
(1779322203.360640) can0 18FA28F4#123EA12CD0260000
(1779322203.361640) can0 18FB28F4#CB0CC90C40400000
(1779322203.362639) 