(1779321675.937930) can0 0000E005#1702440003B60591
(1779321675.938479) can0 1806E5F4#13D2010003B6023A
(1779321675.939320) can0 0000E000#13D213D2020D0000
(1779321675.940316) can0 0000E004#181803B603B601E2
(1779321675.941364) can0 0000E006#0CD60CD60CD50CD6
(1779321675.942289) can0 0000E007#0CD60CD50CD60CD6
(1779321675.943306) can0 0000E008#0CD60CD60CD60CD5
(1779321675.944304) can0 0000E009#0CD60CD60CD60CD6
(1779321675.945329) can0 0000E010#0000000000000000
(1779321675.946335) can0 0000E011#0000000000000000
(1779321675.947314) can0 0000E012#0CD5000100000000
(1779321675.948343) can0 0000F001#0000000000000000
(1779321675.949324) can0 18FF28F4#10320000020D0000
(1779321675.950299) can0 18FE28F4#0CD60CD540400000
(1779321675.951318) can0 18FD28F4#1702FA6F00000000
(1779321675.952258) can0 4D4#000032007D0D0203
(1779321675.953259) can0 4D5#D50CD60C40400000
(1779321675.954306) can0 18914010#0CD6100CD5030000
(1779321675.955309) can0 18904010#020D020D753001FB
(1779321675.956314) can0 18FA28F4#123EA12C10270000
(1779321675.957297) can0 18FB28F4#D60CD50C40400000
(1779321675.958328) can0 18FC28F4#383200000D020000
(1779321675.959294) can0 18F810F3#0D02E80332640100
(1779321675.960322) can0 18F815F3#0000000010030000
(1779321675.961263) can0 273#000000000D023200
(1779321675.962264) can0 1E1#020D271001FB01FB
(1779321675.963265) can0 1F5#0000000000000000
(1779321675.964314) can0 0800A6A9#0000000000000000
(1779321675.965280) can0 1000A6A9#0D028813324A4A4A
(1779321675.966314) can0 1C00A6A9#0000000000030000
(1779321675.967324) can0 02018100#1003020D00000000
(1779321675.968318) can0 02028100#0000003264000000
(1779321675.969300) can0 02038100#0CD601100CD50103
(1779321675.970316) can0 02048100#4A01014A01010000
(1779321675.971204) can0 1AD#8914000059321818
(1779321675.972202) can0 2AD#D60C800C89140016
(1779321675.973263) can0 3AD#0000000000008914
(1779321675.974275) can0 4AD#EB00000000000000
(1779321675.975273) can0 76A#7F00000000000000
(1779321676.037874) can0 0000E005#1702440003B60591
(1779321676.038424) can0 1806E5F4#13D2010003B6023A
(1779321676.039295) can0 0000E000#13D213D2020D0000
(1779321676.040295) can0 0000E004#181803B603B601E2
(1779321676.041303) can0 0000E006#0CD60CD60CD50CD6
(1779321676.042304) can0 0000E007#0CD60CD50CD60CD6
(1779321676.043294) can0 0000E008#0CD60CD60CD60CD5
(1779321676.044290) can0 0000E009#0CD60CD60CD60CD6
(1779321676.045333) can0 0000E010#0000000000000000
(1779321676.046326) can0 0000E011#0000000000000000
(1779321676.047308) can0 0000E012#0CD5000100000000
(1779321676.048326) can0 0000F001#0000000000000000
(1779321676.049307) can0 18FF28F4#10320000020D0000
(1779321676.050326) can0 18FE28F4#0CD60CD540400000
(1779321676.051303) can0 18FD28F4#1702FA6F00000000
(1779321676.052266) can0 4D4#000032007D0D0203
(1779321676.053203) can0 4D5#D50CD60C40400000
(1779321676.054289) can0 18914010#0CD6100CD5030000
(1779321676.055302) can0 18904010#020D020D753001FB
(1779321676.056302) can0 18FA28F4#123EA12C10270000
(1779321676.057300) can0 18FB28F4#D60CD50C40400000
(1779321676.058318) can0 18FC28F4#383200000D020000
(1779321676.059288) can0 18F810F3#0D02E80332640100
(1779321676.060326) can0 18F815F3#0000000010030000
(1779321676.061271) can0 273#000000000D023200
(1779321676.062202) can0 1E1#020D271001FB01FB
(1779321676.063267) can0 1F5#0000000000000000
(1779321676.064310) can0 0800A6A9#0000000000000000
(1779321676.065271) can0 1000A6A9#0D028813324A4A4A
(1779321676.066306) can0 1C00A6A9#0000000000030000
(1779321676.067331) can0 02018100#1003020D00000000
(1779321676.068329) can0 02028100#0000003264000000
(1779321676.069297) can0 02038100#0CD601100CD50103
(1779321676.070308) can0 02048100#4A01014A01010000
(1779321676.071264) can0 1AD#8914000059321818
(1779321676.072192) can0 2AD#D60C800C89140016
(1779321676.073263) can0 3AD#0000000000008914
(1779321676.074263) can0 4AD#EB00000000000000
(1779321676.075264) can0 76A#7F00000000000000
(1779321676.154882) can0 0000E005#1702440003B60591
(1779321676.155427) can0 1806E5F4#13D2010003B6023A
(1779321676.156340) can0 0000E000#13D213D2020D0000
(1779321676.157315) can0 0000E004#181803B603B601E2
(1779321676.158293) can0 0000E006#0CD60CD60CD60CD6
(1779321676.159294) can0 0000E007#0CD60CD50CD60CD6
(1779321676.160296) can0 0000E008#0CD60CD60CD60CD5
(1779321676.161294) can0 0000E009#0CD60CD60CD60CD6
(1779321676.162319) can0 0000E010#0000000000000000
(1779321676.163323) can0 0000E011#0000000000000000
(1779321676.164349) can0 0000E012#0CD5000100000000
(1779321676.165281) can0 0000E013#4542323630354C43
(1779321676.166313) can0 0000E014#3134323300000000
(1779321676.167306) can0 0000E015#0000000000000003
(1779321676.168325) can0 0000F000#0000000000000000
(1779321676.169319) can0 0000F001#0000000000000000
(1779321676.170300) can0 18FF28F4#10320000020D0000
(1779321676.171302) can0 18FE28F4#0CD60CD540400000
(1779321676.172293) can0 18FD28F4#1702FA6F00000000
(1779321676.173207) can0 4D4#000032007D0D0203
(1779321676.174207) can0 4D5#D50CD60C40400000
(1779321676.175301) can0 18914010#0CD6100CD5060000
(1779321676.176287) can0 18904010#020D020D753001FB
(1779321676.177301) can0 18924010#4001400100000000
(1779321676.178300) can0 18934010#000000580000BC51
(1779321676.179313) can0 18944010#1003000000000000
(1779321676.180377) can0 18954010#0000000000000000
(1779321676.181325) can0 18954010#0100000000000000
(1779321676.182319) can0 18954010#0200000000000000
(1779321676.183320) can0 18954010#0300000000000000
(1779321676.184314) can0 18954010#0400000000000000
(1779321676.185318) can0 18954010#0500000000000000
(1779321676.186311) can0 18964010#0040404000000000
(1779321676.187342) can0 18974010#0000000000000000
(1779321676.188326) can0 18984010#0000000000000000
(1779321676.189305) can0 18FA28F4#123EA12C10270000
(1779321676.190294) can0 18FB28F4#D60CD50C40400000
(1779321676.191308) can0 18FC28F4#383200000D020000
(1779321676.192288) can0 18F810F3#0D02E80332640100
(1779321676.193301) can0 18F811F3#D60C1001D50C0601
(1779321676.194299) can0 18F812F3#4001014001010000
(1779321676.195308) can0 18F813F3#0101000000000000
(1779321676.196286) can0 18F814F3#3200EA1AA9015F00
(1779321676.197313) can0 18F815F3#0000000010030000
(1779321676.198210) can0 273#000000000D023200
(1779321676.199189) can0 1E1#020D271001FB01FB
(1779321676.200269) can0 1F5#0000000000000000
(1779321676.201314) can0 0800A6A9#0000000000000000
(1779321676.202275) can0 1000A6A9#0D028813324A4A4A
(1779321676.203307) can0 1C00A6A9#0000000000030000
(1779321676.204308) can0 02018100#1003020D00000000
(1779321676.205318) can0 02028100#0000003264000000
(1779321676.206313) can0 02038100#0CD601100CD50106
(1779321676.207314) can0 02048100#4A01014A01010000
(1779321676.208175) can0 1AD#8914000059321818
(1779321676.209209) can0 2AD#D60C800C89140016
(1779321676.210209) can0 3AD#0000000000008914
(1779321676.211271) can0 4AD#EB00000000000000
(1779321676.212269) can0 76A#7F00000000000000
(1779321676.270871) can0 0000E005#1702440003B60591
(1779321676.271416) can0 1806E5F4#13D2010003B6023A
(1779321676.272298) can0 0000E000#13D213D2020D0000
(1779321676.273291) can0 0000E004#181803B603B601E2
(1779321676.274272) can0 0000E006#0CD60CD60CD60CD6
(1779321676.275272) can0 0000E007#0CD60CD50CD60CD6
(1779321676.276285) can0 0000E008#0CD60CD60CD60CD5
(1779321676.277280) can0 0000E009#0CD60CD60CD60CD6
(1779321676.278330) can0 0000E010#0000000000000000
(1779321676.279311) can0 0000E011#0000000000000000
(1779321676.280292) can0 0000E012#0CD5000100000000
(1779321676.281319) can0 0000F001#0000000000000000
(1779321676.282305) can0 18FF28F4#10320000020D0000
(1779321676.283286) can0 18FE28F4#0CD60CD540400000
(1779321676.284299) can0 18FD28F4#1702FA6F00000000
(1779321676.285194) can0 4D4#000032007D0D0203
(1779321676.286212) can0 4D5#D50CD60C40400000
(1779321676.287292) can0 18914010#0CD6100CD5060000
(1779321676.288292) can0 18904010#020D020D753001FB
(1779321676.289281) can0 18FA28F4#123EA12C10270000
(1779321676.290286) can0 18FB28F4#D60CD50C40400000
(1779321676.291312) can0 18FC28F4#383200000D020000
(1779321676.292273) can0 18F810F3#0D02E80332640100
(1779321676.293304) can0 18F815F3#0000000010030000
(1779321676.294273) can0 273#000000000D023200
(1779321676.295202) can0 1E1#020D271001FB01FB
(1779321676.296212) can0 1F5#0000000000000000
(1779321676.297311) can0 0800A6A9#0000000000000000
(1779321676.298274) can0 1000A6A9#0D028813324A4A4A
(1779321676.299306) can0 1C00A6A9#0000000000030000
(1779321676.300305) can0 02018100#1003020D00000000
(1779321676.301297) can0 02028100#0000003264000000
(1779321676.302312) can0 02038100#0CD601100CD50106
(1779321676.303293) can0 02048100#4A01014A01010000
(1779321676.304189) can0 1AD#8914000059321818
(1779321676.305180) can0 2AD#D60C800C89140016
(1779321676.306194) can0 3AD#0000000000008914
(1779321676.307207) can0 4AD#EB00000000000000
(1779321676.308201) can0 76A#7F00000000000000
(1779321676.370909) can0 0000E005#1702440003B60591
(1779321676.371465) can0 1806E5F4#13D2010003B6023A
(1779321676.372297) can0 0000E000#13D213D2020D0000
(1779321676.373290) can0 0000E004#181803B603B601E2
(1779321676.374277) can0 0000E006#0CD60CD60CD60CD6
(1779321676.375288) can0 0000E007#0CD60CD50CD60CD6
(1779321676.376282) can0 0000E008#0CD60CD60CD60CD5
(1779321676.377289) can0 0000E009#0CD60CD60CD60CD6
(1779321676.378317) can0 0000E010#0000000000000000
(1779321676.379344) can0 0000E011#0000000000000000
(1779321676.380291) can0 0000E012#0CD5000100000000
(1779321676.381322) can0 0000F001#0000000000000000
(1779321676.382303) can0 18FF28F4#10320000020D0000
(1779321676.383277) can0 18FE28F4#0CD60CD540400000
(1779321676.384297) can0 18FD28F4#1702FA6F00000000
(1779321676.385204) can0 4D4#000032007D0D0203
(1779321676.386183) can0 4D5#D50CD60C40400000
(1779321676.387322) can0 18914010#0CD6100CD5060000
(1779321676.388277) can0 18904010#020D020D753001FB
(1779321676.389278) can0 18FA28F4#123EA12C10270000
(1779321676.390277) can0 18FB28F4#D60CD50C40400000
(1779321676.391312) can0 18FC28F4#383200000D020000
(1779321676.392279) can0 18F810F3#0D02E80332640100
(1779321676.393303) can0 18F815F3#0000000010030000
(1779321676.394199) can0 273#000000000D023200
(1779321676.395278) can0 1E1#020D271001FB01FB
(1779321676.396277) can0 1F5#0000000000000000
(1779321676.397303) can0 0800A6A9#0000000000000000
(1779321676.398277) can0 1000A6A9#0D028813324A4A4A
(1779321676.399297) can0 1C00A6A9#0000000000030000
(1779321676.400310) can0 02018100#1003020D00000000
(1779321676.401303) can0 02028100#0000003264000000
(1779321676.402286) can0 02038100#0CD601100CD50106
(1779321676.403278) can0 02048100#4A01014A01010000
(1779321676.404180) can0 1AD#8914000059321818
(1779321676.405193) can0 2AD#D60C800C89140016
(1779321676.406204) can0 3AD#0000000000008914
(1779321676.407214) can0 4AD#EB00000000000000
(1779321676.408211) can0 76A#7F00000000000000
(1779321676.470838) can0 0000E005#1702440003B60591
(1779321676.471404) can0 1806E5F4#13D2010003B6023A
(1779321676.472326) can0 0000E000#13D213D2020D0000
(1779321676.473288) can0 0000E004#181803B603B601E2
(1779321676.474281) can0 0000E006#0CD60CD50CD60CD5
(1779321676.475282) can0 0000E007#0CD50CD50CD60CD6
(1779321676.476281) can0 0000E008#0CD60CD60CD60CD5
(1779321676.477281) can0 0000E009#0CD60CD60CD60CD6
(1779321676.478307) can0 0000E010#0000000000000000
(1779321676.479307) can0 0000E011#0000000000000000
(1779321676.480300) can0 0000E012#0CD5000100000000
(1779321676.481313) can0 0000F001#0000000000000000
(1779321676.482294) can0 18FF28F4#10320000020D0000
(1779321676.483282) can0 18FE28F4#0CD60CD540400000
(1779321676.484288) can0 18FD28F4#1702FA6F00000000
(1779321676.485203) can0 4D4#000032007D0D0203
(1779321676.486183) can0 4D5#D50CD60C40400000
(1779321676.487282) can0 18914010#0CD6100CD5020000
(1779321676.488282) can0 18904010#020D020D753001FB
(1779321676.489282) can0 18FA28F4#123EA12C10270000
(1779321676.490282) can0 18FB28F4#D60CD50C40400000
(1779321676.491308) can0 18FC28F4#383200000D020000
(1779321676.492282) can0 18F810F3#0D02E80332640100
(1779321676.493301) can0 18F815F3#0000000010030000
(1779321676.494198) can0 273#000000000D023200
(1779321676.495187) can0 1E1#020D271001FB01FB
(1779321676.496208) can0 1F5#0000000000000000
(1779321676.497307) can0 0800A6A9#0000000000000000
(1779321676.498282) can0 1000A6A9#0D028813324A4A4A
(1779321676.499290) can0 1C00A6A9#0000000000030000
(1779321676.500295) can0 02018100#1003020D00000000
(1779321676.501308) can0 02028100#0000003264000000
(1779321676.502282) can0 02038100#0CD601100CD50102
(1779321676.503282) can0 02048100#4A01014A01010000
(1779321676.504178) can0 1AD#8914000059321818
(1779321676.505178) can0 2AD#D60C800C89140016
(1779321676.506203) can0 3AD#0000000000008914
(1779321676.507196) can0 4AD#EB00000000000000
(1779321676.508213) can0 76A#7F00000000000000
(1779321676.570825) can0 0000E005#1702440003B60591
(1779321676.571388) can0 1806E5F4#13D2010003B6023A
(1779321676.572286) can0 0000E000#13D213D2020D0000
(1779321676.573287) can0 0000E004#181803B603B601E2
(1779321676.574286) can0 0000E006#0CD60CD50CD60CD5
(1779321676.575286) can0 0000E007#0CD50CD50CD60CD6
(1779321676.576286) can0 0000E008#0CD60CD60CD60CD5
(1779321676.577286) can0 0000E009#0CD60CD60CD60CD6
(1779321676.578312) can0 0000E010#0000000000000000
(1779321676.579312) can0 0000E011#0000000000000000
(1779321676.580286) can0 0000E012#0CD5000100000000
(1779321676.581305) can0 0000F001#0000000000000000
(1779321676.582305) can0 18FF28F4#10320000020D0000
(1779321676.583287) can0 18FE28F4#0CD60CD540400000
(1779321676.584287) can0 18FD28F4#1702FA6F00000000
(1779321676.585195) can0 4D4#000032007D0D0203
(1779321676.586194) can0 4D5#D50CD60C40400000
(1779321676.587287) can0 18914010#0CD6100CD5020000
(1779321676.588287) can0 18904010#020D020D753001FB
(1779321676.589287) can0 18FA28F4#123EA12C10270000
(1779321676.590288) can0 18FB28F4#D60CD50C40400000
(1779321676.591307) can0 18FC28F4#383200000D020000
(1779321676.592287) can0 18F810F3#0D02E80332640100
(1779321676.593300) can0 18F815F3#0000000010030000
(1779321676.594215) can0 273#000000000D023200
(1779321676.595182) can0 1E1#020D271001FB01FB
(1779321676.596206) can0 1F5#0000000000000000
(1779321676.597287) can0 0800A6A9#0000000000000000
(1779321676.598287) can0 1000A6A9#0D028813324A4A4A
(1779321676.599287) can0 1C00A6A9#0000000000030000
(1779321676.600293) can0 02018100#1003020D00000000
(1779321676.601287) can0 02028100#0000003264000000
(1779321676.602307) can0 02038100#0CD601100CD50102
(1779321676.603287) can0 02048100#4A01014A01010000
(1779321676.604158) can0 1AD#8914000059321818
(1779321676.605176) can0 2AD#D60C800C89140016
(1779321676.606189) can0 3AD#0000000000008914
(1779321676.607202) can0 4AD#EB00000000000000
(1779321676.608194) can0 76A#7F00000000000000
(1779321676.687836) can0 0000E005#1702440003B60591
(1779321676.688394) can0 1806E5F4#13D2010003B6023A
(1779321676.689292) can0 0000E000#13D213D2020D0000
(1779321676.690292) can0 0000E004#181803B603B601E2
(1779321676.691292) can0 0000E006#0CD60CD60CD50CD5
(1779321676.692292) can0 0000E007#0CD60CD50CD60CD6
(1779321676.693291) can0 0000E008#0CD60CD60CD60CD5
(1779321676.694292) can0 0000E009#0CD60CD60CD60CD6
(1779321676.695349) can0 0000E010#0000000000000000
(1779321676.696298) can0 0000E011#0000000000000000
(1779321676.697292) can0 0000E012#0CD5000100000000
(1779321676.698292) can0 0000E013#4542323630354C43
(1779321676.699292) can0 0000E014#3134323300000000
(1779321676.700299) can0 0000E015#0000000000000003
(1779321676.701292) can0 0000F000#0000000000000000
(1779321676.702292) can0 0000F001#0000000000000000
(1779321676.703324) can0 18FF28F4#10320000020D0000
(1779321676.704292) can0 18FE28F4#0CD60CD540400000
(1779321676.705292) can0 18FD28F4#1702FA6F00000000
(1779321676.706177) can0 4D4#000032007D0D0203
(1779321676.707181) can0 4D5#D50CD60C40400000
(1779321676.708292) can0 18914010#0CD6100CD5030000
(1779321676.709292) can0 18904010#020D020D753001FB
(1779321676.710292) can0 18924010#4001400100000000
(1779321676.711293) can0 18934010#000000590000BC51
(1779321676.712292) can0 18944010#1003000000000000
(1779321676.713305) can0 18954010#0000000000000000
(1779321676.714305) can0 18954010#0100000000000000
(1779321676.715305) can0 18954010#0200000000000000
(1779321676.716299) can0 18954010#0300000000000000
(1779321676.717293) can0 18954010#0400000000000000
(1779321676.718292) can0 18954010#0500000000000000
(1779321676.719293) can0 18964010#0040404000000000
(1779321676.720293) can0 18974010#0000000000000000
(1779321676.721292) can0 18984010#0000000000000000
(1779321676.722293) can0 18FA28F4#123EA12C10270000
(1779321676.723293) can0 18FB28F4#D60CD50C40400000
(1779321676.724293) can0 18FC28F4#383200000D020000
(1779321676.725293) can0 18F810F3#0D02E80332640100
(1779321676.726293) can0 18F811F3#D60C1001D50C0301
(1779321676.727293) can0 18F812F3#4001014001010000
(1779321676.728293) can0 18F813F3#0101000000000000
(1779321676.729293) can0 18F814F3#3200EA1AA9015F00
(1779321676.730293) can0 18F815F3#0000000010030000
(1779321676.731189) can0 273#000000000D023200
(1779321676.732170) can0 1E1#020D271001FB01FB
(1779321676.733198) can0 1F5#0000000000000000
(1779321676.734294) can0 0800A6A9#0000000000000000
(1779321676.735294) can0 1000A6A9#0D028813324A4A4A
(1779321676.736294) can0 1C00A6A9#0000000000030000
(1779321676.737293) can0 02018100#1003020D00000000
(1779321676.738293) can0 02028100#0000003264000000
(1779321676.739294) can0 02038100#0CD601100CD50103
(1779321676.740293) can0 02048100#4A01014A01010000
(1779321676.741149) can0 1AD#8914000059321818
(1779321676.742169) can0 2AD#D60C800C89140016
(1779321676.743182) can0 3AD#0000000000008914
(1779321676.744195) can0 4AD#EB00000000000000
(1779321676.745191) can0 76A#7F00000000000000
(1779321676.803868) can0 0000E005#1702440003B60591
(1779321676.804446) can0 1806E5F4#13D2010003B6023A
(1779321676.805297) can0 0000E000#13D213D2020D0000
(1779321676.806296) can0 0000E004#181803B603B601E2
(1779321676.807298) can0 0000E006#0CD60CD60CD50CD5
(1779321676.808297) can0 0000E007#0CD60CD50CD60CD6
(1779321676.809297) can0 0000E008#0CD60CD60CD60CD5
(1779321676.810297) can0 0000E009#0CD60CD60CD60CD6
(1779321676.811298) can0 0000E010#0000000000000000
(1779321676.812297) can0 0000E011#0000000000000000
(1779321676.813297) can0 0000E012#0CD5000100000000
(1779321676.814301) can0 0000F001#0000000000000000
(1779321676.815300) can0 18FF28F4#10320000020D0000
(1779321676.816298) can0 18FE28F4#0CD60CD540400000
(1779321676.817297) can0 18FD28F4#1702FA6F00000000
(1779321676.818187) can0 4D4#000032007D0D0203
(1779321676.819167) can0 4D5#D50CD60C40400000
(1779321676.820298) can0 18914010#0CD6100CD5030000
(1779321676.821298) can0 18904010#020D020D753001FB
(1779321676.822297) can0 18FA28F4#123EA12C10270000
(1779321676.823298) can0 18FB28F4#D60CD50C40400000
(1779321676.824298) can0 18FC28F4#383200000D020000
(1779321676.825298) can0 18F810F3#0D02E80332640100
(1779321676.826298) can0 18F815F3#0000000010030000
(1779321676.827180) can0 273#000000000D023200
(1779321676.828172) can0 1E1#020D271001FB01FB
(1779321676.829205) can0 1F5#0000000000000000
(1779321676.830298) can0 0800A6A9#0000000000000000
(1779321676.831298) can0 1000A6A9#0D028813324A4A4A
(1779321676.832299) can0 1C00A6A9#0000000000030000
(1779321676.833317) can0 02018100#1003020D00000000
(1779321676.834298) can0 02028100#0000003264000000
(1779321676.835298) can0 02038100#0CD601100CD50103
(1779321676.836298) can0 02048100#4A01014A01010000
(1779321676.837162) can0 1AD#8914000059321818
(1779321676.838151) can0 2AD#D60C800C89140016
(1779321676.839187) can0 3AD#0000000000008914
(1779321676.840186) can0 4AD#EB00000000000000
(1779321676.841226) can0 76A#7F00000000000000
(1779321676.903821) can0 0000E005#1702440003B60591
(1779321676.904386) can0 1806E5F4#13D2010003B6023A
(1779321676.905302) can0 0000E000#13D213D2020D0000
(1779321676.906301) can0 0000E004#181803B603B601E2
(1779321676.907302) can0 0000E006#0CD60CD60CD50CD5
(1779321676.908301) can0 0000E007#0CD60CD50CD60CD6
(1779321676.909302) can0 0000E008#0CD60CD60CD60CD5
(1779321676.910301) can0 0000E009#0CD60CD60CD60CD6
(1779321676.911303) can0 0000E010#0000000000000000
(1779321676.912302) can0 0000E011#0000000000000000
(1779321676.913302) can0 0000E012#0CD5000100000000
(1779321676.914301) can0 0000F001#0000000000000000
(1779321676.915302) can0 18FF28F4#10320000020D0000
(1779321676.916302) can0 18FE28F4#0CD60CD540400000
(1779321676.917302) can0 18FD28F4#1702FA6F00000000
(1779321676.918211) can0 4D4#000032007D0D0203
(1779321676.919170) can0 4D5#D50CD60C40400000
(1779321676.920302) can0 18914010#0CD6100CD5030000
(1779321676.921302) can0 18904010#020D020D753001FB
(1779321676.922302) can0 18FA28F4#123EA12C10270000
(1779321676.923303) can0 18FB28F4#D60CD50C40400000
(1779321676.924303) can0 18FC28F4#383200000D020000
(1779321676.925302) can0 18F810F3#0D02E80332640100
(1779321676.926334) can0 18F815F3#0000000010030000
(1779321676.927179) can0 273#000000000D023200
(1779321676.928165) can0 1E1#020D271001FB01FB
(1779321676.929191) can0 1F5#0000000000000000
(1779321676.930302) can0 0800A6A9#0000000000000000
(1779321676.931234) can0 1000A6A9#0D028813324A4A4A
(1779321676.932303) can0 1C00A6A9#0000000000030000
(1779321676.933302) can0 02018100#1003020D00000000
(1779321676.934303) can0 02028100#0000003264000000
(1779321676.935303) can0 02038100#0CD601100CD50103
(1779321676.936303) can0 02048100#4A01014A01010000
(1779321676.937154) can0 1AD#8914000059321818
(1779321676.938165) can0 2AD#D60C800C89140016
(1779321676.939184) can0 3AD#0000000000008914
(1779321676.940191) can0 4AD#EB00000000000000
(1779321676.941185) can0 76A#7F00000000000000
(1779321677.003833) can0 0000E005#1702440003B60591
(1779321677.004392) can0 1806E5F4#13D2010003B6023A
(1779321677.005306) can0 0000E000#13D213D2020D0000
(1779321677.006306) can0 0000E004#181803B603B601E2
(1779321677.007308) can0 0000E006#0CD60CD60CD50CD6
(1779321677.008306) can0 0000E007#0CD50CD60CD60CD6
(1779321677.009240) can0 0000E008#0CD60CD60CD60CD5
(1779321677.010306) can0 0000E009#0CD60CD60CD60CD6
(1779321677.011306) can0 0000E010#0000000000000000
(1779321677.012306) can0 0000E011#0000000000000000
(1779321677.013306) can0 0000E012#0CD5000100000000
(1779321677.014306) can0 0000F001#0000000000000000
(1779321677.015307) can0 18FF28F4#10320000020D0000
(1779321677.016306) can0 18FE28F4#0CD60CD540400000
(1779321677.017307) can0 18FD28F4#1702FA6F00000000
(1779321677.018183) can0 4D4#000032007D0D0203
(1779321677.019163) can0 4D5#D50CD60C40400000
(1779321677.020241) can0 18914010#0CD6100CD5030000
(1779321677.021307) can0 18904010#020D020D753001FB
(1779321677.022307) can0 18FA28F4#123EA12C10270000
(1779321677.023241) can0 18FB28F4#D60CD50C40400000
(1779321677.024307) can0 18FC28F4#383200000D020000
(1779321677.025307) can0 18F810F3#0D02E80332640100
(1779321677.026307) can0 18F815F3#0000000010030000
(1779321677.027171) can0 273#000000000D023200
(1779321677.028167) can0 1E1#020D271001FB01FB
(1779321677.029202) can0 1F5#0000000000000000
(1779321677.030307) can0 0800A6A9#0000000000000000
(1779321677.031242) can0 1000A6A9#0D028813324A4A4A
(1779321677.032307) can0 1C00A6A9#0000000000030000
(1779321677.033307) can0 02018100#1003020D00000000
(1779321677.034307) can0 02028100#0000003264000000
(1779321677.035307) can0 02038100#0CD601100CD50103
(1779321677.036307) can0 02048100#4A01014A01010000
(1779321677.037159) can0 1AD#8914000059321818
(1779321677.038157) can0 2AD#D60C800C89140016
(1779321677.039184) can0 3AD#0000000000008914
(1779321677.040190) can0 4AD#EB00000000000000
(1779321677.041189) can0 76A#7F00000000000000
(1779321677.103869) can0 0000E005#1702440003B60591
(1779321677.104428) can0 1806E5F4#13D2010003B6023A
(1779321677.105311) can0 0000E000#13D213D2020D0000
(1779321677.106251) can0 0000E004#181803B603B601E2
(1779321677.107250) can0 0000E006#0CD60CD60CD50CD6
(1779321677.108243) can0 0000E007#0CD50CD60CD60CD6
(1779321677.109243) can0 0000E008#0CD60CD60CD60CD5
(1779321677.110237) can0 0000E009#0CD60CD60CD60CD6
(1779321677.111311) can0 0000E010#0000000000000000
(1779321677.112311) can0 0000E011#0000000000000000
(1779321677.113311) can0 0000E012#0CD5000100000000
(1779321677.114311) can0 0000F001#0000000000000000
(1779321677.115311) can0 18FF28F4#10320000020D0000
(1779321677.116238) can0 18FE28F4#0CD60CD540400000
(1779321677.117311) can0 18FD28F4#1702FA6F00000000
(1779321677.118168) can0 4D4#000032007D0D0203
(1779321677.119161) can0 4D5#D50CD60C40400000
(1779321677.120244) can0 18914010#0CD6100CD5030000
(1779321677.121238) can0 18904010#020D020D753001FB
(1779321677.122251) can0 18FA28F4#123EA12C10270000
(1779321677.123238) can0 18FB28F4#D60CD50C40400000
(1779321677.124311) can0 18FC28F4#383200000D020000
(1779321677.125312) can0 18F810F3#0D02E80332640100
(1779321677.126311) can0 18F815F3#0000000010030000
(1779321677.127163) can0 273#000000000D023200
(1779321677.128162) can0 1E1#020D271001FB01FB
(1779321677.129184) can0 1F5#0000000000000000
(1779321677.130312) can0 0800A6A9#0000000000000000
(1779321677.131234) can0 1000A6A9#0D028813324A4A4A
(1779321677.132312) can0 1C00A6A9#0000000000030000
(1779321677.133312) can0 02018100#1003020D00000000
(1779321677.134312) can0 02028100#0000003264000000
(1779321677.135246) can0 02038100#0CD601100CD50103
(1779321677.136312) can0 02048100#4A01014A01010000
(1779321677.137144) can0 1AD#8914000059321818
(1779321677.138149) can0 2AD#D60C800C89140016
(1779321677.139174) can0 3AD#0000000000008914
(1779321677.140168) can0 4AD#EB00000000000000
(1779321677.141211) can0 76A#7F00000000000000
(1779321677.220855) can0 0000E005#1702440003B60591
(1779321677.221418) can0 1806E5F4#13D2010003B6023A
(1779321677.222249) can0 0000E000#13D213D2020D0000
(1779321677.223243) can0 0000E004#181803B603B601E2
(1779321677.224242) can0 0000E006#0CD60CD60CD60CD5
(1779321677.225223) can0 0000E007#0CD50CD50CD60CD6
(1779321677.226316) can0 0000E008#0CD60CD60CD60CD5
(1779321677.227225) can0 0000E009#0CD60CD60CD60CD6
(1779321677.228316) can0 0000E010#0000000000000000
(1779321677.229316) can0 0000E011#0000000000000000
(1779321677.230316) can0 0000E012#0CD5000100000000
(1779321677.231225) can0 0000E013#4542323630354C43
(1779321677.232256) can0 0000E014#3134323300000000
(1779321677.233316) can0 0000E015#0000000000000003
(1779321677.234336) can0 0000F000#0000000000000000
(1779321677.235317) can0 0000F001#0000000000000000
(1779321677.236257) can0 18FF28F4#10320000020D0000
(1779321677.237237) can0 18FE28F4#0CD60CD540400000
(1779321677.238249) can0 18FD28F4#1702FA6F00000000
(1779321677.239164) can0 4D4#000032007D0D0203
(1779321677.240147) can0 4D5#D50CD60C40400000
(1779321677.241244) can0 18914010#0CD6100CD5040000
(1779321677.242243) can0 18904010#020D020D753001FB
(1779321677.243317) can0 18924010#4001400100000000
(1779321677.244244) can0 18934010#0000005A0000BC51
(1779321677.245317) can0 18944010#1003000000000000
(1779321677.246317) can0 18954010#0000000000000000
(1779321677.247317) can0 18954010#0100000000000000
(1779321677.248317) can0 18954010#0200000000000000
(1779321677.249317) can0 18954010#0300000000000000
(1779321677.250317) can0 18954010#0400000000000000
(1779321677.251318) can0 18954010#0500000000000000
(1779321677.252318) can0 18964010#0040404000000000
(1779321677.253317) can0 18974010#0000000000000000
(1779321677.254317) can0 18984010#0000000000000000
(1779321677.255242) can0 18FA28F4#123EA12C10270000
(1779321677.256240) can0 18FB28F4#D60CD50C40400000
(1779321677.257318) can0 18FC28F4#383200000D020000
(1779321677.258226) can0 18F810F3#0D02E80332640100
(1779321677.259237) can0 18F811F3#D60C1001D50C0401
(1779321677.260250) can0 18F812F3#4001014001010000
(1779321677.261317) can0 18F813F3#0101000000000000
(1779321677.262239) can0 18F814F3#3200EA1AA9015F00
(1779321677.263318) can0 18F815F3#0000000010030000
(1779321677.264162) can0 273#000000000D023200
(1779321677.265161) can0 1E1#020D271001FB01FB
(1779321677.266187) can0 1F5#0000000000000000
(1779321677.267318) can0 0800A6A9#0000000000000000
(1779321677.268226) can0 1000A6A9#0D028813324A4A4A
(1779321677.269257) can0 1C00A6A9#0000000000030000
(1779321677.270318) can0 02018100#1003020D00000000
(1779321677.271318) can0 02028100#0000003264000000
(1779321677.272246) can0 02038100#0CD601100CD50104
(1779321677.273258) can0 02048100#4A01014A01010000
(1779321677.274143) can0 1AD#8914000059321818
(1779321677.275149) can0 2AD#D60C800C89140016
(1779321677.276169) can0 3AD#0000000000008914
(1779321677.277169) can0 4AD#EB00000000000000
(1779321677.278181) can0 76A#7F00000000000000
(1779321677.336799) can0 0000E005#1702440003B60591
(1779321677.337362) can0 1806E5F4#13D2010003B6023A
(1779321677.338255) can0 0000E000#13D213D2020D0000
(1779321677.339254) can0 0000E004#181803B603B601E2
(1779321677.340235) can0 0000E006#0CD60CD60CD60CD5
(1779321677.341229) can0 0000E007#0CD50CD50CD60CD6
(1779321677.342229) can0 0000E008#0CD60CD60CD60CD5
(1779321677.343242) can0 0000E009#0CD60CD60CD60CD6
(1779321677.344322) can0 0000E010#0000000000000000
(1779321677.345322) can0 0000E011#0000000000000000
(1779321677.346256) can0 0000E012#0CD5000100000000
(1779321677.347322) can0 0000F001#0000000000000000
(1779321677.348322) can0 18FF28F4#10320000020D0000
(1779321677.349244) can0 18FE28F4#0CD60CD540400000
(1779321677.350255) can0 18FD28F4#1702FA6F00000000
(1779321677.351177) can0 4D4#000032007D0D0203
(1779321677.352153) can0 4D5#D50CD60C40400000
(1779321677.353250) can0 18914010#0CD6100CD5040000
(1779321677.354243) can0 18904010#020D020D753001FB
(1779321677.355243) can0 18FA28F4#123EA12C10270000
(1779321677.356251) can0 18FB28F4#D60CD50C40400000
(1779321677.357322) can0 18FC28F4#383200000D020000
(1779321677.358231) can0 18F810F3#0D02E80332640100
(1779321677.359262) can0 18F815F3#0000000010030000
(1779321677.360159) can0 273#000000000D023200
(1779321677.361160) can0 1E1#020D271001FB01FB
(1779321677.362172) can0 1F5#0000000000000000
(1779321677.363323) can0 0800A6A9#0000000000000000
(1779321677.364257) can0 1000A6A9#0D028813324A4A4A
(1779321677.365256) can0 1C00A6A9#0000000000030000
(1779321677.366323) can0 02018100#1003020D00000000
(1779321677.367323) can0 02028100#0000003264000000
(1779321677.368237) can0 02038100#0CD601100CD50104
(1779321677.369249) can0 02048100#4A01014A01010000
(1779321677.370135) can0 1AD#8914000059321818
(1779321677.371144) can0 2AD#D60C800C89140016
(1779321677.372193) can0 3AD#0000000000008914
(1779321677.373173) can0 4AD#EB00000000000000
(1779321677.374166) can0 76A#7F00000000000000
(1779321677.436796) can0 0000E005#1702440003B60591
(1779321677.437367) can0 1806E5F4#13D2010003B6023A
(1779321677.438247) can0 0000E000#13D213D2020D0000
(1779321677.439247) can0 0000E004#181803B603B601E2
(1779321677.440224) can0 0000E006#0CD60CD60CD60CD5
(1779321677.441259) can0 0000E007#0CD50CD50CD60CD6
(1779321677.442240) can0 0000E008#0CD60CD60CD60CD5
(1779321677.443233) can0 0000E009#0CD60CD60CD60CD6
(1779321677.444260) can0 0000E010#0000000000000000
(1779321677.445266) can0 0000E011#0000000000000000
(1779321677.446246) can0 0000E012#0CD5000100000000
(1779321677.447327) can0 0000F001#0000000000000000
(1779321677.448254) can0 18FF28F4#10320000020D0000
(1779321677.449266) can0 18FE28F4#0CD60CD540400000
(1779321677.450247) can0 18FD28F4#1702FA6F00000000
(1779321677.451163) can0 4D4#000032007D0D0203
(1779321677.452141) can0 4D5#D50CD60C40400000
(1779321677.453240) can0 18914010#0CD6100CD5040000
(1779321677.454240) can0 18904010#020D020D753001FB
(1779321677.455235) can0 18FA28F4#123EA12C10270000
(1779321677.456231) can0 18FB28F4#D60CD50C40400000
(1779321677.457327) can0 18FC28F4#383200000D020000
(1779321677.458223) can0 18F810F3#0D02E80332640100
(1779321677.459254) can0 18F815F3#0000000010030000
(1779321677.460158) can0 273#000000000D023200
(1779321677.461151) can0 1E1#020D271001FB01FB
(1779321677.462183) can0 1F5#0000000000000000
(1779321677.463260) can0 0800A6A9#0000000000000000
(1779321677.464219) can0 1000A6A9#0D028813324A4A4A
(1779321677.465327) can0 1C00A6A9#0000000000030000
(1779321677.466255) can0 02018100#1003020D00000000
(1779321677.467266) can0 02028100#0000003264000000
(1779321677.468240) can0 02038100#0CD601100CD50104
(1779321677.469241) can0 02048100#4A01014A01010000
(1779321677.470146) can0 1AD#8914000059321818
(1779321677.471139) can0 2AD#D60C800C89140016
(1779321677.472152) can0 3AD#0000000000008914
(1779321677.473164) can0 4AD#EB00000000000000
(1779321677.474159) can0 76A#7F00000000000000
(1779321677.536836) can0 0000E005#1702440003B60591
(1779321677.537392) can0 1806E5F4#13D2010003B6023A
(1779321677.538231) can0 0000E000#13D213D2020D0000
(1779321677.539232) can0 0000E004#181803B603B601E2
(1779321677.540212) can0 0000E006#0CD60CD50CD50CD6
(1779321677.541222) can0 0000E007#0CD50CD50CD60CD5
(1779321677.542270) can0 0000E008#0CD60CD60CD60CD5
(1779321677.543219) can0 0000E009#0CD50CD60CD60CD6
(1779321677.544263) can0 0000E010#0000000000000000
(1779321677.545264) can0 0000E011#0000000000000000
(1779321677.546245) can0 0000E012#0CD5000100000000
(1779321677.547331) can0 0000F001#0000000000000000
(1779321677.548252) can0 18FF28F4#10320000020D0000
(1779321677.549229) can0 18FE28F4#0CD60CD540400000
(1779321677.550245) can0 18FD28F4#1702FA6F00000000
(1779321677.551166) can0 4D4#000032007D0D0203
(1779321677.552143) can0 4D5#D50CD60C40400000
(1779321677.553234) can0 18914010#0CD6100CD5020000
(1779321677.554232) can0 18904010#020D020D753001FB
(1779321677.555233) can0 18FA28F4#123EA12C10270000
(1779321677.556231) can0 18FB28F4#D60CD50C40400000
(1779321677.557258) can0 18FC28F4#383200000D020000
(1779321677.558226) can0 18F810F3#0D02E80332640100
(1779321677.559252) can0 18F815F3#0000000010030000
(1779321677.560156) can0 273#000000000D023200
(1779321677.561131) can0 1E1#020D271001FB01FB
(1779321677.562169) can0 1F5#0000000000000000
(1779321677.563258) can0 0800A6A9#0000000000000000
(1779321677.564207) can0 1000A6A9#0D028813324A4A4A
(1779321677.565237) can0 1C00A6A9#0000000000030000
(1779321677.566252) can0 02018100#1003020D00000000
(1779321677.567252) can0 02028100#0000003264000000
(1779321677.568233) can0 02038100#0CD601100CD50102
(1779321677.569246) can0 02048100#4A01014A01010000
(1779321677.570143) can0 1AD#8814000059321818
(1779321677.571157) can0 2AD#D60C800C88140016
(1779321677.572151) can0 3AD#0000000000008814
(1779321677.573163) can0 4AD#EB00000000000000
(1779321677.574157) can0 76A#7F00000000000000
(1779321677.636790) can0 0000E005#1702440003B60591
(1779321677.637348) can0 1806E5F4#13D2010003B6023A
(1779321677.638224) can0 0000E000#13D213D2020D0000
(1779321677.639224) can0 0000E004#181803B603B601E2
(1779321677.640204) can0 0000E006#0CD60CD50CD50CD6
(1779321677.641223) can0 0000E007#0CD50CD50CD60CD5
(1779321677.642217) can0 0000E008#0CD60CD60CD60CD5
(1779321677.643218) can0 0000E009#0CD50CD60CD60CD6
(1779321677.644263) can0 0000E010#0000000000000000
(1779321677.645261) can0 0000E011#0000000000000000
(1779321677.646232) can0 0000E012#0CD5000100000000
(1779321677.647269) can0 0000F001#0000000000000000
(1779321677.648251) can0 18FF28F4#10320000020D0000
(1779321677.649231) can0 18FE28F4#0CD60CD540400000
(1779321677.650240) can0 18FD28F4#1702FA6F00000000
(1779321677.651147) can0 4D4#000032007D0D0203
(1779321677.652141) can0 4D5#D50CD60C40400000
(1779321677.653236) can0 18914010#0CD6100CD5020000
(1779321677.654217) can0 18904010#020D020D753001FB
(1779321677.655230) can0 18FA28F4#123EA12C10270000
(1779321677.656230) can0 18FB28F4#D60CD50C40400000
(1779321677.657243) can0 18FC28F4#383200000D020000
(1779321677.658222) can0 18F810F3#0D02E80332640100
(1779321677.659256) can0 18F815F3#0000000010030000
(1779321677.660154) can0 273#000000000D023200
(1779321677.661134) can0 1E1#020D271001FB01FB
(1779321677.662163) can0 1F5#0000000000000000
(1779321677.663243) can0 0800A6A9#0000000000000000
(1779321677.664225) can0 1000A6A9#0D028813324A4A4A
(1779321677.665237) can0 1C00A6A9#0000000000030000
(1779321677.666256) can0 02018100#1003020D00000000
(1779321677.667252) can0 02028100#0000003264000000
(1779321677.668231) can0 02038100#0CD601100CD50102
(1779321677.669231) can0 02048100#4A01014A01010000
(1779321677.670120) can0 1AD#8814000059321818
(1779321677.671141) can0 2AD#D60C800C88140016
(1779321677.672186) can0 3AD#0000000000008814
(1779321677.673167) can0 4AD#EB00000000000000
(1779321677.674158) can0 76A#7F00000000000000
(1779321677.753817) can0 0000E005#1702440003B60591
(1779321677.754374) can0 1806E5F4#13D2010003B6023A
(1779321677.755238) can0 0000E000#13D213D2020D0000
(1779321677.756224) can0 0000E004#181803B603B601E2
(1779321677.757250) can0 0000E006#0CD60CD60CD50CD5
(1779321677.758217) can0 0000E007#0CD60CD50CD50CD6
(1779321677.759210) can0 0000E008#0CD60CD60CD50CD5
(1779321677.760223) can0 0000E009#0CD60CD60CD60CD6
(1779321677.761255) can0 0000E010#0000000000000000
(1779321677.762254) can0 0000E011#0000000000000000
(1779321677.763242) can0 0000E012#0CD5000100000000
(1779321677.764198) can0 0000E013#4542323630354C43
(1779321677.765280) can0 0000E014#3134323300000000
(1779321677.766242) can0 0000E015#0000000000000003
(1779321677.767255) can0 0000F000#0000000000000000
(1779321677.768254) can0 0000F001#0000000000000000
(1779321677.769236) can0 18FF28F4#10320000020D0000
(1779321677.770217) can0 18FE28F4#0CD60CD540400000
(1779321677.771229) can0 18FD28F4#1702FA6F00000000
(1779321677.772147) can0 4D4#000032007D0D0203
(1779321677.773127) can0 4D5#D50CD60C40400000
(1779321677.774224) can0 18914010#0CD6100CD5030000
(1779321677.775224) can0 18904010#020D020D753001FB
(1779321677.776232) can0 18924010#4001400100000000
(1779321677.777230) can0 18934010#0000005B0000BC51
(1779321677.778243) can0 18944010#1003000000000000
(1779321677.779262) can0 18954010#0000000000000000
(1779321677.780255) can0 18954010#0100000000000000
(1779321677.781342) can0 18954010#0200000000000000
(1779321677.782250) can0 18954010#0300000000000000
(1779321677.783250) can0 18954010#0400000000000000
(1779321677.784239) can0 18954010#0500000000000000
(1779321677.785243) can0 18964010#0040404000000000
(1779321677.786257) can0 18974010#0000000000000000
(1779321677.787249) can0 18984010#0000000000000000
(1779321677.788223) can0 18FA28F4#123EA12C10270000
(1779321677.789211) can0 18FB28F4#D60CD50C40400000
(1779321677.790237) can0 18FC28F4#383200000D020000
(1779321677.791218) can0 18F810F3#0D02E80332640100
(1779321677.792217) can0 18F811F3#D60C1001D50C0301
(1779321677.793231) can0 18F812F3#4001014001010000
(1779321677.794256) can0 18F813F3#0101000000000000
(1779321677.795218) can0 18F814F3#3200EA1AA9015F00
(1779321677.796240) can0 18F815F3#0000000010030000
(1779321677.797147) can0 273#000000000D023200
(1779321677.798128) can0 1E1#020D271001FB01FB
(1779321677.799154) can0 1F5#0000000000000000
(1779321677.800247) can0 0800A6A9#0000000000000000
(1779321677.801211) can0 1000A6A9#0D028813324A4A4A
(1779321677.802244) can0 1C00A6A9#0000000000030000
(1779321677.803243) can0 02018100#1003020D00000000
(1779321677.804237) can0 02028100#0000003264000000
(1779321677.805218) can0 02038100#0CD601100CD50103
(1779321677.806231) can0 02048100#4A01014A01010000
(1779321677.807116) can0 1AD#8914000059321818
(1779321677.808126) can0 2AD#D60C800C89140016
(1779321677.809142) can0 3AD#0000000000008914
(1779321677.810154) can0 4AD#EB00000000000000
(1779321677.811155) can0 76A#7F00000000000000
(1779321677.869776) can0 0000E005#1702440003B60591
(1779321677.870352) can0 1806E5F4#13D2010003B6023A
(1779321677.871223) can0 0000E000#13D213D2020D0000
(1779321677.872215) can0 0000E004#181803B603B601E2
(1779321677.873215) can0 0000E006#0CD60CD60CD50CD5
(1779321677.874208) can0 0000E007#0CD60CD50CD50CD6
(1779321677.875209) can0 0000E008#0CD60CD60CD50CD5
(1779321677.876222) can0 0000E009#0CD60CD60CD60CD6
(1779321677.877252) can0 0000E010#0000000000000000
(1779321677.878253) can0 0000E011#0000000000000000
(1779321677.879247) can0 0000E012#0CD5000100000000
(1779321677.880261) can0 0000F001#0000000000000000
(1779321677.881236) can0 18FF28F4#10320000020D0000
(1779321677.882223) can0 18FE28F4#0CD60CD540400000
(1779321677.883243) can0 18FD28F4#1702FA6F00000000
(1779321677.884139) can0 4D4#000032007D0D0203
(1779321677.885139) can0 4D5#D50CD60C40400000
(1779321677.886216) can0 18914010#0CD6100CD5030000
(1779321677.887229) can0 18904010#020D020D753001FB
(1779321677.888229) can0 18FA28F4#123EA12C10270000
(1779321677.889206) can0 18FB28F4#D60CD50C40400000
(1779321677.890235) can0 18FC28F4#383200000D020000
(1779321677.891204) can0 18F810F3#0D02E80332640100
(1779321677.892250) can0 18F815F3#0000000010030000
(1779321677.893146) can0 273#000000000D023200
(1779321677.894133) can0 1E1#020D271001FB01FB
(1779321677.895184) can0 1F5#0000000000000000
(1779321677.896236) can0 0800A6A9#0000000000000000
(1779321677.897205) can0 1000A6A9#0D028813324A4A4A
(1779321677.898235) can0 1C00A6A9#0000000000030000
(1779321677.899249) can0 02018100#1003020D00000000
(1779321677.900248) can0 02028100#0000003264000000
(1779321677.901222) can0 02038100#0CD601100CD50103
(1779321677.902223) can0 02048100#4A01014A01010000
(1779321677.903153) can0 1AD#8914000059321818
(1779321677.904133) can0 2AD#D60C800C89140016
(1779321677.905139) can0 3AD#0000000000008914
(1779321677.906159) can0 4AD#EB00000000000000
(1779321677.907153) can0 76A#7F00000000000000
(1779321677.969827) can0 0000E005#1702440003B60591
(1779321677.970386) can0 1806E5F4#13D2010003B6023A
(1779321677.971217) can0 0000E000#13D213D2020D0000
(1779321677.972246) can0 0000E004#181803B603B601E2
(1779321677.973207) can0 0000E006#0CD60CD60CD50CD5
(1779321677.974203) can0 0000E007#0CD60CD50CD50CD6
(1779321677.975207) can0 0000E008#0CD60CD60CD50CD5
(1779321677.976201) can0 0000E009#0CD60CD60CD60CD6
(1779321677.977246) can0 0000E010#0000000000000000
(1779321677.978238) can0 0000E011#0000000000000000
(1779321677.979227) can0 0000E012#0CD5000100000000
(1779321677.980272) can0 0000F001#0000000000000000
(1779321677.981240) can0 18FF28F4#10320000020D0000
(1779321677.982220) can0 18FE28F4#0CD60CD540400000
(1779321677.983220) can0 18FD28F4#1702FA6F00000000
(1779321677.984131) can0 4D4#000032007D0D0203
(1779321677.985131) can0 4D5#D50CD60C40400000
(1779321677.986202) can0 18914010#0CD6100CD5030000
(1779321677.987208) can0 18904010#020D020D753001FB
(1779321677.988252) can0 18FA28F4#123EA12C10270000
(1779321677.989201) can0 18FB28F4#D60CD50C40400000
(1779321677.990226) can0 18FC28F4#383200000D020000
(1779321677.991196) can0 18F810F3#0D02E80332640100
(1779321677.992246) can0 18F815F3#0000000010030000
(1779321677.993131) can0 273#000000000D023200
(1779321677.994125) can0 1E1#020D271001FB01FB
(1779321677.995160) can0 1F5#0000000000000000
(1779321677.996287) can0 0800A6A9#0000000000000000
(1779321677.997196) can0 1000A6A9#0D028813324A4A4A
(1779321677.998227) can0 1C00A6A9#0000000000030000
(1779321677.999240) can0 02018100#1003020D00000000
(1779321678.000241) can0 02028100#0000003264000000
(1779321678.001216) can0 02038100#0CD601100CD50103
(1779321678.002215) can0 02048100#4A01014A01010000
(1779321678.003113) can0 1AD#8914000059321818
(1779321678.004113) can0 2AD#D60C800C89140016
(1779321678.005139) can0 3AD#0000000000008914
(1779321678.006138) can0 4AD#EB00000000000000
(1779321678.007151) can0 76A#7F00000000000000
(1779321678.069832) can0 0000E005#1702440003B60591
(1779321678.070390) can0 1806E5F4#13D2010003B6023A
(1779321678.071219) can0 0000E000#13D213D2020D0000
(1779321678.072218) can0 0000E004#181803B603B601E2
(1779321678.073244) can0 0000E006#0CD50CD50CD50CD6
(1779321678.074194) can0 0000E007#0CD50CD50CD50CD5
(1779321678.075211) can0 0000E008#0CD60CD60CD60CD5
(1779321678.076205) can0 0000E009#0CD50CD60CD60CD6
(1779321678.077250) can0 0000E010#0000000000000000
(1779321678.078237) can0 0000E011#0000000000000000
(1779321678.079231) can0 0000E012#0CD5000100000000
(1779321678.080244) can0 0000F001#0000000000000000
(1779321678.081224) can0 18FF28F4#10320000020D0000
(1779321678.082206) can0 18FE28F4#0CD60CD540400000
(1779321678.083225) can0 18FD28F4#1702FA6F00000000
(1779321678.084142) can0 4D4#000032007D0D0203
(1779321678.085125) can0 4D5#D50CD60C40400000
(1779321678.086210) can0 18914010#0CD6100CD5010000
(1779321678.087215) can0 18904010#020D020D753001FB
(1779321678.088213) can0 18FA28F4#123EA12C10270000
(1779321678.089206) can0 18FB28F4#D60CD50C40400000
(1779321678.090238) can0 18FC28F4#383200000D020000
(1779321678.091200) can0 18F810F3#0D02E80332640100
(1779321678.092232) can0 18F815F3#0000000010030000
(1779321678.093136) can0 273#000000000D023200
(1779321678.094110) can0 1E1#020D271001FB01FB
(1779321678.095142) can0 1F5#0000000000000000
(1779321678.096239) can0 0800A6A9#0000000000000000
(1779321678.097187) can0 1000A6A9#0D028813324A4A4A
(1779321678.098216) can0 1C00A6A9#0000000000030000
(1779321678.099232) can0 02018100#1003020D00000000
(1779321678.100225) can0 02028100#0000003264000000
(1779321678.101207) can0 02038100#0CD601100CD50101
(1779321678.102219) can0 02048100#4A01014A01010000
(1779321678.103123) can0 1AD#8814000059321818
(1779321678.104117) can0 2AD#D60C800C88140016
(1779321678.105130) can0 3AD#0000000000008814
(1779321678.106140) can0 4AD#EB00000000000000
(1779321678.107136) can0 76A#7F00000000000000
(1779321678.169765) can0 0000E005#1702440003B60591
(1779321678.170362) can0 1806E5F4#13D2010003B6023A
(1779321678.171215) can0 0000E000#13D213D2020D0000
(1779321678.172217) can0 0000E004#181803B603B601E2
(1779321678.173196) can0 0000E006#0CD50CD50CD50CD6
(1779321678.174191) can0 0000E007#0CD50CD50CD50CD5
(1779321678.175211) can0 0000E008#0CD60CD60CD60CD5
(1779321678.176204) can0 0000E009#0CD50CD60CD60CD6
(1779321678.177238) can0 0000E010#0000000000000000
(1779321678.178231) can0 0000E011#0000000000000000
(1779321678.179229) can0 0000E012#0CD5000100000000
(1779321678.180242) can0 0000F001#0000000000000000
(1779321678.181223) can0 18FF28F4#10320000020D0000
(1779321678.182203) can0 18FE28F4#0CD60CD540400000
(1779321678.183214) can0 18FD28F4#1702FA6F00000000
(1779321678.184133) can0 4D4#000032007D0D0203
(1779321678.185115) can0 4D5#D50CD60C40400000
(1779321678.186210) can0 18914010#0CD6100CD5010000
(1779321678.187211) can0 18904010#020D020D753001FB
(1779321678.188204) can0 18FA28F4#123EA12C10270000
(1779321678.189204) can0 18FB28F4#D60CD50C40400000
(1779321678.190236) can0 18FC28F4#383200000D020000
(1779321678.191199) can0 18F810F3#0D02E80332640100
(1779321678.192230) can0 18F815F3#0000000010030000
(1779321678.193128) can0 273#000000000D023200
(1779321678.194108) can0 1E1#020D271001FB01FB
(1779321678.195149) can0 1F5#0000000000000000
(1779321678.196237) can0 0800A6A9#0000000000000000
(1779321678.197185) can0 1000A6A9#0D028813324A4A4A
(1779321678.198230) can0 1C00A6A9#0000000000030000
(1779321678.199230) can0 02018100#1003020D00000000
(1779321678.200224) can0 02028100#0000003264000000
(1779321678.201204) can0 02038100#0CD601100CD50101
(1779321678.202217) can0 02048100#4A01014A01010000
(1779321678.203130) can0 1AD#8814000059321818
(1779321678.204128) can0 2AD#D60C800C88140016
(1779321678.205140) can0 3AD#0000000000008814
(1779321678.206134) can0 4AD#EB00000000000000
(1779321678.207131) can0 76A#7F00000000000000
(1779321678.286758) can0 0000E005#1702440003B60591
(1779321678.287368) can0 1806E5F4#13D2010003B6023A
(1779321678.288241) can0 0000E000#13D213D2020D0000
(1779321678.289202) can0 0000E004#181803B603B601E2
(1779321678.290202) can0 0000E006#0CD60CD60CD50CD5
(1779321678.291202) can0 0000E007#0CD60CD60CD60CD6
(1779321678.292196) can0 0000E008#0CD50CD60CD60CD5
(1779321678.293195) can0 0000E009#0CD50CD60CD60CD6
(1779321678.294240) can0 0000E010#0000000000000000
(1779321678.295241) can0 0000E011#0000000000000000
(1779321678.296254) can0 0000E012#0CD5000100000000
(1779321678.297179) can0 0000E013#4542323630354C43
(1779321678.298218) can0 0000E014#3134323300000000
(1779321678.299231) can0 0000E015#0000000000000003
(1779321678.300241) can0 0000F000#0000000000000000
(1779321678.301242) can0 0000F001#0000000000000000
(1779321678.302222) can0 18FF28F4#10320000020D0000
(1779321678.303203) can0 18FE28F4#0CD60CD540400000
(1779321678.304267) can0 18FD28F4#1702FA6F00000000
(1779321678.305126) can0 4D4#000032007D0D0203
(1779321678.306113) can0 4D5#D50CD60C40400000
(1779321678.307191) can0 18914010#0CD6100CD5030000
(1779321678.308209) can0 18904010#020D020D753001FB
(1779321678.309218) can0 18924010#4001400100000000
(1779321678.310216) can0 18934010#0000005C0000BC51
(1779321678.311216) can0 18944010#1003000000000000
(1779321678.312292) can0 18954010#0000000000000000
(1779321678.313242) can0 18954010#0100000000000000
(1779321678.314222) can0 18954010#0200000000000000
(1779321678.315223) can0 18954010#0300000000000000
(1779321678.316235) can0 18954010#0400000000000000
(1779321678.317227) can0 18954010#0500000000000000
(1779321678.318229) can0 18964010#0040404000000000
(1779321678.319226) can0 18974010#0000000000000000
(1779321678.320224) can0 18984010#0000000000000000
(1779321678.321201) can0 18FA28F4#123EA12C10270000
(1779321678.322198) can0 18FB28F4#D60CD50C40400000
(1779321678.323230) can0 18FC28F4#383200000D020000
(1779321678.324195) can0 18F810F3#0D02E80332640100
(1779321678.325210) can0 18F811F3#D60C1001D50C0301
(1779321678.326218) can0 18F812F3#4001014001010000
(1779321678.327232) can0 18F813F3#0101000000000000
(1779321678.328212) can0 18F814F3#3200EA1AA9015F00
(1779321678.329222) can0 18F815F3#0000000010030000
(1779321678.330123) can0 273#000000000D023200
(1779321678.331117) can0 1E1#020D271001FB01FB
(1779321678.332149) can0 1F5#0000000000000000
(1779321678.333218) can0 0800A6A9#0000000000000000
(1779321678.334192) can0 1000A6A9#0D028813324A4A4A
(1779321678.335217) can0 1C00A6A9#0000000000030000
(1779321678.336230) can0 02018100#1003020D00000000
(1779321678.337230) can0 02028100#0000003264000000
(1779321678.338211) can0 02038100#0CD601100CD50103
(1779321678.339211) can0 02048100#4A01014A01010000
(1779321678.340096) can0 1AD#8914000059321818
(1779321678.341120) can0 2AD#D60C800C89140016
(1779321678.342121) can0 3AD#0000000000008914
(1779321678.343134) can0 4AD#EB00000000000000
(1779321678.344134) can0 76A#7F00000000000000
(1779321678.402764) can0 0000E005#1702440003B60591
(1779321678.403373) can0 1806E5F4#13D2010003B6023A
(1779321678.404197) can0 0000E000#13D213D2020D0000
(1779321678.405195) can0 0000E004#181803B603B601E2
(1779321678.406195) can0 0000E006#0CD60CD60CD50CD5
(1779321678.407189) can0 0000E007#0CD60CD60CD60CD6
(1779321678.408189) can0 0000E008#0CD50CD60CD60CD5
(1779321678.409190) can0 0000E009#0CD50CD60CD60CD6
(1779321678.410230) can0 0000E010#0000000000000000
(1779321678.411235) can0 0000E011#0000000000000000
(1779321678.412215) can0 0000E012#0CD5000100000000
(1779321678.413228) can0 0000F001#0000000000000000
(1779321678.414208) can0 18FF28F4#10320000020D0000
(1779321678.415191) can0 18FE28F4#0CD60CD540400000
(1779321678.416204) can0 18FD28F4#1702FA6F00000000
(1779321678.417119) can0 4D4#000032007D0D0203
(1779321678.418118) can0 4D5#D50CD60C40400000
(1779321678.419196) can0 18914010#0CD6100CD5030000
(1779321678.420195) can0 18904010#020D020D753001FB
(1779321678.421208) can0 18FA28F4#123EA12C10270000
(1779321678.422186) can0 18FB28F4#D60CD50C40400000
(1779321678.423221) can0 18FC28F4#383200000D020000
(1779321678.424182) can0 18F810F3#0D02E80332640100
(1779321678.425228) can0 18F815F3#0000000010030000
(1779321678.426146) can0 273#000000000D023200
(1779321678.427115) can0 1E1#020D271001FB01FB
(1779321678.428140) can0 1F5#0000000000000000
(1779321678.429221) can0 0800A6A9#0000000000000000
(1779321678.430183) can0 1000A6A9#0D028813324A4A4A
(1779321678.431215) can0 1C00A6A9#0000000000030000
(1779321678.432215) can0 02018100#1003020D00000000
(1779321678.433227) can0 02028100#0000003264000000
(1779321678.434232) can0 02038100#0CD601100CD50103
(1779321678.435203) can0 02048100#4A01014A01010000
(1779321678.436100) can0 1AD#8914000059321818
(1779321678.437100) can0 2AD#D60C800C89140016
(1779321678.438125) can0 3AD#0000000000008914
(1779321678.439120) can0 4AD#EB00000000000000
(1779321678.440133) can0 76A#7F00000000000000
(1779321678.502793) can0 0000E005#1702440003B60591
(1779321678.503378) can0 1806E5F4#13D2010003B6023A
(1779321678.504201) can0 0000E000#13D213D2020D0000
(1779321678.505201) can0 0000E004#181803B603B601E2
(1779321678.506200) can0 0000E006#0CD60CD60CD50CD5
(1779321678.507174) can0 0000E007#0CD60CD60CD60CD6
(1779321678.508194) can0 0000E008#0CD50CD60CD60CD5
(1779321678.509175) can0 0000E009#0CD50CD60CD60CD6
(1779321678.510225) can0 0000E010#0000000000000000
(1779321678.511248) can0 0000E011#0000000000000000
(1779321678.512200) can0 0000E012#0CD5000100000000
(1779321678.513231) can0 0000F001#0000000000000000
(1779321678.514212) can0 18FF28F4#10320000020D0000
(1779321678.515194) can0 18FE28F4#0CD60CD540400000
(1779321678.516206) can0 18FD28F4#1702FA6F00000000
(1779321678.517111) can0 4D4#000032007D0D0203
(1779321678.518104) can0 4D5#D50CD60C40400000
(1779321678.519229) can0 18914010#0CD6100CD5030000
(1779321678.520200) can0 18904010#020D020D753001FB
(1779321678.521193) can0 18FA28F4#123EA12C10270000
(1779321678.522194) can0 18FB28F4#D60CD50C40400000
(1779321678.523222) can0 18FC28F4#383200000D020000
(1779321678.524188) can0 18F810F3#0D02E80332640100
(1779321678.525219) can0 18F815F3#0000000010030000
(1779321678.526117) can0 273#000000000D023200
(1779321678.527149) can0 1E1#020D271001FB01FB
(1779321678.528130) can0 1F5#0000000000000000
(1779321678.529225) can0 0800A6A9#0000000000000000
(1779321678.530168) can0 1000A6A9#0D028813324A4A4A
(1779321678.531199) can0 1C00A6A9#0000000000030000
(1779321678.532220) can0 02018100#1003020D00000000
(1779321678.533213) can0 02028100#0000003264000000
(1779321678.534194) can0 02038100#0CD601100CD50103
(1779321678.535238) can0 02048100#4A01014A01010000
(1779321678.536093) can0 1AD#8914000059321818
(1779321678.537099) can0 2AD#D60C800C89140016
(1779321678.538111) can0 3AD#0000000000008914
(1779321678.539125) can0 4AD#EB00000000000000
(1779321678.540125) can0 76A#7F00000000000000
(1779321678.602764) can0 0000E005#1702440003B60591
(1779321678.603320) can0 1806E5F4#13D2010003B6023A
(1779321678.604233) can0 0000E000#13D213D2020D0000
(1779321678.605203) can0 0000E004#181803B603B601E2
(1779321678.606185) can0 0000E006#0CD60CD60CD50CD5
(1779321678.607179) can0 0000E007#0CD50CD50CD60CD6
(1779321678.608172) can0 0000E008#0CD60CD60CD60CD6
(1779321678.609173) can0 0000E009#0CD50CD60CD60CD6
(1779321678.610224) can0 0000E010#0000000000000000
(1779321678.611217) can0 0000E011#0000000000000000
(1779321678.612198) can0 0000E012#0CD5000100000000
(1779321678.613230) can0 0000F001#0000000000000000
(1779321678.614211) can0 18FF28F4#10320000020D0000
(1779321678.615192) can0 18FE28F4#0CD60CD540400000
(1779321678.616202) can0 18FD28F4#1702FA6F00000000
(1779321678.617109) can0 4D4#000032007D0D0203
(1779321678.618102) can0 4D5#D50CD60C40400000
(1779321678.619186) can0 18914010#0CD6100CD5030000
(1779321678.620193) can0 18904010#020D020D753001FB
(1779321678.621192) can0 18FA28F4#123EA12C10270000
(1779321678.622192) can0 18FB28F4#D60CD50C40400000
(1779321678.623204) can0 18FC28F4#383200000D020000
(1779321678.624186) can0 18F810F3#0D02E80332640100
(1779321678.625218) can0 18F815F3#0000000010030000
(1779321678.626116) can0 273#000000000D023200
(1779321678.627097) can0 1E1#020D271001FB01FB
(1779321678.628128) can0 1F5#0000000000000000
(1779321678.629205) can0 0800A6A9#0000000000000000
(1779321678.630174) can0 1000A6A9#0D028813324A4A4A
(1779321678.631196) can0 1C00A6A9#0000000000030000
(1779321678.632218) can0 02018100#1003020D00000000
(1779321678.633211) can0 02028100#0000003264000000
(1779321678.634192) can0 02038100#0CD601100CD50103
(1779321678.635187) can0 02048100#4A01014A01010000
(1779321678.636091) can0 1AD#8914000059321818
(1779321678.637096) can0 2AD#D60C800C89140016
(1779321678.638110) can0 3AD#0000000000008914
(1779321678.639120) can0 4AD#EB00000000000000
(1779321678.640123) can0 76A#7F00000000000000
(1779321678.702806) can0 0000E005#1702440003B60591
(1779321678.703385) can0 1806E5F4#13D2010003B6023A
(1779321678.704198) can0 0000E000#13D213D2020D0000
(1779321678.705196) can0 0000E004#181803B603B601E2
(1779321678.706196) can0 0000E006#0CD60CD60CD50CD5
(1779321678.707177) can0 0000E007#0CD50CD50CD60CD6
(1779321678.708190) can0 0000E008#0CD60CD60CD60CD6
(1779321678.709170) can0 0000E009#0CD50CD60CD60CD6
(1779321678.710215) can0 0000E010#0000000000000000
(1779321678.711216) can0 0000E011#0000000000000000
(1779321678.712191) can0 0000E012#0CD5000100000000
(1779321678.713227) can0 0000F001#0000000000000000
(1779321678.714210) can0 18FF28F4#10320000020D0000
(1779321678.715190) can0 18FE28F4#0CD60CD540400000
(1779321678.716198) can0 18FD28F4#1702FA6F00000000
(1779321678.717100) can0 4D4#000032007D0D0203
(1779321678.718100) can0 4D5#D50CD60C40400000
(1779321678.719177) can0 18914010#0CD6100CD5030000
(1779321678.720190) can0 18904010#020D020D753001FB
(1779321678.721190) can0 18FA28F4#123EA12C10270000
(1779321678.722183) can0 18FB28F4#D60CD50C40400000
(1779321678.723216) can0 18FC28F4#383200000D020000
(1779321678.724177) can0 18F810F3#0D02E80332640100
(1779321678.725209) can0 18F815F3#0000000010030000
(1779321678.726127) can0 273#000000000D023200
(1779321678.727094) can0 1E1#020D271001FB01FB
(1779321678.728113) can0 1F5#0000000000000000
(1779321678.729216) can0 0800A6A9#0000000000000000
(1779321678.730165) can0 1000A6A9#0D028813324A4A4A
(1779321678.731197) can0 1C00A6A9#0000000000030000
(1779321678.732210) can0 02018100#1003020D00000000
(1779321678.733203) can0 02028100#0000003264000000
(1779321678.734204) can0 02038100#0CD601100CD50103
(1779321678.735197) can0 02048100#4A01014A01010000
(1779321678.736080) can0 1AD#8914000059321818
(1779321678.737095) can0 2AD#D60C800C89140016
(1779321678.738108) can0 3AD#0000000000008914
(1779321678.739121) can0 4AD#EB00000000000000
(1779321678.740108) can0 76A#7F00000000000000
(1779321678.812961) can0 00000E00#00354C4331343233
(1779321678.820744) can0 0000E005#1702440003B60591
(1779321678.821299) can0 1806E5F4#13D2010003B6023A
(1779321678.822182) can0 0000E000#13D213D2020D0000
(1779321678.823182) can0 0000E004#181803B603B601E2
(1779321678.824176) can0 0000E006#0CD60CD50CD60CD6
(1779321678.825176) can0 0000E007#0CD60CD50CD60CD6
(1779321678.826165) can0 0000E008#0CD60CD60CD60CD5
(1779321678.827221) can0 0000E009#0CD60CD60CD60CD6
(1779321678.828214) can0 0000E010#0000000000000000
(1779321678.829214) can0 0000E011#0000000000000000
(1779321678.830194) can0 0000E012#0CD5000100000000
(1779321678.831157) can0 0000E013#4542323630354C43
(1779321678.832189) can0 0000E014#3134323300000000
(1779321678.833202) can0 0000E015#0000000000000003
(1779321678.834221) can0 0000F000#0000000000000000
(1779321678.835266) can0 0000F001#0000000000000000
(1779321678.836195) can0 18FF28F4#10320000020D0000
(1779321678.837176) can0 18FE28F4#0CD60CD540400000
(1779321678.838189) can0 18FD28F4#1702FA6F00000000
(1779321678.839106) can0 4D4#000032007D0D0203
(1779321678.840086) can0 4D5#D50CD60C40400000
(1779321678.841183) can0 18914010#0CD6100CD5020000
(1779321678.842175) can0 18904010#020D020D753001FB
(1779321678.843197) can0 18924010#4001400100000000
(1779321678.844176) can0 18934010#0000005D0000BC51
(1779321678.845202) can0 18944010#1003000000000000
(1779321678.846215) can0 18954010#0000000000000000
(1779321678.847209) can0 18954010#0100000000000000
(1779321678.848208) can0 18954010#0200000000000000
(1779321678.849203) can0 18954010#0300000000000000
(1779321678.850211) can0 18954010#0400000000000000
(1779321678.851197) can0 18954010#0500000000000000
(1779321678.852209) can0 18964010#0040404000000000
(1779321678.853203) can0 18974010#0000000000000000
(1779321678.854195) can0 18984010#0000000000000000
(1779321678.855183) can0 18FA28F4#123EA12C10270000
(1779321678.856177) can0 18FB28F4#D60CD50C40400000
(1779321678.857203) can0 18FC28F4#383200000D020000
(1779321678.858171) can0 18F810F3#0D02E80332640100
(1779321678.859184) can0 18F811F3#D60C1001D50C0201
(1779321678.860184) can0 18F812F3#4001014001010000
(1779321678.861210) can0 18F813F3#0101000000000000
(1779321678.862176) can0 18F814F3#3200EA1AA9015F00
(1779321678.863204) can0 18F815F3#0000000010030000
(1779321678.864107) can0 273#000000000D023200
(1779321678.865088) can0 1E1#020D271001FB01FB
(1779321678.866112) can0 1F5#0000000000000000
(1779321678.867197) can0 0800A6A9#0000000000000000
(1779321678.868159) can0 1000A6A9#0D028813324A4A4A
(1779321678.869191) can0 1C00A6A9#0000000000030000
(1779321678.870203) can0 02018100#1003020D00000000
(1779321678.871204) can0 02028100#0000003264000000
(1779321678.872185) can0 02038100#0CD601100CD50102
(1779321678.873178) can0 02048100#4A01014A01010000
(1779321678.874076) can0 1AD#8914000059321818
(1779321678.875076) can0 2AD#D60C800C89140016
(1779321678.876095) can0 3AD#0000000000008914
(1779321678.877108) can0 4AD#EB00000000000000
(1779321678.878098) can0 76A#7F00000000000000
(1779321678.936764) can0 0000E005#1702440003B60591
(1779321678.937325) can0 1806E5F4#13D2010003B6023A
(1779321678.938192) can0 0000E000#13D213D2020D0000
(1779321678.939223) can0 0000E004#181803B603B601E2
(1779321678.940187) can0 0000E006#0CD60CD50CD60CD6
(1779321678.941174) can0 0000E007#0CD60CD50CD60CD6
(1779321678.942172) can0 0000E008#0CD60CD60CD60CD5
(1779321678.943165) can0 0000E009#0CD60CD60CD60CD6
(1779321678.944215) can0 0000E010#0000000000000000
(1779321678.945211) can0 0000E011#0000000000000000
(1779321678.946189) can0 0000E012#0CD5000100000000
(1779321678.947197) can0 0000F001#0000000000000000
(1779321678.948202) can0 18FF28F4#10320000020D0000
(1779321678.949181) can0 18FE28F4#0CD60CD540400000
(1779321678.950183) can0 18FD28F4#1702FA6F00000000
(1779321678.951099) can0 4D4#000032007D0D0203
(1779321678.952093) can0 4D5#D50CD60C40400000
(1779321678.953171) can0 18914010#0CD6100CD5020000
(1779321678.954169) can0 18904010#020D020D753001FB
(1779321678.955197) can0 18FA28F4#123EA12C10270000
(1779321678.956172) can0 18FB28F4#D60CD50C40400000
(1779321678.957231) can0 18FC28F4#383200000D020000
(1779321678.958180) can0 18F810F3#0D02E80332640100
(1779321678.959216) can0 18F815F3#0000000010030000
(1779321678.960122) can0 273#000000000D023200
(1779321678.961104) can0 1E1#020D271001FB01FB
(1779321678.962136) can0 1F5#0000000000000000
(1779321678.963208) can0 0800A6A9#0000000000000000
(1779321678.964173) can0 1000A6A9#0D028813324A4A4A
(1779321678.965241) can0 1C00A6A9#0000000000030000
(1779321678.966205) can0 02018100#1003020D00000000
(1779321678.967200) can0 02028100#0000003264000000
(1779321678.968183) can0 02038100#0CD601100CD50102
(1779321678.969177) can0 02048100#4A01014A01010000
(1779321678.970075) can0 1AD#8914000059321818
(1779321678.971083) can0 2AD#D60C800C89140016
(1779321678.972132) can0 3AD#0000000000008914
(1779321678.973156) can0 4AD#EB00000000000000
(1779321678.974109) can0 76A#7F00000000000000
(1779321679.036807) can0 0000E005#1702440003B60591
(1779321679.037404) can0 1806E5F4#13D2010003B6023A
(1779321679.038174) can0 0000E000#13D213D2020D0000
(1779321679.039192) can0 0000E004#181803B603B601E2
(1779321679.040182) can0 0000E006#0CD60CD50CD60CD6
(1779321679.041175) can0 0000E007#0CD60CD50CD60CD6
(1779321679.042201) can0 0000E008#0CD60CD60CD60CD5
(1779321679.043161) can0 0000E009#0CD60CD60CD60CD6
(1779321679.044207) can0 0000E010#0000000000000000
(1779321679.045205) can0 0000E011#0000000000000000
(1779321679.046186) can0 0000E012#0CD5000100000000
(1779321679.047218) can0 0000F001#0000000000000000
(1779321679.048199) can0 18FF28F4#10320000020D0000
(1779321679.049179) can0 18FE28F4#0CD60CD540400000
(1779321679.050225) can0 18FD28F4#1702FA6F00000000
(1779321679.051091) can0 4D4#000032007D0D0203
(1779321679.052086) can0 4D5#D50CD60C40400000
(1779321679.053174) can0 18914010#0CD6100CD5020000
(1779321679.054174) can0 18904010#020D020D753001FB
(1779321679.055215) can0 18FA28F4#123EA12C10270000
(1779321679.056153) can0 18FB28F4#D60CD50C40400000
(1779321679.057187) can0 18FC28F4#383200000D020000
(1779321679.058205) can0 18F810F3#0D02E80332640100
(1779321679.059204) can0 18F815F3#0000000010030000
(1779321679.060104) can0 273#000000000D023200
(1779321679.061084) can0 1E1#020D271001FB01FB
(1779321679.062110) can0 1F5#0000000000000000
(1779321679.063187) can0 0800A6A9#0000000000000000
(1779321679.064154) can0 1000A6A9#0D028813324A4A4A
(1779321679.065187) can0 1C00A6A9#0000000000030000
(1779321679.066245) can0 02018100#1003020D00000000
(1779321679.067193) can0 02028100#0000003264000000
(1779321679.068178) can0 02038100#0CD601100CD50102
(1779321679.069179) can0 02048100#4A01014A01010000
(1779321679.070083) can0 1AD#8914000059321818
(1779321679.071091) can0 2AD#D60C800C89140016
(1779321679.072099) can0 3AD#0000000000008914
(1779321679.073104) can0 4AD#EB00000000000000
(1779321679.074105) can0 76A#7F00000000000000
(1779321679.136752) can0 0000E005#1702440003B60591
(1779321679.137285) can0 1806E5F4#13D2010003B6023A
(1779321679.138171) can0 0000E000#13D213D2020D0000
(1779321679.139179) can0 0000E004#181803B603B601E2
(1779321679.140166) can0 0000E006#0CD60CD60CD60CD5
(1779321679.141158) can0 0000E007#0CD50CD60CD60CD6
(1779321679.142158) can0 0000E008#0CD60CD60CD60CD6
(1779321679.143209) can0 0000E009#0CD50CD60CD60CD6
(1779321679.144204) can0 0000E010#0000000000000000
(1779321679.145203) can0 0000E011#0000000000000000
(1779321679.146184) can0 0000E012#0CD5000100000000
(1779321679.147197) can0 0000F001#0000000000000000
(1779321679.148198) can0 18FF28F4#10320000020D0000
(1779321679.149158) can0 18FE28F4#0CD60CD540400000
(1779321679.150178) can0 18FD28F4#1702FA6F00000000
(1779321679.151095) can0 4D4#000032007D0D0203
(1779321679.152076) can0 4D5#D50CD60C40400000
(1779321679.153165) can0 18914010#0CD6100CD5040000
(1779321679.154167) can0 18904010#020D020D753001FB
(1779321679.155182) can0 18FA28F4#123EA12C10270000
(1779321679.156159) can0 18FB28F4#D60CD50C40400000
(1779321679.157191) can0 18FC28F4#383200000D020000
(1779321679.158153) can0 18F810F3#0D02E80332640100
(1779321679.159203) can0 18F815F3#0000000010030000
(1779321679.160083) can0 273#000000000D023200
(1779321679.161075) can0 1E1#020D271001FB01FB
(1779321679.162116) can0 1F5#0000000000000000
(1779321679.163191) can0 0800A6A9#0000000000000000
(1779321679.164159) can0 1000A6A9#0D028813324A4A4A
(1779321679.165180) can0 1C00A6A9#0000000000030000
(1779321679.166198) can0 02018100#1003020D00000000
(1779321679.167201) can0 02028100#0000003264000000
(1779321679.168182) can0 02038100#0CD601100CD50104
(1779321679.169180) can0 02048100#4A01014A01010000
(1779321679.170074) can0 1AD#8914000059321818
(1779321679.171075) can0 2AD#D60C800C89140016
(1779321679.172098) can0 3AD#0000000000008914
(1779321679.173094) can0 4AD#EB00000000000000
(1779321679.174112) can0 76A#7F00000000000000
(1779321679.236749) can0 0000E005#1702440003B60591
(1779321679.237291) can0 1806E5F4#13D2010003B6023A
(1779321679.238173) can0 0000E000#13D213D2020D0000
(1779321679.240161) can0 0000E004#181803B603B601E2
(1779321679.240175) can0 0000E006#0CD60CD60CD60CD5
(1779321679.241168) can0 0000E007#0CD50CD60CD60CD6
(1779321679.242163) can0 0000E008#0CD60CD60CD60CD6
(1779321679.243163) can0 0000E009#0CD50CD60CD60CD6
(1779321679.244208) can0 0000E010#0000000000000000
(1779321679.245219) can0 0000E011#0000000000000000
(1779321679.246194) can0 0000E012#0CD5000100000000
(1779321679.247225) can0 0000F001#0000000000000000
(1779321679.248226) can0 18FF28F4#10320000020D0000
(1779321679.249202) can0 18FE28F4#0CD60CD540400000
(1779321679.250220) can0 18FD28F4#1702FA6F00000000
(1779321679.251141) can0 4D4#000032007D0D0203
(1779321679.252101) can0 4D5#D50CD60C40400000
(1779321679.253202) can0 18914010#0CD6100CD5040000
(1779321679.254184) can0 18904010#020D020D753001FB
(1779321679.255220) can0 18FA28F4#123EA12C10270000
(1779321679.256184) can0 18FB28F4#D60CD50C40400000
(1779321679.257221) can0 18FC28F4#383200000D020000
(1779321679.258174) can0 18F810F3#0D02E80332640100
(1779321679.259212) can0 18F815F3#0000000010030000
(1779321679.260087) can0 273#000000000D023200
(1779321679.261094) can0 1E1#020D271001FB01FB
(1779321679.262126) can0 1F5#0000000000000000
(1779321679.263232) can0 0800A6A9#0000000000000000
(1779321679.264156) can0 1000A6A9#0D028813324A4A4A
(1779321679.265206) can0 1C00A6A9#0000000000030000
(1779321679.266215) can0 02018100#1003020D00000000
(1779321679.267230) can0 02028100#0000003264000000
(1779321679.268193) can0 02038100#0CD601100CD50104
(1779321679.269175) can0 02048100#4A01014A01010000
(1779321679.270075) can0 1AD#8914000059321818
(1779321679.271084) can0 2AD#D60C800C89140016
(1779321679.272108) can0 3AD#0000000000008914
(1779321679.273148) can0 4AD#EB00000000000000
(1779321679.274116) can0 76A#7F00000000000000
(1779321679.353752) can0 0000E005#1702440003B60591
(1779321679.354291) can0 1806E5F4#13D2010003B6023A
(1779321679.355199) can0 0000E000#13D213D2020D0000
(1779321679.356173) can0 0000E004#181803B603B601E2
(1779321679.357155) can0 0000E006#0CD60CD60CD50CD5
(1779321679.358186) can0 0000E007#0CD50CD60CD50CD6
(1779321679.359165) can0 0000E008#0CD60CD60CD60CD5
(1779321679.360160) can0 0000E009#0CD60CD60CD60CD6
(1779321679.361193) can0 0000E010#0000000000000000
(1779321679.362192) can0 0000E011#0000000000000000
(1779321679.363165) can0 0000E012#0CD5000100000000
(1779321679.364155) can0 0000E013#4542323630354C43
(1779321679.365167) can0 0000E014#3134323300000000
(1779321679.366232) can0 0000E015#0000000000000003
(1779321679.367204) can0 0000F000#0000000000000000
(1779321679.368193) can0 0000F001#0000000000000000
(1779321679.369193) can0 18FF28F4#10320000020D0000
(1779321679.370155) can0 18FE28F4#0CD60CD540400000
(1779321679.371166) can0 18FD28F4#1702FA6F00000000
(1779321679.372085) can0 4D4#000032007D0D0203
(1779321679.373066) can0 4D5#D50CD60C40400000
(1779321679.374213) can0 18914010#0CD6100CD5030000
(1779321679.375157) can0 18904010#020D020D753001FB
(1779321679.376191) can0 18924010#4001400100000000
(1779321679.377171) can0 18934010#0000005E0000BC51
(1779321679.378184) can0 18944010#1003000000000000
(1779321679.379206) can0 18954010#0000000000000000
(1779321679.380206) can0 18954010#0100000000000000
(1779321679.381214) can0 18954010#0200000000000000
(1779321679.382241) can0 18954010#0300000000000000
(1779321679.383212) can0 18954010#0400000000000000
(1779321679.384181) can0 18954010#0500000000000000
(1779321679.385183) can0 18964010#0040404000000000
(1779321679.386194) can0 18974010#0000000000000000
(1779321679.387202) can0 18984010#0000000000000000
(1779321679.388178) can0 18FA28F4#123EA12C10270000
(1779321679.389172) can0 18FB28F4#D60CD50C40400000
(1779321679.390179) can0 18FC28F4#383200000D020000
(1779321679.391159) can0 18F810F3#0D02E80332640100
(1779321679.392155) can0 18F811F3#D60C1001D50C0301
(1779321679.393169) can0 18F812F3#4001014001010000
(1779321679.394192) can0 18F813F3#0101000000000000
(1779321679.395156) can0 18F814F3#3200EA1AA9015F00
(1779321679.396185) can0 18F815F3#0000000010030000
(1779321679.397086) can0 273#000000000D023200
(1779321679.398073) can0 1E1#020D271001FB01FB
(1779321679.399098) can0 1F5#0000000000000000
(1779321679.400193) can0 0800A6A9#0000000000000000
(1779321679.401140) can0 1000A6A9#0D028813324A4A4A
(1779321679.402183) can0 1C00A6A9#0000000000030000
(1779321679.403197) can0 02018100#1003020D00000000
(1779321679.404185) can0 02028100#0000003264000000
(1779321679.405159) can0 02038100#0CD601100CD50103
(1779321679.406171) can0 02048100#4A01014A01010000
(1779321679.407048) can0 1AD#8914000059321818
(1779321679.408069) can0 2AD#D60C800C89140016
(1779321679.409081) can0 3AD#0000000000008914
(1779321679.410094) can0 4AD#EB00000000000000
(1779321679.411106) can0 76A#7F00000000000000
(1779321679.469783) can0 0000E005#1702440003B60591
(1779321679.470350) can0 1806E5F4#13D2010003B6023A
(1779321679.471255) can0 0000E000#13D213D2020D0000
(1779321679.472187) can0 0000E004#181803B603B601E2
(1779321679.473172) can0 0000E006#0CD60CD60CD50CD5
(1779321679.474143) can0 0000E007#0CD50CD60CD50CD6
(1779321679.475154) can0 0000E008#0CD60CD60CD60CD5
(1779321679.476151) can0 0000E009#0CD60CD60CD60CD6
(1779321679.477200) can0 0000E010#0000000000000000
(1779321679.478181) can0 0000E011#0000000000000000
(1779321679.479257) can0 0000E012#0CD5000100000000
(1779321679.480200) can0 0000F001#0000000000000000
(1779321679.481221) can0 18FF28F4#10320000020D0000
(1779321679.482218) can0 18FE28F4#0CD60CD540400000
(1779321679.483216) can0 18FD28F4#1702FA6F00000000
(1779321679.484100) can0 4D4#000032007D0D0203
(1779321679.485085) can0 4D5#D50CD60C40400000
(1779321679.486145) can0 18914010#0CD6100CD5030000
(1779321679.487168) can0 18904010#020D020D753001FB
(1779321679.488182) can0 18FA28F4#123EA12C10270000
(1779321679.489156) can0 18FB28F4#D60CD50C40400000
(1779321679.490198) can0 18FC28F4#383200000D020000
(1779321679.491150) can0 18F810F3#0D02E80332640100
(1779321679.492185) can0 18F815F3#0000000010030000
(1779321679.493086) can0 273#000000000D023200
(1779321679.494076) can0 1E1#020D271001FB01FB
(1779321679.495091) can0 1F5#0000000000000000
(1779321679.496196) can0 0800A6A9#0000000000000000
(1779321679.497148) can0 1000A6A9#0D028813324A4A4A
(1779321679.498256) can0 1C00A6A9#0000000000030000
(1779321679.499227) can0 02018100#1003020D00000000
(1779321679.500181) can0 02028100#0000003264000000
(1779321679.501162) can0 02038100#0CD601100CD50103
(1779321679.502170) can0 02048100#4A01014A01010000
(1779321679.503048) can0 1AD#8914000059321818
(1779321679.504091) can0 2AD#D60C800C89140016
(1779321679.505073) can0 3AD#0000000000008914
(1779321679.506087) can0 4AD#EB00000000000000
(1779321679.507079) can0 76A#7F00000000000000
(1779321679.569772) can0 0000E005#1702440003B60591
(1779321679.570321) can0 1806E5F4#13D2010003B6023A
(1779321679.571191) can0 0000E000#13D213D2020D0000
(1779321679.572166) can0 0000E004#181803B603B601E2
(1779321679.573174) can0 0000E006#0CD60CD60CD50CD5
(1779321679.574138) can0 0000E007#0CD50CD60CD50CD6
(1779321679.575154) can0 0000E008#0CD60CD60CD60CD5
(1779321679.576162) can0 0000E009#0CD60CD60CD60CD6
(1779321679.577200) can0 0000E010#0000000000000000
(1779321679.578199) can0 0000E011#0000000000000000
(1779321679.579209) can0 0000E012#0CD5000100000000
(1779321679.580223) can0 0000F001#0000000000000000
(1779321679.581230) can0 18FF28F4#10320000020D0000
(1779321679.582172) can0 18FE28F4#0CD60CD540400000
(1779321679.583233) can0 18FD28F4#1702FA6F00000000
(1779321679.584098) can0 4D4#000032007D0D0203
(1779321679.585061) can0 4D5#D50CD60C40400000
(1779321679.586158) can0 18914010#0CD6100CD5030000
(1779321679.587161) can0 18904010#020D020D753001FB
(1779321679.588151) can0 18FA28F4#123EA12C10270000
(1779321679.589179) can0 18FB28F4#D60CD50C40400000
(1779321679.590179) can0 18FC28F4#383200000D020000
(1779321679.591141) can0 18F810F3#0D02E80332640100
(1779321679.592173) can0 18F815F3#0000000010030000
(1779321679.593071) can0 273#000000000D023200
(1779321679.594071) can0 1E1#020D271001FB01FB
(1779321679.595084) can0 1F5#0000000000000000
(1779321679.596179) can0 0800A6A9#0000000000000000
(1779321679.597180) can0 1000A6A9#0D028813324A4A4A
(1779321679.598188) can0 1C00A6A9#0000000000030000
(1779321679.599189) can0 02018100#1003020D00000000
(1779321679.600171) can0 02028100#0000003264000000
(1779321679.601146) can0 02038100#0CD601100CD50103
(1779321679.602163) can0 02048100#4A01014A01010000
(1779321679.603061) can0 1AD#8914000059321818
(1779321679.604059) can0 2AD#D60C800C89140016
(1779321679.605088) can0 3AD#0000000000008914
(1779321679.606085) can0 4AD#EB00000000000000
(1779321679.607093) can0 76A#7F00000000000000
(1779321679.669734) can0 0000E005#1702440003B60591
(1779321679.670271) can0 1806E5F4#13D2010003B6023A
(1779321679.671157) can0 0000E000#13D213D2020D0000
(1779321679.672158) can0 0000E004#181803B603B601E2
(1779321679.673139) can0 0000E006#0CD60CD60CD50CD6
(1779321679.674179) can0 0000E007#0CD50CD50CD60CD6
(1779321679.675151) can0 0000E008#0CD60CD60CD60CD5
(1779321679.676146) can0 0000E009#0CD60CD60CD60CD6
(1779321679.677189) can0 0000E010#0000000000000000
(1779321679.678170) can0 0000E011#0000000000000000
(1779321679.679176) can0 0000E012#0CD5000100000000
(1779321679.680188) can0 0000F001#0000000000000000
(1779321679.681186) can0 18FF28F4#10320000020D0000
(1779321679.682147) can0 18FE28F4#0CD60CD540400000
(1779321679.683161) can0 18FD28F4#1702FA6F00000000
(1779321679.684071) can0 4D4#000032007D0D0203
(1779321679.685058) can0 4D5#D50CD60C40400000
(1779321679.686150) can0 18914010#0CD6100CD5030000
(1779321679.687152) can0 18904010#020D020D753001FB
(1779321679.688145) can0 18FA28F4#123EA12C10270000
(1779321679.689146) can0 18FB28F4#D60CD50C40400000
(1779321679.690171) can0 18FC28F4#383200000D020000
(1779321679.691139) can0 18F810F3#0D02E80332640100
(1779321679.692171) can0 18F815F3#0000000010030000
(1779321679.693069) can0 273#000000000D023200
(1779321679.694045) can0 1E1#020D271001FB01FB
(1779321679.695093) can0 1F5#0000000000000000
(1779321679.696189) can0 0800A6A9#0000000000000000
(1779321679.697151) can0 1000A6A9#0D028813324A4A4A
(1779321679.698181) can0 1C00A6A9#0000000000030000
(1779321679.699276) can0 02018100#1003020D00000000
(1779321679.700204) can0 02028100#0000003264000000
(1779321679.701162) can0 02038100#0CD601100CD50103
(1779321679.702190) can0 02048100#4A01014A01010000
(1779321679.703064) can0 1AD#8914000059321818
(1779321679.704075) can0 2AD#D60C800C89140016
(1779321679.705087) can0 3AD#0000000000008914
(1779321679.706099) can0 4AD#EB00000000000000
(1779321679.707100) can0 76A#7F00000000000000
(1779321679.769783) can0 0000E005#1702440003B60591
(1779321679.770333) can0 1806E5F4#13D2010003B6023A
(1779321679.771158) can0 0000E000#13D213D2020D0000
(1779321679.772167) can0 0000E004#181803B603B601E2
(1779321679.773152) can0 0000E006#0CD60CD60CD50CD6
(1779321679.774180) can0 0000E007#0CD50CD50CD60CD6
(1779321679.775154) can0 0000E008#0CD60CD60CD60CD5
(1779321679.776155) can0 0000E009#0CD60CD60CD60CD6
(1779321679.777191) can0 0000E010#0000000000000000
(1779321679.778180) can0 0000E011#0000000000000000
(1779321679.779199) can0 0000E012#0CD5000100000000
(1779321679.780192) can0 0000F001#0000000000000000
(1779321679.781206) can0 18FF28F4#10320000020D0000
(1779321679.782161) can0 18FE28F4#0CD60CD540400000
(1779321679.783297) can0 18FD28F4#1702FA6F00000000
(1779321679.784102) can0 4D4#000032007D0D0203
(1779321679.785076) can0 4D5#D50CD60C40400000
(1779321679.786159) can0 18914010#0CD6100CD5030000
(1779321679.787161) can0 18904010#020D020D753001FB
(1779321679.788183) can0 18FA28F4#123EA12C10270000
(1779321679.789164) can0 18FB28F4#D60CD50C40400000
(1779321679.790195) can0 18FC28F4#383200000D020000
(1779321679.791147) can0 18F810F3#0D02E80332640100
(1779321679.792183) can0 18F815F3#0000000010030000
(1779321679.793081) can0 273#000000000D023200
(1779321679.794065) can0 1E1#020D271001FB01FB
(1779321679.795095) can0 1F5#0000000000000000
(1779321679.796190) can0 0800A6A9#0000000000000000
(1779321679.797122) can0 1000A6A9#0D028813324A4A4A
(1779321679.798165) can0 1C00A6A9#0000000000030000
(1779321679.799200) can0 02018100#1003020D00000000
(1779321679.800179) can0 02028100#0000003264000000
(1779321679.801167) can0 02038100#0CD601100CD50103
(1779321679.802162) can0 02048100#4A01014A01010000
(1779321679.803029) can0 1AD#8914000059321818
(1779321679.804083) can0 2AD#D60C800C89140016
(1779321679.805064) can0 3AD#0000000000008914
(1779321679.806085) can0 4AD#EB00000000000000
(1779321679.807069) can0 76A#7F00000000000000
(1779321679.886768) can0 0000E005#1702440003B60591
(1779321679.887315) can0 1806E5F4#13D2010003B6023A
(1779321679.888156) can0 0000E000#13D213D2020D0000
(1779321679.889180) can0 0000E004#181803B603B601E2
(1779321679.890128) can0 0000E006#0CD60CD60CD60CD6
(1779321679.891142) can0 0000E007#0CD60CD60CD60CD6
(1779321679.892136) can0 0000E008#0CD60CD50CD60CD5
(1779321679.893135) can0 0000E009#0CD60CD60CD60CD6
(1779321679.894181) can0 0000E010#0000000000000000
(1779321679.895161) can0 0000E011#0000000000000000
(1779321679.896162) can0 0000E012#0CD5000100000000
(1779321679.897150) can0 0000E013#4542323630354C43
(1779321679.898155) can0 0000E014#3134323300000000
(1779321679.899168) can0 0000E015#0000000000000003
(1779321679.900168) can0 0000F000#0000000000000000
(1779321679.901161) can0 0000F001#0000000000000000
(1779321679.902171) can0 18FF28F4#10320000020D0000
(1779321679.903143) can0 18FE28F4#0CD60CD540400000
(1779321679.904161) can0 18FD28F4#1702FA6F00000000
(1779321679.905106) can0 4D4#000032007D0D0203
(1779321679.906054) can0 4D5#D50CD60C40400000
(1779321679.907130) can0 18914010#0CD6100CD50A0000
(1779321679.908130) can0 18904010#020D020D753001FB
(1779321679.909156) can0 18924010#4001400100000000
(1779321679.910143) can0 18934010#0000005F0000BC51
(1779321679.911155) can0 18944010#1003000000000000
(1779321679.912182) can0 18954010#0000000000000000
(1779321679.913213) can0 18954010#0100000000000000
(1779321679.914162) can0 18954010#0200000000000000
(1779321679.915162) can0 18954010#0300000000000000
(1779321679.916156) can0 18954010#0400000000000000
(1779321679.917156) can0 18954010#0500000000000000
(1779321679.918156) can0 18964010#0040404000000000
(1779321679.919162) can0 18974010#0000000000000000
(1779321679.920161) can0 18984010#0000000000000000
(1779321679.921149) can0 18FA28F4#123EA12C10270000
(1779321679.922138) can0 18FB28F4#D60CD50C40400000
(1779321679.923169) can0 18FC28F4#383200000D020000
(1779321679.924130) can0 18F810F3#0D02E80332640100
(1779321679.925143) can0 18F811F3#D60C1001D50C0A01
(1779321679.926137) can0 18F812F3#4001014001010000
(1779321679.927169) can0 18F813F3#0101000000000000
(1779321679.928126) can0 18F814F3#3200EA1AA9015F00
(1779321679.929163) can0 18F815F3#0000000010030000
(1779321679.930060) can0 273#000000000D023200
(1779321679.931054) can0 1E1#020D271001FB01FB
(1779321679.932078) can0 1F5#0000000000000000
(1779321679.933163) can0 0800A6A9#0000000000000000
(1779321679.934124) can0 1000A6A9#0D028813324A4A4A
(1779321679.935156) can0 1C00A6A9#0000000000030000
(1779321679.936150) can0 02018100#1003020D00000000
(1779321679.937163) can0 02028100#0000003264000000
(1779321679.938137) can0 02038100#0CD601100CD5010A
(1779321679.939145) can0 02048100#4A01014A01010000
(1779321679.940028) can0 1AD#8914000059321818
(1779321679.941042) can0 2AD#D60C800C89140016
(1779321679.942074) can0 3AD#0000000000008914
(1779321679.943076) can0 4AD#EB00000000000000
(1779321679.944070) can0 76A#7F00000000000000
(1779321680.002760) can0 0000E005#1702440003B60591
(1779321680.003311) can0 1806E5F4#13D2010003B6023A
(1779321680.004157) can0 0000E000#13D213D2020D0000
(1779321680.005145) can0 0000E004#181803B603B601E2
(1779321680.006128) can0 0000E006#0CD60CD60CD60CD6
(1779321680.007123) can0 0000E007#0CD60CD60CD60CD6
(1779321680.008123) can0 0000E008#0CD60CD50CD60CD5
(1779321680.009128) can0 0000E009#0CD60CD60CD60CD6
(1779321680.010167) can0 0000E010#0000000000000000
(1779321680.011167) can0 0000E011#0000000000000000
(1779321680.012151) can0 0000E012#0CD5000100000000
(1779321680.013173) can0 0000F001#0000000000000000
(1779321680.014162) can0 18FF28F4#10320000020D0000
(1779321680.015141) can0 18FE28F4#0CD60CD540400000
(1779321680.016154) can0 18FD28F4#1702FA6F00000000
(1779321680.017051) can0 4D4#000032007D0D0203
(1779321680.018052) can0 4D5#D50CD60C40400000
(1779321680.019147) can0 18914010#0CD6100CD50A0000
(1779321680.020129) can0 18904010#020D020D753001FB
(1779321680.021138) can0 18FA28F4#123EA12C10270000
(1779321680.022131) can0 18FB28F4#D60CD50C40400000
(1779321680.023156) can0 18FC28F4#383200000D020000
(1779321680.024116) can0 18F810F3#0D02E80332640100
(1779321680.025160) can0 18F815F3#0000000010030000
(1779321680.026052) can0 273#000000000D023200
(1779321680.027065) can0 1E1#020D271001FB01FB
(1779321680.028078) can0 1F5#0000000000000000
(1779321680.029155) can0 0800A6A9#0000000000000000
(1779321680.030123) can0 1000A6A9#0D028813324A4A4A
(1779321680.031148) can0 1C00A6A9#0000000000030000
(1779321680.032168) can0 02018100#1003020D00000000
(1779321680.033160) can0 02028100#0000003264000000
(1779321680.034129) can0 02038100#0CD601100CD5010A
(1779321680.035200) can0 02048100#4A01014A01010000
(1779321680.036041) can0 1AD#8914000059321818
(1779321680.037030) can0 2AD#D60C800C89140016
(1779321680.038070) can0 3AD#0000000000008914
(1779321680.039059) can0 4AD#EB00000000000000
(1779321680.040085) can0 76A#7F00000000000000
(1779321680.102718) can0 0000E005#1702440003B60591
(1779321680.103256) can0 1806E5F4#13D2010003B6023A
(1779321680.104152) can0 0000E000#13D213D2020D0000
(1779321680.105139) can0 0000E004#181803B603B601E2
(1779321680.106126) can0 0000E006#0CD60CD60CD60CD6
(1779321680.107132) can0 0000E007#0CD60CD60CD60CD6
(1779321680.108126) can0 0000E008#0CD60CD50CD60CD5
(1779321680.109126) can0 0000E009#0CD60CD60CD60CD6
(1779321680.110168) can0 0000E010#0000000000000000
(1779321680.111178) can0 0000E011#0000000000000000
(1779321680.112166) can0 0000E012#0CD5000100000000
(1779321680.113165) can0 0000F001#0000000000000000
(1779321680.114146) can0 18FF28F4#10320000020D0000
(1779321680.115127) can0 18FE28F4#0CD60CD540400000
(1779321680.116141) can0 18FD28F4#1702FA6F00000000
(1779321680.117057) can0 4D4#000032007D0D0203
(1779321680.118036) can0 4D5#D50CD60C40400000
(1779321680.119140) can0 18914010#0CD6100CD50A0000
(1779321680.120166) can0 18904010#020D020D753001FB
(1779321680.121134) can0 18FA28F4#123EA12C10270000
(1779321680.122125) can0 18FB28F4#D60CD50C40400000
(1779321680.123146) can0 18FC28F4#383200000D020000
(1779321680.124127) can0 18F810F3#0D02E80332640100
(1779321680.125152) can0 18F815F3#0000000010030000
(1779321680.126057) can0 273#000000000D023200
(1779321680.127037) can0 1E1#020D271001FB01FB
(1779321680.128114) can0 1F5#0000000000000000
(1779321680.129140) can0 0800A6A9#0000000000000000
(1779321680.130103) can0 1000A6A9#0D028813324A4A4A
(1779321680.131139) can0 1C00A6A9#0000000000030000
(1779321680.132155) can0 02018100#1003020D00000000
(1779321680.133147) can0 02028100#0000003264000000
(1779321680.134124) can0 02038100#0CD601100CD5010A
(1779321680.135140) can0 02048100#4A01014A01010000
(1779321680.136081) can0 1AD#8914000059321818
(1779321680.137040) can0 2AD#D60C800C89140016
(1779321680.138051) can0 3AD#0000000000008914
(1779321680.139070) can0 4AD#EB00000000000000
(1779321680.140063) can0 76A#7F00000000000000
(1779321680.202757) can0 0000E005#1702440003B60591
(1779321680.203311) can0 1806E5F4#13D2010003B6023A
(1779321680.204143) can0 0000E000#13D213D2020D0000
(1779321680.205171) can0 0000E004#181803B603B601E2
(1779321680.206119) can0 0000E006#0CD60CD60CD60CD5
(1779321680.207114) can0 0000E007#0CD50CD50CD50CD5
(1779321680.208113) can0 0000E008#0CD60CD60CD60CD6
(1779321680.209125) can0 0000E009#0CD60CD60CD60CD6
(1779321680.210157) can0 0000E010#0000000000000000
(1779321680.211157) can0 0000E011#0000000000000000
(1779321680.212138) can0 0000E012#0CD5000100000000
(1779321680.213215) can0 0000F001#0000000000000000
(1779321680.214151) can0 18FF28F4#10320000020D0000
(1779321680.215124) can0 18FE28F4#0CD60CD540400000
(1779321680.216145) can0 18FD28F4#1702FA6F00000000
(1779321680.217042) can0 4D4#000032007D0D0203
(1779321680.218042) can0 4D5#D50CD60C40400000
(1779321680.219142) can0 18914010#0CD6100CD5040000
(1779321680.220121) can0 18904010#020D020D753001FB
(1779321680.221132) can0 18FA28F4#123EA12C10270000
(1779321680.222125) can0 18FB28F4#D60CD50C40400000
(1779321680.223143) can0 18FC28F4#383200000D020000
(1779321680.224122) can0 18F810F3#0D02E80332640100
(1779321680.225151) can0 18F815F3#0000000010030000
(1779321680.226049) can0 273#000000000D023200
(1779321680.227032) can0 1E1#020D271001FB01FB
(1779321680.228062) can0 1F5#0000000000000000
(1779321680.229139) can0 0800A6A9#0000000000000000
(1779321680.230107) can0 1000A6A9#0D028813324A4A4A
(1779321680.231131) can0 1C00A6A9#0000000000030000
(1779321680.232151) can0 02018100#1003020D00000000
(1779321680.233145) can0 02028100#0000003264000000
(1779321680.234126) can0 02038100#0CD601100CD50104
(1779321680.235126) can0 02048100#4A01014A01010000
(1779321680.236028) can0 1AD#8914000059321818
(1779321680.237039) can0 2AD#D60C800C89140016
(1779321680.238050) can0 3AD#0000000000008914
(1779321680.239056) can0 4AD#EB00000000000000
(1779321680.240057) can0 76A#7F00000000000000
(1779321680.302748) can0 0000E005#1702440003B60591
(1779321680.303288) can0 1806E5F4#13D2010003B6023A
(1779321680.304118) can0 0000E000#13D213D2020D0000
(1779321680.305116) can0 0000E004#181803B603B601E2
(1779321680.306116) can0 0000E006#0CD60CD60CD60CD5
(1779321680.307117) can0 0000E007#0CD50CD50CD50CD5
(1779321680.308110) can0 0000E008#0CD60CD60CD60CD6
(1779321680.309110) can0 0000E009#0CD60CD60CD60CD6
(1779321680.310155) can0 0000E010#0000000000000000
(1779321680.311154) can0 0000E011#0000000000000000
(1779321680.312128) can0 0000E012#0CD5000100000000
(1779321680.313161) can0 0000F001#0000000000000000
(1779321680.314142) can0 18FF28F4#10320000020D0000
(1779321680.315123) can0 18FE28F4#0CD60CD540400000
(1779321680.316134) can0 18FD28F4#1702FA6F00000000
(1779321680.317040) can0 4D4#000032007D0D0203
(1779321680.318040) can0 4D5#D50CD60C40400000
(1779321680.319129) can0 18914010#0CD6100CD5040000
(1779321680.320112) can0 18904010#020D020D753001FB
(1779321680.321130) can0 18FA28F4#123EA12C10270000
(1779321680.322123) can0 18FB28F4#D60CD50C40400000
(1779321680.323136) can0 18FC28F4#383200000D020000
(1779321680.324115) can0 18F810F3#0D02E80332640100
(1779321680.325151) can0 18F815F3#0000000010030000
(1779321680.326053) can0 273#000000000D023200
(1779321680.327047) can0 1E1#020D271001FB01FB
(1779321680.328059) can0 1F5#0000000000000000
(1779321680.329139) can0 0800A6A9#0000000000000000
(1779321680.330106) can0 1000A6A9#0D028813324A4A4A
(1779321680.331138) can0 1C00A6A9#0000000000030000
(1779321680.332149) can0 02018100#1003020D00000000
(1779321680.333143) can0 02028100#0000003264000000
(1779321680.334125) can0 02038100#0CD601100CD50104
(1779321680.335156) can0 02048100#4A01014A01010000
(1779321680.336015) can0 1AD#8914000059321818
(1779321680.337035) can0 2AD#D60C800C89140016
(1779321680.338047) can0 3AD#0000000000008914
(1779321680.339060) can0 4AD#EB00000000000000
(1779321680.340051) can0 76A#7F00000000000000
(1779321680.419731) can0 0000E005#1702440003B60591
(1779321680.420297) can0 1806E5F4#13D2010003B6023A
(1779321680.421128) can0 0000E000#13D213D2020D0000
(1779321680.422128) can0 0000E004#181803B603B601E2
(1779321680.423108) can0 0000E006#0CD60CD60CD60CD6
(1779321680.424103) can0 0000E007#0CD50CD50CD60CD6
(1779321680.425102) can0 0000E008#0CD60CD60CD50CD5
(1779321680.426110) can0 0000E009#0CD60CD60CD60CD6
(1779321680.427160) can0 0000E010#0000000000000000
(1779321680.428192) can0 0000E011#0000000000000000
(1779321680.429142) can0 0000E012#0CD5000100000000
(1779321680.430099) can0 0000E013#4542323630354C43
(1779321680.431135) can0 0000E014#3134323300000000
(1779321680.432148) can0 0000E015#0000000000000003
(1779321680.433148) can0 0000F000#0000000000000000
(1779321680.434141) can0 0000F001#0000000000000000
(1779321680.435142) can0 18FF28F4#10320000020D0000
(1779321680.436154) can0 18FE28F4#0CD60CD540400000
(1779321680.437136) can0 18FD28F4#1702FA6F00000000
(1779321680.438034) can0 4D4#000032007D0D0203
(1779321680.439033) can0 4D5#D50CD60C40400000
(1779321680.440110) can0 18914010#0CD6100CD5050000
(1779321680.441123) can0 18904010#020D020D753001FB
(1779321680.442132) can0 18924010#4001400100000000
(1779321680.443122) can0 18934010#000000600000BC51
(1779321680.444147) can0 18944010#1003000000000000
(1779321680.445150) can0 18954010#0000000000000000
(1779321680.446161) can0 18954010#0100000000000000
(1779321680.447149) can0 18954010#0200000000000000
(1779321680.448145) can0 18954010#0300000000000000
(1779321680.449155) can0 18954010#0400000000000000
(1779321680.450127) can0 18954010#0500000000000000
(1779321680.451129) can0 18964010#0040404000000000
(1779321680.452147) can0 18974010#0000000000000000
(1779321680.453139) can0 18984010#0000000000000000
(1779321680.454116) can0 18FA28F4#123EA12C10270000
(1779321680.455117) can0 18FB28F4#D60CD50C40400000
(1779321680.456144) can0 18FC28F4#383200000D020000
(1779321680.457104) can0 18F810F3#0D02E80332640100
(1779321680.458117) can0 18F811F3#D60C1001D50C0501
(1779321680.459130) can0 18F812F3#4001014001010000
(1779321680.460144) can0 18F813F3#0101000000000000
(1779321680.461124) can0 18F814F3#3200EA1AA9015F00
(1779321680.462135) can0 18F815F3#0000000010030000
(1779321680.463034) can0 273#000000000D023200
(1779321680.464028) can0 1E1#020D271001FB01FB
(1779321680.465060) can0 1F5#0000000000000000
(1779321680.466133) can0 0800A6A9#0000000000000000
(1779321680.467104) can0 1000A6A9#0D028813324A4A4A
(1779321680.468130) can0 1C00A6A9#0000000000030000
(1779321680.469147) can0 02018100#1003020D00000000
(1779321680.470145) can0 02028100#0000003264000000
(1779321680.471125) can0 02038100#0CD601100CD50105
(1779321680.472124) can0 02048100#4A01014A01010000
(1779321680.473022) can0 1AD#8914000059321818
(1779321680.474011) can0 2AD#D60C800C89140016
(1779321680.475034) can0 3AD#0000000000008914
(1779321680.476047) can0 4AD#EB00000000000000
(1779321680.477042) can0 76A#7F00000000000000
(1779321680.535682) can0 0000E005#1702440003B60591
(1779321680.536243) can0 1806E5F4#13D2010003B6023A
(1779321680.537127) can0 0000E000#13D213D2020D0000
(1779321680.538121) can0 0000E004#181803B603B601E2
(1779321680.539101) can0 0000E006#0CD60CD60CD60CD6
(1779321680.540101) can0 0000E007#0CD50CD50CD60CD6
(1779321680.541095) can0 0000E008#0CD60CD60CD50CD5
(1779321680.542115) can0 0000E009#0CD60CD60CD60CD6
(1779321680.543159) can0 0000E010#0000000000000000
(1779321680.544140) can0 0000E011#0000000000000000
(1779321680.545133) can0 0000E012#0CD5000100000000
(1779321680.546145) can0 0000F001#0000000000000000
(1779321680.547134) can0 18FF28F4#10320000020D0000
(1779321680.548115) can0 18FE28F4#0CD60CD540400000
(1779321680.549128) can0 18FD28F4#1702FA6F00000000
(1779321680.550044) can0 4D4#000032007D0D0203
(1779321680.551029) can0 4D5#D50CD60C40400000
(1779321680.552105) can0 18914010#0CD6100CD5050000
(1779321680.553116) can0 18904010#020D020D753001FB
(1779321680.554109) can0 18FA28F4#123EA12C10270000
(1779321680.555108) can0 18FB28F4#D60CD50C40400000
(1779321680.556141) can0 18FC28F4#383200000D020000
(1779321680.557109) can0 18F810F3#0D02E80332640100
(1779321680.558152) can0 18F815F3#0000000010030000
(1779321680.559039) can0 273#000000000D023200
(1779321680.560020) can0 1E1#020D271001FB01FB
(1779321680.561051) can0 1F5#0000000000000000
(1779321680.562129) can0 0800A6A9#0000000000000000
(1779321680.563096) can0 1000A6A9#0D028813324A4A4A
(1779321680.564122) can0 1C00A6A9#0000000000030000
(1779321680.565141) can0 02018100#1003020D00000000
(1779321680.566147) can0 02028100#0000003264000000
(1779321680.567116) can0 02038100#0CD601100CD50105
(1779321680.568110) can0 02048100#4A01014A01010000
(1779321680.569013) can0 1AD#8914000059321818
(1779321680.570015) can0 2AD#D60C800C89140016
(1779321680.571033) can0 3AD#0000000000008914
(1779321680.572046) can0 4AD#EB00000000000000
(1779321680.573045) can0 76A#7F00000000000000
(1779321680.635679) can0 0000E005#1702440003B60591
(1779321680.636235) can0 1806E5F4#13D2010003B6023A
(1779321680.637119) can0 0000E000#13D213D2020D0000
(1779321680.638119) can0 0000E004#181803B603B601E2
(1779321680.639098) can0 0000E006#0CD60CD60CD60CD6
(1779321680.640100) can0 0000E007#0CD50CD50CD60CD6
(1779321680.641093) can0 0000E008#0CD60CD60CD50CD5
(1779321680.642106) can0 0000E009#0CD60CD60CD60CD6
(1779321680.643162) can0 0000E010#0000000000000000
(1779321680.644132) can0 0000E011#0000000000000000
(1779321680.645113) can0 0000E012#0CD5000100000000
(1779321680.646145) can0 0000F001#0000000000000000
(1779321680.647125) can0 18FF28F4#10320000020D0000
(1779321680.648106) can0 18FE28F4#0CD60CD540400000
(1779321680.649125) can0 18FD28F4#1702FA6F00000000
(1779321680.650024) can0 4D4#000032007D0D0203
(1779321680.651053) can0 4D5#D50CD60C40400000
(1779321680.652100) can0 18914010#0CD6100CD5050000
(1779321680.653113) can0 18904010#020D020D753001FB
(1779321680.654113) can0 18FA28F4#123EA12C10270000
(1779321680.655105) can0 18FB28F4#D60CD50C40400000
(1779321680.656139) can0 18FC28F4#383200000D020000
(1779321680.657100) can0 18F810F3#0D02E80332640100
(1779321680.658132) can0 18F815F3#0000000010030000
(1779321680.659069) can0 273#000000000D023200
(1779321680.660011) can0 1E1#020D271001FB01FB
(1779321680.661043) can0 1F5#0000000000000000
(1779321680.662120) can0 0800A6A9#0000000000000000
(1779321680.663085) can0 1000A6A9#0D028813324A4A4A
(1779321680.664120) can0 1C00A6A9#0000000000030000
(1779321680.665133) can0 02018100#1003020D00000000
(1779321680.666126) can0 02028100#0000003264000000
(1779321680.667160) can0 02038100#0CD601100CD50105
(1779321680.668122) can0 02048100#4A01014A01010000
(1779321680.669005) can0 1AD#8914000059321818
(1779321680.670018) can0 2AD#D60C800C89140016
(1779321680.671031) can0 3AD#0000000000008914
(1779321680.672044) can0 4AD#EB00000000000000
(1779321680.673037) can0 76A#7F00000000000000
(1779321680.735703) can0 0000E005#1702440003B60591
(1779321680.736269) can0 1806E5F4#13D2010003B6023A
(1779321680.737111) can0 0000E000#13D213D2020D0000
(1779321680.738104) can0 0000E004#181803B603B601E2
(1779321680.739085) can0 0000E006#0CD60CD50CD50CD5
(1779321680.740092) can0 0000E007#0CD50CD50CD60CD6
(1779321680.741097) can0 0000E008#0CD60CD60CD50CD5
(1779321680.742092) can0 0000E009#0CD50CD60CD60CD6
(1779321680.743143) can0 0000E010#0000000000000000
(1779321680.744188) can0 0000E011#0000000000000000
(1779321680.745124) can0 0000E012#0CD5000100000000
(1779321680.746137) can0 0000F001#0000000000000000
(1779321680.747118) can0 18FF28F4#10320000020D0000
(1779321680.748095) can0 18FE28F4#0CD60CD540400000
(1779321680.749118) can0 18FD28F4#1702FA6F00000000
(1779321680.750034) can0 4D4#000032007D0D0203
(1779321680.751016) can0 4D5#D50CD60C40400000
(1779321680.752107) can0 18914010#0CD6100CD5020000
(1779321680.753104) can0 18904010#020D020D753001FB
(1779321680.754105) can0 18FA28F4#123EA12C10270000
(1779321680.755105) can0 18FB28F4#D60CD50C40400000
(1779321680.756131) can0 18FC28F4#383200000D020000
(1779321680.757100) can0 18F810F3#0D02E80332640100
(1779321680.758130) can0 18F815F3#0000000010030000
(1779321680.759028) can0 273#000000000D023200
(1779321680.760003) can0 1E1#020D271001FB01FB
(1779321680.761041) can0 1F5#0000000000000000
(1779321680.762131) can0 0800A6A9#0000000000000000
(1779321680.763080) can0 1000A6A9#0D028813324A4A4A
(1779321680.764108) can0 1C00A6A9#0000000000030000
(1779321680.765124) can0 02018100#1003020D00000000
(1779321680.766124) can0 02028100#0000003264000000
(1779321680.767108) can0 02038100#0CD601100CD50102
(1779321680.768120) can0 02048100#4A01014A01010000
(1779321680.769016) can0 1AD#8814000059321818
(1779321680.770010) can0 2AD#D60C800C88140016
(1779321680.771023) can0 3AD#0000000000008814
(1779321680.772036) can0 4AD#EB00000000000000
(1779321680.773029) can0 76A#7F00000000000000
(1779321680.835672) can0 0000E005#1702440003B60591
(1779321680.836227) can0 1806E5F4#13D2010003B6023A
(1779321680.837105) can0 0000E000#13D213D2020D0000
(1779321680.838109) can0 0000E004#181803B603B601E2
(1779321680.839089) can0 0000E006#0CD60CD50CD50CD5
(1779321680.840084) can0 0000E007#0CD50CD50CD60CD6
(1779321680.841096) can0 0000E008#0CD60CD60CD50CD5
(1779321680.842096) can0 0000E009#0CD50CD60CD60CD6
(1779321680.843140) can0 0000E010#0000000000000000
(1779321680.844141) can0 0000E011#0000000000000000
(1779321680.845115) can0 0000E012#0CD5000100000000
(1779321680.846134) can0 0000F001#0000000000000000
(1779321680.847115) can0 18FF28F4#10320000020D0000
(1779321680.848097) can0 18FE28F4#0CD60CD540400000
(1779321680.849104) can0 18FD28F4#1702FA6F00000000
(1779321680.850027) can0 4D4#000032007D0D0203
(1779321680.851008) can0 4D5#D50CD60C40400000
(1779321680.852103) can0 18914010#0CD6100CD5020000
(1779321680.853103) can0 18904010#020D020D753001FB
(1779321680.854097) can0 18FA28F4#123EA12C10270000
(1779321680.855096) can0 18FB28F4#D60CD50C40400000
(1779321680.856129) can0 18FC28F4#383200000D020000
(1779321680.857092) can0 18F810F3#0D02E80332640100
(1779321680.858135) can0 18F815F3#0000000010030000
(1779321680.859021) can0 273#000000000D023200
(1779321680.860008) can0 1E1#020D271001FB01FB
(1779321680.861027) can0 1F5#0000000000000000
(1779321680.862129) can0 0800A6A9#0000000000000000
(1779321680.863077) can0 1000A6A9#0D028813324A4A4A
(1779321680.864123) can0 1C00A6A9#0000000000030000
(1779321680.865122) can0 02018100#1003020D00000000
(1779321680.866135) can0 02028100#0000003264000000
(1779321680.867097) can0 02038100#0CD601100CD50102
(1779321680.868110) can0 02048100#4A01014A01010000
(1779321680.869010) can0 1AD#8814000059321818
(1779321680.870008) can0 2AD#D60C800C88140016
(1779321680.871021) can0 3AD#0000000000008814
(1779321680.872035) can0 4AD#EB00000000000000
(1779321680.873030) can0 76A#7F00000000000000
(1779321680.952661) can0 0000E005#1702440003B60591
(1779321680.953212) can0 1806E5F4#13D2010003B6023A
(1779321680.954101) can0 0000E000#13D213D2020D0000
(1779321680.955097) can0 0000E004#181803B603B601E2
(1779321680.956097) can0 0000E006#0CD60CD60CD50CD5
(1779321680.957078) can0 0000E007#0CD50CD50CD60CD6
(1779321680.958090) can0 0000E008#0CD60CD60CD50CD5
(1779321680.959117) can0 0000E009#0CD50CD60CD60CD6
(1779321680.960135) can0 0000E010#0000000000000000
(1779321680.961135) can0 0000E011#0000000000000000
(1779321680.962116) can0 0000E012#0CD5000100000000
(1779321680.963075) can0 0000E013#4542323630354C43
(1779321680.964110) can0 0000E014#3134323300000000
(1779321680.965122) can0 0000E015#0000000000000003
(1779321680.966135) can0 0000F000#0000000000000000
(1779321680.967167) can0 0000F001#0000000000000000
(1779321680.968117) can0 18FF28F4#10320000020D0000
(1779321680.969098) can0 18FE28F4#0CD60CD540400000
(1779321680.970117) can0 18FD28F4#1702FA6F00000000
(1779321680.971010) can0 4D4#000032007D0D0203
(1779321680.972015) can0 4D5#D50CD60C40400000
(1779321680.973091) can0 18914010#0CD6100CD5030000
(1779321680.974091) can0 18904010#020D020D753001FB
(1779321680.975162) can0 18924010#4001400100000000
(1779321680.976104) can0 18934010#000000610000BC51
(1779321680.977117) can0 18944010#1003000000000000
(1779321680.978130) can0 18954010#0000000000000000
(1779321680.979129) can0 18954010#0100000000000000
(1779321680.980130) can0 18954010#0200000000000000
(1779321680.981123) can0 18954010#0300000000000000
(1779321680.982124) can0 18954010#0400000000000000
(1779321680.983119) can0 18954010#0500000000000000
(1779321680.984118) can0 18964010#0040404000000000
(1779321680.985130) can0 18974010#0000000000000000
(1779321680.986123) can0 18984010#0000000000000000
(1779321680.987098) can0 18FA28F4#123EA12C10270000
(1779321680.988098) can0 18FB28F4#D60CD50C40400000
(1779321680.989111) can0 18FC28F4#383200000D020000
(1779321680.990092) can0 18F810F3#0D02E80332640100
(1779321680.991092) can0 18F811F3#D60C1001D50C0301
(1779321680.992105) can0 18F812F3#4001014001010000
(1779321680.993117) can0 18F813F3#0101000000000000
(1779321680.994092) can0 18F814F3#3200EA1AA9015F00
(1779321680.995118) can0 18F815F3#0000000010030000
(1779321680.996022) can0 273#000000000D023200
(1779321680.997003) can0 1E1#020D271001FB01FB
(1779321680.998028) can0 1F5#0000000000000000
(1779321680.999119) can0 0800A6A9#0000000000000000
(1779321681.000073) can0 1000A6A9#0D028813324A4A4A
(1779321681.001105) can0 1C00A6A9#0000000000030000
(1779321681.002117) can0 02018100#1003020D00000000
(1779321681.003112) can0 02028100#0000003264000000
(1779321681.004093) can0 02038100#0CD601100CD50103
(1779321681.005112) can0 02048100#4A01014A01010000
(1779321681.005990) can0 1AD#8814000059321818
(1779321681.007004) can0 2AD#D60C800C88140016
(1779321681.008022) can0 3AD#0000000000008814
(1779321681.009016) can0 4AD#EB00000000000000
(1779321681.010029) can0 76A#7F00000000000000
(1779321681.068678) can0 0000E005#1702440003B60591
(1779321681.069253) can0 1806E5F4#13D2010003B6023A
(1779321681.070102) can0 0000E000#13D213D2020D0000
(1779321681.071095) can0 0000E004#181803B603B601E2
(1779321681.072096) can0 0000E006#0CD60CD60CD50CD5
(1779321681.073077) can0 0000E007#0CD50CD50CD60CD6
(1779321681.074089) can0 0000E008#0CD60CD60CD50CD5
(1779321681.075089) can0 0000E009#0CD50CD60CD60CD6
(1779321681.076130) can0 0000E010#0000000000000000
(1779321681.077128) can0 0000E011#0000000000000000
(1779321681.078109) can0 0000E012#0CD5000100000000
(1779321681.079122) can0 0000F001#0000000000000000
(1779321681.080099) can0 18FF28F4#10320000020D0000
(1779321681.081102) can0 18FE28F4#0CD60CD540400000
(1779321681.082103) can0 18FD28F4#1702FA6F00000000
(1779321681.083020) can0 4D4#000032007D0D0203
(1779321681.084001) can0 4D5#D50CD60C40400000
(1779321681.085097) can0 18914010#0CD6100CD5030000
(1779321681.086096) can0 18904010#020D020D753001FB
(1779321681.087109) can0 18FA28F4#123EA12C10270000
(1779321681.088085) can0 18FB28F4#D60CD50C40400000
(1779321681.089135) can0 18FC28F4#383200000D020000
(1779321681.090083) can0 18F810F3#0D02E80332640100
(1779321681.091116) can0 18F815F3#0000000010030000
(1779321681.092012) can0 273#000000000D023200
(1779321681.093013) can0 1E1#020D271001FB01FB
(1779321681.094020) can0 1F5#0000000000000000
(1779321681.095116) can0 0800A6A9#0000000000000000
(1779321681.096085) can0 1000A6A9#0D028813324A4A4A
(1779321681.097129) can0 1C00A6A9#0000000000030000
(1779321681.098109) can0 02018100#1003020D00000000
(1779321681.099109) can0 02028100#0000003264000000
(1779321681.100086) can0 02038100#0CD601100CD50103
(1779321681.101104) can0 02048100#4A01014A01010000
(1779321681.102001) can0 1AD#8814000059321818
(1779321681.103014) can0 2AD#D60C800C88140016
(1779321681.104017) can0 3AD#0000000000008814
(1779321681.105053) can0 4AD#EB00000000000000
(1779321681.106015) can0 76A#7F00000000000000
(1779321681.168705) can0 0000E005#1702440003B60591
(1779321681.169261) can0 1806E5F4#13D2010003B6023A
(1779321681.170094) can0 0000E000#13D213D2020D0000
(1779321681.171093) can0 0000E004#181803B603B601E2
(1779321681.172088) can0 0000E006#0CD60CD60CD50CD5
(1779321681.173065) can0 0000E007#0CD50CD50CD60CD6
(1779321681.174100) can0 0000E008#0CD60CD60CD50CD5
(1779321681.175081) can0 0000E009#0CD50CD60CD60CD6
(1779321681.176126) can0 0000E010#0000000000000000
(1779321681.177126) can0 0000E011#0000000000000000
(1779321681.178107) can0 0000E012#0CD5000100000000
(1779321681.179120) can0 0000F001#0000000000000000
(1779321681.180101) can0 18FF28F4#10320000020D0000
(1779321681.181081) can0 18FE28F4#0CD60CD540400000
(1779321681.182126) can0 18FD28F4#1702FA6F00000000
(1779321681.183011) can0 4D4#000032007D0D0203
(1779321681.183990) can0 4D5#D50CD60C40400000
(1779321681.185088) can0 18914010#0CD6100CD5030000
(1779321681.186088) can0 18904010#020D020D753001FB
(1779321681.187082) can0 18FA28F4#123EA12C10270000
(1779321681.188082) can0 18FB28F4#D60CD50C40400000
(1779321681.189114) can0 18FC28F4#383200000D020000
(1779321681.190127) can0 18F810F3#0D02E80332640100
(1779321681.191126) can0 18F815F3#0000000010030000
(1779321681.192007) can0 273#000000000D023200
(1779321681.193006) can0 1E1#020D271001FB01FB
(1779321681.194037) can0 1F5#0000000000000000
(1779321681.195115) can0 0800A6A9#0000000000000000
(1779321681.196074) can0 1000A6A9#0D028813324A4A4A
(1779321681.197107) can0 1C00A6A9#0000000000030000
(1779321681.198153) can0 02018100#1003020D00000000
(1779321681.199120) can0 02028100#0000003264000000
(1779321681.200094) can0 02038100#0CD601100CD50103
(1779321681.201095) can0 02048100#4A01014A01010000
(1779321681.201993) can0 1AD#8814000059321818
(1779321681.203005) can0 2AD#D60C800C88140016
(1779321681.204019) can0 3AD#0000000000008814
(1779321681.205019) can0 4AD#EB00000000000000
(1779321681.206013) can0 76A#7F00000000000000
(1779321681.268652) can0 0000E005#1702440003B60591
(1779321681.269206) can0 1806E5F4#13D2010003B6023A
(1779321681.270092) can0 0000E000#13D213D2020D0000
(1779321681.271086) can0 0000E004#181803B603B601E2
(1779321681.272073) can0 0000E006#0CD60CD50CD50CD6
(1779321681.273062) can0 0000E007#0CD50CD50CD60CD6
(1779321681.274079) can0 0000E008#0CD60CD60CD60CD6
(1779321681.275131) can0 0000E009#0CD60CD60CD60CD6
(1779321681.276124) can0 0000E010#0000000000000000
(1779321681.277125) can0 0000E011#0000000000000000
(1779321681.278105) can0 0000E012#0CD5000100000000
(1779321681.279118) can0 0000F001#0000000000000000
(1779321681.280099) can0 18FF28F4#10320000020D0000
(1779321681.281078) can0 18FE28F4#0CD60CD540400000
(1779321681.282092) can0 18FD28F4#1702FA6F00000000
(1779321681.283010) can0 4D4#000032007D0D0203
(1779321681.283991) can0 4D5#D50CD60C40400000
(1779321681.285082) can0 18914010#0CD6100CD5020000
(1779321681.286086) can0 18904010#020D020D753001FB
(1779321681.287080) can0 18FA28F4#123EA12C10270000
(1779321681.288080) can0 18FB28F4#D60CD50C40400000
(1779321681.289113) can0 18FC28F4#383200000D020000
(1779321681.290073) can0 18F810F3#0D02E80332640100
(1779321681.291118) can0 18F815F3#0000000010030000
(1779321681.292004) can0 273#000000000D023200
(1779321681.292995) can0 1E1#020D271001FB01FB
(1779321681.294029) can0 1F5#0000000000000000
(1779321681.295112) can0 0800A6A9#0000000000000000
(1779321681.296074) can0 1000A6A9#0D028813324A4A4A
(1779321681.297101) can0 1C00A6A9#0000000000030000
(1779321681.298106) can0 02018100#1003020D00000000
(1779321681.299119) can0 02028100#0000003264000000
(1779321681.300081) can0 02038100#0CD601100CD50102
(1779321681.301094) can0 02048100#4A01014A01010000
(1779321681.301991) can0 1AD#8914000059321818
(1779321681.302991) can0 2AD#D60C800C89140016
(1779321681.303998) can0 3AD#0000000000008914
(1779321681.305010) can0 4AD#EB00000000000000
(1779321681.306011) can0 76A#7F00000000000000
(1779321681.368646) can0 0000E005#1702440003B60591
(1779321681.369201) can0 1806E5F4#13D2010003B6023A
(1779321681.370080) can0 0000E000#13D213D2020D0000
(1779321681.371085) can0 0000E004#181803B603B601E2
(1779321681.372065) can0 0000E006#0CD60CD50CD50CD6
(1779321681.373065) can0 0000E007#0CD50CD50CD60CD6
(1779321681.374078) can0 0000E008#0CD60CD60CD60CD6
(1779321681.375077) can0 0000E009#0CD60CD60CD60CD6
(1779321681.376123) can0 0000E010#0000000000000000
(1779321681.377116) can0 0000E011#0000000000000000
(1779321681.378098) can0 0000E012#0CD5000100000000
(1779321681.379110) can0 0000F001#0000000000000000
(1779321681.380098) can0 18FF28F4#10320000020D0000
(1779321681.381078) can0 18FE28F4#0CD60CD540400000
(1779321681.382082) can0 18FD28F4#1702FA6F00000000
(1779321681.383008) can0 4D4#000032007D0D0203
(1779321681.383989) can0 4D5#D50CD60C40400000
(1779321681.385078) can0 18914010#0CD6100CD5020000
(1779321681.386078) can0 18904010#020D020D753001FB
(1779321681.387092) can0 18FA28F4#123EA12C10270000
(1779321681.388077) can0 18FB28F4#D60CD50C40400000
(1779321681.389108) can0 18FC28F4#383200000D020000
(1779321681.390068) can0 18F810F3#0D02E80332640100
(1779321681.391097) can0 18F815F3#0000000010030000
(1779321681.392001) can0 273#000000000D023200
(1779321681.392996) can0 1E1#020D271001FB01FB
(1779321681.394018) can0 1F5#0000000000000000
(1779321681.395104) can0 0800A6A9#0000000000000000
(1779321681.396066) can0 1000A6A9#0D028813324A4A4A
(1779321681.397117) can0 1C00A6A9#0000000000030000
(1779321681.398111) can0 02018100#1003020D00000000
(1779321681.399111) can0 02028100#0000003264000000
(1779321681.400092) can0 02038100#0CD601100CD50102
(1779321681.401085) can0 02048100#4A01014A01010000
(1779321681.401984) can0 1AD#8914000059321818
(1779321681.402996) can0 2AD#D60C800C89140016
(1779321681.404009) can0 3AD#0000000000008914
(1779321681.405034) can0 4AD#EB00000000000000
(1779321681.406015) can0 76A#7F00000000000000
(1779321681.485660) can0 0000E005#1702440003B60591
(1779321681.486205) can0 1806E5F4#13D2010003B6023A
(1779321681.487084) can0 0000E000#13D213D2020D0000
(1779321681.488084) can0 0000E004#181803B603B601E2
(1779321681.489064) can0 0000E006#0CD60CD50CD50CD5
(1779321681.490097) can0 0000E007#0CD50CD50CD60CD6
(1779321681.491076) can0 0000E008#0CD60CD60CD60CD5
(1779321681.492073) can0 0000E009#0CD60CD60CD60CD6
(1779321681.493102) can0 0000E010#0000000000000000
(1779321681.494102) can0 0000E011#0000000000000000
(1779321681.495083) can0 0000E012#0CD5000100000000
(1779321681.496062) can0 0000E013#4542323630354C43
(1779321681.497077) can0 0000E014#3134323300000000
(1779321681.498141) can0 0000E015#0000000000000003
(1779321681.499109) can0 0000F000#0000000000000000
(1779321681.500109) can0 0000F001#0000000000000000
(1779321681.501090) can0 18FF28F4#10320000020D0000
(1779321681.502070) can0 18FE28F4#0CD60CD540400000
(1779321681.503086) can0 18FD28F4#1702FA6F00000000
(1779321681.503994) can0 4D4#000032007D0D0203
(1779321681.504987) can0 4D5#D50CD60C40400000
(1779321681.506131) can0 18914010#0CD6100CD5020000
(1779321681.507071) can0 18904010#020D020D753001FB
(1779321681.508094) can0 18924010#4001400100000000
(1779321681.509086) can0 18934010#000000620000BC51
(1779321681.510097) can0 18944010#1003000000000000
(1779321681.511116) can0 18954010#0000000000000000
(1779321681.512109) can0 18954010#0100000000000000
(1779321681.513121) can0 18954010#0200000000000000
(1779321681.514168) can0 18954010#0300000000000000
(1779321681.515121) can0 18954010#0400000000000000
(1779321681.516108) can0 18954010#0500000000000000
(1779321681.517099) can0 18964010#0040404000000000
(1779321681.518116) can0 18974010#0000000000000000
(1779321681.519120) can0 18984010#0000000000000000
(1779321681.520077) can0 18FA28F4#123EA12C10270000
(1779321681.521072) can0 18FB28F4#D60CD50C40400000
(1779321681.522098) can0 18FC28F4#383200000D020000
(1779321681.523067) can0 18F810F3#0D02E80332640100
(1779321681.524078) can0 18F811F3#D60C1001D50C0201
(1779321681.525085) can0 18F812F3#4001014001010000
(1779321681.526097) can0 18F813F3#0101000000000000
(1779321681.527078) can0 18F814F3#3200EA1AA9015F00
(1779321681.528096) can0 18F815F3#0000000010030000
(1779321681.529002) can0 273#000000000D023200
(1779321681.530000) can0 1E1#020D271001FB01FB
(1779321681.531013) can0 1F5#0000000000000000
(1779321681.532108) can0 0800A6A9#0000000000000000
(1779321681.533060) can0 1000A6A9#0D028813324A4A4A
(1779321681.534092) can0 1C00A6A9#0000000000030000
(1779321681.535107) can0 02018100#1003020D00000000
(1779321681.536108) can0 02028100#0000003264000000
(1779321681.537084) can0 02038100#0CD601100CD50102
(1779321681.538075) can0 02048100#4A01014A01010000
(1779321681.538977) can0 1AD#8914000059321818
(1779321681.539984) can0 2AD#D60C800C89140016
(1779321681.541002) can0 3AD#0000000000008914
(1779321681.541995) can0 4AD#EB00000000000000
(1779321681.543014) can0 76A#7F00000000000000
(1779321681.601690) can0 0000E005#1702440003B60591
(1779321681.602253) can0 1806E5F4#13D2010003B6023A
(1779321681.603088) can0 0000E000#13D213D2020D0000
(1779321681.604081) can0 0000E004#181803B603B601E2
(1779321681.605062) can0 0000E006#0CD60CD50CD50CD5
(1779321681.606062) can0 0000E007#0CD50CD50CD60CD6
(1779321681.607055) can0 0000E008#0CD60CD60CD60CD5
(1779321681.608075) can0 0000E009#0CD60CD60CD60CD6
(1779321681.609098) can0 0000E010#0000000000000000
(1779321681.610100) can0 0000E011#0000000000000000
(1779321681.611081) can0 0000E012#0CD5000100000000
(1779321681.612113) can0 0000F001#0000000000000000
(1779321681.613084) can0 18FF28F4#10320000020D0000
(1779321681.614076) can0 18FE28F4#0CD60CD540400000
(1779321681.615089) can0 18FD28F4#1702FA6F00000000
(1779321681.615987) can0 4D4#000032007D0D0203
(1779321681.616986) can0 4D5#D50CD60C40400000
(1779321681.618062) can0 18914010#0CD6100CD5020000
(1779321681.619075) can0 18904010#020D020D753001FB
(1779321681.620089) can0 18FA28F4#123EA12C10270000
(1779321681.621069) can0 18FB28F4#D60CD50C40400000
(1779321681.622100) can0 18FC28F4#383200000D020000
(1779321681.623069) can0 18F810F3#0D02E80332640100
(1779321681.624095) can0 18F815F3#0000000010030000
(1779321681.624988) can0 273#000000000D023200
(1779321681.625979) can0 1E1#020D271001FB01FB
(1779321681.627005) can0 1F5#0000000000000000
(1779321681.628102) can0 0800A6A9#0000000000000000
(1779321681.629049) can0 1000A6A9#0D028813324A4A4A
(1779321681.630081) can0 1C00A6A9#0000000000030000
(1779321681.631095) can0 02018100#1003020D00000000
(1779321681.632095) can0 02028100#0000003264000000
(1779321681.633069) can0 02038100#0CD601100CD50102
(1779321681.634082) can0 02048100#4A01014A01010000
(1779321681.634967) can0 1AD#8914000059321818
(1779321681.635994) can0 2AD#D60C800C89140016
(1779321681.636987) can0 3AD#0000000000008914
(1779321681.638006) can0 4AD#EB00000000000000
(1779321681.639000) can0 76A#7F00000000000000
(1779321681.701648) can0 0000E005#1702440003B60591
(1779321681.702199) can0 1806E5F4#13D2010003B6023A
(1779321681.703079) can0 0000E000#13D213D2020D0000
(1779321681.704061) can0 0000E004#181803B603B601E2
(1779321681.705079) can0 0000E006#0CD60CD50CD50CD5
(1779321681.706050) can0 0000E007#0CD50CD50CD60CD6
(1779321681.707054) can0 0000E008#0CD60CD60CD60CD5
(1779321681.708066) can0 0000E009#0CD60CD60CD60CD6
(1779321681.709099) can0 0000E010#0000000000000000
(1779321681.710092) can0 0000E011#0000000000000000
(1779321681.711079) can0 0000E012#0CD5000100000000
(1779321681.712105) can0 0000F001#0000000000000000
(1779321681.713105) can0 18FF28F4#10320000020D0000
(1779321681.714073) can0 18FE28F4#0CD60CD540400000
(1779321681.715086) can0 18FD28F4#1702FA6F00000000
(1779321681.715984) can0 4D4#000032007D0D0203
(1779321681.716984) can0 4D5#D50CD60C40400000
(1779321681.718057) can0 18914010#0CD6100CD5020000
(1779321681.719073) can0 18904010#020D020D753001FB
(1779321681.720074) can0 18FA28F4#123EA12C10270000
(1779321681.721099) can0 18FB28F4#D60CD50C40400000
(1779321681.722076) can0 18FC28F4#383200000D020000
(1779321681.723067) can0 18F810F3#0D02E80332640100
(1779321681.724093) can0 18F815F3#0000000010030000
(1779321681.724997) can0 273#000000000D023200
(1779321681.725978) can0 1E1#020D271001FB01FB
(1779321681.727003) can0 1F5#0000000000000000
(1779321681.728087) can0 0800A6A9#0000000000000000
(1779321681.729099) can0 1000A6A9#0D028813324A4A4A
(1779321681.730073) can0 1C00A6A9#0000000000030000
(1779321681.731093) can0 02018100#1003020D00000000
(1779321681.732093) can0 02028100#0000003264000000
(1779321681.733068) can0 02038100#0CD601100CD50102
(1779321681.734063) can0 02048100#4A01014A01010000
(1779321681.734966) can0 1AD#8914000059321818
(1779321681.735979) can0 2AD#D60C800C89140016
(1779321681.737035) can0 3AD#0000000000008914
(1779321681.738004) can0 4AD#EB00000000000000
(1779321681.738998) can0 76A#7F00000000000000
(1779321681.801630) can0 0000E005#1702440003B60591
(1779321681.802185) can0 1806E5F4#13D2010003B6023A
(1779321681.803064) can0 0000E000#13D213D2020D0000
(1779321681.804066) can0 0000E004#181803B603B601E2
(1779321681.805047) can0 0000E006#0CD60CD50CD50CD5
(1779321681.806091) can0 0000E007#0CD50CD50CD50CD6
(1779321681.807056) can0 0000E008#0CD60CD60CD60CD5
(1779321681.808053) can0 0000E009#0CD50CD60CD60CD6
(1779321681.809098) can0 0000E010#0000000000000000
(1779321681.810098) can0 0000E011#0000000000000000
(1779321681.811079) can0 0000E012#0CD5000100000000
(1779321681.812092) can0 0000F001#0000000000000000
(1779321681.813091) can0 18FF28F4#10320000020D0000
(1779321681.814104) can0 18FE28F4#0CD60CD540400000
(1779321681.815072) can0 18FD28F4#1702FA6F00000000
(1779321681.815983) can0 4D4#000032007D0D0203
(1779321681.816983) can0 4D5#D50CD60C40400000
(1779321681.818060) can0 18914010#0CD6100CD5020000
(1779321681.819061) can0 18904010#020D020D753001FB
(1779321681.820073) can0 18FA28F4#123EA12C10270000
(1779321681.821053) can0 18FB28F4#D60CD50C40400000
(1779321681.822086) can0 18FC28F4#383200000D020000
(1779321681.823047) can0 18F810F3#0D02E80332640100
(1779321681.824092) can0 18F815F3#0000000010030000
(1779321681.824996) can0 273#000000000D023200
(1779321681.825974) can0 1E1#020D271001FB01FB
(1779321681.827008) can0 1F5#0000000000000000
(1779321681.828086) can0 0800A6A9#0000000000000000
(1779321681.829047) can0 1000A6A9#0D028813324A4A4A
(1779321681.830072) can0 1C00A6A9#0000000000030000
(1779321681.831092) can0 02018100#1003020D00000000
(1779321681.832092) can0 02028100#0000003264000000
(1779321681.833067) can0 02038100#0CD601100CD50102
(1779321681.834067) can0 02048100#4A01014A01010000
(1779321681.834964) can0 1AD#8814000059321818
(1779321681.835978) can0 2AD#D60C800C88140016
(1779321681.836990) can0 3AD#0000000000008814
(1779321681.837996) can0 4AD#EB00000000000000
(1779321681.838997) can0 76A#7F00000000000000
(1779321681.901668) can0 0000E005#1702440003B60591
(1779321681.902243) can0 1806E5F4#13D2010003B6023A
(1779321681.903058) can0 0000E000#13D213D2020D0000
(1779321681.904058) can0 0000E004#181803B603B601E2
(1779321681.905038) can0 0000E006#0CD60CD50CD50CD5
(1779321681.906038) can0 0000E007#0CD50CD50CD50CD6
(1779321681.907051) can0 0000E008#0CD60CD60CD60CD5
(1779321681.908052) can0 0000E009#0CD50CD60CD60CD6
(1779321681.909096) can0 0000E010#0000000000000000
(1779321681.910089) can0 0000E011#0000000000000000
(1779321681.911070) can0 0000E012#0CD5000100000000
(1779321681.912090) can0 0000F001#0000000000000000
(1779321681.913084) can0 18FF28F4#10320000020D0000
(1779321681.914064) can0 18FE28F4#0CD60CD540400000
(1779321681.915062) can0 18FD28F4#1702FA6F00000000
(1779321681.915981) can0 4D4#000032007D0D0203
(1779321681.916975) can0 4D5#D50CD60C40400000
(1779321681.918052) can0 18914010#0CD6100CD5020000
(1779321681.919052) can0 18904010#020D020D753001FB
(1779321681.920065) can0 18FA28F4#123EA12C10270000
(1779321681.921045) can0 18FB28F4#D60CD50C40400000
(1779321681.922077) can0 18FC28F4#383200000D020000
(1779321681.923039) can0 18F810F3#0D02E80332640100
(1779321681.924091) can0 18F815F3#0000000010030000
(1779321681.924988) can0 273#000000000D023200
(1779321681.925969) can0 1E1#020D271001FB01FB
(1779321681.926998) can0 1F5#0000000000000000
(1779321681.928097) can0 0800A6A9#0000000000000000
(1779321681.929046) can0 1000A6A9#0D028813324A4A4A
(1779321681.930071) can0 1C00A6A9#0000000000030000
(1779321681.931084) can0 02018100#1003020D00000000
(1779321681.932085) can0 02028100#0000003264000000
(1779321681.933065) can0 02038100#0CD601100CD50102
(1779321681.934059) can0 02048100#4A01014A01010000
(1779321681.934955) can0 1AD#8814000059321818
(1779321681.935988) can0 2AD#D60C800C88140016
(1779321681.936982) can0 3AD#0000000000008814
(1779321681.937995) can0 4AD#EB00000000000000
(1779321681.938986) can0 76A#7F00000000000000
(1779321682.018667) can0 0000E005#1702440003B60591
(1779321682.019224) can0 1806E5F4#13D2010003B6023A
(1779321682.020063) can0 0000E000#13D213D2020D0000
(1779321682.021095) can0 0000E004#181803B603B601E2
(1779321682.022044) can0 0000E006#0CD60CD50CD60CD5
(1779321682.023044) can0 0000E007#0CD50CD50CD60CD6
(1779321682.024039) can0 0000E008#0CD60CD50CD50CD5
(1779321682.025053) can0 0000E009#0CD60CD60CD60CD6
(1779321682.026089) can0 0000E010#0000000000000000
(1779321682.027082) can0 0000E011#0000000000000000
(1779321682.028071) can0 0000E012#0CD5000100000000
(1779321682.029078) can0 0000E013#4542323630354C43
(1779321682.030063) can0 0000E014#3134323300000000
(1779321682.031076) can0 0000E015#0000000000000003
(1779321682.032089) can0 0000F000#0000000000000000
(1779321682.033089) can0 0000F001#0000000000000000
(1779321682.034069) can0 18FF28F4#10320000020D0000
(1779321682.035050) can0 18FE28F4#0CD60CD540400000
(1779321682.036064) can0 18FD28F4#1702FA6F00000000
(1779321682.037021) can0 4D4#000032007D0D0203
(1779321682.037962) can0 4D5#D50CD60C40400000
(1779321682.039058) can0 18914010#0CD6100CD5020000
(1779321682.040051) can0 18904010#020D020D753001FB
(1779321682.041060) can0 18924010#4001400100000000
(1779321682.042063) can0 18934010#000000630000BC51
(1779321682.043077) can0 18944010#1003000000000000
(1779321682.044090) can0 18954010#0000000000000000
(1779321682.045133) can0 18954010#0100000000000000
(1779321682.046083) can0 18954010#0200000000000000
(1779321682.047084) can0 18954010#0300000000000000
(1779321682.048083) can0 18954010#0400000000000000
(1779321682.049075) can0 18954010#0500000000000000
(1779321682.050077) can0 18964010#0040404000000000
(1779321682.051077) can0 18974010#0000000000000000
(1779321682.052071) can0 18984010#0000000000000000
(1779321682.053049) can0 18FA28F4#123EA12C10270000
(1779321682.054052) can0 18FB28F4#D60CD50C40400000
(1779321682.055078) can0 18FC28F4#383200000D020000
(1779321682.056046) can0 18F810F3#0D02E80332640100
(1779321682.057058) can0 18F811F3#D60C1001D50C0201
(1779321682.058052) can0 18F812F3#4001014001010000
(1779321682.059084) can0 18F813F3#0101000000000000
(1779321682.060046) can0 18F814F3#3200EA1AA9015F00
(1779321682.061076) can0 18F815F3#0000000010030000
(1779321682.061975) can0 273#000000000D023200
(1779321682.062956) can0 1E1#020D271001FB01FB
(1779321682.063989) can0 1F5#0000000000000000
(1779321682.065084) can0 0800A6A9#0000000000000000
(1779321682.066033) can0 1000A6A9#0D028813324A4A4A
(1779321682.067065) can0 1C00A6A9#0000000000030000
(1779321682.068078) can0 02018100#1003020D00000000
(1779321682.069078) can0 02028100#0000003264000000
(1779321682.070059) can0 02038100#0CD601100CD50102
(1779321682.071059) can0 02048100#4A01014A01010000
(1779321682.071957) can0 1AD#8814000059321818
(1779321682.072969) can0 2AD#D60C800C88140016
(1779321682.073988) can0 3AD#0000000000008814
(1779321682.074989) can0 4AD#EB00000000000000
(1779321682.075989) can0 76A#7F00000000000000
(1779321682.134655) can0 0000E005#1702440003B60591
(1779321682.135219) can0 1806E5F4#13D2010003B6023A
(1779321682.136056) can0 0000E000#13D213D2020D0000
(1779321682.137055) can0 0000E004#181803B603B601E2
(1779321682.138049) can0 0000E006#0CD60CD50CD60CD5
(1779321682.139037) can0 0000E007#0CD50CD50CD60CD6
(1779321682.140031) can0 0000E008#0CD60CD50CD50CD5
(1779321682.141049) can0 0000E009#0CD60CD60CD60CD6
(1779321682.142087) can0 0000E010#0000000000000000
(1779321682.143075) can0 0000E011#0000000000000000
(1779321682.144056) can0 0000E012#0CD5000100000000
(1779321682.145087) can0 0000F001#0000000000000000
(1779321682.146071) can0 18FF28F4#10320000020D0000
(1779321682.147056) can0 18FE28F4#0CD60CD540400000
(1779321682.148069) can0 18FD28F4#1702FA6F00000000
(1779321682.148967) can0 4D4#000032007D0D0203
(1779321682.149967) can0 4D5#D50CD60C40400000
(1779321682.151063) can0 18914010#0CD6100CD5020000
(1779321682.152044) can0 18904010#020D020D753001FB
(1779321682.153062) can0 18FA28F4#123EA12C10270000
(1779321682.154034) can0 18FB28F4#D60CD50C40400000
(1779321682.155068) can0 18FC28F4#383200000D020000
(1779321682.156038) can0 18F810F3#0D02E80332640100
(1779321682.157083) can0 18F815F3#0000000010030000
(1779321682.157961) can0 273#000000000D023200
(1779321682.158980) can0 1E1#020D271001FB01FB
(1779321682.159993) can0 1F5#0000000000000000
(1779321682.161075) can0 0800A6A9#0000000000000000
(1779321682.162044) can0 1000A6A9#0D028813324A4A4A
(1779321682.163069) can0 1C00A6A9#0000000000030000
(1779321682.164070) can0 02018100#1003020D00000000
(1779321682.165070) can0 02028100#0000003264000000
(1779321682.166050) can0 02038100#0CD601100CD50102
(1779321682.167083) can0 02048100#4A01014A01010000
(1779321682.167961) can0 1AD#8814000059321818
(1779321682.168961) can0 2AD#D60C800C88140016
(1779321682.169966) can0 3AD#0000000000008814
(1779321682.170987) can0 4AD#EB00000000000000
(1779321682.171987) can0 76A#7F00000000000000
(1779321682.234623) can0 0000E005#1702440003B60591
(1779321682.235180) can0 1806E5F4#13D2010003B6023A
(1779321682.236060) can0 0000E000#13D213D2020D0000
(1779321682.237060) can0 0000E004#181803B603B601E2
(1779321682.238041) can0 0000E006#0CD60CD50CD60CD5
(1779321682.239038) can0 0000E007#0CD50CD50CD60CD6
(1779321682.240042) can0 0000E008#0CD60CD50CD50CD5
(1779321682.241035) can0 0000E009#0CD60CD60CD60CD6
(1779321682.242086) can0 0000E010#0000000000000000
(1779321682.243080) can0 0000E011#0000000000000000
(1779321682.244092) can0 0000E012#0CD5000100000000
(1779321682.245073) can0 0000F001#0000000000000000
(1779321682.246074) can0 18FF28F4#10320000020D0000
(1779321682.247054) can0 18FE28F4#0CD60CD540400000
(1779321682.248054) can0 18FD28F4#1702FA6F00000000
(1779321682.248965) can0 4D4#000032007D0D0203
(1779321682.249964) can0 4D5#D50CD60C40400000
(1779321682.251039) can0 18914010#0CD6100CD5020000
(1779321682.252074) can0 18904010#020D020D753001FB
(1779321682.253054) can0 18FA28F4#123EA12C10270000
(1779321682.254036) can0 18FB28F4#D60CD50C40400000
(1779321682.255062) can0 18FC28F4#383200000D020000
(1779321682.256048) can0 18F810F3#0D02E80332640100
(1779321682.257073) can0 18F815F3#0000000010030000
(1779321682.257978) can0 273#000000000D023200
(1779321682.258960) can0 1E1#020D271001FB01FB
(1779321682.260023) can0 1F5#0000000000000000
(1779321682.261067) can0 0800A6A9#0000000000000000
(1779321682.262029) can0 1000A6A9#0D028813324A4A4A
(1779321682.263056) can0 1C00A6A9#0000000000030000
(1779321682.264074) can0 02018100#1003020D00000000
(1779321682.265074) can0 02028100#0000003264000000
(1779321682.266055) can0 02038100#0CD601100CD50102
(1779321682.267051) can0 02048100#4A01014A01010000
(1779321682.268004) can0 1AD#8814000059321818
(1779321682.268966) can0 2AD#D60C800C88140016
(1779321682.269978) can0 3AD#0000000000008814
(1779321682.270978) can0 4AD#EB00000000000000
(1779321682.271973) can0 76A#7F00000000000000
(1779321682.334659) can0 0000E005#1702440003B60591
(1779321682.335223) can0 1806E5F4#13D2010003B6023A
(1779321682.336042) can0 0000E000#13D213D2020D0000
(1779321682.337090) can0 0000E004#181803B603B601E2
(1779321682.338039) can0 0000E006#0CD60CD50CD60CD5
(1779321682.339039) can0 0000E007#0CD50CD60CD60CD6
(1779321682.340035) can0 0000E008#0CD60CD60CD60CD6
(1779321682.341033) can0 0000E009#0CD50CD60CD60CD6
(1779321682.342084) can0 0000E010#0000000000000000
(1779321682.343078) can0 0000E011#0000000000000000
(1779321682.344066) can0 0000E012#0CD5000100000000
(1779321682.345130) can0 0000F001#0000000000000000
(1779321682.346059) can0 18FF28F4#10320000020D0000
(1779321682.347039) can0 18FE28F4#0CD60CD540400000
(1779321682.348051) can0 18FD28F4#1702FA6F00000000
(1779321682.348970) can0 4D4#000032007D0D0203
(1779321682.349950) can0 4D5#D50CD60C40400000
(1779321682.351045) can0 18914010#0CD6100CD5020000
(1779321682.352039) can0 18904010#020D020D753001FB
(1779321682.353091) can0 18FA28F4#123EA12C10270000
(1779321682.354041) can0 18FB28F4#D60CD50C40400000
(1779321682.355072) can0 18FC28F4#383200000D020000
(1779321682.356034) can0 18F810F3#0D02E80332640100
(1779321682.357065) can0 18F815F3#0000000010030000
(1779321682.357970) can0 273#000000000D023200
(1779321682.358951) can0 1E1#020D271001FB01FB
(1779321682.359977) can0 1F5#0000000000000000
(1779321682.361060) can0 0800A6A9#0000000000000000
(1779321682.362028) can0 1000A6A9#0D028813324A4A4A
(1779321682.363060) can0 1C00A6A9#0000000000030000
(1779321682.364052) can0 02018100#1003020D00000000
(1779321682.365073) can0 02028100#0000003264000000
(1779321682.366035) can0 02038100#0CD601100CD50102
(1779321682.367047) can0 02048100#4A01014A01010000
(1779321682.367932) can0 1AD#8914000059321818
(1779321682.368945) can0 2AD#D60C800C89140016
(1779321682.369958) can0 3AD#0000000000008914
(1779321682.370971) can0 4AD#EB00000000000000
(1779321682.371968) can0 76A#7F00000000000000
(1779321682.434646) can0 0000E005#1702440003B60591
(1779321682.435220) can0 1806E5F4#13D2010003B6023A
(1779321682.436051) can0 0000E000#13D213D2020D0000
(1779321682.437044) can0 0000E004#181803B603B601E2
(1779321682.438031) can0 0000E006#0CD60CD50CD60CD5
(1779321682.439031) can0 0000E007#0CD50CD60CD60CD6
(1779321682.440031) can0 0000E008#0CD60CD60CD60CD6
(1779321682.441025) can0 0000E009#0CD50CD60CD60CD6
(1779321682.442076) can0 0000E010#0000000000000000
(1779321682.443076) can0 0000E011#0000000000000000
(1779321682.444060) can0 0000E012#0CD5000100000000
(1779321682.445070) can0 0000F001#0000000000000000
(1779321682.446051) can0 18FF28F4#10320000020D0000
(1779321682.447032) can0 18FE28F4#0CD60CD540400000
(1779321682.448048) can0 18FD28F4#1702FA6F00000000
(1779321682.448968) can0 4D4#000032007D0D0203
(1779321682.449948) can0 4D5#D50CD60C40400000
(1779321682.451044) can0 18914010#0CD6100CD5020000
(1779321682.452044) can0 18904010#020D020D753001FB
(1779321682.453044) can0 18FA28F4#123EA12C10270000
(1779321682.454038) can0 18FB28F4#D60CD50C40400000
(1779321682.455057) can0 18FC28F4#383200000D020000
(1779321682.456033) can0 18F810F3#0D02E80332640100
(1779321682.457064) can0 18F815F3#0000000010030000
(1779321682.457968) can0 273#000000000D023200
(1779321682.458968) can0 1E1#020D271001FB01FB
(1779321682.459975) can0 1F5#0000000000000000
(1779321682.461058) can0 0800A6A9#0000000000000000
(1779321682.462026) can0 1000A6A9#0D028813324A4A4A
(1779321682.463058) can0 1C00A6A9#0000000000030000
(1779321682.464052) can0 02018100#1003020D00000000
(1779321682.465070) can0 02028100#0000003264000000
(1779321682.466045) can0 02038100#0CD601100CD50102
(1779321682.467058) can0 02048100#4A01014A01010000
(1779321682.467942) can0 1AD#8914000059321818
(1779321682.468937) can0 2AD#D60C800C89140016
(1779321682.469968) can0 3AD#0000000000008914
(1779321682.470962) can0 4AD#EB00000000000000
(1779321682.471972) can0 76A#7F00000000000000
(1779321682.551653) can0 0000E005#1702440003B60591
(1779321682.552210) can0 1806E5F4#13D2010003B6023A
(1779321682.553043) can0 0000E000#13D213D2020D0000
(1779321682.554043) can0 0000E004#181803B603B601E2
(1779321682.555023) can0 0000E006#0CD60CD50CD60CD6
(1779321682.556025) can0 0000E007#0CD50CD60CD60CD6
(1779321682.557023) can0 0000E008#0CD60CD60CD50CD6
(1779321682.558030) can0 0000E009#0CD60CD60CD60CD6
(1779321682.559069) can0 0000E010#0000000000000000
(1779321682.560101) can0 0000E011#0000000000000000
(1779321682.561050) can0 0000E012#0CD5000100000000
(1779321682.562010) can0 0000E013#4542323630354C43
(1779321682.563044) can0 0000E014#3134323300000000
(1779321682.564063) can0 0000E015#0000000000000003
(1779321682.565075) can0 0000F000#0000000000000000
(1779321682.566075) can0 0000F001#0000000000000000
(1779321682.567056) can0 18FF28F4#10320000020D0000
(1779321682.568069) can0 18FE28F4#0CD60CD540400000
(1779321682.569057) can0 18FD28F4#1702FA6F00000000
(1779321682.569954) can0 4D4#000032007D0D0203
(1779321682.570954) can0 4D5#D50CD60C40400000
(1779321682.572032) can0 18914010#0CD6100CD5020000
(1779321682.573031) can0 18904010#020D020D753001FB
(1779321682.574045) can0 18924010#4001400100000000
(1779321682.575044) can0 18934010#000000640000BC51
(1779321682.576109) can0 18944010#1003000000000000
(1779321682.577076) can0 18954010#0000000000000000
(1779321682.578075) can0 18954010#0100000000000000
(1779321682.579057) can0 18954010#0200000000000000
(1779321682.580056) can0 18954010#0300000000000000
(1779321682.581069) can0 18954010#0400000000000000
(1779321682.582061) can0 18954010#0500000000000000
(1779321682.583063) can0 18964010#0040404000000000
(1779321682.584057) can0 18974010#0000000000000000
(1779321682.585057) can0 18984010#0000000000000000
(1779321682.586032) can0 18FA28F4#123EA12C10270000
(1779321682.587031) can0 18FB28F4#D60CD50C40400000
(1779321682.588064) can0 18FC28F4#383200000D020000
(1779321682.589024) can0 18F810F3#0D02E80332640100
(1779321682.590038) can0 18F811F3#D60C1001D50C0201
(1779321682.591038) can0 18F812F3#4001014001010000
(1779321682.592071) can0 18F813F3#0101000000000000
(1779321682.593032) can0 18F814F3#3200EA1AA9015F00
(1779321682.594061) can0 18F815F3#0000000010030000
(1779321682.594962) can0 273#000000000D023200
(1779321682.595943) can0 1E1#020D271001FB01FB
(1779321682.596975) can0 1F5#0000000000000000
(1779321682.598046) can0 0800A6A9#0000000000000000
(1779321682.599020) can0 1000A6A9#0D028813324A4A4A
(1779321682.600045) can0 1C00A6A9#0000000000030000
(1779321682.601064) can0 02018100#1003020D00000000
(1779321682.602058) can0 02028100#0000003264000000
(1779321682.603045) can0 02038100#0CD601100CD50102
(1779321682.604040) can0 02048100#4A01014A01010000
(1779321682.604924) can0 1AD#8914000059321818
(1779321682.605940) can0 2AD#D60C800C89140016
(1779321682.606956) can0 3AD#0000000000008914
(1779321682.607969) can0 4AD#EB00000000000000
(1779321682.608969) can0 76A#7F00000000000000
(1779321682.667598) can0 0000E005#1702440003B60591
(1779321682.668152) can0 1806E5F4#13D2010003B6023A
(1779321682.669036) can0 0000E000#13D213D2020D0000
(1779321682.670029) can0 0000E004#181803B603B601E2
(1779321682.671029) can0 0000E006#0CD60CD50CD60CD6
(1779321682.672029) can0 0000E007#0CD50CD60CD60CD6
(1779321682.673023) can0 0000E008#0CD60CD60CD50CD6
(1779321682.674022) can0 0000E009#0CD60CD60CD60CD6
(1779321682.675066) can0 0000E010#0000000000000000
(1779321682.676061) can0 0000E011#0000000000000000
(1779321682.677048) can0 0000E012#0CD5000100000000
(1779321682.678061) can0 0000F001#0000000000000000
(1779321682.679051) can0 18FF28F4#10320000020D0000
(1779321682.680036) can0 18FE28F4#0CD60CD540400000
(1779321682.681036) can0 18FD28F4#1702FA6F00000000
(1779321682.681953) can0 4D4#000032007D0D0203
(1779321682.682947) can0 4D5#D50CD60C40400000
(1779321682.684029) can0 18914010#0CD6100CD5020000
(1779321682.685023) can0 18904010#020D020D753001FB
(1779321682.686036) can0 18FA28F4#123EA12C10270000
(1779321682.687012) can0 18FB28F4#D60CD50C40400000
(1779321682.688049) can0 18FC28F4#383200000D020000
(1779321682.689029) can0 18F810F3#0D02E80332640100
(1779321682.690074) can0 18F815F3#0000000010030000
(1779321682.690954) can0 273#000000000D023200
(1779321682.691944) can0 1E1#020D271001FB01FB
(1779321682.692975) can0 1F5#0000000000000000
(1779321682.694050) can0 0800A6A9#0000000000000000
(1779321682.695011) can0 1000A6A9#0D028813324A4A4A
(1779321682.696043) can0 1C00A6A9#0000000000030000
(1779321682.697056) can0 02018100#1003020D00000000
(1779321682.698068) can0 02028100#0000003264000000
(1779321682.699028) can0 02038100#0CD601100CD50102
(1779321682.700030) can0 02048100#4A01014A01010000
(1779321682.700928) can0 1AD#8914000059321818
(1779321682.701940) can0 2AD#D60C800C89140016
(1779321682.702953) can0 3AD#0000000000008914
(1779321682.703967) can0 4AD#EB00000000000000
(1779321682.704960) can0 76A#7F00000000000000
(1779321682.767597) can0 0000E005#1702440003B60591
(1779321682.768153) can0 1806E5F4#13D2010003B6023A
(1779321682.769034) can0 0000E000#13D213D2020D0000
(1779321682.770033) can0 0000E004#181803B603B601E2
(1779321682.771014) can0 0000E006#0CD60CD50CD60CD6
(1779321682.772010) can0 0000E007#0CD50CD60CD60CD6
(1779321682.773015) can0 0000E008#0CD60CD60CD50CD6
(1779321682.774028) can0 0000E009#0CD60CD60CD60CD6
(1779321682.775072) can0 0000E010#0000000000000000
(1779321682.776051) can0 0000E011#0000000000000000
(1779321682.777041) can0 0000E012#0CD5000100000000
(1779321682.778054) can0 0000F001#0000000000000000
(1779321682.779034) can0 18FF28F4#10320000020D0000
(1779321682.780016) can0 18FE28F4#0CD60CD540400000
(1779321682.781035) can0 18FD28F4#1702FA6F00000000
(1779321682.781951) can0 4D4#000032007D0D0203
(1779321682.782964) can0 4D5#D50CD60C40400000
(1779321682.784025) can0 18914010#0CD6100CD5020000
(1779321682.785028) can0 18904010#020D020D753001FB
(1779321682.786040) can0 18FA28F4#123EA12C10270000
(1779321682.787021) can0 18FB28F4#D60CD50C40400000
(1779321682.788048) can0 18FC28F4#383200000D020000
(1779321682.789015) can0 18F810F3#0D02E80332640100
(1779321682.790047) can0 18F815F3#0000000010030000
(1779321682.790977) can0 273#000000000D023200
(1779321682.791927) can0 1E1#020D271001FB01FB
(1779321682.792958) can0 1F5#0000000000000000
(1779321682.794053) can0 0800A6A9#0000000000000000
(1779321682.795002) can0 1000A6A9#0D028813324A4A4A
(1779321682.796040) can0 1C00A6A9#0000000000030000
(1779321682.797041) can0 02018100#1003020D00000000
(1779321682.798041) can0 02028100#0000003264000000
(1779321682.799066) can0 02038100#0CD601100CD50102
(1779321682.800029) can0 02048100#4A01014A01010000
(1779321682.800913) can0 1AD#8914000059321818
(1779321682.801926) can0 2AD#D60C800C89140016
(1779321682.802938) can0 3AD#0000000000008914
(1779321682.803952) can0 4AD#EB00000000000000
(1779321682.804946) can0 76A#7F00000000000000
(1779321682.867616) can0 0000E005#1702440003B60591
(1779321682.868192) can0 1806E5F4#13D2010003B6023A
(1779321682.869021) can0 0000E000#13D213D2020D0000
(1779321682.870025) can0 0000E004#181803B603B601E2
(1779321682.871019) can0 0000E006#0CD60CD60CD60CD5
(1779321682.872020) can0 0000E007#0CD60CD50CD60CD6
(1779321682.873013) can0 0000E008#0CD60CD60CD60CD6
(1779321682.874012) can0 0000E009#0CD60CD60CD60CD6
(1779321682.875057) can0 0000E010#0000000000000000
(1779321682.876090) can0 0000E011#0000000000000000
(1779321682.877038) can0 0000E012#0CD5000100000000
(1779321682.878051) can0 0000F001#0000000000000000
(1779321682.879031) can0 18FF28F4#10320000020D0000
(1779321682.880013) can0 18FE28F4#0CD60CD540400000
(1779321682.881022) can0 18FD28F4#1702FA6F00000000
(1779321682.881943) can0 4D4#000032007D0D0203
(1779321682.882924) can0 4D5#D50CD60C40400000
(1779321682.884071) can0 18914010#0CD6100CD5040000
(1779321682.885010) can0 18904010#020D020D753001FB
(1779321682.886033) can0 18FA28F4#123EA12C10270000
(1779321682.887013) can0 18FB28F4#D60CD50C40400000
(1779321682.888045) can0 18FC28F4#383200000D020000
(1779321682.889007) can0 18F810F3#0D02E80332640100
(1779321682.890052) can0 18F815F3#0000000010030000
(1779321682.890936) can0 273#000000000D023200
(1779321682.891937) can0 1E1#020D271001FB01FB
(1779321682.892961) can0 1F5#0000000000000000
(1779321682.894045) can0 0800A6A9#0000000000000000
(1779321682.895007) can0 1000A6A9#0D028813324A4A4A
(1779321682.896039) can0 1C00A6A9#0000000000030000
(1779321682.897030) can0 02018100#1003020D00000000
(1779321682.898052) can0 02028100#0000003264000000
(1779321682.899033) can0 02038100#0CD601100CD50104
(1779321682.900026) can0 02048100#4A01014A01010000
(1779321682.900924) can0 1AD#8914000059321818
(1779321682.901918) can0 2AD#D60C800C89140016
(1779321682.902950) can0 3AD#0000000000008914
(1779321682.903944) can0 4AD#EB00000000000000
(1779321682.904953) can0 76A#7F00000000000000
(1779321682.967584) can0 0000E005#1702440003B60591
(1779321682.968147) can0 1806E5F4#13D2010003B6023A
(1779321682.969030) can0 0000E000#13D213D2020D0000
(1779321682.970007) can0 0000E004#181803B603B601E2
(1779321682.971011) can0 0000E006#0CD60CD60CD60CD5
(1779321682.972011) can0 0000E007#0CD60CD50CD60CD6
(1779321682.973011) can0 0000E008#0CD60CD60CD60CD6
(1779321682.974004) can0 0000E009#0CD60CD60CD60CD6
(1779321682.975055) can0 0000E010#0000000000000000
(1779321682.976050) can0 0000E011#0000000000000000
(1779321682.977030) can0 0000E012#0CD5000100000000
(1779321682.978057) can0 0000F001#0000000000000000
(1779321682.979043) can0 18FF28F4#10320000020D0000
(1779321682.980024) can0 18FE28F4#0CD60CD540400000
(1779321682.981037) can0 18FD28F4#1702FA6F00000000
(1779321682.981935) can0 4D4#000032007D0D0203
(1779321682.982935) can0 4D5#D50CD60C40400000
(1779321682.984012) can0 18914010#0CD6100CD5040000
(1779321682.985011) can0 18904010#020D020D753001FB
(1779321682.986025) can0 18FA28F4#123EA12C10270000
(1779321682.987005) can0 18FB28F4#D60CD50C40400000
(1779321682.988038) can0 18FC28F4#383200000D020000
(1779321682.989005) can0 18F810F3#0D02E80332640100
(1779321682.990042) can0 18F815F3#0000000010030000
(1779321682.990935) can0 273#000000000D023200
(1779321682.991929) can0 1E1#020D271001FB01FB
(1779321682.992961) can0 1F5#0000000000000000
(1779321682.994037) can0 0800A6A9#0000000000000000
(1779321682.995005) can0 1000A6A9#0D028813324A4A4A
(1779321682.996031) can0 1C00A6A9#0000000000030000
(1779321682.997050) can0 02018100#1003020D00000000
(1779321682.998064) can0 02028100#0000003264000000
(1779321682.999025) can0 02038100#0CD601100CD50104
(1779321683.000019) can0 02048100#4A01014A01010000
(1779321683.000922) can0 1AD#8914000059321818
(1779321683.001912) can0 2AD#D60C800C89140016
(1779321683.002942) can0 3AD#0000000000008914
(1779321683.003942) can0 4AD#EB00000000000000
(1779321683.004955) can0 76A#7F00000000000000
(1779321683.084588) can0 0000E005#1702440003B60591
(1779321683.085145) can0 1806E5F4#13D2010003B6023A
(1779321683.086029) can0 0000E000#13D213D2020D0000
(1779321683.087023) can0 0000E004#181803B603B601E2
(1779321683.088004) can0 0000E006#0CD60CD50CD60CD6
(1779321683.089004) can0 0000E007#0CD50CD50CD60CD6
(1779321683.090016) can0 0000E008#0CD60CD60CD60CD5
(1779321683.091048) can0 0000E009#0CD60CD60CD60CD6
(1779321683.092040) can0 0000E010#0000000000000000
(1779321683.093042) can0 0000E011#0000000000000000
(1779321683.094022) can0 0000E012#0CD5000100000000
(1779321683.095004) can0 0000E013#4542323630354C43
(1779321683.096036) can0 0000E014#3134323300000000
(1779321683.097048) can0 0000E015#0000000000000003
(1779321683.098042) can0 0000F000#0000000000000000
(1779321683.099074) can0 0000F001#0000000000000000
(1779321683.100044) can0 18FF28F4#10320000020D0000
(1779321683.101004) can0 18FE28F4#0CD60CD540400000
(1779321683.102024) can0 18FD28F4#1702FA6F00000000
(1779321683.102933) can0 4D4#000032007D0D0203
(1779321683.103921) can0 4D5#D50CD60C40400000
(1779321683.105017) can0 18914010#0CD6100CD5020000
(1779321683.106016) can0 18904010#020D020D753001FB
(1779321683.107070) can0 18924010#4001400100000000
(1779321683.108024) can0 18934010#000000650000BC51
(1779321683.109036) can0 18944010#1003000000000000
(1779321683.110055) can0 18954010#0000000000000000
(1779321683.111049) can0 18954010#0100000000000000
(1779321683.112050) can0 18954010#0200000000000000
(1779321683.113042) can0 18954010#0300000000000000
(1779321683.114042) can0 18954010#0400000000000000
(1779321683.115086) can0 18954010#0500000000000000
(1779321683.116037) can0 18964010#0040404000000000
(1779321683.117049) can0 18974010#0000000000000000
(1779321683.118043) can0 18984010#0000000000000000
(1779321683.119004) can0 18FA28F4#123EA12C10270000
(1779321683.120006) can0 18FB28F4#D60CD50C40400000
(1779321683.121037) can0 18FC28F4#383200000D020000
(1779321683.121998) can0 18F810F3#0D02E80332640100
(1779321683.123011) can0 18F811F3#D60C1001D50C0201
(1779321683.124025) can0 18F812F3#4001014001010000
(1779321683.125037) can0 18F813F3#0101000000000000
(1779321683.126018) can0 18F814F3#3200EA1AA9015F00
(1779321683.127042) can0 18F815F3#0000000010030000
(1779321683.127941) can0 273#000000000D023200
(1779321683.128922) can0 1E1#020D271001FB01FB
(1779321683.129954) can0 1F5#0000000000000000
(1779321683.131041) can0 0800A6A9#0000000000000000
(1779321683.131993) can0 1000A6A9#0D028813324A4A4A
(1779321683.133025) can0 1C00A6A9#0000000000030000
(1779321683.134037) can0 02018100#1003020D00000000
(1779321683.135037) can0 02028100#0000003264000000
(1779321683.136018) can0 02038100#0CD601100CD50102
(1779321683.137017) can0 02048100#4A01014A01010000
(1779321683.137916) can0 1AD#8914000059321818
(1779321683.138911) can0 2AD#D60C800C89140016
(1779321683.139942) can0 3AD#0000000000008914
(1779321683.140941) can0 4AD#EB00000000000000
(1779321683.141935) can0 76A#7F00000000000000
(1779321683.200593) can0 0000E005#1702440003B60591
(1779321683.201137) can0 1806E5F4#13D2010003B6023A
(1779321683.202021) can0 0000E000#13D213D2020D0000
(1779321683.203015) can0 0000E004#181803B603B601E2
(1779321683.203995) can0 0000E006#0CD60CD50CD60CD6
(1779321683.204996) can0 0000E007#0CD50CD50CD60CD6
(1779321683.206009) can0 0000E008#0CD60CD60CD60CD5
(1779321683.207008) can0 0000E009#0CD60CD60CD60CD6
(1779321683.208029) can0 0000E010#0000000000000000
(1779321683.209034) can0 0000E011#0000000000000000
(1779321683.210015) can0 0000E012#0CD5000100000000
(1779321683.211047) can0 0000F001#0000000000000000
(1779321683.212022) can0 18FF28F4#10320000020D0000
(1779321683.213009) can0 18FE28F4#0CD60CD540400000
(1779321683.214022) can0 18FD28F4#1702FA6F00000000
(1779321683.214939) can0 4D4#000032007D0D0203
(1779321683.215923) can0 4D5#D50CD60C40400000
(1779321683.217017) can0 18914010#0CD6100CD5020000
(1779321683.218012) can0 18904010#020D020D753001FB
(1779321683.219009) can0 18FA28F4#123EA12C10270000
(1779321683.220000) can0 18FB28F4#D60CD50C40400000
(1779321683.221035) can0 18FC28F4#383200000D020000
(1779321683.222003) can0 18F810F3#0D02E80332640100
(1779321683.223029) can0 18F815F3#0000000010030000
(1779321683.223925) can0 273#000000000D023200
(1779321683.224914) can0 1E1#020D271001FB01FB
(1779321683.225940) can0 1F5#0000000000000000
(1779321683.227035) can0 0800A6A9#0000000000000000
(1779321683.227985) can0 1000A6A9#0D028813324A4A4A
(1779321683.229047) can0 1C00A6A9#0000000000030000
(1779321683.230029) can0 02018100#1003020D00000000
(1779321683.231029) can0 02028100#0000003264000000
(1779321683.232000) can0 02038100#0CD601100CD50102
(1779321683.233017) can0 02048100#4A01014A01010000
(1779321683.233901) can0 1AD#8914000059321818
(1779321683.234914) can0 2AD#D60C800C89140016
(1779321683.235924) can0 3AD#0000000000008914
(1779321683.236972) can0 4AD#EB00000000000000
(1779321683.237934) can0 76A#7F00000000000000
(1779321683.300611) can0 0000E005#1702440003B60591
(1779321683.301181) can0 1806E5F4#13D2010003B6023A
(1779321683.302020) can0 0000E000#13D213D2020D0000
(1779321683.303000) can0 0000E004#181803B603B601E2
(1779321683.304001) can0 0000E006#0CD60CD50CD60CD6
(1779321683.304996) can0 0000E007#0CD50CD50CD60CD6
(1779321683.306007) can0 0000E008#0CD60CD60CD60CD5
(1779321683.306995) can0 0000E009#0CD60CD60CD60CD6
(1779321683.308039) can0 0000E010#0000000000000000
(1779321683.309037) can0 0000E011#0000000000000000
(1779321683.310020) can0 0000E012#0CD5000100000000
(1779321683.311033) can0 0000F001#0000000000000000
(1779321683.312021) can0 18FF28F4#10320000020D0000
(1779321683.313001) can0 18FE28F4#0CD60CD540400000
(1779321683.314034) can0 18FD28F4#1702FA6F00000000
(1779321683.314931) can0 4D4#000032007D0D0203
(1779321683.315912) can0 4D5#D50CD60C40400000
(1779321683.317003) can0 18914010#0CD6100CD5020000
(1779321683.318008) can0 18904010#020D020D753001FB
(1779321683.319001) can0 18FA28F4#123EA12C10270000
(1779321683.320001) can0 18FB28F4#D60CD50C40400000
(1779321683.321027) can0 18FC28F4#383200000D020000
(1779321683.322027) can0 18F810F3#0D02E80332640100
(1779321683.323026) can0 18F815F3#0000000010030000
(1779321683.323925) can0 273#000000000D023200
(1779321683.324927) can0 1E1#020D271001FB01FB
(1779321683.325940) can0 1F5#0000000000000000
(1779321683.327034) can0 0800A6A9#0000000000000000
(1779321683.327983) can0 1000A6A9#0D028813324A4A4A
(1779321683.329011) can0 1C00A6A9#0000000000030000
(1779321683.330060) can0 02018100#1003020D00000000
(1779321683.331029) can0 02028100#0000003264000000
(1779321683.332011) can0 02038100#0CD601100CD50102
(1779321683.333000) can0 02048100#4A01014A01010000
(1779321683.333906) can0 1AD#8914000059321818
(1779321683.334900) can0 2AD#D60C800C89140016
(1779321683.335932) can0 3AD#0000000000008914
(1779321683.336932) can0 4AD#EB00000000000000
(1779321683.337976) can0 76A#7F00000000000000
(1779321683.400607) can0 0000E005#1702440003B60591
(1779321683.401122) can0 1806E5F4#13D2010003B6023A
(1779321683.402001) can0 0000E000#13D213D2020D0000
(1779321683.402998) can0 0000E004#181803B603B601E2
(1779321683.403998) can0 0000E006#0CD60CD60CD60CD6
(1779321683.404993) can0 0000E007#0CD50CD50CD60CD6
(1779321683.405992) can0 0000E008#0CD60CD60CD60CD6
(1779321683.407037) can0 0000E009#0CD60CD60CD60CD6
(1779321683.408038) can0 0000E010#0000000000000000
(1779321683.409031) can0 0000E011#0000000000000000
(1779321683.410011) can0 0000E012#0CD5000100000000
(1779321683.411031) can0 0000F001#0000000000000000
(1779321683.412025) can0 18FF28F4#10320000020D0000
(1779321683.413005) can0 18FE28F4#0CD60CD540400000
(1779321683.414000) can0 18FD28F4#1702FA6F00000000
(1779321683.414967) can0 4D4#000032007D0D0203
(1779321683.415916) can0 4D5#D50CD60C40400000
(1779321683.416999) can0 18914010#0CD6100CD5050000
(1779321683.417988) can0 18904010#020D020D753001FB
(1779321683.419005) can0 18FA28F4#123EA12C10270000
(1779321683.419987) can0 18FB28F4#D60CD50C40400000
(1779321683.421019) can0 18FC28F4#383200000D020000
(1779321683.421986) can0 18F810F3#0D02E80332640100
(1779321683.423031) can0 18F815F3#0000000010030000
(1779321683.423929) can0 273#000000000D023200
(1779321683.424911) can0 1E1#020D271001FB01FB
(1779321683.425940) can0 1F5#0000000000000000
(1779321683.427019) can0 0800A6A9#0000000000000000
(1779321683.427987) can0 1000A6A9#0D028813324A4A4A
(1779321683.429013) can0 1C00A6A9#0000000000030000
(1779321683.430025) can0 02018100#1003020D00000000
(1779321683.431025) can0 02028100#0000003264000000
(1779321683.432006) can0 02038100#0CD601100CD50105
(1779321683.432999) can0 02048100#4A01014A01010000
(1779321683.433898) can0 1AD#8914000059321818
(1779321683.434916) can0 2AD#D60C800C89140016
(1779321683.435924) can0 3AD#0000000000008914
(1779321683.436937) can0 4AD#EB00000000000000
(1779321683.437932) can0 76A#7F00000000000000
(1779321683.500608) can0 0000E005#1702440003B60591
(1779321683.501126) can0 1806E5F4#13D2010003B6023A
(1779321683.502010) can0 0000E000#13D213D2020D0000
(1779321683.502993) can0 0000E004#181803B603B601E2
(1779321683.503990) can0 0000E006#0CD60CD60CD60CD6
(1779321683.504991) can0 0000E007#0CD50CD50CD60CD6
(1779321683.505984) can0 0000E008#0CD60CD60CD60CD6
(1779321683.506997) can0 0000E009#0CD60CD60CD60CD6
(1779321683.508029) can0 0000E010#0000000000000000
(1779321683.509029) can0 0000E011#0000000000000000
(1779321683.510010) can0 0000E012#0CD5000100000000
(1779321683.511014) can0 0000F001#0000000000000000
(1779321683.512017) can0 18FF28F4#10320000020D0000
(1779321683.512997) can0 18FE28F4#0CD60CD540400000
(1779321683.514017) can0 18FD28F4#1702FA6F00000000
(1779321683.514913) can0 4D4#000032007D0D0203
(1779321683.515915) can0 4D5#D50CD60C40400000
(1779321683.516991) can0 18914010#0CD6100CD5050000
(1779321683.518004) can0 18904010#020D020D753001FB
(1779321683.519004) can0 18FA28F4#123EA12C10270000
(1779321683.519998) can0 18FB28F4#D60CD50C40400000
(1779321683.521011) can0 18FC28F4#383200000D020000
(1779321683.521991) can0 18F810F3#0D02E80332640100
(1779321683.523020) can0 18F815F3#0000000010030000
(1779321683.523921) can0 273#000000000D023200
(1779321683.524908) can0 1E1#020D271001FB01FB
(1779321683.525934) can0 1F5#0000000000000000
(1779321683.527010) can0 0800A6A9#0000000000000000
(1779321683.527979) can0 1000A6A9#0D028813324A4A4A
(1779321683.529023) can0 1C00A6A9#0000000000030000
(1779321683.530024) can0 02018100#1003020D00000000
(1779321683.531018) can0 02028100#0000003264000000
(1779321683.531998) can0 02038100#0CD601100CD50105
(1779321683.532998) can0 02048100#4A01014A01010000
(1779321683.533896) can0 1AD#8914000059321818
(1779321683.534906) can0 2AD#D60C800C89140016
(1779321683.535922) can0 3AD#0000000000008914
(1779321683.536947) can0 4AD#EB00000000000000
(1779321683.537928) can0 76A#7F00000000000000
(1779321683.617613) can0 0000E005#1702440003B60591
(1779321683.618111) can0 1806E5F4#13D2010003B6023A
(1779321683.618996) can0 0000E000#13D213D2020D0000
(1779321683.619989) can0 0000E004#181803B603B601E2
(1779321683.620989) can0 0000E006#0CD60CD60CD50CD6
(1779321683.622022) can0 0000E007#0CD50CD60CD60CD5
(1779321683.622983) can0 0000E008#0CD60CD60CD50CD5
(1779321683.623984) can0 0000E009#0CD60CD60CD60CD6
(1779321683.625025) can0 0000E010#0000000000000000
(1779321683.626028) can0 0000E011#0000000000000000
(1779321683.627009) can0 0000E012#0CD5000100000000
(1779321683.627971) can0 0000E013#4542323630354C43
(1779321683.628997) can0 0000E014#3134323300000000
(1779321683.630047) can0 0000E015#0000000000000003
(1779321683.631028) can0 0000F000#0000000000000000
(1779321683.632029) can0 0000F001#0000000000000000
(1779321683.633009) can0 18FF28F4#10320000020D0000
(1779321683.633990) can0 18FE28F4#0CD60CD540400000
(1779321683.635003) can0 18FD28F4#1702FA6F00000000
(1779321683.635920) can0 4D4#000032007D0D0203
(1779321683.636896) can0 4D5#D50CD60C40400000
(1779321683.638028) can0 18914010#0CD6100CD5030000
(1779321683.638991) can0 18904010#020D020D753001FB
(1779321683.640003) can0 18924010#4001400100000000
(1779321683.640996) can0 18934010#000000660000BC51
(1779321683.642003) can0 18944010#1003000000000000
(1779321683.643029) can0 18954010#0000000000000000
(1779321683.644029) can0 18954010#0100000000000000
(1779321683.645028) can0 18954010#0200000000000000
(1779321683.646074) can0 18954010#0300000000000000
(1779321683.647022) can0 18954010#0400000000000000
(1779321683.648016) can0 18954010#0500000000000000
(1779321683.649011) can0 18964010#0040404000000000
(1779321683.650010) can0 18974010#0000000000000000
(1779321683.651004) can0 18984010#0000000000000000
(1779321683.651984) can0 18FA28F4#123EA12C10270000
(1779321683.652976) can0 18FB28F4#D60CD50C40400000
(1779321683.654010) can0 18FC28F4#383200000D020000
(1779321683.654972) can0 18F810F3#0D02E80332640100
(1779321683.655985) can0 18F811F3#D60C1001D50C0301
(1779321683.656998) can0 18F812F3#4001014001010000
(1779321683.658011) can0 18F813F3#0101000000000000
(1779321683.658991) can0 18F814F3#3200EA1AA9015F00
(1779321683.660024) can0 18F815F3#0000000010030000
(1779321683.660912) can0 273#000000000D023200
(1779321683.661896) can0 1E1#020D271001FB01FB
(1779321683.662928) can0 1F5#0000000000000000
(1779321683.664005) can0 0800A6A9#0000000000000000
(1779321683.664966) can0 1000A6A9#0D028813324A4A4A
(1779321683.666004) can0 1C00A6A9#0000000000030000
(1779321683.667017) can0 02018100#1003020D00000000
(1779321683.668011) can0 02028100#0000003264000000
(1779321683.668992) can0 02038100#0CD601100CD50103
(1779321683.669991) can0 02048100#4A01014A01010000
(1779321683.670889) can0 1AD#8914000059321818
(1779321683.671889) can0 2AD#D60C800C89140016
(1779321683.672921) can0 3AD#0000000000008914
(1779321683.673915) can0 4AD#EB00000000000000
(1779321683.674928) can0 76A#7F00000000000000
(1779321683.733637) can0 0000E005#1702440003B60591
(1779321683.734166) can0 1806E5F4#13D2010003B6023A
(1779321683.734995) can0 0000E000#13D213D2020D0000
(1779321683.736003) can0 0000E004#181803B603B601E2
(1779321683.736980) can0 0000E006#0CD60CD60CD50CD6
(1779321683.737977) can0 0000E007#0CD50CD60CD60CD5
(1779321683.738975) can0 0000E008#0CD60CD60CD50CD5
(1779321683.739989) can0 0000E009#0CD60CD60CD60CD6
(1779321683.741015) can0 0000E010#0000000000000000
(1779321683.742014) can0 0000E011#0000000000000000
(1779321683.742996) can0 0000E012#0CD5000100000000
(1779321683.744028) can0 0000F001#0000000000000000
(1779321683.745008) can0 18FF28F4#10320000020D0000
(1779321683.745977) can0 18FE28F4#0CD60CD540400000
(1779321683.746995) can0 18FD28F4#1702FA6F00000000
(1779321683.747906) can0 4D4#000032007D0D0203
(1779321683.748893) can0 4D5#D50CD60C40400000
(1779321683.749989) can0 18914010#0CD6100CD5030000
(1779321683.750983) can0 18904010#020D020D753001FB
(1779321683.752002) can0 18FA28F4#123EA12C10270000
(1779321683.752983) can0 18FB28F4#D60CD50C40400000
(1779321683.754018) can0 18FC28F4#383200000D020000
(1779321683.754978) can0 18F810F3#0D02E80332640100
(1779321683.756008) can0 18F815F3#0000000010030000
(1779321683.756904) can0 273#000000000D023200
(1779321683.757907) can0 1E1#020D271001FB01FB
(1779321683.758919) can0 1F5#0000000000000000
(1779321683.760028) can0 0800A6A9#0000000000000000
(1779321683.760964) can0 1000A6A9#0D028813324A4A4A
(1779321683.762008) can0 1C00A6A9#0000000000030000
(1779321683.763008) can0 02018100#1003020D00000000
(1779321683.764002) can0 02028100#0000003264000000
(1779321683.764978) can0 02038100#0CD601100CD50103
(1779321683.765995) can0 02048100#4A01014A01010000
(1779321683.766874) can0 1AD#8914000059321818
(1779321683.767919) can0 2AD#D60C800C89140016
(1779321683.768894) can0 3AD#0000000000008914
(1779321683.769913) can0 4AD#EB00000000000000
(1779321683.770913) can0 76A#7F00000000000000
(1779321683.826860) can0 00000E00#00354C4331343233
(1779321683.834623) can0 0000E005#1702440003B60591
(1779321683.835154) can0 1806E5F4#13D2010003B6023A
(1779321683.835987) can0 0000E000#13D213D2020D0000
(1779321683.837003) can0 0000E004#181803B603B601E2
(1779321683.837977) can0 0000E006#0CD60CD60CD50CD6
(1779321683.838981) can0 0000E007#0CD50CD60CD60CD5
(1779321683.839975) can0 0000E008#0CD60CD60CD50CD5
(1779321683.840974) can0 0000E009#0CD60CD60CD60CD6
(1779321683.842017) can0 0000E010#0000000000000000
(1779321683.843019) can0 0000E011#0000000000000000
(1779321683.844000) can0 0000E012#0CD5000100000000
(1779321683.845045) can0 0000F001#0000000000000000
(1779321683.846007) can0 18FF28F4#10320000020D0000
(1779321683.846974) can0 18FE28F4#0CD60CD540400000
(1779321683.847987) can0 18FD28F4#1702FA6F00000000
(1779321683.848904) can0 4D4#000032007D0D0203
(1779321683.849883) can0 4D5#D50CD60C40400000
(1779321683.850981) can0 18914010#0CD6100CD5030000
(1779321683.851982) can0 18904010#020D020D753001FB
(1779321683.853007) can0 18FA28F4#123EA12C10270000
(1779321683.853967) can0 18FB28F4#D60CD50C40400000
(1779321683.855001) can0 18FC28F4#383200000D020000
(1779321683.855969) can0 18F810F3#0D02E80332640100
(1779321683.857013) can0 18F815F3#0000000010030000
(1779321683.857899) can0 273#000000000D023200
(1779321683.858892) can0 1E1#020D271001FB01FB
(1779321683.859924) can0 1F5#0000000000000000
(1779321683.861045) can0 0800A6A9#0000000000000000
(1779321683.861960) can0 1000A6A9#0D028813324A4A4A
(1779321683.862994) can0 1C00A6A9#0000000000030000
(1779321683.864007) can0 02018100#1003020D00000000
(1779321683.865000) can0 02028100#0000003264000000
(1779321683.865978) can0 02038100#0CD601100CD50103
(1779321683.866995) can0 02048100#4A01014A01010000
(1779321683.867880) can0 1AD#8914000059321818
(1779321683.868937) can0 2AD#D60C800C89140016
(1779321683.869899) can0 3AD#0000000000008914
(1779321683.870911) can0 4AD#EB00000000000000
(1779321683.871912) can0 76A#7F00000000000000
(1779321683.933535) can0 0000E005#1702440003B60591
(1779321683.934093) can0 1806E5F4#13D2010003B6023A
(1779321683.934985) can0 0000E000#13D213D2020D0000
(1779321683.935979) can0 0000E004#181803B603B601E2
(1779321683.936978) can0 0000E006#0CD60CD60CD60CD5
(1779321683.938001) can0 0000E007#0CD50CD50CD50CD6
(1779321683.938972) can0 0000E008#0CD60CD60CD60CD5
(1779321683.939973) can0 0000E009#0CD60CD60CD60CD6
(1779321683.941017) can0 0000E010#0000000000000000
(1779321683.942011) can0 0000E011#0000000000000000
(1779321683.942997) can0 0000E012#0CD5000100000000
(1779321683.944010) can0 0000F001#0000000000000000
(1779321683.945004) can0 18FF28F4#10320000020D0000
(1779321683.946017) can0 18FE28F4#0CD60CD540400000
(1779321683.946985) can0 18FD28F4#1702FA6F00000000
(1779321683.947902) can0 4D4#000032007D0D0203
(1779321683.948902) can0 4D5#D50CD60C40400000
(1779321683.949974) can0 18914010#0CD6100CD5040000
(1779321683.950972) can0 18904010#020D020D753001FB
(1779321683.951986) can0 18FA28F4#123EA12C10270000
(1779321683.952973) can0 18FB28F4#D60CD50C40400000
(1779321683.953998) can0 18FC28F4#383200000D020000
(1779321683.954966) can0 18F810F3#0D02E80332640100
(1779321683.956011) can0 18F815F3#0000000010030000
(1779321683.956909) can0 273#000000000D023200
(1779321683.957888) can0 1E1#020D271001FB01FB
(1779321683.958922) can0 1F5#0000000000000000
(1779321683.959999) can0 0800A6A9#0000000000000000
(1779321683.960966) can0 1000A6A9#0D028813324A4A4A
(1779321683.961994) can0 1C00A6A9#0000000000030000
(1779321683.963012) can0 02018100#1003020D00000000
(1779321683.964005) can0 02028100#0000003264000000
(1779321683.964986) can0 02038100#0CD601100CD50104
(1779321683.965980) can0 02048100#4A01014A01010000
(1779321683.966884) can0 1AD#8914000059321818
(1779321683.967891) can0 2AD#D60C800C89140016
(1779321683.968903) can0 3AD#0000000000008914
(1779321683.969911) can0 4AD#EB00000000000000
(1779321683.970916) can0 76A#7F00000000000000
(1779321684.033632) can0 0000E005#1702440003B60591
(1779321684.034142) can0 1806E5F4#13D2010003B6023A
(1779321684.034973) can0 0000E000#13D213D2020D0000
(1779321684.035971) can0 0000E004#181803B603B601E2
(1779321684.036970) can0 0000E006#0CD60CD60CD60CD5
(1779321684.037952) can0 0000E007#0CD50CD50CD50CD6
(1779321684.038964) can0 0000E008#0CD60CD60CD60CD5
(1779321684.039977) can0 0000E009#0CD60CD60CD60CD6
(1779321684.041008) can0 0000E010#0000000000000000
(1779321684.042002) can0 0000E011#0000000000000000
(1779321684.042983) can0 0000E012#0CD5000100000000
(1779321684.044016) can0 0000F001#0000000000000000
(1779321684.044996) can0 18FF28F4#10320000020D0000
(1779321684.045977) can0 18FE28F4#0CD60CD540400000
(1779321684.046984) can0 18FD28F4#1702FA6F00000000
(1779321684.047894) can0 4D4#000032007D0D0203
(1779321684.048887) can0 4D5#D50CD60C40400000
(1779321684.049984) can0 18914010#0CD6100CD5040000
(1779321684.050965) can0 18904010#020D020D753001FB
(1779321684.051978) can0 18FA28F4#123EA12C10270000
(1779321684.052964) can0 18FB28F4#D60CD50C40400000
(1779321684.053991) can0 18FC28F4#383200000D020000
(1779321684.054956) can0 18F810F3#0D02E80332640100
(1779321684.056004) can0 18F815F3#0000000010030000
(1779321684.056901) can0 273#000000000D023200
(1779321684.057882) can0 1E1#020D271001FB01FB
(1779321684.058910) can0 1F5#0000000000000000
(1779321684.060010) can0 0800A6A9#0000000000000000
(1779321684.060958) can0 1000A6A9#0D028813324A4A4A
(1779321684.061984) can0 1C00A6A9#0000000000030000
(1779321684.062997) can0 02018100#1003020D00000000
(1779321684.063997) can0 02028100#0000003264000000
(1779321684.064984) can0 02038100#0CD601100CD50104
(1779321684.065975) can0 02048100#4A01014A01010000
(1779321684.066871) can0 1AD#8914000059321818
(1779321684.067902) can0 2AD#D60C800C89140016
(1779321684.068895) can0 3AD#0000000000008914
(1779321684.069909) can0 4AD#EB00000000000000
(1779321684.070902) can0 76A#7F00000000000000
(1779321684.150577) can0 0000E005#1702440003B60591
(1779321684.151135) can0 1806E5F4#13D2010003B6023A
(1779321684.151970) can0 0000E000#13D213D2020D0000
(1779321684.153001) can0 0000E004#181803B603B601E2
(1779321684.153963) can0 0000E006#0CD60CD60CD60CD5
(1779321684.154963) can0 0000E007#0CD60CD60CD60CD6
(1779321684.155963) can0 0000E008#0CD60CD60CD60CD5
(1779321684.156951) can0 0000E009#0CD50CD60CD60CD6
(1779321684.158002) can0 0000E010#0000000000000000
(1779321684.159002) can0 0000E011#0000000000000000
(1779321684.159983) can0 0000E012#0CD5000100000000
(1779321684.160976) can0 0000E013#4542323630354C43
(1779321684.161976) can0 0000E014#3134323300000000
(1779321684.162989) can0 0000E015#0000000000000003
(1779321684.164008) can0 0000F000#0000000000000000
(1779321684.165002) can0 0000F001#0000000000000000
(1779321684.165982) can0 18FF28F4#10320000020D0000
(1779321684.166963) can0 18FE28F4#0CD60CD540400000
(1779321684.167983) can0 18FD28F4#1702FA6F00000000
(1779321684.168928) can0 4D4#000032007D0D0203
(1779321684.169880) can0 4D5#D50CD60C40400000
(1779321684.170970) can0 18914010#0CD6100CD5040000
(1779321684.171971) can0 18904010#020D020D753001FB
(1779321684.172981) can0 18924010#4001400100000000
(1779321684.173964) can0 18934010#000000670000BC51
(1779321684.174983) can0 18944010#1003000000000000
(1779321684.176009) can0 18954010#0000000000000000
(1779321684.177053) can0 18954010#0100000000000000
(1779321684.177989) can0 18954010#0200000000000000
(1779321684.179002) can0 18954010#0300000000000000
(1779321684.180002) can0 18954010#0400000000000000
(1779321684.180990) can0 18954010#0500000000000000
(1779321684.181996) can0 18964010#0040404000000000
(1779321684.182990) can0 18974010#0000000000000000
(1779321684.183984) can0 18984010#0000000000000000
(1779321684.184961) can0 18FA28F4#123EA12C10270000
(1779321684.185964) can0 18FB28F4#D60CD50C40400000
(1779321684.186991) can0 18FC28F4#383200000D020000
(1779321684.187952) can0 18F810F3#0D02E80332640100
(1779321684.188965) can0 18F811F3#D60C1001D50C0401
(1779321684.189977) can0 18F812F3#4001014001010000
(1779321684.190990) can0 18F813F3#0101000000000000
(1779321684.191971) can0 18F814F3#3200EA1AA9015F00
(1779321684.192998) can0 18F815F3#0000000010030000
(1779321684.193901) can0 273#000000000D023200
(1779321684.194882) can0 1E1#020D271001FB01FB
(1779321684.195907) can0 1F5#0000000000000000
(1779321684.196983) can0 0800A6A9#0000000000000000
(1779321684.197952) can0 1000A6A9#0D028813324A4A4A
(1779321684.198984) can0 1C00A6A9#0000000000030000
(1779321684.199997) can0 02018100#1003020D00000000
(1779321684.200991) can0 02028100#0000003264000000
(1779321684.201971) can0 02038100#0CD601100CD50104
(1779321684.202971) can0 02048100#4A01014A01010000
(1779321684.203869) can0 1AD#8914000059321818
(1779321684.204861) can0 2AD#D60C800C89140016
(1779321684.205901) can0 3AD#0000000000008914
(1779321684.206895) can0 4AD#EB00000000000000
(1779321684.207895) can0 76A#7F00000000000000
(1779321684.266559) can0 0000E005#1702440003B60591
(1779321684.267140) can0 1806E5F4#13D2010003B6023A
(1779321684.267975) can0 0000E000#13D213D2020D0000
(1779321684.268975) can0 0000E004#181803B603B601E2
(1779321684.269955) can0 0000E006#0CD60CD60CD60CD5
(1779321684.270968) can0 0000E007#0CD60CD60CD60CD6
(1779321684.271969) can0 0000E008#0CD60CD60CD60CD5
(1779321684.272962) can0 0000E009#0CD50CD60CD60CD6
(1779321684.273987) can0 0000E010#0000000000000000
(1779321684.274994) can0 0000E011#0000000000000000
(1779321684.275988) can0 0000E012#0CD5000100000000
(1779321684.277000) can0 0000F001#0000000000000000
(1779321684.277979) can0 18FF28F4#10320000020D0000
(1779321684.278969) can0 18FE28F4#0CD60CD540400000
(1779321684.279982) can0 18FD28F4#1702FA6F00000000
(1779321684.280899) can0 4D4#000032007D0D0203
(1779321684.281879) can0 4D5#D50CD60C40400000
(1779321684.282975) can0 18914010#0CD6100CD5040000
(1779321684.283969) can0 18904010#020D020D753001FB
(1779321684.284969) can0 18FA28F4#123EA12C10270000
(1779321684.285964) can0 18FB28F4#D60CD50C40400000
(1779321684.286995) can0 18FC28F4#383200000D020000
(1779321684.287963) can0 18F810F3#0D02E80332640100
(1779321684.288989) can0 18F815F3#0000000010030000
(1779321684.289890) can0 273#000000000D023200
(1779321684.290886) can0 1E1#020D271001FB01FB
(1779321684.291906) can0 1F5#0000000000000000
(1779321684.292995) can0 0800A6A9#0000000000000000
(1779321684.293944) can0 1000A6A9#0D028813324A4A4A
(1779321684.294976) can0 1C00A6A9#0000000000030000
(1779321684.295989) can0 02018100#1003020D00000000
(1779321684.296989) can0 02028100#0000003264000000
(1779321684.297970) can0 02038100#0CD601100CD50104
(1779321684.298995) can0 02048100#4A01014A01010000
(1779321684.299862) can0 1AD#8914000059321818
(1779321684.300874) can0 2AD#D60C800C89140016
(1779321684.301887) can0 3AD#0000000000008914
(1779321684.302899) can0 4AD#EB00000000000000
(1779321684.303900) can0 76A#7F00000000000000
(1779321684.366537) can0 0000E005#1702440003B60591
(1779321684.367079) can0 1806E5F4#13D2010003B6023A
(1779321684.367974) can0 0000E000#13D213D2020D0000
(1779321684.368973) can0 0000E004#181803B603B601E2
(1779321684.369952) can0 0000E006#0CD60CD60CD60CD5
(1779321684.370953) can0 0000E007#0CD60CD60CD60CD6
(1779321684.371967) can0 0000E008#0CD60CD60CD60CD5
(1779321684.372960) can0 0000E009#0CD50CD60CD60CD6
(1779321684.373986) can0 0000E010#0000000000000000
(1779321684.374992) can0 0000E011#0000000000000000
(1779321684.375985) can0 0000E012#0CD5000100000000
(1779321684.376998) can0 0000F001#0000000000000000
(1779321684.377979) can0 18FF28F4#10320000020D0000
(1779321684.378960) can0 18FE28F4#0CD60CD540400000
(1779321684.379980) can0 18FD28F4#1702FA6F00000000
(1779321684.380890) can0 4D4#000032007D0D0203
(1779321684.381869) can0 4D5#D50CD60C40400000
(1779321684.382967) can0 18914010#0CD6100CD5040000
(1779321684.383980) can0 18904010#020D020D753001FB
(1779321684.384960) can0 18FA28F4#123EA12C10270000
(1779321684.385953) can0 18FB28F4#D60CD50C40400000
(1779321684.386992) can0 18FC28F4#383200000D020000
(1779321684.387955) can0 18F810F3#0D02E80332640100
(1779321684.388986) can0 18F815F3#0000000010030000
(1779321684.389884) can0 273#000000000D023200
(1779321684.390865) can0 1E1#020D271001FB01FB
(1779321684.391929) can0 1F5#0000000000000000
(1779321684.392993) can0 0800A6A9#0000000000000000
(1779321684.393938) can0 1000A6A9#0D028813324A4A4A
(1779321684.394974) can0 1C00A6A9#0000000000030000
(1779321684.395987) can0 02018100#1003020D00000000
(1779321684.396980) can0 02028100#0000003264000000
(1779321684.397956) can0 02038100#0CD601100CD50104
(1779321684.398974) can0 02048100#4A01014A01010000
(1779321684.399904) can0 1AD#8914000059321818
(1779321684.400871) can0 2AD#D60C800C89140016
(1779321684.401884) can0 3AD#0000000000008914
(1779321684.402897) can0 4AD#EB00000000000000
(1779321684.403891) can0 76A#7F00000000000000
(1779321684.466578) can0 0000E005#1702440003B60591
(1779321684.467133) can0 1806E5F4#13D2010003B6023A
(1779321684.467958) can0 0000E000#13D213D2020D0000
(1779321684.469003) can0 0000E004#181803B603B601E2
(1779321684.469952) can0 0000E006#0CD60CD50CD50CD5
(1779321684.470944) can0 0000E007#0CD60CD50CD60CD6
(1779321684.471946) can0 0000E008#0CD60CD60CD60CD6
(1779321684.472945) can0 0000E009#0CD60CD60CD60CD6
(1779321684.473990) can0 0000E010#0000000000000000
(1779321684.474984) can0 0000E011#0000000000000000
(1779321684.475972) can0 0000E012#0CD5000100000000
(1779321684.477028) can0 0000F001#0000000000000000
(1779321684.477977) can0 18FF28F4#10320000020D0000
(1779321684.478958) can0 18FE28F4#0CD60CD540400000
(1779321684.479972) can0 18FD28F4#1702FA6F00000000
(1779321684.480876) can0 4D4#000032007D0D0203
(1779321684.481876) can0 4D5#D50CD60C40400000
(1779321684.482960) can0 18914010#0CD6100CD5020000
(1779321684.483946) can0 18904010#020D020D753001FB
(1779321684.485011) can0 18FA28F4#123EA12C10270000
(1779321684.485946) can0 18FB28F4#D60CD50C40400000
(1779321684.486971) can0 18FC28F4#383200000D020000
(1779321684.487953) can0 18F810F3#0D02E80332640100
(1779321684.488985) can0 18F815F3#0000000010030000
(1779321684.489882) can0 273#000000000D023200
(1779321684.490859) can0 1E1#020D271001FB01FB
(1779321684.491896) can0 1F5#0000000000000000
(1779321684.492972) can0 0800A6A9#0000000000000000
(1779321684.493940) can0 1000A6A9#0D028813324A4A4A
(1779321684.494966) can0 1C00A6A9#0000000000030000
(1779321684.495985) can0 02018100#1003020D00000000
(1779321684.496979) can0 02028100#0000003264000000
(1779321684.497959) can0 02038100#0CD601100CD50102
(1779321684.498959) can0 02048100#4A01014A01010000
(1779321684.499858) can0 1AD#8914000059321818
(1779321684.500870) can0 2AD#D60C800C89140016
(1779321684.501883) can0 3AD#0000000000008914
(1779321684.502892) can0 4AD#EB00000000000000
(1779321684.503890) can0 76A#7F00000000000000
(1779321684.566567) can0 0000E005#1702440003B60591
(1779321684.567132) can0 1806E5F4#13D2010003B6023A
(1779321684.567966) can0 0000E000#13D213D2020D0000
(1779321684.568963) can0 0000E004#181803B603B601E2
(1779321684.569944) can0 0000E006#0CD60CD50CD50CD5
(1779321684.570944) can0 0000E007#0CD60CD50CD60CD6
(1779321684.571938) can0 0000E008#0CD60CD60CD60CD6
(1779321684.572956) can0 0000E009#0CD60CD60CD60CD6
(1779321684.573982) can0 0000E010#0000000000000000
(1779321684.574982) can0 0000E011#0000000000000000
(1779321684.575962) can0 0000E012#0CD5000100000000
(1779321684.576995) can0 0000F001#0000000000000000
(1779321684.577976) can0 18FF28F4#10320000020D0000
(1779321684.578957) can0 18FE28F4#0CD60CD540400000
(1779321684.579964) can0 18FD28F4#1702FA6F00000000
(1779321684.580868) can0 4D4#000032007D0D0203
(1779321684.581867) can0 4D5#D50CD60C40400000
(1779321684.582945) can0 18914010#0CD6100CD5020000
(1779321684.583958) can0 18904010#020D020D753001FB
(1779321684.584957) can0 18FA28F4#123EA12C10270000
(1779321684.585957) can0 18FB28F4#D60CD50C40400000
(1779321684.586970) can0 18FC28F4#383200000D020000
(1779321684.587948) can0 18F810F3#0D02E80332640100
(1779321684.588976) can0 18F815F3#0000000010030000
(1779321684.589881) can0 273#000000000D023200
(1779321684.590862) can0 1E1#020D271001FB01FB
(1779321684.591888) can0 1F5#0000000000000000
(1779321684.592970) can0 0800A6A9#0000000000000000
(1779321684.593932) can0 1000A6A9#0D028813324A4A4A
(1779321684.594964) can0 1C00A6A9#0000000000030000
(1779321684.595977) can0 02018100#1003020D00000000
(1779321684.596977) can0 02028100#0000003264000000
(1779321684.597957) can0 02038100#0CD601100CD50102
(1779321684.598970) can0 02048100#4A01014A01010000
(1779321684.599849) can0 1AD#8914000059321818
(1779321684.600862) can0 2AD#D60C800C89140016
(1779321684.601874) can0 3AD#0000000000008914
(1779321684.602887) can0 4AD#EB00000000000000
(1779321684.603880) can0 76A#7F00000000000000
(1779321684.683564) can0 0000E005#1702440003B60591
(1779321684.684122) can0 1806E5F4#13D2010003B6023A
(1779321684.684962) can0 0000E000#13D213D2020D0000
(1779321684.685955) can0 0000E004#181803B603B601E2
(1779321684.686936) can0 0000E006#0CD60CD50CD60CD5
(1779321684.687937) can0 0000E007#0CD50CD50CD60CD6
(1779321684.688949) can0 0000E008#0CD60CD60CD60CD5
(1779321684.689945) can0 0000E009#0CD60CD60CD60CD6
(1779321684.690982) can0 0000E010#0000000000000000
(1779321684.692007) can0 0000E011#0000000000000000
(1779321684.692963) can0 0000E012#0CD5000100000000
(1779321684.693924) can0 0000E013#4542323630354C43
(1779321684.694956) can0 0000E014#3134323300000000
(1779321684.695969) can0 0000E015#0000000000000003
(1779321684.696983) can0 0000F000#0000000000000000
(1779321684.697981) can0 0000F001#0000000000000000
(1779321684.698962) can0 18FF28F4#10320000020D0000
(1779321684.699989) can0 18FE28F4#0CD60CD540400000
(1779321684.700956) can0 18FD28F4#1702FA6F00000000
(1779321684.701868) can0 4D4#000032007D0D0203
(1779321684.702854) can0 4D5#D50CD60C40400000
(1779321684.703950) can0 18914010#0CD6100CD5020000
(1779321684.704944) can0 18904010#020D020D753001FB
(1779321684.705968) can0 18924010#4001400100000000
(1779321684.706956) can0 18934010#000000680000BC51
(1779321684.708021) can0 18944010#1003000000000000
(1779321684.708982) can0 18954010#0000000000000000
(1779321684.709982) can0 18954010#0100000000000000
(1779321684.710983) can0 18954010#0200000000000000
(1779321684.711976) can0 18954010#0300000000000000
(1779321684.712976) can0 18954010#0400000000000000
(1779321684.713968) can0 18954010#0500000000000000
(1779321684.714970) can0 18964010#0040404000000000
(1779321684.715983) can0 18974010#0000000000000000
(1779321684.716976) can0 18984010#0000000000000000
(1779321684.717940) can0 18FA28F4#123EA12C10270000
(1779321684.718937) can0 18FB28F4#D60CD50C40400000
(1779321684.719970) can0 18FC28F4#383200000D020000
(1779321684.720944) can0 18F810F3#0D02E80332640100
(1779321684.721957) can0 18F811F3#D60C1001D50C0201
(1779321684.722957) can0 18F812F3#4001014001010000
(1779321684.723983) can0 18F813F3#0101000000000000
(1779321684.724944) can0 18F814F3#3200EA1AA9015F00
(1779321684.725969) can0 18F815F3#0000000010030000
(1779321684.726874) can0 273#000000000D023200
(1779321684.727855) can0 1E1#020D271001FB01FB
(1779321684.728881) can0 1F5#0000000000000000
(1779321684.729969) can0 0800A6A9#0000000000000000
(1779321684.730925) can0 1000A6A9#0D028813324A4A4A
(1779321684.731971) can0 1C00A6A9#0000000000030000
(1779321684.732970) can0 02018100#1003020D00000000
(1779321684.733964) can0 02028100#0000003264000000
(1779321684.734945) can0 02038100#0CD601100CD50102
(1779321684.735958) can0 02048100#4A01014A01010000
(1779321684.736842) can0 1AD#8914000059321818
(1779321684.737854) can0 2AD#D60C800C89140016
(1779321684.738874) can0 3AD#0000000000008914
(1779321684.739888) can0 4AD#EB00000000000000
(1779321684.740882) can0 76A#7F00000000000000
(1779321684.799501) can0 0000E005#1702440003B60591
(1779321684.800071) can0 1806E5F4#13D2010003B6023A
(1779321684.800954) can0 0000E000#13D213D2020D0000
(1779321684.801942) can0 0000E004#181803B603B601E2
(1779321684.802942) can0 0000E006#0CD60CD50CD60CD5
(1779321684.803924) can0 0000E007#0CD50CD50CD60CD6
(1779321684.804942) can0 0000E008#0CD60CD60CD60CD5
(1779321684.805943) can0 0000E009#0CD60CD60CD60CD6
(1779321684.806981) can0 0000E010#0000000000000000
(1779321684.807980) can0 0000E011#0000000000000000
(1779321684.808961) can0 0000E012#0CD5000100000000
(1779321684.809981) can0 0000F001#0000000000000000
(1779321684.810957) can0 18FF28F4#10320000020D0000
(1779321684.811943) can0 18FE28F4#0CD60CD540400000
(1779321684.812955) can0 18FD28F4#1702FA6F00000000
(1779321684.813872) can0 4D4#000032007D0D0203
(1779321684.814852) can0 4D5#D50CD60C40400000
(1779321684.815949) can0 18914010#0CD6100CD5020000
(1779321684.816942) can0 18904010#020D020D753001FB
(1779321684.817943) can0 18FA28F4#123EA12C10270000
(1779321684.818935) can0 18FB28F4#D60CD50C40400000
(1779321684.819969) can0 18FC28F4#383200000D020000
(1779321684.820936) can0 18F810F3#0D02E80332640100
(1779321684.821981) can0 18F815F3#0000000010030000
(1779321684.822862) can0 273#000000000D023200
(1779321684.823860) can0 1E1#020D271001FB01FB
(1779321684.824892) can0 1F5#0000000000000000
(1779321684.825968) can0 0800A6A9#0000000000000000
(1779321684.826935) can0 1000A6A9#0D028813324A4A4A
(1779321684.827962) can0 1C00A6A9#0000000000030000
(1779321684.828962) can0 02018100#1003020D00000000
(1779321684.829975) can0 02028100#0000003264000000
(1779321684.830951) can0 02038100#0CD601100CD50102
(1779321684.831950) can0 02048100#4A01014A01010000
(1779321684.832854) can0 1AD#8914000059321818
(1779321684.833847) can0 2AD#D60C800C89140016
(1779321684.834875) can0 3AD#0000000000008914
(1779321684.835873) can0 4AD#EB00000000000000
(1779321684.836886) can0 76A#7F00000000000000
(1779321684.899506) can0 0000E005#1702440003B60591
(1779321684.900064) can0 1806E5F4#13D2010003B6023A
(1779321684.900946) can0 0000E000#13D213D2020D0000
(1779321684.901948) can0 0000E004#181803B603B601E2
(1779321684.902927) can0 0000E006#0CD60CD50CD60CD5
(1779321684.903925) can0 0000E007#0CD50CD50CD60CD6
(1779321684.904928) can0 0000E008#0CD60CD60CD60CD5
(1779321684.905940) can0 0000E009#0CD60CD60CD60CD6
(1779321684.906985) can0 0000E010#0000000000000000
(1779321684.907965) can0 0000E011#0000000000000000
(1779321684.908953) can0 0000E012#0CD5000100000000
(1779321684.909966) can0 0000F001#0000000000000000
(1779321684.910966) can0 18FF28F4#10320000020D0000
(1779321684.911934) can0 18FE28F4#0CD60CD540400000
(1779321684.912947) can0 18FD28F4#1702FA6F00000000
(1779321684.913863) can0 4D4#000032007D0D0203
(1779321684.914876) can0 4D5#D50CD60C40400000
(1779321684.915940) can0 18914010#0CD6100CD5020000
(1779321684.916940) can0 18904010#020D020D753001FB
(1779321684.917941) can0 18FA28F4#123EA12C10270000
(1779321684.918941) can0 18FB28F4#D60CD50C40400000
(1779321684.919963) can0 18FC28F4#383200000D020000
(1779321684.920935) can0 18F810F3#0D02E80332640100
(1779321684.921966) can0 18F815F3#0000000010030000
(1779321684.922902) can0 273#000000000D023200
(1779321684.923852) can0 1E1#020D271001FB01FB
(1779321684.924877) can0 1F5#0000000000000000
(1779321684.925960) can0 0800A6A9#0000000000000000
(1779321684.926928) can0 1000A6A9#0D028813324A4A4A
(1779321684.927956) can0 1C00A6A9#0000000000030000
(1779321684.928954) can0 02018100#1003020D00000000
(1779321684.929967) can0 02028100#0000003264000000
(1779321684.930980) can0 02038100#0CD601100CD50102
(1779321684.931948) can0 02048100#4A01014A01010000
(1779321684.932833) can0 1AD#8914000059321818
(1779321684.933845) can0 2AD#D60C800C89140016
(1779321684.934858) can0 3AD#0000000000008914
(1779321684.935871) can0 4AD#EB00000000000000
(1779321684.936871) can0 76A#7F00000000000000
(1779321684.999586) can0 0000E005#1702440003B60591
(1779321685.000116) can0 1806E5F4#13D2010003B6023A
(1779321685.000939) can0 0000E000#13D213D2020D0000
(1779321685.001932) can0 0000E004#181803B603B601E2
(1779321685.002932) can0 0000E006#0CD60CD60CD60CD6
(1779321685.003929) can0 0000E007#0CD50CD50CD60CD6
(1779321685.004925) can0 0000E008#0CD60CD60CD60CD6
(1779321685.005925) can0 0000E009#0CD60CD60CD60CD6
(1779321685.006970) can0 0000E010#0000000000000000
(1779321685.008003) can0 0000E011#0000000000000000
(1779321685.008951) can0 0000E012#0CD5000100000000
(1779321685.009964) can0 0000F001#0000000000000000
(1779321685.010958) can0 18FF28F4#10320000020D0000
(1779321685.011937) can0 18FE28F4#0CD60CD540400000
(1779321685.012958) can0 18FD28F4#1702FA6F00000000
(1779321685.013856) can0 4D4#000032007D0D0203
(1779321685.014855) can0 4D5#D50CD60C40400000
(1779321685.015977) can0 18914010#0CD6100CD5050000
(1779321685.016926) can0 18904010#020D020D753001FB
(1779321685.017945) can0 18FA28F4#123EA12C10270000
(1779321685.018926) can0 18FB28F4#D60CD50C40400000
(1779321685.019952) can0 18FC28F4#383200000D020000
(1779321685.020932) can0 18F810F3#0D02E80332640100
(1779321685.021965) can0 18F815F3#0000000010030000
(1779321685.022863) can0 273#000000000D023200
(1779321685.023845) can0 1E1#020D271001FB01FB
(1779321685.024875) can0 1F5#0000000000000000
(1779321685.025952) can0 0800A6A9#0000000000000000
(1779321685.026920) can0 1000A6A9#0D028813324A4A4A
(1779321685.027945) can0 1C00A6A9#0000000000030000
(1779321685.028964) can0 02018100#1003020D00000000
(1779321685.029958) can0 02028100#0000003264000000
(1779321685.030939) can0 02038100#0CD601100CD50105
(1779321685.031939) can0 02048100#4A01014A01010000
(1779321685.032837) can0 1AD#8914000059321818
(1779321685.033849) can0 2AD#D60C800C89140016
(1779321685.034863) can0 3AD#0000000000008914
(1779321685.035868) can0 4AD#EB00000000000000
(1779321685.036870) can0 76A#7F00000000000000
(1779321685.099519) can0 0000E005#1702440003B60591
(1779321685.100067) can0 1806E5F4#13D2010003B6023A
(1779321685.100936) can0 0000E000#13D213D2020D0000
(1779321685.101930) can0 0000E004#181803B603B601E2
(1779321685.102930) can0 0000E006#0CD60CD60CD60CD6
(1779321685.103930) can0 0000E007#0CD50CD50CD60CD6
(1779321685.104924) can0 0000E008#0CD60CD60CD60CD6
(1779321685.105924) can0 0000E009#0CD60CD60CD60CD6
(1779321685.106968) can0 0000E010#0000000000000000
(1779321685.107969) can0 0000E011#0000000000000000
(1779321685.108941) can0 0000E012#0CD5000100000000
(1779321685.109962) can0 0000F001#0000000000000000
(1779321685.110956) can0 18FF28F4#10320000020D0000
(1779321685.111937) can0 18FE28F4#0CD60CD540400000
(1779321685.112934) can0 18FD28F4#1702FA6F00000000
(1779321685.113854) can0 4D4#000032007D0D0203
(1779321685.114854) can0 4D5#D50CD60C40400000
(1779321685.115931) can0 18914010#0CD6100CD5050000
(1779321685.116924) can0 18904010#020D020D753001FB
(1779321685.117943) can0 18FA28F4#123EA12C10270000
(1779321685.118924) can0 18FB28F4#D60CD50C40400000
(1779321685.119951) can0 18FC28F4#383200000D020000
(1779321685.120911) can0 18F810F3#0D02E80332640100
(1779321685.121963) can0 18F815F3#0000000010030000
(1779321685.122849) can0 273#000000000D023200
(1779321685.123848) can0 1E1#020D271001FB01FB
(1779321685.124875) can0 1F5#0000000000000000
(1779321685.125956) can0 0800A6A9#0000000000000000
(1779321685.126918) can0 1000A6A9#0D028813324A4A4A
(1779321685.127950) can0 1C00A6A9#0000000000030000
(1779321685.128963) can0 02018100#1003020D00000000
(1779321685.129957) can0 02028100#0000003264000000
(1779321685.130937) can0 02038100#0CD601100CD50105
(1779321685.131937) can0 02048100#4A01014A01010000
(1779321685.132828) can0 1AD#8914000059321818
(1779321685.133829) can0 2AD#D60C800C89140016
(1779321685.134861) can0 3AD#0000000000008914
(1779321685.135855) can0 4AD#EB00000000000000
(1779321685.136866) can0 76A#7F00000000000000
(1779321685.216490) can0 0000E005#1702440003B60591
(1779321685.217060) can0 1806E5F4#13D2010003B6023A
(1779321685.217942) can0 0000E000#13D213D2020D0000
(1779321685.218941) can0 0000E004#181803B603B601E2
(1779321685.219923) can0 0000E006#0CD60CD50CD60CD6
(1779321685.220916) can0 0000E007#0CD60CD50CD60CD6
(1779321685.221935) can0 0000E008#0CD60CD60CD60CD6
(1779321685.222940) can0 0000E009#0CD60CD60CD60CD6
(1779321685.223962) can0 0000E010#0000000000000000
(1779321685.224956) can0 0000E011#0000000000000000
(1779321685.225936) can0 0000E012#0CD5000100000000
(1779321685.226918) can0 0000E013#4542323630354C43
(1779321685.227936) can0 0000E014#3134323300000000
(1779321685.228961) can0 0000E015#0000000000000003
(1779321685.229961) can0 0000F000#0000000000000000
(1779321685.230993) can0 0000F001#0000000000000000
(1779321685.231955) can0 18FF28F4#10320000020D0000
(1779321685.232923) can0 18FE28F4#0CD60CD540400000
(1779321685.233936) can0 18FD28F4#1702FA6F00000000
(1779321685.234847) can0 4D4#000032007D0D0203
(1779321685.235834) can0 4D5#D50CD60C40400000
(1779321685.236929) can0 18914010#0CD6100CD5020000
(1779321685.237923) can0 18904010#020D020D753001FB
(1779321685.238979) can0 18924010#4001400100000000
(1779321685.239937) can0 18934010#000000690000BC51
(1779321685.240949) can0 18944010#1003000000000000
(1779321685.241962) can0 18954010#0000000000000000
(1779321685.242962) can0 18954010#0100000000000000
(1779321685.243956) can0 18954010#0200000000000000
(1779321685.244956) can0 18954010#0300000000000000
(1779321685.245950) can0 18954010#0400000000000000
(1779321685.246993) can0 18954010#0500000000000000
(1779321685.247950) can0 18964010#0040404000000000
(1779321685.248962) can0 18974010#0000000000000000
(1779321685.249956) can0 18984010#0000000000000000
(1779321685.250919) can0 18FA28F4#123EA12C10270000
(1779321685.251918) can0 18FB28F4#D60CD50C40400000
(1779321685.252943) can0 18FC28F4#383200000D020000
(1779321685.253924) can0 18F810F3#0D02E80332640100
(1779321685.254937) can0 18F811F3#D60C1001D50C0201
(1779321685.255932) can0 18F812F3#4001014001010000
(1779321685.256963) can0 18F813F3#0101000000000000
(1779321685.257924) can0 18F814F3#3200EA1AA9015F00
(1779321685.258947) can0 18F815F3#0000000010030000
(1779321685.259854) can0 273#000000000D023200
(1779321685.260835) can0 1E1#020D271001FB01FB
(1779321685.261861) can0 1F5#0000000000000000
(1779321685.262948) can0 0800A6A9#0000000000000000
(1779321685.263907) can0 1000A6A9#0D028813324A4A4A
(1779321685.264950) can0 1C00A6A9#0000000000030000
(1779321685.265950) can0 02018100#1003020D00000000
(1779321685.266944) can0 02028100#0000003264000000
(1779321685.267925) can0 02038100#0CD601100CD50102
(1779321685.268944) can0 02048100#4A01014A01010000
(1779321685.269822) can0 1AD#8914000059321818
(1779321685.270835) can0 2AD#D60C800C89140016
(1779321685.271855) can0 3AD#0000000000008914
(1779321685.272867) can0 4AD#EB00000000000000
(1779321685.273861) can0 76A#7F00000000000000
(1779321685.332487) can0 0000E005#1702440003B60591
(1779321685.333043) can0 1806E5F4#13D2010003B6023A
(1779321685.333928) can0 0000E000#13D213D2020D0000
(1779321685.334928) can0 0000E004#181803B603B601E2
(1779321685.335921) can0 0000E006#0CD60CD50CD60CD6
(1779321685.336922) can0 0000E007#0CD60CD50CD60CD6
(1779321685.337922) can0 0000E008#0CD60CD60CD60CD6
(1779321685.338915) can0 0000E009#0CD60CD60CD60CD6
(1779321685.339959) can0 0000E010#0000000000000000
(1779321685.340960) can0 0000E011#0000000000000000
(1779321685.341942) can0 0000E012#0CD5000100000000
(1779321685.342955) can0 0000F001#0000000000000000
(1779321685.343929) can0 18FF28F4#10320000020D0000
(1779321685.344915) can0 18FE28F4#0CD60CD540400000
(1779321685.345935) can0 18FD28F4#1702FA6F00000000
(1779321685.346851) can0 4D4#000032007D0D0203
(1779321685.347833) can0 4D5#D50CD60C40400000
(1779321685.348923) can0 18914010#0CD6100CD5020000
(1779321685.349922) can0 18904010#020D020D753001FB
(1779321685.350935) can0 18FA28F4#123EA12C10270000
(1779321685.351914) can0 18FB28F4#D60CD50C40400000
(1779321685.352948) can0 18FC28F4#383200000D020000
(1779321685.353916) can0 18F810F3#0D02E80332640100
(1779321685.354947) can0 18F815F3#0000000010030000
(1779321685.355840) can0 273#000000000D023200
(1779321685.356827) can0 1E1#020D271001FB01FB
(1779321685.357858) can0 1F5#0000000000000000
(1779321685.358955) can0 0800A6A9#0000000000000000
(1779321685.359904) can0 1000A6A9#0D028813324A4A4A
(1779321685.360948) can0 1C00A6A9#0000000000030000
(1779321685.361942) can0 02018100#1003020D00000000
(1779321685.362942) can0 02028100#0000003264000000
(1779321685.363915) can0 02038100#0CD601100CD50102
(1779321685.364935) can0 02048100#4A01014A01010000
(1779321685.365820) can0 1AD#8914000059321818
(1779321685.366827) can0 2AD#D60C800C89140016
(1779321685.367838) can0 3AD#0000000000008914
(1779321685.368872) can0 4AD#EB00000000000000
(1779321685.369853) can0 76A#7F00000000000000
(1779321685.432546) can0 0000E005#1702440003B60591
(1779321685.433102) can0 1806E5F4#13D2010003B6023A
(1779321685.433933) can0 0000E000#13D213D2020D0000
(1779321685.434933) can0 0000E004#181803B603B601E2
(1779321685.435913) can0 0000E006#0CD60CD50CD60CD6
(1779321685.436903) can0 0000E007#0CD60CD50CD60CD6
(1779321685.437920) can0 0000E008#0CD60CD60CD60CD6
(1779321685.438920) can0 0000E009#0CD60CD60CD60CD6
(1779321685.439952) can0 0000E010#0000000000000000
(1779321685.440943) can0 0000E011#0000000000000000
(1779321685.441926) can0 0000E012#0CD5000100000000
(1779321685.442958) can0 0000F001#0000000000000000
(1779321685.443940) can0 18FF28F4#10320000020D0000
(1779321685.444920) can0 18FE28F4#0CD60CD540400000
(1779321685.445952) can0 18FD28F4#1702FA6F00000000
(1779321685.446837) can0 4D4#000032007D0D0203
(1779321685.447831) can0 4D5#D50CD60C40400000
(1779321685.448903) can0 18914010#0CD6100CD5020000
(1779321685.449927) can0 18904010#020D020D753001FB
(1779321685.450920) can0 18FA28F4#123EA12C10270000
(1779321685.451920) can0 18FB28F4#D60CD50C40400000
(1779321685.452934) can0 18FC28F4#383200000D020000
(1779321685.453934) can0 18F810F3#0D02E80332640100
(1779321685.454947) can0 18F815F3#0000000010030000
(1779321685.455831) can0 273#000000000D023200
(1779321685.456831) can0 1E1#020D271001FB01FB
(1779321685.457863) can0 1F5#0000000000000000
(1779321685.458940) can0 0800A6A9#0000000000000000
(1779321685.459902) can0 1000A6A9#0D028813324A4A4A
(1779321685.460927) can0 1C00A6A9#0000000000030000
(1779321685.461979) can0 02018100#1003020D00000000
(1779321685.462947) can0 02028100#0000003264000000
(1779321685.463928) can0 02038100#0CD601100CD50102
(1779321685.464920) can0 02048100#4A01014A01010000
(1779321685.465819) can0 1AD#8914000059321818
(1779321685.466819) can0 2AD#D60C800C89140016
(1779321685.467845) can0 3AD#0000000000008914
(1779321685.468845) can0 4AD#EB00000000000000
(1779321685.469883) can0 76A#7F00000000000000
(1779321685.532475) can0 0000E005#1702440003B60591
(1779321685.533034) can0 1806E5F4#13D2010003B6023A
(1779321685.533915) can0 0000E000#13D213D2020D0000
(1779321685.534918) can0 0000E004#181803B603B601E2
(1779321685.535912) can0 0000E006#0CD60CD50CD60CD5
(1779321685.536911) can0 0000E007#0CD60CD60CD60CD6
(1779321685.537907) can0 0000E008#0CD60CD60CD60CD6
(1779321685.538937) can0 0000E009#0CD50CD60CD60CD6
(1779321685.539950) can0 0000E010#0000000000000000
(1779321685.540950) can0 0000E011#0000000000000000
(1779321685.541931) can0 0000E012#0CD5000100000000
(1779321685.542944) can0 0000F001#0000000000000000
(1779321685.543945) can0 18FF28F4#10320000020D0000
(1779321685.544907) can0 18FE28F4#0CD60CD540400000
(1779321685.545915) can0 18FD28F4#1702FA6F00000000
(1779321685.546887) can0 4D4#000032007D0D0203
(1779321685.547816) can0 4D5#D50CD60C40400000
(1779321685.548913) can0 18914010#0CD6100CD5020000
(1779321685.549910) can0 18904010#020D020D753001FB
(1779321685.550925) can0 18FA28F4#123EA12C10270000
(1779321685.551906) can0 18FB28F4#D60CD50C40400000
(1779321685.552938) can0 18FC28F4#383200000D020000
(1779321685.553899) can0 18F810F3#0D02E80332640100
(1779321685.554996) can0 18F815F3#0000000010030000
(1779321685.555830) can0 273#000000000D023200
(1779321685.556829) can0 1E1#020D271001FB01FB
(1779321685.557855) can0 1F5#0000000000000000
(1779321685.558938) can0 0800A6A9#0000000000000000
(1779321685.559900) can0 1000A6A9#0D028813324A4A4A
(1779321685.560932) can0 1C00A6A9#0000000000030000
(1779321685.561939) can0 02018100#1003020D00000000
(1779321685.562945) can0 02028100#0000003264000000
(1779321685.563920) can0 02038100#0CD601100CD50102
(1779321685.564920) can0 02048100#4A01014A01010000
(1779321685.565817) can0 1AD#8914000059321818
(1779321685.566817) can0 2AD#D60C800C89140016
(1779321685.567843) can0 3AD#0000000000008914
(1779321685.568837) can0 4AD#EB00000000000000
(1779321685.569849) can0 76A#7F00000000000000
(1779321685.632473) can0 0000E005#1702440003B60591
(1779321685.633031) can0 1806E5F4#13D2010003B6023A
(1779321685.633913) can0 0000E000#13D213D2020D0000
(1779321685.634916) can0 0000E004#181803B603B601E2
(1779321685.635916) can0 0000E006#0CD60CD50CD60CD5
(1779321685.636910) can0 0000E007#0CD60CD60CD60CD6
(1779321685.637910) can0 0000E008#0CD60CD60CD60CD6
(1779321685.638904) can0 0000E009#0CD50CD60CD60CD6
(1779321685.639955) can0 0000E010#0000000000000000
(1779321685.640948) can0 0000E011#0000000000000000
(1779321685.641927) can0 0000E012#0CD5000100000000
(1779321685.642942) can0 0000F001#0000000000000000
(1779321685.643923) can0 18FF28F4#10320000020D0000
(1779321685.644904) can0 18FE28F4#0CD60CD540400000
(1779321685.645913) can0 18FD28F4#1702FA6F00000000
(1779321685.646834) can0 4D4#000032007D0D0203
(1779321685.647821) can0 4D5#D50CD60C40400000
(1779321685.648910) can0 18914010#0CD6100CD5020000
(1779321685.649910) can0 18904010#020D020D753001FB
(1779321685.650923) can0 18FA28F4#123EA12C10270000
(1779321685.651905) can0 18FB28F4#D60CD50C40400000
(1779321685.652936) can0 18FC28F4#383200000D020000
(1779321685.653897) can0 18F810F3#0D02E80332640100
(1779321685.654943) can0 18F815F3#0000000010030000
(1779321685.655828) can0 273#000000000D023200
(1779321685.656828) can0 1E1#020D271001FB01FB
(1779321685.657853) can0 1F5#0000000000000000
(1779321685.658936) can0 0800A6A9#0000000000000000
(1779321685.659898) can0 1000A6A9#0D028813324A4A4A
(1779321685.660930) can0 1C00A6A9#0000000000030000
(1779321685.661930) can0 02018100#1003020D00000000
(1779321685.662943) can0 02028100#0000003264000000
(1779321685.663924) can0 02038100#0CD601100CD50102
(1779321685.664917) can0 02048100#4A01014A01010000
(1779321685.665814) can0 1AD#8914000059321818
(1779321685.666815) can0 2AD#D60C800C89140016
(1779321685.667841) can0 3AD#0000000000008914
(1779321685.668854) can0 4AD#EB00000000000000
(1779321685.669845) can0 76A#7F00000000000000
(1779321685.749465) can0 0000E005#1702440003B60591
(1779321685.750031) can0 1806E5F4#13D2010003B6023A
(1779321685.750915) can0 0000E000#13D213D2020D0000
(1779321685.751909) can0 0000E004#181803B603B601E2
(1779321685.752890) can0 0000E006#0CD60CD50CD50CD5
(1779321685.753921) can0 0000E007#0CD60CD60CD60CD6
(1779321685.754902) can0 0000E008#0CD60CD60CD60CD5
(1779321685.755895) can0 0000E009#0CD60CD60CD60CD6
(1779321685.756947) can0 0000E010#0000000000000000
(1779321685.757940) can0 0000E011#0000000000000000
(1779321685.758922) can0 0000E012#0CD5000100000000
(1779321685.759889) can0 0000E013#4542323630354C43
(1779321685.760922) can0 0000E014#3134323300000000
(1779321685.761967) can0 0000E015#0000000000000003
(1779321685.762948) can0 0000F000#0000000000000000
(1779321685.763929) can0 0000F001#0000000000000000
(1779321685.764928) can0 18FF28F4#10320000020D0000
(1779321685.765909) can0 18FE28F4#0CD60CD540400000
(1779321685.766922) can0 18FD28F4#1702FA6F00000000
(1779321685.767819) can0 4D4#000032007D0D0203
(1779321685.768820) can0 4D5#D50CD60C40400000
(1779321685.769947) can0 18914010#0CD6100CD5020000
(1779321685.770910) can0 18904010#020D020D753001FB
(1779321685.771918) can0 18924010#4001400100000000
(1779321685.772904) can0 18934010#0000006A0000BC51
(1779321685.773922) can0 18944010#1003000000000000
(1779321685.774947) can0 18954010#0000000000000000
(1779321685.775948) can0 18954010#0100000000000000
(1779321685.776929) can0 18954010#0200000000000000
(1779321685.777974) can0 18954010#0300000000000000
(1779321685.778942) can0 18954010#0400000000000000
(1779321685.779919) can0 18954010#0500000000000000
(1779321685.780936) can0 18964010#0040404000000000
(1779321685.781929) can0 18974010#0000000000000000
(1779321685.782923) can0 18984010#0000000000000000
(1779321685.783906) can0 18FA28F4#123EA12C10270000
(1779321685.784904) can0 18FB28F4#D60CD50C40400000
(1779321685.785930) can0 18FC28F4#383200000D020000
(1779321685.786897) can0 18F810F3#0D02E80332640100
(1779321685.787910) can0 18F811F3#D60C1001D50C0201
(1779321685.788904) can0 18F812F3#4001014001010000
(1779321685.789930) can0 18F813F3#0101000000000000
(1779321685.790898) can0 18F814F3#3200EA1AA9015F00
(1779321685.791920) can0 18F815F3#0000000010030000
(1779321685.792828) can0 273#000000000D023200
(1779321685.793821) can0 1E1#020D271001FB01FB
(1779321685.794846) can0 1F5#0000000000000000
(1779321685.795920) can0 0800A6A9#0000000000000000
(1779321685.796891) can0 1000A6A9#0D028813324A4A4A
(1779321685.797924) can0 1C00A6A9#0000000000030000
(1779321685.798936) can0 02018100#1003020D00000000
(1779321685.799931) can0 02028100#0000003264000000
(1779321685.800911) can0 02038100#0CD601100CD50102
(1779321685.801911) can0 02048100#4A01014A01010000
(1779321685.802796) can0 1AD#8914000059321818
(1779321685.803805) can0 2AD#D60C800C89140016
(1779321685.804822) can0 3AD#0000000000008914
(1779321685.805835) can0 4AD#EB00000000000000
(1779321685.806835) can0 76A#7F00000000000000
(1779321685.865517) can0 0000E005#1702440003B60591
(1779321685.866080) can0 1806E5F4#13D2010003B6023A
(1779321685.866915) can0 0000E000#13D213D2020D0000
(1779321685.867895) can0 0000E004#181803B603B601E2
(1779321685.868895) can0 0000E006#0CD60CD50CD50CD5
(1779321685.869895) can0 0000E007#0CD60CD60CD60CD6
(1779321685.870889) can0 0000E008#0CD60CD60CD60CD5
(1779321685.871902) can0 0000E009#0CD60CD60CD60CD6
(1779321685.872931) can0 0000E010#0000000000000000
(1779321685.873933) can0 0000E011#0000000000000000
(1779321685.874914) can0 0000E012#0CD5000100000000
(1779321685.875940) can0 0000F001#0000000000000000
(1779321685.876923) can0 18FF28F4#10320000020D0000
(1779321685.877908) can0 18FE28F4#0CD60CD540400000
(1779321685.878921) can0 18FD28F4#1702FA6F00000000
(1779321685.879819) can0 4D4#000032007D0D0203
(1779321685.880819) can0 4D5#D50CD60C40400000
(1779321685.881895) can0 18914010#0CD6100CD5020000
(1779321685.882896) can0 18904010#020D020D753001FB
(1779321685.883909) can0 18FA28F4#123EA12C10270000
(1779321685.884900) can0 18FB28F4#D60CD50C40400000
(1779321685.885915) can0 18FC28F4#383200000D020000
(1779321685.886902) can0 18F810F3#0D02E80332640100
(1779321685.887928) can0 18F815F3#0000000010030000
(1779321685.888825) can0 273#000000000D023200
(1779321685.889813) can0 1E1#020D271001FB01FB
(1779321685.890839) can0 1F5#0000000000000000
(1779321685.891934) can0 0800A6A9#0000000000000000
(1779321685.892883) can0 1000A6A9#0D028813324A4A4A
(1779321685.893915) can0 1C00A6A9#0000000000030000
(1779321685.894928) can0 02018100#1003020D00000000
(1779321685.895922) can0 02028100#0000003264000000
(1779321685.896901) can0 02038100#0CD601100CD50102
(1779321685.897902) can0 02048100#4A01014A01010000
(1779321685.898800) can0 1AD#8914000059321818
(1779321685.899826) can0 2AD#D60C800C89140016
(1779321685.900817) can0 3AD#0000000000008914
(1779321685.901839) can0 4AD#EB00000000000000
(1779321685.902832) can0 76A#7F00000000000000
(1779321685.965468) can0 0000E005#1702440003B60591
(1779321685.966033) can0 1806E5F4#13D2010003B6023A
(1779321685.966900) can0 0000E000#13D213D2020D0000
(1779321685.967900) can0 0000E004#181803B603B601E2
(1779321685.968893) can0 0000E006#0CD60CD50CD50CD5
(1779321685.969889) can0 0000E007#0CD60CD60CD60CD6
(1779321685.970887) can0 0000E008#0CD60CD60CD60CD5
(1779321685.971887) can0 0000E009#0CD60CD60CD60CD6
(1779321685.972932) can0 0000E010#0000000000000000
(1779321685.973929) can0 0000E011#0000000000000000
(1779321685.974912) can0 0000E012#0CD5000100000000
(1779321685.975925) can0 0000F001#0000000000000000
(1779321685.976938) can0 18FF28F4#10320000020D0000
(1779321685.977906) can0 18FE28F4#0CD60CD540400000
(1779321685.978900) can0 18FD28F4#1702FA6F00000000
(1779321685.979817) can0 4D4#000032007D0D0203
(1779321685.980817) can0 4D5#D50CD60C40400000
(1779321685.981889) can0 18914010#0CD6100CD5020000
(1779321685.982894) can0 18904010#020D020D753001FB
(1779321685.983907) can0 18FA28F4#123EA12C10270000
(1779321685.984919) can0 18FB28F4#D60CD50C40400000
(1779321685.985913) can0 18FC28F4#383200000D020000
(1779321685.986881) can0 18F810F3#0D02E80332640100
(1779321685.987926) can0 18F815F3#0000000010030000
(1779321685.988830) can0 273#000000000D023200
(1779321685.989811) can0 1E1#020D271001FB01FB
(1779321685.990843) can0 1F5#0000000000000000
(1779321685.991920) can0 0800A6A9#0000000000000000
(1779321685.992913) can0 1000A6A9#0D028813324A4A4A
(1779321685.993913) can0 1C00A6A9#0000000000030000
(1779321685.994926) can0 02018100#1003020D00000000
(1779321685.995926) can0 02028100#0000003264000000
(1779321685.996907) can0 02038100#0CD601100CD50102
(1779321685.997899) can0 02048100#4A01014A01010000
(1779321685.998798) can0 1AD#8914000059321818
(1779321685.999799) can0 2AD#D60C800C89140016
(1779321686.000856) can0 3AD#0000000000008914
(1779321686.001818) can0 4AD#EB00000000000000
(1779321686.002831) can0 76A#7F00000000000000
(1779321686.065465) can0 0000E005#1702440003B60591
(1779321686.066029) can0 1806E5F4#13D2010003B6023A
(1779321686.066902) can0 0000E000#13D213D2020D0000
(1779321686.067905) can0 0000E004#181803B603B601E2
(1779321686.068884) can0 0000E006#0CD60CD60CD60CD5
(1779321686.069917) can0 0000E007#0CD50CD60CD60CD6
(1779321686.070895) can0 0000E008#0CD60CD60CD60CD6
(1779321686.071892) can0 0000E009#0CD60CD60CD60CD6
(1779321686.072924) can0 0000E010#0000000000000000
(1779321686.073923) can0 0000E011#0000000000000000
(1779321686.074917) can0 0000E012#0CD5000100000000
(1779321686.075931) can0 0000F001#0000000000000000
(1779321686.076911) can0 18FF28F4#10320000020D0000
(1779321686.077924) can0 18FE28F4#0CD60CD540400000
(1779321686.078902) can0 18FD28F4#1702FA6F00000000
(1779321686.079822) can0 4D4#000032007D0D0203
(1779321686.080802) can0 4D5#D50CD60C40400000
(1779321686.081898) can0 18914010#0CD6100CD5040000
(1779321686.082896) can0 18904010#020D020D753001FB
(1779321686.083892) can0 18FA28F4#123EA12C10270000
(1779321686.084892) can0 18FB28F4#D60CD50C40400000
(1779321686.085969) can0 18FC28F4#383200000D020000
(1779321686.086886) can0 18F810F3#0D02E80332640100
(1779321686.087918) can0 18F815F3#0000000010030000
(1779321686.088815) can0 273#000000000D023200
(1779321686.089803) can0 1E1#020D271001FB01FB
(1779321686.090825) can0 1F5#0000000000000000
(1779321686.091938) can0 0800A6A9#0000000000000000
(1779321686.092874) can0 1000A6A9#0D028813324A4A4A
(1779321686.093905) can0 1C00A6A9#0000000000030000
(1779321686.094911) can0 02018100#1003020D00000000
(1779321686.095917) can0 02028100#0000003264000000
(1779321686.096896) can0 02038100#0CD601100CD50104
(1779321686.097906) can0 02048100#4A01014A01010000
(1779321686.098790) can0 1AD#8914000059321818
(1779321686.099804) can0 2AD#D60C800C89140016
(1779321686.100816) can0 3AD#0000000000008914
(1779321686.101829) can0 4AD#EB00000000000000
(1779321686.102820) can0 76A#7F00000000000000
(1779321686.165512) can0 0000E005#1702440003B60591
(1779321686.166072) can0 1806E5F4#13D2010003B6023A
(1779321686.166903) can0 0000E000#13D213D2020D0000
(1779321686.167900) can0 0000E004#181803B603B601E2
(1779321686.168883) can0 0000E006#0CD60CD60CD60CD5
(1779321686.169878) can0 0000E007#0CD50CD60CD60CD6
(1779321686.170877) can0 0000E008#0CD60CD60CD60CD6
(1779321686.171890) can0 0000E009#0CD60CD60CD60CD6
(1779321686.172922) can0 0000E010#0000000000000000
(1779321686.173915) can0 0000E011#0000000000000000
(1779321686.174896) can0 0000E012#0CD5000100000000
(1779321686.175924) can0 0000F001#0000000000000000
(1779321686.176913) can0 18FF28F4#10320000020D0000
(1779321686.177891) can0 18FE28F4#0CD60CD540400000
(1779321686.178903) can0 18FD28F4#1702FA6F00000000
(1779321686.179800) can0 4D4#000032007D0D0203
(1779321686.180801) can0 4D5#D50CD60C40400000
(1779321686.181897) can0 18914010#0CD6100CD5040000
(1779321686.182897) can0 18904010#020D020D753001FB
(1779321686.183891) can0 18FA28F4#123EA12C10270000
(1779321686.184891) can0 18FB28F4#D60CD50C40400000
(1779321686.185903) can0 18FC28F4#383200000D020000
(1779321686.186871) can0 18F810F3#0D02E80332640100
(1779321686.187915) can0 18F815F3#0000000010030000
(1779321686.188807) can0 273#000000000D023200
(1779321686.189802) can0 1E1#020D271001FB01FB
(1779321686.190833) can0 1F5#0000000000000000
(1779321686.191909) can0 0800A6A9#0000000000000000
(1779321686.192878) can0 1000A6A9#0D028813324A4A4A
(1779321686.193910) can0 1C00A6A9#0000000000030000
(1779321686.194910) can0 02018100#1003020D00000000
(1779321686.195904) can0 02028100#0000003264000000
(1779321686.196891) can0 02038100#0CD601100CD50104
(1779321686.197897) can0 02048100#4A01014A01010000
(1779321686.198783) can0 1AD#8914000059321818
(1779321686.199815) can0 2AD#D60C800C89140016
(1779321686.200808) can0 3AD#0000000000008914
(1779321686.201821) can0 4AD#EB00000000000000
(1779321686.202816) can0 76A#7F00000000000000
(1779321686.282512) can0 0000E005#1702440003B60591
(1779321686.283071) can0 1806E5F4#13D2010003B6023A
(1779321686.283889) can0 0000E000#13D213D2020D0000
(1779321686.284914) can0 0000E004#181803B603B601E2
(1779321686.285882) can0 0000E006#0CD60CD60CD60CD6
(1779321686.286876) can0 0000E007#0CD50CD50CD60CD6
(1779321686.287876) can0 0000E008#0CD60CD60CD50CD6
(1779321686.288873) can0 0000E009#0CD50CD60CD60CD6
(1779321686.289921) can0 0000E010#0000000000000000
(1779321686.290914) can0 0000E011#0000000000000000
(1779321686.291895) can0 0000E012#0CD5000100000000
(1779321686.292890) can0 0000E013#4542323630354C43
(1779321686.293895) can0 0000E014#3134323300000000
(1779321686.294908) can0 0000E015#0000000000000003
(1779321686.295922) can0 0000F000#0000000000000000
(1779321686.296921) can0 0000F001#0000000000000000
(1779321686.297902) can0 18FF28F4#10320000020D0000
(1779321686.298883) can0 18FE28F4#0CD60CD540400000
(1779321686.299896) can0 18FD28F4#1702FA6F00000000
(1779321686.300843) can0 4D4#000032007D0D0203
(1779321686.301793) can0 4D5#D50CD60C40400000
(1779321686.302889) can0 18914010#0CD6100CD5050000
(1779321686.303883) can0 18904010#020D020D753001FB
(1779321686.304897) can0 18924010#4001400100000000
(1779321686.305877) can0 18934010#0000006B0000BC51
(1779321686.306908) can0 18944010#1003000000000000
(1779321686.307921) can0 18954010#0000000000000000
(1779321686.308973) can0 18954010#0100000000000000
(1779321686.309916) can0 18954010#0200000000000000
(1779321686.310915) can0 18954010#0300000000000000
(1779321686.311916) can0 18954010#0400000000000000
(1779321686.312915) can0 18954010#0500000000000000
(1779321686.313914) can0 18964010#0040404000000000
(1779321686.314918) can0 18974010#0000000000000000
(1779321686.315916) can0 18984010#0000000000000000
(1779321686.316922) can0 18FA28F4#123EA12C10270000
(1779321686.317877) can0 18FB28F4#D60CD50C40400000
(1779321686.318903) can0 18FC28F4#383200000D020000
(1779321686.319871) can0 18F810F3#0D02E80332640100
(1779321686.320878) can0 18F811F3#D60C1001D50C0501
(1779321686.321896) can0 18F812F3#4001014001010000
(1779321686.322903) can0 18F813F3#0101000000000000
(1779321686.323884) can0 18F814F3#3200EA1AA9015F00
(1779321686.324915) can0 18F815F3#0000000010030000
(1779321686.325814) can0 273#000000000D023200
(1779321686.326795) can0 1E1#020D271001FB01FB
(1779321686.327820) can0 1F5#0000000000000000
(1779321686.328898) can0 0800A6A9#0000000000000000
(1779321686.329865) can0 1000A6A9#0D028813324A4A4A
(1779321686.330891) can0 1C00A6A9#0000000000030000
(1779321686.331910) can0 02018100#1003020D00000000
(1779321686.332903) can0 02028100#0000003264000000
(1779321686.333884) can0 02038100#0CD601100CD50105
(1779321686.334887) can0 02048100#4A01014A01010000
(1779321686.335800) can0 1AD#8914000059321818
(1779321686.336801) can0 2AD#D60C800C89140016
(1779321686.337809) can0 3AD#0000000000008914
(1779321686.338809) can0 4AD#EB00000000000000
(1779321686.339822) can0 76A#7F00000000000000
(1779321686.398484) can0 0000E005#1702440003B60591
(1779321686.399044) can0 1806E5F4#13D2010003B6023A
(1779321686.399895) can0 0000E000#13D213D2020D0000
(1779321686.400894) can0 0000E004#181803B603B601E2
(1779321686.401874) can0 0000E006#0CD60CD60CD60CD6
(1779321686.402871) can0 0000E007#0CD50CD50CD60CD6
(1779321686.403883) can0 0000E008#0CD60CD60CD50CD6
(1779321686.404862) can0 0000E009#0CD50CD60CD60CD6
(1779321686.405910) can0 0000E010#0000000000000000
(1779321686.406907) can0 0000E011#0000000000000000
(1779321686.407889) can0 0000E012#0CD5000100000000
(1779321686.408920) can0 0000F001#0000000000000000
(1779321686.409894) can0 18FF28F4#10320000020D0000
(1779321686.410882) can0 18FE28F4#0CD60CD540400000
(1779321686.411895) can0 18FD28F4#1702FA6F00000000
(1779321686.412798) can0 4D4#000032007D0D0203
(1779321686.413792) can0 4D5#D50CD60C40400000
(1779321686.414869) can0 18914010#0CD6100CD5050000
(1779321686.415888) can0 18904010#020D020D753001FB
(1779321686.416882) can0 18FA28F4#123EA12C10270000
(1779321686.417879) can0 18FB28F4#D60CD50C40400000
(1779321686.418907) can0 18FC28F4#383200000D020000
(1779321686.419876) can0 18F810F3#0D02E80332640100
(1779321686.420907) can0 18F815F3#0000000010030000
(1779321686.421803) can0 273#000000000D023200
(1779321686.422805) can0 1E1#020D271001FB01FB
(1779321686.423818) can0 1F5#0000000000000000
(1779321686.424907) can0 0800A6A9#0000000000000000
(1779321686.425862) can0 1000A6A9#0D028813324A4A4A
(1779321686.426888) can0 1C00A6A9#0000000000030000
(1779321686.427901) can0 02018100#1003020D00000000
(1779321686.428901) can0 02028100#0000003264000000
(1779321686.429879) can0 02038100#0CD601100CD50105
(1779321686.430895) can0 02048100#4A01014A01010000
(1779321686.431774) can0 1AD#8914000059321818
(1779321686.432787) can0 2AD#D60C800C89140016
(1779321686.433795) can0 3AD#0000000000008914
(1779321686.434813) can0 4AD#EB00000000000000
(1779321686.435813) can0 76A#7F00000000000000
(1779321686.498434) can0 0000E005#1702440003B60591
(1779321686.499010) can0 1806E5F4#13D2010003B6023A
(1779321686.499893) can0 0000E000#13D213D2020D0000
(1779321686.500886) can0 0000E004#181803B603B601E2
(1779321686.501867) can0 0000E006#0CD60CD60CD60CD6
(1779321686.502862) can0 0000E007#0CD50CD50CD60CD6
(1779321686.503881) can0 0000E008#0CD60CD60CD50CD6
(1779321686.504880) can0 0000E009#0CD50CD60CD60CD6
(1779321686.505909) can0 0000E010#0000000000000000
(1779321686.506903) can0 0000E011#0000000000000000
(1779321686.507906) can0 0000E012#0CD5000100000000
(1779321686.508919) can0 0000F001#0000000000000000
(1779321686.509899) can0 18FF28F4#10320000020D0000
(1779321686.510880) can0 18FE28F4#0CD60CD540400000
(1779321686.511893) can0 18FD28F4#1702FA6F00000000
(1779321686.512790) can0 4D4#000032007D0D0203
(1779321686.513791) can0 4D5#D50CD60C40400000
(1779321686.514861) can0 18914010#0CD6100CD5050000
(1779321686.515900) can0 18904010#020D020D753001FB
(1779321686.516880) can0 18FA28F4#123EA12C10270000
(1779321686.517880) can0 18FB28F4#D60CD50C40400000
(1779321686.518901) can0 18FC28F4#383200000D020000
(1779321686.519874) can0 18F810F3#0D02E80332640100
(1779321686.520906) can0 18F815F3#0000000010030000
(1779321686.521804) can0 273#000000000D023200
(1779321686.522785) can0 1E1#020D271001FB01FB
(1779321686.523849) can0 1F5#0000000000000000
(1779321686.524893) can0 0800A6A9#0000000000000000
(1779321686.525855) can0 1000A6A9#0D028813324A4A4A
(1779321686.526884) can0 1C00A6A9#0000000000030000
(1779321686.527900) can0 02018100#1003020D00000000
(1779321686.528900) can0 02028100#0000003264000000
(1779321686.529881) can0 02038100#0CD601100CD50105
(1779321686.530885) can0 02048100#4A01014A01010000
(1779321686.531804) can0 1AD#8914000059321818
(1779321686.532785) can0 2AD#D60C800C89140016
(1779321686.533798) can0 3AD#0000000000008914
(1779321686.534810) can0 4AD#EB00000000000000
(1779321686.535805) can0 76A#7F00000000000000
(1779321686.598490) can0 0000E005#1702440003B60591
(1779321686.599047) can0 1806E5F4#13D2010003B6023A
(1779321686.599881) can0 0000E000#13D213D2020D0000
(1779321686.600909) can0 0000E004#181803B603B601E2
(1779321686.601878) can0 0000E006#0CD60CD60CD60CD6
(1779321686.602858) can0 0000E007#0CD50CD50CD60CD6
(1779321686.603865) can0 0000E008#0CD60CD60CD60CD5
(1779321686.604871) can0 0000E009#0CD60CD60CD60CD6
(1779321686.605916) can0 0000E010#0000000000000000
(1779321686.606897) can0 0000E011#0000000000000000
(1779321686.607891) can0 0000E012#0CD5000100000000
(1779321686.608942) can0 0000F001#0000000000000000
(1779321686.609890) can0 18FF28F4#10320000020D0000
(1779321686.610871) can0 18FE28F4#0CD60CD540400000
(1779321686.611881) can0 18FD28F4#1702FA6F00000000
(1779321686.612801) can0 4D4#000032007D0D0203
(1779321686.613782) can0 4D5#D50CD60C40400000
(1779321686.614871) can0 18914010#0CD6100CD5050000
(1779321686.615866) can0 18904010#020D020D753001FB
(1779321686.616917) can0 18FA28F4#123EA12C10270000
(1779321686.617865) can0 18FB28F4#D60CD50C40400000
(1779321686.618898) can0 18FC28F4#383200000D020000
(1779321686.619859) can0 18F810F3#0D02E80332640100
(1779321686.620891) can0 18F815F3#0000000010030000
(1779321686.621789) can0 273#000000000D023200
(1779321686.622789) can0 1E1#020D271001FB01FB
(1779321686.623797) can0 1F5#0000000000000000
(1779321686.624897) can0 0800A6A9#0000000000000000
(1779321686.625859) can0 1000A6A9#0D028813324A4A4A
(1779321686.626891) can0 1C00A6A9#0000000000030000
(1779321686.627889) can0 02018100#1003020D00000000
(1779321686.628885) can0 02028100#0000003264000000
(1779321686.629866) can0 02038100#0CD601100CD50105
(1779321686.630880) can0 02048100#4A01014A01010000
(1779321686.631781) can0 1AD#8914000059321818
(1779321686.632774) can0 2AD#D60C800C89140016
(1779321686.633784) can0 3AD#0000000000008914
(1779321686.634796) can0 4AD#EB00000000000000
(1779321686.635791) can0 76A#7F00000000000000
(1779321686.698475) can0 0000E005#1702440003B60591
(1779321686.699051) can0 1806E5F4#13D2010003B6023A
(1779321686.699870) can0 0000E000#13D213D2020D0000
(1779321686.700862) can0 0000E004#181803B603B601E2
(1779321686.701863) can0 0000E006#0CD60CD60CD60CD6
(1779321686.702863) can0 0000E007#0CD50CD50CD60CD6
(1779321686.703864) can0 0000E008#0CD60CD60CD60CD5
(1779321686.704857) can0 0000E009#0CD60CD60CD60CD6
(1779321686.705902) can0 0000E010#0000000000000000
(1779321686.706902) can0 0000E011#0000000000000000
(1779321686.707883) can0 0000E012#0CD5000100000000
(1779321686.708892) can0 0000F001#0000000000000000
(1779321686.709899) can0 18FF28F4#10320000020D0000
(1779321686.710879) can0 18FE28F4#0CD60CD540400000
(1779321686.711871) can0 18FD28F4#1702FA6F00000000
(1779321686.712786) can0 4D4#000032007D0D0203
(1779321686.713787) can0 4D5#D50CD60C40400000
(1779321686.714864) can0 18914010#0CD6100CD5050000
(1779321686.715864) can0 18904010#020D020D753001FB
(1779321686.716876) can0 18FA28F4#123EA12C10270000
(1779321686.717857) can0 18FB28F4#D60CD50C40400000
(1779321686.718889) can0 18FC28F4#383200000D020000
(1779321686.719852) can0 18F810F3#0D02E80332640100
(1779321686.720893) can0 18F815F3#0000000010030000
(1779321686.721800) can0 273#000000000D023200
(1779321686.722781) can0 1E1#020D271001FB01FB
(1779321686.723813) can0 1F5#0000000000000000
(1779321686.724886) can0 0800A6A9#0000000000000000
(1779321686.725851) can0 1000A6A9#0D028813324A4A4A
(1779321686.726883) can0 1C00A6A9#0000000000030000
(1779321686.727897) can0 02018100#1003020D00000000
(1779321686.728896) can0 02028100#0000003264000000
(1779321686.729877) can0 02038100#0CD601100CD50105
(1779321686.730890) can0 02048100#4A01014A01010000
(1779321686.731775) can0 1AD#8914000059321818
(1779321686.732779) can0 2AD#D60C800C89140016
(1779321686.733801) can0 3AD#0000000000008914
(1779321686.734795) can0 4AD#EB00000000000000
(1779321686.735795) can0 76A#7F00000000000000
(1779321686.815474) can0 0000E005#1702440003B60591
(1779321686.816037) can0 1806E5F4#13D2010003B6023A
(1779321686.816869) can0 0000E000#13D213D2020D0000
(1779321686.817868) can0 0000E004#181803B603B601E2
(1779321686.818862) can0 0000E006#0CD60CD60CD60CD6
(1779321686.819863) can0 0000E007#0CD60CD60CD60CD6
(1779321686.820856) can0 0000E008#0CD60CD60CD60CD5
(1779321686.821855) can0 0000E009#0CD60CD60CD60CD6
(1779321686.822899) can0 0000E010#0000000000000000
(1779321686.823921) can0 0000E011#0000000000000000
(1779321686.824882) can0 0000E012#0CD5000100000000
(1779321686.825850) can0 0000E013#4542323630354C43
(1779321686.826876) can0 0000E014#3134323300000000
(1779321686.827895) can0 0000E015#0000000000000003
(1779321686.828894) can0 0000F000#0000000000000000
(1779321686.829894) can0 0000F001#0000000000000000
(1779321686.830888) can0 18FF28F4#10320000020D0000
(1779321686.831888) can0 18FE28F4#0CD60CD540400000
(1779321686.832869) can0 18FD28F4#1702FA6F00000000
(1779321686.833786) can0 4D4#000032007D0D0203
(1779321686.834776) can0 4D5#D50CD60C40400000
(1779321686.835851) can0 18914010#0CD6100CD50C0000
(1779321686.836863) can0 18904010#020D020D753001FB
(1779321686.837888) can0 18924010#4001400100000000
(1779321686.838869) can0 18934010#0000006C0000BC51
(1779321686.839921) can0 18944010#1003000000000000
(1779321686.840902) can0 18954010#0000000000000000
(1779321686.841895) can0 18954010#0100000000000000
(1779321686.842896) can0 18954010#0200000000000000
(1779321686.843895) can0 18954010#0300000000000000
(1779321686.844889) can0 18954010#0400000000000000
(1779321686.845892) can0 18954010#0500000000000000
(1779321686.846880) can0 18964010#0040404000000000
(1779321686.847948) can0 18974010#0000000000000000
(1779321686.848889) can0 18984010#0000000000000000
(1779321686.849857) can0 18FA28F4#123EA12C10270000
(1779321686.850851) can0 18FB28F4#D60CD50C40400000
(1779321686.851883) can0 18FC28F4#383200000D020000
(1779321686.852858) can0 18F810F3#0D02E80332640100
(1779321686.853876) can0 18F811F3#D60C1001D50C0C01
(1779321686.854871) can0 18F812F3#4001014001010000
(1779321686.855896) can0 18F813F3#0101000000000000
(1779321686.856865) can0 18F814F3#3200EA1AA9015F00
(1779321686.857884) can0 18F815F3#0000000010030000
(1779321686.858787) can0 273#000000000D023200
(1779321686.859787) can0 1E1#020D271001FB01FB
(1779321686.860800) can0 1F5#0000000000000000
(1779321686.861892) can0 0800A6A9#0000000000000000
(1779321686.862839) can0 1000A6A9#0D028813324A4A4A
(1779321686.863871) can0 1C00A6A9#0000000000030000
(1779321686.864883) can0 02018100#1003020D00000000
(1779321686.865883) can0 02028100#0000003264000000
(1779321686.866864) can0 02038100#0CD601100CD5010C
(1779321686.867877) can0 02048100#4A01014A01010000
(1779321686.868762) can0 1AD#8914000059321818
(1779321686.869770) can0 2AD#D60C800C89140016
(1779321686.870787) can0 3AD#0000000000008914
(1779321686.871801) can0 4AD#EB00000000000000
(1779321686.872801) can0 76A#7F00000000000000
(1779321686.931415) can0 0000E005#1702440003B60591
(1779321686.931979) can0 1806E5F4#13D2010003B6023A
(1779321686.932861) can0 0000E000#13D213D2020D0000
(1779321686.933862) can0 0000E004#181803B603B601E2
(1779321686.934860) can0 0000E006#0CD60CD60CD60CD6
(1779321686.935856) can0 0000E007#0CD60CD60CD60CD6
(1779321686.936854) can0 0000E008#0CD60CD60CD60CD5
(1779321686.937848) can0 0000E009#0CD60CD60CD60CD6
(1779321686.938895) can0 0000E010#0000000000000000
(1779321686.939893) can0 0000E011#0000000000000000
(1779321686.940874) can0 0000E012#0CD5000100000000
(1779321686.941886) can0 0000F001#0000000000000000
(1779321686.942881) can0 18FF28F4#10320000020D0000
(1779321686.943868) can0 18FE28F4#0CD60CD540400000
(1779321686.944868) can0 18FD28F4#1702FA6F00000000
(1779321686.945785) can0 4D4#000032007D0D0203
(1779321686.946778) can0 4D5#D50CD60C40400000
(1779321686.947855) can0 18914010#0CD6100CD50C0000
(1779321686.948855) can0 18904010#020D020D753001FB
(1779321686.949868) can0 18FA28F4#123EA12C10270000
(1779321686.950844) can0 18FB28F4#D60CD50C40400000
(1779321686.951882) can0 18FC28F4#383200000D020000
(1779321686.952849) can0 18F810F3#0D02E80332640100
(1779321686.953894) can0 18F815F3#0000000010030000
(1779321686.954790) can0 273#000000000D023200
(1779321686.955773) can0 1E1#020D271001FB01FB
(1779321686.956808) can0 1F5#0000000000000000
(1779321686.957884) can0 0800A6A9#0000000000000000
(1779321686.958849) can0 1000A6A9#0D028813324A4A4A
(1779321686.959875) can0 1C00A6A9#0000000000030000
(1779321686.960894) can0 02018100#1003020D00000000
(1779321686.961888) can0 02028100#0000003264000000
(1779321686.962866) can0 02038100#0CD601100CD5010C
(1779321686.963863) can0 02048100#4A01014A01010000
(1779321686.964766) can0 1AD#8914000059321818
(1779321686.965773) can0 2AD#D60C800C89140016
(1779321686.966784) can0 3AD#0000000000008914
(1779321686.967799) can0 4AD#EB00000000000000
(1779321686.968798) can0 76A#7F00000000000000
(1779321687.031419) can0 0000E005#1702440003B60591
(1779321687.031984) can0 1806E5F4#13D2010003B6023A
(1779321687.032859) can0 0000E000#13D213D2020D0000
(1779321687.033859) can0 0000E004#181803B603B601E2
(1779321687.034859) can0 0000E006#0CD60CD60CD60CD6
(1779321687.035848) can0 0000E007#0CD60CD60CD60CD6
(1779321687.036853) can0 0000E008#0CD60CD60CD60CD5
(1779321687.037846) can0 0000E009#0CD60CD60CD60CD6
(1779321687.038897) can0 0000E010#0000000000000000
(1779321687.039886) can0 0000E011#0000000000000000
(1779321687.040872) can0 0000E012#0CD5000100000000
(1779321687.041888) can0 0000F001#0000000000000000
(1779321687.042869) can0 18FF28F4#10320000020D0000
(1779321687.043854) can0 18FE28F4#0CD60CD540400000
(1779321687.044866) can0 18FD28F4#1702FA6F00000000
(1779321687.045776) can0 4D4#000032007D0D0203
(1779321687.046796) can0 4D5#D50CD60C40400000
(1779321687.047856) can0 18914010#0CD6100CD50C0000
(1779321687.048854) can0 18904010#020D020D753001FB
(1779321687.049866) can0 18FA28F4#123EA12C10270000
(1779321687.050847) can0 18FB28F4#D60CD50C40400000
(1779321687.051871) can0 18FC28F4#383200000D020000
(1779321687.052841) can0 18F810F3#0D02E80332640100
(1779321687.053872) can0 18F815F3#0000000010030000
(1779321687.054809) can0 273#000000000D023200
(1779321687.055771) can0 1E1#020D271001FB01FB
(1779321687.056803) can0 1F5#0000000000000000
(1779321687.057880) can0 0800A6A9#0000000000000000
(1779321687.058841) can0 1000A6A9#0D028813324A4A4A
(1779321687.059870) can0 1C00A6A9#0000000000030000
(1779321687.060873) can0 02018100#1003020D00000000
(1779321687.061867) can0 02028100#0000003264000000
(1779321687.062899) can0 02038100#0CD601100CD5010C
(1779321687.063856) can0 02048100#4A01014A01010000
(1779321687.064771) can0 1AD#8914000059321818
(1779321687.065771) can0 2AD#D60C800C89140016
(1779321687.066784) can0 3AD#0000000000008914
(1779321687.067797) can0 4AD#EB00000000000000
(1779321687.068790) can0 76A#7F00000000000000
(1779321687.131462) can0 0000E005#1702440003B60591
(1779321687.132040) can0 1806E5F4#13D2010003B6023A
(1779321687.132852) can0 0000E000#13D213D2020D0000
(1779321687.133851) can0 0000E004#181803B603B601E2
(1779321687.134851) can0 0000E006#0CD60CD60CD50CD6
(1779321687.135853) can0 0000E007#0CD60CD50CD60CD6
(1779321687.136844) can0 0000E008#0CD60CD50CD60CD6
(1779321687.137845) can0 0000E009#0CD60CD60CD60CD6
(1779321687.138890) can0 0000E010#0000000000000000
(1779321687.139922) can0 0000E011#0000000000000000
(1779321687.140871) can0 0000E012#0CD5000100000000
(1779321687.141883) can0 0000F001#0000000000000000
(1779321687.142864) can0 18FF28F4#10320000020D0000
(1779321687.143846) can0 18FE28F4#0CD60CD540400000
(1779321687.144851) can0 18FD28F4#1702FA6F00000000
(1779321687.145775) can0 4D4#000032007D0D0203
(1779321687.146776) can0 4D5#D50CD60C40400000
(1779321687.147884) can0 18914010#0CD6100CD5030000
(1779321687.148845) can0 18904010#020D020D753001FB
(1779321687.149868) can0 18FA28F4#123EA12C10270000
(1779321687.150848) can0 18FB28F4#D60CD50C40400000
(1779321687.151878) can0 18FC28F4#383200000D020000
(1779321687.152839) can0 18F810F3#0D02E80332640100
(1779321687.153884) can0 18F815F3#0000000010030000
(1779321687.154775) can0 273#000000000D023200
(1779321687.155813) can0 1E1#020D271001FB01FB
(1779321687.156791) can0 1F5#0000000000000000
(1779321687.157877) can0 0800A6A9#0000000000000000
(1779321687.158839) can0 1000A6A9#0D028813324A4A4A
(1779321687.159872) can0 1C00A6A9#0000000000030000
(1779321687.160860) can0 02018100#1003020D00000000
(1779321687.161877) can0 02028100#0000003264000000
(1779321687.162858) can0 02038100#0CD601100CD50103
(1779321687.163859) can0 02048100#4A01014A01010000
(1779321687.164776) can0 1AD#8914000059321818
(1779321687.165776) can0 2AD#D60C800C89140016
(1779321687.166775) can0 3AD#0000000000008914
(1779321687.167789) can0 4AD#EB00000000000000
(1779321687.168784) can0 76A#7F00000000000000
(1779321687.231409) can0 0000E005#1702440003B60591
(1779321687.231986) can0 1806E5F4#13D2010003B6023A
(1779321687.232901) can0 0000E000#13D213D2020D0000
(1779321687.233841) can0 0000E004#181803B603B601E2
(1779321687.234846) can0 0000E006#0CD60CD60CD50CD6
(1779321687.235847) can0 0000E007#0CD60CD50CD60CD6
(1779321687.236844) can0 0000E008#0CD60CD50CD60CD6
(1779321687.237837) can0 0000E009#0CD60CD60CD60CD6
(1779321687.238881) can0 0000E010#0000000000000000
(1779321687.239882) can0 0000E011#0000000000000000
(1779321687.240862) can0 0000E012#0CD5000100000000
(1779321687.241871) can0 0000F001#0000000000000000
(1779321687.242875) can0 18FF28F4#10320000020D0000
(1779321687.243856) can0 18FE28F4#0CD60CD540400000
(1779321687.244850) can0 18FD28F4#1702FA6F00000000
(1779321687.245780) can0 4D4#000032007D0D0203
(1779321687.246779) can0 4D5#D50CD60C40400000
(1779321687.247844) can0 18914010#0CD6100CD5030000
(1779321687.248837) can0 18904010#020D020D753001FB
(1779321687.249856) can0 18FA28F4#123EA12C10270000
(1779321687.250837) can0 18FB28F4#D60CD50C40400000
(1779321687.251864) can0 18FC28F4#383200000D020000
(1779321687.252831) can0 18F810F3#0D02E80332640100
(1779321687.253872) can0 18F815F3#0000000010030000
(1779321687.254780) can0 273#000000000D023200
(1779321687.255780) can0 1E1#020D271001FB01FB
(1779321687.256780) can0 1F5#0000000000000000
(1779321687.257857) can0 0800A6A9#0000000000000000
(1779321687.258831) can0 1000A6A9#0D028813324A4A4A
(1779321687.259857) can0 1C00A6A9#0000000000030000
(1779321687.260870) can0 02018100#1003020D00000000
(1779321687.261886) can0 02028100#0000003264000000
(1779321687.262853) can0 02038100#0CD601100CD50103
(1779321687.263864) can0 02048100#4A01014A01010000
(1779321687.264781) can0 1AD#8914000059321818
(1779321687.265780) can0 2AD#D60C800C89140016
(1779321687.266780) can0 3AD#0000000000008914
(1779321687.267781) can0 4AD#EB00000000000000
(1779321687.268780) can0 76A#7F00000000000000
(1779321687.348403) can0 0000E005#1702440003B60591
(1779321687.348967) can0 1806E5F4#13D2010003B6023A
(1779321687.349849) can0 0000E000#13D213D2020D0000
(1779321687.350842) can0 0000E004#181803B603B601E2
(1779321687.351842) can0 0000E006#0CD60CD50CD60CD6
(1779321687.352835) can0 0000E007#0CD60CD60CD60CD6
(1779321687.353835) can0 0000E008#0CD60CD60CD60CD6
(1779321687.354868) can0 0000E009#0CD60CD60CD60CD6
(1779321687.355878) can0 0000E010#0000000000000000
(1779321687.356874) can0 0000E011#0000000000000000
(1779321687.357855) can0 0000E012#0CD5000100000000
(1779321687.358823) can0 0000E013#4542323630354C43
(1779321687.359846) can0 0000E014#3134323300000000
(1779321687.360868) can0 0000E015#0000000000000003
(1779321687.361881) can0 0000F000#0000000000000000
(1779321687.362907) can0 0000F001#0000000000000000
(1779321687.363857) can0 18FF28F4#10320000020D0000
(1779321687.364836) can0 18FE28F4#0CD60CD540400000
(1779321687.365860) can0 18FD28F4#1702FA6F00000000
(1779321687.366788) can0 4D4#000032007D0D0203
(1779321687.367786) can0 4D5#D50CD60C40400000
(1779321687.368843) can0 18914010#0CD6100CD5020000
(1779321687.369836) can0 18904010#020D020D753001FB
(1779321687.370901) can0 18924010#4001400100000000
(1779321687.371848) can0 18934010#0000006D0000BC51
(1779321687.372862) can0 18944010#1003000000000000
(1779321687.373881) can0 18954010#0000000000000000
(1779321687.374875) can0 18954010#0100000000000000
(1779321687.375875) can0 18954010#0200000000000000
(1779321687.376868) can0 18954010#0300000000000000
(1779321687.377868) can0 18954010#0400000000000000
(1779321687.378913) can0 18954010#0500000000000000
(1779321687.379855) can0 18964010#0040404000000000
(1779321687.380875) can0 18974010#0000000000000000
(1779321687.381869) can0 18984010#0000000000000000
(1779321687.382850) can0 18FA28F4#123EA12C10270000
(1779321687.383840) can0 18FB28F4#D60CD50C40400000
(1779321687.384876) can0 18FC28F4#383200000D020000
(1779321687.385837) can0 18F810F3#0D02E80332640100
(1779321687.386850) can0 18F811F3#D60C1001D50C0201
(1779321687.387850) can0 18F812F3#4001014001010000
(1779321687.388875) can0 18F813F3#0101000000000000
(1779321687.389837) can0 18F814F3#3200EA1AA9015F00
(1779321687.390869) can0 18F815F3#0000000010030000
(1779321687.391787) can0 273#000000000D023200
(1779321687.392786) can0 1E1#020D271001FB01FB
(1779321687.393787) can0 1F5#0000000000000000
(1779321687.394863) can0 0800A6A9#0000000000000000
(1779321687.395825) can0 1000A6A9#0D028813324A4A4A
(1779321687.396863) can0 1C00A6A9#0000000000030000
(1779321687.397857) can0 02018100#1003020D00000000
(1779321687.398870) can0 02028100#0000003264000000
(1779321687.399851) can0 02038100#0CD601100CD50102
(1779321687.400850) can0 02048100#4A01014A01010000
(1779321687.401787) can0 1AD#8914000059321818
(1779321687.402787) can0 2AD#D60C800C89140016
(1779321687.403787) can0 3AD#0000000000008914
(1779321687.404787) can0 4AD#EB00000000000000
(1779321687.405787) can0 76A#7F00000000000000
